GeneSet	Regulator	Symbol	CO	PD	PWM_num	PWM_source	PWM_name	rank	p-value	q-value	#hits	hits	PDtargets
1	AT2G36270	ABI5	5	54	PWM2530	JASPAR	MA0931.1	1	4.843966807273058e-15	8.685232485440592e-12	54	AT1G01250,AT1G01470,AT1G09350,AT1G16850,AT1G17210,AT1G19970,AT1G20440,AT1G21790,AT1G27320,AT1G32900,AT1G51140,AT1G56650,AT1G67310,AT1G67850,AT1G69870,AT1G70640,AT1G78070,AT1G80130,AT1G20450,AT2G04350,AT2G22240,AT2G39800,AT2G42540,AT3G11410,AT3G27250,AT3G28007,AT3G46450,AT3G50970,AT3G55580,AT3G56270,AT4G01985,AT4G03200,AT4G12000,AT4G17550,AT4G22880,AT4G34000,AT4G37460,AT5G04250,AT5G15500,AT5G23850,AT5G40800,AT5G42800,AT5G47640,AT5G50240,AT5G55950,AT5G57610,AT5G58340,AT5G58350,AT5G66460,AT5G15970,AT5G43150,AT5G59310,AT5G59320,AT5G15960	AT1G01250,AT1G02400,AT1G16850,AT1G20440,AT1G21790,AT1G27200,AT1G32900,AT1G51140,AT1G58360,AT1G66390,AT1G67310,AT1G69870,AT1G70640,AT1G78070,AT1G78610,AT1G20450,AT2G04350,AT2G23120,AT2G39800,AT2G41190,AT2G45600,AT2G47670,AT3G11410,AT3G16940,AT3G19290,AT3G27250,AT3G46450,AT3G50970,AT3G56270,AT3G62070,AT3G05650,AT4G01985,AT4G03200,AT4G09820,AT4G17550,AT4G24960,AT4G34000,AT4G34280,AT4G01060,AT5G15500,AT5G17850,AT5G23850,AT5G23890,AT5G40800,AT5G47640,AT5G50240,AT5G52310,AT5G57610,AT5G58340,AT5G66460,AT5G15970,AT5G50720,AT5G59320,AT5G15960
1	AT2G36270	ABI5	5	54	PWM957	CisBP	M0257_1.01	2	4.843966807273058e-15	8.685232485440592e-12	54	AT1G01250,AT1G01470,AT1G09350,AT1G16850,AT1G17210,AT1G19970,AT1G20440,AT1G21790,AT1G27320,AT1G32900,AT1G51140,AT1G56650,AT1G67310,AT1G67850,AT1G69870,AT1G70640,AT1G78070,AT1G80130,AT1G20450,AT2G04350,AT2G22240,AT2G39800,AT2G42540,AT3G11410,AT3G27250,AT3G28007,AT3G46450,AT3G50970,AT3G55580,AT3G56270,AT4G01985,AT4G03200,AT4G12000,AT4G17550,AT4G22880,AT4G34000,AT4G37460,AT5G04250,AT5G15500,AT5G23850,AT5G40800,AT5G42800,AT5G47640,AT5G50240,AT5G55950,AT5G57610,AT5G58340,AT5G58350,AT5G66460,AT5G15970,AT5G43150,AT5G59310,AT5G59320,AT5G15960	AT1G01250,AT1G02400,AT1G16850,AT1G20440,AT1G21790,AT1G27200,AT1G32900,AT1G51140,AT1G58360,AT1G66390,AT1G67310,AT1G69870,AT1G70640,AT1G78070,AT1G78610,AT1G20450,AT2G04350,AT2G23120,AT2G39800,AT2G41190,AT2G45600,AT2G47670,AT3G11410,AT3G16940,AT3G19290,AT3G27250,AT3G46450,AT3G50970,AT3G56270,AT3G62070,AT3G05650,AT4G01985,AT4G03200,AT4G09820,AT4G17550,AT4G24960,AT4G34000,AT4G34280,AT4G01060,AT5G15500,AT5G17850,AT5G23850,AT5G23890,AT5G40800,AT5G47640,AT5G50240,AT5G52310,AT5G57610,AT5G58340,AT5G66460,AT5G15970,AT5G50720,AT5G59320,AT5G15960
1	AT2G36270	ABI5	5	54	PWM621	AthaMAP	T04543	14	8.644247586352981e-11	1.1922412247946842e-8	47	AT1G01470,AT1G09350,AT1G16850,AT1G17210,AT1G17550,AT1G19970,AT1G21790,AT1G27910,AT1G32900,AT1G51140,AT1G67310,AT1G67850,AT1G69870,AT1G70640,AT1G78070,AT1G45249,AT2G04350,AT2G22240,AT2G39800,AT2G41190,AT2G42540,AT3G11410,AT3G23840,AT3G27250,AT3G27530,AT3G50970,AT3G55580,AT3G56270,AT4G01985,AT4G03200,AT4G12000,AT4G17550,AT4G24960,AT4G34000,AT4G34280,AT4G01060,AT5G04250,AT5G40800,AT5G47640,AT5G50240,AT5G55950,AT5G57610,AT5G58340,AT5G58350,AT5G66460,AT5G15970,AT5G50720	AT1G01250,AT1G02400,AT1G16850,AT1G20440,AT1G21790,AT1G27200,AT1G32900,AT1G51140,AT1G58360,AT1G66390,AT1G67310,AT1G69870,AT1G70640,AT1G78070,AT1G78610,AT1G20450,AT2G04350,AT2G23120,AT2G39800,AT2G41190,AT2G45600,AT2G47670,AT3G11410,AT3G16940,AT3G19290,AT3G27250,AT3G46450,AT3G50970,AT3G56270,AT3G62070,AT3G05650,AT4G01985,AT4G03200,AT4G09820,AT4G17550,AT4G24960,AT4G34000,AT4G34280,AT4G01060,AT5G15500,AT5G17850,AT5G23850,AT5G23890,AT5G40800,AT5G47640,AT5G50240,AT5G52310,AT5G57610,AT5G58340,AT5G66460,AT5G15970,AT5G50720,AT5G59320,AT5G15960
1	AT2G36270	ABI5	5	54	PWM2904	DAP-seq	ABI5_col	23	1.0691310607837081e-9	8.713418145387221e-8	45	AT1G01470,AT1G09350,AT1G17550,AT1G19970,AT1G21790,AT1G27320,AT1G32900,AT1G51140,AT1G67310,AT1G67850,AT1G69870,AT1G70640,AT1G20450,AT2G04350,AT2G22240,AT2G39800,AT2G41190,AT2G42540,AT3G05030,AT3G16940,AT3G27250,AT3G27530,AT3G45190,AT3G46450,AT3G50970,AT3G56270,AT4G01985,AT4G09820,AT4G17550,AT4G20850,AT4G22880,AT4G34000,AT5G15500,AT5G23890,AT5G40800,AT5G42570,AT5G47640,AT5G50240,AT5G55950,AT5G57610,AT5G58340,AT5G58350,AT5G66460,AT5G15970,AT5G50720	AT1G01250,AT1G02400,AT1G16850,AT1G20440,AT1G21790,AT1G27200,AT1G32900,AT1G51140,AT1G58360,AT1G66390,AT1G67310,AT1G69870,AT1G70640,AT1G78070,AT1G78610,AT1G20450,AT2G04350,AT2G23120,AT2G39800,AT2G41190,AT2G45600,AT2G47670,AT3G11410,AT3G16940,AT3G19290,AT3G27250,AT3G46450,AT3G50970,AT3G56270,AT3G62070,AT3G05650,AT4G01985,AT4G03200,AT4G09820,AT4G17550,AT4G24960,AT4G34000,AT4G34280,AT4G01060,AT5G15500,AT5G17850,AT5G23850,AT5G23890,AT5G40800,AT5G47640,AT5G50240,AT5G52310,AT5G57610,AT5G58340,AT5G66460,AT5G15970,AT5G50720,AT5G59320,AT5G15960
1	AT2G36270	ABI5	5	54	PWM589	AthaMAP	T04543	180	0.000505334122788911	0.005734582798484287	32	AT1G02400,AT1G03380,AT1G09350,AT1G30500,AT1G33230,AT1G51140,AT1G67310,AT1G70640,AT1G78070,AT2G21620,AT2G23120,AT2G41190,AT3G19190,AT3G19290,AT3G23840,AT3G27250,AT3G28007,AT3G55580,AT4G01985,AT4G09820,AT4G20850,AT4G34000,AT5G10940,AT5G43880,AT5G50240,AT5G55950,AT5G56290,AT5G57610,AT5G15970,AT5G50720,AT5G59310,AT5G59320	AT1G01250,AT1G02400,AT1G16850,AT1G20440,AT1G21790,AT1G27200,AT1G32900,AT1G51140,AT1G58360,AT1G66390,AT1G67310,AT1G69870,AT1G70640,AT1G78070,AT1G78610,AT1G20450,AT2G04350,AT2G23120,AT2G39800,AT2G41190,AT2G45600,AT2G47670,AT3G11410,AT3G16940,AT3G19290,AT3G27250,AT3G46450,AT3G50970,AT3G56270,AT3G62070,AT3G05650,AT4G01985,AT4G03200,AT4G09820,AT4G17550,AT4G24960,AT4G34000,AT4G34280,AT4G01060,AT5G15500,AT5G17850,AT5G23850,AT5G23890,AT5G40800,AT5G47640,AT5G50240,AT5G52310,AT5G57610,AT5G58340,AT5G66460,AT5G15970,AT5G50720,AT5G59320,AT5G15960
1	AT2G36270	ABI5	5	54	PWM719	AthaMAP	T04543	269	0.004316025340576402	0.033356178601954695	29	AT1G02400,AT1G16850,AT1G17550,AT1G24190,AT1G26830,AT1G27320,AT1G27910,AT1G32900,AT1G36160,AT1G67850,AT1G68570,AT1G71710,AT1G78070,AT1G80130,AT2G21620,AT2G22240,AT2G45600,AT3G15350,AT3G45190,AT3G62070,AT3G16360,AT4G20850,AT4G01060,AT5G56290,AT5G58340,AT5G58350,AT5G15970,AT5G21326,AT5G15960	AT1G01250,AT1G02400,AT1G16850,AT1G20440,AT1G21790,AT1G27200,AT1G32900,AT1G51140,AT1G58360,AT1G66390,AT1G67310,AT1G69870,AT1G70640,AT1G78070,AT1G78610,AT1G20450,AT2G04350,AT2G23120,AT2G39800,AT2G41190,AT2G45600,AT2G47670,AT3G11410,AT3G16940,AT3G19290,AT3G27250,AT3G46450,AT3G50970,AT3G56270,AT3G62070,AT3G05650,AT4G01985,AT4G03200,AT4G09820,AT4G17550,AT4G24960,AT4G34000,AT4G34280,AT4G01060,AT5G15500,AT5G17850,AT5G23850,AT5G23890,AT5G40800,AT5G47640,AT5G50240,AT5G52310,AT5G57610,AT5G58340,AT5G66460,AT5G15970,AT5G50720,AT5G59320,AT5G15960
1	AT4G25470	ATCBF2	14	0	PWM2779	DAP-seq	CBF2_col	3	9.262826321490401e-14	5.536082531477429e-11	52	AT1G01470,AT1G09350,AT1G16850,AT1G20440,AT1G21790,AT1G27200,AT1G27320,AT1G27910,AT1G29400,AT1G33230,AT1G43890,AT1G47710,AT1G51090,AT1G64890,AT1G67310,AT1G68570,AT1G69790,AT1G69870,AT1G70640,AT1G75370,AT1G76580,AT1G78070,AT1G80130,AT1G20450,AT3G05660,AT2G41190,AT2G42530,AT2G42540,AT3G19290,AT3G23840,AT3G29590,AT3G50970,AT3G05650,AT4G01985,AT4G12000,AT4G17550,AT4G18280,AT4G21940,AT4G24960,AT4G01060,AT5G13200,AT5G15020,AT5G40800,AT5G42570,AT5G43880,AT5G50240,AT5G52310,AT5G15970,AT5G50720,AT5G59310,AT5G59320,AT5G15960	
1	AT4G25470	ATCBF2	14	0	PWM2584	JASPAR	MA0985.1	56	3.248609490111926e-7	0.000010401351456733365	40	AT1G09350,AT1G20440,AT1G21790,AT1G27200,AT1G27320,AT1G27910,AT1G29400,AT1G47710,AT1G51090,AT1G64890,AT1G68570,AT1G69790,AT1G70640,AT1G75370,AT1G76580,AT1G78070,AT1G80130,AT1G20450,AT3G05660,AT2G21590,AT2G21620,AT2G42540,AT3G19290,AT3G50970,AT3G55580,AT3G05650,AT4G12000,AT4G18280,AT4G21940,AT4G24960,AT4G38580,AT4G39210,AT5G13200,AT5G15020,AT5G42570,AT5G43880,AT5G52310,AT5G15970,AT5G50720,AT5G15960	
1	AT4G25470	ATCBF2	14	0	PWM1228	CisBP	M0030_1.01	65	9.214833724041486e-7	0.000027536994778677305	39	AT1G09350,AT1G20440,AT1G21790,AT1G27200,AT1G27320,AT1G27910,AT1G29400,AT1G47710,AT1G51090,AT1G64890,AT1G68570,AT1G69790,AT1G70640,AT1G75370,AT1G76580,AT1G78070,AT1G80130,AT1G20450,AT3G05660,AT2G21620,AT2G42540,AT3G19290,AT3G50970,AT3G55580,AT3G05650,AT4G12000,AT4G18280,AT4G21940,AT4G24960,AT4G38580,AT4G39210,AT5G13200,AT5G15020,AT5G42570,AT5G43880,AT5G52310,AT5G15970,AT5G50720,AT5G15960	
1	AT4G25470	ATCBF2	14	0	PWM723	AGRIS		90	0.0000025252217607989915	0.000059575297593586734	38	AT1G01250,AT1G09350,AT1G16850,AT1G20440,AT1G21790,AT1G27320,AT1G27910,AT1G29400,AT1G36160,AT1G47710,AT1G64890,AT1G68570,AT1G69790,AT1G69870,AT1G75370,AT1G78070,AT1G80130,AT1G20450,AT2G42530,AT2G42540,AT3G27250,AT3G55580,AT4G12000,AT4G24960,AT4G38580,AT4G39210,AT5G13200,AT5G15020,AT5G40800,AT5G42570,AT5G43880,AT5G52310,AT5G56290,AT5G15970,AT5G50720,AT5G59310,AT5G59320,AT5G15960	
1	AT4G25470	ATCBF2	14	0	PWM35	AthaMAP	T04824	105	0.0000066826170527667814	0.0001288379825334499	37	AT1G09350,AT1G20440,AT1G21790,AT1G27320,AT1G29400,AT1G32900,AT1G56650,AT1G58360,AT1G64890,AT1G66390,AT1G68570,AT1G69870,AT1G78070,AT1G20450,AT1G45249,AT3G16940,AT3G23840,AT3G50970,AT4G03200,AT4G12000,AT4G20850,AT4G21940,AT4G24960,AT4G35290,AT4G37460,AT4G39210,AT5G04250,AT5G13560,AT5G28910,AT5G43880,AT5G52310,AT5G66460,AT5G15970,AT5G43150,AT5G59310,AT5G59320,AT5G15960	
1	AT1G49720	ABF1	34	38	PWM974	CisBP	M0254_1.01	4	9.262826321490401e-14	5.536082531477429e-11	52	AT1G01250,AT1G01470,AT1G09350,AT1G16850,AT1G17210,AT1G17550,AT1G20440,AT1G27320,AT1G32900,AT1G51140,AT1G56650,AT1G61800,AT1G67310,AT1G67850,AT1G68570,AT1G69870,AT1G70640,AT1G78070,AT1G80130,AT1G20450,AT2G04350,AT2G22240,AT2G23120,AT2G42540,AT3G05030,AT3G16940,AT3G27250,AT3G27530,AT3G28007,AT3G50970,AT3G55580,AT3G56270,AT4G01985,AT4G03200,AT4G12000,AT4G17550,AT4G24960,AT4G34000,AT4G37460,AT5G15500,AT5G40800,AT5G42800,AT5G47640,AT5G50240,AT5G55950,AT5G57610,AT5G66460,AT5G15970,AT5G43150,AT5G59310,AT5G59320,AT5G15960	AT1G01470,AT1G02400,AT1G20440,AT1G21790,AT1G27200,AT1G51140,AT1G67310,AT1G75370,AT1G78070,AT1G20450,AT2G23120,AT2G39800,AT2G45600,AT3G11410,AT3G15350,AT3G19290,AT3G27250,AT3G46450,AT3G56270,AT4G03200,AT4G12000,AT4G17550,AT4G24960,AT4G34000,AT4G34280,AT4G01060,AT5G23850,AT5G40800,AT5G47640,AT5G50240,AT5G52310,AT5G57610,AT5G58340,AT5G66460,AT5G15970,AT5G43150,AT5G50720,AT5G59320
1	AT1G49720	ABF1	34	38	PWM326	AGRIS		89	0.0000025252217607989915	0.000059575297593586734	38	AT1G09350,AT1G17210,AT1G27320,AT1G32900,AT1G51140,AT1G56650,AT1G67310,AT1G67850,AT1G70640,AT1G78070,AT1G80130,AT1G20450,AT2G04350,AT2G22240,AT2G23120,AT2G39800,AT2G42530,AT2G42540,AT3G11410,AT3G27250,AT3G27530,AT3G50970,AT3G55580,AT3G56270,AT4G01985,AT4G12000,AT4G24960,AT4G34000,AT5G15500,AT5G40800,AT5G42800,AT5G47640,AT5G50240,AT5G55950,AT5G57610,AT5G66460,AT5G15970,AT5G15960	AT1G01470,AT1G02400,AT1G20440,AT1G21790,AT1G27200,AT1G51140,AT1G67310,AT1G75370,AT1G78070,AT1G20450,AT2G23120,AT2G39800,AT2G45600,AT3G11410,AT3G15350,AT3G19290,AT3G27250,AT3G46450,AT3G56270,AT4G03200,AT4G12000,AT4G17550,AT4G24960,AT4G34000,AT4G34280,AT4G01060,AT5G23850,AT5G40800,AT5G47640,AT5G50240,AT5G52310,AT5G57610,AT5G58340,AT5G66460,AT5G15970,AT5G43150,AT5G50720,AT5G59320
1	AT1G49720	ABF1	34	38	PWM1495	CisBP	M2233_1.01	127	0.00004206834103748149	0.0006034282838416345	35	AT1G01470,AT1G09350,AT1G17550,AT1G20440,AT1G21790,AT1G27320,AT1G32900,AT1G51140,AT1G66390,AT1G70640,AT1G78070,AT1G20450,AT2G04350,AT2G22240,AT2G42540,AT3G27250,AT3G27530,AT3G46450,AT3G56270,AT4G01985,AT4G03200,AT4G12000,AT4G17550,AT4G20850,AT4G34000,AT4G34280,AT4G35290,AT5G04250,AT5G15500,AT5G40800,AT5G47640,AT5G50240,AT5G15970,AT5G59310,AT5G59320	AT1G01470,AT1G02400,AT1G20440,AT1G21790,AT1G27200,AT1G51140,AT1G67310,AT1G75370,AT1G78070,AT1G20450,AT2G23120,AT2G39800,AT2G45600,AT3G11410,AT3G15350,AT3G19290,AT3G27250,AT3G46450,AT3G56270,AT4G03200,AT4G12000,AT4G17550,AT4G24960,AT4G34000,AT4G34280,AT4G01060,AT5G23850,AT5G40800,AT5G47640,AT5G50240,AT5G52310,AT5G57610,AT5G58340,AT5G66460,AT5G15970,AT5G43150,AT5G50720,AT5G59320
1	AT1G49720	ABF1	34	38	PWM2170	JASPAR	MA0570.1	147	0.00022900828412920305	0.0028714115625430845	33	AT1G01470,AT1G09350,AT1G20440,AT1G21790,AT1G27320,AT1G32900,AT1G51140,AT1G66390,AT1G70640,AT1G78070,AT1G20450,AT2G04350,AT2G22240,AT2G42540,AT3G27250,AT3G27530,AT3G46450,AT3G56270,AT4G01985,AT4G03200,AT4G12000,AT4G17550,AT4G20850,AT4G34000,AT4G34280,AT4G35290,AT5G15500,AT5G40800,AT5G47640,AT5G50240,AT5G15970,AT5G59310,AT5G59320	AT1G01470,AT1G02400,AT1G20440,AT1G21790,AT1G27200,AT1G51140,AT1G67310,AT1G75370,AT1G78070,AT1G20450,AT2G23120,AT2G39800,AT2G45600,AT3G11410,AT3G15350,AT3G19290,AT3G27250,AT3G46450,AT3G56270,AT4G03200,AT4G12000,AT4G17550,AT4G24960,AT4G34000,AT4G34280,AT4G01060,AT5G23850,AT5G40800,AT5G47640,AT5G50240,AT5G52310,AT5G57610,AT5G58340,AT5G66460,AT5G15970,AT5G43150,AT5G50720,AT5G59320
1	AT4G25490	ATCBF1	0	na	PWM2777	DAP-seq	CBF1_col	5	3.8694789146678095e-13	1.3875951387998763e-10	51	AT1G01470,AT1G09350,AT1G16850,AT1G20440,AT1G21790,AT1G27200,AT1G27320,AT1G27910,AT1G29400,AT1G33230,AT1G43890,AT1G47710,AT1G51090,AT1G64890,AT1G67310,AT1G68570,AT1G69790,AT1G69870,AT1G70640,AT1G75370,AT1G76580,AT1G78070,AT1G80130,AT1G20450,AT3G05660,AT2G23120,AT2G41190,AT2G42530,AT2G42540,AT3G19290,AT3G23840,AT3G29590,AT3G50970,AT3G05650,AT4G01985,AT4G12000,AT4G17550,AT4G21940,AT4G24960,AT4G37460,AT5G13200,AT5G15020,AT5G23850,AT5G42570,AT5G43880,AT5G52310,AT5G15970,AT5G43150,AT5G50720,AT5G59310,AT5G15960	na
1	AT4G25490	ATCBF1	0	na	PWM1541	CisBP	M0031_1.01	27	3.5826222049715975e-9	2.5694566454056296e-7	44	AT1G01470,AT1G09350,AT1G16850,AT1G20440,AT1G21790,AT1G27200,AT1G27320,AT1G27910,AT1G29400,AT1G33230,AT1G47710,AT1G51090,AT1G64890,AT1G67310,AT1G69790,AT1G69870,AT1G70640,AT1G75370,AT1G76580,AT1G78070,AT1G80130,AT1G20450,AT3G05660,AT2G41190,AT2G42530,AT2G42540,AT3G19290,AT3G23840,AT3G29590,AT3G50970,AT4G01985,AT4G12000,AT4G18280,AT4G21940,AT4G24960,AT4G38580,AT5G13200,AT5G15020,AT5G40800,AT5G42570,AT5G43880,AT5G52310,AT5G54060,AT5G50720	na
1	AT4G25490	ATCBF1	0	na	PWM36	AthaMAP	T02636	123	0.000017069985661561724	0.0002684779323787734	36	AT1G09350,AT1G20440,AT1G21790,AT1G27320,AT1G29400,AT1G32900,AT1G56650,AT1G58360,AT1G64890,AT1G68570,AT1G69870,AT1G78070,AT1G20450,AT1G45249,AT3G16940,AT3G23840,AT3G50970,AT4G03200,AT4G12000,AT4G20850,AT4G21940,AT4G24960,AT4G35290,AT4G37460,AT4G39210,AT5G04250,AT5G13560,AT5G28910,AT5G43880,AT5G52310,AT5G66460,AT5G15970,AT5G43150,AT5G59310,AT5G59320,AT5G15960	na
1	AT1G03970	GBF4	1	0	PWM994	CisBP	M0319_1.01	6	3.8694789146678095e-13	1.3875951387998763e-10	51	AT1G01470,AT1G02400,AT1G09350,AT1G17210,AT1G19970,AT1G21790,AT1G27320,AT1G32900,AT1G51140,AT1G56650,AT1G67310,AT1G67850,AT1G70640,AT1G78070,AT1G80130,AT1G20450,AT2G04350,AT2G22240,AT2G23120,AT2G39800,AT2G42530,AT2G42540,AT3G05030,AT3G27250,AT3G46450,AT3G50970,AT3G56270,AT4G01985,AT4G03200,AT4G12000,AT4G17550,AT4G22880,AT4G24960,AT4G34000,AT4G37460,AT5G04250,AT5G23850,AT5G40800,AT5G42800,AT5G47640,AT5G50240,AT5G55950,AT5G57610,AT5G58340,AT5G58350,AT5G66460,AT5G15970,AT5G43150,AT5G59310,AT5G59320,AT5G15960	
1	AT5G44080	AT5G44080	0	0	PWM995	CisBP	M0319_1.01	7	3.8694789146678095e-13	1.3875951387998763e-10	51	AT1G01470,AT1G02400,AT1G09350,AT1G17210,AT1G19970,AT1G21790,AT1G27320,AT1G32900,AT1G51140,AT1G56650,AT1G67310,AT1G67850,AT1G70640,AT1G78070,AT1G80130,AT1G20450,AT2G04350,AT2G22240,AT2G23120,AT2G39800,AT2G42530,AT2G42540,AT3G05030,AT3G27250,AT3G46450,AT3G50970,AT3G56270,AT4G01985,AT4G03200,AT4G12000,AT4G17550,AT4G22880,AT4G24960,AT4G34000,AT4G37460,AT5G04250,AT5G23850,AT5G40800,AT5G42800,AT5G47640,AT5G50240,AT5G55950,AT5G57610,AT5G58340,AT5G58350,AT5G66460,AT5G15970,AT5G43150,AT5G59310,AT5G59320,AT5G15960	
1	AT4G25480	ATCBF3	23	0	PWM2781	DAP-seq	CBF3_col	8	1.5674863710986072e-12	3.5131288292247533e-10	50	AT1G01470,AT1G09350,AT1G16850,AT1G20440,AT1G21790,AT1G26830,AT1G27200,AT1G27320,AT1G27910,AT1G29400,AT1G33230,AT1G43890,AT1G47710,AT1G51090,AT1G56650,AT1G64890,AT1G67310,AT1G68570,AT1G69790,AT1G69870,AT1G70640,AT1G75370,AT1G76580,AT1G78070,AT1G80130,AT1G20450,AT3G05660,AT2G23120,AT2G41190,AT2G42540,AT3G23840,AT3G29590,AT3G50970,AT3G05650,AT4G01985,AT4G12000,AT4G17550,AT4G18280,AT4G21940,AT4G24960,AT4G37460,AT4G38580,AT5G13200,AT5G13560,AT5G40800,AT5G42570,AT5G43880,AT5G52310,AT5G50720,AT5G59310	
1	AT4G25480	ATCBF3	23	0	PWM1540	CisBP	M0031_1.01	17	3.08908355396573e-10	3.4617042576628464e-8	46	AT1G09350,AT1G16850,AT1G20440,AT1G21790,AT1G27200,AT1G27320,AT1G27910,AT1G29400,AT1G43890,AT1G47710,AT1G51090,AT1G64890,AT1G67310,AT1G69790,AT1G69870,AT1G70640,AT1G75370,AT1G76580,AT1G78070,AT1G80130,AT1G20450,AT2G21620,AT2G41190,AT2G42530,AT2G45600,AT2G42540,AT3G19290,AT3G23840,AT3G29590,AT3G50970,AT4G01985,AT4G12000,AT4G17550,AT4G18280,AT4G21940,AT4G24960,AT4G38580,AT5G13200,AT5G15020,AT5G42570,AT5G43880,AT5G52310,AT5G15970,AT5G43150,AT5G50720,AT5G15960	
1	AT4G25480	ATCBF3	23	0	PWM2570	JASPAR	MA0971.1	19	3.08908355396573e-10	3.4617042576628464e-8	46	AT1G09350,AT1G16850,AT1G20440,AT1G21790,AT1G27200,AT1G27320,AT1G27910,AT1G29400,AT1G43890,AT1G47710,AT1G51090,AT1G64890,AT1G67310,AT1G69790,AT1G69870,AT1G70640,AT1G75370,AT1G76580,AT1G78070,AT1G80130,AT1G20450,AT2G21620,AT2G41190,AT2G42530,AT2G45600,AT2G42540,AT3G19290,AT3G23840,AT3G29590,AT3G50970,AT4G01985,AT4G12000,AT4G17550,AT4G18280,AT4G21940,AT4G24960,AT4G38580,AT5G13200,AT5G15020,AT5G42570,AT5G43880,AT5G52310,AT5G15970,AT5G43150,AT5G50720,AT5G15960	
1	AT4G25480	ATCBF3	23	0	PWM899	CisBP	M0032_1.01	21	3.08908355396573e-10	3.4617042576628464e-8	46	AT1G09350,AT1G16850,AT1G20440,AT1G21790,AT1G27200,AT1G27320,AT1G27910,AT1G29400,AT1G43890,AT1G47710,AT1G51090,AT1G64890,AT1G67310,AT1G69790,AT1G69870,AT1G70640,AT1G75370,AT1G76580,AT1G78070,AT1G80130,AT1G20450,AT2G21620,AT2G41190,AT2G42530,AT2G45600,AT2G42540,AT3G19290,AT3G23840,AT3G29590,AT3G50970,AT4G01985,AT4G12000,AT4G17550,AT4G18280,AT4G21940,AT4G24960,AT4G38580,AT5G13200,AT5G15020,AT5G42570,AT5G43880,AT5G52310,AT5G15970,AT5G43150,AT5G50720,AT5G15960	
1	AT4G25480	ATCBF3	23	0	PWM33	AthaMAP	T02643	104	0.0000066826170527667814	0.0001288379825334499	37	AT1G09350,AT1G20440,AT1G21790,AT1G27320,AT1G29400,AT1G32900,AT1G56650,AT1G58360,AT1G64890,AT1G66390,AT1G68570,AT1G69870,AT1G78070,AT1G20450,AT1G45249,AT3G16940,AT3G23840,AT3G50970,AT4G03200,AT4G12000,AT4G20850,AT4G21940,AT4G24960,AT4G35290,AT4G37460,AT4G39210,AT5G04250,AT5G13560,AT5G28910,AT5G43880,AT5G52310,AT5G66460,AT5G15970,AT5G43150,AT5G59310,AT5G59320,AT5G15960	
1	AT4G25480	ATCBF3	23	0	PWM160	AthaMAP	T02643	240	0.004316025340576402	0.033356178601954695	29	AT1G17210,AT1G21790,AT1G27320,AT1G33230,AT1G47710,AT1G64890,AT1G67850,AT1G69790,AT1G69870,AT1G71710,AT1G76580,AT1G78070,AT1G80130,AT1G20450,AT2G21590,AT3G05030,AT3G11410,AT3G19290,AT3G23840,AT3G55580,AT4G12000,AT5G40800,AT5G42570,AT5G42800,AT5G43880,AT5G52310,AT5G57610,AT5G43150,AT5G50720	
1	AT3G17609	HYH	11	na	PWM1068	CisBP	M2214_1.01	9	6.156051785644149e-12	1.2264223168511066e-9	49	AT1G01470,AT1G09350,AT1G17210,AT1G17550,AT1G19970,AT1G21790,AT1G27320,AT1G32900,AT1G51140,AT1G67310,AT1G67850,AT1G70640,AT1G78070,AT1G78610,AT1G80130,AT1G20450,AT2G04350,AT2G22240,AT2G39800,AT2G42540,AT3G27250,AT3G27530,AT3G46450,AT3G50970,AT3G55580,AT3G56270,AT4G01985,AT4G03200,AT4G12000,AT4G17550,AT4G24960,AT4G34000,AT4G34280,AT5G04250,AT5G23850,AT5G40800,AT5G42800,AT5G47640,AT5G50240,AT5G55950,AT5G57610,AT5G58340,AT5G58350,AT5G66460,AT5G15970,AT5G43150,AT5G59310,AT5G59320,AT5G15960	na
1	AT1G75080	BZR1	0	na	PWM2150	JASPAR	MA0550.1	10	6.156051785644149e-12	1.2264223168511066e-9	49	AT1G01250,AT1G01470,AT1G09350,AT1G17210,AT1G19970,AT1G27320,AT1G29400,AT1G32900,AT1G51140,AT1G56650,AT1G64890,AT1G67310,AT1G67850,AT1G69870,AT1G70640,AT1G78070,AT1G80130,AT1G20450,AT2G04350,AT2G22240,AT2G39800,AT2G42530,AT2G42540,AT3G16940,AT3G27250,AT3G27530,AT3G46450,AT3G50970,AT3G56270,AT4G01985,AT4G12000,AT4G17550,AT4G24960,AT4G34000,AT4G37460,AT5G04250,AT5G15020,AT5G23850,AT5G40800,AT5G42800,AT5G47640,AT5G50240,AT5G57610,AT5G66460,AT5G15970,AT5G43150,AT5G59310,AT5G59320,AT5G15960	na
1	AT1G75080	BZR1	0	na	PWM1390	CisBP	M2213_1.01	13	8.644247586352981e-11	1.1922412247946842e-8	47	AT1G01250,AT1G01470,AT1G09350,AT1G17210,AT1G19970,AT1G27320,AT1G29400,AT1G32900,AT1G51140,AT1G67310,AT1G67850,AT1G69870,AT1G70640,AT1G78070,AT1G80130,AT1G20450,AT2G04350,AT2G22240,AT2G39800,AT2G42530,AT2G42540,AT3G16940,AT3G27250,AT3G27530,AT3G46450,AT3G50970,AT3G56270,AT4G01985,AT4G12000,AT4G17550,AT4G24960,AT4G34000,AT4G37460,AT5G04250,AT5G15020,AT5G23850,AT5G40800,AT5G42800,AT5G47640,AT5G50240,AT5G57610,AT5G66460,AT5G15970,AT5G43150,AT5G59310,AT5G59320,AT5G15960	na
1	AT1G75080	BZR1	0	na	PWM2960	DAP-seq	BZR1_col	139	0.00009997726991183422	0.0013377555593426774	34	AT1G01470,AT1G17210,AT1G19970,AT1G27320,AT1G47710,AT1G51140,AT1G67850,AT1G69870,AT1G70640,AT1G80130,AT2G04350,AT2G39800,AT2G42530,AT3G15350,AT3G27530,AT3G29590,AT3G46450,AT3G50970,AT3G56270,AT3G62070,AT4G01985,AT4G03200,AT4G17550,AT4G24960,AT4G37460,AT5G04250,AT5G10940,AT5G23850,AT5G40800,AT5G42800,AT5G52310,AT5G43150,AT5G59310,AT5G59320	na
1	AT5G11260	HY5	1	0	PWM2151	JASPAR	MA0551.1	11	2.343398996867672e-11	3.8197403648943055e-9	48	AT1G01470,AT1G09350,AT1G17210,AT1G17550,AT1G19970,AT1G21790,AT1G27320,AT1G32900,AT1G51140,AT1G67310,AT1G67850,AT1G70640,AT1G78070,AT1G78610,AT1G80130,AT1G20450,AT2G04350,AT2G22240,AT2G39800,AT2G42540,AT3G27250,AT3G27530,AT3G46450,AT3G50970,AT3G55580,AT3G56270,AT4G01985,AT4G03200,AT4G12000,AT4G17550,AT4G24960,AT4G34000,AT4G34280,AT5G04250,AT5G23850,AT5G40800,AT5G42800,AT5G47640,AT5G50240,AT5G55950,AT5G57610,AT5G58340,AT5G58350,AT5G66460,AT5G15970,AT5G59310,AT5G59320,AT5G15960	
1	AT5G11260	HY5	1	0	PWM623	AthaMAP	T10638	20	3.08908355396573e-10	3.4617042576628464e-8	46	AT1G01470,AT1G09350,AT1G16850,AT1G17210,AT1G17550,AT1G19970,AT1G21790,AT1G27910,AT1G32900,AT1G51140,AT1G67310,AT1G67850,AT1G69870,AT1G70640,AT1G45249,AT2G04350,AT2G22240,AT2G39800,AT2G41190,AT2G42540,AT3G11410,AT3G23840,AT3G27250,AT3G27530,AT3G50970,AT3G55580,AT3G56270,AT4G01985,AT4G03200,AT4G12000,AT4G17550,AT4G24960,AT4G34000,AT4G34280,AT4G01060,AT5G04250,AT5G40800,AT5G47640,AT5G50240,AT5G55950,AT5G57610,AT5G58340,AT5G58350,AT5G66460,AT5G15970,AT5G50720	
1	AT5G11260	HY5	1	0	PWM336	AthaMAP	T10638	75	9.214833724041486e-7	0.000027536994778677305	39	AT1G09350,AT1G17210,AT1G20440,AT1G27320,AT1G32900,AT1G51140,AT1G58360,AT1G67310,AT1G69790,AT1G70640,AT1G75370,AT1G78070,AT1G78610,AT1G45249,AT2G22240,AT2G41190,AT2G42540,AT3G11410,AT3G19290,AT3G23840,AT3G27250,AT3G27530,AT3G28007,AT3G50970,AT3G56270,AT4G01985,AT4G12000,AT4G24450,AT4G34000,AT4G34280,AT4G37460,AT5G15500,AT5G40800,AT5G42800,AT5G50240,AT5G55950,AT5G57610,AT5G15970,AT5G15960	
1	AT5G11260	HY5	1	0	PWM698	AthaMAP	T10638	124	0.000017069985661561724	0.0002684779323787734	36	AT1G01470,AT1G09350,AT1G17210,AT1G19970,AT1G27320,AT1G36160,AT1G51140,AT1G64890,AT1G67310,AT1G69870,AT1G70640,AT1G78070,AT1G80130,AT1G20450,AT2G04350,AT2G42540,AT3G05030,AT3G19190,AT3G19290,AT3G27250,AT3G27530,AT3G28007,AT4G12000,AT4G34000,AT4G34280,AT5G04250,AT5G15500,AT5G19470,AT5G42800,AT5G50240,AT5G57610,AT5G58340,AT5G58350,AT5G66460,AT5G15970,AT5G15960	
1	AT5G11260	HY5	1	0	PWM223	AthaMAP	T10638	244	0.004316025340576402	0.033356178601954695	29	AT1G01470,AT1G17210,AT1G19970,AT1G20440,AT1G26830,AT1G32900,AT1G47710,AT1G51140,AT1G67310,AT1G67850,AT1G70640,AT1G75370,AT2G04350,AT2G22240,AT3G11410,AT3G27250,AT3G27530,AT3G50970,AT3G56270,AT3G62070,AT4G34000,AT5G04250,AT5G10940,AT5G40800,AT5G57610,AT5G58340,AT5G58350,AT5G66460,AT5G50720	
1	AT5G51990	CBF4	2	0	PWM2783	DAP-seq	CBF4_col	12	2.343398996867672e-11	3.8197403648943055e-9	48	AT1G01470,AT1G09350,AT1G16850,AT1G20440,AT1G21790,AT1G27200,AT1G27320,AT1G27910,AT1G29400,AT1G33230,AT1G43890,AT1G47710,AT1G51090,AT1G64890,AT1G67310,AT1G68570,AT1G69790,AT1G69870,AT1G70640,AT1G75370,AT1G76580,AT1G78070,AT1G80130,AT1G20450,AT3G05660,AT2G41190,AT2G42530,AT2G42540,AT3G19290,AT3G23840,AT3G50970,AT3G05650,AT4G01985,AT4G12000,AT4G18280,AT4G21940,AT4G24960,AT4G38580,AT5G13200,AT5G15020,AT5G23850,AT5G42570,AT5G43880,AT5G52310,AT5G15970,AT5G50720,AT5G59310,AT5G15960	
1	AT5G51990	CBF4	2	0	PWM1542	CisBP	M0031_1.01	28	3.5826222049715975e-9	2.5694566454056296e-7	44	AT1G01470,AT1G09350,AT1G16850,AT1G20440,AT1G21790,AT1G27200,AT1G27320,AT1G27910,AT1G29400,AT1G33230,AT1G47710,AT1G51090,AT1G64890,AT1G67310,AT1G69790,AT1G69870,AT1G70640,AT1G75370,AT1G76580,AT1G78070,AT1G80130,AT1G20450,AT3G05660,AT2G41190,AT2G42530,AT2G42540,AT3G19290,AT3G23840,AT3G29590,AT3G50970,AT4G01985,AT4G12000,AT4G18280,AT4G21940,AT4G24960,AT4G38580,AT5G13200,AT5G15020,AT5G40800,AT5G42570,AT5G43880,AT5G52310,AT5G54060,AT5G50720	
1	AT1G32640	ATMYC2	2	0	PWM622	AthaMAP	T05620	15	8.644247586352981e-11	1.1922412247946842e-8	47	AT1G01470,AT1G09350,AT1G16850,AT1G17210,AT1G17550,AT1G19970,AT1G21790,AT1G27910,AT1G32900,AT1G51140,AT1G67310,AT1G67850,AT1G69870,AT1G70640,AT1G78070,AT1G45249,AT2G04350,AT2G22240,AT2G39800,AT2G41190,AT2G42540,AT3G11410,AT3G23840,AT3G27250,AT3G27530,AT3G50970,AT3G55580,AT3G56270,AT4G01985,AT4G03200,AT4G12000,AT4G17550,AT4G24960,AT4G34000,AT4G34280,AT4G01060,AT5G04250,AT5G40800,AT5G47640,AT5G50240,AT5G55950,AT5G57610,AT5G58340,AT5G58350,AT5G66460,AT5G15970,AT5G50720	
1	AT1G32640	ATMYC2	2	0	PWM571	AthaMAP	T05620	230	0.002194990046236834	0.01883070408087389	30	AT1G01250,AT1G01470,AT1G07990,AT1G16850,AT1G19630,AT1G20440,AT1G27320,AT1G51140,AT1G58360,AT1G76580,AT1G80130,AT2G21590,AT3G15350,AT3G19290,AT3G27250,AT3G27530,AT3G28007,AT3G46450,AT4G01985,AT4G03200,AT4G09820,AT4G12000,AT4G18280,AT4G01060,AT5G40800,AT5G52310,AT5G54060,AT5G21326,AT5G59310,AT5G59320	
1	AT4G36730	AtGBF1	2	0	PWM1292	CisBP	M0264_1.01	16	3.08908355396573e-10	3.4617042576628464e-8	46	AT1G01250,AT1G09350,AT1G20440,AT1G27320,AT1G29400,AT1G47710,AT1G51140,AT1G64890,AT1G67310,AT1G67850,AT1G69870,AT1G70640,AT1G71710,AT1G78070,AT1G20450,AT2G04350,AT2G22240,AT2G42540,AT3G11410,AT3G16940,AT3G27250,AT3G27530,AT3G45190,AT3G50970,AT3G55580,AT3G56270,AT3G62070,AT4G12000,AT4G17550,AT4G20850,AT4G24960,AT4G34000,AT4G39210,AT5G13560,AT5G15500,AT5G23890,AT5G42800,AT5G47640,AT5G50240,AT5G55950,AT5G57610,AT5G15970,AT5G50720,AT5G59310,AT5G59320,AT5G15960	
1	AT2G43010	AtPIF4	5	22	PWM2161	JASPAR	MA0561.1	18	3.08908355396573e-10	3.4617042576628464e-8	46	AT1G02400,AT1G09350,AT1G17210,AT1G19970,AT1G27320,AT1G32900,AT1G51140,AT1G64890,AT1G67310,AT1G67850,AT1G69870,AT1G70640,AT1G78070,AT1G80130,AT1G20450,AT2G04350,AT2G22240,AT2G39800,AT2G42530,AT2G42540,AT3G05030,AT3G11410,AT3G27250,AT3G27530,AT3G28007,AT3G50970,AT3G56270,AT4G01985,AT4G03200,AT4G12000,AT4G24960,AT4G34000,AT5G15500,AT5G40800,AT5G42800,AT5G47640,AT5G50240,AT5G55950,AT5G57610,AT5G58340,AT5G58350,AT5G66460,AT5G15970,AT5G59310,AT5G59320,AT5G15960	AT1G02400,AT1G16850,AT1G27200,AT1G33230,AT1G36160,AT1G56650,AT1G78070,AT1G20450,AT2G45600,AT3G11410,AT3G46450,AT3G05650,AT4G30790,AT4G34000,AT4G38580,AT4G39210,AT5G10940,AT5G23850,AT5G47640,AT5G57610,AT5G67180,AT5G15970
1	AT2G43010	AtPIF4	5	22	PWM818	CisBP	M2224_1.01	24	1.0691310607837081e-9	8.713418145387221e-8	45	AT1G02400,AT1G09350,AT1G17210,AT1G19970,AT1G27320,AT1G32900,AT1G51140,AT1G64890,AT1G67310,AT1G67850,AT1G69870,AT1G70640,AT1G78070,AT1G80130,AT1G20450,AT2G04350,AT2G22240,AT2G39800,AT2G42530,AT2G42540,AT3G05030,AT3G11410,AT3G27250,AT3G27530,AT3G28007,AT3G50970,AT3G55580,AT3G56270,AT4G01985,AT4G03200,AT4G12000,AT4G24960,AT4G34000,AT5G15500,AT5G40800,AT5G42800,AT5G47640,AT5G50240,AT5G55950,AT5G57610,AT5G66460,AT5G15970,AT5G59310,AT5G59320,AT5G15960	AT1G02400,AT1G16850,AT1G27200,AT1G33230,AT1G36160,AT1G56650,AT1G78070,AT1G20450,AT2G45600,AT3G11410,AT3G46450,AT3G05650,AT4G30790,AT4G34000,AT4G38580,AT4G39210,AT5G10940,AT5G23850,AT5G47640,AT5G57610,AT5G67180,AT5G15970
1	AT1G59750	ARF1	0	0	PWM2541	JASPAR	MA0942.1	22	1.0691310607837081e-9	8.713418145387221e-8	45	AT1G01470,AT1G09350,AT1G16850,AT1G20440,AT1G21790,AT1G27200,AT1G27320,AT1G27910,AT1G29400,AT1G47710,AT1G51090,AT1G64890,AT1G68570,AT1G69790,AT1G69870,AT1G75370,AT1G76580,AT1G78070,AT1G80130,AT1G20450,AT1G45249,AT3G05660,AT2G21620,AT2G41190,AT2G42540,AT3G23840,AT3G28007,AT3G50970,AT3G56270,AT3G05650,AT4G01985,AT4G12000,AT4G18280,AT4G21940,AT4G24960,AT5G13210,AT5G15020,AT5G40800,AT5G42570,AT5G43880,AT5G52310,AT5G43150,AT5G50720,AT5G59310,AT5G59320	
1	AT1G45249	ABF2	10	0	PWM1178	CisBP	M0252_1.01	25	3.5826222049715975e-9	2.5694566454056296e-7	44	AT1G01250,AT1G01470,AT1G16850,AT1G19970,AT1G20440,AT1G21790,AT1G27320,AT1G51140,AT1G67310,AT1G67850,AT1G69870,AT1G70640,AT1G80130,AT1G20450,AT2G04350,AT2G22240,AT2G23120,AT2G42530,AT2G42540,AT3G11410,AT3G27530,AT3G46450,AT3G50970,AT3G56270,AT4G01985,AT4G12000,AT4G17550,AT4G34000,AT4G37460,AT5G04250,AT5G23850,AT5G40800,AT5G42570,AT5G42800,AT5G47640,AT5G54060,AT5G55950,AT5G57610,AT5G66460,AT5G15970,AT5G43150,AT5G59310,AT5G59320,AT5G15960	
1	AT1G45249	ABF2	10	0	PWM2540	JASPAR	MA0941.1	29	3.5826222049715975e-9	2.5694566454056296e-7	44	AT1G01250,AT1G01470,AT1G16850,AT1G19970,AT1G20440,AT1G21790,AT1G27320,AT1G51140,AT1G67310,AT1G67850,AT1G69870,AT1G70640,AT1G80130,AT1G20450,AT2G04350,AT2G22240,AT2G23120,AT2G42530,AT2G42540,AT3G11410,AT3G27530,AT3G46450,AT3G50970,AT3G56270,AT4G01985,AT4G12000,AT4G17550,AT4G34000,AT4G37460,AT5G04250,AT5G23850,AT5G40800,AT5G42570,AT5G42800,AT5G47640,AT5G54060,AT5G55950,AT5G57610,AT5G66460,AT5G15970,AT5G43150,AT5G59310,AT5G59320,AT5G15960	
1	AT1G45249	ABF2	10	0	PWM2903	DAP-seq	ABF2_col	74	9.214833724041486e-7	0.000027536994778677305	39	AT1G09350,AT1G17550,AT1G20440,AT1G21790,AT1G27320,AT1G32900,AT1G51140,AT1G67310,AT1G67850,AT1G69870,AT1G70640,AT1G20450,AT2G04350,AT2G22240,AT2G39800,AT2G42540,AT3G16940,AT3G27250,AT3G27530,AT3G45190,AT3G46450,AT3G50970,AT3G56270,AT4G01985,AT4G09820,AT4G17550,AT4G20850,AT4G34000,AT5G15500,AT5G23890,AT5G40800,AT5G42570,AT5G47640,AT5G50240,AT5G55950,AT5G57610,AT5G66460,AT5G15970,AT5G50720	
1	AT1G45249	ABF2	10	0	PWM654	AthaMAP	T03823	204	0.0010736216390938348	0.010635378999421248	31	AT1G01250,AT1G01470,AT1G07990,AT1G17210,AT1G20440,AT1G24190,AT1G27320,AT1G51140,AT1G61800,AT1G67850,AT1G68570,AT1G75370,AT1G76580,AT1G80130,AT1G20450,AT2G41190,AT3G05030,AT3G11410,AT3G15350,AT3G16940,AT3G23840,AT3G56270,AT4G01985,AT4G03200,AT4G17550,AT4G18280,AT4G37460,AT5G10940,AT5G52310,AT5G57610,AT5G43150	
1	AT1G45249	ABF2	10	0	PWM655	AthaMAP	T03823	205	0.0010736216390938348	0.010635378999421248	31	AT1G01250,AT1G01470,AT1G07990,AT1G17210,AT1G20440,AT1G24190,AT1G27320,AT1G51140,AT1G61800,AT1G67850,AT1G68570,AT1G75370,AT1G76580,AT1G80130,AT1G20450,AT2G41190,AT3G05030,AT3G11410,AT3G15350,AT3G16940,AT3G23840,AT3G56270,AT4G01985,AT4G03200,AT4G17550,AT4G18280,AT4G37460,AT5G10940,AT5G52310,AT5G57610,AT5G43150	
1	AT1G63030	ddf2	0	na	PWM1539	CisBP	M0031_1.01	26	3.5826222049715975e-9	2.5694566454056296e-7	44	AT1G01470,AT1G09350,AT1G16850,AT1G20440,AT1G21790,AT1G27200,AT1G27320,AT1G27910,AT1G29400,AT1G33230,AT1G47710,AT1G51090,AT1G64890,AT1G67310,AT1G69790,AT1G69870,AT1G70640,AT1G75370,AT1G76580,AT1G78070,AT1G80130,AT1G20450,AT3G05660,AT2G41190,AT2G42530,AT2G42540,AT3G19290,AT3G23840,AT3G29590,AT3G50970,AT4G01985,AT4G12000,AT4G18280,AT4G21940,AT4G24960,AT4G38580,AT5G13200,AT5G15020,AT5G40800,AT5G42570,AT5G43880,AT5G52310,AT5G54060,AT5G50720	na
1	AT1G63030	ddf2	0	na	PWM2577	JASPAR	MA0978.1	30	3.5826222049715975e-9	2.5694566454056296e-7	44	AT1G01250,AT1G09350,AT1G16850,AT1G20440,AT1G21790,AT1G27320,AT1G27910,AT1G29400,AT1G47710,AT1G51090,AT1G51140,AT1G58360,AT1G64890,AT1G67310,AT1G67850,AT1G68570,AT1G69790,AT1G70640,AT1G75370,AT1G76580,AT1G78070,AT1G80130,AT1G20450,AT3G05660,AT2G42540,AT3G19290,AT3G50970,AT3G05650,AT4G01985,AT4G12000,AT4G18280,AT4G21940,AT4G24960,AT4G35290,AT5G13200,AT5G15020,AT5G42570,AT5G43880,AT5G52310,AT5G54060,AT5G58350,AT5G15970,AT5G50720,AT5G15960	na
1	AT1G63030	ddf2	0	na	PWM2793	DAP-seq	DDF2_col	49	3.646607472479934e-8	0.0000016345917995391301	42	AT1G09350,AT1G16850,AT1G20440,AT1G21790,AT1G27320,AT1G27910,AT1G29400,AT1G47710,AT1G51090,AT1G58360,AT1G64890,AT1G67850,AT1G68570,AT1G69790,AT1G70640,AT1G75370,AT1G76580,AT1G78070,AT1G80130,AT1G20450,AT3G05660,AT2G42540,AT3G23840,AT3G50970,AT3G05650,AT4G01985,AT4G03200,AT4G12000,AT4G21940,AT4G24960,AT4G35290,AT5G13200,AT5G40800,AT5G42570,AT5G43880,AT5G50240,AT5G52310,AT5G54060,AT5G50720,AT5G59310,AT5G59320,AT5G15960	na
1	AT1G12610	DDF1	1	0	PWM2791	DAP-seq	DDF1_col	31	3.5826222049715975e-9	2.5694566454056296e-7	44	AT1G01470,AT1G09350,AT1G16850,AT1G20440,AT1G21790,AT1G27200,AT1G27320,AT1G27910,AT1G29400,AT1G33230,AT1G43890,AT1G47710,AT1G51090,AT1G58360,AT1G64890,AT1G67310,AT1G67850,AT1G68570,AT1G69790,AT1G70640,AT1G75370,AT1G76580,AT1G78070,AT1G80130,AT1G20450,AT3G05660,AT2G42540,AT3G23840,AT3G50970,AT3G05650,AT4G01985,AT4G03200,AT4G12000,AT4G21940,AT4G24960,AT4G35290,AT5G13200,AT5G40800,AT5G42570,AT5G43880,AT5G50240,AT5G52310,AT5G54060,AT5G50720	
1	AT1G12610	DDF1	1	0	PWM1566	PBM		67	9.214833724041486e-7	0.000027536994778677305	39	AT1G09350,AT1G16850,AT1G20440,AT1G21790,AT1G27320,AT1G27910,AT1G29400,AT1G47710,AT1G51090,AT1G58360,AT1G64890,AT1G67310,AT1G67850,AT1G68570,AT1G69790,AT1G70640,AT1G75370,AT1G76580,AT1G78070,AT1G80130,AT1G20450,AT2G42540,AT3G19290,AT3G50970,AT4G01985,AT4G12000,AT4G21940,AT4G24960,AT4G35290,AT5G13200,AT5G15020,AT5G42570,AT5G43880,AT5G52310,AT5G54060,AT5G58350,AT5G15970,AT5G50720,AT5G15960	
1	AT2G35530	AtbZIP16	0	0	PWM2908	DAP-seq	BZIP16_col	32	3.5826222049715975e-9	2.5694566454056296e-7	44	AT1G09350,AT1G19970,AT1G21790,AT1G27320,AT1G32900,AT1G51140,AT1G67310,AT1G67850,AT1G68570,AT1G69870,AT1G70640,AT1G78070,AT1G20450,AT2G04350,AT2G22240,AT2G39800,AT2G41190,AT2G42540,AT3G16940,AT3G27250,AT3G27530,AT3G45190,AT3G50970,AT3G56270,AT4G01985,AT4G09820,AT4G17550,AT4G20850,AT4G22880,AT4G24960,AT4G34000,AT5G15020,AT5G15500,AT5G23890,AT5G40800,AT5G42570,AT5G47640,AT5G50240,AT5G55950,AT5G57610,AT5G58340,AT5G58350,AT5G66460,AT5G15970	
1	AT2G35530	AtbZIP16	0	0	PWM1237	CisBP	M0251_1.01	35	1.1619894721138105e-8	6.313476131818369e-7	43	AT1G01250,AT1G01470,AT1G09350,AT1G20440,AT1G32900,AT1G47710,AT1G51140,AT1G64890,AT1G67310,AT1G67850,AT1G69870,AT1G70640,AT1G71710,AT1G20450,AT2G04350,AT2G22240,AT3G05030,AT3G11410,AT3G16940,AT3G27530,AT3G50970,AT3G55580,AT3G56270,AT3G62070,AT4G09820,AT4G17550,AT4G22880,AT4G24960,AT4G34000,AT4G39210,AT5G13560,AT5G15500,AT5G19470,AT5G23890,AT5G42800,AT5G50240,AT5G57610,AT5G15970,AT5G43150,AT5G50720,AT5G59310,AT5G59320,AT5G15960	
1	AT2G20180	PIF1	2	0	PWM1082	CisBP	M0155_1.01	33	1.1619894721138105e-8	6.313476131818369e-7	43	AT1G01470,AT1G09350,AT1G17210,AT1G19630,AT1G19970,AT1G27320,AT1G32900,AT1G51140,AT1G56650,AT1G64890,AT1G66390,AT1G67310,AT1G67850,AT1G69870,AT1G70640,AT1G78070,AT1G20450,AT2G04350,AT2G22240,AT2G39800,AT2G42540,AT3G27250,AT3G27530,AT3G28007,AT3G46450,AT3G50970,AT3G56270,AT4G01985,AT4G12000,AT4G17550,AT4G34000,AT5G04250,AT5G15500,AT5G23850,AT5G40800,AT5G42800,AT5G54060,AT5G57610,AT5G66460,AT5G15970,AT5G59310,AT5G59320,AT5G15960	
1	AT2G20180	PIF1	2	0	PWM1238	CisBP	M2215_1.01	36	1.1619894721138105e-8	6.313476131818369e-7	43	AT1G01470,AT1G09350,AT1G17210,AT1G19630,AT1G19970,AT1G27320,AT1G32900,AT1G51140,AT1G56650,AT1G64890,AT1G66390,AT1G67310,AT1G67850,AT1G69870,AT1G70640,AT1G78070,AT1G20450,AT2G04350,AT2G22240,AT2G39800,AT2G42540,AT3G27250,AT3G27530,AT3G28007,AT3G46450,AT3G50970,AT3G56270,AT4G01985,AT4G12000,AT4G17550,AT4G34000,AT5G04250,AT5G15500,AT5G23850,AT5G40800,AT5G42800,AT5G54060,AT5G57610,AT5G66460,AT5G15970,AT5G59310,AT5G59320,AT5G15960	
1	AT2G20180	PIF1	2	0	PWM2152	JASPAR	MA0552.1	37	1.1619894721138105e-8	6.313476131818369e-7	43	AT1G01470,AT1G09350,AT1G17210,AT1G19630,AT1G19970,AT1G27320,AT1G32900,AT1G51140,AT1G56650,AT1G64890,AT1G66390,AT1G67310,AT1G67850,AT1G69870,AT1G70640,AT1G78070,AT1G20450,AT2G04350,AT2G22240,AT2G39800,AT2G42540,AT3G27250,AT3G27530,AT3G28007,AT3G46450,AT3G50970,AT3G56270,AT4G01985,AT4G12000,AT4G17550,AT4G34000,AT5G04250,AT5G15500,AT5G23850,AT5G40800,AT5G42800,AT5G54060,AT5G57610,AT5G66460,AT5G15970,AT5G59310,AT5G59320,AT5G15960	
1	AT1G32150	AtbZIP68	0	0	PWM1236	CisBP	M0251_1.01	34	1.1619894721138105e-8	6.313476131818369e-7	43	AT1G01250,AT1G01470,AT1G09350,AT1G20440,AT1G32900,AT1G47710,AT1G51140,AT1G64890,AT1G67310,AT1G67850,AT1G69870,AT1G70640,AT1G71710,AT1G20450,AT2G04350,AT2G22240,AT3G05030,AT3G11410,AT3G16940,AT3G27530,AT3G50970,AT3G55580,AT3G56270,AT3G62070,AT4G09820,AT4G17550,AT4G22880,AT4G24960,AT4G34000,AT4G39210,AT5G13560,AT5G15500,AT5G19470,AT5G23890,AT5G42800,AT5G50240,AT5G57610,AT5G15970,AT5G43150,AT5G50720,AT5G59310,AT5G59320,AT5G15960	
1	AT1G32150	AtbZIP68	0	0	PWM2567	JASPAR	MA0968.1	47	3.646607472479934e-8	0.0000016345917995391301	42	AT1G01250,AT1G01470,AT1G09350,AT1G20440,AT1G47710,AT1G51140,AT1G64890,AT1G67310,AT1G67850,AT1G69870,AT1G70640,AT1G71710,AT1G20450,AT2G04350,AT2G22240,AT3G11410,AT3G16940,AT3G27530,AT3G50970,AT3G55580,AT3G56270,AT3G62070,AT4G09820,AT4G17550,AT4G22880,AT4G24960,AT4G34000,AT4G39210,AT5G13560,AT5G15500,AT5G19470,AT5G23890,AT5G40800,AT5G42800,AT5G50240,AT5G57610,AT5G15970,AT5G43150,AT5G50720,AT5G59310,AT5G59320,AT5G15960	
1	AT1G32150	AtbZIP68	0	0	PWM2927	DAP-seq	BZIP68_col	51	3.646607472479934e-8	0.0000016345917995391301	42	AT1G09350,AT1G19970,AT1G20440,AT1G21790,AT1G27320,AT1G32900,AT1G51140,AT1G67310,AT1G67850,AT1G69870,AT1G70640,AT1G78070,AT1G20450,AT2G04350,AT2G22240,AT2G39800,AT2G41190,AT2G42540,AT3G16940,AT3G27250,AT3G27530,AT3G45190,AT3G50970,AT3G56270,AT4G01985,AT4G09820,AT4G17550,AT4G20850,AT4G22880,AT4G24960,AT4G34000,AT5G15500,AT5G23890,AT5G42570,AT5G47640,AT5G50240,AT5G55950,AT5G57610,AT5G66460,AT5G15970,AT5G50720,AT5G15960	
1	AT4G14410	bHLH104	0	0	PWM2877	DAP-seq	BHLH104_col	38	1.1619894721138105e-8	6.313476131818369e-7	43	AT1G09350,AT1G16850,AT1G17210,AT1G17550,AT1G19970,AT1G21790,AT1G27320,AT1G27910,AT1G32900,AT1G51140,AT1G67850,AT1G70640,AT1G78610,AT1G80130,AT1G20450,AT1G45249,AT2G04350,AT3G11410,AT3G19290,AT3G27250,AT3G46450,AT3G56270,AT3G16360,AT4G01985,AT4G03200,AT4G12000,AT4G17550,AT4G22880,AT4G30790,AT5G23850,AT5G40800,AT5G42800,AT5G47640,AT5G50240,AT5G54060,AT5G55950,AT5G57610,AT5G66460,AT5G15970,AT5G43150,AT5G59310,AT5G59320,AT5G15960	
1	AT4G14410	bHLH104	0	0	PWM2559	JASPAR	MA0960.1	84	0.0000025252217607989915	0.000059575297593586734	38	AT1G09350,AT1G16850,AT1G19970,AT1G21790,AT1G27320,AT1G27910,AT1G32900,AT1G36160,AT1G51140,AT1G56650,AT1G67310,AT1G67850,AT1G69870,AT1G70640,AT1G78070,AT3G05660,AT2G22240,AT2G41190,AT3G05030,AT3G11410,AT3G23840,AT3G27250,AT3G27530,AT3G28007,AT3G56270,AT4G01985,AT4G17550,AT4G34000,AT4G37460,AT5G04250,AT5G10940,AT5G15500,AT5G40800,AT5G42800,AT5G50240,AT5G55950,AT5G57610,AT5G15970	
1	AT4G14410	bHLH104	0	0	PWM1300	CisBP	M0158_1.01	125	0.00004206834103748149	0.0006034282838416345	35	AT1G09350,AT1G16850,AT1G19970,AT1G32900,AT1G36160,AT1G51140,AT1G56650,AT1G67310,AT1G67850,AT1G69870,AT1G70640,AT1G78070,AT2G22240,AT2G23120,AT2G41190,AT3G05030,AT3G11410,AT3G23840,AT3G27250,AT3G27530,AT3G46450,AT3G56270,AT4G01985,AT4G03200,AT4G34000,AT4G37460,AT5G04250,AT5G10940,AT5G15500,AT5G40800,AT5G42800,AT5G47640,AT5G50240,AT5G55950,AT5G57610	
1	AT3G10800	bZIP28	0	na	PWM2912	DAP-seq	BZIP28_col	39	1.1619894721138105e-8	6.313476131818369e-7	43	AT1G09350,AT1G20440,AT1G21790,AT1G27320,AT1G29400,AT1G32900,AT1G51140,AT1G64890,AT1G67310,AT1G67850,AT1G69870,AT1G70640,AT1G20450,AT2G04350,AT2G22240,AT2G41190,AT2G42540,AT3G16940,AT3G27250,AT3G27530,AT3G45190,AT3G50970,AT3G56270,AT4G01985,AT4G09820,AT4G12000,AT4G17550,AT4G20850,AT4G22880,AT4G34000,AT5G13560,AT5G15500,AT5G23890,AT5G40800,AT5G42570,AT5G42800,AT5G47640,AT5G50240,AT5G55950,AT5G57610,AT5G66460,AT5G15970,AT5G15960	na
1	AT3G10800	bZIP28	0	na	PWM883	CisBP	M0259_1.01	273	0.004316025340576402	0.033356178601954695	29	AT1G01250,AT1G02400,AT1G17550,AT1G27320,AT1G29400,AT1G47710,AT1G51140,AT1G56650,AT1G67310,AT1G69870,AT1G20450,AT2G39800,AT3G11410,AT3G23840,AT3G27530,AT3G28007,AT3G45190,AT3G55580,AT3G56270,AT4G17550,AT4G22880,AT4G34000,AT5G15500,AT5G42570,AT5G42800,AT5G50240,AT5G64750,AT5G15970,AT5G43150	na
1	AT2G25820	ESE2	6	0	PWM1144	CisBP	M0034_1.01	40	3.646607472479934e-8	0.0000016345917995391301	42	AT1G01470,AT1G09350,AT1G16850,AT1G20440,AT1G21790,AT1G27200,AT1G27320,AT1G27910,AT1G29400,AT1G33230,AT1G47710,AT1G51090,AT1G64890,AT1G67850,AT1G69790,AT1G69870,AT1G75370,AT1G76580,AT1G78070,AT1G80130,AT1G20450,AT2G41190,AT2G42540,AT3G23840,AT3G28007,AT3G50970,AT3G56270,AT4G12000,AT4G21940,AT4G24960,AT4G34280,AT4G38580,AT5G13210,AT5G15020,AT5G40800,AT5G42570,AT5G43880,AT5G52310,AT5G43150,AT5G50720,AT5G59310,AT5G59320	
1	AT3G16280	AT3G16280	1	na	PWM1145	CisBP	M0034_1.01	41	3.646607472479934e-8	0.0000016345917995391301	42	AT1G01470,AT1G09350,AT1G16850,AT1G20440,AT1G21790,AT1G27200,AT1G27320,AT1G27910,AT1G29400,AT1G33230,AT1G47710,AT1G51090,AT1G64890,AT1G67850,AT1G69790,AT1G69870,AT1G75370,AT1G76580,AT1G78070,AT1G80130,AT1G20450,AT2G41190,AT2G42540,AT3G23840,AT3G28007,AT3G50970,AT3G56270,AT4G12000,AT4G21940,AT4G24960,AT4G34280,AT4G38580,AT5G13210,AT5G15020,AT5G40800,AT5G42570,AT5G43880,AT5G52310,AT5G43150,AT5G50720,AT5G59310,AT5G59320	na
1	AT3G16280	AT3G16280	1	na	PWM2759	DAP-seq	AT3G16280_col	120	0.000017069985661561724	0.0002684779323787734	36	AT1G09350,AT1G20440,AT1G21790,AT1G24190,AT1G27200,AT1G27910,AT1G29400,AT1G30500,AT1G47710,AT1G64890,AT1G68570,AT1G75370,AT1G76580,AT1G78070,AT1G80130,AT1G20450,AT2G41190,AT3G23840,AT3G28007,AT3G50970,AT3G56270,AT4G01985,AT4G12000,AT4G21940,AT4G24960,AT4G35290,AT4G37460,AT5G13560,AT5G15020,AT5G40800,AT5G43880,AT5G52310,AT5G43150,AT5G50720,AT5G59310,AT5G59320	na
1	AT4G32800	At4g32800	6	0	PWM1146	CisBP	M0034_1.01	42	3.646607472479934e-8	0.0000016345917995391301	42	AT1G01470,AT1G09350,AT1G16850,AT1G20440,AT1G21790,AT1G27200,AT1G27320,AT1G27910,AT1G29400,AT1G33230,AT1G47710,AT1G51090,AT1G64890,AT1G67850,AT1G69790,AT1G69870,AT1G75370,AT1G76580,AT1G78070,AT1G80130,AT1G20450,AT2G41190,AT2G42540,AT3G23840,AT3G28007,AT3G50970,AT3G56270,AT4G12000,AT4G21940,AT4G24960,AT4G34280,AT4G38580,AT5G13210,AT5G15020,AT5G40800,AT5G42570,AT5G43880,AT5G52310,AT5G43150,AT5G50720,AT5G59310,AT5G59320	
1	AT4G32800	At4g32800	6	0	PWM2594	JASPAR	MA0996.1	48	3.646607472479934e-8	0.0000016345917995391301	42	AT1G01470,AT1G09350,AT1G16850,AT1G20440,AT1G21790,AT1G27200,AT1G27320,AT1G27910,AT1G29400,AT1G33230,AT1G47710,AT1G51090,AT1G64890,AT1G67850,AT1G69790,AT1G69870,AT1G75370,AT1G76580,AT1G78070,AT1G80130,AT1G20450,AT2G41190,AT2G42540,AT3G23840,AT3G28007,AT3G50970,AT3G56270,AT4G12000,AT4G21940,AT4G24960,AT4G34280,AT4G38580,AT5G13210,AT5G15020,AT5G40800,AT5G42570,AT5G43880,AT5G52310,AT5G43150,AT5G50720,AT5G59310,AT5G59320	
1	AT4G32800	At4g32800	6	0	PWM2771	DAP-seq	AT4G32800_col	71	9.214833724041486e-7	0.000027536994778677305	39	AT1G09350,AT1G16850,AT1G20440,AT1G21790,AT1G27200,AT1G27910,AT1G29400,AT1G43890,AT1G68570,AT1G75370,AT1G76580,AT1G78070,AT1G80130,AT1G20450,AT1G45249,AT2G21590,AT2G41190,AT2G42530,AT2G42540,AT3G15350,AT3G19190,AT3G23840,AT3G28007,AT3G50970,AT3G56270,AT4G01985,AT4G21940,AT4G37460,AT5G15020,AT5G40800,AT5G42570,AT5G43880,AT5G52310,AT5G15970,AT5G43150,AT5G50720,AT5G59310,AT5G59320,AT5G15960	
1	AT5G11590	TINY2	1	na	PWM1147	CisBP	M0034_1.01	43	3.646607472479934e-8	0.0000016345917995391301	42	AT1G01470,AT1G09350,AT1G16850,AT1G20440,AT1G21790,AT1G27200,AT1G27320,AT1G27910,AT1G29400,AT1G33230,AT1G47710,AT1G51090,AT1G64890,AT1G67850,AT1G69790,AT1G69870,AT1G75370,AT1G76580,AT1G78070,AT1G80130,AT1G20450,AT2G41190,AT2G42540,AT3G23840,AT3G28007,AT3G50970,AT3G56270,AT4G12000,AT4G21940,AT4G24960,AT4G34280,AT4G38580,AT5G13210,AT5G15020,AT5G40800,AT5G42570,AT5G43880,AT5G52310,AT5G43150,AT5G50720,AT5G59310,AT5G59320	na
1	AT5G11590	TINY2	1	na	PWM581	AthaMAP	T07771	106	0.0000066826170527667814	0.0001288379825334499	37	AT1G07990,AT1G16850,AT1G21790,AT1G27200,AT1G27320,AT1G27910,AT1G29400,AT1G51140,AT1G58360,AT1G64890,AT1G67310,AT1G68570,AT1G69790,AT1G69870,AT1G70640,AT1G75370,AT1G76580,AT1G78070,AT1G20450,AT2G21620,AT4G03200,AT4G12000,AT4G18280,AT4G20850,AT4G21940,AT4G24450,AT4G24960,AT4G30790,AT4G39210,AT5G13200,AT5G15020,AT5G15500,AT5G42570,AT5G52310,AT5G54060,AT5G15970,AT5G15960	na
1	AT5G11590	TINY2	1	na	PWM34	AthaMAP	T07771	122	0.000017069985661561724	0.0002684779323787734	36	AT1G09350,AT1G20440,AT1G21790,AT1G27320,AT1G29400,AT1G32900,AT1G56650,AT1G58360,AT1G64890,AT1G66390,AT1G68570,AT1G69870,AT1G78070,AT1G20450,AT1G45249,AT3G16940,AT3G23840,AT3G50970,AT4G03200,AT4G12000,AT4G20850,AT4G21940,AT4G24960,AT4G37460,AT4G39210,AT5G04250,AT5G13560,AT5G28910,AT5G43880,AT5G52310,AT5G66460,AT5G15970,AT5G43150,AT5G59310,AT5G59320,AT5G15960	na
1	AT5G25810	TINY	0	0	PWM1148	CisBP	M0034_1.01	44	3.646607472479934e-8	0.0000016345917995391301	42	AT1G01470,AT1G09350,AT1G16850,AT1G20440,AT1G21790,AT1G27200,AT1G27320,AT1G27910,AT1G29400,AT1G33230,AT1G47710,AT1G51090,AT1G64890,AT1G67850,AT1G69790,AT1G69870,AT1G75370,AT1G76580,AT1G78070,AT1G80130,AT1G20450,AT2G41190,AT2G42540,AT3G23840,AT3G28007,AT3G50970,AT3G56270,AT4G12000,AT4G21940,AT4G24960,AT4G34280,AT4G38580,AT5G13210,AT5G15020,AT5G40800,AT5G42570,AT5G43880,AT5G52310,AT5G43150,AT5G50720,AT5G59310,AT5G59320	
1	AT5G25810	TINY	0	0	PWM2860	DAP-seq	TINY_col	72	9.214833724041486e-7	0.000027536994778677305	39	AT1G01470,AT1G09350,AT1G16850,AT1G20440,AT1G21790,AT1G27200,AT1G27320,AT1G27910,AT1G29400,AT1G47710,AT1G51090,AT1G68570,AT1G70640,AT1G75370,AT1G76580,AT1G78070,AT1G20450,AT2G41190,AT2G42530,AT2G42540,AT3G15350,AT3G23840,AT3G28007,AT3G50970,AT4G01985,AT4G21940,AT4G37460,AT5G13200,AT5G13560,AT5G40800,AT5G42570,AT5G43880,AT5G50240,AT5G52310,AT5G64750,AT5G43150,AT5G50720,AT5G59310,AT5G59320	
1	AT4G16110	ARR2	1	na	PWM1378	CisBP	M1233_1.01	45	3.646607472479934e-8	0.0000016345917995391301	42	AT1G03380,AT1G09350,AT1G16850,AT1G20440,AT1G21790,AT1G27200,AT1G27320,AT1G27910,AT1G29400,AT1G47710,AT1G51090,AT1G64890,AT1G68570,AT1G69790,AT1G70640,AT1G75370,AT1G76580,AT1G78070,AT1G80130,AT1G20450,AT2G21620,AT3G15350,AT3G23840,AT3G28007,AT3G50970,AT3G56270,AT4G01985,AT4G21940,AT4G24960,AT4G37460,AT5G15020,AT5G40800,AT5G42570,AT5G43880,AT5G47640,AT5G52310,AT5G15970,AT5G43150,AT5G50720,AT5G59310,AT5G59320,AT5G15960	na
1	AT1G77200	AT1G77200	0	na	PWM1568	PBM		46	3.646607472479934e-8	0.0000016345917995391301	42	AT1G03380,AT1G09350,AT1G16850,AT1G20440,AT1G21790,AT1G27200,AT1G27320,AT1G27910,AT1G29400,AT1G47710,AT1G51090,AT1G64890,AT1G68570,AT1G69790,AT1G70640,AT1G75370,AT1G76580,AT1G78070,AT1G80130,AT1G20450,AT2G21620,AT3G15350,AT3G23840,AT3G28007,AT3G50970,AT3G56270,AT4G01985,AT4G21940,AT4G24960,AT4G37460,AT5G15020,AT5G40800,AT5G42570,AT5G43880,AT5G47640,AT5G52310,AT5G15970,AT5G43150,AT5G50720,AT5G59310,AT5G59320,AT5G15960	na
1	AT1G77200	AT1G77200	0	na	PWM2752	DAP-seq	AT1G77200_col	57	3.248609490111926e-7	0.000010401351456733365	40	AT1G01470,AT1G09350,AT1G16850,AT1G20440,AT1G21790,AT1G27200,AT1G27910,AT1G29400,AT1G43890,AT1G47710,AT1G64890,AT1G69790,AT1G70640,AT1G75370,AT1G76580,AT1G78070,AT1G20450,AT2G41190,AT2G42530,AT2G42540,AT3G15350,AT3G23840,AT3G28007,AT3G50970,AT3G56270,AT4G01985,AT4G21940,AT4G37460,AT5G13210,AT5G13560,AT5G15020,AT5G40800,AT5G42570,AT5G43880,AT5G52310,AT5G43150,AT5G50720,AT5G59310,AT5G59320,AT5G15960	na
1	AT1G77200	AT1G77200	0	na	PWM1442	CisBP	M0026_1.01	79	0.0000025252217607989915	0.000059575297593586734	38	AT1G09350,AT1G16850,AT1G20440,AT1G21790,AT1G27200,AT1G27910,AT1G29400,AT1G43890,AT1G47710,AT1G67310,AT1G69790,AT1G69870,AT1G70640,AT1G76580,AT1G78070,AT1G20450,AT1G45249,AT3G05660,AT2G21620,AT2G23120,AT2G41190,AT3G23840,AT3G29590,AT3G50970,AT3G56270,AT4G01985,AT4G17550,AT4G21940,AT4G24960,AT4G34000,AT4G38580,AT5G04250,AT5G42570,AT5G43880,AT5G52310,AT5G64750,AT5G43150,AT5G50720	na
1	AT3G23210	bHLH34	1	0	PWM2887	DAP-seq	BHLH34_col	50	3.646607472479934e-8	0.0000016345917995391301	42	AT1G01470,AT1G09350,AT1G17210,AT1G17550,AT1G19970,AT1G21790,AT1G27320,AT1G27910,AT1G51140,AT1G64890,AT1G67310,AT1G67850,AT1G69870,AT1G70640,AT1G20450,AT2G04350,AT2G22240,AT3G19190,AT3G27530,AT3G46450,AT3G50970,AT3G56270,AT4G01985,AT4G03200,AT4G12000,AT4G17550,AT4G22880,AT4G34000,AT5G04250,AT5G15500,AT5G40800,AT5G42800,AT5G47640,AT5G54060,AT5G55950,AT5G57610,AT5G66460,AT5G15970,AT5G43150,AT5G59310,AT5G59320,AT5G15960	
1	AT3G56850	AREB3	1	0	PWM2906	DAP-seq	AREB3_col	52	1.1068990397121757e-7	0.00000381667303500756	41	AT1G09350,AT1G17210,AT1G17550,AT1G19970,AT1G20440,AT1G21790,AT1G27320,AT1G32900,AT1G51140,AT1G67310,AT1G67850,AT1G70640,AT1G20450,AT2G04350,AT2G22240,AT2G39800,AT2G41190,AT2G42540,AT3G16940,AT3G27250,AT3G27530,AT3G45190,AT3G46450,AT3G50970,AT3G56270,AT4G01985,AT4G09820,AT4G17550,AT4G20850,AT4G34000,AT5G15500,AT5G23890,AT5G40800,AT5G42570,AT5G47640,AT5G50240,AT5G55950,AT5G58340,AT5G58350,AT5G66460,AT5G15970	
1	AT3G19290	ABF4	0	62	PWM746	AGRIS		53	1.1068990397121757e-7	0.00000381667303500756	41	AT1G09350,AT1G17210,AT1G27320,AT1G32900,AT1G51140,AT1G67310,AT1G69870,AT1G70640,AT1G78070,AT1G20450,AT2G04350,AT2G22240,AT2G23120,AT2G39800,AT2G41190,AT2G42530,AT2G47670,AT2G42540,AT3G11410,AT3G16940,AT3G27250,AT3G27530,AT3G50970,AT3G55580,AT3G56270,AT4G01985,AT4G12000,AT4G24960,AT4G34000,AT5G15500,AT5G40800,AT5G42800,AT5G47640,AT5G50240,AT5G55950,AT5G57610,AT5G66460,AT5G15970,AT5G43150,AT5G59310,AT5G15960	AT1G01250,AT1G02400,AT1G09350,AT1G16850,AT1G17210,AT1G19630,AT1G19970,AT1G20440,AT1G21790,AT1G27200,AT1G29400,AT1G32900,AT1G51140,AT1G56650,AT1G58360,AT1G66390,AT1G67310,AT1G68570,AT1G69870,AT1G70640,AT1G78070,AT2G04350,AT2G39800,AT2G41190,AT2G45600,AT2G47670,AT3G05030,AT3G11410,AT3G15350,AT3G16940,AT3G27250,AT3G46450,AT3G56270,AT3G05650,AT4G03200,AT4G09820,AT4G12000,AT4G17550,AT4G22880,AT4G24960,AT4G34000,AT4G34280,AT4G01060,AT5G04250,AT5G13200,AT5G15500,AT5G17850,AT5G23850,AT5G23890,AT5G40800,AT5G42570,AT5G47640,AT5G50240,AT5G52310,AT5G55950,AT5G57610,AT5G58340,AT5G66460,AT5G15970,AT5G50720,AT5G59320,AT5G15960
1	AT3G19290	ABF4	0	62	PWM966	CisBP	M0253_1.01	59	3.248609490111926e-7	0.000010401351456733365	40	AT1G01470,AT1G09350,AT1G16850,AT1G17550,AT1G19970,AT1G20440,AT1G21790,AT1G27320,AT1G51140,AT1G56650,AT1G61800,AT1G67850,AT1G69870,AT1G70640,AT1G80130,AT1G20450,AT2G04350,AT2G22240,AT2G39800,AT3G11410,AT3G27530,AT3G50970,AT3G56270,AT4G01985,AT4G03200,AT4G17550,AT4G22880,AT4G34000,AT5G04250,AT5G15500,AT5G40800,AT5G42800,AT5G47640,AT5G55950,AT5G64750,AT5G66460,AT5G15970,AT5G59310,AT5G59320,AT5G15960	AT1G01250,AT1G02400,AT1G09350,AT1G16850,AT1G17210,AT1G19630,AT1G19970,AT1G20440,AT1G21790,AT1G27200,AT1G29400,AT1G32900,AT1G51140,AT1G56650,AT1G58360,AT1G66390,AT1G67310,AT1G68570,AT1G69870,AT1G70640,AT1G78070,AT2G04350,AT2G39800,AT2G41190,AT2G45600,AT2G47670,AT3G05030,AT3G11410,AT3G15350,AT3G16940,AT3G27250,AT3G46450,AT3G56270,AT3G05650,AT4G03200,AT4G09820,AT4G12000,AT4G17550,AT4G22880,AT4G24960,AT4G34000,AT4G34280,AT4G01060,AT5G04250,AT5G13200,AT5G15500,AT5G17850,AT5G23850,AT5G23890,AT5G40800,AT5G42570,AT5G47640,AT5G50240,AT5G52310,AT5G55950,AT5G57610,AT5G58340,AT5G66460,AT5G15970,AT5G50720,AT5G59320,AT5G15960
1	AT1G01260	JAM2	0	0	PWM897	CisBP	M0149_1.01	54	1.1068990397121757e-7	0.00000381667303500756	41	AT1G02400,AT1G17210,AT1G19970,AT1G51140,AT1G56650,AT1G64890,AT1G67310,AT1G67850,AT1G69870,AT1G70640,AT1G78070,AT1G80130,AT1G20450,AT2G04350,AT2G22240,AT2G23120,AT2G39800,AT2G42540,AT3G27250,AT3G27530,AT3G28007,AT3G50970,AT3G55580,AT3G56270,AT4G01985,AT4G12000,AT4G17550,AT4G22880,AT4G34000,AT5G23850,AT5G42800,AT5G47640,AT5G50240,AT5G54060,AT5G55950,AT5G57610,AT5G58340,AT5G58350,AT5G15970,AT5G43150,AT5G15960	
1	AT1G01260	JAM2	0	0	PWM2557	JASPAR	MA0958.1	216	0.002194990046236834	0.01883070408087389	30	AT1G16850,AT1G19970,AT1G21790,AT1G27320,AT1G51140,AT1G56650,AT1G67850,AT1G69870,AT1G70640,AT1G80130,AT1G20450,AT2G04350,AT3G05030,AT3G11410,AT3G27530,AT4G01985,AT4G12000,AT4G17550,AT5G04250,AT5G15500,AT5G23850,AT5G40800,AT5G42800,AT5G55950,AT5G66460,AT5G67180,AT5G15970,AT5G59310,AT5G59320,AT5G15960	
1	AT5G57150	AT5G57150	0	na	PWM898	CisBP	M0149_1.01	55	1.1068990397121757e-7	0.00000381667303500756	41	AT1G02400,AT1G17210,AT1G19970,AT1G51140,AT1G56650,AT1G64890,AT1G67310,AT1G67850,AT1G69870,AT1G70640,AT1G78070,AT1G80130,AT1G20450,AT2G04350,AT2G22240,AT2G23120,AT2G39800,AT2G42540,AT3G27250,AT3G27530,AT3G28007,AT3G50970,AT3G55580,AT3G56270,AT4G01985,AT4G12000,AT4G17550,AT4G22880,AT4G34000,AT5G23850,AT5G42800,AT5G47640,AT5G50240,AT5G54060,AT5G55950,AT5G57610,AT5G58340,AT5G58350,AT5G15970,AT5G43150,AT5G15960	na
1	AT2G31220	AT2G31220	0	na	PWM2878	DAP-seq	BHLH10_col	58	3.248609490111926e-7	0.000010401351456733365	40	AT1G09350,AT1G16850,AT1G20440,AT1G21790,AT1G27200,AT1G27320,AT1G27910,AT1G29400,AT1G47710,AT1G64890,AT1G70640,AT1G75370,AT1G76580,AT1G78070,AT1G20450,AT2G41190,AT2G42530,AT2G42540,AT3G15350,AT3G23840,AT3G28007,AT3G50970,AT3G56270,AT4G01985,AT4G21940,AT4G37460,AT5G13210,AT5G13560,AT5G15020,AT5G40800,AT5G42570,AT5G43880,AT5G50240,AT5G52310,AT5G64750,AT5G43150,AT5G50720,AT5G59310,AT5G59320,AT5G15960	na
1	AT4G28790	AT4G28790	3	na	PWM1083	CisBP	M0155_1.01	60	9.214833724041486e-7	0.000027536994778677305	39	AT1G01250,AT1G09350,AT1G17210,AT1G19970,AT1G32900,AT1G51140,AT1G56650,AT1G66390,AT1G67310,AT1G67850,AT1G69870,AT1G70640,AT1G76580,AT1G78070,AT1G20450,AT2G04350,AT2G22240,AT2G42530,AT3G05030,AT3G11410,AT3G27250,AT3G27530,AT3G28007,AT3G50970,AT3G55580,AT4G03200,AT4G22880,AT4G34000,AT4G37460,AT5G15500,AT5G23850,AT5G42800,AT5G47640,AT5G50240,AT5G54060,AT5G55950,AT5G57610,AT5G15970,AT5G15960	na
1	AT4G28800	AT4G28800	0	na	PWM1084	CisBP	M0155_1.01	61	9.214833724041486e-7	0.000027536994778677305	39	AT1G01250,AT1G09350,AT1G17210,AT1G19970,AT1G32900,AT1G51140,AT1G56650,AT1G66390,AT1G67310,AT1G67850,AT1G69870,AT1G70640,AT1G76580,AT1G78070,AT1G20450,AT2G04350,AT2G22240,AT2G42530,AT3G05030,AT3G11410,AT3G27250,AT3G27530,AT3G28007,AT3G50970,AT3G55580,AT4G03200,AT4G22880,AT4G34000,AT4G37460,AT5G15500,AT5G23850,AT5G42800,AT5G47640,AT5G50240,AT5G54060,AT5G55950,AT5G57610,AT5G15970,AT5G15960	na
1	AT4G28811	AT4G28811	5	na	PWM1085	CisBP	M0155_1.01	62	9.214833724041486e-7	0.000027536994778677305	39	AT1G01250,AT1G09350,AT1G17210,AT1G19970,AT1G32900,AT1G51140,AT1G56650,AT1G66390,AT1G67310,AT1G67850,AT1G69870,AT1G70640,AT1G76580,AT1G78070,AT1G20450,AT2G04350,AT2G22240,AT2G42530,AT3G05030,AT3G11410,AT3G27250,AT3G27530,AT3G28007,AT3G50970,AT3G55580,AT4G03200,AT4G22880,AT4G34000,AT4G37460,AT5G15500,AT5G23850,AT5G42800,AT5G47640,AT5G50240,AT5G54060,AT5G55950,AT5G57610,AT5G15970,AT5G15960	na
1	AT4G28815	AT4G28815	4	na	PWM1086	CisBP	M0155_1.01	63	9.214833724041486e-7	0.000027536994778677305	39	AT1G01250,AT1G09350,AT1G17210,AT1G19970,AT1G32900,AT1G51140,AT1G56650,AT1G66390,AT1G67310,AT1G67850,AT1G69870,AT1G70640,AT1G76580,AT1G78070,AT1G20450,AT2G04350,AT2G22240,AT2G42530,AT3G05030,AT3G11410,AT3G27250,AT3G27530,AT3G28007,AT3G50970,AT3G55580,AT4G03200,AT4G22880,AT4G34000,AT4G37460,AT5G15500,AT5G23850,AT5G42800,AT5G47640,AT5G50240,AT5G54060,AT5G55950,AT5G57610,AT5G15970,AT5G15960	na
1	AT5G42630	ATS	0	na	PWM1221	CisBP	M1242_1.01	64	9.214833724041486e-7	0.000027536994778677305	39	AT1G09350,AT1G16850,AT1G20440,AT1G21790,AT1G27320,AT1G27910,AT1G29400,AT1G47710,AT1G51090,AT1G58360,AT1G64890,AT1G67310,AT1G67850,AT1G68570,AT1G69790,AT1G70640,AT1G75370,AT1G76580,AT1G78070,AT1G80130,AT1G20450,AT2G42540,AT3G19290,AT3G50970,AT4G01985,AT4G12000,AT4G21940,AT4G24960,AT4G35290,AT5G13200,AT5G15020,AT5G42570,AT5G43880,AT5G52310,AT5G54060,AT5G58350,AT5G15970,AT5G50720,AT5G15960	na
1	AT1G19350	BES1	2	5	PWM1485	CisBP	M2212_1.01	66	9.214833724041486e-7	0.000027536994778677305	39	AT1G19970,AT1G21790,AT1G27320,AT1G51140,AT1G56650,AT1G67310,AT1G67850,AT1G69870,AT1G70640,AT1G20450,AT2G04350,AT3G05660,AT2G22240,AT2G39800,AT2G42530,AT2G42540,AT3G27530,AT3G28007,AT3G46450,AT3G50970,AT3G56270,AT4G01985,AT4G03200,AT4G12000,AT4G17550,AT4G24960,AT4G34000,AT5G23850,AT5G40800,AT5G42800,AT5G47640,AT5G55950,AT5G57610,AT5G66460,AT5G15970,AT5G43150,AT5G59310,AT5G59320,AT5G15960	AT1G02400,AT1G80130,AT2G45600,AT3G05650,AT5G58340
1	AT1G19350	BES1	2	5	PWM2149	JASPAR	MA0549.1	68	9.214833724041486e-7	0.000027536994778677305	39	AT1G19970,AT1G21790,AT1G27320,AT1G51140,AT1G56650,AT1G67310,AT1G67850,AT1G69870,AT1G70640,AT1G20450,AT2G04350,AT3G05660,AT2G22240,AT2G39800,AT2G42530,AT2G42540,AT3G27530,AT3G28007,AT3G46450,AT3G50970,AT3G56270,AT4G01985,AT4G03200,AT4G12000,AT4G17550,AT4G24960,AT4G34000,AT5G23850,AT5G40800,AT5G42800,AT5G47640,AT5G55950,AT5G57610,AT5G66460,AT5G15970,AT5G43150,AT5G59310,AT5G59320,AT5G15960	AT1G02400,AT1G80130,AT2G45600,AT3G05650,AT5G58340
1	AT4G36930	SPT	3	0	PWM2657	JASPAR	MA1061.1	69	9.214833724041486e-7	0.000027536994778677305	39	AT1G09350,AT1G17210,AT1G19970,AT1G27320,AT1G47710,AT1G51140,AT1G56650,AT1G67310,AT1G67850,AT1G69870,AT1G70640,AT1G78070,AT1G80130,AT1G20450,AT2G04350,AT2G21620,AT2G22240,AT3G05030,AT3G11410,AT3G27250,AT3G27530,AT3G28007,AT3G55580,AT3G56270,AT4G01985,AT4G12000,AT4G17550,AT4G22880,AT4G34000,AT5G15500,AT5G42800,AT5G47640,AT5G50240,AT5G54060,AT5G55950,AT5G57610,AT5G66460,AT5G15970,AT5G15960	
1	AT4G36930	SPT	3	0	PWM1293	CisBP	M0161_1.01	77	0.0000025252217607989915	0.000059575297593586734	38	AT1G09350,AT1G17210,AT1G19970,AT1G27320,AT1G47710,AT1G51140,AT1G56650,AT1G67310,AT1G67850,AT1G69870,AT1G70640,AT1G78070,AT1G80130,AT1G20450,AT2G04350,AT2G21620,AT2G22240,AT3G05030,AT3G11410,AT3G27250,AT3G27530,AT3G55580,AT3G56270,AT4G01985,AT4G12000,AT4G17550,AT4G22880,AT4G34000,AT5G15500,AT5G42800,AT5G47640,AT5G50240,AT5G54060,AT5G55950,AT5G57610,AT5G66460,AT5G15970,AT5G15960	
1	AT3G60490	AT3G60490	0	0	PWM2762	DAP-seq	AT3G60490_col	70	9.214833724041486e-7	0.000027536994778677305	39	AT1G01470,AT1G09350,AT1G16850,AT1G20440,AT1G21790,AT1G27200,AT1G27910,AT1G29400,AT1G43890,AT1G47710,AT1G56650,AT1G64890,AT1G68570,AT1G69790,AT1G70640,AT1G75370,AT1G76580,AT1G78070,AT1G20450,AT1G45249,AT2G21590,AT2G41190,AT3G15350,AT3G23840,AT3G28007,AT3G56270,AT4G21940,AT5G15020,AT5G40800,AT5G42570,AT5G43880,AT5G47640,AT5G52310,AT5G15970,AT5G43150,AT5G50720,AT5G59310,AT5G59320,AT5G15960	
1	AT5G61270	PIF7	34	na	PWM2901	DAP-seq	PIF7_col	73	9.214833724041486e-7	0.000027536994778677305	39	AT1G01470,AT1G09350,AT1G17210,AT1G19970,AT1G27320,AT1G51140,AT1G64890,AT1G67310,AT1G67850,AT1G69870,AT1G70640,AT1G78070,AT1G80130,AT1G20450,AT2G04350,AT2G22240,AT2G39800,AT2G42540,AT3G27250,AT3G27530,AT3G50970,AT3G56270,AT4G01985,AT4G12000,AT4G34000,AT5G04250,AT5G13560,AT5G15500,AT5G40800,AT5G42800,AT5G47640,AT5G50240,AT5G57610,AT5G66460,AT5G15970,AT5G43150,AT5G59310,AT5G59320,AT5G15960	na
1	AT5G61270	PIF7	34	na	PWM1002	CisBP	M0157_1.01	232	0.004316025340576402	0.033356178601954695	29	AT1G19970,AT1G36160,AT1G51140,AT1G56650,AT1G64890,AT1G67310,AT1G67850,AT1G69870,AT1G70640,AT1G80130,AT1G20450,AT2G04350,AT3G05660,AT3G27530,AT3G28007,AT3G55580,AT4G01985,AT4G12000,AT4G34000,AT5G13560,AT5G15500,AT5G23850,AT5G42800,AT5G47640,AT5G54060,AT5G55950,AT5G57610,AT5G15970,AT5G15960	na
1	AT4G01120	ATBZIP54	3	73	PWM1232	CisBP	M0262_1.01	76	0.0000025252217607989915	0.000059575297593586734	38	AT1G01250,AT1G01470,AT1G09350,AT1G20440,AT1G33230,AT1G47710,AT1G51140,AT1G64890,AT1G67310,AT1G67850,AT1G69870,AT1G70640,AT1G71710,AT1G20450,AT2G04350,AT2G22240,AT3G05030,AT3G11410,AT3G27530,AT3G28007,AT3G50970,AT3G55580,AT3G56270,AT3G62070,AT4G09820,AT4G12000,AT4G17550,AT4G34000,AT4G39210,AT5G13560,AT5G15500,AT5G19470,AT5G42800,AT5G50240,AT5G57610,AT5G15970,AT5G59310,AT5G15960	AT1G01250,AT1G02400,AT1G09350,AT1G16850,AT1G17210,AT1G19970,AT1G20440,AT1G21790,AT1G27200,AT1G29400,AT1G30500,AT1G32900,AT1G47710,AT1G51090,AT1G51140,AT1G56650,AT1G58360,AT1G66390,AT1G67310,AT1G68570,AT1G69790,AT1G69870,AT1G70640,AT1G76580,AT1G78070,AT1G20450,AT2G04350,AT2G21620,AT2G39800,AT2G45600,AT2G42540,AT3G05030,AT3G11410,AT3G15350,AT3G16940,AT3G19290,AT3G27250,AT3G29590,AT3G45190,AT3G46450,AT3G50970,AT3G56270,AT3G05650,AT3G16360,AT4G03200,AT4G09820,AT4G12000,AT4G17550,AT4G22880,AT4G24960,AT4G34000,AT4G37460,AT4G38580,AT4G01060,AT5G04250,AT5G13200,AT5G15500,AT5G23850,AT5G23890,AT5G40800,AT5G42570,AT5G47640,AT5G50240,AT5G52310,AT5G55950,AT5G57610,AT5G58340,AT5G66460,AT5G67180,AT5G15970,AT5G50720,AT5G59320,AT5G15960
1	AT5G67110	ALC	1	na	PWM1294	CisBP	M0161_1.01	78	0.0000025252217607989915	0.000059575297593586734	38	AT1G09350,AT1G17210,AT1G19970,AT1G27320,AT1G47710,AT1G51140,AT1G56650,AT1G67310,AT1G67850,AT1G69870,AT1G70640,AT1G78070,AT1G80130,AT1G20450,AT2G04350,AT2G21620,AT2G22240,AT3G05030,AT3G11410,AT3G27250,AT3G27530,AT3G55580,AT3G56270,AT4G01985,AT4G12000,AT4G17550,AT4G22880,AT4G34000,AT5G15500,AT5G42800,AT5G47640,AT5G50240,AT5G54060,AT5G55950,AT5G57610,AT5G66460,AT5G15970,AT5G15960	na
1	AT2G35700	ATERF38	2	0	PWM1443	CisBP	M0026_1.01	80	0.0000025252217607989915	0.000059575297593586734	38	AT1G09350,AT1G16850,AT1G20440,AT1G21790,AT1G27200,AT1G27910,AT1G29400,AT1G43890,AT1G47710,AT1G67310,AT1G69790,AT1G69870,AT1G70640,AT1G76580,AT1G78070,AT1G20450,AT1G45249,AT3G05660,AT2G21620,AT2G23120,AT2G41190,AT3G23840,AT3G29590,AT3G50970,AT3G56270,AT4G01985,AT4G17550,AT4G21940,AT4G24960,AT4G34000,AT4G38580,AT5G04250,AT5G42570,AT5G43880,AT5G52310,AT5G64750,AT5G43150,AT5G50720	
1	AT2G35700	ATERF38	2	0	PWM2822	DAP-seq	ERF38_col	134	0.00009997726991183422	0.0013377555593426774	34	AT1G03380,AT1G16850,AT1G20440,AT1G27320,AT1G27910,AT1G29400,AT1G68570,AT1G75370,AT1G76580,AT1G78070,AT1G80130,AT1G20450,AT3G05660,AT2G41190,AT2G42530,AT2G42540,AT3G23840,AT3G50970,AT3G05650,AT4G01985,AT4G21940,AT4G24960,AT4G37460,AT4G01060,AT5G13200,AT5G13560,AT5G42570,AT5G43880,AT5G50240,AT5G64750,AT5G43150,AT5G50720,AT5G59310,AT5G59320	
1	AT4G16750	At4g16750	2	0	PWM1444	CisBP	M0026_1.01	81	0.0000025252217607989915	0.000059575297593586734	38	AT1G09350,AT1G16850,AT1G20440,AT1G21790,AT1G27200,AT1G27910,AT1G29400,AT1G43890,AT1G47710,AT1G67310,AT1G69790,AT1G69870,AT1G70640,AT1G76580,AT1G78070,AT1G20450,AT1G45249,AT3G05660,AT2G21620,AT2G23120,AT2G41190,AT3G23840,AT3G29590,AT3G50970,AT3G56270,AT4G01985,AT4G17550,AT4G21940,AT4G24960,AT4G34000,AT4G38580,AT5G04250,AT5G42570,AT5G43880,AT5G52310,AT5G64750,AT5G43150,AT5G50720	
1	AT4G16750	At4g16750	2	0	PWM2593	JASPAR	MA0995.1	86	0.0000025252217607989915	0.000059575297593586734	38	AT1G09350,AT1G16850,AT1G20440,AT1G21790,AT1G27200,AT1G27910,AT1G29400,AT1G43890,AT1G47710,AT1G67310,AT1G69790,AT1G69870,AT1G70640,AT1G76580,AT1G78070,AT1G20450,AT1G45249,AT3G05660,AT2G21620,AT2G23120,AT2G41190,AT3G23840,AT3G29590,AT3G50970,AT3G56270,AT4G01985,AT4G17550,AT4G21940,AT4G24960,AT4G34000,AT4G38580,AT5G04250,AT5G42570,AT5G43880,AT5G52310,AT5G64750,AT5G43150,AT5G50720	
1	AT5G52020	AT5G52020	0	0	PWM1445	CisBP	M0026_1.01	82	0.0000025252217607989915	0.000059575297593586734	38	AT1G09350,AT1G16850,AT1G20440,AT1G21790,AT1G27200,AT1G27910,AT1G29400,AT1G43890,AT1G47710,AT1G67310,AT1G69790,AT1G69870,AT1G70640,AT1G76580,AT1G78070,AT1G20450,AT1G45249,AT3G05660,AT2G21620,AT2G23120,AT2G41190,AT3G23840,AT3G29590,AT3G50970,AT3G56270,AT4G01985,AT4G17550,AT4G21940,AT4G24960,AT4G34000,AT4G38580,AT5G04250,AT5G42570,AT5G43880,AT5G52310,AT5G64750,AT5G43150,AT5G50720	
1	AT4G34000	ABF3	9	73	PWM2529	JASPAR	MA0930.1	83	0.0000025252217607989915	0.000059575297593586734	38	AT1G02400,AT1G16850,AT1G17550,AT1G21790,AT1G27320,AT1G32900,AT1G47710,AT1G51140,AT1G56650,AT1G61800,AT1G67850,AT1G70640,AT1G78610,AT1G80130,AT1G20450,AT2G04350,AT2G39800,AT2G42530,AT2G42540,AT3G05030,AT3G46450,AT3G50970,AT3G56270,AT4G01985,AT4G03200,AT4G12000,AT4G17550,AT5G04250,AT5G23850,AT5G40800,AT5G42800,AT5G52310,AT5G55950,AT5G58350,AT5G64750,AT5G15970,AT5G59310,AT5G59320	AT1G02400,AT1G09350,AT1G16850,AT1G17210,AT1G19630,AT1G19970,AT1G20440,AT1G21790,AT1G27200,AT1G27320,AT1G29400,AT1G32900,AT1G51140,AT1G56650,AT1G58360,AT1G61800,AT1G66390,AT1G67310,AT1G68570,AT1G69870,AT1G70640,AT1G78070,AT1G80130,AT1G20450,AT1G45249,AT2G04350,AT3G05660,AT2G21620,AT2G39800,AT2G45600,AT2G42540,AT3G05030,AT3G11410,AT3G15350,AT3G16940,AT3G19290,AT3G27250,AT3G46450,AT3G56270,AT3G05650,AT3G16360,AT4G03200,AT4G09820,AT4G17550,AT4G22880,AT4G24960,AT4G34000,AT4G34280,AT4G38580,AT4G39210,AT4G01060,AT5G04250,AT5G13200,AT5G15500,AT5G19450,AT5G23850,AT5G23890,AT5G40800,AT5G42570,AT5G43880,AT5G47640,AT5G50240,AT5G52310,AT5G55950,AT5G57610,AT5G58340,AT5G66460,AT5G67180,AT5G15970,AT5G21326,AT5G50720,AT5G59320,AT5G15960
1	AT4G34000	ABF3	9	73	PWM954	CisBP	M0263_1.01	92	0.0000025252217607989915	0.000059575297593586734	38	AT1G02400,AT1G17210,AT1G17550,AT1G21790,AT1G27320,AT1G32900,AT1G47710,AT1G51140,AT1G56650,AT1G61800,AT1G67850,AT1G70640,AT1G78610,AT1G80130,AT1G20450,AT2G04350,AT2G39800,AT2G42530,AT2G42540,AT3G05030,AT3G46450,AT3G50970,AT3G56270,AT4G01985,AT4G03200,AT4G12000,AT4G17550,AT5G04250,AT5G23850,AT5G40800,AT5G42800,AT5G52310,AT5G55950,AT5G58350,AT5G64750,AT5G15970,AT5G59310,AT5G59320	AT1G02400,AT1G09350,AT1G16850,AT1G17210,AT1G19630,AT1G19970,AT1G20440,AT1G21790,AT1G27200,AT1G27320,AT1G29400,AT1G32900,AT1G51140,AT1G56650,AT1G58360,AT1G61800,AT1G66390,AT1G67310,AT1G68570,AT1G69870,AT1G70640,AT1G78070,AT1G80130,AT1G20450,AT1G45249,AT2G04350,AT3G05660,AT2G21620,AT2G39800,AT2G45600,AT2G42540,AT3G05030,AT3G11410,AT3G15350,AT3G16940,AT3G19290,AT3G27250,AT3G46450,AT3G56270,AT3G05650,AT3G16360,AT4G03200,AT4G09820,AT4G17550,AT4G22880,AT4G24960,AT4G34000,AT4G34280,AT4G38580,AT4G39210,AT4G01060,AT5G04250,AT5G13200,AT5G15500,AT5G19450,AT5G23850,AT5G23890,AT5G40800,AT5G42570,AT5G43880,AT5G47640,AT5G50240,AT5G52310,AT5G55950,AT5G57610,AT5G58340,AT5G66460,AT5G67180,AT5G15970,AT5G21326,AT5G50720,AT5G59320,AT5G15960
1	AT5G08130	BIM1	3	0	PWM2563	JASPAR	MA0964.1	85	0.0000025252217607989915	0.000059575297593586734	38	AT1G09350,AT1G16850,AT1G19630,AT1G19970,AT1G27320,AT1G32900,AT1G51140,AT1G56650,AT1G61800,AT1G66390,AT1G67850,AT1G69870,AT1G70640,AT1G76580,AT1G80130,AT1G20450,AT2G04350,AT2G21590,AT2G42530,AT3G05030,AT3G11410,AT3G27530,AT3G28007,AT3G56270,AT4G03200,AT4G17550,AT4G22880,AT4G34000,AT4G37460,AT5G15500,AT5G23850,AT5G40800,AT5G42800,AT5G47640,AT5G54060,AT5G57610,AT5G15970,AT5G15960	
1	AT5G08130	BIM1	3	0	PWM918	CisBP	M0162_1.01	91	0.0000025252217607989915	0.000059575297593586734	38	AT1G09350,AT1G16850,AT1G19630,AT1G19970,AT1G27320,AT1G32900,AT1G51140,AT1G56650,AT1G61800,AT1G66390,AT1G67850,AT1G69870,AT1G70640,AT1G76580,AT1G80130,AT1G20450,AT2G04350,AT2G21590,AT2G42530,AT3G05030,AT3G11410,AT3G27530,AT3G28007,AT3G56270,AT4G03200,AT4G17550,AT4G22880,AT4G34000,AT4G37460,AT5G15500,AT5G23850,AT5G40800,AT5G42800,AT5G47640,AT5G54060,AT5G57610,AT5G15970,AT5G15960	
1	AT5G08130	BIM1	3	0	PWM2896	DAP-seq	BIM1_col	220	0.002194990046236834	0.01883070408087389	30	AT1G01250,AT1G19630,AT1G19970,AT1G51140,AT1G56650,AT1G64890,AT1G67850,AT1G69870,AT1G70640,AT1G76580,AT1G78610,AT2G04350,AT3G05660,AT3G19190,AT3G28007,AT3G46450,AT3G55580,AT3G62070,AT4G01985,AT4G17550,AT4G34000,AT4G37460,AT5G04250,AT5G15500,AT5G23850,AT5G40800,AT5G42800,AT5G15970,AT5G59310,AT5G59320	
1	AT1G74930	ORA47	5	0	PWM2644	JASPAR	MA1048.1	87	0.0000025252217607989915	0.000059575297593586734	38	AT1G01250,AT1G09350,AT1G19630,AT1G20440,AT1G27910,AT1G33230,AT1G36160,AT1G50200,AT1G56650,AT1G58360,AT1G64890,AT1G68570,AT1G69870,AT1G76580,AT1G78070,AT1G20450,AT2G04350,AT2G21590,AT2G22240,AT2G42530,AT2G45600,AT2G42540,AT3G11410,AT3G28007,AT3G56270,AT3G62070,AT4G12000,AT4G18280,AT4G21940,AT4G24960,AT4G38580,AT4G01060,AT5G04250,AT5G13560,AT5G15500,AT5G50720,AT5G59310,AT5G59320	
1	AT4G36900	DEAR4	5	0	PWM2849	DAP-seq	RAP210_col	88	0.0000025252217607989915	0.000059575297593586734	38	AT1G01470,AT1G09350,AT1G16850,AT1G20440,AT1G21790,AT1G27200,AT1G27320,AT1G27910,AT1G33230,AT1G47710,AT1G51090,AT1G67310,AT1G69790,AT1G70640,AT1G75370,AT1G76580,AT1G78070,AT1G80130,AT1G20450,AT3G05660,AT2G21620,AT3G23840,AT3G50970,AT4G01985,AT4G12000,AT4G21940,AT4G24960,AT4G01060,AT5G13200,AT5G40800,AT5G42570,AT5G43880,AT5G52310,AT5G64750,AT5G43150,AT5G50720,AT5G59310,AT5G59320	
1	AT4G36900	DEAR4	5	0	PWM1570	PBM		115	0.000017069985661561724	0.0002684779323787734	36	AT1G09350,AT1G20440,AT1G21790,AT1G27910,AT1G29400,AT1G47710,AT1G51090,AT1G64890,AT1G68570,AT1G70640,AT1G75370,AT1G76580,AT1G78070,AT1G80130,AT1G20450,AT2G22240,AT2G23120,AT2G41190,AT3G23840,AT3G28007,AT3G50970,AT3G56270,AT4G01985,AT4G12000,AT4G21940,AT4G24960,AT4G34280,AT4G37460,AT4G38580,AT5G15020,AT5G43880,AT5G52310,AT5G43150,AT5G50720,AT5G59310,AT5G59320	
1	AT4G36900	DEAR4	5	0	PWM911	CisBP	M0075_1.01	157	0.00022900828412920305	0.0028714115625430845	33	AT1G02400,AT1G09350,AT1G27910,AT1G29400,AT1G51090,AT1G64890,AT1G68570,AT1G69790,AT1G69870,AT1G75370,AT1G76580,AT1G80130,AT1G20450,AT1G45249,AT2G22240,AT2G41190,AT3G23840,AT3G28007,AT3G50970,AT3G56270,AT4G01985,AT4G12000,AT4G21940,AT4G24960,AT4G34280,AT4G37460,AT4G38580,AT5G15020,AT5G43880,AT5G52310,AT5G64750,AT5G43150,AT5G50720	
1	AT1G09530	PAP3	4	8	PWM1019	CisBP	M2223_1.01	93	0.0000066826170527667814	0.0001288379825334499	37	AT1G02400,AT1G09350,AT1G17210,AT1G27320,AT1G51140,AT1G64890,AT1G67310,AT1G67850,AT1G69870,AT1G70640,AT1G78070,AT1G80130,AT1G20450,AT2G04350,AT2G42530,AT2G42540,AT3G05030,AT3G11410,AT3G27250,AT3G28007,AT3G55580,AT3G56270,AT4G01985,AT4G03200,AT4G12000,AT4G34000,AT5G13560,AT5G15500,AT5G42800,AT5G47640,AT5G50240,AT5G54060,AT5G55950,AT5G57610,AT5G66460,AT5G15970,AT5G15960	AT1G09350,AT1G16850,AT1G78070,AT2G04350,AT4G24960,AT4G34000,AT5G64750,AT5G66460
1	AT1G09530	PAP3	4	8	PWM2160	JASPAR	MA0560.1	100	0.0000066826170527667814	0.0001288379825334499	37	AT1G02400,AT1G09350,AT1G17210,AT1G27320,AT1G51140,AT1G64890,AT1G67310,AT1G67850,AT1G69870,AT1G70640,AT1G78070,AT1G80130,AT1G20450,AT2G04350,AT2G42530,AT2G42540,AT3G05030,AT3G11410,AT3G27250,AT3G28007,AT3G50970,AT3G56270,AT4G01985,AT4G03200,AT4G12000,AT4G34000,AT5G13560,AT5G15500,AT5G42800,AT5G47640,AT5G50240,AT5G54060,AT5G55950,AT5G57610,AT5G66460,AT5G15970,AT5G15960	AT1G09350,AT1G16850,AT1G78070,AT2G04350,AT4G24960,AT4G34000,AT5G64750,AT5G66460
1	AT1G09530	PAP3	4	8	PWM841	CisBP	M2732_1.01	109	0.0000066826170527667814	0.0001288379825334499	37	AT1G01470,AT1G09350,AT1G17210,AT1G17550,AT1G19630,AT1G19970,AT1G32900,AT1G36160,AT1G51140,AT1G67310,AT1G70640,AT2G04350,AT3G05660,AT2G22240,AT2G42540,AT3G19190,AT3G27250,AT3G28007,AT3G46450,AT3G50970,AT3G56270,AT4G01985,AT4G12000,AT4G17550,AT4G22880,AT4G34000,AT5G04250,AT5G19470,AT5G23890,AT5G42800,AT5G50240,AT5G54060,AT5G66460,AT5G15970,AT5G59310,AT5G59320,AT5G15960	AT1G09350,AT1G16850,AT1G78070,AT2G04350,AT4G24960,AT4G34000,AT5G64750,AT5G66460
1	AT1G09530	PAP3	4	8	PWM962	AthaMAP	T04492	112	0.0000066826170527667814	0.0001288379825334499	37	AT1G01250,AT1G01470,AT1G02400,AT1G03380,AT1G09350,AT1G17210,AT1G19970,AT1G27320,AT1G30500,AT1G51140,AT1G64890,AT1G67310,AT1G67850,AT1G69870,AT1G70640,AT1G78070,AT1G20450,AT2G04350,AT2G23120,AT3G27250,AT3G27530,AT3G56270,AT4G01985,AT4G12000,AT4G34000,AT5G04250,AT5G15500,AT5G42800,AT5G47640,AT5G50240,AT5G55950,AT5G57610,AT5G58340,AT5G58350,AT5G66460,AT5G15970,AT5G15960	AT1G09350,AT1G16850,AT1G78070,AT2G04350,AT4G24960,AT4G34000,AT5G64750,AT5G66460
1	AT1G09530	PAP3	4	8	PWM829	AthaMAP	T04492	141	0.00009997726991183422	0.0013377555593426774	34	AT1G01470,AT1G09350,AT1G17210,AT1G19970,AT1G32900,AT1G51140,AT1G67310,AT1G70640,AT2G04350,AT3G05660,AT2G22240,AT2G42540,AT3G27250,AT3G28007,AT3G46450,AT3G50970,AT4G01985,AT4G12000,AT4G17550,AT4G22880,AT4G34000,AT5G04250,AT5G19470,AT5G23850,AT5G42800,AT5G50240,AT5G54060,AT5G58340,AT5G58350,AT5G66460,AT5G15970,AT5G59310,AT5G59320,AT5G15960	AT1G09350,AT1G16850,AT1G78070,AT2G04350,AT4G24960,AT4G34000,AT5G64750,AT5G66460
1	AT1G09530	PAP3	4	8	PWM1305	CisBP	M2733_1.01	144	0.00022900828412920305	0.0028714115625430845	33	AT1G09350,AT1G17210,AT1G19970,AT1G27320,AT1G30500,AT1G51140,AT1G64890,AT1G67310,AT1G67850,AT1G69870,AT1G70640,AT1G78070,AT1G20450,AT2G04350,AT2G23120,AT3G27250,AT3G27530,AT3G56270,AT4G01985,AT4G12000,AT4G34000,AT5G04250,AT5G13210,AT5G15500,AT5G42800,AT5G50240,AT5G55950,AT5G57610,AT5G58340,AT5G58350,AT5G66460,AT5G15970,AT5G15960	AT1G09350,AT1G16850,AT1G78070,AT2G04350,AT4G24960,AT4G34000,AT5G64750,AT5G66460
1	AT1G09530	PAP3	4	8	PWM1609	PBM		145	0.00022900828412920305	0.0028714115625430845	33	AT1G09350,AT1G17210,AT1G27320,AT1G27910,AT1G32900,AT1G36160,AT1G51140,AT1G67310,AT1G67850,AT1G69870,AT1G70640,AT1G78070,AT1G80130,AT1G20450,AT2G04350,AT2G39800,AT2G42530,AT3G27250,AT3G27530,AT3G50970,AT3G55580,AT3G56270,AT4G01985,AT4G34000,AT4G34280,AT5G15500,AT5G40800,AT5G42800,AT5G50240,AT5G55950,AT5G57610,AT5G15970,AT5G15960	AT1G09350,AT1G16850,AT1G78070,AT2G04350,AT4G24960,AT4G34000,AT5G64750,AT5G66460
1	AT1G19220	ARF11	1	0	PWM1249	CisBP	M0147_1.01	94	0.0000066826170527667814	0.0001288379825334499	37	AT1G01470,AT1G09350,AT1G21790,AT1G27200,AT1G27320,AT1G27910,AT1G33230,AT1G51090,AT1G58360,AT1G67850,AT1G68570,AT1G69790,AT1G69870,AT1G70640,AT1G75370,AT1G76580,AT1G80130,AT2G21590,AT2G21620,AT2G42540,AT3G11410,AT3G23840,AT3G28007,AT3G56270,AT4G01985,AT4G12000,AT4G18280,AT4G24960,AT4G38580,AT5G13200,AT5G23850,AT5G42570,AT5G43880,AT5G52310,AT5G54060,AT5G50720,AT5G15960	
1	AT1G19850	ARF5	0	0	PWM1250	CisBP	M0147_1.01	95	0.0000066826170527667814	0.0001288379825334499	37	AT1G01470,AT1G09350,AT1G21790,AT1G27200,AT1G27320,AT1G27910,AT1G33230,AT1G51090,AT1G58360,AT1G67850,AT1G68570,AT1G69790,AT1G69870,AT1G70640,AT1G75370,AT1G76580,AT1G80130,AT2G21590,AT2G21620,AT2G42540,AT3G11410,AT3G23840,AT3G28007,AT3G56270,AT4G01985,AT4G12000,AT4G18280,AT4G24960,AT4G38580,AT5G13200,AT5G23850,AT5G42570,AT5G43880,AT5G52310,AT5G54060,AT5G50720,AT5G15960	
1	AT1G19850	ARF5	0	0	PWM2542	JASPAR	MA0943.1	128	0.00004206834103748149	0.0006034282838416345	35	AT1G01470,AT1G09350,AT1G16850,AT1G20440,AT1G21790,AT1G27200,AT1G27320,AT1G27910,AT1G33230,AT1G50200,AT1G51090,AT1G64890,AT1G66390,AT1G69790,AT1G69870,AT1G75370,AT1G76580,AT1G78070,AT1G80130,AT3G05660,AT2G21620,AT2G45600,AT2G42540,AT3G23840,AT3G28007,AT3G50970,AT3G56270,AT4G12000,AT4G21940,AT4G24960,AT4G38580,AT5G19450,AT5G42570,AT5G52310,AT5G50720	
1	AT1G19850	ARF5	0	0	PWM2861	DAP-seq	MP_col	218	0.002194990046236834	0.01883070408087389	30	AT1G01470,AT1G03380,AT1G09350,AT1G16850,AT1G21790,AT1G27200,AT1G27910,AT1G33230,AT1G64890,AT1G67850,AT1G69790,AT1G69870,AT1G75370,AT1G76580,AT1G80130,AT2G21620,AT2G39800,AT2G42540,AT3G11410,AT3G23840,AT3G28007,AT3G56270,AT4G12000,AT4G24960,AT4G34280,AT4G39210,AT5G23850,AT5G42570,AT5G52310,AT5G50720	
1	AT1G30330	ARF6	0	na	PWM1251	CisBP	M0147_1.01	96	0.0000066826170527667814	0.0001288379825334499	37	AT1G01470,AT1G09350,AT1G21790,AT1G27200,AT1G27320,AT1G27910,AT1G33230,AT1G51090,AT1G58360,AT1G67850,AT1G68570,AT1G69790,AT1G69870,AT1G70640,AT1G75370,AT1G76580,AT1G80130,AT2G21590,AT2G21620,AT2G42540,AT3G11410,AT3G23840,AT3G28007,AT3G56270,AT4G01985,AT4G12000,AT4G18280,AT4G24960,AT4G38580,AT5G13200,AT5G23850,AT5G42570,AT5G43880,AT5G52310,AT5G54060,AT5G50720,AT5G15960	na
1	AT5G20730	ARF7	14	na	PWM1252	CisBP	M0147_1.01	97	0.0000066826170527667814	0.0001288379825334499	37	AT1G01470,AT1G09350,AT1G21790,AT1G27200,AT1G27320,AT1G27910,AT1G33230,AT1G51090,AT1G58360,AT1G67850,AT1G68570,AT1G69790,AT1G69870,AT1G70640,AT1G75370,AT1G76580,AT1G80130,AT2G21590,AT2G21620,AT2G42540,AT3G11410,AT3G23840,AT3G28007,AT3G56270,AT4G01985,AT4G12000,AT4G18280,AT4G24960,AT4G38580,AT5G13200,AT5G23850,AT5G42570,AT5G43880,AT5G52310,AT5G54060,AT5G50720,AT5G15960	na
1	AT5G37020	ARF8	2	0	PWM1253	CisBP	M0147_1.01	98	0.0000066826170527667814	0.0001288379825334499	37	AT1G01470,AT1G09350,AT1G21790,AT1G27200,AT1G27320,AT1G27910,AT1G33230,AT1G51090,AT1G58360,AT1G67850,AT1G68570,AT1G69790,AT1G69870,AT1G70640,AT1G75370,AT1G76580,AT1G80130,AT2G21590,AT2G21620,AT2G42540,AT3G11410,AT3G23840,AT3G28007,AT3G56270,AT4G01985,AT4G12000,AT4G18280,AT4G24960,AT4G38580,AT5G13200,AT5G23850,AT5G42570,AT5G43880,AT5G52310,AT5G54060,AT5G50720,AT5G15960	
1	AT5G37020	ARF8	2	0	PWM2543	JASPAR	MA0944.1	129	0.00004206834103748149	0.0006034282838416345	35	AT1G01470,AT1G09350,AT1G21790,AT1G27200,AT1G27910,AT1G33230,AT1G51090,AT1G58360,AT1G67850,AT1G68570,AT1G69790,AT1G69870,AT1G70640,AT1G75370,AT1G76580,AT1G80130,AT2G21590,AT2G21620,AT2G42540,AT3G11410,AT3G23840,AT3G28007,AT3G56270,AT4G01985,AT4G12000,AT4G18280,AT4G24960,AT4G38580,AT5G23850,AT5G42570,AT5G43880,AT5G52310,AT5G54060,AT5G50720,AT5G15960	
1	AT5G60450	ARF4	7	na	PWM1254	CisBP	M0147_1.01	99	0.0000066826170527667814	0.0001288379825334499	37	AT1G01470,AT1G09350,AT1G21790,AT1G27200,AT1G27320,AT1G27910,AT1G33230,AT1G51090,AT1G58360,AT1G67850,AT1G68570,AT1G69790,AT1G69870,AT1G70640,AT1G75370,AT1G76580,AT1G80130,AT2G21590,AT2G21620,AT2G42540,AT3G11410,AT3G23840,AT3G28007,AT3G56270,AT4G01985,AT4G12000,AT4G18280,AT4G24960,AT4G38580,AT5G13200,AT5G23850,AT5G42570,AT5G43880,AT5G52310,AT5G54060,AT5G50720,AT5G15960	na
1	AT2G44940	AT2G44940	3	0	PWM2757	DAP-seq	AT2G44940_col	101	0.0000066826170527667814	0.0001288379825334499	37	AT1G01470,AT1G09350,AT1G16850,AT1G20440,AT1G21790,AT1G27200,AT1G27910,AT1G29400,AT1G47710,AT1G68570,AT1G70640,AT1G75370,AT1G76580,AT1G78070,AT1G20450,AT2G41190,AT2G42530,AT2G42540,AT3G23840,AT3G28007,AT3G50970,AT4G01985,AT4G21940,AT4G37460,AT4G01060,AT5G13200,AT5G13560,AT5G15020,AT5G40800,AT5G43880,AT5G50240,AT5G52310,AT5G64750,AT5G43150,AT5G50720,AT5G59310,AT5G59320	
1	AT1G59640	bHLH31	4	na	PWM2886	DAP-seq	BHLH31_col	102	0.0000066826170527667814	0.0001288379825334499	37	AT1G09350,AT1G17210,AT1G19970,AT1G21790,AT1G51140,AT1G67310,AT1G67850,AT1G69870,AT1G70640,AT1G78070,AT1G20450,AT2G04350,AT2G22240,AT3G19190,AT3G27530,AT3G46450,AT3G50970,AT3G56270,AT4G01985,AT4G03200,AT4G12000,AT4G17550,AT4G22880,AT4G34000,AT5G15500,AT5G23850,AT5G40800,AT5G42800,AT5G47640,AT5G50240,AT5G54060,AT5G57610,AT5G66460,AT5G15970,AT5G59310,AT5G59320,AT5G15960	na
1	AT1G59640	bHLH31	4	na	PWM826	CisBP	M0152_1.01	107	0.0000066826170527667814	0.0001288379825334499	37	AT1G16850,AT1G19970,AT1G27320,AT1G33230,AT1G47710,AT1G51140,AT1G56650,AT1G66390,AT1G67310,AT1G67850,AT1G69870,AT1G70640,AT1G20450,AT2G04350,AT2G21620,AT2G22240,AT3G05030,AT3G11410,AT3G27530,AT3G28007,AT3G50970,AT3G55580,AT3G56270,AT4G03200,AT4G12000,AT4G17550,AT4G22880,AT4G34000,AT5G15500,AT5G42800,AT5G47640,AT5G50240,AT5G66460,AT5G15970,AT5G59310,AT5G59320,AT5G15960	na
1	AT4G30980	LRL2	0	na	PWM2890	DAP-seq	BHLH69_col	103	0.0000066826170527667814	0.0001288379825334499	37	AT1G01470,AT1G16850,AT1G19630,AT1G19970,AT1G32900,AT1G51140,AT1G67310,AT1G67850,AT1G69790,AT1G69870,AT1G70640,AT1G76580,AT1G20450,AT2G04350,AT2G42540,AT3G19190,AT3G27530,AT3G29590,AT3G46450,AT3G50970,AT4G01985,AT4G03200,AT4G12000,AT4G24450,AT4G34000,AT5G04250,AT5G40800,AT5G42800,AT5G47640,AT5G50240,AT5G55950,AT5G57610,AT5G58340,AT5G58350,AT5G43150,AT5G59310,AT5G59320	na
1	AT4G30980	LRL2	0	na	PWM1025	CisBP	M0247_1.01	186	0.0010736216390938348	0.010635378999421248	31	AT1G16850,AT1G17210,AT1G19970,AT1G27320,AT1G51140,AT1G56650,AT1G67310,AT1G67850,AT1G69870,AT1G70640,AT1G20450,AT2G04350,AT2G22240,AT3G11410,AT3G27530,AT3G28007,AT3G50970,AT3G55580,AT3G56270,AT4G17550,AT4G22880,AT4G34000,AT5G15500,AT5G42800,AT5G47640,AT5G50240,AT5G54060,AT5G55950,AT5G57610,AT5G15970,AT5G15960	na
1	AT5G62610	AT5G62610	0	0	PWM827	CisBP	M0152_1.01	108	0.0000066826170527667814	0.0001288379825334499	37	AT1G16850,AT1G19970,AT1G27320,AT1G33230,AT1G47710,AT1G51140,AT1G56650,AT1G66390,AT1G67310,AT1G67850,AT1G69870,AT1G70640,AT1G20450,AT2G04350,AT2G21620,AT2G22240,AT3G05030,AT3G11410,AT3G27530,AT3G28007,AT3G50970,AT3G55580,AT3G56270,AT4G03200,AT4G12000,AT4G17550,AT4G22880,AT4G34000,AT5G15500,AT5G42800,AT5G47640,AT5G50240,AT5G66460,AT5G15970,AT5G59310,AT5G59320,AT5G15960	
1	AT1G33760	AT1G33760	1	0	PWM935	CisBP	M0073_1.01	110	0.0000066826170527667814	0.0001288379825334499	37	AT1G09350,AT1G19630,AT1G20440,AT1G21790,AT1G27910,AT1G29400,AT1G43890,AT1G47710,AT1G56650,AT1G64890,AT1G68570,AT1G69870,AT1G75370,AT1G76580,AT1G78070,AT1G80130,AT1G20450,AT1G45249,AT2G22240,AT2G23120,AT2G41190,AT3G23840,AT3G28007,AT3G50970,AT3G56270,AT4G01985,AT4G12000,AT4G21940,AT4G24960,AT4G37460,AT4G38580,AT5G04250,AT5G15020,AT5G43880,AT5G52310,AT5G43150,AT5G50720	
1	AT2G46270	GBF3	3	86	PWM951	CisBP	M0260_1.01	111	0.0000066826170527667814	0.0001288379825334499	37	AT1G01250,AT1G09350,AT1G20440,AT1G27320,AT1G29400,AT1G47710,AT1G51140,AT1G64890,AT1G67310,AT1G67850,AT1G69870,AT1G70640,AT1G71710,AT1G20450,AT2G04350,AT2G42540,AT3G11410,AT3G16940,AT3G27530,AT3G46450,AT3G50970,AT3G55580,AT3G56270,AT3G62070,AT4G17550,AT4G34000,AT4G39210,AT5G13560,AT5G15500,AT5G23890,AT5G42800,AT5G50240,AT5G57610,AT5G15970,AT5G59310,AT5G59320,AT5G15960	AT1G01250,AT1G01470,AT1G02400,AT1G09350,AT1G16850,AT1G17210,AT1G19970,AT1G20440,AT1G21790,AT1G27200,AT1G29400,AT1G30500,AT1G32900,AT1G47710,AT1G51090,AT1G51140,AT1G56650,AT1G58360,AT1G64890,AT1G66390,AT1G67310,AT1G68570,AT1G69790,AT1G69870,AT1G70640,AT1G71710,AT1G76580,AT1G78070,AT1G80130,AT1G20450,AT1G45249,AT3G05660,AT2G21620,AT2G39800,AT2G45600,AT2G42540,AT3G05030,AT3G11410,AT3G15350,AT3G16940,AT3G19290,AT3G23840,AT3G27250,AT3G27530,AT3G29590,AT3G45190,AT3G46450,AT3G50970,AT3G56270,AT3G62070,AT3G05650,AT3G16360,AT4G01985,AT4G09820,AT4G12000,AT4G17550,AT4G20850,AT4G24960,AT4G34000,AT4G38580,AT4G01060,AT5G04250,AT5G13200,AT5G13210,AT5G15500,AT5G17220,AT5G23850,AT5G23890,AT5G40800,AT5G42570,AT5G42800,AT5G43880,AT5G47640,AT5G50240,AT5G52310,AT5G56290,AT5G58340,AT5G58350,AT5G64750,AT5G66460,AT5G67180,AT5G15970,AT5G43150,AT5G50720,AT5G59320,AT5G15960
1	AT2G46270	GBF3	3	86	PWM2930	DAP-seq	GBF3_col	137	0.00009997726991183422	0.0013377555593426774	34	AT1G09350,AT1G20440,AT1G27320,AT1G29400,AT1G32900,AT1G51140,AT1G67310,AT1G67850,AT1G69870,AT1G70640,AT1G20450,AT2G04350,AT2G39800,AT2G41190,AT3G16940,AT3G27250,AT3G27530,AT3G45190,AT3G56270,AT4G01985,AT4G09820,AT4G17550,AT4G20850,AT4G22880,AT4G34000,AT5G15500,AT5G23890,AT5G42570,AT5G47640,AT5G50240,AT5G55950,AT5G66460,AT5G15970,AT5G50720	AT1G01250,AT1G01470,AT1G02400,AT1G09350,AT1G16850,AT1G17210,AT1G19970,AT1G20440,AT1G21790,AT1G27200,AT1G29400,AT1G30500,AT1G32900,AT1G47710,AT1G51090,AT1G51140,AT1G56650,AT1G58360,AT1G64890,AT1G66390,AT1G67310,AT1G68570,AT1G69790,AT1G69870,AT1G70640,AT1G71710,AT1G76580,AT1G78070,AT1G80130,AT1G20450,AT1G45249,AT3G05660,AT2G21620,AT2G39800,AT2G45600,AT2G42540,AT3G05030,AT3G11410,AT3G15350,AT3G16940,AT3G19290,AT3G23840,AT3G27250,AT3G27530,AT3G29590,AT3G45190,AT3G46450,AT3G50970,AT3G56270,AT3G62070,AT3G05650,AT3G16360,AT4G01985,AT4G09820,AT4G12000,AT4G17550,AT4G20850,AT4G24960,AT4G34000,AT4G38580,AT4G01060,AT5G04250,AT5G13200,AT5G13210,AT5G15500,AT5G17220,AT5G23850,AT5G23890,AT5G40800,AT5G42570,AT5G42800,AT5G43880,AT5G47640,AT5G50240,AT5G52310,AT5G56290,AT5G58340,AT5G58350,AT5G64750,AT5G66460,AT5G67180,AT5G15970,AT5G43150,AT5G50720,AT5G59320,AT5G15960
1	AT4G36540	BEE2	2	0	PWM964	CisBP	M0160_1.01	113	0.0000066826170527667814	0.0001288379825334499	37	AT1G16850,AT1G19970,AT1G27320,AT1G33230,AT1G36160,AT1G47710,AT1G51140,AT1G56650,AT1G66390,AT1G67310,AT1G67850,AT1G69870,AT1G70640,AT1G20450,AT2G04350,AT2G22240,AT3G05030,AT3G11410,AT3G27530,AT3G28007,AT3G50970,AT3G55580,AT3G56270,AT4G03200,AT4G17550,AT4G22880,AT4G34000,AT4G37460,AT5G15500,AT5G40800,AT5G42800,AT5G47640,AT5G54060,AT5G55950,AT5G66460,AT5G15970,AT5G15960	
1	AT4G36540	BEE2	2	0	PWM2555	JASPAR	MA0956.1	117	0.000017069985661561724	0.0002684779323787734	36	AT1G16850,AT1G19970,AT1G27320,AT1G33230,AT1G36160,AT1G47710,AT1G51140,AT1G56650,AT1G66390,AT1G67310,AT1G67850,AT1G69870,AT1G70640,AT1G20450,AT2G04350,AT2G22240,AT3G05030,AT3G11410,AT3G27530,AT3G28007,AT3G50970,AT3G55580,AT3G56270,AT4G03200,AT4G17550,AT4G22880,AT4G34000,AT4G37460,AT5G15500,AT5G40800,AT5G42800,AT5G47640,AT5G54060,AT5G55950,AT5G15970,AT5G15960	
1	AT5G28770	AtbZIP63	4	na	PWM1427	CisBP	M0268_1.01	114	0.000017069985661561724	0.0002684779323787734	36	AT1G02400,AT1G17210,AT1G27320,AT1G29400,AT1G32900,AT1G47710,AT1G51140,AT1G56650,AT1G67310,AT1G67850,AT1G69870,AT1G70640,AT1G20450,AT2G04350,AT2G39800,AT2G42530,AT3G28007,AT3G45190,AT3G50970,AT3G56270,AT4G01985,AT4G09820,AT4G17550,AT4G20850,AT4G22880,AT4G24960,AT4G34000,AT5G13560,AT5G15500,AT5G23890,AT5G42570,AT5G42800,AT5G50240,AT5G54060,AT5G15970,AT5G15960	na
1	AT4G35610	AT4G35610	1	na	PWM1585	PBM		116	0.000017069985661561724	0.0002684779323787734	36	AT1G03380,AT1G07990,AT1G17210,AT1G17550,AT1G24190,AT1G27320,AT1G29400,AT1G33230,AT1G36160,AT1G50200,AT1G67310,AT1G73040,AT1G80130,AT2G39800,AT3G16940,AT3G19190,AT3G27530,AT3G29590,AT3G45190,AT4G01985,AT4G03200,AT4G18280,AT4G20850,AT4G22880,AT4G34000,AT4G35290,AT5G04250,AT5G13210,AT5G13560,AT5G15020,AT5G19450,AT5G19470,AT5G56290,AT5G67180,AT5G59310,AT5G59320	na
1	AT2G40340	AtERF48	2	na	PWM2585	JASPAR	MA0986.1	118	0.000017069985661561724	0.0002684779323787734	36	AT1G09350,AT1G21790,AT1G27200,AT1G27910,AT1G29400,AT1G43890,AT1G47710,AT1G51090,AT1G64890,AT1G69870,AT1G76580,AT1G78070,AT1G80130,AT1G20450,AT1G45249,AT2G23120,AT2G41190,AT2G42540,AT3G23840,AT3G28007,AT3G29590,AT3G50970,AT4G01985,AT4G21940,AT4G24960,AT4G34280,AT4G38580,AT5G13210,AT5G15020,AT5G42570,AT5G43880,AT5G52310,AT5G56290,AT5G64750,AT5G43150,AT5G50720	na
1	AT2G40340	AtERF48	2	na	PWM1150	PBM		188	0.0010736216390938348	0.010635378999421248	31	AT1G01470,AT1G09350,AT1G21790,AT1G27200,AT1G27910,AT1G29400,AT1G47710,AT1G51090,AT1G64890,AT1G68570,AT1G69790,AT1G70640,AT1G76580,AT1G80130,AT1G20450,AT2G21620,AT2G23120,AT2G41190,AT3G23840,AT3G28007,AT3G50970,AT3G56270,AT4G01985,AT4G21940,AT4G24960,AT5G15020,AT5G43880,AT5G52310,AT5G64750,AT5G43150,AT5G50720	na
1	AT1G12630	AT1G12630	1	0	PWM2737	DAP-seq	AT1G12630_col	119	0.000017069985661561724	0.0002684779323787734	36	AT1G01250,AT1G01470,AT1G20440,AT1G21790,AT1G27200,AT1G27320,AT1G27910,AT1G29400,AT1G36160,AT1G51090,AT1G75370,AT1G76580,AT1G78070,AT1G20450,AT3G05660,AT2G21620,AT2G41190,AT2G42530,AT2G42540,AT3G23840,AT3G50970,AT3G05650,AT4G12000,AT4G21940,AT4G24960,AT4G37460,AT4G01060,AT5G13200,AT5G15020,AT5G40800,AT5G42570,AT5G43880,AT5G50240,AT5G43150,AT5G59310,AT5G59320	
1	AT5G05410	DREB2	2	0	PWM32	AthaMAP	T02646	121	0.000017069985661561724	0.0002684779323787734	36	AT1G09350,AT1G20440,AT1G21790,AT1G27320,AT1G29400,AT1G32900,AT1G56650,AT1G58360,AT1G64890,AT1G66390,AT1G68570,AT1G69870,AT1G78070,AT1G20450,AT1G45249,AT3G16940,AT3G23840,AT3G50970,AT4G03200,AT4G12000,AT4G20850,AT4G21940,AT4G24960,AT4G37460,AT4G39210,AT5G04250,AT5G13560,AT5G28910,AT5G43880,AT5G52310,AT5G66460,AT5G15970,AT5G43150,AT5G59310,AT5G59320,AT5G15960	
1	AT5G05410	DREB2	2	0	PWM159	AthaMAP	T02646	239	0.004316025340576402	0.033356178601954695	29	AT1G17210,AT1G21790,AT1G27320,AT1G33230,AT1G47710,AT1G64890,AT1G67850,AT1G69790,AT1G69870,AT1G71710,AT1G76580,AT1G78070,AT1G80130,AT1G20450,AT2G21590,AT3G05030,AT3G11410,AT3G19290,AT3G23840,AT3G55580,AT4G12000,AT5G40800,AT5G42570,AT5G42800,AT5G43880,AT5G52310,AT5G57610,AT5G43150,AT5G50720	
1	AT2G23340	DEAR3	30	0	PWM1335	PBM		126	0.00004206834103748149	0.0006034282838416345	35	AT1G01250,AT1G09350,AT1G16850,AT1G26830,AT1G27910,AT1G29400,AT1G47710,AT1G64890,AT1G67310,AT1G68570,AT1G69790,AT1G69870,AT1G76580,AT1G20450,AT1G45249,AT2G04350,AT3G05030,AT3G19190,AT3G23840,AT3G50970,AT3G56270,AT3G62070,AT4G01985,AT4G09820,AT4G21940,AT4G24960,AT4G38580,AT4G01060,AT5G04250,AT5G13560,AT5G43880,AT5G47640,AT5G52310,AT5G50720,AT5G59310	
1	AT2G23340	DEAR3	30	0	PWM2796	DAP-seq	DEAR3_col	249	0.004316025340576402	0.033356178601954695	29	AT1G02400,AT1G27910,AT1G29400,AT1G51090,AT1G64890,AT1G70640,AT1G80130,AT1G20450,AT2G22240,AT2G23120,AT2G41190,AT2G42530,AT2G42540,AT3G23840,AT3G28007,AT4G01985,AT4G12000,AT4G21940,AT4G24960,AT4G35290,AT4G37460,AT4G01060,AT5G13560,AT5G15020,AT5G56290,AT5G58340,AT5G64750,AT5G43150,AT5G50720	
1	AT1G10120	AT1G10120	0	0	PWM2891	DAP-seq	BHLH74_col	130	0.00004206834103748149	0.0006034282838416345	35	AT1G09350,AT1G19970,AT1G32900,AT1G36160,AT1G51140,AT1G64890,AT1G67310,AT1G67850,AT1G69870,AT1G70640,AT1G76580,AT1G20450,AT2G04350,AT2G42530,AT3G19190,AT3G27530,AT3G28007,AT3G46450,AT3G50970,AT3G56270,AT4G01985,AT4G12000,AT4G17550,AT4G34000,AT5G10940,AT5G15500,AT5G40800,AT5G42800,AT5G54060,AT5G57610,AT5G66460,AT5G15970,AT5G59310,AT5G59320,AT5G15960	
1	AT3G23690	AT3G23690	2	0	PWM2893	DAP-seq	BHLH77_col	131	0.00004206834103748149	0.0006034282838416345	35	AT1G02400,AT1G17210,AT1G19970,AT1G36160,AT1G64890,AT1G67850,AT1G69790,AT1G69870,AT1G70640,AT1G76580,AT1G78610,AT3G05660,AT2G39800,AT2G42530,AT3G05030,AT3G28007,AT3G50970,AT3G62070,AT4G01985,AT4G03200,AT4G12000,AT4G22880,AT4G37460,AT5G19450,AT5G19470,AT5G23850,AT5G40800,AT5G42800,AT5G47640,AT5G54060,AT5G55950,AT5G57610,AT5G66460,AT5G15970,AT5G15960	
1	AT4G27900	AT4G27900	4	na	PWM2961	DAP-seq	AT4G27900_col	132	0.00004206834103748149	0.0006034282838416345	35	AT1G20440,AT1G27320,AT1G27910,AT1G29400,AT1G32900,AT1G33230,AT1G43890,AT1G47710,AT1G58360,AT1G61800,AT1G68570,AT1G78070,AT1G20450,AT1G45249,AT3G05660,AT2G21590,AT2G42540,AT3G11410,AT3G16940,AT3G27250,AT3G28007,AT3G46450,AT3G56270,AT3G16360,AT4G01985,AT4G38580,AT4G39210,AT4G01060,AT5G04250,AT5G10940,AT5G15500,AT5G42800,AT5G47640,AT5G54060,AT5G66460	na
1	AT2G46970	PIL1	0	na	PWM902	CisBP	M0150_1.01	133	0.00004206834103748149	0.0006034282838416345	35	AT1G01470,AT1G19970,AT1G27320,AT1G51140,AT1G56650,AT1G66390,AT1G67310,AT1G67850,AT1G69870,AT1G70640,AT1G20450,AT2G04350,AT2G21590,AT2G22240,AT2G23120,AT3G05030,AT3G11410,AT3G28007,AT3G50970,AT3G55580,AT3G56270,AT4G03200,AT4G17550,AT4G22880,AT4G34000,AT4G37460,AT5G15500,AT5G40800,AT5G42800,AT5G47640,AT5G50240,AT5G54060,AT5G66460,AT5G15970,AT5G15960	na
1	AT2G04038	AtbZIP48	5	na	PWM2919	DAP-seq	BZIP48_col	135	0.00009997726991183422	0.0013377555593426774	34	AT1G07990,AT1G09350,AT1G20440,AT1G27320,AT1G29400,AT1G32900,AT1G36160,AT1G50200,AT1G69870,AT1G75370,AT1G76580,AT1G20450,AT2G21620,AT2G41190,AT2G42540,AT3G05030,AT3G16940,AT3G27530,AT3G29590,AT3G45190,AT3G50970,AT3G55580,AT3G56270,AT4G20850,AT4G22880,AT4G24960,AT4G35290,AT5G13560,AT5G15500,AT5G23890,AT5G42570,AT5G50720,AT5G59310,AT5G59320	na
1	AT3G62420	ATBZIP53	0	na	PWM2925	DAP-seq	BZIP53_col	136	0.00009997726991183422	0.0013377555593426774	34	AT1G07990,AT1G09350,AT1G20440,AT1G29400,AT1G32900,AT1G50200,AT1G51140,AT1G67310,AT1G69870,AT1G75370,AT1G76580,AT1G20450,AT2G21620,AT2G41190,AT2G42540,AT3G05030,AT3G16940,AT3G19190,AT3G27530,AT3G29590,AT3G45190,AT3G56270,AT4G20850,AT4G22880,AT4G24960,AT5G13560,AT5G15500,AT5G23890,AT5G42570,AT5G42800,AT5G47640,AT5G50720,AT5G59310,AT5G59320	na
1	AT4G34590	ATB2	0	0	PWM2934	DAP-seq	GBF6_col	138	0.00009997726991183422	0.0013377555593426774	34	AT1G02400,AT1G07990,AT1G09350,AT1G20440,AT1G29400,AT1G32900,AT1G50200,AT1G51140,AT1G67310,AT1G69870,AT1G75370,AT1G76580,AT1G20450,AT2G21620,AT2G41190,AT2G42540,AT3G05030,AT3G16940,AT3G27530,AT3G29590,AT3G45190,AT3G56270,AT4G20850,AT4G22880,AT4G24960,AT5G13560,AT5G15500,AT5G23890,AT5G42570,AT5G42800,AT5G47640,AT5G50720,AT5G59310,AT5G59320	
1	AT1G69490	ANAC029	2	na	PWM3	AthaMAP		140	0.00009997726991183422	0.0013377555593426774	34	AT1G09350,AT1G20440,AT1G24190,AT1G29400,AT1G30500,AT1G36160,AT1G50200,AT1G51140,AT1G68570,AT1G75370,AT1G76580,AT1G20450,AT2G21590,AT2G42530,AT2G42540,AT3G05030,AT3G11410,AT3G16940,AT3G19190,AT3G23840,AT3G27530,AT3G28007,AT4G01985,AT4G14090,AT4G17550,AT4G24960,AT4G30790,AT4G38580,AT5G15020,AT5G15500,AT5G42570,AT5G42800,AT5G57610,AT5G59310	na
1	AT1G69490	ANAC029	2	na	PWM3410	DAP-seq	NAP_col	264	0.004316025340576402	0.033356178601954695	29	AT1G01250,AT1G02400,AT1G20440,AT1G26830,AT1G47710,AT1G50200,AT1G56650,AT1G64890,AT1G69870,AT1G20450,AT2G21620,AT2G42530,AT3G05030,AT3G11410,AT3G19190,AT3G27530,AT3G28007,AT3G45190,AT4G01985,AT4G24450,AT4G30790,AT5G04250,AT5G13210,AT5G15500,AT5G42570,AT5G55950,AT5G57610,AT5G64750,AT5G43150	na
1	AT3G59060	PIF5	10	12	PWM904	CisBP	M2225_1.01	142	0.00009997726991183422	0.0013377555593426774	34	AT1G02400,AT1G09350,AT1G27320,AT1G51140,AT1G64890,AT1G66390,AT1G67310,AT1G67850,AT1G69870,AT1G70640,AT1G78070,AT1G20450,AT2G04350,AT3G05660,AT2G21620,AT2G42530,AT3G05030,AT3G27250,AT3G27530,AT3G28007,AT3G55580,AT4G03200,AT4G34000,AT5G13560,AT5G15500,AT5G42800,AT5G50240,AT5G54060,AT5G55950,AT5G57610,AT5G15970,AT5G59310,AT5G59320,AT5G15960	AT1G02400,AT1G16850,AT1G33230,AT1G68570,AT1G78070,AT1G80130,AT2G45600,AT3G05650,AT4G30790,AT5G23850,AT5G47640,AT5G64750
1	AT3G59060	PIF5	10	12	PWM2162	JASPAR	MA0562.1	146	0.00022900828412920305	0.0028714115625430845	33	AT1G02400,AT1G09350,AT1G27320,AT1G51140,AT1G64890,AT1G66390,AT1G67310,AT1G67850,AT1G69870,AT1G70640,AT1G78070,AT1G20450,AT2G04350,AT3G05660,AT2G42530,AT3G05030,AT3G27250,AT3G27530,AT3G28007,AT3G55580,AT4G03200,AT4G34000,AT5G13560,AT5G15500,AT5G42800,AT5G50240,AT5G54060,AT5G55950,AT5G57610,AT5G15970,AT5G59310,AT5G59320,AT5G15960	AT1G02400,AT1G16850,AT1G33230,AT1G68570,AT1G78070,AT1G80130,AT2G45600,AT3G05650,AT4G30790,AT5G23850,AT5G47640,AT5G64750
1	AT2G36450	HRD	3	na	PWM1273	CisBP	M0019_1.01	143	0.00022900828412920305	0.0028714115625430845	33	AT1G09350,AT1G20440,AT1G21790,AT1G27200,AT1G27320,AT1G27910,AT1G47710,AT1G67310,AT1G69790,AT1G70640,AT1G76580,AT1G78070,AT1G80130,AT1G20450,AT3G05660,AT2G21620,AT2G39800,AT2G41190,AT3G19290,AT3G23840,AT3G29590,AT3G50970,AT4G01985,AT4G17550,AT4G21940,AT4G24960,AT4G34000,AT5G04250,AT5G42570,AT5G43880,AT5G52310,AT5G64750,AT5G50720	na
1	AT1G69010	BIM2	0	0	PWM2564	JASPAR	MA0965.1	148	0.00022900828412920305	0.0028714115625430845	33	AT1G01250,AT1G19970,AT1G32900,AT1G51140,AT1G56650,AT1G66390,AT1G67310,AT1G67850,AT1G69870,AT1G70640,AT1G76580,AT1G20450,AT2G04350,AT3G05660,AT2G22240,AT2G42530,AT3G05030,AT3G11410,AT3G27530,AT3G28007,AT3G50970,AT3G55580,AT4G17550,AT4G22880,AT4G34000,AT4G37460,AT5G15500,AT5G23850,AT5G42800,AT5G47640,AT5G54060,AT5G15970,AT5G15960	
1	AT1G69010	BIM2	0	0	PWM2898	DAP-seq	BIM2_col	149	0.00022900828412920305	0.0028714115625430845	33	AT1G01250,AT1G16850,AT1G19630,AT1G19970,AT1G21790,AT1G32900,AT1G51140,AT1G64890,AT1G66390,AT1G67850,AT1G69790,AT1G69870,AT1G70640,AT1G76580,AT1G20450,AT2G04350,AT3G19190,AT3G28007,AT3G46450,AT3G50970,AT4G01985,AT4G17550,AT4G24450,AT4G34000,AT5G04250,AT5G15500,AT5G23850,AT5G40800,AT5G42800,AT5G47640,AT5G15970,AT5G59310,AT5G59320	
1	AT1G69010	BIM2	0	0	PWM1439	CisBP	M0153_1.01	167	0.000505334122788911	0.005734582798484287	32	AT1G01250,AT1G19970,AT1G32900,AT1G51140,AT1G56650,AT1G66390,AT1G67310,AT1G67850,AT1G69870,AT1G70640,AT1G76580,AT1G20450,AT2G04350,AT3G05660,AT2G22240,AT2G42530,AT3G05030,AT3G11410,AT3G27530,AT3G28007,AT3G50970,AT4G17550,AT4G22880,AT4G34000,AT4G37460,AT5G15500,AT5G23850,AT5G42800,AT5G47640,AT5G54060,AT5G15970,AT5G15960	
1	AT3G30530	ATBZIP42	1	na	PWM2914	DAP-seq	BZIP42_col	150	0.00022900828412920305	0.0028714115625430845	33	AT1G07990,AT1G09350,AT1G20440,AT1G27320,AT1G29400,AT1G32900,AT1G50200,AT1G69870,AT1G75370,AT1G76580,AT1G20450,AT2G21620,AT2G41190,AT3G05030,AT3G16940,AT3G27530,AT3G29590,AT3G45190,AT3G50970,AT3G56270,AT4G20850,AT4G22880,AT4G24960,AT4G35290,AT5G13560,AT5G15500,AT5G19450,AT5G23890,AT5G42570,AT5G42800,AT5G50720,AT5G59310,AT5G59320	na
1	AT4G18890	At4g18890	0	na	PWM2956	DAP-seq	AT4G18890_col	151	0.00022900828412920305	0.0028714115625430845	33	AT1G01250,AT1G17210,AT1G19970,AT1G21790,AT1G27320,AT1G51140,AT1G67310,AT1G67850,AT1G69870,AT1G70640,AT1G80130,AT2G04350,AT2G39800,AT2G42530,AT2G42540,AT3G27530,AT3G46450,AT3G50970,AT3G56270,AT3G62070,AT4G03200,AT4G12000,AT4G17550,AT4G24960,AT5G04250,AT5G40800,AT5G58340,AT5G58350,AT5G66460,AT5G15970,AT5G43150,AT5G59310,AT5G59320	na
1	AT1G18330	EPR1	2	na	PWM3334	DAP-seq	EPR1_col	152	0.00022900828412920305	0.0028714115625430845	33	AT1G07990,AT1G16850,AT1G19630,AT1G20440,AT1G29400,AT1G36160,AT1G47710,AT1G51090,AT1G61800,AT1G64890,AT1G67310,AT1G70640,AT1G71710,AT1G78070,AT1G80130,AT2G39800,AT2G42530,AT2G42540,AT3G16940,AT3G19190,AT3G55580,AT3G62070,AT3G16360,AT4G18280,AT4G24450,AT4G37460,AT4G38580,AT5G04250,AT5G13200,AT5G13210,AT5G15970,AT5G43150,AT5G15960	na
1	AT1G18330	EPR1	2	na	PWM958	CisBP	M1219_1.01	275	0.004316025340576402	0.033356178601954695	29	AT1G01470,AT1G16850,AT1G19630,AT1G47710,AT1G58360,AT1G61800,AT1G70640,AT1G71710,AT1G76580,AT1G80130,AT1G45249,AT2G39800,AT2G42530,AT3G05030,AT3G11410,AT3G16940,AT3G19190,AT3G55580,AT4G24450,AT4G34000,AT4G35290,AT5G13200,AT5G13210,AT5G15020,AT5G17850,AT5G58350,AT5G15970,AT5G21326,AT5G50720	na
1	AT5G01380	GT3a	0	0	PWM3509	DAP-seq	GT3A_col	153	0.00022900828412920305	0.0028714115625430845	33	AT1G01250,AT1G02400,AT1G19970,AT1G27320,AT1G32900,AT1G51140,AT1G67310,AT1G67850,AT1G70640,AT1G78070,AT1G20450,AT2G42530,AT3G27250,AT3G27530,AT3G28007,AT3G50970,AT3G56270,AT3G62070,AT4G01985,AT4G03200,AT4G17550,AT4G34000,AT5G04250,AT5G13200,AT5G23850,AT5G40800,AT5G42800,AT5G54060,AT5G55950,AT5G15970,AT5G59310,AT5G59320,AT5G15960	
1	AT5G49450	AtbZIP1	1	0	PWM437	AthaMAP		154	0.00022900828412920305	0.0028714115625430845	33	AT1G01470,AT1G09350,AT1G20440,AT1G27320,AT1G51140,AT1G64890,AT1G67310,AT1G68570,AT1G69790,AT1G69870,AT1G70640,AT1G71710,AT1G78070,AT1G20450,AT2G04350,AT2G22240,AT2G42540,AT3G27250,AT3G27530,AT3G28007,AT3G56270,AT3G62070,AT4G01985,AT4G12000,AT4G34000,AT4G34280,AT5G15500,AT5G42800,AT5G50240,AT5G57610,AT5G64750,AT5G15970,AT5G15960	
1	AT5G46760	MYC3	10	0	PWM879	CisBP	M0164_1.01	155	0.00022900828412920305	0.0028714115625430845	33	AT1G16850,AT1G19970,AT1G27320,AT1G32900,AT1G51140,AT1G56650,AT1G61800,AT1G66390,AT1G67850,AT1G69870,AT1G70640,AT1G20450,AT2G04350,AT2G21590,AT2G47670,AT3G05030,AT3G11410,AT3G27250,AT3G27530,AT3G28007,AT3G50970,AT3G56270,AT4G03200,AT4G17550,AT4G22880,AT4G34000,AT5G40800,AT5G42800,AT5G47640,AT5G66460,AT5G15970,AT5G43150,AT5G15960	
1	AT4G06746	DEAR5	6	na	PWM910	CisBP	M0075_1.01	156	0.00022900828412920305	0.0028714115625430845	33	AT1G02400,AT1G09350,AT1G27910,AT1G29400,AT1G51090,AT1G64890,AT1G68570,AT1G69790,AT1G69870,AT1G75370,AT1G76580,AT1G80130,AT1G20450,AT1G45249,AT2G22240,AT2G41190,AT3G23840,AT3G28007,AT3G50970,AT3G56270,AT4G01985,AT4G12000,AT4G21940,AT4G24960,AT4G34280,AT4G37460,AT4G38580,AT5G15020,AT5G43880,AT5G52310,AT5G64750,AT5G43150,AT5G50720	na
1	AT1G01520	ASG4	10	na	PWM1198	CisBP	M1205_1.01	158	0.000505334122788911	0.005734582798484287	32	AT1G16850,AT1G19630,AT1G20440,AT1G29400,AT1G47710,AT1G50200,AT1G51140,AT1G61800,AT1G69870,AT1G70640,AT1G71710,AT1G78610,AT2G39800,AT3G19190,AT3G29590,AT3G55580,AT3G16360,AT4G12000,AT4G18280,AT4G24450,AT4G30790,AT4G37460,AT4G38580,AT4G01060,AT5G04250,AT5G15500,AT5G17850,AT5G19450,AT5G40800,AT5G15970,AT5G43150,AT5G15960	na
1	AT3G09600	At3g09600	7	na	PWM1199	CisBP	M1205_1.01	159	0.000505334122788911	0.005734582798484287	32	AT1G16850,AT1G19630,AT1G20440,AT1G29400,AT1G47710,AT1G50200,AT1G51140,AT1G61800,AT1G69870,AT1G70640,AT1G71710,AT1G78610,AT2G39800,AT3G19190,AT3G29590,AT3G55580,AT3G16360,AT4G12000,AT4G18280,AT4G24450,AT4G30790,AT4G37460,AT4G38580,AT4G01060,AT5G04250,AT5G15500,AT5G17850,AT5G19450,AT5G40800,AT5G15970,AT5G43150,AT5G15960	na
1	AT3G09600	At3g09600	7	na	PWM3310	DAP-seq	AT3G09600_col	258	0.004316025340576402	0.033356178601954695	29	AT1G07990,AT1G16850,AT1G19630,AT1G20440,AT1G36160,AT1G47710,AT1G61800,AT1G64890,AT1G67310,AT1G69870,AT1G70640,AT1G80130,AT2G39800,AT2G42530,AT2G42540,AT3G19190,AT3G27530,AT3G55580,AT3G62070,AT4G18280,AT4G24450,AT4G37460,AT4G38580,AT5G04250,AT5G13560,AT5G17850,AT5G43880,AT5G15970,AT5G15960	na
1	AT4G01280	At4g01280	2	na	PWM1200	CisBP	M1205_1.01	160	0.000505334122788911	0.005734582798484287	32	AT1G16850,AT1G19630,AT1G20440,AT1G29400,AT1G47710,AT1G50200,AT1G51140,AT1G61800,AT1G69870,AT1G70640,AT1G71710,AT1G78610,AT2G39800,AT3G19190,AT3G29590,AT3G55580,AT3G16360,AT4G12000,AT4G18280,AT4G24450,AT4G30790,AT4G37460,AT4G38580,AT4G01060,AT5G04250,AT5G15500,AT5G17850,AT5G19450,AT5G40800,AT5G15970,AT5G43150,AT5G15960	na
1	AT5G02840	LCL1	3	0	PWM1201	CisBP	M1205_1.01	161	0.000505334122788911	0.005734582798484287	32	AT1G16850,AT1G19630,AT1G20440,AT1G29400,AT1G47710,AT1G50200,AT1G51140,AT1G61800,AT1G69870,AT1G70640,AT1G71710,AT1G78610,AT2G39800,AT3G19190,AT3G29590,AT3G55580,AT3G16360,AT4G12000,AT4G18280,AT4G24450,AT4G30790,AT4G37460,AT4G38580,AT4G01060,AT5G04250,AT5G15500,AT5G17850,AT5G19450,AT5G40800,AT5G15970,AT5G43150,AT5G15960	
1	AT5G02840	LCL1	3	0	PWM3336	DAP-seq	LCL1_col	177	0.000505334122788911	0.005734582798484287	32	AT1G01470,AT1G07990,AT1G16850,AT1G19630,AT1G20440,AT1G36160,AT1G47710,AT1G51090,AT1G61800,AT1G64890,AT1G67310,AT1G69790,AT1G69870,AT1G70640,AT1G71710,AT1G80130,AT2G39800,AT2G42530,AT2G42540,AT3G16940,AT3G19190,AT3G27530,AT3G55580,AT4G18280,AT4G24450,AT4G37460,AT4G38580,AT5G04250,AT5G13560,AT5G23850,AT5G43880,AT5G15970	
1	AT5G52660	At5g52660	32	na	PWM1202	CisBP	M1205_1.01	162	0.000505334122788911	0.005734582798484287	32	AT1G16850,AT1G19630,AT1G20440,AT1G29400,AT1G47710,AT1G50200,AT1G51140,AT1G61800,AT1G69870,AT1G70640,AT1G71710,AT1G78610,AT2G39800,AT3G19190,AT3G29590,AT3G55580,AT3G16360,AT4G12000,AT4G18280,AT4G24450,AT4G30790,AT4G37460,AT4G38580,AT4G01060,AT5G04250,AT5G15500,AT5G17850,AT5G19450,AT5G40800,AT5G15970,AT5G43150,AT5G15960	na
1	AT5G52660	At5g52660	32	na	PWM3326	DAP-seq	AT5G52660_col	260	0.004316025340576402	0.033356178601954695	29	AT1G01470,AT1G07990,AT1G16850,AT1G19630,AT1G20440,AT1G36160,AT1G47710,AT1G61800,AT1G64890,AT1G67310,AT1G69870,AT1G70640,AT1G71710,AT1G80130,AT2G39800,AT2G42530,AT2G42540,AT3G19190,AT3G55580,AT4G03200,AT4G18280,AT4G24450,AT4G37460,AT4G38580,AT5G04250,AT5G13560,AT5G43880,AT5G15970,AT5G43150	na
1	AT4G17880	MYC4	4	na	PWM1272	CisBP	M2232_1.01	163	0.000505334122788911	0.005734582798484287	32	AT1G16850,AT1G19970,AT1G27320,AT1G51140,AT1G56650,AT1G67850,AT1G69870,AT1G70640,AT1G80130,AT1G20450,AT2G04350,AT2G22240,AT3G05030,AT3G11410,AT3G27530,AT3G50970,AT3G56270,AT4G01985,AT4G12000,AT4G17550,AT4G22880,AT5G04250,AT5G15500,AT5G40800,AT5G42800,AT5G55950,AT5G66460,AT5G67180,AT5G15970,AT5G59310,AT5G59320,AT5G15960	na
1	AT4G17880	MYC4	4	na	PWM2169	JASPAR	MA0569.1	168	0.000505334122788911	0.005734582798484287	32	AT1G16850,AT1G19970,AT1G27320,AT1G51140,AT1G56650,AT1G67850,AT1G69870,AT1G70640,AT1G80130,AT1G20450,AT2G04350,AT2G22240,AT3G05030,AT3G11410,AT3G27530,AT3G50970,AT3G56270,AT4G01985,AT4G12000,AT4G17550,AT4G22880,AT5G04250,AT5G15500,AT5G40800,AT5G42800,AT5G55950,AT5G66460,AT5G67180,AT5G15970,AT5G59310,AT5G59320,AT5G15960	na
1	AT1G19210	At1g19210	8	na	PWM1379	CisBP	M0014_1.01	164	0.000505334122788911	0.005734582798484287	32	AT1G09350,AT1G20440,AT1G26830,AT1G27200,AT1G27910,AT1G43890,AT1G47710,AT1G66390,AT1G69790,AT1G69870,AT1G70640,AT1G20450,AT2G42530,AT2G45600,AT2G42540,AT3G11410,AT3G16940,AT3G23840,AT3G27250,AT3G28007,AT3G29590,AT4G01985,AT4G12000,AT4G24960,AT4G38580,AT5G04250,AT5G13560,AT5G23850,AT5G43880,AT5G64750,AT5G50720,AT5G59310	na
1	AT4G31060	At4g31060	0	0	PWM1380	CisBP	M0014_1.01	165	0.000505334122788911	0.005734582798484287	32	AT1G09350,AT1G20440,AT1G26830,AT1G27200,AT1G27910,AT1G43890,AT1G47710,AT1G66390,AT1G69790,AT1G69870,AT1G70640,AT1G20450,AT2G42530,AT2G45600,AT2G42540,AT3G11410,AT3G16940,AT3G23840,AT3G27250,AT3G28007,AT3G29590,AT4G01985,AT4G12000,AT4G24960,AT4G38580,AT5G04250,AT5G13560,AT5G23850,AT5G43880,AT5G64750,AT5G50720,AT5G59310	
1	AT5G21960	AT5G21960	8	na	PWM1381	CisBP	M0014_1.01	166	0.000505334122788911	0.005734582798484287	32	AT1G09350,AT1G20440,AT1G26830,AT1G27200,AT1G27910,AT1G43890,AT1G47710,AT1G66390,AT1G69790,AT1G69870,AT1G70640,AT1G20450,AT2G42530,AT2G45600,AT2G42540,AT3G11410,AT3G16940,AT3G23840,AT3G27250,AT3G28007,AT3G29590,AT4G01985,AT4G12000,AT4G24960,AT4G38580,AT5G04250,AT5G13560,AT5G23850,AT5G43880,AT5G64750,AT5G50720,AT5G59310	na
1	AT1G52150	ATHB15	4	0	PWM2623	JASPAR	MA1026.1	169	0.000505334122788911	0.005734582798484287	32	AT1G16850,AT1G27910,AT1G32900,AT1G36160,AT1G50200,AT1G51140,AT1G66390,AT1G68570,AT1G69870,AT3G05660,AT2G23120,AT2G39800,AT2G47670,AT3G11410,AT3G05650,AT3G16360,AT4G01985,AT4G09820,AT4G20850,AT4G24450,AT4G34000,AT5G13200,AT5G13210,AT5G15500,AT5G17850,AT5G23890,AT5G43880,AT5G55950,AT5G57610,AT5G66460,AT5G59310,AT5G59320	
1	AT3G15030	MEE35	1	0	PWM2631	JASPAR	MA1035.1	170	0.000505334122788911	0.005734582798484287	32	AT1G07990,AT1G20440,AT1G27910,AT1G50200,AT1G51090,AT1G51140,AT1G58360,AT1G67850,AT1G68570,AT1G69870,AT1G70640,AT1G80130,AT2G21590,AT2G47670,AT3G05030,AT3G11410,AT3G45190,AT3G50970,AT4G09820,AT4G17550,AT4G24450,AT4G24960,AT4G34000,AT4G38580,AT4G01060,AT5G13560,AT5G28910,AT5G56290,AT5G66460,AT5G15970,AT5G59310,AT5G59320	
1	AT3G15030	MEE35	1	0	PWM1230	CisBP	M1516_1.01	209	0.002194990046236834	0.01883070408087389	30	AT1G07990,AT1G20440,AT1G50200,AT1G51090,AT1G51140,AT1G58360,AT1G67850,AT1G68570,AT1G69870,AT1G75370,AT1G80130,AT2G21590,AT2G47670,AT3G05030,AT3G11410,AT3G45190,AT4G09820,AT4G17550,AT4G24450,AT4G24960,AT4G34000,AT4G38580,AT4G01060,AT5G13560,AT5G28910,AT5G56290,AT5G66460,AT5G15970,AT5G59310,AT5G59320	
1	AT1G01720	ANAC002	6	na	PWM2697	UNIPROBE	UP00573	171	0.000505334122788911	0.005734582798484287	32	AT1G01250,AT1G01470,AT1G07990,AT1G16850,AT1G19970,AT1G24190,AT1G26830,AT1G36160,AT1G56650,AT1G61800,AT1G66390,AT1G69790,AT1G75370,AT1G78610,AT1G20450,AT3G15350,AT3G19290,AT3G29590,AT3G56270,AT4G03200,AT4G12000,AT4G24450,AT4G37460,AT4G38580,AT4G01060,AT5G47640,AT5G50240,AT5G58340,AT5G58350,AT5G66460,AT5G43150,AT5G15960	na
1	AT1G01720	ANAC002	6	na	PWM2696	UNIPROBE	UP00573	247	0.004316025340576402	0.033356178601954695	29	AT1G01250,AT1G02400,AT1G16850,AT1G26830,AT1G27320,AT1G27910,AT1G56650,AT1G61800,AT1G66390,AT1G67850,AT1G68570,AT1G69790,AT1G73040,AT1G78610,AT1G80130,AT1G20450,AT1G45249,AT3G05030,AT3G27530,AT3G56270,AT4G03200,AT4G22880,AT4G24450,AT4G34000,AT4G38580,AT5G23850,AT5G42800,AT5G50240,AT5G15960	na
1	AT5G62000	ARF1-BP	3	na	PWM2863	DAP-seq	ARF2_col	172	0.000505334122788911	0.005734582798484287	32	AT1G09350,AT1G16850,AT1G27200,AT1G27910,AT1G29400,AT1G51090,AT1G51140,AT1G58360,AT1G68570,AT1G71710,AT1G75370,AT1G76580,AT1G80130,AT2G21590,AT2G21620,AT2G42540,AT3G23840,AT3G28007,AT3G56270,AT4G01985,AT4G12000,AT4G18280,AT4G21940,AT4G24450,AT4G24960,AT5G10940,AT5G13200,AT5G17850,AT5G42570,AT5G47640,AT5G52310,AT5G50720	na
1	AT5G15830	AtbZIP3	0	0	PWM2913	DAP-seq	BZIP3_col	173	0.000505334122788911	0.005734582798484287	32	AT1G07990,AT1G09350,AT1G20440,AT1G27320,AT1G29400,AT1G32900,AT1G51140,AT1G67310,AT1G69870,AT1G70640,AT1G76580,AT1G20450,AT2G21620,AT2G41190,AT3G16940,AT3G27530,AT3G29590,AT3G45190,AT3G56270,AT4G01985,AT4G09820,AT4G20850,AT4G22880,AT4G34000,AT5G13560,AT5G15500,AT5G23890,AT5G42570,AT5G47640,AT5G50240,AT5G50720,AT5G59310	
1	AT5G38800	AtbZIP43	3	na	PWM2916	DAP-seq	BZIP43_col	174	0.000505334122788911	0.005734582798484287	32	AT1G09350,AT1G20440,AT1G27320,AT1G29400,AT1G32900,AT1G50200,AT1G51140,AT1G69870,AT1G75370,AT1G76580,AT1G20450,AT2G21620,AT3G05030,AT3G16940,AT3G27530,AT3G29590,AT3G45190,AT3G50970,AT3G56270,AT4G20850,AT4G22880,AT4G24450,AT5G13560,AT5G15500,AT5G19450,AT5G19470,AT5G23890,AT5G42570,AT5G42800,AT5G47640,AT5G50720,AT5G59320	na
1	AT4G36780	At4g36780	1	na	PWM2958	DAP-seq	AT4G36780_col	175	0.000505334122788911	0.005734582798484287	32	AT1G17210,AT1G19970,AT1G27320,AT1G51140,AT1G67850,AT1G69870,AT1G70640,AT1G80130,AT2G39800,AT2G42530,AT2G42540,AT3G05030,AT3G11410,AT3G27530,AT3G46450,AT3G50970,AT3G62070,AT4G03200,AT4G12000,AT4G17550,AT4G24960,AT4G37460,AT5G04250,AT5G10940,AT5G23850,AT5G40800,AT5G64750,AT5G66460,AT5G15970,AT5G43150,AT5G59310,AT5G59320	na
1	AT5G06100	ATMYB33	1	na	PWM3245	DAP-seq	MYB33_col	176	0.000505334122788911	0.005734582798484287	32	AT1G27910,AT1G29400,AT1G36160,AT1G50200,AT1G64890,AT1G69870,AT1G75370,AT1G76580,AT1G78610,AT1G45249,AT3G05660,AT2G21590,AT3G11410,AT3G19190,AT3G27530,AT3G45190,AT3G56270,AT3G05650,AT4G09820,AT4G30790,AT4G34000,AT4G37460,AT4G39210,AT5G13560,AT5G28910,AT5G42800,AT5G43880,AT5G47640,AT5G66460,AT5G59310,AT5G59320,AT5G15960	na
1	AT5G06100	ATMYB33	1	na	PWM1256	CisBP	M1240_1.01	191	0.0010736216390938348	0.010635378999421248	31	AT1G47710,AT1G50200,AT1G58360,AT1G69670,AT1G69870,AT1G70640,AT1G78070,AT1G45249,AT2G04350,AT3G05660,AT2G39800,AT2G45600,AT3G16940,AT3G23840,AT3G29590,AT3G05650,AT3G16360,AT4G03200,AT4G12000,AT4G14090,AT4G21940,AT4G24960,AT4G30790,AT4G35290,AT4G39210,AT4G01060,AT5G04250,AT5G15500,AT5G47640,AT5G66460,AT5G50720	na
1	AT1G01060	LHY	8	na	PWM3338	DAP-seq	LHY1_col	178	0.000505334122788911	0.005734582798484287	32	AT1G07990,AT1G16850,AT1G19630,AT1G20440,AT1G29400,AT1G36160,AT1G47710,AT1G51090,AT1G61800,AT1G64890,AT1G67310,AT1G69790,AT1G70640,AT1G71710,AT1G80130,AT2G39800,AT2G42530,AT2G42540,AT3G16940,AT3G19190,AT3G29590,AT3G55580,AT3G62070,AT4G18280,AT4G24450,AT4G37460,AT4G38580,AT5G04250,AT5G13560,AT5G17850,AT5G43880,AT5G15970	na
1	AT2G41070	ATBZIP12	4	0	PWM588	AthaMAP	T05618	179	0.000505334122788911	0.005734582798484287	32	AT1G02400,AT1G03380,AT1G09350,AT1G30500,AT1G33230,AT1G51140,AT1G67310,AT1G70640,AT1G78070,AT2G21620,AT2G23120,AT2G41190,AT3G19190,AT3G19290,AT3G23840,AT3G27250,AT3G28007,AT3G55580,AT4G01985,AT4G09820,AT4G20850,AT4G34000,AT5G10940,AT5G43880,AT5G50240,AT5G55950,AT5G56290,AT5G57610,AT5G15970,AT5G50720,AT5G59310,AT5G59320	
1	AT2G41070	ATBZIP12	4	0	PWM718	AthaMAP	T05618	268	0.004316025340576402	0.033356178601954695	29	AT1G02400,AT1G16850,AT1G17550,AT1G24190,AT1G26830,AT1G27320,AT1G27910,AT1G32900,AT1G36160,AT1G67850,AT1G68570,AT1G71710,AT1G78070,AT1G80130,AT2G21620,AT2G22240,AT2G45600,AT3G15350,AT3G45190,AT3G62070,AT3G16360,AT4G20850,AT4G01060,AT5G56290,AT5G58340,AT5G58350,AT5G15970,AT5G21326,AT5G15960	
1	AT2G27050	AtEIL1	2	0	PWM1004	CisBP	M0605_1.01	181	0.0010736216390938348	0.010635378999421248	31	AT1G24190,AT1G26830,AT1G27910,AT1G30500,AT1G32900,AT1G33230,AT1G36160,AT1G47710,AT1G69870,AT1G70640,AT2G21590,AT3G11410,AT3G16940,AT3G23840,AT3G27250,AT3G27530,AT3G45190,AT3G05650,AT4G03200,AT4G12000,AT4G20850,AT4G22880,AT4G24450,AT4G30790,AT4G34000,AT4G35290,AT5G15020,AT5G47640,AT5G52310,AT5G56290,AT5G64750	
1	AT5G65100	AT5G65100	5	na	PWM1005	CisBP	M0605_1.01	182	0.0010736216390938348	0.010635378999421248	31	AT1G24190,AT1G26830,AT1G27910,AT1G30500,AT1G32900,AT1G33230,AT1G36160,AT1G47710,AT1G69870,AT1G70640,AT2G21590,AT3G11410,AT3G16940,AT3G23840,AT3G27250,AT3G27530,AT3G45190,AT3G05650,AT4G03200,AT4G12000,AT4G20850,AT4G22880,AT4G24450,AT4G30790,AT4G34000,AT4G35290,AT5G15020,AT5G47640,AT5G52310,AT5G56290,AT5G64750	na
1	AT1G03040	AT1G03040	0	na	PWM1022	CisBP	M0247_1.01	183	0.0010736216390938348	0.010635378999421248	31	AT1G16850,AT1G17210,AT1G19970,AT1G27320,AT1G51140,AT1G56650,AT1G67310,AT1G67850,AT1G69870,AT1G70640,AT1G20450,AT2G04350,AT2G22240,AT3G11410,AT3G27530,AT3G28007,AT3G50970,AT3G55580,AT3G56270,AT4G17550,AT4G22880,AT4G34000,AT5G15500,AT5G42800,AT5G47640,AT5G50240,AT5G54060,AT5G55950,AT5G57610,AT5G15970,AT5G15960	na
1	AT2G24260	LRL1	0	na	PWM1023	CisBP	M0247_1.01	184	0.0010736216390938348	0.010635378999421248	31	AT1G16850,AT1G17210,AT1G19970,AT1G27320,AT1G51140,AT1G56650,AT1G67310,AT1G67850,AT1G69870,AT1G70640,AT1G20450,AT2G04350,AT2G22240,AT3G11410,AT3G27530,AT3G28007,AT3G50970,AT3G55580,AT3G56270,AT4G17550,AT4G22880,AT4G34000,AT5G15500,AT5G42800,AT5G47640,AT5G50240,AT5G54060,AT5G55950,AT5G57610,AT5G15970,AT5G15960	na
1	AT4G02590	UNE12	1	na	PWM1024	CisBP	M0247_1.01	185	0.0010736216390938348	0.010635378999421248	31	AT1G16850,AT1G17210,AT1G19970,AT1G27320,AT1G51140,AT1G56650,AT1G67310,AT1G67850,AT1G69870,AT1G70640,AT1G20450,AT2G04350,AT2G22240,AT3G11410,AT3G27530,AT3G28007,AT3G50970,AT3G55580,AT3G56270,AT4G17550,AT4G22880,AT4G34000,AT5G15500,AT5G42800,AT5G47640,AT5G50240,AT5G54060,AT5G55950,AT5G57610,AT5G15970,AT5G15960	na
1	AT5G58010	LRL3	1	0	PWM1026	CisBP	M0247_1.01	187	0.0010736216390938348	0.010635378999421248	31	AT1G16850,AT1G17210,AT1G19970,AT1G27320,AT1G51140,AT1G56650,AT1G67310,AT1G67850,AT1G69870,AT1G70640,AT1G20450,AT2G04350,AT2G22240,AT3G11410,AT3G27530,AT3G28007,AT3G50970,AT3G55580,AT3G56270,AT4G17550,AT4G22880,AT4G34000,AT5G15500,AT5G42800,AT5G47640,AT5G50240,AT5G54060,AT5G55950,AT5G57610,AT5G15970,AT5G15960	
1	AT3G25730	EDF3	1	0	PWM1197	CisBP	M0080_1.01	189	0.0010736216390938348	0.010635378999421248	31	AT1G03380,AT1G07990,AT1G17210,AT1G19630,AT1G21790,AT1G26830,AT1G27320,AT1G27910,AT1G36160,AT1G50200,AT1G51140,AT1G76580,AT1G78070,AT1G45249,AT2G21590,AT2G39800,AT3G19190,AT3G27250,AT3G27530,AT4G12000,AT4G20850,AT4G34000,AT4G35290,AT5G10940,AT5G13560,AT5G15020,AT5G19450,AT5G43880,AT5G55950,AT5G57610,AT5G67180	
1	AT3G11440	ATMYB65	1	0	PWM1255	CisBP	M1240_1.01	190	0.0010736216390938348	0.010635378999421248	31	AT1G47710,AT1G50200,AT1G58360,AT1G69670,AT1G69870,AT1G70640,AT1G78070,AT1G45249,AT2G04350,AT3G05660,AT2G39800,AT2G45600,AT3G16940,AT3G23840,AT3G29590,AT3G05650,AT3G16360,AT4G03200,AT4G12000,AT4G14090,AT4G21940,AT4G24960,AT4G30790,AT4G35290,AT4G39210,AT4G01060,AT5G04250,AT5G15500,AT5G47640,AT5G66460,AT5G50720	
1	AT1G29160	COG1	0	0	PWM1494	CisBP	M0571_1.01	192	0.0010736216390938348	0.010635378999421248	31	AT1G01250,AT1G07990,AT1G17210,AT1G17550,AT1G19630,AT1G26830,AT1G29400,AT1G30500,AT1G47710,AT1G69870,AT1G75370,AT1G80130,AT3G05660,AT2G47670,AT3G15350,AT3G19290,AT3G16360,AT4G20850,AT4G24960,AT4G34000,AT4G34280,AT4G35290,AT4G37460,AT4G38580,AT5G15020,AT5G17850,AT5G19450,AT5G40800,AT5G42570,AT5G43880,AT5G64750	
1	AT5G62020	AT-HSFB2A	0	0	PWM1597	PBM		193	0.0010736216390938348	0.010635378999421248	31	AT1G02400,AT1G03380,AT1G17210,AT1G20440,AT1G24190,AT1G27320,AT1G27910,AT1G32900,AT1G47710,AT1G61800,AT1G20450,AT2G21590,AT2G39800,AT3G05030,AT3G16940,AT3G23840,AT3G27530,AT3G46450,AT3G56270,AT4G20850,AT4G30790,AT4G37460,AT5G13200,AT5G13560,AT5G15020,AT5G19450,AT5G23850,AT5G42800,AT5G54060,AT5G15970,AT5G15960	
1	AT3G15500	ANAC055	6	na	PWM2536	JASPAR	MA0937.1	194	0.0010736216390938348	0.010635378999421248	31	AT1G01250,AT1G07990,AT1G16850,AT1G27910,AT1G47710,AT1G50200,AT1G51140,AT1G56650,AT1G58360,AT1G64890,AT1G69870,AT1G20450,AT2G21620,AT2G42530,AT3G11410,AT3G19190,AT3G27530,AT3G28007,AT4G01985,AT4G18280,AT4G21940,AT5G04250,AT5G13210,AT5G15500,AT5G42570,AT5G57610,AT5G58340,AT5G58350,AT5G66460,AT5G43150,AT5G15960	na
1	AT5G38860	BIM3	0	na	PWM2565	JASPAR	MA0966.1	195	0.0010736216390938348	0.010635378999421248	31	AT1G19970,AT1G51140,AT1G56650,AT1G66390,AT1G67310,AT1G67850,AT1G69870,AT1G70640,AT1G20450,AT2G04350,AT3G05660,AT2G22240,AT2G23120,AT3G05030,AT3G11410,AT3G27530,AT3G28007,AT3G50970,AT3G55580,AT4G17550,AT4G22880,AT4G34000,AT4G37460,AT5G15500,AT5G23850,AT5G42800,AT5G47640,AT5G54060,AT5G55950,AT5G15970,AT5G15960	na
1	AT5G38860	BIM3	0	na	PWM2900	DAP-seq	BIM3_col	201	0.0010736216390938348	0.010635378999421248	31	AT1G01250,AT1G07990,AT1G09350,AT1G16850,AT1G17210,AT1G21790,AT1G32900,AT1G51140,AT1G64890,AT1G67310,AT1G67850,AT1G70640,AT1G76580,AT1G20450,AT3G05660,AT3G19190,AT3G19290,AT3G27250,AT3G27530,AT3G28007,AT3G50970,AT3G56270,AT4G01985,AT4G17550,AT4G34000,AT4G37460,AT5G23850,AT5G40800,AT5G42800,AT5G47640,AT5G54060	na
1	AT5G38860	BIM3	0	na	PWM1277	CisBP	M0163_1.01	235	0.004316025340576402	0.033356178601954695	29	AT1G19970,AT1G51140,AT1G56650,AT1G67310,AT1G67850,AT1G69870,AT1G70640,AT1G20450,AT2G04350,AT3G05660,AT2G22240,AT2G23120,AT3G05030,AT3G11410,AT3G27530,AT3G28007,AT3G55580,AT4G17550,AT4G22880,AT4G34000,AT4G37460,AT5G15500,AT5G23850,AT5G42800,AT5G47640,AT5G54060,AT5G55950,AT5G15970,AT5G15960	na
1	AT5G40350	AtMYB24	2	na	PWM2633	JASPAR	MA1037.1	196	0.0010736216390938348	0.010635378999421248	31	AT1G02400,AT1G09350,AT1G16850,AT1G30500,AT1G33230,AT1G36160,AT1G47710,AT1G56650,AT1G67850,AT1G69870,AT1G71710,AT1G76580,AT1G20450,AT1G45249,AT3G05660,AT3G05030,AT3G11410,AT3G23840,AT3G27530,AT3G29590,AT4G09820,AT4G20850,AT4G24960,AT4G35290,AT5G43880,AT5G47640,AT5G15970,AT5G21326,AT5G43150,AT5G50720,AT5G15960	na
1	AT5G40350	AtMYB24	2	na	PWM844	CisBP	M1245_1.01	207	0.0010736216390938348	0.010635378999421248	31	AT1G02400,AT1G09350,AT1G16850,AT1G30500,AT1G33230,AT1G36160,AT1G47710,AT1G56650,AT1G67850,AT1G69870,AT1G71710,AT1G76580,AT1G20450,AT1G45249,AT3G05660,AT3G05030,AT3G11410,AT3G23840,AT3G27530,AT3G29590,AT4G09820,AT4G20850,AT4G24960,AT4G35290,AT5G43880,AT5G47640,AT5G15970,AT5G21326,AT5G43150,AT5G50720,AT5G15960	na
1	AT4G01680	AtMYB55	3	na	PWM2637	JASPAR	MA1041.1	197	0.0010736216390938348	0.010635378999421248	31	AT1G01470,AT1G17550,AT1G27200,AT1G30500,AT1G33230,AT1G47710,AT1G71710,AT1G75370,AT1G20450,AT3G05660,AT3G11410,AT3G16940,AT3G19190,AT3G23840,AT3G29590,AT4G03200,AT4G09820,AT4G14090,AT4G24450,AT4G35290,AT4G37460,AT4G38580,AT5G17220,AT5G23890,AT5G42800,AT5G43880,AT5G56290,AT5G58340,AT5G21326,AT5G43150,AT5G15960	na
1	AT2G42400	ATVOZ2	0	na	PWM2718	UNIPROBE	UP00581	198	0.0010736216390938348	0.010635378999421248	31	AT1G02400,AT1G19970,AT1G20440,AT1G27320,AT1G36160,AT1G50200,AT1G56650,AT1G69790,AT1G69870,AT1G75370,AT1G78610,AT1G20450,AT2G21620,AT2G41190,AT3G19190,AT3G27250,AT3G29590,AT3G45190,AT4G18280,AT4G21940,AT4G24960,AT4G30790,AT4G34280,AT4G35290,AT5G13210,AT5G50240,AT5G55950,AT5G64750,AT5G43150,AT5G50720,AT5G59320	na
1	AT1G01250	AT1G01250	3	na	PWM2735	DAP-seq	AT1G01250_col	199	0.0010736216390938348	0.010635378999421248	31	AT1G09350,AT1G16850,AT1G20440,AT1G27910,AT1G29400,AT1G47710,AT1G64890,AT1G75370,AT1G76580,AT1G80130,AT1G20450,AT2G23120,AT2G41190,AT2G42530,AT2G42540,AT3G23840,AT3G28007,AT3G50970,AT4G01985,AT4G21940,AT4G24960,AT4G37460,AT5G13560,AT5G15020,AT5G43880,AT5G50240,AT5G64750,AT5G43150,AT5G50720,AT5G59310,AT5G59320	na
1	AT1G01250	AT1G01250	3	na	PWM1483	CisBP	M0072_1.01	212	0.002194990046236834	0.01883070408087389	30	AT1G02400,AT1G09350,AT1G16850,AT1G27910,AT1G29400,AT1G51090,AT1G64890,AT1G68570,AT1G69870,AT1G76580,AT1G78070,AT1G80130,AT1G20450,AT1G45249,AT2G22240,AT2G41190,AT3G23840,AT3G28007,AT3G56270,AT4G01985,AT4G12000,AT4G21940,AT4G24960,AT4G34280,AT4G38580,AT5G04250,AT5G15020,AT5G52310,AT5G43150,AT5G50720	na
1	AT2G22750	AT2G22750	1	na	PWM2884	DAP-seq	BHLH18_col	200	0.0010736216390938348	0.010635378999421248	31	AT1G09350,AT1G19630,AT1G21790,AT1G27320,AT1G29400,AT1G32900,AT1G51140,AT1G67310,AT1G70640,AT1G76580,AT1G78070,AT3G19190,AT3G46450,AT3G50970,AT4G01985,AT4G03200,AT4G12000,AT4G22880,AT4G24450,AT4G24960,AT4G34000,AT5G15500,AT5G19450,AT5G42800,AT5G47640,AT5G50240,AT5G58340,AT5G58350,AT5G66460,AT5G15970,AT5G15960	na
1	AT1G30490	ATHB9	1	0	PWM3143	DAP-seq	PHV_col	202	0.0010736216390938348	0.010635378999421248	31	AT1G36160,AT1G50200,AT1G51090,AT1G61800,AT1G64890,AT1G66390,AT1G67850,AT1G68570,AT1G75370,AT1G78070,AT3G05660,AT2G39800,AT2G47670,AT3G11410,AT3G16940,AT3G19290,AT3G23840,AT3G28007,AT3G05650,AT4G01985,AT4G24450,AT4G01060,AT5G04250,AT5G13210,AT5G23890,AT5G40800,AT5G58340,AT5G58350,AT5G64750,AT5G67180,AT5G50720	
1	AT2G28920	AT2G28920	1	na	PWM3436	DAP-seq	AT2G28920_col	203	0.0010736216390938348	0.010635378999421248	31	AT1G07990,AT1G16850,AT1G19630,AT1G20440,AT1G29400,AT1G36160,AT1G47710,AT1G51090,AT1G61800,AT1G64890,AT1G67310,AT1G69790,AT1G70640,AT1G71710,AT1G80130,AT2G39800,AT2G42530,AT2G42540,AT3G16940,AT3G19190,AT3G55580,AT3G62070,AT4G18280,AT4G24450,AT4G37460,AT4G38580,AT4G01060,AT5G04250,AT5G13560,AT5G43880,AT5G15970	na
1	AT3G27810	ATMYB21	4	na	PWM843	CisBP	M1245_1.01	206	0.0010736216390938348	0.010635378999421248	31	AT1G02400,AT1G09350,AT1G16850,AT1G30500,AT1G33230,AT1G36160,AT1G47710,AT1G56650,AT1G67850,AT1G69870,AT1G71710,AT1G76580,AT1G20450,AT1G45249,AT3G05660,AT3G05030,AT3G11410,AT3G23840,AT3G27530,AT3G29590,AT4G09820,AT4G20850,AT4G24960,AT4G35290,AT5G43880,AT5G47640,AT5G15970,AT5G21326,AT5G43150,AT5G50720,AT5G15960	na
1	AT2G41940	ZFP8	0	na	PWM988	CisBP	M0351_1.01	208	0.0010736216390938348	0.010635378999421248	31	AT1G03380,AT1G24190,AT1G27320,AT1G27910,AT1G29400,AT1G32900,AT1G36160,AT1G51140,AT1G71710,AT1G76580,AT1G78070,AT1G78610,AT1G20450,AT1G45249,AT2G21590,AT2G39800,AT3G15350,AT3G45190,AT3G05650,AT4G03200,AT4G20850,AT4G24450,AT4G30790,AT4G34000,AT4G34280,AT4G35290,AT4G37460,AT5G28910,AT5G40800,AT5G43880,AT5G52310	na
1	AT4G40060	ATHB16	0	na	PWM1270	CisBP	M0770_1.01	210	0.002194990046236834	0.01883070408087389	30	AT1G01250,AT1G02400,AT1G16850,AT1G27200,AT1G27320,AT1G27910,AT1G32900,AT1G36160,AT1G58360,AT1G61800,AT1G66390,AT1G67310,AT1G69870,AT1G78070,AT3G05660,AT2G39800,AT2G42540,AT3G05650,AT4G20850,AT4G24960,AT4G37460,AT5G13200,AT5G13210,AT5G15500,AT5G17220,AT5G17850,AT5G43880,AT5G57610,AT5G66460,AT5G67180	na
1	AT4G40060	ATHB16	0	na	PWM2550	JASPAR	MA0951.1	215	0.002194990046236834	0.01883070408087389	30	AT1G01250,AT1G02400,AT1G16850,AT1G27200,AT1G27320,AT1G27910,AT1G32900,AT1G36160,AT1G58360,AT1G61800,AT1G66390,AT1G67310,AT1G69870,AT1G78070,AT3G05660,AT2G39800,AT2G42540,AT3G05650,AT4G20850,AT4G24960,AT4G37460,AT5G13200,AT5G13210,AT5G15500,AT5G17220,AT5G17850,AT5G43880,AT5G57610,AT5G66460,AT5G67180	na
1	AT4G09820	AtTT8	7	na	PWM1291	CisBP	M0151_1.01	211	0.002194990046236834	0.01883070408087389	30	AT1G16850,AT1G19970,AT1G33230,AT1G51140,AT1G56650,AT1G61800,AT1G66390,AT1G67310,AT1G67850,AT1G69870,AT1G70640,AT1G20450,AT2G04350,AT2G22240,AT3G11410,AT3G27530,AT3G28007,AT3G50970,AT3G56270,AT4G03200,AT4G17550,AT4G22880,AT4G34000,AT5G15500,AT5G42800,AT5G47640,AT5G54060,AT5G66460,AT5G15970,AT5G15960	na
1	AT4G18960	AG	1	na	PWM1616	JASPAR	MA0005.2	213	0.002194990046236834	0.01883070408087389	30	AT1G01250,AT1G09350,AT1G21790,AT1G26830,AT1G36160,AT1G47710,AT1G51090,AT1G51140,AT1G58360,AT1G70640,AT1G75370,AT1G78070,AT3G05660,AT2G42530,AT2G42540,AT3G16940,AT3G19190,AT3G19290,AT3G23840,AT4G20850,AT4G34000,AT4G35290,AT4G01060,AT5G04250,AT5G15500,AT5G17850,AT5G19450,AT5G23850,AT5G57610,AT5G21326	na
1	AT4G21330	DYT1	0	na	PWM2179	JASPAR	MA0580.1	214	0.002194990046236834	0.01883070408087389	30	AT1G09350,AT1G19630,AT1G19970,AT1G20440,AT1G33230,AT1G68570,AT1G76580,AT1G78070,AT1G78610,AT2G21590,AT2G22240,AT2G39800,AT2G42530,AT2G47670,AT3G05030,AT3G19190,AT3G23840,AT3G28007,AT3G50970,AT3G62070,AT4G18280,AT4G24960,AT4G34000,AT4G35290,AT4G37460,AT5G19470,AT5G23850,AT5G40800,AT5G42800,AT5G15970	na
1	AT1G52890	ANAC019	5	na	PWM2694	UNIPROBE	UP00570	217	0.002194990046236834	0.01883070408087389	30	AT1G01250,AT1G02400,AT1G07990,AT1G20440,AT1G32900,AT1G47710,AT1G50200,AT1G56650,AT1G58360,AT1G69870,AT1G20450,AT2G21620,AT2G42530,AT3G05030,AT3G11410,AT3G19190,AT3G23840,AT3G27530,AT3G28007,AT3G45190,AT3G55580,AT4G21940,AT4G24450,AT5G13210,AT5G15500,AT5G23850,AT5G42570,AT5G47640,AT5G43150,AT5G59310	na
1	AT1G64625	AT1G64625	0	na	PWM2883	DAP-seq	BHLH157_col	219	0.002194990046236834	0.01883070408087389	30	AT1G01250,AT1G16850,AT1G32900,AT1G36160,AT1G51090,AT1G51140,AT1G56650,AT1G66390,AT1G68570,AT1G76580,AT1G20450,AT1G45249,AT2G21590,AT2G21620,AT3G05030,AT3G11410,AT3G19190,AT3G16360,AT4G03200,AT4G17550,AT4G22880,AT4G34000,AT5G10940,AT5G15500,AT5G17220,AT5G23850,AT5G40800,AT5G42570,AT5G56290,AT5G50720	na
1	AT1G75390	AtbZIP44	6	0	PWM2917	DAP-seq	BZIP44_col	221	0.002194990046236834	0.01883070408087389	30	AT1G07990,AT1G09350,AT1G20440,AT1G29400,AT1G32900,AT1G36160,AT1G50200,AT1G75370,AT1G76580,AT1G20450,AT2G21620,AT2G41190,AT2G42540,AT3G11410,AT3G16940,AT3G27530,AT3G29590,AT3G45190,AT3G50970,AT3G56270,AT4G20850,AT4G22880,AT5G13560,AT5G15500,AT5G23890,AT5G42570,AT5G47640,AT5G50720,AT5G59310,AT5G59320	
1	AT2G18160	ATBZIP2	0	na	PWM2932	DAP-seq	GBF5_col	222	0.002194990046236834	0.01883070408087389	30	AT1G07990,AT1G09350,AT1G20440,AT1G29400,AT1G32900,AT1G50200,AT1G51140,AT1G67310,AT1G69870,AT1G70640,AT1G76580,AT1G20450,AT2G41190,AT3G05030,AT3G16940,AT3G27530,AT3G29590,AT3G45190,AT3G56270,AT4G01985,AT4G09820,AT4G20850,AT4G22880,AT4G34000,AT5G15500,AT5G23890,AT5G42570,AT5G47640,AT5G50240,AT5G50720	na
1	AT1G78700	At1g78700	1	na	PWM2954	DAP-seq	AT1G78700_col	223	0.002194990046236834	0.01883070408087389	30	AT1G17210,AT1G19970,AT1G27320,AT1G51140,AT1G67850,AT1G69870,AT1G70640,AT1G80130,AT2G39800,AT2G42530,AT2G42540,AT3G05030,AT3G11410,AT3G27530,AT3G46450,AT3G50970,AT3G62070,AT4G03200,AT4G12000,AT4G17550,AT4G24960,AT5G04250,AT5G10940,AT5G23850,AT5G40800,AT5G66460,AT5G15970,AT5G43150,AT5G59310,AT5G59320	na
1	AT3G50700	AtIDD2	5	na	PWM3040	DAP-seq	IDD2_col	224	0.002194990046236834	0.01883070408087389	30	AT1G16850,AT1G20440,AT1G27200,AT1G29400,AT1G30500,AT1G58360,AT1G61800,AT1G67850,AT1G68570,AT1G69790,AT1G69870,AT1G70640,AT1G78070,AT1G80130,AT2G21620,AT2G47670,AT2G42540,AT3G27530,AT4G01985,AT4G09820,AT4G38580,AT4G39210,AT5G23850,AT5G54060,AT5G55950,AT5G56290,AT5G58350,AT5G21326,AT5G50720,AT5G15960	na
1	AT1G72050	TFIIIA	0	na	PWM3058	DAP-seq	TF3A_col	225	0.002194990046236834	0.01883070408087389	30	AT1G03380,AT1G07990,AT1G16850,AT1G17210,AT1G20440,AT1G27200,AT1G27320,AT1G27910,AT1G33230,AT1G50200,AT1G61800,AT1G76580,AT1G20450,AT1G45249,AT2G22240,AT3G11410,AT3G16940,AT3G45190,AT4G20850,AT4G22880,AT4G30790,AT4G38580,AT5G13560,AT5G19450,AT5G23850,AT5G28910,AT5G43880,AT5G57610,AT5G64750,AT5G66460	na
1	AT3G24520	AT-HSFC1	37	0	PWM3183	DAP-seq	HSFC1_col	226	0.002194990046236834	0.01883070408087389	30	AT1G17210,AT1G19630,AT1G27910,AT1G33230,AT1G47710,AT1G61800,AT1G67850,AT1G69790,AT1G78070,AT1G78610,AT1G20450,AT1G45249,AT2G04350,AT2G21590,AT2G39800,AT3G15350,AT3G19290,AT4G18280,AT4G35290,AT4G37460,AT4G38580,AT5G13200,AT5G13210,AT5G13560,AT5G15020,AT5G42800,AT5G43880,AT5G58350,AT5G59320,AT5G15960	
1	AT4G18770	AtMYB98	0	0	PWM3297	DAP-seq	MYB98_col	227	0.002194990046236834	0.01883070408087389	30	AT1G02400,AT1G03380,AT1G17210,AT1G20440,AT1G26830,AT1G51090,AT1G58360,AT1G61800,AT1G67310,AT1G67850,AT1G69870,AT1G75370,AT1G76580,AT1G45249,AT3G05660,AT2G21590,AT2G45600,AT3G05030,AT3G15350,AT3G16940,AT3G29590,AT3G45190,AT4G03200,AT5G13560,AT5G15020,AT5G17850,AT5G43880,AT5G56290,AT5G21326,AT5G43150	
1	AT4G18770	AtMYB98	0	0	PWM194	AthaMAP	T04708	242	0.004316025340576402	0.033356178601954695	29	AT1G01470,AT1G02400,AT1G17210,AT1G27910,AT1G33230,AT1G50200,AT1G61800,AT1G67850,AT1G68570,AT1G76580,AT1G78070,AT1G78610,AT1G80130,AT2G04350,AT3G05660,AT2G21620,AT2G22240,AT3G11410,AT3G27530,AT3G55580,AT4G09820,AT4G20850,AT4G24960,AT4G37460,AT4G39210,AT4G01060,AT5G15020,AT5G42800,AT5G21326	
1	AT1G53230	TCP3	1	0	PWM3488	DAP-seq	TCP3_col	228	0.002194990046236834	0.01883070408087389	30	AT1G01250,AT1G07990,AT1G09350,AT1G20440,AT1G27320,AT1G47710,AT1G51140,AT1G58360,AT1G68570,AT1G69790,AT1G69870,AT1G70640,AT1G75370,AT1G78610,AT3G11410,AT3G45190,AT3G46450,AT4G09820,AT4G17550,AT4G22880,AT4G24960,AT4G30790,AT4G35290,AT4G38580,AT4G39210,AT5G10940,AT5G13560,AT5G19470,AT5G47640,AT5G56290	
1	AT5G47660	AT5G47660	0	na	PWM3504	DAP-seq	AT5G47660_col	229	0.002194990046236834	0.01883070408087389	30	AT1G19970,AT1G29400,AT1G30500,AT1G51090,AT1G51140,AT1G56650,AT1G61800,AT1G64890,AT1G67850,AT1G68570,AT1G69790,AT1G69870,AT1G70640,AT1G71710,AT1G75370,AT1G80130,AT2G04350,AT2G41190,AT3G27250,AT3G27530,AT3G29590,AT4G20850,AT4G21940,AT4G34280,AT4G35290,AT5G13200,AT5G17220,AT5G56290,AT5G64750,AT5G50720	na
1	AT3G10113	AT3G10113	1	na	PWM959	CisBP	M1219_1.01	231	0.002194990046236834	0.01883070408087389	30	AT1G01470,AT1G16850,AT1G19630,AT1G47710,AT1G58360,AT1G61800,AT1G70640,AT1G71710,AT1G76580,AT1G80130,AT1G45249,AT2G39800,AT2G42530,AT3G05030,AT3G11410,AT3G16940,AT3G19190,AT3G55580,AT4G24450,AT4G34000,AT4G35290,AT5G13200,AT5G13210,AT5G15020,AT5G17850,AT5G23890,AT5G58350,AT5G15970,AT5G21326,AT5G50720	na
1	AT3G10113	AT3G10113	1	na	PWM3312	DAP-seq	AT3G10113_col	259	0.004316025340576402	0.033356178601954695	29	AT1G07990,AT1G16850,AT1G19630,AT1G36160,AT1G47710,AT1G51140,AT1G61800,AT1G67310,AT1G70640,AT1G80130,AT2G39800,AT2G42530,AT2G42540,AT3G16940,AT3G19190,AT3G27530,AT3G29590,AT3G55580,AT3G62070,AT4G18280,AT4G24450,AT4G37460,AT4G38580,AT5G04250,AT5G17850,AT5G40800,AT5G15970,AT5G43150,AT5G15960	na
1	AT2G21060	ATCSP4	0	na	PWM1173	CisBP	M0518_1.01	233	0.004316025340576402	0.033356178601954695	29	AT1G19630,AT1G26830,AT1G27910,AT1G29400,AT1G36160,AT1G47710,AT1G66390,AT1G71710,AT1G76580,AT3G05660,AT2G39800,AT3G16940,AT3G27250,AT3G05650,AT4G01985,AT4G22880,AT4G24450,AT4G34000,AT4G38580,AT5G13200,AT5G13560,AT5G23850,AT5G28910,AT5G54060,AT5G57610,AT5G15970,AT5G43150,AT5G59320,AT5G15960	na
1	AT4G38680	ATCSP2	0	na	PWM1174	CisBP	M0518_1.01	234	0.004316025340576402	0.033356178601954695	29	AT1G19630,AT1G26830,AT1G27910,AT1G29400,AT1G36160,AT1G47710,AT1G66390,AT1G71710,AT1G76580,AT3G05660,AT2G39800,AT3G16940,AT3G27250,AT3G05650,AT4G01985,AT4G22880,AT4G24450,AT4G34000,AT4G38580,AT5G13200,AT5G13560,AT5G23850,AT5G28910,AT5G54060,AT5G57610,AT5G15970,AT5G43150,AT5G59320,AT5G15960	na
1	AT5G12870	ATMYB46	1	0	PWM1387	AthaMAP		236	0.004316025340576402	0.033356178601954695	29	AT1G01470,AT1G03380,AT1G19970,AT1G27200,AT1G30500,AT1G50200,AT1G56650,AT1G61800,AT1G67850,AT1G71710,AT1G75370,AT1G20450,AT1G45249,AT3G11410,AT3G16940,AT3G28007,AT3G29590,AT4G12000,AT4G20850,AT4G24960,AT4G35290,AT4G01060,AT5G04250,AT5G13560,AT5G23850,AT5G23890,AT5G42800,AT5G21326,AT5G43150	
1	AT3G60390	HAT3	0	na	PWM1533	CisBP	M0764_1.01	237	0.004316025340576402	0.033356178601954695	29	AT1G03380,AT1G21790,AT1G27320,AT1G32900,AT1G36160,AT1G47710,AT1G67850,AT1G68570,AT2G23120,AT2G41190,AT3G16940,AT3G19190,AT3G23840,AT3G28007,AT3G45190,AT3G56270,AT4G14090,AT4G24960,AT4G34000,AT4G35290,AT4G37460,AT4G39210,AT4G01060,AT5G04250,AT5G10940,AT5G15020,AT5G47640,AT5G58350,AT5G50720	na
1	AT5G03790	ATHB51	0	na	PWM1577	PBM		238	0.004316025340576402	0.033356178601954695	29	AT1G01250,AT1G02400,AT1G16850,AT1G17550,AT1G50200,AT1G51140,AT1G56650,AT1G58360,AT1G66390,AT1G68570,AT1G69870,AT1G75370,AT1G78070,AT1G78610,AT2G23120,AT3G55580,AT3G16360,AT4G24960,AT4G30790,AT4G34000,AT4G35290,AT4G37460,AT5G13200,AT5G13210,AT5G28910,AT5G57610,AT5G58340,AT5G58350,AT5G59310	na
1	AT5G65310	ATHB5	0	60	PWM1719	JASPAR	MA0110.2	241	0.004316025340576402	0.033356178601954695	29	AT1G02400,AT1G03380,AT1G17550,AT1G33230,AT1G36160,AT1G43890,AT1G50200,AT1G51140,AT1G58360,AT1G61800,AT1G66390,AT1G68570,AT1G69870,AT1G70640,AT1G75370,AT1G78070,AT1G78610,AT2G39800,AT3G23840,AT3G45190,AT3G55580,AT4G12000,AT4G20850,AT4G30790,AT4G34000,AT5G10940,AT5G19450,AT5G23890,AT5G43880	AT1G01250,AT1G02400,AT1G07990,AT1G09350,AT1G16850,AT1G20440,AT1G27200,AT1G27910,AT1G29400,AT1G30500,AT1G43890,AT1G47710,AT1G51140,AT1G56650,AT1G58360,AT1G61800,AT1G66390,AT1G67310,AT1G68570,AT1G69670,AT1G69870,AT1G78070,AT1G20450,AT1G45249,AT3G05660,AT2G21620,AT2G39800,AT2G45600,AT2G47670,AT3G05030,AT3G11410,AT3G15350,AT3G16940,AT3G23840,AT3G27250,AT3G29590,AT3G05650,AT3G16360,AT4G09820,AT4G12000,AT4G17550,AT4G18280,AT4G20850,AT4G24450,AT4G24960,AT4G34000,AT4G38580,AT4G01060,AT5G10940,AT5G13200,AT5G15500,AT5G23850,AT5G40800,AT5G43880,AT5G47640,AT5G50240,AT5G57610,AT5G66460,AT5G67180,AT5G21326
1	AT1G13260	EDF4	26	na	PWM2182	JASPAR	MA0583.1	243	0.004316025340576402	0.033356178601954695	29	AT1G01250,AT1G02400,AT1G03380,AT1G17550,AT1G50200,AT1G80130,AT1G45249,AT2G04350,AT2G21590,AT3G16940,AT3G19190,AT3G23840,AT3G27530,AT3G45190,AT3G55580,AT3G62070,AT4G12000,AT4G20850,AT4G24450,AT4G30790,AT4G34000,AT4G34280,AT4G37460,AT5G10940,AT5G13200,AT5G19450,AT5G19470,AT5G56290,AT5G57610	na
1	AT2G46830	AtCCA1	23	11	PWM2571	JASPAR	MA0972.1	245	0.004316025340576402	0.033356178601954695	29	AT1G01470,AT1G07990,AT1G16850,AT1G19630,AT1G20440,AT1G29400,AT1G47710,AT1G64890,AT1G70640,AT1G71710,AT1G80130,AT2G39800,AT2G42530,AT3G19190,AT3G29590,AT3G55580,AT3G62070,AT4G03200,AT4G18280,AT4G24450,AT4G30790,AT4G37460,AT4G01060,AT5G15500,AT5G17850,AT5G23890,AT5G15970,AT5G21326,AT5G15960	AT1G16850,AT1G51090,AT1G56650,AT1G61800,AT1G70640,AT1G76580,AT1G20450,AT2G42530,AT3G27250,AT5G64750,AT5G50720
1	AT4G00050	UNE10	8	0	PWM2669	JASPAR	MA1074.1	246	0.004316025340576402	0.033356178601954695	29	AT1G19970,AT1G36160,AT1G51140,AT1G64890,AT1G67310,AT1G67850,AT1G69870,AT1G70640,AT1G80130,AT1G20450,AT2G04350,AT3G05660,AT2G42540,AT3G27530,AT3G28007,AT3G55580,AT4G01985,AT4G12000,AT4G34000,AT5G13560,AT5G15500,AT5G23850,AT5G42800,AT5G47640,AT5G54060,AT5G55950,AT5G57610,AT5G15970,AT5G15960	
1	AT1G36060	At1g36060	0	0	PWM2745	DAP-seq	AT1G36060_col	248	0.004316025340576402	0.033356178601954695	29	AT1G03380,AT1G09350,AT1G27200,AT1G27910,AT1G29400,AT1G56650,AT1G61800,AT1G80130,AT1G20450,AT2G39800,AT2G41190,AT2G42530,AT2G42540,AT3G23840,AT3G50970,AT3G56270,AT4G01985,AT4G12000,AT4G21940,AT4G24960,AT4G37460,AT4G38580,AT4G01060,AT5G04250,AT5G13560,AT5G50240,AT5G64750,AT5G43150,AT5G50720	
1	AT2G38340	DREB19	3	0	PWM2800	DAP-seq	DREB19_col	250	0.004316025340576402	0.033356178601954695	29	AT1G16850,AT1G27910,AT1G29400,AT1G51090,AT1G61800,AT1G64890,AT1G67850,AT1G68570,AT1G76580,AT1G80130,AT1G45249,AT3G05660,AT2G23120,AT2G39800,AT2G41190,AT3G23840,AT3G29590,AT3G50970,AT3G05650,AT4G01985,AT4G18280,AT4G21940,AT4G24960,AT4G35290,AT5G10940,AT5G52310,AT5G64750,AT5G21326,AT5G50720	
1	AT3G44460	AtbZIP67	2	0	PWM282	AGRIS		251	0.004316025340576402	0.033356178601954695	29	AT1G32900,AT1G36160,AT1G47710,AT1G56650,AT1G61800,AT1G67850,AT1G70640,AT1G73040,AT1G76580,AT1G78610,AT2G04350,AT2G21590,AT2G21620,AT2G22240,AT2G39800,AT2G41190,AT3G19290,AT3G23840,AT3G27250,AT3G50970,AT3G56270,AT4G34000,AT4G01060,AT5G19470,AT5G58350,AT5G64750,AT5G15970,AT5G59310,AT5G59320	
1	AT5G45300	BAM8	0	na	PWM2875	DAP-seq	BAM8_col	252	0.004316025340576402	0.033356178601954695	29	AT1G01250,AT1G17210,AT1G19970,AT1G21790,AT1G24190,AT1G27320,AT1G51140,AT1G67850,AT1G69870,AT1G70640,AT1G20450,AT1G45249,AT2G04350,AT2G39800,AT2G42530,AT3G27530,AT3G50970,AT3G62070,AT4G03200,AT4G17550,AT4G24960,AT5G40800,AT5G55950,AT5G58340,AT5G58350,AT5G66460,AT5G15970,AT5G59310,AT5G59320	na
1	AT1G51220	AtWIP5	1	na	PWM3059	DAP-seq	WIP5_col	253	0.004316025340576402	0.033356178601954695	29	AT1G07990,AT1G17550,AT1G19630,AT1G32900,AT1G36160,AT1G43890,AT1G51140,AT1G58360,AT1G61800,AT1G67850,AT2G21590,AT3G05030,AT3G11410,AT3G28007,AT3G29590,AT3G56270,AT4G03200,AT4G12000,AT4G20850,AT4G39210,AT4G01060,AT5G13560,AT5G15020,AT5G23890,AT5G55950,AT5G58340,AT5G66460,AT5G59310,AT5G59320	na
1	AT1G70920	ATHB18	3	0	PWM3150	DAP-seq	ATHB18_col	254	0.004316025340576402	0.033356178601954695	29	AT1G02400,AT1G16850,AT1G27200,AT1G27320,AT1G32900,AT1G36160,AT1G50200,AT1G56650,AT1G61800,AT1G66390,AT1G69870,AT1G75370,AT1G78610,AT2G21620,AT2G39800,AT3G23840,AT3G28007,AT3G45190,AT4G24960,AT4G34000,AT4G37460,AT5G13200,AT5G13210,AT5G19450,AT5G43880,AT5G58340,AT5G58350,AT5G59310,AT5G59320	
1	AT3G57230	AGL16	4	0	PWM3202	DAP-seq	AGL16_col	255	0.004316025340576402	0.033356178601954695	29	AT1G36160,AT1G47710,AT1G51140,AT1G58360,AT1G67310,AT1G75370,AT1G78070,AT1G78610,AT1G45249,AT2G21620,AT2G42540,AT3G19290,AT3G28007,AT3G56270,AT4G09820,AT4G17550,AT4G20850,AT4G24450,AT4G30790,AT4G34000,AT4G38580,AT5G15020,AT5G15500,AT5G17850,AT5G19450,AT5G57610,AT5G21326,AT5G59310,AT5G59320	
1	AT2G23290	AtMYB70	0	0	PWM3278	DAP-seq	MYB70_col	256	0.004316025340576402	0.033356178601954695	29	AT1G21790,AT1G26830,AT1G36160,AT1G50200,AT1G51090,AT1G69670,AT1G71710,AT1G75370,AT1G45249,AT2G21590,AT2G39800,AT2G42530,AT3G11410,AT3G15350,AT3G19290,AT3G27530,AT4G03200,AT4G09820,AT4G30790,AT4G35290,AT4G39210,AT4G01060,AT5G04250,AT5G13200,AT5G58350,AT5G66460,AT5G21326,AT5G50720,AT5G15960	
1	AT2G26960	AtMYB81	1	na	PWM3284	DAP-seq	MYB81_col	257	0.004316025340576402	0.033356178601954695	29	AT1G27910,AT1G29400,AT1G32900,AT1G50200,AT1G58360,AT1G67310,AT1G75370,AT1G78070,AT1G78610,AT1G45249,AT2G42530,AT3G16940,AT3G19190,AT3G27530,AT3G45190,AT3G56270,AT4G09820,AT4G24960,AT4G30790,AT4G37460,AT4G01060,AT5G13200,AT5G13560,AT5G43880,AT5G47640,AT5G56290,AT5G66460,AT5G21326,AT5G15960	na
1	AT5G17300	RVE1	22	na	PWM3340	DAP-seq	RVE1_col	261	0.004316025340576402	0.033356178601954695	29	AT1G07990,AT1G16850,AT1G19630,AT1G36160,AT1G47710,AT1G51140,AT1G61800,AT1G67310,AT1G69870,AT1G70640,AT1G78070,AT1G80130,AT2G39800,AT2G42530,AT2G42540,AT3G19190,AT3G29590,AT3G55580,AT3G62070,AT3G16360,AT4G18280,AT4G24450,AT4G37460,AT4G38580,AT5G04250,AT5G17850,AT5G40800,AT5G43150,AT5G15960	na
1	AT3G04070	anac047	5	0	PWM3367	DAP-seq	ANAC047_col	262	0.004316025340576402	0.033356178601954695	29	AT1G01250,AT1G02400,AT1G20440,AT1G36160,AT1G47710,AT1G51090,AT1G51140,AT1G56650,AT1G61800,AT1G64890,AT1G66390,AT1G68570,AT1G69790,AT1G69870,AT1G80130,AT1G20450,AT2G21620,AT3G05030,AT3G11410,AT3G19190,AT3G45190,AT3G16360,AT4G03200,AT4G24450,AT5G04250,AT5G13210,AT5G15500,AT5G23850,AT5G42570	
1	AT3G49530	ANAC062	0	0	PWM3377	DAP-seq	ANAC062_col	263	0.004316025340576402	0.033356178601954695	29	AT1G17210,AT1G20440,AT1G27320,AT1G27910,AT1G36160,AT1G47710,AT1G66390,AT1G67850,AT1G70640,AT1G71710,AT1G78070,AT1G20450,AT2G42540,AT3G16940,AT3G27530,AT3G29590,AT3G62070,AT4G03200,AT4G20850,AT4G24450,AT4G24960,AT4G35290,AT4G37460,AT5G13200,AT5G15020,AT5G19450,AT5G55950,AT5G21326,AT5G50720	
1	AT1G76890	AT-GT2	3	na	PWM3507	DAP-seq	GT2_col	265	0.004316025340576402	0.033356178601954695	29	AT1G17550,AT1G19970,AT1G20440,AT1G27320,AT1G29400,AT1G47710,AT1G56650,AT1G64890,AT1G67850,AT1G68570,AT1G69790,AT1G69870,AT1G70640,AT1G75370,AT1G80130,AT1G20450,AT2G21590,AT3G27530,AT3G29590,AT3G45190,AT3G46450,AT3G55580,AT4G17550,AT4G20850,AT4G34280,AT5G56290,AT5G58340,AT5G58350,AT5G67180	na
1	AT5G67300	ATMYB44	3	48	PWM533	AthaMAP	T02559	266	0.004316025340576402	0.033356178601954695	29	AT1G02400,AT1G24190,AT1G27320,AT1G29400,AT1G33230,AT1G36160,AT1G61800,AT1G71710,AT1G76580,AT2G21620,AT3G11410,AT3G19290,AT3G27530,AT3G05650,AT4G03200,AT4G20850,AT4G30790,AT4G34000,AT4G37460,AT4G38580,AT4G39210,AT4G01060,AT5G40800,AT5G43880,AT5G47640,AT5G66460,AT5G21326,AT5G43150,AT5G59310	AT1G01250,AT1G02400,AT1G09350,AT1G20440,AT1G27200,AT1G29400,AT1G30500,AT1G32900,AT1G51140,AT1G56650,AT1G58360,AT1G66390,AT1G68570,AT1G69870,AT1G76580,AT1G78070,AT1G78610,AT1G20450,AT1G45249,AT2G21620,AT2G39800,AT2G45600,AT3G05030,AT3G11410,AT3G15350,AT3G19190,AT3G27250,AT3G46450,AT3G62070,AT3G05650,AT3G16360,AT4G12000,AT4G24960,AT4G34000,AT4G38580,AT4G01060,AT5G10940,AT5G15500,AT5G17850,AT5G23850,AT5G40800,AT5G47640,AT5G54060,AT5G57610,AT5G58340,AT5G64750,AT5G66460,AT5G67180
1	AT5G56110	AtMYB103	1	na	PWM592	AthaMAP		267	0.004316025340576402	0.033356178601954695	29	AT1G07990,AT1G19630,AT1G20440,AT1G26830,AT1G27910,AT1G47710,AT1G51140,AT1G67850,AT1G68570,AT1G71710,AT1G45249,AT2G41190,AT3G11410,AT3G28007,AT3G46450,AT3G55580,AT4G12000,AT4G24960,AT5G04250,AT5G10940,AT5G15500,AT5G19470,AT5G23850,AT5G23890,AT5G43880,AT5G57610,AT5G66460,AT5G43150,AT5G50720	na
1	AT2G46510	AIB	4	na	PWM845	CisBP	M0148_1.01	270	0.004316025340576402	0.033356178601954695	29	AT1G01470,AT1G19970,AT1G27320,AT1G51140,AT1G56650,AT1G66390,AT1G67310,AT1G67850,AT1G69870,AT1G70640,AT1G80130,AT1G20450,AT2G04350,AT3G05030,AT3G11410,AT3G27530,AT3G28007,AT3G56270,AT4G17550,AT4G22880,AT4G34000,AT5G15500,AT5G40800,AT5G42800,AT5G47640,AT5G55950,AT5G66460,AT5G15970,AT5G15960	na
1	AT5G46830	ATNIG1	4	na	PWM846	CisBP	M0148_1.01	271	0.004316025340576402	0.033356178601954695	29	AT1G01470,AT1G19970,AT1G27320,AT1G51140,AT1G56650,AT1G66390,AT1G67310,AT1G67850,AT1G69870,AT1G70640,AT1G80130,AT1G20450,AT2G04350,AT3G05030,AT3G11410,AT3G27530,AT3G28007,AT3G56270,AT4G17550,AT4G22880,AT4G34000,AT5G15500,AT5G40800,AT5G42800,AT5G47640,AT5G55950,AT5G66460,AT5G15970,AT5G15960	na
1	AT2G40950	BZIP17	1	0	PWM882	CisBP	M0259_1.01	272	0.004316025340576402	0.033356178601954695	29	AT1G01250,AT1G02400,AT1G17550,AT1G27320,AT1G29400,AT1G47710,AT1G51140,AT1G56650,AT1G67310,AT1G69870,AT1G20450,AT2G39800,AT3G11410,AT3G23840,AT3G27530,AT3G28007,AT3G45190,AT3G55580,AT3G56270,AT4G17550,AT4G22880,AT4G34000,AT5G15500,AT5G42570,AT5G42800,AT5G50240,AT5G64750,AT5G15970,AT5G43150	
1	AT3G56660	BZIP49	1	na	PWM884	CisBP	M0259_1.01	274	0.004316025340576402	0.033356178601954695	29	AT1G01250,AT1G02400,AT1G17550,AT1G27320,AT1G29400,AT1G47710,AT1G51140,AT1G56650,AT1G67310,AT1G69870,AT1G20450,AT2G39800,AT3G11410,AT3G23840,AT3G27530,AT3G28007,AT3G45190,AT3G55580,AT3G56270,AT4G17550,AT4G22880,AT4G34000,AT5G15500,AT5G42570,AT5G42800,AT5G50240,AT5G64750,AT5G15970,AT5G43150	na
2	AT1G80840	ATWRKY40	27	na	PWM1516	CisBP	M1551_1.01	1	2.692301072216488e-9	0.000004827295822484163	41	AT1G02450,AT1G19250,AT1G35230,AT1G44130,AT1G69720,AT1G72540,AT1G73805,AT1G58225,AT2G13810,AT2G18690,AT2G23200,AT2G31865,AT2G46430,AT2G04450,AT2G14610,AT3G01080,AT3G23120,AT3G28540,AT3G44326,AT3G48640,AT4G04490,AT5G09290,AT4G11890,AT4G14390,AT4G23130,AT4G23320,AT4G26120,AT4G28390,AT4G38560,AT5G17760,AT5G22380,AT5G22570,AT5G25250,AT5G39670,AT5G52760,AT5G64810,AT5G66640,AT5G25260,AT5G43910,AT5G52750,AT3G22235	na
2	AT1G80840	ATWRKY40	27	na	PWM2679	JASPAR	MA1085.1	2	9.324906476636675e-9	0.000008359778656304779	40	AT1G02450,AT1G19250,AT1G35230,AT1G44130,AT1G69720,AT1G72540,AT1G73805,AT1G58225,AT2G13810,AT2G18690,AT2G23200,AT2G31865,AT2G46430,AT2G14610,AT3G01080,AT3G23120,AT3G28540,AT3G44326,AT3G48640,AT4G04490,AT5G09290,AT4G11890,AT4G14390,AT4G23130,AT4G23320,AT4G26120,AT4G28390,AT4G38560,AT5G17760,AT5G22380,AT5G22570,AT5G25250,AT5G39670,AT5G52760,AT5G64810,AT5G66640,AT5G25260,AT5G43910,AT5G52750,AT3G22235	na
2	AT1G80840	ATWRKY40	27	na	PWM3544	DAP-seq	WRKY40_col	131	0.00012470447564267157	0.002014370493939731	31	AT1G01010,AT1G02450,AT1G21520,AT1G23840,AT1G35230,AT1G13470,AT1G58225,AT2G13810,AT2G18690,AT2G23200,AT2G46430,AT2G04495,AT3G01080,AT3G23110,AT3G45130,AT3G48640,AT3G50470,AT3G61280,AT4G04500,AT4G11170,AT4G11890,AT4G14390,AT4G23130,AT4G23210,AT4G28390,AT4G39030,AT4G13890,AT5G25250,AT5G25260,AT5G43910,AT4G23140	na
2	AT4G01720	AtWRKY47	2	0	PWM3554	DAP-seq	WRKY47_col	3	9.324906476636675e-9	0.000008359778656304779	40	AT1G01680,AT1G02450,AT1G04600,AT1G19250,AT1G20350,AT1G21520,AT1G23840,AT1G34180,AT1G35230,AT1G75040,AT1G01560,AT1G13470,AT2G04430,AT2G13810,AT2G17040,AT2G18660,AT2G18690,AT2G23200,AT2G04495,AT3G01513,AT3G21080,AT3G23120,AT3G25510,AT3G45130,AT3G48640,AT3G50470,AT3G56710,AT3G61280,AT3G12220,AT4G04500,AT4G23130,AT4G23320,AT4G39030,AT5G03350,AT5G11920,AT5G40230,AT5G60900,AT5G66640,AT5G43910,AT4G23140	
2	AT4G01720	AtWRKY47	2	0	PWM1328	CisBP	M1561_1.01	7	3.115036194197277e-8	0.000013963149740489295	39	AT1G01010,AT1G02450,AT1G04600,AT1G19250,AT1G23840,AT1G34180,AT1G69720,AT1G75040,AT1G58225,AT2G13810,AT2G23200,AT2G46430,AT2G04450,AT2G04495,AT3G01513,AT3G23120,AT3G25510,AT3G28540,AT3G48640,AT3G50470,AT3G56710,AT3G57240,AT5G09290,AT4G11170,AT4G11890,AT4G14365,AT4G18250,AT4G23130,AT4G38560,AT4G39030,AT5G11920,AT5G22380,AT5G40230,AT5G47850,AT5G60900,AT5G64810,AT5G66640,AT5G43910,AT4G23140	
2	AT1G18860	ATWRKY61	61	na	PWM1324	CisBP	M1561_1.01	4	3.115036194197277e-8	0.000013963149740489295	39	AT1G01010,AT1G02450,AT1G04600,AT1G19250,AT1G23840,AT1G34180,AT1G69720,AT1G75040,AT1G58225,AT2G13810,AT2G23200,AT2G46430,AT2G04450,AT2G04495,AT3G01513,AT3G23120,AT3G25510,AT3G28540,AT3G48640,AT3G50470,AT3G56710,AT3G57240,AT5G09290,AT4G11170,AT4G11890,AT4G14365,AT4G18250,AT4G23130,AT4G38560,AT4G39030,AT5G11920,AT5G22380,AT5G40230,AT5G47850,AT5G60900,AT5G64810,AT5G66640,AT5G43910,AT4G23140	na
2	AT1G68150	ATWRKY9	6	na	PWM1326	CisBP	M1561_1.01	5	3.115036194197277e-8	0.000013963149740489295	39	AT1G01010,AT1G02450,AT1G04600,AT1G19250,AT1G23840,AT1G34180,AT1G69720,AT1G75040,AT1G58225,AT2G13810,AT2G23200,AT2G46430,AT2G04450,AT2G04495,AT3G01513,AT3G23120,AT3G25510,AT3G28540,AT3G48640,AT3G50470,AT3G56710,AT3G57240,AT5G09290,AT4G11170,AT4G11890,AT4G14365,AT4G18250,AT4G23130,AT4G38560,AT4G39030,AT5G11920,AT5G22380,AT5G40230,AT5G47850,AT5G60900,AT5G64810,AT5G66640,AT5G43910,AT4G23140	na
2	AT1G69810	ATWRKY36	6	na	PWM1327	CisBP	M1561_1.01	6	3.115036194197277e-8	0.000013963149740489295	39	AT1G01010,AT1G02450,AT1G04600,AT1G19250,AT1G23840,AT1G34180,AT1G69720,AT1G75040,AT1G58225,AT2G13810,AT2G23200,AT2G46430,AT2G04450,AT2G04495,AT3G01513,AT3G23120,AT3G25510,AT3G28540,AT3G48640,AT3G50470,AT3G56710,AT3G57240,AT5G09290,AT4G11170,AT4G11890,AT4G14365,AT4G18250,AT4G23130,AT4G38560,AT4G39030,AT5G11920,AT5G22380,AT5G40230,AT5G47850,AT5G60900,AT5G64810,AT5G66640,AT5G43910,AT4G23140	na
2	AT4G04450	AtWRKY42	0	na	PWM1329	CisBP	M1561_1.01	8	3.115036194197277e-8	0.000013963149740489295	39	AT1G01010,AT1G02450,AT1G04600,AT1G19250,AT1G23840,AT1G34180,AT1G69720,AT1G75040,AT1G58225,AT2G13810,AT2G23200,AT2G46430,AT2G04450,AT2G04495,AT3G01513,AT3G23120,AT3G25510,AT3G28540,AT3G48640,AT3G50470,AT3G56710,AT3G57240,AT5G09290,AT4G11170,AT4G11890,AT4G14365,AT4G18250,AT4G23130,AT4G38560,AT4G39030,AT5G11920,AT5G22380,AT5G40230,AT5G47850,AT5G60900,AT5G64810,AT5G66640,AT5G43910,AT4G23140	na
2	AT4G04450	AtWRKY42	0	na	PWM3546	DAP-seq	WRKY42_col	30	3.113851927508339e-7	0.00002233254602408981	37	AT1G02450,AT1G04600,AT1G19250,AT1G21520,AT1G23840,AT1G34180,AT1G13470,AT2G13810,AT2G17040,AT2G18690,AT2G46430,AT2G04450,AT3G01080,AT3G01513,AT3G21080,AT3G23120,AT3G25510,AT3G28540,AT3G48640,AT3G50470,AT3G56710,AT3G12220,AT4G04500,AT4G11890,AT4G14365,AT4G23130,AT4G38560,AT4G39030,AT5G22380,AT5G25250,AT5G40230,AT5G60900,AT5G64810,AT5G66640,AT5G25260,AT5G43910,AT4G23140	na
2	AT4G22070	ATWRKY31	0	na	PWM1330	CisBP	M1561_1.01	9	3.115036194197277e-8	0.000013963149740489295	39	AT1G01010,AT1G02450,AT1G04600,AT1G19250,AT1G23840,AT1G34180,AT1G69720,AT1G75040,AT1G58225,AT2G13810,AT2G23200,AT2G46430,AT2G04450,AT2G04495,AT3G01513,AT3G23120,AT3G25510,AT3G28540,AT3G48640,AT3G50470,AT3G56710,AT3G57240,AT5G09290,AT4G11170,AT4G11890,AT4G14365,AT4G18250,AT4G23130,AT4G38560,AT4G39030,AT5G11920,AT5G22380,AT5G40230,AT5G47850,AT5G60900,AT5G64810,AT5G66640,AT5G43910,AT4G23140	na
2	AT4G22070	ATWRKY31	0	na	PWM3540	DAP-seq	WRKY31_col	18	1.0032478389672384e-7	0.000011992155835121723	38	AT1G01680,AT1G02450,AT1G34180,AT1G75040,AT1G13470,AT2G04430,AT2G13810,AT2G17040,AT2G18690,AT2G23200,AT2G04450,AT3G01513,AT3G21080,AT3G23120,AT3G25510,AT3G28540,AT3G44326,AT3G48640,AT3G50470,AT3G57260,AT3G12220,AT4G04500,AT5G09290,AT4G11170,AT4G11890,AT4G23130,AT4G39030,AT5G11920,AT5G22380,AT5G25250,AT5G40230,AT5G60900,AT5G64810,AT5G66640,AT5G25260,AT5G43910,AT3G22235,AT4G23140	na
2	AT5G15130	ATWRKY72	9	na	PWM1331	CisBP	M1561_1.01	10	3.115036194197277e-8	0.000013963149740489295	39	AT1G01010,AT1G02450,AT1G04600,AT1G19250,AT1G23840,AT1G34180,AT1G69720,AT1G75040,AT1G58225,AT2G13810,AT2G23200,AT2G46430,AT2G04450,AT2G04495,AT3G01513,AT3G23120,AT3G25510,AT3G28540,AT3G48640,AT3G50470,AT3G56710,AT3G57240,AT5G09290,AT4G11170,AT4G11890,AT4G14365,AT4G18250,AT4G23130,AT4G38560,AT4G39030,AT5G11920,AT5G22380,AT5G40230,AT5G47850,AT5G60900,AT5G64810,AT5G66640,AT5G43910,AT4G23140	na
2	AT2G46770	ANAC043	2	na	PWM3412	DAP-seq	NST1_col	11	3.115036194197277e-8	0.000013963149740489295	39	AT1G01680,AT1G20350,AT1G23840,AT1G33960,AT1G66960,AT1G73805,AT1G75040,AT1G13470,AT1G58225,AT1G57630,AT2G29110,AT2G46430,AT3G01513,AT3G23120,AT3G28510,AT3G45130,AT3G48640,AT3G52430,AT3G12220,AT3G22231,AT4G03450,AT4G04490,AT4G04500,AT5G10760,AT4G23130,AT4G23150,AT4G23210,AT4G23320,AT4G38560,AT4G39030,AT4G13890,AT5G10380,AT5G11920,AT5G22380,AT5G47850,AT5G64810,AT5G66640,AT3G22235,AT4G23140	na
2	AT5G62380	ANAC101	1	na	PWM3431	DAP-seq	VND6_col	12	3.115036194197277e-8	0.000013963149740489295	39	AT1G04600,AT1G20350,AT1G23840,AT1G33960,AT1G34180,AT1G66960,AT1G73805,AT1G74710,AT1G75040,AT1G13470,AT1G57630,AT2G29110,AT2G31865,AT2G46430,AT3G01513,AT3G28510,AT3G45130,AT3G48640,AT3G52430,AT3G61280,AT3G22231,AT4G04490,AT4G04500,AT4G23130,AT4G23150,AT4G23210,AT4G23320,AT4G25070,AT4G28390,AT4G38560,AT4G39030,AT4G13890,AT5G10380,AT5G11920,AT5G22380,AT5G25250,AT5G64810,AT3G22235,AT4G23140	na
2	AT2G40740	ATWRKY55	76	0	PWM3558	DAP-seq	WRKY55_col	13	3.115036194197277e-8	0.000013963149740489295	39	AT1G02450,AT1G04600,AT1G21520,AT1G23840,AT1G69720,AT1G13470,AT2G13810,AT2G17040,AT2G18690,AT2G23200,AT2G46430,AT2G04450,AT2G04495,AT3G01080,AT3G01513,AT3G23120,AT3G25510,AT3G28540,AT3G48640,AT3G50470,AT3G56710,AT3G57240,AT3G61280,AT3G12220,AT4G04500,AT4G04540,AT4G11170,AT4G11890,AT4G14365,AT4G23130,AT4G23210,AT4G39030,AT5G11920,AT5G40230,AT5G60900,AT5G64810,AT5G66640,AT5G43910,AT4G23140	
2	AT2G40740	ATWRKY55	76	0	PWM888	CisBP	M1567_1.01	19	1.0032478389672384e-7	0.000011992155835121723	38	AT1G01010,AT1G02450,AT1G04600,AT1G19250,AT1G21520,AT1G28480,AT1G34180,AT1G69720,AT1G58225,AT2G13810,AT2G17040,AT2G23200,AT2G46430,AT2G04450,AT2G04495,AT3G01513,AT3G21080,AT3G23120,AT3G28540,AT3G48640,AT3G50470,AT3G56710,AT3G12220,AT4G04540,AT5G09290,AT4G11890,AT4G14365,AT4G23130,AT4G38560,AT4G39030,AT5G22380,AT5G26690,AT5G40230,AT5G60900,AT5G64810,AT5G66640,AT5G43910,AT4G23140	
2	AT1G62300	ATWRKY6	1	0	PWM3562	DAP-seq	WRKY6_col	14	3.115036194197277e-8	0.000013963149740489295	39	AT1G01680,AT1G02450,AT1G21520,AT1G34180,AT1G72540,AT1G75040,AT1G13470,AT2G18690,AT2G23200,AT2G46430,AT2G04450,AT3G01513,AT3G21080,AT3G25510,AT3G28540,AT3G44326,AT3G48640,AT3G50470,AT3G57260,AT3G61280,AT3G12220,AT4G04500,AT5G09290,AT4G11170,AT4G11890,AT4G14365,AT4G23130,AT4G39030,AT5G11920,AT5G22380,AT5G24200,AT5G25250,AT5G40230,AT5G60900,AT5G64810,AT5G66640,AT5G25260,AT5G43910,AT4G23140	
2	AT1G62300	ATWRKY6	1	0	PWM1325	CisBP	M1561_1.01	143	0.0006682083997589966	0.008378305320055112	29	AT1G01340,AT1G02450,AT1G19250,AT1G21520,AT1G72540,AT1G56120,AT2G29110,AT2G40750,AT2G46430,AT3G21080,AT3G25510,AT3G28510,AT3G48640,AT3G57240,AT3G57260,AT3G22231,AT5G10760,AT4G18250,AT4G23130,AT4G39030,AT5G11920,AT5G13320,AT5G22570,AT5G25250,AT5G47850,AT5G25260,AT5G43910,AT3G22235,AT4G23140	
2	AT1G62300	ATWRKY6	1	0	PWM423	AthaMAP	T05354	152	0.0006682083997589966	0.008378305320055112	29	AT1G01340,AT1G02450,AT1G19250,AT1G21520,AT1G72540,AT1G56120,AT2G29110,AT2G40750,AT2G46430,AT3G21080,AT3G25510,AT3G28510,AT3G48640,AT3G57240,AT3G57260,AT3G22231,AT5G10760,AT4G18250,AT4G23130,AT4G39030,AT5G11920,AT5G13320,AT5G22570,AT5G25250,AT5G47850,AT5G25260,AT5G43910,AT3G22235,AT4G23140	
2	AT2G21900	ATWRKY59	13	na	PWM1137	CisBP	M1559_1.01	15	1.0032478389672384e-7	0.000011992155835121723	38	AT1G04600,AT1G19250,AT1G21520,AT1G23840,AT1G34180,AT1G69720,AT1G75040,AT1G13470,AT2G04430,AT2G13810,AT2G17040,AT2G18690,AT2G04450,AT3G01513,AT3G21080,AT3G23120,AT3G25510,AT3G44326,AT3G48640,AT3G50470,AT3G52430,AT3G12220,AT4G04500,AT4G11170,AT4G11890,AT4G23130,AT4G39030,AT5G11920,AT5G22380,AT5G25250,AT5G40230,AT5G60900,AT5G64810,AT5G66640,AT5G25260,AT5G43910,AT3G22235,AT4G23140	na
2	AT2G47260	ATWRKY23	0	0	PWM1138	CisBP	M1559_1.01	16	1.0032478389672384e-7	0.000011992155835121723	38	AT1G04600,AT1G19250,AT1G21520,AT1G23840,AT1G34180,AT1G69720,AT1G75040,AT1G13470,AT2G04430,AT2G13810,AT2G17040,AT2G18690,AT2G04450,AT3G01513,AT3G21080,AT3G23120,AT3G25510,AT3G44326,AT3G48640,AT3G50470,AT3G52430,AT3G12220,AT4G04500,AT4G11170,AT4G11890,AT4G23130,AT4G39030,AT5G11920,AT5G22380,AT5G25250,AT5G40230,AT5G60900,AT5G64810,AT5G66640,AT5G25260,AT5G43910,AT3G22235,AT4G23140	
2	AT2G47260	ATWRKY23	0	0	PWM2675	JASPAR	MA1080.1	71	0.00001978227378899031	0.0005456864139024558	33	AT1G04600,AT1G19250,AT1G21520,AT1G23840,AT1G34180,AT1G69720,AT1G75040,AT1G13470,AT2G04430,AT2G13810,AT2G18690,AT2G04450,AT3G01513,AT3G21080,AT3G25510,AT3G44326,AT3G50470,AT3G12220,AT4G04500,AT4G11170,AT4G11890,AT4G23130,AT4G39030,AT5G11920,AT5G22380,AT5G25250,AT5G40230,AT5G60900,AT5G64810,AT5G66640,AT5G25260,AT5G43910,AT4G23140	
2	AT3G62340	AtWRKY68	1	na	PWM1139	CisBP	M1559_1.01	17	1.0032478389672384e-7	0.000011992155835121723	38	AT1G04600,AT1G19250,AT1G21520,AT1G23840,AT1G34180,AT1G69720,AT1G75040,AT1G13470,AT2G04430,AT2G13810,AT2G17040,AT2G18690,AT2G04450,AT3G01513,AT3G21080,AT3G23120,AT3G25510,AT3G44326,AT3G48640,AT3G50470,AT3G52430,AT3G12220,AT4G04500,AT4G11170,AT4G11890,AT4G23130,AT4G39030,AT5G11920,AT5G22380,AT5G25250,AT5G40230,AT5G60900,AT5G64810,AT5G66640,AT5G25260,AT5G43910,AT3G22235,AT4G23140	na
2	AT2G40750	ATWRKY54	70	na	PWM889	CisBP	M1567_1.01	20	1.0032478389672384e-7	0.000011992155835121723	38	AT1G01010,AT1G02450,AT1G04600,AT1G19250,AT1G21520,AT1G28480,AT1G34180,AT1G69720,AT1G58225,AT2G13810,AT2G17040,AT2G23200,AT2G46430,AT2G04450,AT2G04495,AT3G01513,AT3G21080,AT3G23120,AT3G28540,AT3G48640,AT3G50470,AT3G56710,AT3G12220,AT4G04540,AT5G09290,AT4G11890,AT4G14365,AT4G23130,AT4G38560,AT4G39030,AT5G22380,AT5G26690,AT5G40230,AT5G60900,AT5G64810,AT5G66640,AT5G43910,AT4G23140	na
2	AT2G46400	ATWRKY46	18	0	PWM890	CisBP	M1567_1.01	21	1.0032478389672384e-7	0.000011992155835121723	38	AT1G01010,AT1G02450,AT1G04600,AT1G19250,AT1G21520,AT1G28480,AT1G34180,AT1G69720,AT1G58225,AT2G13810,AT2G17040,AT2G23200,AT2G46430,AT2G04450,AT2G04495,AT3G01513,AT3G21080,AT3G23120,AT3G28540,AT3G48640,AT3G50470,AT3G56710,AT3G12220,AT4G04540,AT5G09290,AT4G11890,AT4G14365,AT4G23130,AT4G38560,AT4G39030,AT5G22380,AT5G26690,AT5G40230,AT5G60900,AT5G64810,AT5G66640,AT5G43910,AT4G23140	
2	AT4G11070	AtWRKY41	0	0	PWM892	CisBP	M1567_1.01	22	1.0032478389672384e-7	0.000011992155835121723	38	AT1G01010,AT1G02450,AT1G04600,AT1G19250,AT1G21520,AT1G28480,AT1G34180,AT1G69720,AT1G58225,AT2G13810,AT2G17040,AT2G23200,AT2G46430,AT2G04450,AT2G04495,AT3G01513,AT3G21080,AT3G23120,AT3G28540,AT3G48640,AT3G50470,AT3G56710,AT3G12220,AT4G04540,AT5G09290,AT4G11890,AT4G14365,AT4G23130,AT4G38560,AT4G39030,AT5G22380,AT5G26690,AT5G40230,AT5G60900,AT5G64810,AT5G66640,AT5G43910,AT4G23140	
2	AT4G23810	ATWRKY53	71	na	PWM893	CisBP	M1567_1.01	23	1.0032478389672384e-7	0.000011992155835121723	38	AT1G01010,AT1G02450,AT1G04600,AT1G19250,AT1G21520,AT1G28480,AT1G34180,AT1G69720,AT1G58225,AT2G13810,AT2G17040,AT2G23200,AT2G46430,AT2G04450,AT2G04495,AT3G01513,AT3G21080,AT3G23120,AT3G28540,AT3G48640,AT3G50470,AT3G56710,AT3G12220,AT4G04540,AT5G09290,AT4G11890,AT4G14365,AT4G23130,AT4G38560,AT4G39030,AT5G22380,AT5G26690,AT5G40230,AT5G60900,AT5G64810,AT5G66640,AT5G43910,AT4G23140	na
2	AT5G24110	ATWRKY30	10	na	PWM894	CisBP	M1567_1.01	24	1.0032478389672384e-7	0.000011992155835121723	38	AT1G01010,AT1G02450,AT1G04600,AT1G19250,AT1G21520,AT1G28480,AT1G34180,AT1G69720,AT1G58225,AT2G13810,AT2G17040,AT2G23200,AT2G46430,AT2G04450,AT2G04495,AT3G01513,AT3G21080,AT3G23120,AT3G28540,AT3G48640,AT3G50470,AT3G56710,AT3G12220,AT4G04540,AT5G09290,AT4G11890,AT4G14365,AT4G23130,AT4G38560,AT4G39030,AT5G22380,AT5G26690,AT5G40230,AT5G60900,AT5G64810,AT5G66640,AT5G43910,AT4G23140	na
2	AT5G24110	ATWRKY30	10	na	PWM2677	JASPAR	MA1083.1	28	3.113851927508339e-7	0.00002233254602408981	37	AT1G01010,AT1G02450,AT1G04600,AT1G19250,AT1G21520,AT1G28480,AT1G34180,AT1G69720,AT1G58225,AT2G13810,AT2G17040,AT2G23200,AT2G46430,AT2G04450,AT2G04495,AT3G01513,AT3G23120,AT3G28540,AT3G48640,AT3G50470,AT3G56710,AT3G12220,AT4G04540,AT5G09290,AT4G11890,AT4G14365,AT4G23130,AT4G38560,AT4G39030,AT5G22380,AT5G26690,AT5G40230,AT5G60900,AT5G64810,AT5G66640,AT5G43910,AT4G23140	na
2	AT5G24110	ATWRKY30	10	na	PWM3538	DAP-seq	WRKY30_col	105	0.00005067223688662926	0.0010946424185268226	32	AT1G01010,AT1G02450,AT1G21520,AT1G23840,AT1G13470,AT2G04430,AT2G13810,AT2G18690,AT2G23200,AT2G46430,AT2G04450,AT3G01080,AT3G01513,AT3G23120,AT3G25510,AT3G28540,AT3G48640,AT3G50470,AT3G56710,AT3G61280,AT4G04540,AT4G11170,AT4G11890,AT4G14365,AT4G23130,AT4G39030,AT4G13890,AT5G40230,AT5G60900,AT5G64810,AT5G43910,AT4G23140	na
2	AT1G64000	ATWRKY56	0	na	PWM1346	CisBP	M1566_1.01	25	3.113851927508339e-7	0.00002233254602408981	37	AT1G01010,AT1G02450,AT1G04600,AT1G19250,AT1G23840,AT1G69720,AT1G72540,AT1G58225,AT1G57630,AT2G13810,AT2G44240,AT2G46430,AT2G04450,AT3G01080,AT3G07520,AT3G13100,AT3G23120,AT3G28540,AT3G44326,AT3G48640,AT3G50470,AT4G04500,AT5G09290,AT4G11170,AT4G11890,AT4G14365,AT4G23130,AT4G38560,AT4G39030,AT5G22380,AT5G25250,AT5G47850,AT5G64810,AT5G25260,AT5G43910,AT3G22235,AT4G23140	na
2	AT5G13080	ATWRKY75	60	na	PWM1348	CisBP	M1566_1.01	26	3.113851927508339e-7	0.00002233254602408981	37	AT1G01010,AT1G02450,AT1G04600,AT1G19250,AT1G23840,AT1G69720,AT1G72540,AT1G58225,AT1G57630,AT2G13810,AT2G44240,AT2G46430,AT2G04450,AT3G01080,AT3G07520,AT3G13100,AT3G23120,AT3G28540,AT3G44326,AT3G48640,AT3G50470,AT4G04500,AT5G09290,AT4G11170,AT4G11890,AT4G14365,AT4G23130,AT4G38560,AT4G39030,AT5G22380,AT5G25250,AT5G47850,AT5G64810,AT5G25260,AT5G43910,AT3G22235,AT4G23140	na
2	AT5G13080	ATWRKY75	60	na	PWM2687	JASPAR	MA1093.1	59	0.000007424199020384489	0.0002610115459519488	34	AT1G01010,AT1G02450,AT1G04600,AT1G19250,AT1G23840,AT1G69720,AT1G72540,AT1G57630,AT2G13810,AT2G44240,AT2G46430,AT2G04450,AT3G01080,AT3G07520,AT3G23120,AT3G28540,AT3G44326,AT3G48640,AT3G50470,AT4G04500,AT5G09290,AT4G11170,AT4G11890,AT4G14365,AT4G23130,AT4G38560,AT4G39030,AT5G22380,AT5G25250,AT5G47850,AT5G64810,AT5G25260,AT3G22235,AT4G23140	na
2	AT5G13080	ATWRKY75	60	na	PWM3566	DAP-seq	WRKY75_col	82	0.00001978227378899031	0.0005456864139024558	33	AT1G01010,AT1G02450,AT1G04600,AT1G21520,AT1G23840,AT1G13470,AT2G13810,AT2G18690,AT2G23200,AT2G46430,AT2G04450,AT2G04495,AT3G01080,AT3G25510,AT3G48640,AT3G50470,AT3G61280,AT4G04500,AT4G11170,AT4G11890,AT4G14390,AT4G23130,AT4G23210,AT4G28390,AT4G39030,AT5G25250,AT5G40230,AT5G60900,AT5G64810,AT5G66640,AT5G25260,AT5G43910,AT4G23140	na
2	AT5G41570	ATWRKY24	10	na	PWM1349	CisBP	M1566_1.01	27	3.113851927508339e-7	0.00002233254602408981	37	AT1G01010,AT1G02450,AT1G04600,AT1G19250,AT1G23840,AT1G69720,AT1G72540,AT1G58225,AT1G57630,AT2G13810,AT2G44240,AT2G46430,AT2G04450,AT3G01080,AT3G07520,AT3G13100,AT3G23120,AT3G28540,AT3G44326,AT3G48640,AT3G50470,AT4G04500,AT5G09290,AT4G11170,AT4G11890,AT4G14365,AT4G23130,AT4G38560,AT4G39030,AT5G22380,AT5G25250,AT5G47850,AT5G64810,AT5G25260,AT5G43910,AT3G22235,AT4G23140	na
2	AT5G41570	ATWRKY24	10	na	PWM3526	DAP-seq	WRKY24_col	62	0.000007424199020384489	0.0002610115459519488	34	AT1G01680,AT1G02450,AT1G21520,AT1G23840,AT1G13470,AT2G04430,AT2G13810,AT2G18690,AT2G23200,AT2G46430,AT3G01080,AT3G21080,AT3G25510,AT3G48640,AT3G50470,AT3G61280,AT4G04500,AT4G11170,AT4G11890,AT4G14390,AT4G23130,AT4G23210,AT4G28390,AT4G39030,AT5G11920,AT5G22380,AT5G25250,AT5G40230,AT5G60900,AT5G64810,AT5G66640,AT5G25260,AT5G43910,AT4G23140	na
2	AT5G22570	ATWRKY38	77	0	PWM2678	JASPAR	MA1084.1	29	3.113851927508339e-7	0.00002233254602408981	37	AT1G01010,AT1G01340,AT1G02450,AT1G04600,AT1G19250,AT1G21520,AT1G23840,AT1G34180,AT1G69720,AT1G75040,AT1G01560,AT2G17040,AT2G23200,AT2G46430,AT2G04450,AT3G01513,AT3G21080,AT3G23120,AT3G25510,AT3G28540,AT3G44326,AT3G48640,AT3G50470,AT3G12220,AT5G09290,AT4G11890,AT4G23130,AT4G39030,AT5G11920,AT5G22380,AT5G40230,AT5G60900,AT5G64810,AT5G66640,AT5G43910,AT3G22235,AT4G23140	
2	AT5G22570	ATWRKY38	77	0	PWM1152	CisBP	M1565_1.01	65	0.00001978227378899031	0.0005456864139024558	33	AT1G02450,AT1G04600,AT1G19250,AT1G34180,AT1G72540,AT1G75040,AT1G01560,AT2G13810,AT2G17040,AT2G46430,AT2G04450,AT3G01513,AT3G13100,AT3G21080,AT3G23120,AT3G25510,AT3G28540,AT3G44326,AT3G48640,AT3G50470,AT3G12220,AT5G09290,AT4G14365,AT4G23130,AT4G39030,AT5G11920,AT5G22380,AT5G47850,AT5G60900,AT5G64810,AT5G66640,AT5G43910,AT4G23140	
2	AT5G22570	ATWRKY38	77	0	PWM1583	PBM		70	0.00001978227378899031	0.0005456864139024558	33	AT1G02450,AT1G04600,AT1G19250,AT1G34180,AT1G72540,AT1G75040,AT1G01560,AT2G13810,AT2G17040,AT2G46430,AT2G04450,AT3G01513,AT3G13100,AT3G21080,AT3G23120,AT3G25510,AT3G28540,AT3G44326,AT3G48640,AT3G50470,AT3G12220,AT5G09290,AT4G14365,AT4G23130,AT4G39030,AT5G11920,AT5G22380,AT5G47850,AT5G60900,AT5G64810,AT5G66640,AT5G43910,AT4G23140	
2	AT4G31800	ATWRKY18	37	na	PWM1114	CisBP	M1564_1.01	31	9.309778951078251e-7	0.00005384656019123646	36	AT1G01010,AT1G02450,AT1G04600,AT1G19250,AT1G35230,AT1G69720,AT1G72540,AT1G01560,AT1G58225,AT1G57630,AT2G23200,AT2G46430,AT2G04450,AT3G01080,AT3G23110,AT3G23120,AT3G28540,AT3G44326,AT3G48640,AT3G50470,AT3G61280,AT4G04500,AT5G09290,AT4G11890,AT4G23130,AT4G38560,AT4G39030,AT5G17760,AT5G22380,AT5G22570,AT5G40230,AT5G60900,AT5G64810,AT5G66640,AT3G22235,AT4G23140	na
2	AT4G31800	ATWRKY18	37	na	PWM3519	DAP-seq	WRKY18_col	49	0.000002679960483196692	0.00012012922865929172	35	AT1G02450,AT1G04600,AT1G19250,AT1G21520,AT1G23840,AT1G35230,AT1G13470,AT1G58225,AT1G57630,AT2G13810,AT2G18690,AT2G23200,AT2G46430,AT2G04450,AT3G01080,AT3G21080,AT3G23110,AT3G25510,AT3G48640,AT3G50470,AT4G04500,AT4G11170,AT4G11890,AT4G23130,AT4G38560,AT4G39030,AT5G17760,AT5G25250,AT5G40230,AT5G60900,AT5G64810,AT5G25260,AT5G43910,AT3G22235,AT4G23140	na
2	AT4G31800	ATWRKY18	37	na	PWM2672	JASPAR	MA1077.1	57	0.000007424199020384489	0.0002610115459519488	34	AT1G01010,AT1G04600,AT1G19250,AT1G35230,AT1G69720,AT1G72540,AT1G01560,AT1G58225,AT1G57630,AT2G23200,AT2G46430,AT2G04450,AT3G01080,AT3G23110,AT3G23120,AT3G28540,AT3G44326,AT3G48640,AT3G61280,AT4G04500,AT5G09290,AT4G11890,AT4G23130,AT4G38560,AT4G39030,AT5G17760,AT5G22380,AT5G22570,AT5G40230,AT5G60900,AT5G64810,AT5G66640,AT3G22235,AT4G23140	na
2	AT1G66550	ATWRKY67	2	na	PWM1133	CisBP	M1549_1.01	32	9.309778951078251e-7	0.00005384656019123646	36	AT1G01340,AT1G02450,AT1G19250,AT1G20350,AT1G35230,AT1G44130,AT1G69720,AT1G72540,AT1G01560,AT1G57630,AT2G13810,AT2G23200,AT2G31865,AT2G46430,AT2G04450,AT3G01080,AT3G23120,AT3G28540,AT3G44326,AT3G48640,AT5G09290,AT4G11890,AT4G14365,AT4G23130,AT4G38560,AT5G03350,AT5G17760,AT5G22380,AT5G22570,AT5G25250,AT5G40230,AT5G64810,AT5G66640,AT5G25260,AT3G22235,AT4G23140	na
2	AT1G66560	ATWRKY64	73	na	PWM1134	CisBP	M1549_1.01	33	9.309778951078251e-7	0.00005384656019123646	36	AT1G01340,AT1G02450,AT1G19250,AT1G20350,AT1G35230,AT1G44130,AT1G69720,AT1G72540,AT1G01560,AT1G57630,AT2G13810,AT2G23200,AT2G31865,AT2G46430,AT2G04450,AT3G01080,AT3G23120,AT3G28540,AT3G44326,AT3G48640,AT5G09290,AT4G11890,AT4G14365,AT4G23130,AT4G38560,AT5G03350,AT5G17760,AT5G22380,AT5G22570,AT5G25250,AT5G40230,AT5G64810,AT5G66640,AT5G25260,AT3G22235,AT4G23140	na
2	AT1G80590	ATWRKY66	11	na	PWM1135	CisBP	M1549_1.01	34	9.309778951078251e-7	0.00005384656019123646	36	AT1G01340,AT1G02450,AT1G19250,AT1G20350,AT1G35230,AT1G44130,AT1G69720,AT1G72540,AT1G01560,AT1G57630,AT2G13810,AT2G23200,AT2G31865,AT2G46430,AT2G04450,AT3G01080,AT3G23120,AT3G28540,AT3G44326,AT3G48640,AT5G09290,AT4G11890,AT4G14365,AT4G23130,AT4G38560,AT5G03350,AT5G17760,AT5G22380,AT5G22570,AT5G25250,AT5G40230,AT5G64810,AT5G66640,AT5G25260,AT3G22235,AT4G23140	na
2	AT3G01970	ATWRKY45	47	0	PWM2681	JASPAR	MA1087.1	35	9.309778951078251e-7	0.00005384656019123646	36	AT1G01010,AT1G04600,AT1G19250,AT1G21520,AT1G23840,AT1G34180,AT1G75040,AT1G01560,AT1G13470,AT2G04430,AT2G13810,AT2G17040,AT2G18690,AT2G23200,AT2G46430,AT2G04450,AT3G01513,AT3G21080,AT3G23120,AT3G25510,AT3G28540,AT3G48640,AT3G50470,AT3G12220,AT4G04500,AT5G09290,AT4G11890,AT4G23130,AT4G39030,AT5G11920,AT5G40230,AT5G60900,AT5G64810,AT5G66640,AT5G43910,AT4G23140	
2	AT3G01970	ATWRKY45	47	0	PWM1347	CisBP	M1566_1.01	92	0.00005067223688662926	0.0010946424185268226	32	AT1G02450,AT1G04600,AT1G19250,AT1G20350,AT1G21520,AT1G23840,AT1G34180,AT1G75040,AT2G13810,AT2G46430,AT2G04450,AT3G01513,AT3G21080,AT3G23120,AT3G25510,AT3G28540,AT3G48640,AT3G50470,AT3G12220,AT4G04500,AT5G09290,AT4G14365,AT4G23130,AT4G39030,AT5G11920,AT5G40230,AT5G47850,AT5G60900,AT5G64810,AT5G66640,AT5G43910,AT4G23140	
2	AT3G01970	ATWRKY45	47	0	PWM1582	PBM		95	0.00005067223688662926	0.0010946424185268226	32	AT1G02450,AT1G04600,AT1G19250,AT1G20350,AT1G21520,AT1G23840,AT1G34180,AT1G75040,AT2G13810,AT2G46430,AT2G04450,AT3G01513,AT3G21080,AT3G23120,AT3G25510,AT3G28540,AT3G48640,AT3G50470,AT3G12220,AT4G04500,AT5G09290,AT4G14365,AT4G23130,AT4G39030,AT5G11920,AT5G40230,AT5G47850,AT5G60900,AT5G64810,AT5G66640,AT5G43910,AT4G23140	
2	AT3G01970	ATWRKY45	47	0	PWM3550	DAP-seq	WRKY45_col	167	0.001453058456309334	0.016700857770273306	28	AT1G01010,AT1G02450,AT1G21520,AT1G23840,AT2G04430,AT2G18690,AT2G23200,AT2G46430,AT3G01080,AT3G07520,AT3G48640,AT3G22231,AT4G04500,AT4G11170,AT4G11890,AT4G14390,AT4G23130,AT4G23210,AT4G25070,AT4G28390,AT4G39030,AT4G13890,AT5G24200,AT5G25250,AT5G40230,AT5G43910,AT3G22235,AT4G23140	
2	AT1G66600	ABO3	3	0	PWM2686	JASPAR	MA1092.1	36	9.309778951078251e-7	0.00005384656019123646	36	AT1G01340,AT1G02450,AT1G19250,AT1G20350,AT1G35230,AT1G44130,AT1G69720,AT1G72540,AT1G01560,AT1G57630,AT2G13810,AT2G23200,AT2G31865,AT2G46430,AT2G04450,AT3G01080,AT3G23120,AT3G28540,AT3G44326,AT3G48640,AT5G09290,AT4G11890,AT4G14365,AT4G23130,AT4G38560,AT5G03350,AT5G17760,AT5G22380,AT5G22570,AT5G25250,AT5G40230,AT5G64810,AT5G66640,AT5G25260,AT3G22235,AT4G23140	
2	AT2G18060	ANAC037	0	0	PWM3424	DAP-seq	VND1_col	37	9.309778951078251e-7	0.00005384656019123646	36	AT1G01680,AT1G20350,AT1G21520,AT1G66960,AT1G72540,AT1G74710,AT1G13470,AT1G56120,AT1G57630,AT2G18660,AT2G29110,AT3G01080,AT3G01513,AT3G21080,AT3G23120,AT3G28510,AT3G45130,AT3G52430,AT3G56710,AT3G57260,AT4G04490,AT4G04500,AT4G11890,AT4G23130,AT4G23150,AT4G23210,AT4G23310,AT4G23320,AT4G25070,AT4G38560,AT4G39030,AT5G11920,AT5G39670,AT5G64810,AT5G52750,AT4G23140	
2	AT1G29280	ATWRKY65	8	na	PWM3560	DAP-seq	WRKY65_col	38	9.309778951078251e-7	0.00005384656019123646	36	AT1G01680,AT1G02450,AT1G04600,AT1G19250,AT1G21520,AT1G23840,AT1G13470,AT2G04430,AT2G13810,AT2G17040,AT2G18690,AT2G23200,AT2G46430,AT2G04450,AT3G01080,AT3G21080,AT3G25510,AT3G48640,AT3G50470,AT4G04500,AT4G11170,AT4G11890,AT4G14390,AT4G23130,AT4G23210,AT4G28390,AT4G39030,AT5G11920,AT5G25250,AT5G40230,AT5G60900,AT5G64810,AT5G66640,AT5G25260,AT5G43910,AT4G23140	na
2	AT1G29280	ATWRKY65	8	na	PWM1257	CisBP	M1548_1.01	51	0.000007424199020384489	0.0002610115459519488	34	AT1G01010,AT1G02450,AT1G19250,AT1G69720,AT1G72540,AT1G58225,AT2G13810,AT2G17040,AT2G23200,AT2G46430,AT2G04450,AT3G01513,AT3G21080,AT3G23120,AT3G28540,AT3G44326,AT3G48640,AT3G50470,AT3G56710,AT4G04500,AT5G09290,AT4G11170,AT4G11890,AT4G14365,AT4G23130,AT4G26120,AT4G38560,AT4G39030,AT5G22380,AT5G64810,AT5G66640,AT5G43910,AT3G22235,AT4G23140	na
2	AT3G42860	AT3G42860	0	na	PWM3572	DAP-seq	AT3G42860_col	39	9.309778951078251e-7	0.00005384656019123646	36	AT1G02450,AT1G04600,AT1G21520,AT1G23840,AT1G13470,AT2G04430,AT2G13810,AT2G18690,AT2G23200,AT2G46430,AT2G04450,AT3G01080,AT3G01513,AT3G21080,AT3G23120,AT3G25510,AT3G48640,AT3G50470,AT3G56710,AT3G57240,AT3G61280,AT4G04540,AT4G11170,AT4G11890,AT4G14390,AT4G23130,AT4G23210,AT4G28390,AT4G39030,AT5G25250,AT5G40230,AT5G60900,AT5G64810,AT5G25260,AT5G43910,AT4G23140	na
2	AT1G69490	ANAC029	26	na	PWM1073	CisBP	M1303_1.01	40	0.000002679960483196692	0.00012012922865929172	35	AT1G19250,AT1G23840,AT1G35230,AT1G69720,AT1G72540,AT1G73805,AT1G58225,AT2G13810,AT2G23200,AT2G31865,AT2G46430,AT3G01080,AT3G23120,AT3G28540,AT3G44326,AT3G48640,AT3G61280,AT4G04500,AT5G09290,AT4G11890,AT4G23130,AT4G23320,AT4G28390,AT4G38560,AT4G39030,AT5G17760,AT5G22380,AT5G22570,AT5G25250,AT5G39670,AT5G52760,AT5G64810,AT5G25260,AT5G43910,AT3G22235	na
2	AT1G29860	ATWRKY71	54	na	PWM1088	CisBP	M1568_1.01	41	0.000002679960483196692	0.00012012922865929172	35	AT1G01010,AT1G02450,AT1G19250,AT1G35230,AT1G69720,AT1G72540,AT1G58225,AT2G13810,AT2G23200,AT2G31865,AT2G46430,AT2G04450,AT3G01080,AT3G21080,AT3G23120,AT3G28540,AT3G44326,AT3G48640,AT3G50470,AT4G04500,AT5G09290,AT4G11890,AT4G23130,AT4G26120,AT4G38560,AT4G39030,AT5G17760,AT5G22380,AT5G25250,AT5G64810,AT5G66640,AT5G25260,AT5G43910,AT3G22235,AT4G23140	na
2	AT1G29860	ATWRKY71	54	na	PWM3565	DAP-seq	WRKY71_col	151	0.0006682083997589966	0.008378305320055112	29	AT1G01010,AT1G02450,AT1G21520,AT1G23840,AT2G04430,AT2G18690,AT2G23200,AT2G46430,AT3G01080,AT3G25510,AT3G48640,AT3G50470,AT3G22231,AT4G04500,AT4G11170,AT4G11890,AT4G14390,AT4G23130,AT4G23210,AT4G23310,AT4G28390,AT4G39030,AT5G24200,AT5G25250,AT5G40230,AT5G25260,AT5G43910,AT3G22235,AT4G23140	na
2	AT4G18170	ATWRKY28	7	na	PWM1089	CisBP	M1568_1.01	42	0.000002679960483196692	0.00012012922865929172	35	AT1G01010,AT1G02450,AT1G19250,AT1G35230,AT1G69720,AT1G72540,AT1G58225,AT2G13810,AT2G23200,AT2G31865,AT2G46430,AT2G04450,AT3G01080,AT3G21080,AT3G23120,AT3G28540,AT3G44326,AT3G48640,AT3G50470,AT4G04500,AT5G09290,AT4G11890,AT4G23130,AT4G26120,AT4G38560,AT4G39030,AT5G17760,AT5G22380,AT5G25250,AT5G64810,AT5G66640,AT5G25260,AT5G43910,AT3G22235,AT4G23140	na
2	AT4G18170	ATWRKY28	7	na	PWM3534	DAP-seq	WRKY28_col	150	0.0006682083997589966	0.008378305320055112	29	AT1G01010,AT1G02450,AT1G21520,AT1G23840,AT2G18690,AT2G23200,AT2G46430,AT2G04450,AT3G01080,AT3G21080,AT3G25510,AT3G48640,AT3G50470,AT3G61280,AT4G04500,AT4G11170,AT4G11890,AT4G14390,AT4G23130,AT4G23210,AT4G39030,AT5G24200,AT5G25250,AT5G40230,AT5G64810,AT5G66640,AT5G25260,AT5G43910,AT4G23140	na
2	AT5G46350	ATWRKY8	3	na	PWM1090	CisBP	M1568_1.01	43	0.000002679960483196692	0.00012012922865929172	35	AT1G01010,AT1G02450,AT1G19250,AT1G35230,AT1G69720,AT1G72540,AT1G58225,AT2G13810,AT2G23200,AT2G31865,AT2G46430,AT2G04450,AT3G01080,AT3G21080,AT3G23120,AT3G28540,AT3G44326,AT3G48640,AT3G50470,AT4G04500,AT5G09290,AT4G11890,AT4G23130,AT4G26120,AT4G38560,AT4G39030,AT5G17760,AT5G22380,AT5G25250,AT5G64810,AT5G66640,AT5G25260,AT5G43910,AT3G22235,AT4G23140	na
2	AT5G46350	ATWRKY8	3	na	PWM2688	JASPAR	MA1094.1	44	0.000002679960483196692	0.00012012922865929172	35	AT1G01010,AT1G02450,AT1G19250,AT1G35230,AT1G69720,AT1G72540,AT1G58225,AT2G13810,AT2G23200,AT2G31865,AT2G46430,AT2G04450,AT3G01080,AT3G21080,AT3G23120,AT3G28540,AT3G44326,AT3G48640,AT3G50470,AT4G04500,AT5G09290,AT4G11890,AT4G23130,AT4G26120,AT4G38560,AT4G39030,AT5G17760,AT5G22380,AT5G25250,AT5G64810,AT5G66640,AT5G25260,AT5G43910,AT3G22235,AT4G23140	na
2	AT5G46350	ATWRKY8	3	na	PWM2721	UNIPROBE	UP00582	46	0.000002679960483196692	0.00012012922865929172	35	AT1G04600,AT1G19250,AT1G21520,AT1G23840,AT1G34180,AT1G75040,AT1G01560,AT1G13470,AT2G13810,AT2G17040,AT2G18690,AT2G29110,AT2G46430,AT2G04450,AT2G04495,AT3G01513,AT3G13100,AT3G25510,AT3G28540,AT3G48640,AT3G50470,AT3G12220,AT5G09290,AT4G11890,AT4G14365,AT4G23130,AT4G39030,AT4G13890,AT5G11920,AT5G22380,AT5G40230,AT5G60900,AT5G64810,AT5G66640,AT4G23140	na
2	AT5G46350	ATWRKY8	3	na	PWM3570	DAP-seq	WRKY8_col	109	0.00005067223688662926	0.0010946424185268226	32	AT1G01010,AT1G01680,AT1G02450,AT1G21520,AT1G23840,AT2G04430,AT2G13810,AT2G18690,AT2G23200,AT2G46430,AT3G01080,AT3G07520,AT3G25510,AT3G48640,AT3G50470,AT3G22231,AT4G04500,AT4G11170,AT4G11890,AT4G14390,AT4G23130,AT4G23210,AT4G28390,AT4G39030,AT5G24200,AT5G25250,AT5G40230,AT5G60900,AT5G25260,AT5G43910,AT3G22235,AT4G23140	na
2	AT5G46350	ATWRKY8	3	na	PWM2720	UNIPROBE	UP00582	172	0.003028184332286798	0.032318657784465646	27	AT1G01010,AT1G04600,AT1G19250,AT1G34180,AT1G75040,AT2G17040,AT2G46430,AT2G04450,AT3G01513,AT3G23120,AT3G28540,AT3G44326,AT3G48640,AT3G12220,AT4G04540,AT5G09290,AT4G11890,AT4G23130,AT4G28390,AT4G38560,AT4G39030,AT4G13890,AT5G22380,AT5G60900,AT5G64810,AT5G66640,AT4G23140	na
2	AT2G42400	ATVOZ2	0	na	PWM2719	UNIPROBE	UP00581	45	0.000002679960483196692	0.00012012922865929172	35	AT1G02450,AT1G04600,AT1G19250,AT1G21520,AT1G23840,AT1G34180,AT1G75040,AT1G13470,AT2G04430,AT2G13810,AT2G17040,AT2G18690,AT2G46430,AT2G04450,AT3G01080,AT3G01513,AT3G21080,AT3G23120,AT3G25510,AT3G28540,AT3G48640,AT3G50470,AT3G12220,AT4G04540,AT4G14365,AT4G23130,AT4G39030,AT4G13890,AT5G11920,AT5G40230,AT5G60900,AT5G64810,AT5G66640,AT5G43910,AT4G23140	na
2	AT4G10350	ANAC070	5	na	PWM3379	DAP-seq	ANAC070_col	47	0.000002679960483196692	0.00012012922865929172	35	AT1G04600,AT1G20350,AT1G23840,AT1G33960,AT1G34180,AT1G66960,AT1G73805,AT1G75040,AT1G13470,AT1G57630,AT2G29110,AT2G46430,AT3G01080,AT3G01513,AT3G28510,AT3G45130,AT3G48640,AT3G52430,AT3G61280,AT3G22231,AT4G04490,AT4G04500,AT4G23150,AT4G23210,AT4G25070,AT4G28390,AT4G38560,AT4G13890,AT5G10380,AT5G11920,AT5G22380,AT5G60900,AT5G64810,AT3G22235,AT4G23140	na
2	AT5G39610	ANAC092	60	0	PWM3390	DAP-seq	ANAC092_col	48	0.000002679960483196692	0.00012012922865929172	35	AT1G01680,AT1G04600,AT1G20350,AT1G34180,AT1G66960,AT1G74710,AT1G75040,AT1G58225,AT1G57630,AT2G18660,AT2G29110,AT2G04450,AT3G01080,AT3G01513,AT3G28510,AT3G45130,AT3G52430,AT3G57260,AT3G12220,AT4G04500,AT4G23130,AT4G23150,AT4G23210,AT4G23310,AT4G23320,AT4G25070,AT4G38560,AT4G39030,AT4G13890,AT5G11920,AT5G64810,AT5G66640,AT5G52750,AT3G22235,AT4G23140	
2	AT2G03340	WRKY3	0	0	PWM3543	DAP-seq	WRKY3_col	50	0.000002679960483196692	0.00012012922865929172	35	AT1G01010,AT1G02450,AT1G04600,AT1G21520,AT1G23840,AT1G35230,AT2G18690,AT2G23200,AT2G46430,AT2G04450,AT3G01080,AT3G21080,AT3G25510,AT3G45130,AT3G48640,AT3G50470,AT3G22231,AT4G04500,AT4G11170,AT4G11890,AT4G14390,AT4G23130,AT4G23310,AT4G28390,AT4G39030,AT5G24200,AT5G25250,AT5G40230,AT5G60900,AT5G64810,AT5G66640,AT5G25260,AT5G43910,AT3G22235,AT4G23140	
2	AT2G03340	WRKY3	0	0	PWM1280	CisBP	M1571_1.01	113	0.00012470447564267157	0.002014370493939731	31	AT1G02450,AT1G19250,AT1G20350,AT1G35230,AT1G44130,AT1G69720,AT1G72540,AT1G73805,AT1G01560,AT2G13810,AT2G46430,AT2G04450,AT3G01080,AT3G21080,AT3G23120,AT3G28540,AT3G44326,AT3G48640,AT5G09290,AT4G11890,AT4G14365,AT4G23130,AT4G38560,AT4G39030,AT5G22380,AT5G47850,AT5G52760,AT5G64810,AT5G66640,AT3G22235,AT4G23140	
2	AT1G30650	AR411	2	na	PWM1258	CisBP	M1548_1.01	52	0.000007424199020384489	0.0002610115459519488	34	AT1G01010,AT1G02450,AT1G19250,AT1G69720,AT1G72540,AT1G58225,AT2G13810,AT2G17040,AT2G23200,AT2G46430,AT2G04450,AT3G01513,AT3G21080,AT3G23120,AT3G28540,AT3G44326,AT3G48640,AT3G50470,AT3G56710,AT4G04500,AT5G09290,AT4G11170,AT4G11890,AT4G14365,AT4G23130,AT4G26120,AT4G38560,AT4G39030,AT5G22380,AT5G64810,AT5G66640,AT5G43910,AT3G22235,AT4G23140	na
2	AT1G30650	AR411	2	na	PWM3513	DAP-seq	WRKY14_col	79	0.00001978227378899031	0.0005456864139024558	33	AT1G01010,AT1G02450,AT1G21520,AT1G23840,AT1G13470,AT2G04430,AT2G13810,AT2G18690,AT2G23200,AT2G46430,AT2G04450,AT3G01080,AT3G21080,AT3G25510,AT3G48640,AT3G50470,AT3G61280,AT4G04500,AT4G04540,AT4G11170,AT4G11890,AT4G14390,AT4G23130,AT4G23210,AT4G39030,AT5G25250,AT5G40230,AT5G60900,AT5G64810,AT5G66640,AT5G25260,AT5G43910,AT4G23140	na
2	AT2G34830	AtWRKY35	4	na	PWM1259	CisBP	M1548_1.01	53	0.000007424199020384489	0.0002610115459519488	34	AT1G01010,AT1G02450,AT1G19250,AT1G69720,AT1G72540,AT1G58225,AT2G13810,AT2G17040,AT2G23200,AT2G46430,AT2G04450,AT3G01513,AT3G21080,AT3G23120,AT3G28540,AT3G44326,AT3G48640,AT3G50470,AT3G56710,AT4G04500,AT5G09290,AT4G11170,AT4G11890,AT4G14365,AT4G23130,AT4G26120,AT4G38560,AT4G39030,AT5G22380,AT5G64810,AT5G66640,AT5G43910,AT3G22235,AT4G23140	na
2	AT3G58710	ATWRKY69	1	0	PWM1260	CisBP	M1548_1.01	54	0.000007424199020384489	0.0002610115459519488	34	AT1G01010,AT1G02450,AT1G19250,AT1G69720,AT1G72540,AT1G58225,AT2G13810,AT2G17040,AT2G23200,AT2G46430,AT2G04450,AT3G01513,AT3G21080,AT3G23120,AT3G28540,AT3G44326,AT3G48640,AT3G50470,AT3G56710,AT4G04500,AT5G09290,AT4G11170,AT4G11890,AT4G14365,AT4G23130,AT4G26120,AT4G38560,AT4G39030,AT5G22380,AT5G64810,AT5G66640,AT5G43910,AT3G22235,AT4G23140	
2	AT5G45050	ATWRKY16	0	na	PWM1261	CisBP	M1548_1.01	55	0.000007424199020384489	0.0002610115459519488	34	AT1G01010,AT1G02450,AT1G19250,AT1G69720,AT1G72540,AT1G58225,AT2G13810,AT2G17040,AT2G23200,AT2G46430,AT2G04450,AT3G01513,AT3G21080,AT3G23120,AT3G28540,AT3G44326,AT3G48640,AT3G50470,AT3G56710,AT4G04500,AT5G09290,AT4G11170,AT4G11890,AT4G14365,AT4G23130,AT4G26120,AT4G38560,AT4G39030,AT5G22380,AT5G64810,AT5G66640,AT5G43910,AT3G22235,AT4G23140	na
2	AT5G45260	ATWRKY52	1	na	PWM1262	CisBP	M1548_1.01	56	0.000007424199020384489	0.0002610115459519488	34	AT1G01010,AT1G02450,AT1G19250,AT1G69720,AT1G72540,AT1G58225,AT2G13810,AT2G17040,AT2G23200,AT2G46430,AT2G04450,AT3G01513,AT3G21080,AT3G23120,AT3G28540,AT3G44326,AT3G48640,AT3G50470,AT3G56710,AT4G04500,AT5G09290,AT4G11170,AT4G11890,AT4G14365,AT4G23130,AT4G26120,AT4G38560,AT4G39030,AT5G22380,AT5G64810,AT5G66640,AT5G43910,AT3G22235,AT4G23140	na
2	AT2G30590	WRKY21	0	0	PWM2674	JASPAR	MA1079.1	58	0.000007424199020384489	0.0002610115459519488	34	AT1G01010,AT1G02450,AT1G19250,AT1G23840,AT1G35230,AT1G69720,AT1G01560,AT1G58225,AT2G13810,AT2G17040,AT2G23200,AT2G46430,AT2G04450,AT3G01080,AT3G01513,AT3G23120,AT3G28540,AT3G44326,AT3G48640,AT3G50470,AT4G04500,AT5G09290,AT4G11170,AT4G11890,AT4G23130,AT4G38560,AT4G39030,AT5G22380,AT5G60900,AT5G64810,AT5G66640,AT5G43910,AT3G22235,AT4G23140	
2	AT2G30590	WRKY21	0	0	PWM3522	DAP-seq	WRKY21_col	61	0.000007424199020384489	0.0002610115459519488	34	AT1G01010,AT1G02450,AT1G21520,AT1G23840,AT1G13470,AT2G04430,AT2G13810,AT2G18690,AT2G23200,AT2G46430,AT2G04450,AT3G01080,AT3G25510,AT3G48640,AT3G50470,AT3G22231,AT4G04500,AT4G11170,AT4G11890,AT4G14390,AT4G23130,AT4G23210,AT4G23310,AT4G28390,AT4G39030,AT5G24200,AT5G25250,AT5G40230,AT5G60900,AT5G64810,AT5G25260,AT5G43910,AT3G22235,AT4G23140	
2	AT2G30590	WRKY21	0	0	PWM944	CisBP	M1556_1.01	64	0.000007424199020384489	0.0002610115459519488	34	AT1G01010,AT1G02450,AT1G19250,AT1G23840,AT1G35230,AT1G69720,AT1G01560,AT1G58225,AT2G13810,AT2G17040,AT2G23200,AT2G46430,AT2G04450,AT3G01080,AT3G01513,AT3G23120,AT3G28540,AT3G44326,AT3G48640,AT3G50470,AT4G04500,AT5G09290,AT4G11170,AT4G11890,AT4G23130,AT4G38560,AT4G39030,AT5G22380,AT5G60900,AT5G64810,AT5G66640,AT5G43910,AT3G22235,AT4G23140	
2	AT1G79580	ANAC033	5	na	PWM3418	DAP-seq	SMB_col	60	0.000007424199020384489	0.0002610115459519488	34	AT1G04600,AT1G20350,AT1G23840,AT1G33960,AT1G34180,AT1G66960,AT1G73805,AT1G75040,AT1G13470,AT1G57630,AT2G29110,AT2G31865,AT2G46430,AT3G01513,AT3G28510,AT3G45130,AT3G48640,AT3G52430,AT3G61280,AT3G22231,AT4G04490,AT4G04500,AT4G11170,AT4G23150,AT4G23210,AT4G25070,AT4G28390,AT4G38560,AT4G13890,AT5G10380,AT5G11920,AT5G22380,AT3G22235,AT4G23140	na
2	AT5G07100	WRKY26	21	na	PWM3530	DAP-seq	WRKY26_col	63	0.000007424199020384489	0.0002610115459519488	34	AT1G01010,AT1G01680,AT1G02450,AT1G21520,AT1G23840,AT1G72540,AT2G18690,AT2G23200,AT2G46430,AT2G04450,AT3G01080,AT3G25510,AT3G48640,AT3G50470,AT3G61280,AT3G22231,AT4G04500,AT4G11170,AT4G11890,AT4G14390,AT4G23130,AT4G23210,AT4G28390,AT4G39030,AT5G13320,AT5G25250,AT5G40230,AT5G60900,AT5G64810,AT5G66640,AT5G25260,AT5G43910,AT3G22235,AT4G23140	na
2	AT4G31550	ATWRKY11	0	0	PWM1154	CisBP	M1563_1.01	66	0.00001978227378899031	0.0005456864139024558	33	AT1G01010,AT1G02450,AT1G19250,AT1G34180,AT1G69720,AT1G72540,AT1G58225,AT2G13810,AT2G17040,AT2G23200,AT2G46430,AT2G04450,AT3G07520,AT3G21080,AT3G23120,AT3G28540,AT3G48640,AT3G50470,AT3G56710,AT4G04500,AT5G09290,AT4G11890,AT4G14390,AT4G18250,AT4G23130,AT4G23210,AT4G38560,AT4G39030,AT5G64810,AT5G66640,AT5G43910,AT3G22235,AT4G23140	
2	AT4G31550	ATWRKY11	0	0	PWM3512	DAP-seq	WRKY11_col	102	0.00005067223688662926	0.0010946424185268226	32	AT1G01010,AT1G02450,AT1G21520,AT1G23840,AT2G04430,AT2G13810,AT2G18690,AT2G23200,AT2G46430,AT2G04450,AT3G01080,AT3G25510,AT3G48640,AT3G50470,AT3G61280,AT3G22231,AT4G04500,AT4G04540,AT4G11170,AT4G11890,AT4G14390,AT4G23130,AT4G23210,AT4G25070,AT4G28390,AT4G39030,AT5G24200,AT5G40230,AT5G64810,AT5G43910,AT3G22235,AT4G23140	
2	AT4G25470	ATCBF2	0	0	PWM1229	CisBP	M0030_1.01	67	0.00001978227378899031	0.0005456864139024558	33	AT1G02450,AT1G04600,AT1G19250,AT1G34180,AT1G72540,AT1G75040,AT1G01560,AT2G13810,AT2G17040,AT2G46430,AT2G04450,AT3G01513,AT3G13100,AT3G21080,AT3G23120,AT3G25510,AT3G28540,AT3G44326,AT3G48640,AT3G50470,AT3G12220,AT5G09290,AT4G14365,AT4G23130,AT4G39030,AT5G11920,AT5G22380,AT5G47850,AT5G60900,AT5G64810,AT5G66640,AT5G43910,AT4G23140	
2	AT1G76580	AT1G76580	1	na	PWM1289	CisBP	M1441_1.01	68	0.00001978227378899031	0.0005456864139024558	33	AT1G01010,AT1G19250,AT1G34180,AT1G69720,AT1G72540,AT1G75040,AT1G01560,AT2G04430,AT2G17040,AT2G23200,AT2G46430,AT2G04450,AT3G01513,AT3G21080,AT3G23120,AT3G25510,AT3G28540,AT3G44326,AT3G48640,AT3G12220,AT5G09290,AT4G14365,AT4G23130,AT4G39030,AT5G11920,AT5G22380,AT5G26690,AT5G47850,AT5G60900,AT5G64810,AT5G66640,AT5G43910,AT4G23140	na
2	AT2G44745	AtWRKY12	1	na	PWM1581	PBM		69	0.00001978227378899031	0.0005456864139024558	33	AT1G01010,AT1G19250,AT1G34180,AT1G69720,AT1G72540,AT1G75040,AT1G01560,AT2G04430,AT2G17040,AT2G23200,AT2G46430,AT2G04450,AT3G01513,AT3G21080,AT3G23120,AT3G25510,AT3G28540,AT3G44326,AT3G48640,AT3G12220,AT5G09290,AT4G14365,AT4G23130,AT4G39030,AT5G11920,AT5G22380,AT5G26690,AT5G47850,AT5G60900,AT5G64810,AT5G66640,AT5G43910,AT4G23140	na
2	AT2G44745	AtWRKY12	1	na	PWM1099	CisBP	M1550_1.01	85	0.00005067223688662926	0.0010946424185268226	32	AT1G01010,AT1G02450,AT1G19250,AT1G69720,AT1G72540,AT1G58225,AT2G13810,AT2G23200,AT2G46430,AT2G04450,AT3G01080,AT3G07520,AT3G23120,AT3G28540,AT3G48640,AT3G50470,AT3G56710,AT4G04500,AT5G09290,AT4G11170,AT4G11890,AT4G23130,AT4G23210,AT4G38560,AT4G39030,AT5G25250,AT5G64810,AT5G66640,AT5G25260,AT5G43910,AT3G22235,AT4G23140	na
2	AT2G44745	AtWRKY12	1	na	PWM2670	JASPAR	MA1075.1	96	0.00005067223688662926	0.0010946424185268226	32	AT1G01010,AT1G01340,AT1G19250,AT1G34180,AT1G69720,AT1G75040,AT1G01560,AT2G04430,AT2G17040,AT2G23200,AT2G40520,AT2G04450,AT3G21080,AT3G23120,AT3G28540,AT3G44326,AT3G48640,AT3G61280,AT3G12220,AT5G09290,AT4G11890,AT4G23130,AT4G39030,AT5G11920,AT5G22380,AT5G26690,AT5G40230,AT5G60900,AT5G64810,AT5G66640,AT5G43910,AT4G23140	na
2	AT1G69310	ATWRKY57	54	0	PWM2683	JASPAR	MA1089.1	72	0.00001978227378899031	0.0005456864139024558	33	AT1G01010,AT1G02450,AT1G19250,AT1G69720,AT1G72540,AT1G58225,AT2G13810,AT2G18690,AT2G23200,AT2G31865,AT2G46430,AT2G04450,AT3G01080,AT3G23120,AT3G28540,AT3G48640,AT3G50470,AT3G56710,AT4G04500,AT5G09290,AT4G11170,AT4G11890,AT4G23130,AT4G23210,AT4G38560,AT4G39030,AT5G25250,AT5G64810,AT5G66640,AT5G25260,AT5G43910,AT3G22235,AT4G23140	
2	AT1G69310	ATWRKY57	54	0	PWM1098	CisBP	M1550_1.01	84	0.00005067223688662926	0.0010946424185268226	32	AT1G01010,AT1G02450,AT1G19250,AT1G69720,AT1G72540,AT1G58225,AT2G13810,AT2G23200,AT2G46430,AT2G04450,AT3G01080,AT3G07520,AT3G23120,AT3G28540,AT3G48640,AT3G50470,AT3G56710,AT4G04500,AT5G09290,AT4G11170,AT4G11890,AT4G23130,AT4G23210,AT4G38560,AT4G39030,AT5G25250,AT5G64810,AT5G66640,AT5G25260,AT5G43910,AT3G22235,AT4G23140	
2	AT3G18400	anac058	11	0	PWM3375	DAP-seq	ANAC058_col	73	0.00001978227378899031	0.0005456864139024558	33	AT1G04600,AT1G20350,AT1G23840,AT1G34180,AT1G44130,AT1G66960,AT1G13470,AT2G18660,AT2G29110,AT2G46430,AT2G04450,AT3G01080,AT3G01513,AT3G28510,AT3G45130,AT3G52430,AT3G57260,AT4G04490,AT4G04500,AT5G10760,AT4G11890,AT4G23130,AT4G23150,AT4G23210,AT4G25070,AT4G38560,AT4G39030,AT4G13890,AT5G11920,AT5G13320,AT5G39670,AT5G66640,AT4G23140	
2	AT5G13180	ANAC083	1	na	PWM3386	DAP-seq	ANAC083_col	74	0.00001978227378899031	0.0005456864139024558	33	AT1G04600,AT1G20350,AT1G23840,AT1G34180,AT1G66960,AT1G75040,AT1G13470,AT1G56120,AT1G58225,AT1G57630,AT2G18660,AT2G29110,AT2G46430,AT3G01513,AT3G28510,AT3G45130,AT3G48640,AT3G52430,AT3G61280,AT4G04490,AT4G04500,AT4G11170,AT4G23130,AT4G23150,AT4G23210,AT4G25070,AT4G28390,AT4G38560,AT4G39030,AT4G13890,AT5G11920,AT5G66640,AT4G23140	na
2	AT5G18270	ANAC087	33	0	PWM3388	DAP-seq	ANAC087_col	75	0.00001978227378899031	0.0005456864139024558	33	AT1G04600,AT1G20350,AT1G23840,AT1G34180,AT1G66960,AT1G75040,AT1G13470,AT1G57630,AT2G18660,AT2G29110,AT2G46430,AT3G01513,AT3G28510,AT3G45130,AT3G48640,AT3G52430,AT3G61280,AT4G04490,AT4G04500,AT4G11170,AT4G23130,AT4G23150,AT4G23210,AT4G25070,AT4G28390,AT4G38560,AT4G39030,AT4G13890,AT5G11920,AT5G25250,AT5G66640,AT5G25260,AT4G23140	
2	AT3G15170	ANAC054	1	0	PWM3400	DAP-seq	CUC1_col	76	0.00001978227378899031	0.0005456864139024558	33	AT1G04600,AT1G20350,AT1G23840,AT1G34180,AT1G44130,AT1G66960,AT1G75040,AT1G13470,AT1G57630,AT2G18660,AT2G29110,AT2G46430,AT2G04450,AT3G01513,AT3G28510,AT3G45130,AT3G52430,AT3G56710,AT3G57260,AT3G61280,AT4G04490,AT4G04500,AT4G23130,AT4G23150,AT4G23210,AT4G25070,AT4G38560,AT4G39030,AT4G13890,AT5G11920,AT5G39670,AT5G64810,AT4G23140	
2	AT4G01540	ANAC068	26	na	PWM3415	DAP-seq	NTM1_col	77	0.00001978227378899031	0.0005456864139024558	33	AT1G01010,AT1G01680,AT1G04600,AT1G21520,AT1G23840,AT1G73805,AT1G74710,AT1G56120,AT2G13810,AT2G17040,AT2G18660,AT2G18690,AT2G29110,AT3G28510,AT3G45130,AT3G50470,AT3G57240,AT3G12220,AT5G10760,AT4G11170,AT4G11890,AT4G23130,AT4G23150,AT4G23210,AT4G39030,AT5G11920,AT5G13320,AT5G17760,AT5G60900,AT5G66640,AT5G52750,AT3G22235,AT4G23140	na
2	AT4G36160	ANAC076	1	0	PWM3425	DAP-seq	VND2_col	78	0.00001978227378899031	0.0005456864139024558	33	AT1G01680,AT1G19960,AT1G20350,AT1G21520,AT1G33960,AT1G44130,AT1G73805,AT1G75040,AT1G56120,AT1G57630,AT2G18660,AT2G29110,AT2G40520,AT3G01080,AT3G01513,AT3G23120,AT3G28510,AT3G45130,AT3G57260,AT3G12220,AT4G04500,AT5G10760,AT4G11890,AT4G23130,AT4G23210,AT4G23310,AT4G23320,AT4G25070,AT4G38560,AT4G39030,AT4G13890,AT5G64810,AT5G66640	
2	AT2G24570	ATWRKY17	1	0	PWM3517	DAP-seq	WRKY17_col	80	0.00001978227378899031	0.0005456864139024558	33	AT1G01010,AT1G01680,AT1G02450,AT1G21520,AT1G23840,AT1G35230,AT1G72540,AT2G04430,AT2G13810,AT2G18690,AT2G23200,AT2G46430,AT3G01080,AT3G07520,AT3G25510,AT3G48640,AT3G50470,AT3G61280,AT3G22231,AT4G04500,AT4G04540,AT4G11170,AT4G11890,AT4G14390,AT4G23130,AT4G23210,AT4G28390,AT4G39030,AT5G24200,AT5G40230,AT5G43910,AT3G22235,AT4G23140	
2	AT2G24570	ATWRKY17	1	0	PWM1371	CisBP	M1553_1.01	94	0.00005067223688662926	0.0010946424185268226	32	AT1G01010,AT1G02450,AT1G19250,AT1G34180,AT1G69720,AT1G72540,AT1G58225,AT2G13810,AT2G17040,AT2G23200,AT2G46430,AT2G04450,AT3G01080,AT3G07520,AT3G23120,AT3G28540,AT3G48640,AT3G50470,AT4G04500,AT5G09290,AT4G11170,AT4G11890,AT4G23130,AT4G23210,AT4G38560,AT4G39030,AT5G25250,AT5G64810,AT5G25260,AT5G43910,AT3G22235,AT4G23140	
2	AT4G01250	AtWRKY22	4	na	PWM3524	DAP-seq	WRKY22_col	81	0.00001978227378899031	0.0005456864139024558	33	AT1G01010,AT1G02450,AT1G21520,AT1G23840,AT2G04430,AT2G13810,AT2G18690,AT2G23200,AT2G46430,AT2G04450,AT3G01080,AT3G21080,AT3G25510,AT3G48640,AT3G50470,AT3G22231,AT4G04500,AT4G11170,AT4G11890,AT4G14390,AT4G23130,AT4G23210,AT4G25070,AT4G28390,AT4G39030,AT5G25250,AT5G40230,AT5G60900,AT5G64810,AT5G25260,AT5G43910,AT3G22235,AT4G23140	na
2	AT4G01250	AtWRKY22	4	na	PWM832	CisBP	M1560_1.01	142	0.00029468119406117103	0.003972656999636689	30	AT1G01010,AT1G01680,AT1G02450,AT1G23840,AT1G69720,AT1G72540,AT1G01560,AT1G58225,AT2G13810,AT2G23200,AT2G29110,AT2G04450,AT3G01080,AT3G01513,AT3G23120,AT3G28510,AT3G28540,AT3G44326,AT3G48640,AT3G56710,AT3G12220,AT5G09290,AT4G11170,AT4G11890,AT4G39030,AT5G17760,AT5G25250,AT5G64810,AT5G43910,AT3G22235	na
2	AT1G55600	ATWRKY10	0	na	PWM1097	CisBP	M1550_1.01	83	0.00005067223688662926	0.0010946424185268226	32	AT1G01010,AT1G02450,AT1G19250,AT1G69720,AT1G72540,AT1G58225,AT2G13810,AT2G23200,AT2G46430,AT2G04450,AT3G01080,AT3G07520,AT3G23120,AT3G28540,AT3G48640,AT3G50470,AT3G56710,AT4G04500,AT5G09290,AT4G11170,AT4G11890,AT4G23130,AT4G23210,AT4G38560,AT4G39030,AT5G25250,AT5G64810,AT5G66640,AT5G25260,AT5G43910,AT3G22235,AT4G23140	na
2	AT4G39410	ATWRKY13	1	na	PWM1100	CisBP	M1550_1.01	86	0.00005067223688662926	0.0010946424185268226	32	AT1G01010,AT1G02450,AT1G19250,AT1G69720,AT1G72540,AT1G58225,AT2G13810,AT2G23200,AT2G46430,AT2G04450,AT3G01080,AT3G07520,AT3G23120,AT3G28540,AT3G48640,AT3G50470,AT3G56710,AT4G04500,AT5G09290,AT4G11170,AT4G11890,AT4G23130,AT4G23210,AT4G38560,AT4G39030,AT5G25250,AT5G64810,AT5G66640,AT5G25260,AT5G43910,AT3G22235,AT4G23140	na
2	AT5G43290	ATWRKY49	1	0	PWM1101	CisBP	M1550_1.01	87	0.00005067223688662926	0.0010946424185268226	32	AT1G01010,AT1G02450,AT1G19250,AT1G69720,AT1G72540,AT1G58225,AT2G13810,AT2G23200,AT2G46430,AT2G04450,AT3G01080,AT3G07520,AT3G23120,AT3G28540,AT3G48640,AT3G50470,AT3G56710,AT4G04500,AT5G09290,AT4G11170,AT4G11890,AT4G23130,AT4G23210,AT4G38560,AT4G39030,AT5G25250,AT5G64810,AT5G66640,AT5G25260,AT5G43910,AT3G22235,AT4G23140	
2	AT2G23320	AtWRKY15	10	0	PWM1263	CisBP	M1552_1.01	88	0.00005067223688662926	0.0010946424185268226	32	AT1G01010,AT1G02450,AT1G19250,AT1G69720,AT1G72540,AT2G13810,AT2G17040,AT2G23200,AT2G46430,AT2G04450,AT3G01080,AT3G01513,AT3G23120,AT3G28540,AT3G44326,AT3G48640,AT4G04500,AT5G09290,AT4G11170,AT4G11890,AT4G14365,AT4G23130,AT4G26120,AT4G38560,AT4G39030,AT5G17760,AT5G22380,AT5G64810,AT5G66640,AT5G43910,AT3G22235,AT4G23140	
2	AT2G23320	AtWRKY15	10	0	PWM2671	JASPAR	MA1076.1	97	0.00005067223688662926	0.0010946424185268226	32	AT1G01010,AT1G02450,AT1G19250,AT1G69720,AT1G72540,AT2G13810,AT2G17040,AT2G23200,AT2G46430,AT2G04450,AT3G01080,AT3G01513,AT3G23120,AT3G28540,AT3G44326,AT3G48640,AT4G04500,AT5G09290,AT4G11170,AT4G11890,AT4G14365,AT4G23130,AT4G26120,AT4G38560,AT4G39030,AT5G17760,AT5G22380,AT5G64810,AT5G66640,AT5G43910,AT3G22235,AT4G23140	
2	AT2G23320	AtWRKY15	10	0	PWM3515	DAP-seq	WRKY15_col	103	0.00005067223688662926	0.0010946424185268226	32	AT1G02450,AT1G19250,AT1G21520,AT1G23840,AT1G13470,AT2G04430,AT2G13810,AT2G18690,AT2G23200,AT2G46430,AT2G04450,AT3G01080,AT3G21080,AT3G25510,AT3G48640,AT3G50470,AT4G04500,AT4G11170,AT4G11890,AT4G14390,AT4G23130,AT4G23210,AT4G28390,AT4G39030,AT5G24200,AT5G25250,AT5G40230,AT5G60900,AT5G64810,AT5G25260,AT5G43910,AT4G23140	
2	AT3G04670	ATWRKY39	0	na	PWM1264	CisBP	M1552_1.01	89	0.00005067223688662926	0.0010946424185268226	32	AT1G01010,AT1G02450,AT1G19250,AT1G69720,AT1G72540,AT2G13810,AT2G17040,AT2G23200,AT2G46430,AT2G04450,AT3G01080,AT3G01513,AT3G23120,AT3G28540,AT3G44326,AT3G48640,AT4G04500,AT5G09290,AT4G11170,AT4G11890,AT4G14365,AT4G23130,AT4G26120,AT4G38560,AT4G39030,AT5G17760,AT5G22380,AT5G64810,AT5G66640,AT5G43910,AT3G22235,AT4G23140	na
2	AT4G24240	ATWRKY7	0	na	PWM1265	CisBP	M1552_1.01	90	0.00005067223688662926	0.0010946424185268226	32	AT1G01010,AT1G02450,AT1G19250,AT1G69720,AT1G72540,AT2G13810,AT2G17040,AT2G23200,AT2G46430,AT2G04450,AT3G01080,AT3G01513,AT3G23120,AT3G28540,AT3G44326,AT3G48640,AT4G04500,AT5G09290,AT4G11170,AT4G11890,AT4G14365,AT4G23130,AT4G26120,AT4G38560,AT4G39030,AT5G17760,AT5G22380,AT5G64810,AT5G66640,AT5G43910,AT3G22235,AT4G23140	na
2	AT4G24240	ATWRKY7	0	na	PWM3568	DAP-seq	WRKY7_col	108	0.00005067223688662926	0.0010946424185268226	32	AT1G01010,AT1G02450,AT1G21520,AT1G23840,AT2G04430,AT2G13810,AT2G18690,AT2G23200,AT2G46430,AT2G04450,AT3G01080,AT3G07520,AT3G25510,AT3G48640,AT3G22231,AT4G04500,AT4G11170,AT4G11890,AT4G14390,AT4G23130,AT4G23210,AT4G25070,AT4G28390,AT4G39030,AT5G24200,AT5G25250,AT5G40230,AT5G60900,AT5G64810,AT5G43910,AT3G22235,AT4G23140	na
2	AT5G28650	ATWRKY74	0	na	PWM1266	CisBP	M1552_1.01	91	0.00005067223688662926	0.0010946424185268226	32	AT1G01010,AT1G02450,AT1G19250,AT1G69720,AT1G72540,AT2G13810,AT2G17040,AT2G23200,AT2G46430,AT2G04450,AT3G01080,AT3G01513,AT3G23120,AT3G28540,AT3G44326,AT3G48640,AT4G04500,AT5G09290,AT4G11170,AT4G11890,AT4G14365,AT4G23130,AT4G26120,AT4G38560,AT4G39030,AT5G17760,AT5G22380,AT5G64810,AT5G66640,AT5G43910,AT3G22235,AT4G23140	na
2	AT1G02065	SPL8	1	na	PWM1362	CisBP	M2241_1.01	93	0.00005067223688662926	0.0010946424185268226	32	AT1G02450,AT1G04600,AT1G19250,AT1G20350,AT1G21520,AT1G23840,AT1G34180,AT1G75040,AT2G13810,AT2G46430,AT2G04450,AT3G01513,AT3G21080,AT3G23120,AT3G25510,AT3G28540,AT3G48640,AT3G50470,AT3G12220,AT4G04500,AT5G09290,AT4G14365,AT4G23130,AT4G39030,AT5G11920,AT5G40230,AT5G47850,AT5G60900,AT5G64810,AT5G66640,AT5G43910,AT4G23140	na
2	AT5G56270	ATWRKY2	1	0	PWM2673	JASPAR	MA1078.1	98	0.00005067223688662926	0.0010946424185268226	32	AT1G02450,AT1G19250,AT1G20350,AT1G35230,AT1G44130,AT1G69720,AT1G72540,AT1G73805,AT1G01560,AT1G57630,AT2G13810,AT2G46430,AT2G04450,AT3G01080,AT3G21080,AT3G23120,AT3G28540,AT3G44326,AT3G48640,AT5G09290,AT4G11890,AT4G14365,AT4G23130,AT4G38560,AT4G39030,AT5G22380,AT5G47850,AT5G52760,AT5G64810,AT5G66640,AT3G22235,AT4G23140	
2	AT5G56270	ATWRKY2	1	0	PWM1284	CisBP	M1571_1.01	117	0.00012470447564267157	0.002014370493939731	31	AT1G02450,AT1G19250,AT1G20350,AT1G35230,AT1G44130,AT1G69720,AT1G72540,AT1G73805,AT1G01560,AT2G13810,AT2G46430,AT2G04450,AT3G01080,AT3G21080,AT3G23120,AT3G28540,AT3G44326,AT3G48640,AT5G09290,AT4G11890,AT4G14365,AT4G23130,AT4G38560,AT4G39030,AT5G22380,AT5G47850,AT5G52760,AT5G64810,AT5G66640,AT3G22235,AT4G23140	
2	AT2G02450	ANAC034	0	na	PWM3359	DAP-seq	ANAC034_col	99	0.00005067223688662926	0.0010946424185268226	32	AT1G01340,AT1G19250,AT1G20350,AT1G33960,AT1G66960,AT1G74710,AT1G75040,AT1G13470,AT1G56120,AT2G13810,AT2G40520,AT2G40750,AT2G46430,AT2G04450,AT3G01513,AT3G07520,AT3G23120,AT3G28510,AT3G45130,AT3G52430,AT3G56710,AT3G57240,AT3G57260,AT4G04490,AT4G04500,AT4G11170,AT4G11890,AT4G23150,AT4G23210,AT4G23310,AT4G13890,AT5G25250	na
2	AT2G24430	ANAC038	15	0	PWM3360	DAP-seq	ANAC038_col	100	0.00005067223688662926	0.0010946424185268226	32	AT1G04600,AT1G20350,AT1G23840,AT1G34180,AT1G44130,AT1G66960,AT1G13470,AT2G18660,AT2G29110,AT2G46430,AT2G04450,AT3G01513,AT3G28510,AT3G45130,AT3G52430,AT4G03450,AT4G04490,AT4G04500,AT5G10760,AT4G11890,AT4G23130,AT4G23150,AT4G23210,AT4G25070,AT4G38560,AT4G39030,AT4G13890,AT5G11920,AT5G13320,AT5G25250,AT5G66640,AT4G23140	
2	AT1G12260	ANAC007	0	0	PWM3429	DAP-seq	VND4_col	101	0.00005067223688662926	0.0010946424185268226	32	AT1G01680,AT1G19960,AT1G20350,AT1G44130,AT1G73805,AT1G75040,AT1G56120,AT1G58225,AT1G57630,AT2G18660,AT2G23200,AT2G29110,AT3G01513,AT3G23120,AT3G28510,AT3G45130,AT3G48640,AT3G12220,AT4G03450,AT4G04500,AT5G10760,AT4G11890,AT4G23130,AT4G23150,AT4G23210,AT4G23310,AT4G23320,AT4G38560,AT4G39030,AT4G13890,AT5G64810,AT5G66640	
2	AT5G52830	ATWRKY27	6	na	PWM3532	DAP-seq	WRKY27_col	104	0.00005067223688662926	0.0010946424185268226	32	AT1G01010,AT1G02450,AT1G21520,AT1G23840,AT2G04430,AT2G13810,AT2G18690,AT2G23200,AT2G46430,AT2G04450,AT3G01080,AT3G21080,AT3G25510,AT3G48640,AT3G50470,AT3G57260,AT3G22231,AT4G04500,AT4G11170,AT4G11890,AT4G14390,AT4G23130,AT4G23210,AT4G25070,AT4G28390,AT4G39030,AT5G40230,AT5G60900,AT5G64810,AT5G43910,AT3G22235,AT4G23140	na
2	AT2G38470	ATWRKY33	57	27	PWM3542	DAP-seq	WRKY33_col	106	0.00005067223688662926	0.0010946424185268226	32	AT1G01010,AT1G02450,AT1G21520,AT1G23840,AT2G18690,AT2G23200,AT2G46430,AT2G04450,AT3G01080,AT3G21080,AT3G25510,AT3G45130,AT3G48640,AT3G50470,AT4G04500,AT4G11170,AT4G11890,AT4G14390,AT4G23130,AT4G23310,AT4G28390,AT4G39030,AT5G24200,AT5G25250,AT5G40230,AT5G60900,AT5G64810,AT5G66640,AT5G25260,AT5G43910,AT3G22235,AT4G23140	AT1G19250,AT1G21240,AT1G01560,AT1G58225,AT1G57630,AT2G13810,AT2G18660,AT2G18690,AT2G20142,AT2G31865,AT2G32680,AT2G46430,AT3G48640,AT3G56710,AT3G57260,AT4G04490,AT4G14365,AT4G23320,AT5G22380,AT5G22570,AT5G39670,AT5G47850,AT5G60900,AT5G66640,AT5G25260,AT5G52750,AT4G23140
2	AT2G38470	ATWRKY33	57	27	PWM1175	CisBP	M1557_1.01	133	0.00029468119406117103	0.003972656999636689	30	AT1G01010,AT1G02450,AT1G19250,AT1G33960,AT1G69720,AT1G72540,AT1G58225,AT2G13810,AT2G23200,AT2G46430,AT2G26400,AT3G01080,AT3G23120,AT3G28540,AT3G44326,AT3G48640,AT4G04500,AT5G09290,AT4G11170,AT4G11890,AT4G23130,AT4G38560,AT4G39030,AT5G17760,AT5G25250,AT5G52760,AT5G64810,AT5G25260,AT5G43910,AT3G22235	AT1G19250,AT1G21240,AT1G01560,AT1G58225,AT1G57630,AT2G13810,AT2G18660,AT2G18690,AT2G20142,AT2G31865,AT2G32680,AT2G46430,AT3G48640,AT3G56710,AT3G57260,AT4G04490,AT4G14365,AT4G23320,AT5G22380,AT5G22570,AT5G39670,AT5G47850,AT5G60900,AT5G66640,AT5G25260,AT5G52750,AT4G23140
2	AT3G56400	ATWRKY70	60	na	PWM3564	DAP-seq	WRKY70_col	107	0.00005067223688662926	0.0010946424185268226	32	AT1G01010,AT1G02450,AT1G21520,AT1G23840,AT1G13470,AT2G04430,AT2G13810,AT2G18690,AT2G23200,AT2G46430,AT2G04450,AT2G04495,AT3G01080,AT3G01513,AT3G21080,AT3G25510,AT3G48640,AT3G50470,AT3G57240,AT4G04540,AT4G11170,AT4G11890,AT4G14390,AT4G23130,AT4G23210,AT4G28390,AT4G39030,AT5G40230,AT5G60900,AT5G64810,AT5G43910,AT4G23140	na
2	AT5G49520	ATWRKY48	7	na	PWM817	CisBP	M1569_1.01	110	0.00005067223688662926	0.0010946424185268226	32	AT1G02450,AT1G19250,AT1G69720,AT1G72540,AT1G58225,AT2G13810,AT2G18690,AT2G23200,AT2G46430,AT2G04450,AT3G01080,AT3G13100,AT3G23120,AT3G28540,AT3G44326,AT3G48640,AT4G04500,AT5G09290,AT4G11890,AT4G23130,AT4G38560,AT4G39030,AT5G17760,AT5G22570,AT5G25250,AT5G47850,AT5G52760,AT5G64810,AT5G25260,AT5G43910,AT3G22235,AT4G23140	na
2	AT5G49520	ATWRKY48	7	na	PWM2682	JASPAR	MA1088.1	137	0.00029468119406117103	0.003972656999636689	30	AT1G02450,AT1G19250,AT1G69720,AT1G72540,AT1G58225,AT2G13810,AT2G18690,AT2G23200,AT2G46430,AT2G04450,AT3G01080,AT3G13100,AT3G23120,AT3G28540,AT3G44326,AT3G48640,AT4G04500,AT5G09290,AT4G11890,AT4G23130,AT4G38560,AT4G39030,AT5G17760,AT5G22570,AT5G25250,AT5G52760,AT5G64810,AT5G25260,AT5G43910,AT3G22235	na
2	AT5G10030	OBF4	0	0	PWM1040	CisBP	M0267_1.01	111	0.00012470447564267157	0.002014370493939731	31	AT1G01340,AT1G02450,AT1G19960,AT1G28480,AT1G73805,AT1G09932,AT1G13470,AT2G13810,AT2G29110,AT2G40750,AT2G14610,AT2G26400,AT3G13100,AT3G25882,AT3G28510,AT3G56400,AT3G56710,AT3G61280,AT3G22231,AT4G03450,AT4G04490,AT4G11890,AT4G14390,AT4G18250,AT5G03350,AT5G17760,AT5G22570,AT5G52760,AT5G64810,AT5G52750,AT3G22235	
2	AT1G13960	WRKY4	2	0	PWM1279	CisBP	M1571_1.01	112	0.00012470447564267157	0.002014370493939731	31	AT1G02450,AT1G19250,AT1G20350,AT1G35230,AT1G44130,AT1G69720,AT1G72540,AT1G73805,AT1G01560,AT2G13810,AT2G46430,AT2G04450,AT3G01080,AT3G21080,AT3G23120,AT3G28540,AT3G44326,AT3G48640,AT5G09290,AT4G11890,AT4G14365,AT4G23130,AT4G38560,AT4G39030,AT5G22380,AT5G47850,AT5G52760,AT5G64810,AT5G66640,AT3G22235,AT4G23140	
2	AT3G01080	ATWRKY58	76	na	PWM1281	CisBP	M1571_1.01	114	0.00012470447564267157	0.002014370493939731	31	AT1G02450,AT1G19250,AT1G20350,AT1G35230,AT1G44130,AT1G69720,AT1G72540,AT1G73805,AT1G01560,AT2G13810,AT2G46430,AT2G04450,AT3G01080,AT3G21080,AT3G23120,AT3G28540,AT3G44326,AT3G48640,AT5G09290,AT4G11890,AT4G14365,AT4G23130,AT4G38560,AT4G39030,AT5G22380,AT5G47850,AT5G52760,AT5G64810,AT5G66640,AT3G22235,AT4G23140	na
2	AT4G26440	ATWRKY34	0	0	PWM1282	CisBP	M1571_1.01	115	0.00012470447564267157	0.002014370493939731	31	AT1G02450,AT1G19250,AT1G20350,AT1G35230,AT1G44130,AT1G69720,AT1G72540,AT1G73805,AT1G01560,AT2G13810,AT2G46430,AT2G04450,AT3G01080,AT3G21080,AT3G23120,AT3G28540,AT3G44326,AT3G48640,AT5G09290,AT4G11890,AT4G14365,AT4G23130,AT4G38560,AT4G39030,AT5G22380,AT5G47850,AT5G52760,AT5G64810,AT5G66640,AT3G22235,AT4G23140	
2	AT4G26640	AtWRKY20	0	0	PWM1283	CisBP	M1571_1.01	116	0.00012470447564267157	0.002014370493939731	31	AT1G02450,AT1G19250,AT1G20350,AT1G35230,AT1G44130,AT1G69720,AT1G72540,AT1G73805,AT1G01560,AT2G13810,AT2G46430,AT2G04450,AT3G01080,AT3G21080,AT3G23120,AT3G28540,AT3G44326,AT3G48640,AT5G09290,AT4G11890,AT4G14365,AT4G23130,AT4G38560,AT4G39030,AT5G22380,AT5G47850,AT5G52760,AT5G64810,AT5G66640,AT3G22235,AT4G23140	
2	AT4G26640	AtWRKY20	0	0	PWM3521	DAP-seq	WRKY20_col	140	0.00029468119406117103	0.003972656999636689	30	AT1G01010,AT1G02450,AT1G19250,AT1G20350,AT1G21520,AT2G18690,AT2G46430,AT2G04450,AT3G21080,AT3G23120,AT3G25510,AT3G48640,AT3G50470,AT3G61280,AT3G12220,AT4G04500,AT5G09290,AT4G11170,AT4G11890,AT4G23130,AT4G39030,AT5G11920,AT5G22380,AT5G25250,AT5G60900,AT5G64810,AT5G66640,AT5G25260,AT5G43910,AT4G23140	
2	AT5G26170	ATWRKY50	1	na	PWM1351	CisBP	M1572_1.01	118	0.00012470447564267157	0.002014370493939731	31	AT1G01010,AT1G02450,AT1G19250,AT1G23840,AT1G35230,AT1G69720,AT1G72540,AT1G58225,AT2G13810,AT2G23200,AT2G31865,AT2G46430,AT2G04450,AT3G01080,AT3G23120,AT3G28540,AT3G44326,AT3G48640,AT3G50470,AT4G04500,AT5G09290,AT4G11170,AT4G11890,AT4G23130,AT4G26120,AT4G38560,AT4G39030,AT5G64810,AT5G43910,AT5G52750,AT3G22235	na
2	AT5G64810	ATWRKY51	74	na	PWM1352	CisBP	M1572_1.01	119	0.00012470447564267157	0.002014370493939731	31	AT1G01010,AT1G02450,AT1G19250,AT1G23840,AT1G35230,AT1G69720,AT1G72540,AT1G58225,AT2G13810,AT2G23200,AT2G31865,AT2G46430,AT2G04450,AT3G01080,AT3G23120,AT3G28540,AT3G44326,AT3G48640,AT3G50470,AT4G04500,AT5G09290,AT4G11170,AT4G11890,AT4G23130,AT4G26120,AT4G38560,AT4G39030,AT5G64810,AT5G43910,AT5G52750,AT3G22235	na
2	AT1G08320	bZIP21	0	0	PWM1405	CisBP	M0261_1.01	120	0.00012470447564267157	0.002014370493939731	31	AT1G02450,AT1G19960,AT1G28480,AT1G43910,AT1G73805,AT1G09932,AT1G13470,AT2G13810,AT2G40520,AT2G46430,AT2G14610,AT2G26400,AT3G01080,AT3G21080,AT3G25882,AT3G28510,AT3G45130,AT3G56400,AT3G56710,AT3G61280,AT3G22231,AT4G04490,AT4G04500,AT4G18250,AT4G23310,AT5G03350,AT5G22570,AT5G64810,AT5G43910,AT3G25010,AT3G22235	
2	AT1G68640	PAN	1	na	PWM1406	CisBP	M0261_1.01	121	0.00012470447564267157	0.002014370493939731	31	AT1G02450,AT1G19960,AT1G28480,AT1G43910,AT1G73805,AT1G09932,AT1G13470,AT2G13810,AT2G40520,AT2G46430,AT2G14610,AT2G26400,AT3G01080,AT3G21080,AT3G25882,AT3G28510,AT3G45130,AT3G56400,AT3G56710,AT3G61280,AT3G22231,AT4G04490,AT4G04500,AT4G18250,AT4G23310,AT5G03350,AT5G22570,AT5G64810,AT5G43910,AT3G25010,AT3G22235	na
2	AT3G12250	BZIP45	1	0	PWM1407	CisBP	M0261_1.01	122	0.00012470447564267157	0.002014370493939731	31	AT1G02450,AT1G19960,AT1G28480,AT1G43910,AT1G73805,AT1G09932,AT1G13470,AT2G13810,AT2G40520,AT2G46430,AT2G14610,AT2G26400,AT3G01080,AT3G21080,AT3G25882,AT3G28510,AT3G45130,AT3G56400,AT3G56710,AT3G61280,AT3G22231,AT4G04490,AT4G04500,AT4G18250,AT4G23310,AT5G03350,AT5G22570,AT5G64810,AT5G43910,AT3G25010,AT3G22235	
2	AT3G12250	BZIP45	1	0	PWM2665	JASPAR	MA1069.1	126	0.00012470447564267157	0.002014370493939731	31	AT1G02450,AT1G19960,AT1G28480,AT1G43910,AT1G73805,AT1G09932,AT1G13470,AT2G13810,AT2G40520,AT2G46430,AT2G14610,AT2G26400,AT3G01080,AT3G21080,AT3G25882,AT3G28510,AT3G45130,AT3G56400,AT3G56710,AT3G61280,AT3G22231,AT4G04490,AT4G04500,AT4G18250,AT4G23310,AT5G03350,AT5G22570,AT5G64810,AT5G43910,AT3G25010,AT3G22235	
2	AT5G06839	bZIP65	0	0	PWM1408	CisBP	M0261_1.01	123	0.00012470447564267157	0.002014370493939731	31	AT1G02450,AT1G19960,AT1G28480,AT1G43910,AT1G73805,AT1G09932,AT1G13470,AT2G13810,AT2G40520,AT2G46430,AT2G14610,AT2G26400,AT3G01080,AT3G21080,AT3G25882,AT3G28510,AT3G45130,AT3G56400,AT3G56710,AT3G61280,AT3G22231,AT4G04490,AT4G04500,AT4G18250,AT4G23310,AT5G03350,AT5G22570,AT5G64810,AT5G43910,AT3G25010,AT3G22235	
2	AT5G06839	bZIP65	0	0	PWM2937	DAP-seq	TGA10_col	173	0.003028184332286798	0.032318657784465646	27	AT1G01010,AT1G02450,AT1G19960,AT1G35230,AT1G09932,AT1G13470,AT2G13810,AT2G29110,AT2G40750,AT2G26400,AT3G01080,AT3G21080,AT3G25882,AT3G28510,AT3G50770,AT3G56400,AT3G56710,AT3G61280,AT3G22231,AT4G04490,AT4G14390,AT4G18250,AT5G03350,AT5G17760,AT5G22570,AT5G64810,AT3G22235	
2	AT2G46130	ATWRKY43	0	na	PWM1511	CisBP	M1558_1.01	124	0.00012470447564267157	0.002014370493939731	31	AT1G02450,AT1G04600,AT1G19250,AT1G69720,AT1G72540,AT1G58225,AT2G13810,AT2G23200,AT2G46430,AT2G04450,AT3G01080,AT3G23120,AT3G28540,AT3G48640,AT3G50470,AT3G56710,AT4G04500,AT5G09290,AT4G11170,AT4G11890,AT4G14365,AT4G18250,AT4G23130,AT4G38560,AT4G39030,AT5G22380,AT5G64810,AT5G66640,AT5G43910,AT3G22235,AT4G23140	na
2	AT2G46130	ATWRKY43	0	na	PWM2680	JASPAR	MA1086.1	128	0.00012470447564267157	0.002014370493939731	31	AT1G02450,AT1G04600,AT1G19250,AT1G69720,AT1G72540,AT1G58225,AT2G13810,AT2G23200,AT2G46430,AT2G04450,AT3G01080,AT3G23120,AT3G28540,AT3G48640,AT3G50470,AT3G56710,AT4G04500,AT5G09290,AT4G11170,AT4G11890,AT4G14365,AT4G18250,AT4G23130,AT4G38560,AT4G39030,AT5G22380,AT5G64810,AT5G66640,AT5G43910,AT3G22235,AT4G23140	na
2	AT2G46130	ATWRKY43	0	na	PWM3548	DAP-seq	WRKY43_col	132	0.00012470447564267157	0.002014370493939731	31	AT1G02450,AT1G21520,AT1G23840,AT2G04430,AT2G18690,AT2G23200,AT2G46430,AT3G01080,AT3G25510,AT3G48640,AT3G61280,AT3G22231,AT4G04500,AT4G04540,AT4G11170,AT4G11890,AT4G14390,AT4G23130,AT4G23210,AT4G28390,AT4G39030,AT5G24200,AT5G25250,AT5G40230,AT5G60900,AT5G64810,AT5G66640,AT5G25260,AT5G43910,AT3G22235,AT4G23140	na
2	AT1G42990	ATBZIP60	52	0	PWM2566	JASPAR	MA0967.1	125	0.00012470447564267157	0.002014370493939731	31	AT1G02450,AT1G19960,AT1G73805,AT1G09932,AT2G13810,AT2G40520,AT2G40750,AT2G14610,AT2G26400,AT3G01080,AT3G21080,AT3G23120,AT3G25882,AT3G28510,AT3G45130,AT3G56400,AT3G56710,AT3G61280,AT3G12220,AT3G22231,AT4G04540,AT4G11890,AT4G23150,AT4G39030,AT5G03350,AT5G22380,AT5G22570,AT5G40230,AT5G64810,AT3G22235,AT4G23140	
2	AT2G30250	ATWRKY25	48	na	PWM2676	JASPAR	MA1081.1	127	0.00012470447564267157	0.002014370493939731	31	AT1G01340,AT1G02450,AT1G04600,AT1G19250,AT1G20350,AT1G44130,AT1G69720,AT1G75040,AT1G01560,AT1G57630,AT2G13810,AT2G46430,AT2G04450,AT3G01080,AT3G21080,AT3G23120,AT3G28540,AT3G44326,AT3G48640,AT5G09290,AT4G14365,AT4G39030,AT5G03350,AT5G11920,AT5G22380,AT5G25250,AT5G47850,AT5G64810,AT5G66640,AT5G25260,AT3G22235	na
2	AT2G30250	ATWRKY25	48	na	PWM1225	CisBP	M1555_1.01	136	0.00029468119406117103	0.003972656999636689	30	AT1G01340,AT1G02450,AT1G04600,AT1G19250,AT1G20350,AT1G44130,AT1G69720,AT1G75040,AT1G01560,AT1G57630,AT2G13810,AT2G46430,AT2G04450,AT3G21080,AT3G23120,AT3G28540,AT3G44326,AT3G48640,AT5G09290,AT4G14365,AT4G39030,AT5G03350,AT5G11920,AT5G22380,AT5G25250,AT5G47850,AT5G64810,AT5G66640,AT5G25260,AT3G22235	na
2	AT2G30250	ATWRKY25	48	na	PWM3528	DAP-seq	WRKY25_col	141	0.00029468119406117103	0.003972656999636689	30	AT1G01010,AT1G02450,AT1G04600,AT1G21520,AT1G23840,AT1G13470,AT2G18690,AT2G46430,AT2G04450,AT3G01080,AT3G21080,AT3G25510,AT3G48640,AT3G50470,AT4G04500,AT4G11170,AT4G11890,AT4G14390,AT4G23130,AT4G39030,AT5G11920,AT5G13320,AT5G25250,AT5G40230,AT5G60900,AT5G64810,AT5G66640,AT5G25260,AT5G43910,AT4G23140	na
2	AT5G07680	ANAC079	1	0	PWM3384	DAP-seq	ANAC079_col	129	0.00012470447564267157	0.002014370493939731	31	AT1G04600,AT1G20350,AT1G23840,AT1G34180,AT1G44130,AT1G66960,AT1G75040,AT1G13470,AT2G18660,AT2G29110,AT2G46430,AT3G01513,AT3G28510,AT3G45130,AT3G52430,AT3G61280,AT4G04490,AT4G04500,AT4G11170,AT4G23150,AT4G23210,AT4G25070,AT4G28390,AT4G38560,AT4G39030,AT4G13890,AT5G11920,AT5G25250,AT5G25260,AT3G22235,AT4G23140	
2	AT4G23550	ATWRKY29	9	na	PWM3536	DAP-seq	WRKY29_col	130	0.00012470447564267157	0.002014370493939731	31	AT1G02450,AT1G21520,AT1G23840,AT2G04430,AT2G13810,AT2G18690,AT2G23200,AT2G46430,AT2G04450,AT3G01080,AT3G21080,AT3G25510,AT3G48640,AT3G50470,AT3G57260,AT4G04500,AT4G11170,AT4G11890,AT4G14390,AT4G23130,AT4G23210,AT4G28390,AT4G39030,AT5G24200,AT5G25250,AT5G40230,AT5G60900,AT5G64810,AT5G25260,AT5G43910,AT4G23140	na
2	AT4G23550	ATWRKY29	9	na	PWM913	CisBP	M1562_1.01	154	0.0006682083997589966	0.008378305320055112	29	AT1G01010,AT1G02450,AT1G23840,AT1G69720,AT1G72540,AT1G58225,AT2G13810,AT2G23200,AT2G29110,AT2G46430,AT2G04450,AT3G01080,AT3G23120,AT3G28510,AT3G28540,AT3G44326,AT3G48640,AT5G09290,AT4G11170,AT4G11890,AT4G23130,AT4G26120,AT4G38560,AT4G39030,AT5G17760,AT5G25250,AT5G64810,AT5G43910,AT3G22235	na
2	AT4G12020	ATWRKY19	1	na	PWM1176	CisBP	M1557_1.01	134	0.00029468119406117103	0.003972656999636689	30	AT1G01010,AT1G02450,AT1G19250,AT1G33960,AT1G69720,AT1G72540,AT1G58225,AT2G13810,AT2G23200,AT2G46430,AT2G26400,AT3G01080,AT3G23120,AT3G28540,AT3G44326,AT3G48640,AT4G04500,AT5G09290,AT4G11170,AT4G11890,AT4G23130,AT4G38560,AT4G39030,AT5G17760,AT5G25250,AT5G52760,AT5G64810,AT5G25260,AT5G43910,AT3G22235	na
2	AT4G30935	ATWRKY32	3	0	PWM1177	CisBP	M1557_1.01	135	0.00029468119406117103	0.003972656999636689	30	AT1G01010,AT1G02450,AT1G19250,AT1G33960,AT1G69720,AT1G72540,AT1G58225,AT2G13810,AT2G23200,AT2G46430,AT2G26400,AT3G01080,AT3G23120,AT3G28540,AT3G44326,AT3G48640,AT4G04500,AT5G09290,AT4G11170,AT4G11890,AT4G23130,AT4G38560,AT4G39030,AT5G17760,AT5G25250,AT5G52760,AT5G64810,AT5G25260,AT5G43910,AT3G22235	
2	AT1G54330	ANAC020	0	0	PWM3357	DAP-seq	ANAC020_col	138	0.00029468119406117103	0.003972656999636689	30	AT1G04600,AT1G20350,AT1G23840,AT1G34180,AT1G66960,AT1G75040,AT1G57630,AT2G29110,AT2G46430,AT3G28510,AT3G45130,AT3G52430,AT3G57240,AT3G61280,AT4G04490,AT4G04500,AT4G11170,AT4G23150,AT4G23210,AT4G25070,AT4G28390,AT4G38560,AT4G39030,AT4G13890,AT5G11920,AT5G22380,AT5G25250,AT5G60900,AT5G25260,AT4G23140	
2	AT3G04060	anac046	0	0	PWM3365	DAP-seq	ANAC046_col	139	0.00029468119406117103	0.003972656999636689	30	AT1G04600,AT1G20350,AT1G23840,AT1G33960,AT1G34180,AT1G66960,AT1G75040,AT1G13470,AT1G57630,AT2G18660,AT2G29110,AT2G46430,AT3G01513,AT3G28510,AT3G45130,AT3G52430,AT3G61280,AT4G04490,AT4G04500,AT4G11170,AT4G23150,AT4G23210,AT4G25070,AT4G38560,AT4G39030,AT4G13890,AT5G11920,AT5G25250,AT5G25260,AT4G23140	
2	AT5G06950	AHBP-1B	0	0	PWM2941	DAP-seq	TGA2_col	144	0.0006682083997589966	0.008378305320055112	29	AT1G01010,AT1G02450,AT1G19960,AT1G28480,AT1G73805,AT1G09932,AT2G13810,AT2G29110,AT2G40520,AT2G40750,AT2G14610,AT2G26400,AT3G01080,AT3G21080,AT3G25882,AT3G28510,AT3G52430,AT3G56400,AT3G56710,AT3G61280,AT3G22231,AT4G04490,AT4G18250,AT4G23130,AT4G25070,AT5G03350,AT5G22380,AT5G64810,AT3G22235	
2	AT5G06950	AHBP-1B	0	0	PWM973	CisBP	M0265_1.01	176	0.003028184332286798	0.032318657784465646	27	AT1G02450,AT1G19960,AT1G28480,AT1G73805,AT1G09932,AT2G13810,AT2G40750,AT2G46430,AT2G14610,AT2G26400,AT3G07520,AT3G25882,AT3G28510,AT3G28540,AT3G56400,AT3G56710,AT3G61280,AT3G22231,AT4G04490,AT4G04500,AT4G11890,AT4G14390,AT5G03350,AT5G22570,AT5G64810,AT3G25010,AT3G22235	
2	AT1G32510	ANAC011	3	na	PWM3350	DAP-seq	ANAC011_col	145	0.0006682083997589966	0.008378305320055112	29	AT1G02450,AT1G04600,AT1G44130,AT1G66960,AT1G72540,AT1G75040,AT1G57630,AT2G18660,AT2G29110,AT2G31865,AT2G46430,AT3G28510,AT3G28540,AT3G52430,AT3G61280,AT4G04500,AT4G18250,AT4G23130,AT4G23150,AT4G23210,AT4G25070,AT4G28390,AT4G38560,AT4G39030,AT5G10380,AT5G11920,AT5G25250,AT5G25260,AT4G23140	na
2	AT1G34180	anac016	1	0	PWM3353	DAP-seq	ANAC016_col	146	0.0006682083997589966	0.008378305320055112	29	AT1G20350,AT1G33960,AT1G34180,AT1G66960,AT1G13470,AT1G56120,AT1G57630,AT2G18660,AT2G29110,AT3G01080,AT3G21080,AT3G28510,AT3G45130,AT3G52430,AT3G57260,AT5G09290,AT4G11170,AT4G23130,AT4G23150,AT4G23210,AT4G23320,AT4G25070,AT4G38560,AT4G39030,AT4G13890,AT5G11920,AT5G39670,AT5G66640,AT4G23140	
2	AT1G65910	anac028	0	na	PWM3358	DAP-seq	ANAC028_col	147	0.0006682083997589966	0.008378305320055112	29	AT1G04600,AT1G20350,AT1G23840,AT1G44130,AT1G66960,AT1G13470,AT1G57630,AT2G29110,AT2G46430,AT3G01080,AT3G28510,AT3G45130,AT3G52430,AT4G03450,AT4G04490,AT4G04500,AT5G10760,AT4G23130,AT4G23150,AT4G23210,AT4G23320,AT4G25070,AT4G38560,AT4G39030,AT4G13890,AT5G11920,AT5G25250,AT5G39670,AT4G23140	na
2	AT3G17730	anac057	1	na	PWM3373	DAP-seq	ANAC057_col	148	0.0006682083997589966	0.008378305320055112	29	AT1G04600,AT1G20350,AT1G23840,AT1G34180,AT1G66960,AT1G74710,AT1G13470,AT1G58225,AT1G57630,AT2G29110,AT2G46430,AT3G01080,AT3G28510,AT3G45130,AT3G52430,AT3G57260,AT4G04490,AT4G04500,AT4G23130,AT4G23150,AT4G23210,AT4G23320,AT4G25070,AT4G38560,AT4G39030,AT4G13890,AT5G11920,AT5G13320,AT5G66640	na
2	AT5G53950	ANAC098	0	0	PWM3402	DAP-seq	CUC2_col	149	0.0006682083997589966	0.008378305320055112	29	AT1G04600,AT1G20350,AT1G23840,AT1G33960,AT1G34180,AT1G66960,AT1G75040,AT1G13470,AT2G18660,AT2G29110,AT2G46430,AT3G01080,AT3G01513,AT3G28510,AT3G45130,AT3G52430,AT3G56710,AT3G57260,AT3G61280,AT4G04490,AT4G04500,AT4G23150,AT4G23210,AT4G25070,AT4G38560,AT4G39030,AT4G13890,AT5G11920,AT5G39670	
2	AT5G65210	TGA1	6	0	PWM498	AGRIS		153	0.0006682083997589966	0.008378305320055112	29	AT1G04600,AT1G20350,AT1G21520,AT1G09932,AT1G13470,AT2G17040,AT2G18690,AT2G40520,AT2G45760,AT3G07520,AT3G23110,AT3G23120,AT3G25510,AT3G25882,AT3G28540,AT3G47480,AT3G57240,AT4G03450,AT4G04500,AT4G11170,AT4G11890,AT4G14390,AT4G23150,AT4G28390,AT5G17760,AT5G22570,AT5G52760,AT3G25010,AT4G23140	
2	AT5G65210	TGA1	6	0	PWM1248	CisBP	M0269_1.01	169	0.003028184332286798	0.032318657784465646	27	AT1G01340,AT1G02450,AT1G19960,AT1G28480,AT1G35230,AT1G73805,AT1G09932,AT2G13810,AT2G18690,AT2G40750,AT2G14610,AT2G26400,AT3G01080,AT3G25882,AT3G28510,AT3G56400,AT3G56710,AT3G61280,AT3G22231,AT4G04490,AT4G04500,AT4G11890,AT5G03350,AT5G22380,AT5G22570,AT5G64810,AT3G22235	
2	AT5G06960	OBF5	15	0	PWM986	CisBP	M0266_1.01	155	0.0006682083997589966	0.008378305320055112	29	AT1G02450,AT1G19960,AT1G28480,AT1G43910,AT1G73805,AT1G09932,AT1G13470,AT2G13810,AT2G46430,AT2G14610,AT2G26400,AT3G01080,AT3G07520,AT3G21080,AT3G25882,AT3G28510,AT3G56400,AT3G56710,AT3G61280,AT3G22231,AT4G04490,AT4G04500,AT4G23310,AT5G03350,AT5G17760,AT5G22570,AT5G64810,AT3G25010,AT3G22235	
2	AT5G06960	OBF5	15	0	PWM2643	JASPAR	MA1047.1	157	0.001453058456309334	0.016700857770273306	28	AT1G02450,AT1G19960,AT1G28480,AT1G43910,AT1G73805,AT1G09932,AT1G13470,AT2G13810,AT2G46430,AT2G14610,AT2G26400,AT3G01080,AT3G07520,AT3G21080,AT3G25882,AT3G28510,AT3G56400,AT3G56710,AT3G61280,AT3G22231,AT4G04490,AT4G04500,AT5G03350,AT5G17760,AT5G22570,AT5G64810,AT3G25010,AT3G22235	
2	AT5G01900	ATWRKY62	72	na	PWM1151	CisBP	M1565_1.01	156	0.001453058456309334	0.016700857770273306	28	AT1G01010,AT1G01340,AT1G02450,AT1G19250,AT1G35230,AT1G01560,AT2G04430,AT2G13810,AT2G20142,AT2G46430,AT3G01080,AT3G13100,AT3G23120,AT3G44326,AT3G45130,AT3G48640,AT4G04500,AT5G09290,AT4G11890,AT4G38560,AT4G39030,AT5G11920,AT5G22380,AT5G25250,AT5G47850,AT5G66640,AT5G25260,AT5G43910	na
2	AT5G01900	ATWRKY62	72	na	PWM2685	JASPAR	MA1091.1	171	0.003028184332286798	0.032318657784465646	27	AT1G01010,AT1G01340,AT1G02450,AT1G19250,AT1G35230,AT1G01560,AT2G04430,AT2G13810,AT2G20142,AT2G46430,AT3G01080,AT3G13100,AT3G23120,AT3G44326,AT3G45130,AT3G48640,AT4G04500,AT5G09290,AT4G11890,AT4G38560,AT4G39030,AT5G11920,AT5G22380,AT5G25250,AT5G47850,AT5G66640,AT5G25260	na
2	AT5G66300	ANAC105	1	0	PWM2715	UNIPROBE	UP00579	158	0.001453058456309334	0.016700857770273306	28	AT1G04600,AT1G19250,AT1G21520,AT1G66960,AT1G74710,AT1G09932,AT1G56120,AT2G13810,AT2G18690,AT2G40520,AT2G14610,AT3G07520,AT3G23120,AT3G28510,AT3G45130,AT3G50470,AT3G56400,AT3G57240,AT4G04500,AT5G10760,AT4G11170,AT4G11890,AT4G14365,AT4G23310,AT4G23320,AT4G38560,AT4G13890,AT5G22570	
2	AT5G66300	ANAC105	1	0	PWM3427	DAP-seq	VND3_col	166	0.001453058456309334	0.016700857770273306	28	AT1G04600,AT1G20350,AT1G44130,AT1G66960,AT1G75040,AT1G57630,AT2G18660,AT2G29110,AT3G01513,AT3G28510,AT3G45130,AT3G48640,AT3G52430,AT3G61280,AT4G04500,AT5G10760,AT4G18250,AT4G23130,AT4G23150,AT4G23210,AT4G28390,AT4G38560,AT4G39030,AT5G10380,AT5G11920,AT5G64810,AT5G66640,AT4G23140	
2	AT1G64625	AT1G64625	0	na	PWM2883	DAP-seq	BHLH157_col	159	0.001453058456309334	0.016700857770273306	28	AT1G01680,AT1G02450,AT1G20350,AT1G21520,AT1G75040,AT2G18690,AT2G29110,AT2G45760,AT2G14610,AT3G21080,AT3G45130,AT3G48640,AT3G50770,AT3G57260,AT4G04490,AT4G11170,AT4G11890,AT4G23150,AT4G13890,AT5G11920,AT5G13320,AT5G17760,AT5G22570,AT5G24200,AT5G52760,AT5G66640,AT5G43910,AT3G25010	na
2	AT3G07220	AtFHA2	0	na	PWM3094	DAP-seq	FHA2_col	160	0.001453058456309334	0.016700857770273306	28	AT1G04600,AT1G20350,AT1G23840,AT1G74710,AT1G58225,AT2G18660,AT2G29110,AT2G46430,AT2G04450,AT3G01080,AT3G01513,AT3G28510,AT3G45130,AT3G52430,AT3G61280,AT4G03450,AT4G04490,AT4G04500,AT4G04540,AT4G11170,AT4G23150,AT4G23210,AT4G23320,AT4G25070,AT4G39030,AT4G13890,AT5G11920,AT5G66640	na
2	AT1G02230	ANAC004	29	na	PWM3347	DAP-seq	ANAC004_col	161	0.001453058456309334	0.016700857770273306	28	AT1G01010,AT1G01340,AT1G04600,AT1G21520,AT1G23840,AT1G44130,AT1G73805,AT1G74710,AT2G13810,AT2G17040,AT2G18660,AT2G29110,AT2G04450,AT3G01080,AT3G50470,AT3G12220,AT4G11890,AT4G23130,AT4G23150,AT4G23210,AT4G25070,AT4G39030,AT5G11920,AT5G13320,AT5G60900,AT5G66640,AT5G52750,AT4G23140	na
2	AT1G02250	anac005	0	na	PWM3349	DAP-seq	ANAC005_col	162	0.001453058456309334	0.016700857770273306	28	AT1G01680,AT1G04600,AT1G21520,AT1G23840,AT1G66960,AT1G72540,AT1G73805,AT1G74710,AT2G18660,AT2G46430,AT2G04450,AT3G21080,AT3G45130,AT3G50770,AT4G03450,AT4G11890,AT4G14390,AT4G23130,AT4G23150,AT4G23210,AT4G25070,AT4G39030,AT5G11920,AT5G17760,AT5G25250,AT5G66640,AT3G22235,AT4G23140	na
2	AT3G10480	ANAC050	0	na	PWM3368	DAP-seq	ANAC050_col	163	0.001453058456309334	0.016700857770273306	28	AT1G04600,AT1G20350,AT1G23840,AT1G34180,AT1G44130,AT1G66960,AT1G13470,AT1G57630,AT2G29110,AT2G46430,AT3G01080,AT3G28510,AT3G45130,AT3G52430,AT3G57260,AT4G04500,AT4G23130,AT4G23150,AT4G23210,AT4G25070,AT4G38560,AT4G39030,AT4G13890,AT5G11920,AT5G13320,AT5G39670,AT5G66640,AT4G23140	na
2	AT1G76420	ANAC031	0	0	PWM3404	DAP-seq	CUC3_col	164	0.001453058456309334	0.016700857770273306	28	AT1G04600,AT1G20350,AT1G23840,AT1G34180,AT1G66960,AT1G75040,AT1G13470,AT2G29110,AT2G46430,AT3G01513,AT3G28510,AT3G45130,AT3G52430,AT3G56710,AT3G61280,AT4G04490,AT4G04500,AT4G11170,AT4G23150,AT4G23210,AT4G25070,AT4G38560,AT4G39030,AT4G13890,AT5G11920,AT5G64810,AT5G66640,AT4G23140	
2	AT1G52880	ANAC018	2	0	PWM3408	DAP-seq	NAM_col	165	0.001453058456309334	0.016700857770273306	28	AT1G02450,AT1G20350,AT1G74710,AT1G75040,AT1G09932,AT1G13470,AT1G56120,AT1G58225,AT2G04450,AT3G01080,AT3G01513,AT3G23120,AT3G28510,AT3G45130,AT3G48640,AT3G50770,AT3G57260,AT3G12220,AT4G04490,AT4G04500,AT4G11170,AT4G23150,AT4G23320,AT4G38560,AT4G13890,AT5G22380,AT5G47850,AT4G23140	
2	AT5G49330	ATMYB111	0	na	PWM1235	CisBP	M1207_1.01	168	0.003028184332286798	0.032318657784465646	27	AT1G01340,AT1G04600,AT1G08050,AT1G33960,AT1G66960,AT1G73805,AT1G56120,AT1G58225,AT2G18690,AT2G40520,AT2G44240,AT2G46430,AT2G04495,AT2G26400,AT3G23110,AT3G47480,AT3G50470,AT3G52430,AT3G22231,AT4G11170,AT4G18250,AT4G25070,AT5G03350,AT5G17760,AT5G64810,AT5G66640,AT3G22235	na
2	AT2G25000	ATWRKY60	59	na	PWM2684	JASPAR	MA1090.1	170	0.003028184332286798	0.032318657784465646	27	AT1G01010,AT1G01340,AT1G04600,AT1G19250,AT1G21520,AT1G34180,AT1G69720,AT1G01560,AT2G13810,AT2G46430,AT2G04450,AT3G23120,AT3G25510,AT3G28540,AT3G44326,AT3G48640,AT3G12220,AT4G04500,AT5G09290,AT4G38560,AT4G39030,AT5G11920,AT5G22380,AT5G60900,AT5G64810,AT5G66640,AT3G22235	na
2	AT2G25000	ATWRKY60	59	na	PWM999	CisBP	M1554_1.01	178	0.003028184332286798	0.032318657784465646	27	AT1G01010,AT1G01340,AT1G04600,AT1G19250,AT1G21520,AT1G34180,AT1G69720,AT1G01560,AT2G13810,AT2G46430,AT2G04450,AT3G23120,AT3G25510,AT3G28540,AT3G44326,AT3G48640,AT3G12220,AT4G04500,AT5G09290,AT4G38560,AT4G39030,AT5G11920,AT5G22380,AT5G60900,AT5G64810,AT5G66640,AT3G22235	na
2	AT1G19000	At1g19000	0	0	PWM3301	DAP-seq	AT1G19000_col	174	0.003028184332286798	0.032318657784465646	27	AT1G08050,AT1G14880,AT1G19960,AT1G21520,AT1G13470,AT2G04430,AT2G13810,AT2G40520,AT2G40750,AT2G46430,AT3G01080,AT3G25882,AT3G28540,AT3G45130,AT3G48640,AT3G56400,AT3G12220,AT3G22231,AT4G04500,AT4G23130,AT4G23150,AT4G25070,AT4G39030,AT5G03350,AT5G17760,AT5G24200,AT4G23140	
2	AT3G24520	AT-HSFC1	0	0	PWM839	PBM		175	0.003028184332286798	0.032318657784465646	27	AT1G04600,AT1G19250,AT1G21520,AT1G34180,AT1G44130,AT1G72540,AT1G73805,AT1G75040,AT1G56120,AT2G13810,AT2G17040,AT2G18660,AT2G18690,AT2G40520,AT2G04495,AT2G26400,AT3G01080,AT3G44326,AT3G48640,AT3G56710,AT5G09290,AT4G23150,AT4G38560,AT5G52760,AT5G66640,AT3G25010,AT4G23140	
2	AT2G41940	ZFP8	1	na	PWM988	CisBP	M0351_1.01	177	0.003028184332286798	0.032318657784465646	27	AT1G04600,AT1G21240,AT1G23840,AT1G43910,AT1G44130,AT1G74710,AT1G56120,AT2G31865,AT2G40520,AT3G07520,AT3G13100,AT3G23110,AT3G23120,AT3G25510,AT3G28510,AT3G28540,AT4G03450,AT4G11170,AT4G18250,AT4G23130,AT4G23310,AT4G25070,AT5G10380,AT5G13320,AT5G25250,AT5G60900,AT3G25010	na
3	AT1G45249	ABF2	0	0	PWM2903	DAP-seq	ABF2_col	1	2.4852335758179036e-14	4.456023801441501e-11	34	AT1G03600,AT1G06680,AT1G11070,AT1G13650,AT1G15820,AT1G20340,AT1G52230,AT1G61520,AT1G76100,AT1G29930,AT1G44446,AT1G29920,AT2G06520,AT2G20250,AT2G20260,AT2G30790,AT2G35260,AT2G42220,AT3G06470,AT3G16140,AT3G17040,AT3G21055,AT3G47470,AT3G54890,AT3G61470,AT3G27690,AT4G05180,AT4G15560,AT4G21280,AT4G28750,AT5G01530,AT5G19940,AT5G64940,AT5G66570	
3	AT1G45249	ABF2	0	0	PWM1178	CisBP	M0252_1.01	45	0.000037507255455916144	0.0014944557562768365	21	AT1G03600,AT1G06680,AT1G11070,AT1G13650,AT1G15820,AT1G52230,AT1G44446,AT2G20250,AT2G20260,AT2G30790,AT2G34430,AT3G16140,AT3G17040,AT3G21055,AT3G47470,AT4G05180,AT4G21280,AT4G28750,AT5G57345,AT5G64940,AT5G66570	
3	AT1G45249	ABF2	0	0	PWM2540	JASPAR	MA0941.1	50	0.000037507255455916144	0.0014944557562768365	21	AT1G03600,AT1G06680,AT1G11070,AT1G13650,AT1G15820,AT1G52230,AT1G44446,AT2G20250,AT2G20260,AT2G30790,AT2G34430,AT3G16140,AT3G17040,AT3G21055,AT3G47470,AT4G05180,AT4G21280,AT4G28750,AT5G57345,AT5G64940,AT5G66570	
3	AT2G35530	AtbZIP16	0	0	PWM2908	DAP-seq	BZIP16_col	2	2.4852335758179036e-14	4.456023801441501e-11	34	AT1G03600,AT1G06680,AT1G11070,AT1G13650,AT1G15820,AT1G20340,AT1G52230,AT1G61520,AT1G76100,AT1G29930,AT1G44446,AT1G29920,AT2G06520,AT2G20250,AT2G20260,AT2G30790,AT2G35260,AT2G42220,AT3G06470,AT3G16140,AT3G17040,AT3G21055,AT3G47470,AT3G61470,AT3G27690,AT4G05180,AT4G12800,AT4G15560,AT4G21280,AT4G28750,AT5G19940,AT5G57345,AT5G64940,AT5G66570	
3	AT2G35530	AtbZIP16	0	0	PWM1237	CisBP	M0251_1.01	22	1.7127153764851705e-7	0.000015354493350189554	25	AT1G03600,AT1G06680,AT1G13650,AT1G15820,AT1G20340,AT1G52230,AT1G61520,AT1G44446,AT2G20250,AT2G20260,AT2G30790,AT2G34430,AT2G35260,AT3G16140,AT3G17040,AT3G54890,AT3G27690,AT4G05180,AT4G12800,AT4G15560,AT4G21280,AT4G28750,AT5G57345,AT5G64940,AT5G66570	
3	AT3G56850	AREB3	0	0	PWM2906	DAP-seq	AREB3_col	3	1.820235240374411e-13	1.087893928663773e-10	33	AT1G03600,AT1G06680,AT1G11070,AT1G13650,AT1G15820,AT1G20340,AT1G52230,AT1G58290,AT1G61520,AT1G76100,AT1G44446,AT2G06520,AT2G20250,AT2G20260,AT2G30790,AT2G34430,AT2G35260,AT2G42220,AT3G06470,AT3G16140,AT3G17040,AT3G21055,AT3G47470,AT3G54890,AT3G61470,AT4G05180,AT4G15560,AT4G21280,AT4G28750,AT5G19940,AT5G57345,AT5G64940,AT5G66570	
3	AT2G36270	ABI5	0	28	PWM2904	DAP-seq	ABI5_col	4	1.2552673628429345e-12	5.626735953943454e-10	32	AT1G03600,AT1G06680,AT1G11070,AT1G13650,AT1G15820,AT1G20340,AT1G52230,AT1G58290,AT1G61520,AT1G76100,AT1G44446,AT2G06520,AT2G20250,AT2G20260,AT2G30790,AT2G42220,AT3G06470,AT3G16140,AT3G17040,AT3G21055,AT3G47470,AT3G54890,AT3G61470,AT3G27690,AT4G05180,AT4G12800,AT4G15560,AT4G21280,AT4G28750,AT5G19940,AT5G64940,AT5G66570	AT1G03600,AT1G06680,AT1G08380,AT1G13650,AT1G15820,AT1G30380,AT1G31330,AT1G51400,AT1G52230,AT1G61520,AT1G29930,AT1G44446,AT2G06520,AT2G20260,AT2G30570,AT2G35260,AT2G05100,AT3G08940,AT3G16140,AT3G17040,AT3G54890,AT3G61470,AT4G28750,AT5G01530,AT5G04490,AT5G08330,AT5G57345,AT5G64940
3	AT2G36270	ABI5	0	28	PWM2530	JASPAR	MA0931.1	14	3.799969665924209e-8	0.0000048666754364300765	26	AT1G03600,AT1G06680,AT1G11070,AT1G15820,AT1G52230,AT1G55670,AT1G61520,AT1G44446,AT2G20250,AT2G20260,AT2G30570,AT2G30790,AT2G35260,AT3G16140,AT3G17040,AT3G21055,AT3G47470,AT3G54890,AT3G61470,AT3G27690,AT4G05180,AT4G21280,AT4G28750,AT5G57345,AT5G64940,AT5G66570	AT1G03600,AT1G06680,AT1G08380,AT1G13650,AT1G15820,AT1G30380,AT1G31330,AT1G51400,AT1G52230,AT1G61520,AT1G29930,AT1G44446,AT2G06520,AT2G20260,AT2G30570,AT2G35260,AT2G05100,AT3G08940,AT3G16140,AT3G17040,AT3G54890,AT3G61470,AT4G28750,AT5G01530,AT5G04490,AT5G08330,AT5G57345,AT5G64940
3	AT2G36270	ABI5	0	28	PWM957	CisBP	M0257_1.01	17	3.799969665924209e-8	0.0000048666754364300765	26	AT1G03600,AT1G06680,AT1G11070,AT1G15820,AT1G52230,AT1G55670,AT1G61520,AT1G44446,AT2G20250,AT2G20260,AT2G30570,AT2G30790,AT2G35260,AT3G16140,AT3G17040,AT3G21055,AT3G47470,AT3G54890,AT3G61470,AT3G27690,AT4G05180,AT4G21280,AT4G28750,AT5G57345,AT5G64940,AT5G66570	AT1G03600,AT1G06680,AT1G08380,AT1G13650,AT1G15820,AT1G30380,AT1G31330,AT1G51400,AT1G52230,AT1G61520,AT1G29930,AT1G44446,AT2G06520,AT2G20260,AT2G30570,AT2G35260,AT2G05100,AT3G08940,AT3G16140,AT3G17040,AT3G54890,AT3G61470,AT4G28750,AT5G01530,AT5G04490,AT5G08330,AT5G57345,AT5G64940
3	AT2G36270	ABI5	0	28	PWM621	AthaMAP	T04543	33	7.251555172128953e-7	0.00004483461525388694	24	AT1G03600,AT1G06680,AT1G11070,AT1G13650,AT1G15820,AT1G52230,AT1G61520,AT1G44446,AT2G30570,AT2G30790,AT2G35260,AT3G08940,AT3G16140,AT3G17040,AT3G21055,AT3G54890,AT3G61470,AT4G05180,AT4G12800,AT4G21280,AT4G28750,AT5G01530,AT5G64940,AT5G66570	AT1G03600,AT1G06680,AT1G08380,AT1G13650,AT1G15820,AT1G30380,AT1G31330,AT1G51400,AT1G52230,AT1G61520,AT1G29930,AT1G44446,AT2G06520,AT2G20260,AT2G30570,AT2G35260,AT2G05100,AT3G08940,AT3G16140,AT3G17040,AT3G54890,AT3G61470,AT4G28750,AT5G01530,AT5G04490,AT5G08330,AT5G57345,AT5G64940
3	AT2G46270	GBF3	0	50	PWM2930	DAP-seq	GBF3_col	5	1.2552673628429345e-12	5.626735953943454e-10	32	AT1G03600,AT1G06680,AT1G13650,AT1G15820,AT1G20340,AT1G52230,AT1G61520,AT1G76100,AT1G29930,AT1G44446,AT1G29920,AT2G06520,AT2G20250,AT2G20260,AT2G30790,AT2G42220,AT2G05100,AT3G06470,AT3G16140,AT3G17040,AT3G21055,AT3G61470,AT3G27690,AT4G05180,AT4G10340,AT4G12800,AT4G15560,AT4G21280,AT4G28750,AT5G19940,AT5G64940,AT5G66570	AT1G03600,AT1G06680,AT1G08380,AT1G11070,AT1G13650,AT1G15820,AT1G20340,AT1G30380,AT1G31330,AT1G51400,AT1G58290,AT1G61520,AT1G67740,AT1G76100,AT1G03130,AT1G29930,AT1G44446,AT1G29920,AT2G06520,AT2G20260,AT2G30570,AT2G35260,AT2G42220,AT2G47750,AT2G05070,AT2G05100,AT2G42190,AT3G06470,AT3G08940,AT3G16140,AT3G17040,AT3G21055,AT3G47470,AT3G54890,AT3G59400,AT3G61470,AT3G27690,AT4G05180,AT5G08320,AT4G10340,AT4G12800,AT4G15560,AT4G21280,AT4G28750,AT5G01530,AT5G04490,AT5G19940,AT5G57345,AT5G64940,AT5G66570
3	AT2G46270	GBF3	0	50	PWM951	CisBP	M0260_1.01	28	1.7127153764851705e-7	0.000015354493350189554	25	AT1G03600,AT1G06680,AT1G13650,AT1G15820,AT1G20340,AT1G52230,AT1G61520,AT1G44446,AT2G20250,AT2G20260,AT2G30790,AT2G34430,AT2G35260,AT2G05070,AT3G16140,AT3G17040,AT3G54890,AT3G27690,AT4G05180,AT4G15560,AT4G21280,AT4G28750,AT5G57345,AT5G64940,AT5G66570	AT1G03600,AT1G06680,AT1G08380,AT1G11070,AT1G13650,AT1G15820,AT1G20340,AT1G30380,AT1G31330,AT1G51400,AT1G58290,AT1G61520,AT1G67740,AT1G76100,AT1G03130,AT1G29930,AT1G44446,AT1G29920,AT2G06520,AT2G20260,AT2G30570,AT2G35260,AT2G42220,AT2G47750,AT2G05070,AT2G05100,AT2G42190,AT3G06470,AT3G08940,AT3G16140,AT3G17040,AT3G21055,AT3G47470,AT3G54890,AT3G59400,AT3G61470,AT3G27690,AT4G05180,AT5G08320,AT4G10340,AT4G12800,AT4G15560,AT4G21280,AT4G28750,AT5G01530,AT5G04490,AT5G19940,AT5G57345,AT5G64940,AT5G66570
3	AT1G32150	AtbZIP68	0	0	PWM2927	DAP-seq	BZIP68_col	6	8.151227159473575e-12	2.4358583828226866e-9	31	AT1G03600,AT1G06680,AT1G11070,AT1G13650,AT1G15820,AT1G20340,AT1G52230,AT1G61520,AT1G76100,AT1G29930,AT1G44446,AT1G29920,AT2G06520,AT2G20250,AT2G20260,AT2G30790,AT2G42220,AT3G06470,AT3G16140,AT3G17040,AT3G21055,AT3G27690,AT4G05180,AT4G12800,AT4G15560,AT4G21280,AT4G28750,AT5G19940,AT5G57345,AT5G64940,AT5G66570	
3	AT1G32150	AtbZIP68	0	0	PWM1236	CisBP	M0251_1.01	21	1.7127153764851705e-7	0.000015354493350189554	25	AT1G03600,AT1G06680,AT1G13650,AT1G15820,AT1G20340,AT1G52230,AT1G61520,AT1G44446,AT2G20250,AT2G20260,AT2G30790,AT2G34430,AT2G35260,AT3G16140,AT3G17040,AT3G54890,AT3G27690,AT4G05180,AT4G12800,AT4G15560,AT4G21280,AT4G28750,AT5G57345,AT5G64940,AT5G66570	
3	AT1G32150	AtbZIP68	0	0	PWM2567	JASPAR	MA0968.1	25	1.7127153764851705e-7	0.000015354493350189554	25	AT1G03600,AT1G06680,AT1G13650,AT1G15820,AT1G20340,AT1G52230,AT1G61520,AT1G44446,AT2G20250,AT2G20260,AT2G30790,AT2G34430,AT2G35260,AT3G16140,AT3G17040,AT3G54890,AT3G27690,AT4G05180,AT4G12800,AT4G15560,AT4G21280,AT4G28750,AT5G57345,AT5G64940,AT5G66570	
3	AT3G10800	bZIP28	0	na	PWM2912	DAP-seq	BZIP28_col	7	2.8689879380932936e-10	7.348707675716108e-8	29	AT1G03600,AT1G06680,AT1G11070,AT1G13650,AT1G15820,AT1G20340,AT1G52230,AT1G61520,AT1G76100,AT1G44446,AT2G06520,AT2G20250,AT2G20260,AT2G30790,AT2G34430,AT2G42220,AT3G06470,AT3G16140,AT3G17040,AT3G21055,AT3G27690,AT4G05180,AT4G12800,AT4G15560,AT4G21280,AT4G28750,AT5G19940,AT5G64940,AT5G66570	na
3	AT3G10800	bZIP28	0	na	PWM883	CisBP	M0259_1.01	87	0.0010671086745553291	0.023916573168471313	18	AT1G03600,AT1G06680,AT1G13650,AT1G20340,AT1G52230,AT1G44446,AT2G20250,AT2G20260,AT2G34430,AT2G47750,AT3G16140,AT3G27690,AT4G02770,AT4G05180,AT4G15560,AT4G21280,AT4G28750,AT5G19940	na
3	AT5G15830	AtbZIP3	0	0	PWM2913	DAP-seq	BZIP3_col	8	2.8689879380932936e-10	7.348707675716108e-8	29	AT1G03600,AT1G06680,AT1G13650,AT1G20340,AT1G52230,AT1G61520,AT1G76100,AT1G29930,AT1G44446,AT1G29920,AT2G06520,AT2G20250,AT2G20260,AT2G34430,AT2G42220,AT3G06470,AT3G16140,AT3G21055,AT3G27690,AT4G05180,AT5G08320,AT4G10340,AT4G12800,AT4G15560,AT4G21280,AT4G28750,AT5G19940,AT5G64940,AT5G66570	
3	AT2G18160	ATBZIP2	0	na	PWM2932	DAP-seq	GBF5_col	9	2.8689879380932936e-10	7.348707675716108e-8	29	AT1G03600,AT1G06680,AT1G13650,AT1G30380,AT1G61520,AT1G76100,AT1G29930,AT1G44446,AT1G29920,AT2G06520,AT2G20250,AT2G20260,AT2G34430,AT2G42220,AT2G05100,AT3G06470,AT3G16140,AT3G21055,AT3G27690,AT4G05180,AT5G08320,AT4G10340,AT4G12800,AT4G15560,AT4G21280,AT4G28750,AT5G19940,AT5G64940,AT5G66570	na
3	AT3G17609	HYH	29	na	PWM1068	CisBP	M2214_1.01	10	1.5544866404252163e-9	2.787194546282413e-7	28	AT1G03600,AT1G06680,AT1G11070,AT1G13650,AT1G15820,AT1G52230,AT1G55670,AT1G61520,AT1G44446,AT2G20250,AT2G20260,AT2G30570,AT2G30790,AT2G35260,AT3G08940,AT3G16140,AT3G17040,AT3G21055,AT3G47470,AT3G54890,AT3G61470,AT4G05180,AT4G21280,AT4G28750,AT5G01530,AT5G57345,AT5G64940,AT5G66570	na
3	AT5G11260	HY5	0	0	PWM2151	JASPAR	MA0551.1	11	1.5544866404252163e-9	2.787194546282413e-7	28	AT1G03600,AT1G06680,AT1G11070,AT1G13650,AT1G15820,AT1G52230,AT1G55670,AT1G61520,AT1G44446,AT2G20250,AT2G20260,AT2G30570,AT2G30790,AT2G35260,AT3G08940,AT3G16140,AT3G17040,AT3G21055,AT3G47470,AT3G54890,AT3G61470,AT4G05180,AT4G21280,AT4G28750,AT5G01530,AT5G57345,AT5G64940,AT5G66570	
3	AT5G11260	HY5	0	0	PWM336	AthaMAP	T10638	27	1.7127153764851705e-7	0.000015354493350189554	25	AT1G03600,AT1G06680,AT1G11070,AT1G13650,AT1G15820,AT1G52230,AT1G55670,AT1G61520,AT1G44446,AT2G30790,AT2G05070,AT2G05100,AT3G06470,AT3G16140,AT3G17040,AT3G21055,AT3G54890,AT3G61470,AT3G27690,AT4G05180,AT4G21280,AT4G28750,AT5G57345,AT5G64940,AT5G66570	
3	AT5G11260	HY5	0	0	PWM623	AthaMAP	T10638	35	7.251555172128953e-7	0.00004483461525388694	24	AT1G03600,AT1G06680,AT1G11070,AT1G13650,AT1G15820,AT1G52230,AT1G61520,AT1G44446,AT2G30570,AT2G30790,AT2G35260,AT3G08940,AT3G16140,AT3G17040,AT3G21055,AT3G54890,AT3G61470,AT4G05180,AT4G12800,AT4G21280,AT4G28750,AT5G01530,AT5G64940,AT5G66570	
3	AT5G11260	HY5	0	0	PWM698	AthaMAP	T10638	36	7.251555172128953e-7	0.00004483461525388694	24	AT1G06680,AT1G11070,AT1G15820,AT1G52230,AT1G55670,AT1G61520,AT1G44446,AT2G30570,AT2G30790,AT2G35260,AT3G16140,AT3G17040,AT3G21055,AT3G61470,AT4G02770,AT4G05180,AT4G12800,AT4G15560,AT4G21280,AT4G28750,AT5G01530,AT5G57345,AT5G64940,AT5G66570	
3	AT5G11260	HY5	0	0	PWM663	AthaMAP	T10638	66	0.00012256490346453273	0.0037889460674466755	20	AT1G06680,AT1G13650,AT1G20340,AT1G52230,AT1G76100,AT2G20250,AT2G20260,AT2G30790,AT3G16140,AT3G17040,AT3G21055,AT3G59400,AT3G61470,AT4G05180,AT4G15560,AT4G21280,AT4G28750,AT5G01530,AT5G19940,AT5G66570	
3	AT5G11260	HY5	0	0	PWM223	AthaMAP	T10638	77	0.00037433815500474964	0.009870416351816414	19	AT1G03600,AT1G06680,AT1G15820,AT1G52230,AT2G20250,AT2G20260,AT2G30570,AT2G30790,AT2G35260,AT3G16140,AT3G17040,AT3G21055,AT3G54890,AT3G61470,AT4G05180,AT4G12800,AT4G21280,AT5G64940,AT5G66570	
3	AT3G19290	ABF4	1	39	PWM746	AGRIS		12	1.5544866404252163e-9	2.787194546282413e-7	28	AT1G06680,AT1G11070,AT1G13650,AT1G52230,AT1G55670,AT1G61520,AT1G67740,AT1G29930,AT1G44446,AT1G29920,AT2G06520,AT2G20250,AT2G20260,AT2G30790,AT2G42220,AT3G16140,AT3G17040,AT3G21055,AT3G54890,AT3G61470,AT4G05180,AT4G15560,AT4G21280,AT4G28750,AT5G01530,AT5G57345,AT5G64940,AT5G66570	AT1G03600,AT1G06680,AT1G08380,AT1G13650,AT1G20340,AT1G30380,AT1G31330,AT1G51400,AT1G61520,AT1G76100,AT1G29930,AT1G44446,AT2G06520,AT2G20260,AT2G30570,AT2G35260,AT2G42220,AT2G05070,AT2G05100,AT3G06470,AT3G08940,AT3G16140,AT3G17040,AT3G21055,AT3G47470,AT3G54890,AT3G61470,AT3G27690,AT4G05180,AT5G08320,AT4G12800,AT4G15560,AT4G21280,AT4G28750,AT5G01530,AT5G04490,AT5G08330,AT5G19940,AT5G57345
3	AT4G36730	AtGBF1	1	0	PWM1292	CisBP	M0264_1.01	13	7.92503888963515e-9	0.0000010930457483935248	27	AT1G03600,AT1G06680,AT1G13650,AT1G15820,AT1G20340,AT1G52230,AT1G61520,AT1G76100,AT1G44446,AT2G20250,AT2G20260,AT2G30790,AT2G34430,AT2G35260,AT2G05070,AT3G16140,AT3G17040,AT3G21055,AT3G54890,AT3G27690,AT4G05180,AT4G15560,AT4G21280,AT4G28750,AT5G57345,AT5G64940,AT5G66570	
3	AT5G61270	PIF7	46	na	PWM2901	DAP-seq	PIF7_col	15	3.799969665924209e-8	0.0000048666754364300765	26	AT1G03600,AT1G06680,AT1G11070,AT1G13650,AT1G15820,AT1G52230,AT1G55670,AT1G61520,AT1G67740,AT1G44446,AT2G30790,AT2G35260,AT3G16140,AT3G17040,AT3G21055,AT3G54890,AT3G61470,AT4G02770,AT4G05180,AT4G12800,AT4G21280,AT4G28750,AT5G01530,AT5G57345,AT5G64940,AT5G66570	na
3	AT2G43010	AtPIF4	1	13	PWM818	CisBP	M2224_1.01	16	3.799969665924209e-8	0.0000048666754364300765	26	AT1G03600,AT1G06680,AT1G11070,AT1G15820,AT1G52230,AT1G55670,AT1G61520,AT1G67740,AT1G44446,AT2G20250,AT2G20260,AT2G30570,AT2G30790,AT2G35260,AT3G16140,AT3G21055,AT3G54890,AT3G61470,AT4G05180,AT4G12800,AT4G21280,AT4G28750,AT5G01530,AT5G57345,AT5G64940,AT5G66570	AT1G03600,AT1G06680,AT1G13650,AT1G20340,AT1G76100,AT1G03130,AT3G08940,AT3G61470,AT3G27690,AT4G05180,AT5G08320,AT5G08330,AT5G19940
3	AT2G43010	AtPIF4	1	13	PWM2161	JASPAR	MA0561.1	24	1.7127153764851705e-7	0.000015354493350189554	25	AT1G03600,AT1G06680,AT1G11070,AT1G15820,AT1G52230,AT1G55670,AT1G61520,AT1G67740,AT1G44446,AT2G30570,AT2G30790,AT2G35260,AT3G16140,AT3G21055,AT3G47470,AT3G54890,AT3G61470,AT4G05180,AT4G12800,AT4G21280,AT4G28750,AT5G01530,AT5G57345,AT5G64940,AT5G66570	AT1G03600,AT1G06680,AT1G13650,AT1G20340,AT1G76100,AT1G03130,AT3G08940,AT3G61470,AT3G27690,AT4G05180,AT5G08320,AT5G08330,AT5G19940
3	AT1G03970	GBF4	0	0	PWM994	CisBP	M0319_1.01	18	3.799969665924209e-8	0.0000048666754364300765	26	AT1G03600,AT1G06680,AT1G11070,AT1G13650,AT1G15820,AT1G52230,AT1G55670,AT1G61520,AT1G44446,AT2G20250,AT2G20260,AT2G30570,AT2G30790,AT2G35260,AT3G16140,AT3G17040,AT3G21055,AT3G47470,AT3G54890,AT4G05180,AT4G21280,AT4G28750,AT5G01530,AT5G57345,AT5G64940,AT5G66570	
3	AT5G44080	AT5G44080	0	0	PWM995	CisBP	M0319_1.01	19	3.799969665924209e-8	0.0000048666754364300765	26	AT1G03600,AT1G06680,AT1G11070,AT1G13650,AT1G15820,AT1G52230,AT1G55670,AT1G61520,AT1G44446,AT2G20250,AT2G20260,AT2G30570,AT2G30790,AT2G35260,AT3G16140,AT3G17040,AT3G21055,AT3G47470,AT3G54890,AT4G05180,AT4G21280,AT4G28750,AT5G01530,AT5G57345,AT5G64940,AT5G66570	
3	AT4G01120	ATBZIP54	0	44	PWM1232	CisBP	M0262_1.01	20	1.7127153764851705e-7	0.000015354493350189554	25	AT1G03600,AT1G06680,AT1G15820,AT1G20340,AT1G52230,AT1G58290,AT1G61520,AT1G44446,AT2G20250,AT2G20260,AT2G30790,AT2G34430,AT2G35260,AT3G16140,AT3G17040,AT3G54890,AT3G27690,AT4G05180,AT4G12800,AT4G15560,AT4G21280,AT4G28750,AT5G57345,AT5G64940,AT5G66570	AT1G03600,AT1G06680,AT1G08380,AT1G13650,AT1G20340,AT1G30380,AT1G31330,AT1G51400,AT1G52230,AT1G58290,AT1G61520,AT1G76100,AT1G03130,AT1G29930,AT1G44446,AT1G29920,AT2G06520,AT2G20260,AT2G30570,AT2G35260,AT2G42220,AT2G47750,AT2G05070,AT2G05100,AT3G06470,AT3G08940,AT3G16140,AT3G17040,AT3G21055,AT3G47470,AT3G54890,AT3G27690,AT4G05180,AT4G10340,AT4G12800,AT4G15560,AT4G21280,AT4G28750,AT5G01530,AT5G04490,AT5G08330,AT5G19940,AT5G57345,AT5G64940
3	AT1G49720	ABF1	0	19	PWM1495	CisBP	M2233_1.01	23	1.7127153764851705e-7	0.000015354493350189554	25	AT1G03600,AT1G06680,AT1G11070,AT1G13650,AT1G52230,AT1G55670,AT1G61520,AT1G29930,AT1G29920,AT2G30570,AT2G30790,AT2G42220,AT2G05100,AT3G16140,AT3G17040,AT3G21055,AT3G54890,AT4G05180,AT4G12800,AT4G15560,AT4G21280,AT4G28750,AT5G19940,AT5G64940,AT5G66570	AT1G03600,AT1G08380,AT1G30380,AT1G51400,AT1G76100,AT1G29930,AT1G44446,AT2G20250,AT2G35260,AT3G16140,AT3G17040,AT3G21055,AT3G47470,AT4G05180,AT5G08320,AT4G21280,AT4G28750,AT5G04490,AT5G57345
3	AT1G49720	ABF1	0	19	PWM326	AGRIS		26	1.7127153764851705e-7	0.000015354493350189554	25	AT1G06680,AT1G11070,AT1G15820,AT1G52230,AT1G55670,AT1G61520,AT1G67740,AT1G44446,AT2G20250,AT2G20260,AT2G30790,AT3G16140,AT3G17040,AT3G21055,AT3G54890,AT3G61470,AT4G05180,AT4G12800,AT4G15560,AT4G21280,AT4G28750,AT5G01530,AT5G57345,AT5G64940,AT5G66570	AT1G03600,AT1G08380,AT1G30380,AT1G51400,AT1G76100,AT1G29930,AT1G44446,AT2G20250,AT2G35260,AT3G16140,AT3G17040,AT3G21055,AT3G47470,AT4G05180,AT5G08320,AT4G21280,AT4G28750,AT5G04490,AT5G57345
3	AT1G49720	ABF1	0	19	PWM2170	JASPAR	MA0570.1	32	7.251555172128953e-7	0.00004483461525388694	24	AT1G03600,AT1G06680,AT1G11070,AT1G13650,AT1G52230,AT1G61520,AT1G29930,AT1G44446,AT1G29920,AT2G30570,AT2G30790,AT2G42220,AT2G05100,AT3G16140,AT3G21055,AT3G54890,AT4G05180,AT4G12800,AT4G15560,AT4G21280,AT4G28750,AT5G19940,AT5G64940,AT5G66570	AT1G03600,AT1G08380,AT1G30380,AT1G51400,AT1G76100,AT1G29930,AT1G44446,AT2G20250,AT2G35260,AT3G16140,AT3G17040,AT3G21055,AT3G47470,AT4G05180,AT5G08320,AT4G21280,AT4G28750,AT5G04490,AT5G57345
3	AT1G49720	ABF1	0	19	PWM974	CisBP	M0254_1.01	37	7.251555172128953e-7	0.00004483461525388694	24	AT1G03600,AT1G06680,AT1G11070,AT1G15820,AT1G52230,AT1G58290,AT1G61520,AT1G44446,AT2G20250,AT2G20260,AT2G30790,AT2G35260,AT2G05100,AT3G16140,AT3G17040,AT3G21055,AT3G54890,AT4G02770,AT4G05180,AT4G21280,AT4G28750,AT5G57345,AT5G64940,AT5G66570	AT1G03600,AT1G08380,AT1G30380,AT1G51400,AT1G76100,AT1G29930,AT1G44446,AT2G20250,AT2G35260,AT3G16140,AT3G17040,AT3G21055,AT3G47470,AT4G05180,AT5G08320,AT4G21280,AT4G28750,AT5G04490,AT5G57345
3	AT1G75080	BZR1	0	na	PWM1390	CisBP	M2213_1.01	29	7.251555172128953e-7	0.00004483461525388694	24	AT1G03600,AT1G06680,AT1G11070,AT1G15820,AT1G52230,AT1G55670,AT1G44446,AT2G20250,AT2G20260,AT2G30570,AT2G30790,AT2G05070,AT3G16140,AT3G21055,AT3G47470,AT3G54890,AT4G05180,AT4G12800,AT4G15560,AT4G21280,AT4G28750,AT5G01530,AT5G57345,AT5G64940	na
3	AT1G75080	BZR1	0	na	PWM2150	JASPAR	MA0550.1	31	7.251555172128953e-7	0.00004483461525388694	24	AT1G03600,AT1G06680,AT1G11070,AT1G15820,AT1G52230,AT1G55670,AT1G44446,AT2G20250,AT2G20260,AT2G30570,AT2G30790,AT2G05070,AT3G16140,AT3G21055,AT3G47470,AT3G54890,AT4G05180,AT4G12800,AT4G15560,AT4G21280,AT4G28750,AT5G01530,AT5G57345,AT5G64940	na
3	AT5G28770	AtbZIP63	4	na	PWM1427	CisBP	M0268_1.01	30	7.251555172128953e-7	0.00004483461525388694	24	AT1G03600,AT1G06680,AT1G13650,AT1G20340,AT1G52230,AT1G61520,AT1G76100,AT1G44446,AT2G20250,AT2G20260,AT2G30790,AT2G34430,AT2G05070,AT3G16140,AT3G59400,AT3G27690,AT4G05180,AT4G10340,AT4G12800,AT4G15560,AT4G21280,AT4G28750,AT5G01530,AT5G66570	na
3	AT1G32640	ATMYC2	0	0	PWM622	AthaMAP	T05620	34	7.251555172128953e-7	0.00004483461525388694	24	AT1G03600,AT1G06680,AT1G11070,AT1G13650,AT1G15820,AT1G52230,AT1G61520,AT1G44446,AT2G30570,AT2G30790,AT2G35260,AT3G08940,AT3G16140,AT3G17040,AT3G21055,AT3G54890,AT3G61470,AT4G05180,AT4G12800,AT4G21280,AT4G28750,AT5G01530,AT5G64940,AT5G66570	
3	AT1G09530	PAP3	1	2	PWM1019	CisBP	M2223_1.01	38	0.000002881930989175457	0.00013598163851556827	23	AT1G03600,AT1G06680,AT1G11070,AT1G15820,AT1G52230,AT1G55670,AT1G61520,AT1G67740,AT1G44446,AT2G30790,AT2G05100,AT3G16140,AT3G21055,AT3G54890,AT3G61470,AT4G05180,AT4G12800,AT4G21280,AT4G28750,AT5G01530,AT5G57345,AT5G64940,AT5G66570	AT1G03600,AT5G08330
3	AT1G09530	PAP3	1	2	PWM1609	PBM		39	0.000002881930989175457	0.00013598163851556827	23	AT1G06680,AT1G15820,AT1G52230,AT1G55670,AT1G61520,AT1G67740,AT1G44446,AT2G30790,AT2G05100,AT3G16140,AT3G17040,AT3G21055,AT3G54890,AT3G61470,AT4G02770,AT4G05180,AT4G12800,AT4G21280,AT4G28750,AT5G01530,AT5G57345,AT5G64940,AT5G66570	AT1G03600,AT5G08330
3	AT1G09530	PAP3	1	2	PWM2160	JASPAR	MA0560.1	40	0.000002881930989175457	0.00013598163851556827	23	AT1G03600,AT1G06680,AT1G11070,AT1G15820,AT1G52230,AT1G55670,AT1G61520,AT1G67740,AT1G44446,AT2G30790,AT2G05100,AT3G16140,AT3G21055,AT3G54890,AT3G61470,AT4G05180,AT4G12800,AT4G21280,AT4G28750,AT5G01530,AT5G57345,AT5G64940,AT5G66570	AT1G03600,AT5G08330
3	AT1G09530	PAP3	1	2	PWM829	AthaMAP	T04492	55	0.000037507255455916144	0.0014944557562768365	21	AT1G03600,AT1G06680,AT1G52230,AT1G61520,AT1G44446,AT2G20250,AT2G20260,AT2G30790,AT3G16140,AT3G21055,AT3G54890,AT3G61470,AT4G05180,AT4G12800,AT4G15560,AT4G21280,AT4G28750,AT5G01530,AT5G57345,AT5G64940,AT5G66570	AT1G03600,AT5G08330
3	AT1G09530	PAP3	1	2	PWM841	CisBP	M2732_1.01	67	0.00012256490346453273	0.0037889460674466755	20	AT1G03600,AT1G06680,AT1G11070,AT1G52230,AT1G61520,AT1G44446,AT2G20250,AT2G20260,AT2G30790,AT3G16140,AT3G21055,AT3G54890,AT3G61470,AT4G12800,AT4G15560,AT4G21280,AT5G01530,AT5G57345,AT5G64940,AT5G66570	AT1G03600,AT5G08330
3	AT2G04038	AtbZIP48	0	na	PWM2919	DAP-seq	BZIP48_col	41	0.000002881930989175457	0.00013598163851556827	23	AT1G06680,AT1G13650,AT1G15820,AT1G20340,AT1G30380,AT1G76100,AT1G29930,AT1G29920,AT2G06520,AT2G20250,AT2G20260,AT2G34430,AT2G05070,AT3G16140,AT3G47470,AT3G27690,AT5G08320,AT4G10340,AT4G12800,AT4G15560,AT4G28750,AT5G19940,AT5G66570	na
3	AT5G38800	AtbZIP43	0	na	PWM2916	DAP-seq	BZIP43_col	42	0.000010741313748624845	0.0004585517988401035	22	AT1G06680,AT1G13650,AT1G15820,AT1G20340,AT1G30380,AT1G76100,AT1G44446,AT2G06520,AT2G20250,AT2G20260,AT2G05070,AT3G06470,AT3G16140,AT3G27690,AT4G05180,AT5G08320,AT4G10340,AT4G12800,AT4G15560,AT5G04490,AT5G19940,AT5G66570	na
3	AT1G75390	AtbZIP44	0	0	PWM2917	DAP-seq	BZIP44_col	43	0.000010741313748624845	0.0004585517988401035	22	AT1G06680,AT1G13650,AT1G20340,AT1G30380,AT1G55670,AT1G76100,AT1G29930,AT1G29920,AT2G06520,AT2G20250,AT2G20260,AT2G34430,AT2G05100,AT3G06470,AT3G16140,AT3G27690,AT4G05180,AT5G08320,AT4G10340,AT4G12800,AT4G15560,AT5G19940	
3	AT3G62420	ATBZIP53	0	na	PWM2925	DAP-seq	BZIP53_col	44	0.000010741313748624845	0.0004585517988401035	22	AT1G06680,AT1G13650,AT1G20340,AT1G21500,AT1G30380,AT1G76100,AT1G29930,AT1G29920,AT2G06520,AT2G20250,AT2G20260,AT2G34430,AT2G05100,AT3G16140,AT3G27690,AT4G05180,AT5G08320,AT4G10340,AT4G12800,AT4G15560,AT4G28750,AT5G19940	na
3	AT2G20180	PIF1	0	0	PWM1238	CisBP	M2215_1.01	46	0.000037507255455916144	0.0014944557562768365	21	AT1G03600,AT1G06680,AT1G11070,AT1G15820,AT1G52230,AT1G61520,AT1G44446,AT2G20250,AT2G20260,AT2G30570,AT2G30790,AT3G16140,AT3G21055,AT3G54890,AT4G05180,AT4G12800,AT4G21280,AT4G28750,AT5G01530,AT5G64940,AT5G66570	
3	AT2G20180	PIF1	0	0	PWM1082	CisBP	M0155_1.01	58	0.00012256490346453273	0.0037889460674466755	20	AT1G03600,AT1G06680,AT1G11070,AT1G15820,AT1G52230,AT1G44446,AT2G20250,AT2G20260,AT2G30570,AT2G30790,AT3G16140,AT3G21055,AT3G54890,AT4G05180,AT4G12800,AT4G21280,AT4G28750,AT5G01530,AT5G64940,AT5G66570	
3	AT2G20180	PIF1	0	0	PWM2152	JASPAR	MA0552.1	61	0.00012256490346453273	0.0037889460674466755	20	AT1G03600,AT1G06680,AT1G11070,AT1G15820,AT1G52230,AT1G44446,AT2G20250,AT2G20260,AT2G30570,AT2G30790,AT3G16140,AT3G21055,AT3G54890,AT4G05180,AT4G12800,AT4G21280,AT4G28750,AT5G01530,AT5G64940,AT5G66570	
3	AT4G36930	SPT	0	0	PWM1293	CisBP	M0161_1.01	47	0.000037507255455916144	0.0014944557562768365	21	AT1G03600,AT1G06680,AT1G11070,AT1G52230,AT1G55670,AT1G61520,AT1G67740,AT1G44446,AT2G20250,AT2G20260,AT2G30790,AT3G16140,AT3G17040,AT3G21055,AT3G61470,AT4G05180,AT4G12800,AT4G21280,AT4G28750,AT5G57345,AT5G66570	
3	AT4G36930	SPT	0	0	PWM2657	JASPAR	MA1061.1	51	0.000037507255455916144	0.0014944557562768365	21	AT1G03600,AT1G06680,AT1G11070,AT1G52230,AT1G55670,AT1G61520,AT1G67740,AT1G44446,AT2G20250,AT2G20260,AT2G30790,AT3G16140,AT3G17040,AT3G21055,AT3G61470,AT4G05180,AT4G12800,AT4G21280,AT4G28750,AT5G57345,AT5G66570	
3	AT5G67110	ALC	0	na	PWM1294	CisBP	M0161_1.01	48	0.000037507255455916144	0.0014944557562768365	21	AT1G03600,AT1G06680,AT1G11070,AT1G52230,AT1G55670,AT1G61520,AT1G67740,AT1G44446,AT2G20250,AT2G20260,AT2G30790,AT3G16140,AT3G17040,AT3G21055,AT3G61470,AT4G05180,AT4G12800,AT4G21280,AT4G28750,AT5G57345,AT5G66570	na
3	AT1G42990	ATBZIP60	0	0	PWM1447	PBM		49	0.000037507255455916144	0.0014944557562768365	21	AT1G06680,AT1G13650,AT1G20340,AT1G31330,AT1G76100,AT2G20250,AT2G20260,AT2G34430,AT2G05070,AT3G08940,AT3G16140,AT3G47470,AT3G59400,AT3G61470,AT3G27690,AT4G05180,AT5G08320,AT4G15560,AT4G28750,AT5G01530,AT5G19940	
3	AT4G14410	bHLH104	0	0	PWM2877	DAP-seq	BHLH104_col	52	0.000037507255455916144	0.0014944557562768365	21	AT1G03600,AT1G06680,AT1G11070,AT1G13650,AT1G52230,AT1G61520,AT1G44446,AT2G20250,AT2G20260,AT2G30790,AT2G05070,AT3G16140,AT3G17040,AT3G21055,AT3G54890,AT3G61470,AT4G05180,AT4G21280,AT4G28750,AT5G01530,AT5G66570	
3	AT1G59640	bHLH31	0	na	PWM2886	DAP-seq	BHLH31_col	53	0.000037507255455916144	0.0014944557562768365	21	AT1G03600,AT1G06680,AT1G13650,AT1G52230,AT1G44446,AT2G20250,AT2G20260,AT2G30790,AT3G16140,AT3G21055,AT3G54890,AT3G61470,AT4G02770,AT4G05180,AT4G12800,AT4G21280,AT4G28750,AT5G01530,AT5G57345,AT5G64940,AT5G66570	na
3	AT1G59640	bHLH31	0	na	PWM826	CisBP	M0152_1.01	84	0.0010671086745553291	0.023916573168471313	18	AT1G03600,AT1G06680,AT1G52230,AT1G67740,AT1G44446,AT2G20250,AT2G20260,AT2G30790,AT2G05070,AT3G16140,AT3G17040,AT3G61470,AT3G27690,AT4G05180,AT4G12800,AT4G21280,AT4G28750,AT5G57345	na
3	AT5G49450	AtbZIP1	0	0	PWM437	AthaMAP		54	0.000037507255455916144	0.0014944557562768365	21	AT1G03600,AT1G06680,AT1G15820,AT1G52230,AT1G55670,AT1G61520,AT1G67740,AT1G44446,AT2G30790,AT3G06470,AT3G16140,AT3G17040,AT3G21055,AT3G54890,AT3G61470,AT4G15560,AT4G21280,AT4G28750,AT5G57345,AT5G64940,AT5G66570	
3	AT5G49450	AtbZIP1	0	0	PWM311	AthaMAP		78	0.00037433815500474964	0.009870416351816414	19	AT1G03600,AT1G06680,AT1G13650,AT1G20340,AT1G76100,AT1G29930,AT1G29920,AT2G06520,AT2G20250,AT2G20260,AT2G47750,AT2G05070,AT3G16140,AT3G59400,AT3G27690,AT4G10340,AT4G12800,AT4G15560,AT5G19940	
3	AT1G01260	JAM2	0	0	PWM897	CisBP	M0149_1.01	56	0.000037507255455916144	0.0014944557562768365	21	AT1G03600,AT1G06680,AT1G11070,AT1G15820,AT1G52230,AT1G55670,AT1G61520,AT1G44446,AT2G30570,AT2G30790,AT2G35260,AT2G05070,AT3G16140,AT3G21055,AT3G61470,AT4G05180,AT4G12800,AT4G21280,AT4G28750,AT5G57345,AT5G66570	
3	AT5G57150	AT5G57150	0	na	PWM898	CisBP	M0149_1.01	57	0.000037507255455916144	0.0014944557562768365	21	AT1G03600,AT1G06680,AT1G11070,AT1G15820,AT1G52230,AT1G55670,AT1G61520,AT1G44446,AT2G30570,AT2G30790,AT2G35260,AT2G05070,AT3G16140,AT3G21055,AT3G61470,AT4G05180,AT4G12800,AT4G21280,AT4G28750,AT5G57345,AT5G66570	na
3	AT1G19350	BES1	12	1	PWM1485	CisBP	M2212_1.01	59	0.00012256490346453273	0.0037889460674466755	20	AT1G03600,AT1G11070,AT1G15820,AT1G52230,AT1G61520,AT1G44446,AT2G20250,AT2G20260,AT2G35260,AT3G16140,AT3G21055,AT3G47470,AT3G54890,AT3G61470,AT4G05180,AT4G12800,AT4G21280,AT4G28750,AT5G64940,AT5G66570	AT1G03600
3	AT1G19350	BES1	12	1	PWM2149	JASPAR	MA0549.1	60	0.00012256490346453273	0.0037889460674466755	20	AT1G03600,AT1G11070,AT1G15820,AT1G52230,AT1G61520,AT1G44446,AT2G20250,AT2G20260,AT2G35260,AT3G16140,AT3G21055,AT3G47470,AT3G54890,AT3G61470,AT4G05180,AT4G12800,AT4G21280,AT4G28750,AT5G64940,AT5G66570	AT1G03600
3	AT4G34590	ATB2	0	0	PWM2934	DAP-seq	GBF6_col	62	0.00012256490346453273	0.0037889460674466755	20	AT1G06680,AT1G13650,AT1G20340,AT1G21500,AT1G30380,AT1G76100,AT1G29930,AT1G29920,AT2G06520,AT2G20250,AT2G20260,AT2G34430,AT3G16140,AT3G27690,AT4G05180,AT5G08320,AT4G10340,AT4G12800,AT4G15560,AT5G19940	
3	AT1G49010	At1g49010	37	0	PWM3303	DAP-seq	AT1G49010_col	63	0.00012256490346453273	0.0037889460674466755	20	AT1G03600,AT1G11070,AT1G13650,AT1G20340,AT1G52230,AT1G61520,AT1G03130,AT2G06520,AT2G35260,AT2G42190,AT3G08940,AT3G16140,AT3G21055,AT3G54890,AT3G61470,AT4G02770,AT4G05180,AT5G08320,AT4G21280,AT5G01530	
3	AT5G01380	GT3a	0	0	PWM3509	DAP-seq	GT3A_col	64	0.00012256490346453273	0.0037889460674466755	20	AT1G03600,AT1G06680,AT1G11070,AT1G15820,AT1G52230,AT1G44446,AT2G30570,AT2G35260,AT2G05070,AT3G16140,AT3G17040,AT3G47470,AT3G61470,AT4G05180,AT4G12800,AT4G21280,AT4G28750,AT5G57345,AT5G64940,AT5G66570	
3	AT4G25470	ATCBF2	32	0	PWM543	AGRIS		65	0.00012256490346453273	0.0037889460674466755	20	AT1G06680,AT1G11070,AT1G15820,AT1G52230,AT1G55670,AT1G61520,AT2G30790,AT2G05100,AT3G16140,AT3G17040,AT3G21055,AT3G61470,AT4G02770,AT4G05180,AT4G12800,AT4G21280,AT4G28750,AT5G01530,AT5G57345,AT5G66570	
3	AT1G03040	AT1G03040	0	na	PWM1022	CisBP	M0247_1.01	68	0.00037433815500474964	0.009870416351816414	19	AT1G03600,AT1G15820,AT1G52230,AT1G61520,AT1G44446,AT2G20250,AT2G20260,AT2G30790,AT3G16140,AT3G17040,AT3G21055,AT3G61470,AT3G27690,AT4G05180,AT4G12800,AT4G21280,AT4G28750,AT5G57345,AT5G66570	na
3	AT2G24260	LRL1	0	na	PWM1023	CisBP	M0247_1.01	69	0.00037433815500474964	0.009870416351816414	19	AT1G03600,AT1G15820,AT1G52230,AT1G61520,AT1G44446,AT2G20250,AT2G20260,AT2G30790,AT3G16140,AT3G17040,AT3G21055,AT3G61470,AT3G27690,AT4G05180,AT4G12800,AT4G21280,AT4G28750,AT5G57345,AT5G66570	na
3	AT4G02590	UNE12	0	na	PWM1024	CisBP	M0247_1.01	70	0.00037433815500474964	0.009870416351816414	19	AT1G03600,AT1G15820,AT1G52230,AT1G61520,AT1G44446,AT2G20250,AT2G20260,AT2G30790,AT3G16140,AT3G17040,AT3G21055,AT3G61470,AT3G27690,AT4G05180,AT4G12800,AT4G21280,AT4G28750,AT5G57345,AT5G66570	na
3	AT4G30980	LRL2	0	na	PWM1025	CisBP	M0247_1.01	71	0.00037433815500474964	0.009870416351816414	19	AT1G03600,AT1G15820,AT1G52230,AT1G61520,AT1G44446,AT2G20250,AT2G20260,AT2G30790,AT3G16140,AT3G17040,AT3G21055,AT3G61470,AT3G27690,AT4G05180,AT4G12800,AT4G21280,AT4G28750,AT5G57345,AT5G66570	na
3	AT5G58010	LRL3	0	0	PWM1026	CisBP	M0247_1.01	72	0.00037433815500474964	0.009870416351816414	19	AT1G03600,AT1G15820,AT1G52230,AT1G61520,AT1G44446,AT2G20250,AT2G20260,AT2G30790,AT3G16140,AT3G17040,AT3G21055,AT3G61470,AT3G27690,AT4G05180,AT4G12800,AT4G21280,AT4G28750,AT5G57345,AT5G66570	
3	AT4G28790	AT4G28790	0	na	PWM1083	CisBP	M0155_1.01	73	0.00037433815500474964	0.009870416351816414	19	AT1G03600,AT1G06680,AT1G15820,AT1G52230,AT1G61520,AT1G67740,AT1G44446,AT2G30790,AT3G16140,AT3G17040,AT3G21055,AT3G61470,AT4G05180,AT4G12800,AT4G21280,AT4G28750,AT5G57345,AT5G64940,AT5G66570	na
3	AT4G28800	AT4G28800	0	na	PWM1084	CisBP	M0155_1.01	74	0.00037433815500474964	0.009870416351816414	19	AT1G03600,AT1G06680,AT1G15820,AT1G52230,AT1G61520,AT1G67740,AT1G44446,AT2G30790,AT3G16140,AT3G17040,AT3G21055,AT3G61470,AT4G05180,AT4G12800,AT4G21280,AT4G28750,AT5G57345,AT5G64940,AT5G66570	na
3	AT4G28811	AT4G28811	0	na	PWM1085	CisBP	M0155_1.01	75	0.00037433815500474964	0.009870416351816414	19	AT1G03600,AT1G06680,AT1G15820,AT1G52230,AT1G61520,AT1G67740,AT1G44446,AT2G30790,AT3G16140,AT3G17040,AT3G21055,AT3G61470,AT4G05180,AT4G12800,AT4G21280,AT4G28750,AT5G57345,AT5G64940,AT5G66570	na
3	AT4G28815	AT4G28815	0	na	PWM1086	CisBP	M0155_1.01	76	0.00037433815500474964	0.009870416351816414	19	AT1G03600,AT1G06680,AT1G15820,AT1G52230,AT1G61520,AT1G67740,AT1G44446,AT2G30790,AT3G16140,AT3G17040,AT3G21055,AT3G61470,AT4G05180,AT4G12800,AT4G21280,AT4G28750,AT5G57345,AT5G64940,AT5G66570	na
3	AT5G65210	TGA1	0	0	PWM498	AGRIS		79	0.00037433815500474964	0.009870416351816414	19	AT1G06680,AT1G13650,AT1G20340,AT1G31330,AT1G76100,AT2G20250,AT2G20260,AT2G05070,AT3G16140,AT3G47470,AT3G59400,AT3G61470,AT3G27690,AT4G05180,AT5G08320,AT4G12800,AT4G15560,AT4G28750,AT5G19940	
3	AT3G23210	bHLH34	0	0	PWM2887	DAP-seq	BHLH34_col	80	0.0010671086745553291	0.023916573168471313	18	AT1G03600,AT1G06680,AT1G52230,AT1G67740,AT1G44446,AT2G30790,AT2G05070,AT3G16140,AT3G21055,AT3G54890,AT3G61470,AT4G05180,AT4G21280,AT4G28750,AT5G01530,AT5G57345,AT5G64940,AT5G66570	
3	AT3G30530	ATBZIP42	0	na	PWM2914	DAP-seq	BZIP42_col	81	0.0010671086745553291	0.023916573168471313	18	AT1G06680,AT1G13650,AT1G30380,AT1G31330,AT1G76100,AT2G06520,AT2G20250,AT2G20260,AT2G05070,AT3G16140,AT3G27690,AT5G08320,AT4G10340,AT4G12800,AT4G15560,AT4G28750,AT5G19940,AT5G66570	na
3	AT5G58900	AT5G58900	0	na	PWM3330	DAP-seq	AT5G58900_col	82	0.0010671086745553291	0.023916573168471313	18	AT1G03600,AT1G13650,AT1G20340,AT1G30380,AT1G52230,AT1G64860,AT1G76100,AT2G06520,AT2G42190,AT3G08940,AT3G16140,AT3G21055,AT3G61470,AT4G02770,AT4G05180,AT4G12800,AT5G01530,AT5G64940	na
3	AT5G04760	AT5G04760	0	41	PWM820	CisBP	M1238_1.01	83	0.0010671086745553291	0.023916573168471313	18	AT1G03600,AT1G06680,AT1G13650,AT1G20340,AT1G52230,AT1G61520,AT2G20250,AT2G35260,AT3G08940,AT3G16140,AT3G21055,AT3G61470,AT4G02770,AT4G05180,AT4G21280,AT5G01530,AT5G64940,AT5G66570	AT1G03600,AT1G06680,AT1G08380,AT1G20340,AT1G21500,AT1G30380,AT1G31330,AT1G51400,AT1G58290,AT1G61520,AT1G67740,AT1G76100,AT1G03130,AT1G44446,AT2G06520,AT2G20260,AT2G30570,AT2G35260,AT2G05070,AT2G05100,AT2G42190,AT3G06470,AT3G08940,AT3G16140,AT3G17040,AT3G21055,AT3G47470,AT3G54890,AT4G02770,AT4G05180,AT4G10340,AT4G12800,AT4G15560,AT4G21280,AT4G28750,AT5G01530,AT5G04490,AT5G08330,AT5G19940,AT5G54270,AT5G57345
3	AT5G62610	AT5G62610	0	0	PWM827	CisBP	M0152_1.01	85	0.0010671086745553291	0.023916573168471313	18	AT1G03600,AT1G06680,AT1G52230,AT1G67740,AT1G44446,AT2G20250,AT2G20260,AT2G30790,AT2G05070,AT3G16140,AT3G17040,AT3G61470,AT3G27690,AT4G05180,AT4G12800,AT4G21280,AT4G28750,AT5G57345	
3	AT2G40950	BZIP17	0	0	PWM882	CisBP	M0259_1.01	86	0.0010671086745553291	0.023916573168471313	18	AT1G03600,AT1G06680,AT1G13650,AT1G20340,AT1G52230,AT1G44446,AT2G20250,AT2G20260,AT2G34430,AT2G47750,AT3G16140,AT3G27690,AT4G02770,AT4G05180,AT4G15560,AT4G21280,AT4G28750,AT5G19940	
3	AT3G56660	BZIP49	0	na	PWM884	CisBP	M0259_1.01	88	0.0010671086745553291	0.023916573168471313	18	AT1G03600,AT1G06680,AT1G13650,AT1G20340,AT1G52230,AT1G44446,AT2G20250,AT2G20260,AT2G34430,AT2G47750,AT3G16140,AT3G27690,AT4G02770,AT4G05180,AT4G15560,AT4G21280,AT4G28750,AT5G19940	na
