Gene1	Gene2	Corr_strength
AT5G59720	AT4G27670	0.9104720609674556
AT5G59720	AT3G09640	0.9406170875681115
AT5G59720	AT5G12020	0.8009830734035916
AT5G59720	AT2G29500	0.8897144907094919
AT5G59720	AT1G52560	0.8627995722088838
AT5G59720	AT1G53540	0.9056816300387988
AT5G59720	AT4G10250	0.9401043601173578
AT5G59720	AT3G46230	0.8668420469521282
AT5G59720	AT1G48720	0.8451540189292666
AT5G59720	AT1G72660	0.8389790355178398
AT5G59720	ATMG00630	0.8294638567678606
AT5G59720	AT2G26790	0.851984037281527
AT5G59720	AT3G12510	0.8255073172260942
AT5G59720	ATMG00160	0.853187123907467
AT5G59720	ATMG00940	0.8025372189457914
AT5G59720	AT5G15250	0.8137562166814694
AT5G59720	ATMG00640	0.8494008437113268
AT5G59720	ATMG00650	0.8444648870247977
AT5G59720	AT2G07675	0.8534244186171827
AT5G59720	257239_at	0.8204193120061855
AT5G59720	AT1G76280	0.8429686362673564
AT5G59720	AT5G50620	0.8152524522982016
AT5G59720	ATMG00690	0.8191753199140417
AT5G59720	AT2G30000	0.8777273377819
AT4G27670	AT3G09640	0.9079953198913525
AT4G27670	AT5G12020	0.8758678752463156
AT4G27670	AT2G29500	0.9427549791090675
AT4G27670	AT1G52560	0.8923897071139663
AT4G27670	AT1G53540	0.9478669512864113
AT4G27670	AT4G10250	0.9863914051994365
AT4G27670	AT5G12030	0.8546149315435212
AT4G27670	AT3G46230	0.949576699748838
AT4G27670	AT1G48720	0.8292809024947543
AT4G27670	AT4G25200	0.8735172193232584
AT4G27670	AT4G12400	0.8600857777632878
AT4G27670	AT1G72660	0.9209379666114803
AT4G27670	AT2G07712	0.8166131309201464
AT4G27670	254414_at	0.8999769135899199
AT4G27670	AT1G17870	0.842156013456505
AT4G27670	AT4G03320	0.8572758495939038
AT4G27670	AT5G47830	0.8338495777724415
AT4G27670	AT4G29770	0.8302897024665634
AT4G27670	ATMG00630	0.8938474310830681
AT4G27670	AT2G26790	0.8794077578828113
AT4G27670	AT3G12510	0.8245179617418867
AT4G27670	AT4G19430	0.844661455522024
AT4G27670	ATMG00160	0.8773443888861422
AT4G27670	AT2G07670	0.800132672488815
AT4G27670	ATMG00940	0.8185049901300602
AT4G27670	ATMG00270	0.861800014342495
AT4G27670	AT5G15250	0.8746453730886978
AT4G27670	AT5G27660	0.8517148658365159
AT4G27670	ATMG00640	0.8417987299544528
AT4G27670	ATMG00650	0.87988953372058
AT4G27670	AT2G07675	0.9072638580526242
AT4G27670	AT1G01940	0.8913898836628931
AT4G27670	257239_at	0.9282115255590143
AT4G27670	AT1G76280	0.8635053768758943
AT4G27670	ATMG00690	0.9133613216663589
AT4G27670	ATMG00060	0.849376469212866
AT4G27670	AT2G30000	0.9676022746217163
AT4G27670	AT1G17460	0.803824299572819
AT4G27670	ATMG00620	0.8385468353016691
AT4G27670	AT4G26780	0.8431988181611406
AT4G27670	AT5G58787	0.8165563824345176
AT3G09640	AT5G12020	0.873656542664998
AT3G09640	AT2G29500	0.9113577711150337
AT3G09640	AT1G52560	0.9493801057149984
AT3G09640	AT1G53540	0.9358914170972181
AT3G09640	AT4G10250	0.9319208675362203
AT3G09640	AT5G12030	0.8916516293942182
AT3G09640	AT3G46230	0.9217031454755403
AT3G09640	AT4G25200	0.8868120791766951
AT3G09640	AT4G12400	0.8241445695570041
AT3G09640	AT5G37670	0.8283865497850231
AT3G09640	AT1G72660	0.9360774081562234
AT3G09640	AT1G56600	0.8004459824969318
AT3G09640	AT2G46240	0.8065256817951824
AT3G09640	254414_at	0.9261108261687249
AT3G09640	AT5G25450	0.8104351978320528
AT3G09640	AT4G26270	0.8049701272099252
AT3G09640	AT2G32120	0.8678650009669567
AT3G09640	AT1G17870	0.8599834580250894
AT3G09640	AT1G21550	0.8066734803494443
AT3G09640	AT5G47830	0.8225556763281401
AT3G09640	AT4G29770	0.8176386319890516
AT3G09640	ATMG00630	0.8651053411326013
AT3G09640	AT2G26790	0.8203169441479709
AT3G09640	AT1G59980	0.8527498990239245
AT3G09640	AT5G07330	0.8431216529996416
AT3G09640	AT3G12510	0.8548597337581526
AT3G09640	AT4G19430	0.8275447679442152
AT3G09640	ATMG00160	0.8433825987221634
AT3G09640	ATMG00940	0.8074299061941632
AT3G09640	ATMG00270	0.8025547747602353
AT3G09640	AT5G15250	0.8626225516670218
AT3G09640	AT5G27660	0.8777418201389414
AT3G09640	AT3G25650	0.815642990949921
AT3G09640	ATMG00640	0.8531743767364556
AT3G09640	ATMG00650	0.8440850719864165
AT3G09640	AT2G07675	0.8580513244100613
AT3G09640	AT1G01940	0.8712211697369028
AT3G09640	AT1G32090	0.8117714690579657
AT3G09640	257239_at	0.8580991448385988
AT3G09640	AT1G76280	0.866534526541013
AT3G09640	AT4G23885	0.8128256251077169
AT3G09640	ATMG00690	0.8434820202905567
AT3G09640	ATMG00060	0.8262045691393594
AT3G09640	AT2G30000	0.9199008440024019
AT3G09640	ATMG00620	0.8076579996100617
AT3G09640	AT4G26780	0.8649907442283464
AT3G09640	AT5G58787	0.8826115601069725
AT2G26150	AT4G25200	0.8105547882487766
AT2G26150	AT1G59860	0.90294692974535
AT2G26150	AT1G74310	0.9358436752859609
AT2G26150	AT4G12400	0.8192805164627911
AT2G26150	AT5G51440	0.9457209767877656
AT2G26150	AT3G16050	0.9373365195960358
AT2G26150	AT5G48570	0.886664848595392
AT2G26150	AT5G52640	0.9303709004176945
AT2G26150	AT3G12580	0.880777618313422
AT2G26150	AT2G46240	0.813282926452467
AT2G26150	AT2G20560	0.8783158885138956
AT2G26150	AT3G24500	0.8904793749744438
AT2G26150	AT5G64510	0.9259090350776296
AT2G26150	AT1G54050	0.8714706982863529
AT2G26150	AT3G51910	0.8511375200719887
AT2G26150	AT5G25450	0.8787223522359828
AT2G26150	AT2G32120	0.8072547060798521
AT2G26150	AT1G16030	0.8234525285546588
AT2G26150	AT1G17870	0.8060811926911319
AT2G26150	AT1G30070	0.9103271905522314
AT2G26150	AT3G20180	0.8239695776478323
AT2G26150	AT5G18340	0.8575059728776745
AT2G26150	AT5G12110	0.8425588145360854
AT2G26150	AT2G19310	0.8380977101017987
AT2G26150	AT3G09350	0.9233623394278798
AT2G26150	AT1G67360	0.8130501940015891
AT2G26150	AT4G36988	0.8544985440619551
AT2G26150	AT1G26800	0.8674091961084518
AT2G26150	AT1G07350	0.9312628629086065
AT2G26150	AT5G47830	0.8662412858037489
AT2G26150	AT5G35320	0.8683794328667694
AT2G26150	AT3G17110	0.8073862479173677
AT2G26150	AT3G08970	0.8775781834682063
AT2G26150	AT4G11660	0.857002818221336
AT2G26150	AT1G14200	0.8927277075789168
AT2G26150	AT5G09590	0.9131277502775249
AT2G26150	AT3G07150	0.8295977592788739
AT2G26150	AT3G53230	0.8514021924149923
AT2G26150	AT4G23570	0.874678774130232
AT2G26150	AT3G07090	0.8445649216491151
AT2G26150	AT3G22090	0.8187853850221622
AT2G26150	AT2G25140	0.8619306782948118
AT2G26150	AT5G23480	0.8607019494838469
AT2G26150	AT3G12050	0.9282600981907232
AT2G26150	AT3G25230	0.9299178812767583
AT2G26150	AT5G56030	0.9053398345604347
AT2G26150	AT3G17611	0.8575211955777368
AT2G26150	AT3G23990	0.9080984260477574
AT2G26150	AT1G55530	0.8824646963344169
AT2G26150	AT2G21940	0.8697406005059323
AT2G26150	AT5G58590	0.8843373958002833
AT2G26150	AT3G03520	0.8017628329705753
AT2G26150	AT2G41160	0.8811317671297848
AT2G26150	AT5G53400	0.8676758865675168
AT2G26150	AT2G47730	0.8110926057065886
AT2G26150	AT2G36460	0.8463714052414584
AT2G26150	AT3G07770	0.8433138960450336
AT2G26150	AT3G57880	0.8828988027478971
AT5G12020	AT2G29500	0.9625573950890488
AT5G12020	AT1G52560	0.9018892575216837
AT5G12020	AT1G53540	0.9695372566281809
AT5G12020	AT4G10250	0.8834458721829268
AT5G12020	AT5G12030	0.9577977599275613
AT5G12020	AT3G46230	0.974325228420691
AT5G12020	AT4G25200	0.9572634678180821
AT5G12020	AT1G59860	0.9143310952862953
AT5G12020	AT1G74310	0.8246783916326933
AT5G12020	AT4G12400	0.9659956943653047
AT5G12020	AT5G51440	0.8518320183497188
AT5G12020	AT1G72660	0.9232342298133351
AT5G12020	AT5G48570	0.9369556569329272
AT5G12020	AT5G52640	0.8620414770022995
AT5G12020	254414_at	0.9253431610075659
AT5G12020	AT5G64510	0.8325370385631029
AT5G12020	AT1G54050	0.8205657438438927
AT5G12020	AT5G25450	0.886163387842701
AT5G12020	AT2G32120	0.8818696345567469
AT5G12020	AT1G17870	0.8982258373072978
AT5G12020	AT4G03320	0.8644812939081625
AT5G12020	AT1G21550	0.8185637183583776
AT5G12020	AT3G20180	0.8304837083149444
AT5G12020	AT5G12110	0.8292247771420226
AT5G12020	AT2G19310	0.8260220897126059
AT5G12020	AT5G47830	0.9131292930664747
AT5G12020	AT4G29770	0.9153321859106441
AT5G12020	ATMG00630	0.8253373333133047
AT5G12020	AT1G59980	0.8739195094933717
AT5G12020	AT3G12510	0.8036314964403397
AT5G12020	AT3G53230	0.8654239818464811
AT5G12020	AT4G19430	0.8402752644460589
AT5G12020	AT1G07500	0.8042931414510186
AT5G12020	AT5G27660	0.8116291581276857
AT5G12020	AT2G07675	0.8222146451373509
AT5G12020	AT1G01940	0.9100199156923243
AT5G12020	257239_at	0.9188631423350518
AT5G12020	AT1G76280	0.8083436441472338
AT5G12020	AT4G23885	0.8068233368146005
AT5G12020	ATMG00690	0.80775704431769
AT5G12020	AT2G30000	0.8595326097746201
AT5G12020	AT3G23990	0.8225728830287131
AT5G12020	AT2G15790	0.809733088999973
AT5G12020	AT5G58590	0.8095042281342364
AT5G12020	AT3G03520	0.8190800364251951
AT5G12020	AT4G26780	0.8844151715438835
AT5G12020	AT5G58787	0.8307740355752397
AT5G12020	AT3G07770	0.8504074649826672
AT2G29500	AT1G52560	0.8996164750230696
AT2G29500	AT1G53540	0.9848644981523118
AT2G29500	AT4G10250	0.9456390412185587
AT2G29500	AT5G12030	0.940059811708932
AT2G29500	AT3G46230	0.9833050758991951
AT2G29500	AT4G25200	0.9228960120868756
AT2G29500	AT1G59860	0.8675939257393916
AT2G29500	AT4G12400	0.9223562918997301
AT2G29500	AT1G72660	0.9191947380831167
AT2G29500	AT5G48570	0.8686079040080522
AT2G29500	254414_at	0.9035601455152705
AT2G29500	AT5G25450	0.8202521929090424
AT2G29500	AT2G32120	0.8323194580456355
AT2G29500	AT1G17870	0.8504103363566536
AT2G29500	AT4G03320	0.8644712648370081
AT2G29500	AT1G21550	0.804008406889613
AT2G29500	AT5G47830	0.8636824329159963
AT2G29500	AT4G29770	0.85087946485112
AT2G29500	ATMG00630	0.8457100555120527
AT2G29500	AT2G26790	0.8362221458926797
AT2G29500	AT1G59980	0.8356242006197018
AT2G29500	AT3G12510	0.8470485704917985
AT2G29500	AT4G19430	0.8174550235190238
AT2G29500	ATMG00160	0.8077907080347166
AT2G29500	AT5G27660	0.8124938975273426
AT2G29500	ATMG00650	0.8045269562230672
AT2G29500	AT2G07675	0.8469007559870655
AT2G29500	AT1G01940	0.8841490798961724
AT2G29500	257239_at	0.9164854617932435
AT2G29500	AT1G76280	0.8800789578343747
AT2G29500	ATMG00690	0.8307957938471751
AT2G29500	AT2G30000	0.9053368473108877
AT2G29500	AT4G26780	0.8597260890718547
AT2G29500	AT5G58787	0.8135718209895481
AT1G52560	AT1G53540	0.9417318503843156
AT1G52560	AT4G10250	0.9159104825288226
AT1G52560	AT5G12030	0.9133376243769172
AT1G52560	AT3G46230	0.942646709618959
AT1G52560	AT4G25200	0.9497469291217836
AT1G52560	AT1G59860	0.8449601664211305
AT1G52560	AT4G12400	0.8878575384870596
AT1G52560	AT5G37670	0.8878244359277541
AT1G52560	AT5G51440	0.8189799299658873
AT1G52560	AT1G72660	0.9721205868421793
AT1G52560	AT1G71000	0.8216100939356314
AT1G52560	AT5G48570	0.8471728214901069
AT1G52560	AT1G56600	0.8132387535853443
AT1G52560	AT2G46240	0.8607532660889098
AT1G52560	254414_at	0.9548915197401977
AT1G52560	AT4G23493	0.8627705966683554
AT1G52560	AT5G64510	0.8264032450591271
AT1G52560	AT1G54050	0.8496953837578913
AT1G52560	AT5G25450	0.8959631563051206
AT1G52560	AT2G32120	0.9485237102176481
AT1G52560	AT1G16030	0.8801932708636266
AT1G52560	AT1G17870	0.9305709178396774
AT1G52560	AT4G03320	0.802630353333641
AT1G52560	AT1G21550	0.8919364991556187
AT1G52560	AT3G20180	0.8738559148724289
AT1G52560	AT5G12110	0.8022028693098707
AT1G52560	AT5G10695	0.8515097999296125
AT1G52560	AT2G19310	0.8427945108603079
AT1G52560	AT2G47180	0.831925328997534
AT1G52560	AT5G47830	0.9048752569031016
AT1G52560	AT4G29770	0.9105970141034079
AT1G52560	ATMG00630	0.8249114219204315
AT1G52560	AT5G09590	0.8041881237226061
AT1G52560	AT1G59980	0.9300075551178036
AT1G52560	AT1G03070	0.8761833541263911
AT1G52560	AT3G07150	0.8754478223298016
AT1G52560	AT5G07330	0.9021056580581658
AT1G52560	AT3G53230	0.8745893491716906
AT1G52560	AT4G19430	0.8634971015317825
AT1G52560	AT1G07500	0.872155558046118
AT1G52560	AT1G44414	0.8694788537570208
AT1G52560	AT3G22090	0.8486546305659393
AT1G52560	AT2G25140	0.8106963341347511
AT1G52560	AT5G15250	0.8669802786267251
AT1G52560	AT5G27660	0.9311841781666452
AT1G52560	AT3G25650	0.8711708381684937
AT1G52560	ATMG00640	0.800982246338294
AT1G52560	ATMG00650	0.8092577811093944
AT1G52560	AT2G07675	0.8057477190543192
AT1G52560	AT1G01940	0.9004969233315768
AT1G52560	257239_at	0.8770567904995854
AT1G52560	AT1G76280	0.8001121692028258
AT1G52560	AT4G23885	0.8906114531694476
AT1G52560	ATMG00690	0.8068044400864544
AT1G52560	AT2G30000	0.8973091891440997
AT1G52560	AT3G23990	0.8164052126282035
AT1G52560	AT2G15790	0.8117920798881156
AT1G52560	AT2G21940	0.8241086603156194
AT1G52560	AT3G03520	0.8722870671897898
AT1G52560	AT3G52830	0.8443488115783971
AT1G52560	AT4G26780	0.92750445442396
AT1G52560	AT5G58787	0.9423254765096305
AT1G52560	AT3G07770	0.8499205809852669
AT5G23240	AT2G40080	0.9483844231002498
AT5G23240	AT5G42900	0.9470145488885368
AT5G23240	AT5G62360	0.893794883988765
AT5G23240	AT4G34950	0.8276717401432493
AT5G23240	AT3G07650	0.8812412067374803
AT5G23240	AT4G33980	0.9650521966339783
AT5G23240	AT2G21660	0.9653874166037388
AT5G23240	AT1G07050	0.8761491333735628
AT5G23240	AT4G04330	0.9445706901132245
AT5G23240	AT1G17665	0.9268941229122887
AT5G23240	AT1G11210	0.9456896244682352
AT5G23240	AT2G23910	0.8508347594416813
AT5G23240	AT3G62550	0.8460931657235498
AT5G23240	AT5G24470	0.8698610710508552
AT5G23240	AT2G39920	0.9005401223342661
AT5G23240	AT4G30650	0.9069393965517168
AT5G23240	AT2G40750	0.800096113691036
AT5G23240	AT2G38465	0.818117331393696
AT5G23240	AT4G33985	0.8029506017292016
AT5G23240	AT4G16146	0.9874153351079231
AT5G23240	AT2G22450	0.9601828795096721
AT5G23240	AT2G33830	0.827721866217385
AT5G23240	AT3G04010	0.8089881805823651
AT5G23240	AT4G30660	0.9290692325278733
AT5G23240	AT1G19370	0.90223498482271
AT5G23240	AT3G46970	0.9478262275141688
AT5G23240	AT2G47890	0.8721856220753024
AT5G23240	AT2G28085	0.8634955850186394
AT5G23240	AT2G42530	0.9036056791977443
AT5G23240	AT5G60100	0.9318613480061434
AT5G23240	AT2G28900	0.9063007713268557
AT5G23240	AT5G06690	0.893235641360392
AT5G23240	AT4G09020	0.974115732522793
AT5G23240	AT1G49230	0.8433699444135375
AT5G23240	AT1G76790	0.8653275464889878
AT5G23240	AT4G12280	0.9351100426803528
AT5G23240	AT1G49720	0.8998024975279412
AT5G23240	AT4G26670	0.9479215315147408
AT5G23240	AT1G28050	0.9224480708471681
AT5G23240	AT2G25930	0.9271287020632771
AT5G23240	AT4G01130	0.9455897196560314
AT5G23240	AT2G40340	0.8589586475788029
AT5G23240	AT3G20810	0.8002977687312791
AT5G23240	AT1G64890	0.9138873007611162
AT5G23240	AT3G63160	0.851003351730658
AT5G23240	AT1G10760	0.9537962365510799
AT5G23240	AT3G47860	0.9561372806953766
AT5G23240	AT5G64860	0.9210371516477287
AT5G23240	AT5G40180	0.8046871571400305
AT5G23240	AT4G32340	0.9661699978625359
AT5G23240	AT5G26570	0.9616769412567829
AT5G23240	AT5G59570	0.8283252428630449
AT5G23240	AT5G15960	0.939335285767111
AT5G23240	AT5G61380	0.9644726019714027
AT5G23240	AT5G54960	0.8804621811470281
AT5G23240	AT2G20480	0.8430986647775424
AT5G23240	AT5G39410	0.9827948229293969
AT5G23240	AT5G44010	0.8673676778215581
AT5G23240	AT5G48250	0.8827282050555174
AT5G23240	AT3G50120	0.8206866983771096
AT5G23240	AT2G25730	0.9622353453840414
AT5G23240	AT2G28840	0.9353274997858645
AT5G23240	AT1G29395	0.9052265270810181
AT5G23240	AT3G21470	0.8020303923806648
AT5G23240	AT3G26740	0.8871176000304617
AT5G23240	AT5G23660	0.9500044833388758
AT5G23240	AT5G51570	0.9580329093691874
AT5G23240	AT4G39090	0.8606061822231269
AT5G23240	AT4G19120	0.847231710890194
AT5G23240	AT1G51090	0.8494906180151913
AT5G23240	AT3G18080	0.8778103672779488
AT5G23240	AT5G61800	0.8503404627617301
AT5G23240	AT3G05880	0.9544285378056826
AT5G23240	AT5G56310	0.8055046754870578
AT5G23240	AT3G50500	0.8414973579435788
AT5G23240	AT3G10410	0.9716552629303685
AT5G23240	AT5G57110	0.948534803002941
AT5G23240	AT1G09190	0.8394829453040719
AT5G23240	AT5G27280	0.9090282754708647
AT5G23240	AT2G45560	0.9276770031821585
AT5G23240	AT1G49650	0.8662382349961975
AT5G23240	AT3G52180	0.9284451954978402
AT5G23240	AT2G29630	0.9552785413032305
AT5G23240	AT1G67660	0.918995295875532
AT5G23240	AT4G18520	0.8697683059269808
AT5G23240	AT4G18240	0.9465036665828499
AT5G23240	AT1G67970	0.8895912057479775
AT5G23240	AT2G17840	0.9333874230236933
AT5G23240	AT5G14550	0.9717444714260589
AT5G23240	AT5G11150	0.8922514715959327
AT5G23240	AT3G28290	0.8011199873287307
AT5G23240	AT5G02860	0.9163564919838277
AT5G23240	AT1G79440	0.9272217209114141
AT5G23240	AT4G33700	0.9450568409892266
AT5G23240	AT1G27630	0.948914878543696
AT5G23240	AT1G80480	0.8307974337701514
AT5G23240	AT1G26665	0.9441627507901881
AT5G23240	245432_at	0.8630203273290697
AT5G23240	AT3G02330	0.8767567655313427
AT5G23240	AT2G43550	0.826761430224157
AT5G23240	AT4G02370	0.8718909782903458
AT5G23240	AT5G62720	0.9233270816511774
AT5G23240	AT5G63810	0.87823739615814
AT5G23240	AT1G70820	0.8460288390478229
AT5G23240	AT3G59820	0.8397281071226553
AT5G23240	AT5G03240	0.9128220569417095
AT5G23240	AT5G43440	0.8017420582457635
AT5G23240	AT4G17140	0.912972633426497
AT5G23240	AT3G55450	0.8733426777090403
AT5G23240	AT1G51610	0.9056166341251874
AT5G23240	AT1G48210	0.9528613021208144
AT5G23240	AT5G18540	0.9534180099565972
AT5G23240	AT3G61920	0.8051123161167164
AT5G23240	AT1G69830	0.9232198355567058
AT5G23240	AT1G49220	0.877567414764548
AT5G23240	AT3G57770	0.8189614508793039
AT5G23240	AT2G15970	0.8799117728272068
AT5G23240	AT1G31850	0.9133794617045327
AT5G23240	AT1G12710	0.8240315907922521
AT5G23240	AT1G68050	0.865362647359088
AT5G23240	AT3G14310	0.9084930065745105
AT5G23240	AT2G01170	0.9314998484165365
AT5G23240	AT2G39900	0.8593399165566222
AT5G23240	AT2G02100	0.9187154878548938
AT5G23240	AT5G42500	0.857007824608462
AT5G23240	AT3G58570	0.9467449537209235
AT5G23240	AT3G16180	0.916093364100201
AT5G23240	AT3G01310	0.9050552803321348
AT5G23240	AT3G26580	0.894316826482472
AT5G23240	AT1G12845	0.8325672948147447
AT5G23240	AT2G43535	0.8464370717826404
AT5G23240	AT3G56720	0.8309078657474254
AT5G23240	AT4G05330	0.870202962792875
AT5G23240	AT1G21680	0.8565166826457061
AT5G23240	AT1G53035	0.8930223179093347
AT5G23240	AT4G11600	0.8926289846118587
AT5G23240	AT4G19390	0.9457465966621358
AT5G23240	AT5G10530	0.8388815306692446
AT5G23240	AT1G06460	0.9164295957239325
AT5G23240	AT3G46440	0.9047620470778945
AT5G23240	AT1G13930	0.8470074697392891
AT5G23240	AT5G63420	0.9739730439973115
AT5G23240	AT2G19450	0.9325888450977005
AT5G23240	AT4G33490	0.972256666105394
AT5G23240	AT4G14230	0.8818701747249462
AT5G23240	AT5G27930	0.9011452980680325
AT5G23240	AT3G05800	0.8358226084131766
AT1G53540	AT4G10250	0.9638845165806585
AT1G53540	AT5G12030	0.9444050260110637
AT1G53540	AT3G46230	0.9902594176587978
AT1G53540	AT4G25200	0.9435340117999853
AT1G53540	AT1G59860	0.8576684739755449
AT1G53540	AT4G12400	0.9287015934290487
AT1G53540	AT1G72660	0.9429783250552026
AT1G53540	AT5G48570	0.8751381864033454
AT1G53540	254414_at	0.9373234460637258
AT1G53540	AT5G25450	0.835023850069998
AT1G53540	AT2G32120	0.8632904134858381
AT1G53540	AT1G17870	0.8905613574750565
AT1G53540	AT4G03320	0.8912323103615764
AT1G53540	AT1G21550	0.8155420023971361
AT1G53540	AT3G20180	0.8062123514430196
AT1G53540	AT5G47830	0.8848424900975242
AT1G53540	AT4G29770	0.8936044803176579
AT1G53540	ATMG00630	0.8707059984402913
AT1G53540	AT2G26790	0.8140564761443865
AT1G53540	AT1G59980	0.8685214091644822
AT1G53540	AT5G07330	0.8100323114613138
AT1G53540	AT3G12510	0.8289410362302073
AT1G53540	AT3G53230	0.81694302663269
AT1G53540	AT4G19430	0.8535285944175806
AT1G53540	ATMG00160	0.8284399685118201
AT1G53540	ATMG00270	0.8085318069175497
AT1G53540	AT5G15250	0.8092291391096752
AT1G53540	AT5G27660	0.8487906937961339
AT1G53540	ATMG00640	0.8292613451989951
AT1G53540	ATMG00650	0.8371113234831916
AT1G53540	AT2G07675	0.8737633163203058
AT1G53540	AT1G01940	0.9004847653210706
AT1G53540	257239_at	0.9349980564115445
AT1G53540	AT1G76280	0.8494318744764683
AT1G53540	ATMG00690	0.8564313735003876
AT1G53540	AT2G30000	0.9152145480752892
AT1G53540	AT4G26780	0.8781697174080555
AT1G53540	AT5G58787	0.8466661814277002
AT4G10250	AT5G12030	0.8609499441272598
AT4G10250	AT3G46230	0.9493152890715901
AT4G10250	AT1G48720	0.8444775437089138
AT4G10250	AT4G25200	0.8733040067540798
AT4G10250	AT4G12400	0.8384191390902763
AT4G10250	AT1G72660	0.9188308732569395
AT4G10250	AT2G07712	0.8210535621029056
AT4G10250	254414_at	0.8984688413936526
AT4G10250	AT1G17870	0.8293558509955841
AT4G10250	AT4G03320	0.8725790656967413
AT4G10250	AT5G47830	0.8143869009198472
AT4G10250	AT4G29770	0.8212803883829227
AT4G10250	ATMG00630	0.8954578778983424
AT4G10250	AT2G26790	0.8789622303642535
AT4G10250	AT3G12510	0.8221578422411052
AT4G10250	AT4G19430	0.8319626495205797
AT4G10250	AT2G07768	0.8075252115952176
AT4G10250	ATMG00160	0.8854833241869121
AT4G10250	ATMG00940	0.8050711694519018
AT4G10250	ATMG00270	0.8505177280540448
AT4G10250	AT5G15250	0.8686755961308479
AT4G10250	AT5G27660	0.8482293904916024
AT4G10250	ATMG00640	0.8463280189538984
AT4G10250	ATMG00650	0.8793863287601044
AT4G10250	AT2G07675	0.9081696107570693
AT4G10250	AT1G01940	0.865473753590507
AT4G10250	257239_at	0.9083613249999116
AT4G10250	AT1G76280	0.8402982378605802
AT4G10250	ATMG00690	0.8955759296024499
AT4G10250	ATMG00060	0.8334955567076137
AT4G10250	AT2G30000	0.9491175911675697
AT4G10250	ATMG00620	0.817461363252219
AT4G10250	AT4G26780	0.8300916334496905
AT4G10250	AT5G58787	0.8176539384853071
AT5G12030	AT3G46230	0.9603040566667219
AT5G12030	AT4G25200	0.9457992784079697
AT5G12030	AT1G59860	0.9155859575674741
AT5G12030	AT1G74310	0.8282171534504695
AT5G12030	AT4G12400	0.9318505086571155
AT5G12030	AT5G37670	0.8443831185552769
AT5G12030	AT5G51440	0.8676858562540849
AT5G12030	AT1G72660	0.9168331471510599
AT5G12030	AT5G48570	0.9259666886241632
AT5G12030	AT5G52640	0.8578944454579122
AT5G12030	AT2G46240	0.8525984929440346
AT5G12030	254414_at	0.925439381114356
AT5G12030	AT5G64510	0.8262129880861918
AT5G12030	AT1G54050	0.858816379133812
AT5G12030	AT5G25450	0.9022951658680705
AT5G12030	AT2G32120	0.9050360178536683
AT5G12030	AT1G16030	0.8139334479759934
AT5G12030	AT1G17870	0.8895925182076488
AT5G12030	AT1G30070	0.8141036333184271
AT5G12030	AT1G21550	0.86181902727225
AT5G12030	AT3G20180	0.8252576770913196
AT5G12030	AT5G12110	0.8280148469808192
AT5G12030	AT5G10695	0.8139803598329625
AT5G12030	AT2G19310	0.8575192641280632
AT5G12030	AT5G47830	0.9032914606999843
AT5G12030	AT4G29770	0.8739107776434414
AT5G12030	AT5G09590	0.8248140671572186
AT5G12030	AT1G59980	0.8661714253119617
AT5G12030	AT3G07150	0.8233017858092664
AT5G12030	AT5G07330	0.8493012845311569
AT5G12030	AT3G53230	0.8485298106877827
AT5G12030	AT3G22090	0.8523467285359629
AT5G12030	AT5G27660	0.8103741847190371
AT5G12030	AT1G01940	0.8940238668427192
AT5G12030	257239_at	0.8623190875247928
AT5G12030	AT1G76280	0.8062331144278876
AT5G12030	AT4G23885	0.8404536341036063
AT5G12030	AT2G30000	0.8342453802912244
AT5G12030	AT3G23990	0.8207044253612246
AT5G12030	AT2G15790	0.8072566555666564
AT5G12030	AT3G03520	0.8186984965540804
AT5G12030	AT4G26780	0.8795486759946097
AT5G12030	AT5G58787	0.8544840415744199
AT5G12030	AT3G07770	0.8309453389981312
AT3G46230	AT4G25200	0.9590514880661297
AT3G46230	AT1G59860	0.9015491531452257
AT3G46230	AT4G12400	0.9578077999578238
AT3G46230	AT5G51440	0.8168273363901057
AT3G46230	AT1G72660	0.9563011400428916
AT3G46230	AT5G48570	0.9111391416702759
AT3G46230	AT5G52640	0.8038456007818787
AT3G46230	AT2G46240	0.8081546073425053
AT3G46230	254414_at	0.9476813184331853
AT3G46230	AT1G54050	0.8291122219089794
AT3G46230	AT5G25450	0.868346768619953
AT3G46230	AT2G32120	0.8913184681663959
AT3G46230	AT1G17870	0.913900897025458
AT3G46230	AT4G03320	0.871643851709864
AT3G46230	AT1G21550	0.8510951496692507
AT3G46230	AT3G20180	0.8374798154166697
AT3G46230	AT5G10695	0.8115315423027956
AT3G46230	AT2G19310	0.8162871688913803
AT3G46230	AT5G47830	0.922303014916145
AT3G46230	AT4G29770	0.9102260780935589
AT3G46230	ATMG00630	0.8635061656580424
AT3G46230	AT1G59980	0.8718661228437772
AT3G46230	AT5G07330	0.8430624238318303
AT3G46230	AT3G12510	0.8155991906524436
AT3G46230	AT3G53230	0.8477729043991172
AT3G46230	AT4G19430	0.8561054668634318
AT3G46230	AT1G07500	0.8034327619531957
AT3G46230	ATMG00160	0.8113775399712865
AT3G46230	AT5G15250	0.8030224428274756
AT3G46230	AT5G27660	0.8592568828433974
AT3G46230	ATMG00640	0.816147787689612
AT3G46230	ATMG00650	0.8270198415478163
AT3G46230	AT2G07675	0.858066079462959
AT3G46230	AT1G01940	0.923651822787725
AT3G46230	257239_at	0.9406622346489156
AT3G46230	AT1G76280	0.8629859417263681
AT3G46230	AT4G23885	0.8074343293285147
AT3G46230	ATMG00690	0.8561462778577039
AT3G46230	AT2G30000	0.9177064928254053
AT3G46230	AT2G15790	0.8152657354654969
AT3G46230	AT3G03520	0.8186425738819225
AT3G46230	AT3G52830	0.8056265620862384
AT3G46230	AT4G26780	0.8964807099117353
AT3G46230	AT5G58787	0.8640424496146205
AT3G46230	AT3G07770	0.8278395010332333
AT2G40080	AT5G42900	0.9421488243864641
AT2G40080	AT5G62360	0.8447156552953274
AT2G40080	AT4G34950	0.8382888068092932
AT2G40080	AT3G07650	0.8236232615360303
AT2G40080	AT4G33980	0.9551364359661734
AT2G40080	AT2G21660	0.8994326963770122
AT2G40080	AT1G07050	0.9375167227029675
AT2G40080	AT4G04330	0.9075299782512529
AT2G40080	AT1G17665	0.9179271003105305
AT2G40080	AT1G11210	0.9362411579466506
AT2G40080	AT2G23910	0.9058948387731914
AT2G40080	AT3G62550	0.8027307514504401
AT2G40080	AT5G24470	0.8107202472244037
AT2G40080	AT2G39920	0.8161198716960584
AT2G40080	AT4G30650	0.977633143590958
AT2G40080	AT2G40750	0.8233972016251165
AT2G40080	AT4G33985	0.8578253552375797
AT2G40080	AT4G16146	0.9579613373544081
AT2G40080	AT2G22450	0.9341978463760382
AT2G40080	AT2G33830	0.8343253670355396
AT2G40080	AT4G30660	0.9211846773193216
AT2G40080	AT1G19370	0.8502796314703936
AT2G40080	AT3G46970	0.9590595787367062
AT2G40080	AT2G47890	0.8360505222068556
AT2G40080	AT2G28085	0.8626523160569264
AT2G40080	AT2G42530	0.94987017855282
AT2G40080	AT5G60100	0.9628092724471335
AT2G40080	AT2G28900	0.9741482275401866
AT2G40080	AT5G06690	0.8377000313631254
AT2G40080	AT4G09020	0.9663646081849208
AT2G40080	AT1G49230	0.8227059515237783
AT2G40080	AT1G31690	0.8476664774371019
AT2G40080	AT1G76790	0.9230757419058488
AT2G40080	AT4G12280	0.9539899228245969
AT2G40080	AT4G26670	0.8749201482551643
AT2G40080	AT1G28050	0.8937501343373637
AT2G40080	AT2G25930	0.8709803641173656
AT2G40080	AT4G01130	0.8659338244501211
AT2G40080	AT3G20810	0.8503372366987402
AT2G40080	AT1G64890	0.8919480790365629
AT2G40080	AT3G63160	0.9347182900173366
AT2G40080	AT1G10760	0.9226680719174004
AT2G40080	AT3G47860	0.9257372025748234
AT2G40080	AT5G64860	0.8902713710142166
AT2G40080	AT5G40180	0.8627484354155589
AT2G40080	AT4G32340	0.9675373569846137
AT2G40080	AT5G26570	0.9894709176009797
AT2G40080	AT5G15960	0.9086433612029025
AT2G40080	AT5G61380	0.9433587870180423
AT2G40080	AT5G39410	0.9278443206263456
AT2G40080	AT5G48250	0.8520792393130295
AT2G40080	AT2G25730	0.9210957598752907
AT2G40080	AT2G28840	0.9050044158670199
AT2G40080	AT1G29395	0.9197583611301152
AT2G40080	AT3G26740	0.8287621489342415
AT2G40080	AT5G23660	0.9376592039040524
AT2G40080	AT5G51570	0.9130006790512015
AT2G40080	AT4G19120	0.894323283132873
AT2G40080	AT1G51090	0.9323486051041652
AT2G40080	AT3G18080	0.8965823186617746
AT2G40080	AT5G61800	0.8189326710100249
AT2G40080	AT3G05880	0.9175896753118673
AT2G40080	AT5G56310	0.8448286461956709
AT2G40080	AT3G10410	0.9690668557019753
AT2G40080	AT5G57110	0.9551641043706091
AT2G40080	AT5G27280	0.8545342506205443
AT2G40080	AT2G45560	0.8640803688779606
AT2G40080	AT3G52180	0.9547350646813495
AT2G40080	AT2G29630	0.8919373236664709
AT2G40080	AT1G67660	0.8555810796727853
AT2G40080	AT4G18520	0.8072612644398209
AT2G40080	AT4G18240	0.9533094090764327
AT2G40080	AT1G67970	0.8598568176853807
AT2G40080	AT2G17840	0.8635654594441864
AT2G40080	AT5G14550	0.9041994946001393
AT2G40080	AT5G11150	0.958342350840925
AT2G40080	AT3G28290	0.883726816349356
AT2G40080	AT5G02860	0.8062611797836132
AT2G40080	AT1G79440	0.9391086191168428
AT2G40080	AT4G33700	0.9184100523203393
AT2G40080	AT2G06925	0.8469341799323141
AT2G40080	AT1G27630	0.8804478178363394
AT2G40080	AT1G26665	0.925072236076226
AT2G40080	245432_at	0.8882866841869752
AT2G40080	AT2G43550	0.9177921850746056
AT2G40080	AT1G43080	0.8534035696637469
AT2G40080	AT5G62720	0.8806210554307677
AT2G40080	AT5G63810	0.8855358392751819
AT2G40080	AT5G03240	0.840916831500652
AT2G40080	AT4G17140	0.9570402851934832
AT2G40080	AT3G55450	0.9383830945830386
AT2G40080	AT1G51610	0.8775066129709819
AT2G40080	AT1G48210	0.932310755355591
AT2G40080	AT5G18540	0.9239549304592919
AT2G40080	AT1G69830	0.9222299218977719
AT2G40080	AT1G49220	0.9347193540192048
AT2G40080	AT3G57770	0.8061701327043796
AT2G40080	AT2G15970	0.874060844283943
AT2G40080	AT1G31850	0.9545035927736245
AT2G40080	AT1G68050	0.8947340727408787
AT2G40080	AT3G14310	0.8843438326168126
AT2G40080	AT2G01170	0.896531204048621
AT2G40080	AT2G39900	0.8382984315718188
AT2G40080	AT2G02100	0.953837428405986
AT2G40080	AT3G58570	0.9238955472748821
AT2G40080	AT3G16180	0.9471019068118035
AT2G40080	AT3G01310	0.8682106123225347
AT2G40080	AT1G78995	0.8402868274765437
AT2G40080	AT1G12845	0.8156047470220933
AT2G40080	AT2G43535	0.9107686300997311
AT2G40080	AT4G05330	0.8381417749656321
AT2G40080	AT1G53035	0.9361479021676252
AT2G40080	AT4G11600	0.902942529749204
AT2G40080	AT1G75960	0.8301450605136099
AT2G40080	AT4G19390	0.9508041630602593
AT2G40080	AT2G15830	0.856726139383286
AT2G40080	AT1G06460	0.9037069026814085
AT2G40080	AT3G46440	0.942876683098993
AT2G40080	AT1G13930	0.8212775389925671
AT2G40080	AT5G63420	0.9420055819900194
AT2G40080	AT2G19450	0.880980382207299
AT2G40080	AT1G69870	0.8836758724348509
AT2G40080	AT4G33490	0.9378152625892376
AT2G40080	AT4G14230	0.8541310153192726
AT2G40080	AT1G75880	0.8349030812187611
AT2G40080	AT5G27930	0.8551670919633242
AT2G40080	AT1G20840	0.8570486475625847
AT2G40080	AT3G05800	0.8860305483087748
AT5G42900	AT5G62360	0.8539703901395038
AT5G42900	AT4G34950	0.800031036558791
AT5G42900	AT3G07650	0.8814623512951477
AT5G42900	AT4G33980	0.958142560594319
AT5G42900	AT2G21660	0.9130001401662509
AT5G42900	AT1G07050	0.9350704276409929
AT5G42900	AT4G04330	0.8728121084598531
AT5G42900	AT1G17665	0.9786597706577747
AT5G42900	AT1G11210	0.9014593474312124
AT5G42900	AT2G23910	0.9191433805832794
AT5G42900	AT5G24470	0.8139873559637523
AT5G42900	AT2G39920	0.8085696129545666
AT5G42900	AT4G30650	0.9022998966660107
AT5G42900	AT2G38465	0.8232110178424697
AT5G42900	AT4G33985	0.8504432190520266
AT5G42900	AT4G16146	0.9609669429565731
AT5G42900	AT2G22450	0.9120037183221636
AT5G42900	AT4G30660	0.8444747260985053
AT5G42900	AT1G19370	0.826015779743992
AT5G42900	AT3G46970	0.8829622847255036
AT5G42900	AT2G47890	0.8217460737558406
AT5G42900	AT2G28085	0.8417243179347338
AT5G42900	AT2G42530	0.8786463788955096
AT5G42900	AT5G60100	0.9226010287883903
AT5G42900	AT2G28900	0.8780221690237167
AT5G42900	AT5G06690	0.8297758063637884
AT5G42900	AT4G09020	0.9263424201138983
AT5G42900	AT1G49230	0.8193935918462877
AT5G42900	AT1G76790	0.9051214125892247
AT5G42900	AT4G12280	0.9135808411904563
AT5G42900	AT4G26670	0.8824156085748833
AT5G42900	AT1G28050	0.88101220952266
AT5G42900	AT2G25930	0.9044229700271049
AT5G42900	AT4G01130	0.8625119094921753
AT5G42900	AT2G40340	0.8497224663790424
AT5G42900	AT3G20810	0.8450162163232544
AT5G42900	AT1G64890	0.841611299427455
AT5G42900	AT3G63160	0.864563601121767
AT5G42900	AT1G10760	0.87718274426287
AT5G42900	AT3G47860	0.9138230343277814
AT5G42900	AT5G64860	0.8351919683909138
AT5G42900	AT5G40180	0.8954746411021108
AT5G42900	AT4G32340	0.9388714971462727
AT5G42900	AT5G26570	0.9387316972578781
AT5G42900	AT5G59570	0.8400865338935214
AT5G42900	AT5G15960	0.928720666031018
AT5G42900	AT5G61380	0.9757781661878261
AT5G42900	AT5G54960	0.8225134515211843
AT5G42900	AT5G39410	0.9403805698942175
AT5G42900	AT5G44010	0.8187145573173567
AT5G42900	AT5G48250	0.917706837712525
AT5G42900	AT3G50120	0.824158336398916
AT5G42900	AT2G25730	0.9295891881241967
AT5G42900	AT2G28840	0.8608458445272119
AT5G42900	AT1G29395	0.8605481411538702
AT5G42900	AT3G26740	0.8174170055363773
AT5G42900	AT5G23660	0.9622864069655735
AT5G42900	AT5G51570	0.922493422705726
AT5G42900	AT4G39090	0.800857597023617
AT5G42900	AT4G19120	0.8417584661549302
AT5G42900	AT1G51090	0.812219833045372
AT5G42900	AT3G18080	0.8151951269299836
AT5G42900	AT3G05880	0.9235370396726315
AT5G42900	AT5G56310	0.8141519199563593
AT5G42900	AT3G10410	0.9673309293787261
AT5G42900	AT5G57110	0.9662651585892943
AT5G42900	AT1G09190	0.8661669071066318
AT5G42900	AT5G27280	0.8170927418204346
AT5G42900	AT2G45560	0.8322005337141322
AT5G42900	AT1G49650	0.8006212194150722
AT5G42900	AT3G52180	0.8462515294568811
AT5G42900	AT2G29630	0.9243672914798688
AT5G42900	AT1G67660	0.8413374469720897
AT5G42900	AT4G18240	0.9164986509969301
AT5G42900	AT1G67970	0.8976449860249265
AT5G42900	AT2G17840	0.8845558121387791
AT5G42900	AT5G14550	0.9246406581376513
AT5G42900	AT5G11150	0.8913544144480932
AT5G42900	AT5G02860	0.8304997552139362
AT5G42900	AT1G79440	0.9372923017813363
AT5G42900	AT4G33700	0.9224883714167947
AT5G42900	AT1G27630	0.8843926217882627
AT5G42900	AT1G26665	0.946349770345305
AT5G42900	AT3G02330	0.8321786959093385
AT5G42900	AT4G02370	0.8070815899561462
AT5G42900	AT1G43080	0.8072336460714175
AT5G42900	AT5G62720	0.8849686964795452
AT5G42900	AT5G63810	0.8342246202842281
AT5G42900	AT3G59820	0.806164968647522
AT5G42900	AT5G03240	0.8847464003377901
AT5G42900	AT4G17140	0.9212063465756205
AT5G42900	AT3G55450	0.9104897493566911
AT5G42900	AT1G51610	0.8665207488958568
AT5G42900	AT1G48210	0.9577538474963737
AT5G42900	AT5G18540	0.9420002437213183
AT5G42900	AT1G69830	0.8288504049338022
AT5G42900	AT1G49220	0.894063585369257
AT5G42900	AT2G15970	0.8114631253292883
AT5G42900	AT1G31850	0.8981414758382703
AT5G42900	AT1G12710	0.8374126022356659
AT5G42900	AT1G68050	0.9085533304747692
AT5G42900	AT3G14310	0.8535292767622749
AT5G42900	AT2G01170	0.8615900945250801
AT5G42900	AT2G02100	0.9043746595844139
AT5G42900	AT3G58570	0.8932111331282657
AT5G42900	AT3G16180	0.901000406131993
AT5G42900	AT3G01310	0.8072162451598215
AT5G42900	AT2G43535	0.8021346314326009
AT5G42900	AT4G05330	0.8391606520406157
AT5G42900	AT1G21680	0.8408016853353316
AT5G42900	AT1G53035	0.8949647508843409
AT5G42900	AT4G11600	0.8517133574520561
AT5G42900	AT4G19390	0.9143797527369794
AT5G42900	AT1G06460	0.8718154509970744
AT5G42900	AT3G46440	0.8733449936713931
AT5G42900	AT5G63420	0.9622767325469065
AT5G42900	AT2G19450	0.9051262832584889
AT5G42900	AT4G33490	0.9513944850534728
AT5G42900	AT5G27930	0.8567533456567727
AT5G42900	AT3G05800	0.8410221598084785
AT5G62360	AT4G34950	0.9038765549767076
AT5G62360	AT4G33980	0.8226006839564913
AT5G62360	AT2G21660	0.9472291792603239
AT5G62360	AT4G04330	0.9131606233268529
AT5G62360	AT1G11210	0.8874512026872907
AT5G62360	AT3G62550	0.8801876864222432
AT5G62360	AT5G24470	0.9462797295432026
AT5G62360	AT2G39920	0.8998554577071566
AT5G62360	AT4G30650	0.8288901745142051
AT5G62360	AT2G38465	0.8413164482225386
AT5G62360	AT1G20030	0.8365856947310073
AT5G62360	AT4G16146	0.9020043851893308
AT5G62360	AT2G22450	0.9156820825273514
AT5G62360	AT2G33830	0.8624266510947265
AT5G62360	AT3G04010	0.9017218857305095
AT5G62360	AT4G30660	0.9142482098210601
AT5G62360	AT1G19370	0.9106569813454017
AT5G62360	AT3G46970	0.901580982105581
AT5G62360	AT2G47890	0.9451533641558845
AT5G62360	AT2G42530	0.8719270087201128
AT5G62360	AT5G60100	0.8125905887919811
AT5G62360	AT2G28900	0.8514102313090348
AT5G62360	AT5G06690	0.923949042636942
AT5G62360	AT4G09020	0.9089820678367289
AT5G62360	AT1G49230	0.897274740209709
AT5G62360	AT1G76790	0.8729011680027687
AT5G62360	AT4G12280	0.8513568439102999
AT5G62360	AT1G49720	0.9373910781823046
AT5G62360	AT4G26670	0.9238733096856625
AT5G62360	AT1G28050	0.8774088301181021
AT5G62360	AT2G25930	0.8941507920380425
AT5G62360	AT4G01130	0.9080013473408841
AT5G62360	AT2G40340	0.8702656025777203
AT5G62360	AT1G64890	0.893007189655812
AT5G62360	AT3G63160	0.8059280367168676
AT5G62360	AT2G15890	0.8675173836549681
AT5G62360	AT5G47240	0.8614384743706077
AT5G62360	AT1G10760	0.9414196153691494
AT5G62360	AT3G47860	0.9188997598022391
AT5G62360	AT4G27440	0.8172993603890705
AT5G62360	AT5G64860	0.9288002531750453
AT5G62360	AT2G37580	0.8893994430094654
AT5G62360	AT4G32340	0.8945336678498144
AT5G62360	AT5G67480	0.840364940084926
AT5G62360	AT5G26570	0.8795397264636068
AT5G62360	AT5G59570	0.8713244377911381
AT5G62360	AT5G15960	0.9228619282631939
AT5G62360	AT5G61380	0.8526224952411403
AT5G62360	AT5G54960	0.8669951545587679
AT5G62360	AT2G20480	0.8187075921777649
AT5G62360	AT5G39410	0.938837153000163
AT5G62360	AT5G44010	0.9095495344335521
AT5G62360	AT5G48250	0.8307014163500153
AT5G62360	AT2G25730	0.9196687041501393
AT5G62360	AT2G28840	0.9505010409171748
AT5G62360	AT1G29395	0.8303750259289353
AT5G62360	AT3G26740	0.8962443749848706
AT5G62360	AT5G23660	0.8277986534697533
AT5G62360	AT5G51570	0.9559891892930119
AT5G62360	AT4G39090	0.9100015113387614
AT5G62360	AT4G19120	0.8310673544208267
AT5G62360	AT2G31360	0.9287891567666939
AT5G62360	AT3G18080	0.8570838383327389
AT5G62360	AT5G61800	0.8867769719669757
AT5G62360	AT3G05880	0.9452206827896393
AT5G62360	AT3G50500	0.8705571321797281
AT5G62360	AT3G10410	0.8807990836286176
AT5G62360	AT5G57110	0.872713347009484
AT5G62360	AT5G27280	0.9073122819231545
AT5G62360	AT2G45560	0.9294001209926089
AT5G62360	AT1G49650	0.8817031154106135
AT5G62360	AT2G16660	0.9106182970465885
AT5G62360	AT3G52180	0.8482068593783476
AT5G62360	AT2G29630	0.9111130711790065
AT5G62360	AT1G67660	0.956081912394358
AT5G62360	AT5G14920	0.9061355622537063
AT5G62360	AT3G28870	0.8185743688304883
AT5G62360	AT3G53800	0.8417828012186698
AT5G62360	AT4G18520	0.8945981963539736
AT5G62360	AT4G18240	0.8942199535879689
AT5G62360	AT1G67970	0.8774216612649894
AT5G62360	AT2G17840	0.9613717162938271
AT5G62360	AT5G14550	0.905005319386819
AT5G62360	AT5G35735	0.8984042019683106
AT5G62360	AT1G51940	0.8862033529988672
AT5G62360	AT5G02860	0.9329354816645082
AT5G62360	AT1G79440	0.9416070075861259
AT5G62360	AT4G33700	0.8566752170630086
AT5G62360	AT2G06925	0.8290075201905621
AT5G62360	AT1G27630	0.9429821401509033
AT5G62360	AT1G80480	0.8195851993155241
AT5G62360	AT5G26340	0.8596940919786276
AT5G62360	245432_at	0.8855007496229221
AT5G62360	AT3G02330	0.8766659387640128
AT5G62360	AT4G02370	0.926762754664883
AT5G62360	AT5G62720	0.8037344457692532
AT5G62360	AT5G09630	0.8657938578460418
AT5G62360	AT5G63810	0.8812629767952801
AT5G62360	AT1G70820	0.896308298217841
AT5G62360	AT3G59820	0.8268944862403957
AT5G62360	AT3G50700	0.8764447806552235
AT5G62360	AT5G03240	0.9024196286077634
AT5G62360	AT5G43440	0.856664562229136
AT5G62360	AT4G17140	0.8337977424127251
AT5G62360	AT1G51610	0.896590783159529
AT5G62360	AT1G48210	0.8052823269666387
AT5G62360	AT5G57630	0.8343552171614874
AT5G62360	AT5G18540	0.8882230739104313
AT5G62360	AT5G25210	0.8237576952573269
AT5G62360	AT1G69830	0.8966523891249074
AT5G62360	AT4G05150	0.8052603703871027
AT5G62360	AT2G15970	0.9198520112390102
AT5G62360	AT1G31850	0.875840293853174
AT5G62360	AT1G12710	0.8982760068809211
AT5G62360	AT3G14310	0.9139930880037561
AT5G62360	AT2G01170	0.9147007810126467
AT5G62360	AT2G39900	0.9058163874751226
AT5G62360	AT2G02100	0.892555893914733
AT5G62360	AT3G58570	0.9385667570064666
AT5G62360	AT3G16180	0.9162218631582346
AT5G62360	AT3G01310	0.9380142863356024
AT5G62360	AT3G26580	0.9134851551417541
AT5G62360	AT1G12845	0.9098623217477959
AT5G62360	AT2G43535	0.8692482773602936
AT5G62360	AT4G12750	0.8267831790763939
AT5G62360	AT5G50450	0.8065553017988858
AT5G62360	AT3G56720	0.8687080671292063
AT5G62360	AT1G70420	0.9049548645592703
AT5G62360	AT4G05330	0.9395842602526808
AT5G62360	AT1G21680	0.9048781241172189
AT5G62360	AT1G53035	0.8626174649091358
AT5G62360	AT4G11600	0.9550103496282124
AT5G62360	AT1G75960	0.8170752876419205
AT5G62360	AT3G16740	0.8837764654006192
AT5G62360	AT4G19390	0.8856056858611854
AT5G62360	AT1G06460	0.8979737477276963
AT5G62360	AT1G33970	0.8660885881468667
AT5G62360	AT3G46440	0.8656310938161035
AT5G62360	AT3G51660	0.856572567818913
AT5G62360	AT1G13930	0.9028476615866547
AT5G62360	AT5G63420	0.9045476940572796
AT5G62360	AT2G19450	0.9000826870953479
AT5G62360	AT5G62350	0.8223547277265585
AT5G62360	AT4G33490	0.9127214341827681
AT5G62360	AT4G14230	0.9171779891223488
AT5G62360	AT5G27930	0.8862501934020949
AT5G62360	AT3G05800	0.8321827381684557
AT1G48720	AT2G07712	0.8325242241455313
AT1G48720	AT3G59720	0.8588421850659819
AT1G48720	ATMG00630	0.8182211829937263
AT1G48720	AT2G26790	0.856073033123599
AT1G48720	ATMG00160	0.8410344526412891
AT1G48720	ATMG00650	0.8215856740873348
AT1G48720	ATMG00690	0.8011272646682859
AT1G48720	AT5G08380	0.8156903019012081
AT4G34950	AT2G21660	0.8649021952742615
AT4G34950	AT4G04330	0.8367469598739192
AT4G34950	AT1G11210	0.8131899866829088
AT4G34950	AT5G24470	0.8146945476354244
AT4G34950	AT4G30650	0.8120346473258852
AT4G34950	AT4G33985	0.8388895346234724
AT4G34950	AT4G16146	0.8474692731827292
AT4G34950	AT2G22450	0.8392345752994645
AT4G34950	AT3G04010	0.851973530795464
AT4G34950	AT4G30660	0.8400942849536076
AT4G34950	AT1G19370	0.8611438034498948
AT4G34950	AT3G46970	0.9108468331861342
AT4G34950	AT2G47890	0.918689903260499
AT4G34950	AT2G42530	0.8269996750454335
AT4G34950	AT2G28900	0.8862815652733529
AT4G34950	AT5G06690	0.8076824316473842
AT4G34950	AT4G09020	0.8916426831878691
AT4G34950	AT1G49230	0.8987283098250645
AT4G34950	AT1G76790	0.8689382848102657
AT4G34950	AT4G12280	0.8873626982944225
AT4G34950	AT4G26670	0.8364105112322742
AT4G34950	AT1G28050	0.830060473868161
AT4G34950	AT2G25930	0.8398492676659861
AT4G34950	AT1G64890	0.8113850407294827
AT4G34950	AT3G63160	0.8632665669196274
AT4G34950	AT1G10760	0.8808560587531946
AT4G34950	AT3G47860	0.8898558736128948
AT4G34950	AT5G64860	0.8665364550519574
AT4G34950	AT2G37580	0.8099283813305406
AT4G34950	AT4G32340	0.8496713251311683
AT4G34950	AT5G26570	0.8571839882261041
AT4G34950	AT5G15960	0.8209210703740994
AT4G34950	AT5G54960	0.8431771329041152
AT4G34950	AT2G20480	0.8610519827150839
AT4G34950	AT5G39410	0.8674834468982928
AT4G34950	AT2G25730	0.8706207100432135
AT4G34950	AT2G28840	0.9263787825975068
AT4G34950	AT5G23660	0.8189926814821086
AT4G34950	AT5G51570	0.879679651307493
AT4G34950	AT4G19120	0.8206330418742808
AT4G34950	AT2G31360	0.8583201152050455
AT4G34950	AT3G18080	0.8534435299494116
AT4G34950	AT5G61800	0.828591739772358
AT4G34950	AT3G05880	0.8504402240087515
AT4G34950	AT3G10410	0.8495946168111999
AT4G34950	AT5G27280	0.8032530157784478
AT4G34950	AT2G45560	0.8533773665910193
AT4G34950	AT1G49650	0.8280446219719599
AT4G34950	AT2G16660	0.889068419305593
AT4G34950	AT3G52180	0.835522344906777
AT4G34950	AT2G29630	0.8485222456004214
AT4G34950	AT1G67660	0.8573482248840969
AT4G34950	AT5G14920	0.8026927879640947
AT4G34950	AT4G18240	0.9008492636756321
AT4G34950	AT2G17840	0.8721499567842473
AT4G34950	AT5G14550	0.8301842114423511
AT4G34950	AT5G35735	0.8580919390846128
AT4G34950	AT5G02860	0.8393325135528109
AT4G34950	AT1G79440	0.8489535265651026
AT4G34950	AT4G33700	0.884973598948063
AT4G34950	AT1G27630	0.8691737339190206
AT4G34950	AT4G02370	0.8380629068101879
AT4G34950	AT4G22770	0.8157555639534398
AT4G34950	AT5G09630	0.8080879959673747
AT4G34950	AT4G17140	0.8347712999376848
AT4G34950	AT3G55450	0.8302165013797268
AT4G34950	AT1G51610	0.8365604335946855
AT4G34950	AT1G69830	0.8608846696647074
AT4G34950	AT3G57770	0.815453842941418
AT4G34950	AT1G31850	0.8904537953997271
AT4G34950	AT3G14310	0.8874661633237599
AT4G34950	AT2G01170	0.8358798139375931
AT4G34950	AT2G39900	0.8070392233145455
AT4G34950	AT2G02100	0.8354643898584022
AT4G34950	AT3G58570	0.8313593988962819
AT4G34950	AT3G16180	0.8692448277303354
AT4G34950	AT3G01310	0.8517367039931786
AT4G34950	AT3G26580	0.8020860256460182
AT4G34950	AT2G43535	0.8503908777224212
AT4G34950	AT4G05330	0.8531147412918418
AT4G34950	AT4G11600	0.9413497090275944
AT4G34950	AT4G19390	0.8826684387065427
AT4G34950	AT3G46440	0.8866456999395763
AT4G34950	AT1G13930	0.8285364650096206
AT4G34950	AT5G63420	0.8242911281689038
AT4G34950	AT4G33490	0.811770104681354
AT4G34950	AT4G14230	0.8768451715719736
AT4G34950	AT5G27930	0.8021269173248232
AT1G01060	AT1G02820	0.8447058243051067
AT1G01060	AT2G46830	0.8387749040665844
AT1G01060	AT3G02380	0.947392943420287
AT1G01060	AT5G62920	0.8018003379334059
AT1G01060	AT1G32900	0.9721975270235661
AT1G01060	AT3G54500	0.8407173091043267
AT1G01060	AT5G25140	0.8092256184577412
AT1G01060	AT5G13170	0.9449502431384774
AT1G01060	AT3G09600	0.965784656059454
AT1G01060	AT1G01520	0.8866814135578341
AT1G01060	AT5G06980	0.8163181198101563
AT1G01060	AT5G52570	0.8431972244190782
AT1G01060	AT1G16730	0.81355994275149
AT1G01060	AT5G41780	0.8162714024577339
AT1G01060	AT5G54130	0.820156636498375
AT1G01060	AT5G17300	0.8735313019347342
AT1G01060	AT1G07180	0.9482638213471515
AT1G01060	AT3G24460	0.885613667382581
AT1G01060	AT2G41250	0.8958313170416615
AT1G01060	AT1G19640	0.8183166842052645
AT1G01060	AT1G55960	0.9206457126258972
AT1G01060	AT5G14760	0.8626611852598135
AT1G01060	AT1G10370	0.9651419992981337
AT1G01060	AT5G15850	0.9221081289519393
AT1G01060	AT4G31870	0.9680808865869206
AT1G01060	AT3G47420	0.9244203347625445
AT1G01060	AT3G17609	0.9066169646160037
AT1G01060	AT5G23730	0.9678366769101705
AT1G01060	AT4G14690	0.8670273519704669
AT1G01060	AT2G31380	0.9143339145098118
AT1G01060	AT3G27170	0.9193581727751029
AT1G01060	AT4G08300	0.9402461274611589
AT1G01060	AT5G15950	0.8164925726442921
AT1G01060	AT2G21320	0.8405220472126272
AT1G01060	AT1G64500	0.8882344660377978
AT1G01060	AT5G35970	0.865775829474629
AT1G01060	AT3G15310	0.8419228165872741
AT1G01060	AT4G02850	0.9219678419712726
AT1G01060	AT3G16150	0.8993885913602783
AT1G01060	AT5G66740	0.8242628546987755
AT1G01060	AT5G48540	0.8303719464280287
AT1G01060	AT5G24120	0.9505847886733039
AT1G01060	AT5G18670	0.9019119830333953
AT1G01060	AT1G68440	0.8924060699730259
AT1G01060	AT3G01550	0.9411340181179276
AT1G01060	AT1G19050	0.8048418935499201
AT1G01060	AT4G15430	0.971279335994003
AT1G01060	AT3G56290	0.908022301204716
AT1G01060	AT2G24540	0.9061518515729818
AT1G01060	AT3G01060	0.9556012305797862
AT1G01060	AT4G38960	0.9061208517502848
AT1G01060	AT3G51920	0.9039200046392298
AT1G01060	AT1G65870	0.8372346514215471
AT1G01060	AT3G14770	0.8815739477409081
AT1G01060	AT5G39660	0.9254531812821181
AT1G01060	AT5G19240	0.8237362386355708
AT1G01060	AT3G57040	0.8923427153506477
AT1G01060	AT2G04795	0.8085736264008719
AT1G01060	AT3G19450	0.879530653854382
AT1G01060	AT1G75100	0.8512048456057877
AT1G01060	AT3G24170	0.9309891294981117
AT1G01060	AT1G17050	0.883945892399918
AT1G01060	AT5G05860	0.8649193608061001
AT1G01060	AT1G07450	0.8950445678782089
AT1G01060	AT1G79270	0.8488730851164622
AT1G01060	AT5G15600	0.9296608384054685
AT3G07650	AT4G33980	0.8646537457746668
AT3G07650	AT2G21660	0.8632660561186404
AT3G07650	AT4G04330	0.833757763924686
AT3G07650	AT1G17665	0.8990537533273367
AT3G07650	AT2G23910	0.8581934048194654
AT3G07650	AT2G39920	0.8381449531415146
AT3G07650	AT2G38465	0.8354867412508667
AT3G07650	AT4G16146	0.8879949025923672
AT3G07650	AT2G22450	0.8041573340300441
AT3G07650	AT1G19370	0.8068302634912399
AT3G07650	AT2G28085	0.8545569740564057
AT3G07650	AT5G60100	0.8707006877879729
AT3G07650	AT5G06690	0.8367072458819759
AT3G07650	AT4G09020	0.8346129788970401
AT3G07650	AT4G12280	0.8196150961252433
AT3G07650	AT4G26670	0.8431703977468548
AT3G07650	AT1G28050	0.8360249453645741
AT3G07650	AT2G25930	0.9087676162037498
AT3G07650	AT4G01130	0.8565111336184823
AT3G07650	AT3G20810	0.8154652868137843
AT3G07650	AT1G10760	0.8142125338038598
AT3G07650	AT3G47860	0.8824648650687518
AT3G07650	AT5G64860	0.8016877289335691
AT3G07650	AT5G40180	0.804776256076498
AT3G07650	AT4G32340	0.8270045429635962
AT3G07650	AT5G26570	0.8466290933931377
AT3G07650	AT5G59570	0.8191307750171286
AT3G07650	AT5G15960	0.8686287447499941
AT3G07650	AT5G61380	0.9238811266616004
AT3G07650	AT5G39410	0.8717590907641873
AT3G07650	AT5G44010	0.8301699466744972
AT3G07650	AT5G48250	0.9166182072240725
AT3G07650	AT2G25730	0.8592728979116293
AT3G07650	AT2G40130	0.8003367933734246
AT3G07650	AT3G26740	0.8116300244420386
AT3G07650	AT5G23660	0.906120138219915
AT3G07650	AT5G51570	0.8311017454155585
AT3G07650	AT3G05880	0.8519298349542967
AT3G07650	AT3G10410	0.9018484394011271
AT3G07650	AT5G57110	0.8974014602677548
AT3G07650	AT2G45560	0.8160480946877885
AT3G07650	AT1G49650	0.8119990572064945
AT3G07650	AT3G52180	0.8007146402461018
AT3G07650	AT2G29630	0.9255058389900525
AT3G07650	AT1G67660	0.8056836551764894
AT3G07650	AT4G18240	0.8415695137080732
AT3G07650	AT1G67970	0.8034086207101513
AT3G07650	AT2G17840	0.8299918171246817
AT3G07650	AT5G14550	0.8833129183328916
AT3G07650	AT5G02860	0.8216843924269915
AT3G07650	AT1G79440	0.8272225352233685
AT3G07650	AT4G33700	0.8362883246469321
AT3G07650	AT1G27630	0.8554410284760309
AT3G07650	AT1G80480	0.8409635375047262
AT3G07650	AT1G26665	0.9004337399107624
AT3G07650	AT5G62720	0.9139895328277076
AT3G07650	AT5G03240	0.8561938922962271
AT3G07650	AT4G17140	0.828870086650295
AT3G07650	AT1G48210	0.8814679574560975
AT3G07650	AT5G18540	0.8603343896344678
AT3G07650	AT1G49220	0.8429349171471257
AT3G07650	AT1G12710	0.813781126378296
AT3G07650	AT3G14310	0.8330001944452994
AT3G07650	AT2G02100	0.815054151840718
AT3G07650	AT5G42500	0.8108497207503134
AT3G07650	AT3G58570	0.8237680085690484
AT3G07650	AT3G16180	0.8032781866454718
AT3G07650	AT3G26580	0.8211638165648595
AT3G07650	AT1G21680	0.8369295361170244
AT3G07650	AT5G63420	0.9241422586457119
AT3G07650	AT2G19450	0.8275698074517799
AT3G07650	AT4G33490	0.8779110539499901
AT3G07650	AT4G20770	0.8588837713977557
AT3G07650	AT5G08380	0.811956920339911
AT4G33980	AT2G21660	0.9249917150287723
AT4G33980	AT1G07050	0.9264669985814462
AT4G33980	AT4G04330	0.9198182845047466
AT4G33980	AT1G17665	0.9602183742580982
AT4G33980	AT1G11210	0.9386522880405446
AT4G33980	AT2G23910	0.872215759894887
AT4G33980	AT3G62550	0.8041428151589286
AT4G33980	AT5G24470	0.8333554378478447
AT4G33980	AT2G39920	0.8497637248127375
AT4G33980	AT4G30650	0.9276745983667175
AT4G33980	AT4G33985	0.8218541248341008
AT4G33980	AT4G16146	0.9676488888713843
AT4G33980	AT2G22450	0.9325428020267047
AT4G33980	AT2G33830	0.8312571981093657
AT4G33980	AT4G30660	0.9002617830413897
AT4G33980	AT1G19370	0.8653165402982114
AT4G33980	AT3G46970	0.9238749636567775
AT4G33980	AT2G47890	0.8087319960977434
AT4G33980	AT2G28085	0.8243264774151488
AT4G33980	AT2G42530	0.9221904603535281
AT4G33980	AT5G60100	0.9214937588952968
AT4G33980	AT2G28900	0.9038548411729637
AT4G33980	AT5G06690	0.8399902953898867
AT4G33980	AT4G09020	0.9557547031672123
AT4G33980	AT1G31690	0.8193943476636188
AT4G33980	AT1G76790	0.8543457175219087
AT4G33980	AT4G12280	0.8936453478169124
AT4G33980	AT1G49720	0.8302639066406305
AT4G33980	AT4G26670	0.9115048165290639
AT4G33980	AT1G28050	0.9113568263092685
AT4G33980	AT2G25930	0.8865242047825707
AT4G33980	AT4G01130	0.9069824385767069
AT4G33980	AT2G40340	0.8313018871590924
AT4G33980	AT3G20810	0.8205585163155957
AT4G33980	AT1G64890	0.8812233346643561
AT4G33980	AT3G63160	0.8494905230193149
AT4G33980	AT1G10760	0.9157258320521597
AT4G33980	AT3G47860	0.9178912556372889
AT4G33980	AT5G64860	0.886532093107697
AT4G33980	AT5G40180	0.8642865185729198
AT4G33980	AT4G32340	0.9572502861066721
AT4G33980	AT5G26570	0.9554077069902446
AT4G33980	AT5G15960	0.9228224475948054
AT4G33980	AT5G61380	0.9622476113263585
AT4G33980	AT5G54960	0.8222542434471354
AT4G33980	AT5G39410	0.9489429792025462
AT4G33980	AT5G44010	0.8209902806573982
AT4G33980	AT5G48250	0.8786631851596609
AT4G33980	AT3G50120	0.8716644470950209
AT4G33980	AT2G25730	0.9055871708969886
AT4G33980	AT2G28840	0.8834652501766482
AT4G33980	AT1G29395	0.9336810702740533
AT4G33980	AT3G26740	0.8456216367348997
AT4G33980	AT5G23660	0.9407386579230993
AT4G33980	AT5G51570	0.9012018114096417
AT4G33980	AT4G39090	0.8127841212036451
AT4G33980	AT4G19120	0.8404788027025104
AT4G33980	AT1G51090	0.8757024376435942
AT4G33980	AT3G18080	0.8783606617656755
AT4G33980	AT5G61800	0.8126075086220665
AT4G33980	AT3G05880	0.924997895488735
AT4G33980	AT5G56310	0.8093737982344753
AT4G33980	AT3G10410	0.9569418309433925
AT4G33980	AT5G57110	0.9664374059719641
AT4G33980	AT1G09190	0.8419837548774027
AT4G33980	AT5G27280	0.8707781598439991
AT4G33980	AT2G45560	0.860278589244142
AT4G33980	AT1G49650	0.80988147653808
AT4G33980	AT3G52180	0.9093051498595013
AT4G33980	AT2G29630	0.9139646628669502
AT4G33980	AT1G67660	0.8623738972720779
AT4G33980	AT4G18520	0.8471503922410494
AT4G33980	AT4G18240	0.9197334361675061
AT4G33980	AT1G67970	0.872615155065099
AT4G33980	AT2G17840	0.8798358429686607
AT4G33980	AT5G14550	0.9464123462833589
AT4G33980	AT5G11150	0.9201292576882975
AT4G33980	AT3G28290	0.8197069922865344
AT4G33980	AT5G02860	0.8555434080426049
AT4G33980	AT1G79440	0.9163975451833568
AT4G33980	AT4G33700	0.9195204360115935
AT4G33980	AT1G27630	0.8997558815220889
AT4G33980	AT1G26665	0.9461792797793617
AT4G33980	245432_at	0.850350106842725
AT4G33980	AT2G43550	0.8261988208370604
AT4G33980	AT4G02370	0.8173540001127079
AT4G33980	AT1G43080	0.8318761551555961
AT4G33980	AT5G62720	0.9019423514445294
AT4G33980	AT5G63810	0.8843744779770398
AT4G33980	AT1G70820	0.8046619927908761
AT4G33980	AT5G03240	0.8674635184450334
AT4G33980	AT4G17140	0.9131172517188442
AT4G33980	AT3G55450	0.8803302378619536
AT4G33980	AT1G51610	0.8879383385322133
AT4G33980	AT1G48210	0.9409223409441648
AT4G33980	AT5G18540	0.9318437333626761
AT4G33980	AT1G69830	0.8939576516989456
AT4G33980	AT1G49220	0.9158728580363358
AT4G33980	AT2G15970	0.8472667171756524
AT4G33980	AT1G31850	0.8980896016396461
AT4G33980	AT1G12710	0.8136315966887188
AT4G33980	AT1G68050	0.8935567110787948
AT4G33980	AT3G14310	0.8709943498192917
AT4G33980	AT2G01170	0.8980540168473122
AT4G33980	AT2G39900	0.8339217228501006
AT4G33980	AT2G02100	0.9201632136042173
AT4G33980	AT3G58570	0.9101607755960268
AT4G33980	AT3G16180	0.9050411135140379
AT4G33980	AT3G01310	0.8652372999473039
AT4G33980	AT3G26580	0.8258815573424398
AT4G33980	AT1G12845	0.8217909410207535
AT4G33980	AT2G43535	0.8314882197928349
AT4G33980	AT4G05330	0.8456985530346407
AT4G33980	AT1G53035	0.9127862340180519
AT4G33980	AT4G11600	0.8384251216080251
AT4G33980	AT4G19390	0.9228423877015745
AT4G33980	AT5G10530	0.8411591892636553
AT4G33980	AT1G06460	0.9145791529472157
AT4G33980	AT3G46440	0.8985990178409552
AT4G33980	AT1G13930	0.8038120154647926
AT4G33980	AT5G63420	0.9457089804675443
AT4G33980	AT2G19450	0.9164069804058868
AT4G33980	AT4G33490	0.9682871665692158
AT4G33980	AT4G14230	0.845779722509524
AT4G33980	AT5G27930	0.8797154429125953
AT4G33980	AT3G05800	0.8573371939847185
AT4G25200	AT1G59860	0.9467317402205414
AT4G25200	AT1G74310	0.8840412717013951
AT4G25200	AT4G12400	0.9576966616770506
AT4G25200	AT5G37670	0.8563375851612739
AT4G25200	AT5G51440	0.9261230314665868
AT4G25200	AT1G72660	0.9716795778699164
AT4G25200	AT1G71000	0.85773151689579
AT4G25200	AT5G48570	0.9580308099693801
AT4G25200	AT5G52640	0.8977101039785713
AT4G25200	AT2G46240	0.8950970226327188
AT4G25200	254414_at	0.9758688336256632
AT4G25200	AT4G23493	0.8264964130684431
AT4G25200	AT5G64510	0.9110987845105333
AT4G25200	AT1G54050	0.8925396021938593
AT4G25200	AT5G25450	0.9547172739542741
AT4G25200	AT2G32120	0.9534061752623135
AT4G25200	AT1G16030	0.9128859639680883
AT4G25200	AT1G17870	0.9719415722786944
AT4G25200	AT4G03320	0.8109604592629058
AT4G25200	AT1G30070	0.8838704602304586
AT4G25200	AT1G21550	0.9174967756036344
AT4G25200	AT3G20180	0.9301546770293538
AT4G25200	AT5G18340	0.8075406096573897
AT4G25200	AT5G12110	0.8731813785872778
AT4G25200	AT5G10695	0.8888435643874243
AT4G25200	AT2G19310	0.8944119478682746
AT4G25200	AT4G36988	0.8229320776195058
AT4G25200	AT2G47180	0.8303295536555535
AT4G25200	AT1G07350	0.8305290551769121
AT4G25200	AT5G47830	0.9712133013632582
AT4G25200	AT4G29770	0.9537206413480862
AT4G25200	AT3G17110	0.8367514232147293
AT4G25200	ATMG00630	0.8053165330474213
AT4G25200	AT3G08970	0.8500558710460202
AT4G25200	AT5G09590	0.8857522566277208
AT4G25200	AT1G59980	0.9185352060570802
AT4G25200	AT1G03070	0.8890608872248216
AT4G25200	AT3G07150	0.9024772921978164
AT4G25200	AT5G07330	0.8547634046801638
AT4G25200	AT3G53230	0.9453392129002692
AT4G25200	AT4G19430	0.8613027855039685
AT4G25200	AT1G07500	0.8919354012091196
AT4G25200	AT1G44414	0.8712651149014322
AT4G25200	AT5G47160	0.8315568662618124
AT4G25200	AT3G22090	0.891455236997353
AT4G25200	AT2G25140	0.8518959555543117
AT4G25200	AT5G15250	0.8094493468850127
AT4G25200	AT5G27660	0.8950038928321716
AT4G25200	AT5G05410	0.8368385128203105
AT4G25200	AT3G12050	0.8135826604057658
AT4G25200	AT3G25230	0.8216715987297504
AT4G25200	AT1G01940	0.9536524034673213
AT4G25200	257239_at	0.9125545755683098
AT4G25200	AT1G76280	0.8021355847803412
AT4G25200	AT4G23885	0.9160942688131873
AT4G25200	AT2G30000	0.8908076613235061
AT4G25200	AT3G23990	0.9129265624503521
AT4G25200	AT2G15790	0.8439766591614308
AT4G25200	AT2G21940	0.8860418108566802
AT4G25200	AT5G58590	0.8922041250603127
AT4G25200	AT3G03520	0.9212828350245857
AT4G25200	AT2G41160	0.8344736561230272
AT4G25200	AT5G53400	0.8425542858430793
AT4G25200	AT3G29810	0.8356974640789614
AT4G25200	AT3G52830	0.8852298266225704
AT4G25200	AT4G26780	0.9596130231044465
AT4G25200	AT2G36460	0.839039990651758
AT4G25200	AT5G58787	0.9334442600319032
AT4G25200	AT3G07770	0.9305290401190351
AT1G59860	AT1G74310	0.9456441445699426
AT1G59860	AT4G12400	0.9521968061926713
AT1G59860	AT5G37670	0.8310756321337374
AT1G59860	AT5G51440	0.9546738333349791
AT1G59860	AT3G16050	0.8299163824476096
AT1G59860	AT1G72660	0.8847707130082303
AT1G59860	AT1G71000	0.81126056699658
AT1G59860	AT5G48570	0.9821438097611509
AT1G59860	AT5G52640	0.9463444051500534
AT1G59860	AT3G12580	0.8262571135093432
AT1G59860	AT2G46240	0.883050859446242
AT1G59860	254414_at	0.8946647722456009
AT1G59860	AT2G20560	0.811349062244373
AT1G59860	AT3G24500	0.8226789659633695
AT1G59860	AT5G64510	0.9198862084771325
AT1G59860	AT1G54050	0.937799187102793
AT1G59860	AT5G25450	0.9413965459721493
AT1G59860	AT2G32120	0.9144813248863854
AT1G59860	AT1G16030	0.8518918210324342
AT1G59860	AT1G17870	0.9062575950234664
AT1G59860	AT1G30070	0.9038152201577059
AT1G59860	AT1G21550	0.8645057448520141
AT1G59860	AT3G20180	0.8729916261941918
AT1G59860	AT5G18340	0.8335646004602346
AT1G59860	AT5G12110	0.8913717497217163
AT1G59860	AT5G10695	0.8403731494495218
AT1G59860	AT2G19310	0.9145322400071452
AT1G59860	AT3G09350	0.8379697422572449
AT1G59860	AT4G36988	0.8029061426861331
AT1G59860	AT1G07350	0.9004100431682857
AT1G59860	AT5G47830	0.9558707419918177
AT1G59860	AT5G35320	0.8323035128839188
AT1G59860	AT4G29770	0.9100111303179129
AT1G59860	AT3G08970	0.85141252941598
AT1G59860	AT5G09590	0.9049995713610713
AT1G59860	AT1G59980	0.8347996907892726
AT1G59860	AT1G03070	0.8182025496816401
AT1G59860	AT3G07150	0.8669095569084082
AT1G59860	AT5G07330	0.8254388045551201
AT1G59860	AT3G53230	0.8908595193116559
AT1G59860	AT1G07500	0.8071119164506781
AT1G59860	AT1G44414	0.8182819234159914
AT1G59860	AT3G22090	0.8697136047354509
AT1G59860	AT2G25140	0.8416943894962928
AT1G59860	AT3G12050	0.8422939117755995
AT1G59860	AT3G25230	0.8564449941428964
AT1G59860	AT1G01940	0.8900131791604035
AT1G59860	257239_at	0.8493181751567539
AT1G59860	AT4G23885	0.8356565596458492
AT1G59860	AT3G23990	0.9064356622147545
AT1G59860	AT2G21940	0.8712322676807908
AT1G59860	AT5G58590	0.8612191401923016
AT1G59860	AT3G03520	0.849706391335807
AT1G59860	AT2G41160	0.8335235528156407
AT1G59860	AT5G53400	0.8256083810298317
AT1G59860	AT3G52830	0.860405765480573
AT1G59860	AT4G26780	0.8807139030069971
AT1G59860	AT2G36460	0.8526090996228161
AT1G59860	AT5G58787	0.8601406344458266
AT1G59860	AT3G07770	0.891491804749465
AT1G02820	AT3G02380	0.812849712969366
AT1G02820	AT1G32900	0.8379755647435043
AT1G02820	AT2G27420	0.8153094122410834
AT1G02820	AT5G13170	0.812506874168596
AT1G02820	AT3G09600	0.8611438600407341
AT1G02820	AT1G01520	0.8082278153482904
AT1G02820	AT5G41780	0.8059251839882144
AT1G02820	AT5G54130	0.9147860389735463
AT1G02820	AT3G24460	0.8040244382217157
AT1G02820	AT1G19640	0.8096862151812244
AT1G02820	AT1G55960	0.8761124900065161
AT1G02820	AT1G10370	0.8857466515475035
AT1G02820	AT4G31870	0.8707148994705164
AT1G02820	AT5G43180	0.8177870301430428
AT1G02820	AT3G17609	0.8243853571981292
AT1G02820	AT5G23730	0.8624763268796316
AT1G02820	AT1G13650	0.8875235151497595
AT1G02820	AT3G27170	0.8317391890350623
AT1G02820	AT4G08300	0.8146712673364638
AT1G02820	AT5G35970	0.803988652939558
AT1G02820	AT3G15310	0.8663589909536438
AT1G02820	AT4G02850	0.8130523204895737
AT1G02820	AT3G16150	0.8185933698371293
AT1G02820	AT5G66740	0.8376104830448516
AT1G02820	AT5G48540	0.8396023363943407
AT1G02820	AT1G72950	0.8032394946781247
AT1G02820	AT5G24120	0.8967571236563656
AT1G02820	AT5G18670	0.8200077252225607
AT1G02820	AT1G32740	0.8381980810223512
AT1G02820	AT3G01550	0.9421449513462495
AT1G02820	AT4G15430	0.8513281286907146
AT1G02820	AT3G56290	0.8121846176885053
AT1G02820	AT3G01060	0.9051947536800962
AT1G02820	AT1G67330	0.9090872863440735
AT1G02820	AT3G51920	0.9073355543166013
AT1G02820	AT1G65870	0.8968425353008932
AT1G02820	AT3G57040	0.8867031680374403
AT1G02820	AT3G19450	0.8738614033457154
AT1G02820	AT1G02220	0.8567435262711499
AT1G02820	AT3G24170	0.8101217992733425
AT1G02820	AT1G17050	0.8647374271573982
AT1G02820	AT2G37040	0.8490265355617355
AT1G02820	AT4G23290	0.8507821483759778
AT1G02820	AT1G07450	0.8379432804529211
AT1G02820	AT5G15600	0.808802491920703
AT1G73870	AT3G12320	0.9518374085501643
AT1G73870	AT2G46830	0.9430611745920459
AT1G73870	AT2G46790	0.956164080489851
AT1G73870	AT3G02380	0.8303446245197116
AT1G73870	AT3G54500	0.9628952123299991
AT1G73870	AT5G25140	0.8362882854064595
AT1G73870	AT5G13170	0.8025840083363152
AT1G73870	AT1G01520	0.800435498906511
AT1G73870	AT5G06980	0.9589182064701715
AT1G73870	AT5G52570	0.9234909352373256
AT1G73870	AT1G16730	0.9041143567355054
AT1G73870	AT1G07180	0.8515616938134714
AT1G73870	AT2G41250	0.879322529768307
AT1G73870	AT3G63440	0.804377657812997
AT1G73870	AT5G64170	0.9767084658952883
AT1G73870	AT2G21650	0.8080463926667508
AT1G73870	AT1G62510	0.902284710571789
AT1G73870	AT5G04190	0.8470062793305607
AT1G73870	AT2G31380	0.8364427150890642
AT1G73870	AT3G27690	0.9093587110341864
AT1G73870	AT5G48530	0.8327165324648614
AT1G73870	AT5G45820	0.8235750799183539
AT1G73870	AT3G59060	0.93512991417888
AT1G73870	AT5G59080	0.8651410165211263
AT1G73870	AT1G66760	0.8796177321937371
AT1G73870	AT1G66100	0.9102187715547039
AT1G73870	AT4G38850	0.8611603443525554
AT1G73870	AT5G07780	0.851160643008181
AT1G73870	AT5G15830	0.8547130627574415
AT1G73870	AT3G47500	0.8944705543133601
AT1G73870	AT1G29450	0.8600354867835583
AT1G73870	AT5G57660	0.9009832205133614
AT1G73870	AT5G62430	0.8538467791559117
AT1G73870	AT1G75100	0.8524877737064714
AT1G73870	AT5G36910	0.9637127359673047
AT1G73870	AT5G43150	0.8597556498929229
AT1G73870	AT5G05860	0.8309840256596396
AT1G73870	AT1G69570	0.8853357344128533
AT2G21660	AT1G56300	0.8170776251492441
AT2G21660	AT4G04330	0.9721848054671751
AT2G21660	AT1G17665	0.8919759848106962
AT2G21660	AT1G11210	0.9308029625839283
AT2G21660	AT3G62550	0.8984632438134453
AT2G21660	AT5G24470	0.9523766633949263
AT2G21660	AT2G39920	0.9446575261475844
AT2G21660	AT4G30650	0.8568736967054993
AT2G21660	AT2G38465	0.8905242645462547
AT2G21660	AT1G20030	0.8477416320487323
AT2G21660	AT4G33985	0.8224643702527623
AT2G21660	AT4G16146	0.9757411965562306
AT2G21660	AT2G22450	0.9685609163216374
AT2G21660	AT2G33830	0.8730284428623728
AT2G21660	AT3G04010	0.8912804148283615
AT2G21660	AT4G30660	0.9427084458950105
AT2G21660	AT1G19370	0.9502941820373775
AT2G21660	AT3G46970	0.9376769354656157
AT2G21660	AT2G47890	0.9435182476494217
AT2G21660	AT2G42530	0.8984346371055678
AT2G21660	AT5G60100	0.8780204974862024
AT2G21660	AT2G28900	0.8764888691184632
AT2G21660	AT5G06690	0.949817807086865
AT2G21660	AT1G36940	0.8149959498847316
AT2G21660	AT4G09020	0.9643891093143613
AT2G21660	AT1G49230	0.9054127694625215
AT2G21660	AT1G76790	0.8437972550192377
AT2G21660	AT4G12280	0.8913208742950157
AT2G21660	AT1G49720	0.9520784604402877
AT2G21660	AT4G26670	0.9917801242762081
AT2G21660	AT1G28050	0.9539556368862286
AT2G21660	AT2G25930	0.9499767999907827
AT2G21660	AT4G01130	0.9810456174675444
AT2G21660	AT2G40340	0.8964460670471401
AT2G21660	AT1G64890	0.9100857968554965
AT2G21660	AT3G63160	0.8000613450168331
AT2G21660	AT2G15890	0.8840261694861088
AT2G21660	AT5G47240	0.8319080566110748
AT2G21660	AT1G10760	0.9725946745502931
AT2G21660	AT3G47860	0.9678216643190135
AT2G21660	AT4G27440	0.8525921353950812
AT2G21660	AT5G64860	0.9673681519468632
AT2G21660	AT2G37580	0.8143068935934922
AT2G21660	AT4G32340	0.9435039180030633
AT2G21660	AT5G26570	0.9246377655403031
AT2G21660	AT5G59570	0.911720236077953
AT2G21660	AT5G15960	0.9457770786253185
AT2G21660	AT5G61380	0.9390290583829192
AT2G21660	AT5G54960	0.922686792289257
AT2G21660	AT2G20480	0.8471656040069864
AT2G21660	AT3G42860	0.810989702478677
AT2G21660	AT5G39410	0.9930497164807824
AT2G21660	AT5G44010	0.9105500799570934
AT2G21660	AT5G48250	0.8983820149725199
AT2G21660	AT2G25730	0.9536617056210537
AT2G21660	AT2G28840	0.9673447133582193
AT2G21660	AT1G29395	0.8983456892525946
AT2G21660	AT3G26740	0.9347064637696597
AT2G21660	AT5G23660	0.9211350927632874
AT2G21660	AT5G51570	0.9634058513710233
AT2G21660	AT3G47160	0.8177572207532848
AT2G21660	AT4G39090	0.9461548341272946
AT2G21660	AT4G19120	0.824457117443911
AT2G21660	AT2G31360	0.8927274102712861
AT2G21660	AT1G51090	0.8194052400502202
AT2G21660	AT3G18080	0.8950134137012101
AT2G21660	AT5G61800	0.8593222720757402
AT2G21660	AT3G05880	0.9630262889542497
AT2G21660	AT3G50500	0.9139149993585337
AT2G21660	AT3G10410	0.945643900945109
AT2G21660	AT5G57110	0.9275348259500543
AT2G21660	AT1G09190	0.8233105653468867
AT2G21660	AT5G27280	0.9585326287233
AT2G21660	AT2G45560	0.9463237975149386
AT2G21660	AT1G49650	0.9467900659396439
AT2G21660	AT2G16660	0.8668445937040445
AT2G21660	AT3G52180	0.88982636756052
AT2G21660	AT2G29630	0.9671105337365737
AT2G21660	AT1G67660	0.9677822452427917
AT2G21660	AT5G14920	0.9090668598492377
AT2G21660	AT3G28870	0.8411754037494543
AT2G21660	AT3G53800	0.8983499042730604
AT2G21660	AT4G18520	0.9255277503373068
AT2G21660	AT4G18240	0.9280041632995284
AT2G21660	AT1G67970	0.9043999997035077
AT2G21660	AT2G17840	0.9850543767959401
AT2G21660	AT5G14550	0.9776062497857118
AT2G21660	AT5G35735	0.8434876783322715
AT2G21660	AT1G51940	0.8923701284098693
AT2G21660	AT5G11150	0.8382358980128712
AT2G21660	AT5G02860	0.9697574002895338
AT2G21660	AT1G79440	0.9468841945062699
AT2G21660	AT4G33700	0.9207627440100021
AT2G21660	AT2G06925	0.8357602602588454
AT2G21660	AT1G27630	0.9923328376432098
AT2G21660	AT1G80480	0.8906708129974934
AT2G21660	AT1G26665	0.9204014567634425
AT2G21660	245432_at	0.8642722110923806
AT2G21660	AT3G02330	0.8790248585785652
AT2G21660	AT4G02370	0.956691472307793
AT2G21660	AT5G62720	0.9251643211453603
AT2G21660	AT5G63810	0.9002189727727414
AT2G21660	AT1G70820	0.9074604124064433
AT2G21660	AT3G59820	0.8907850140793435
AT2G21660	AT3G50700	0.9007236082641383
AT2G21660	AT5G03240	0.9566059984786492
AT2G21660	AT5G43440	0.8875334376373457
AT2G21660	AT4G17140	0.8763055338790497
AT2G21660	AT3G55450	0.8168966051102186
AT2G21660	AT1G51610	0.9253759079230269
AT2G21660	AT1G48210	0.9068664535046579
AT2G21660	AT5G18540	0.9410935396450242
AT2G21660	AT5G25210	0.840184351379424
AT2G21660	AT1G69830	0.925489917900763
AT2G21660	AT1G49220	0.8490554145710156
AT2G21660	AT2G15970	0.8991681906277489
AT2G21660	AT1G31850	0.8865857939867364
AT2G21660	AT1G12710	0.9180451220539219
AT2G21660	AT3G14310	0.9559179773449663
AT2G21660	AT2G01170	0.9463633899666387
AT2G21660	AT2G39900	0.9140217058320944
AT2G21660	AT2G02100	0.9292605758176851
AT2G21660	AT5G42500	0.8556544803245529
AT2G21660	AT4G38580	0.8155745814114063
AT2G21660	AT3G58570	0.9646160307073773
AT2G21660	AT3G16180	0.9126998777460744
AT2G21660	AT3G01310	0.9450942139138565
AT2G21660	AT3G26580	0.9563397032009435
AT2G21660	AT1G12845	0.9008119438791697
AT2G21660	AT2G43535	0.8434848059484625
AT2G21660	AT4G12750	0.8658883206296832
AT2G21660	AT3G56720	0.9233363322588758
AT2G21660	AT1G70420	0.8247693519674173
AT2G21660	AT4G05330	0.9287793569971422
AT2G21660	AT1G21680	0.9393490926038547
AT2G21660	AT1G53035	0.877245455285965
AT2G21660	AT4G11600	0.9209582553772719
AT2G21660	AT1G75960	0.8368435994870299
AT2G21660	AT3G16740	0.8675373907832368
AT2G21660	AT4G19390	0.9218942633761277
AT2G21660	AT5G10530	0.862293490865824
AT2G21660	AT1G06460	0.9378056285624603
AT2G21660	AT1G33970	0.8508734021922654
AT2G21660	AT3G46440	0.8849427965131288
AT2G21660	AT3G51660	0.8337637160289064
AT2G21660	AT1G13930	0.8875989780944742
AT2G21660	AT5G63420	0.963292064771546
AT2G21660	AT2G19450	0.9453945465502328
AT2G21660	AT5G62350	0.8588249308473224
AT2G21660	AT4G33490	0.9751151050303909
AT2G21660	AT4G14230	0.9304041128704306
AT2G21660	AT5G27930	0.9098197732007163
AT2G21660	AT3G05800	0.8353377736973737
AT3G12320	AT2G46830	0.9595994460610597
AT3G12320	AT2G46790	0.8958686332641685
AT3G12320	AT3G02380	0.8814552609721326
AT3G12320	AT1G32900	0.8545043536243271
AT3G12320	AT3G54500	0.9474645028754571
AT3G12320	AT5G25140	0.8481843416280164
AT3G12320	AT5G06980	0.9661891464334738
AT3G12320	AT5G52570	0.9283036894785307
AT3G12320	AT1G16730	0.8827440364013234
AT3G12320	AT1G07180	0.902191138536312
AT3G12320	AT2G41250	0.8604943511316231
AT3G12320	AT5G15850	0.827977018471512
AT3G12320	AT5G64170	0.9319785820721148
AT3G12320	AT1G62510	0.8965093564618702
AT3G12320	AT5G04190	0.9008105553926157
AT3G12320	AT2G31380	0.8582106776698888
AT3G12320	AT3G27170	0.8240788980149434
AT3G12320	AT3G27690	0.9193922136634018
AT3G12320	AT5G35970	0.8098905457251809
AT3G12320	AT5G48530	0.8121966453109822
AT3G12320	AT5G45820	0.8052511152240062
AT3G12320	AT3G59060	0.9172833410543099
AT3G12320	AT5G59080	0.8233645602697233
AT3G12320	AT1G66760	0.8632142330955641
AT3G12320	AT2G24540	0.8001376399988511
AT3G12320	AT1G66100	0.9080251192476838
AT3G12320	AT1G80820	0.8386693346889222
AT3G12320	AT4G38850	0.8145090593611398
AT3G12320	AT5G15830	0.8451940781688297
AT3G12320	AT4G38960	0.8104045970317025
AT3G12320	AT3G47500	0.8774206713439715
AT3G12320	AT5G57660	0.843801238120782
AT3G12320	AT5G52250	0.8237284173485996
AT3G12320	AT1G75100	0.8584923428725516
AT3G12320	AT3G49160	0.8404947848310769
AT3G12320	AT5G36910	0.9363981062041112
AT3G12320	AT5G43150	0.8409223212338242
AT3G12320	AT1G69570	0.8783453672961751
AT1G07050	AT1G17665	0.9179999455831582
AT1G07050	AT1G11210	0.8740326896910238
AT1G07050	AT2G23910	0.9152283213576933
AT1G07050	AT4G30650	0.9246948613846372
AT1G07050	AT4G33985	0.8718872581152447
AT1G07050	AT4G16146	0.8910728282308086
AT1G07050	AT2G22450	0.8348866128264238
AT1G07050	AT3G46970	0.866403973541094
AT1G07050	AT2G28085	0.8267267421997767
AT1G07050	AT2G42530	0.8715970114046325
AT1G07050	AT5G60100	0.9119110027222349
AT1G07050	AT2G28900	0.8926073436051521
AT1G07050	AT4G09020	0.8756486562455439
AT1G07050	AT1G31690	0.8453183799275538
AT1G07050	AT1G76790	0.8769540547479046
AT1G07050	AT4G12280	0.8897205552282588
AT1G07050	AT1G28050	0.8059102754741153
AT1G07050	AT3G20810	0.8585490458748068
AT1G07050	AT1G64890	0.8155524626744134
AT1G07050	AT3G63160	0.8636293696544032
AT1G07050	AT1G10760	0.8001066394500518
AT1G07050	AT3G47860	0.8062940225713819
AT1G07050	AT5G40180	0.8300203051755837
AT1G07050	AT4G32340	0.9025226021128576
AT1G07050	AT5G26570	0.9217605656570105
AT1G07050	AT5G15960	0.8552982411447801
AT1G07050	AT5G61380	0.922387445848994
AT1G07050	AT5G39410	0.8424802939548683
AT1G07050	AT3G50120	0.8200186811849473
AT1G07050	AT2G25730	0.805071436030016
AT1G07050	AT1G29395	0.8221275823488251
AT1G07050	AT5G23660	0.9010950817518293
AT1G07050	AT4G19120	0.8870292031323419
AT1G07050	AT1G51090	0.842674608935983
AT1G07050	AT3G18080	0.8072439291231275
AT1G07050	AT3G05880	0.8173734124347012
AT1G07050	AT5G56310	0.9011661946244673
AT1G07050	AT3G10410	0.9106172754768164
AT1G07050	AT5G57110	0.914137039919181
AT1G07050	AT3G52180	0.8341510837411901
AT1G07050	AT2G29630	0.8080591798721012
AT1G07050	AT4G18240	0.8627179881466399
AT1G07050	AT1G67970	0.8253641753894264
AT1G07050	AT5G14550	0.8489637186910056
AT1G07050	AT5G11150	0.9491128364169326
AT1G07050	AT1G79440	0.8552964193472947
AT1G07050	AT4G33700	0.889728593380145
AT1G07050	AT1G26665	0.858848437083729
AT1G07050	AT2G43550	0.8444605039733486
AT1G07050	AT1G43080	0.8319629475505979
AT1G07050	AT4G17140	0.8630550923417512
AT1G07050	AT3G55450	0.9531761429798326
AT1G07050	AT1G51610	0.8475155851108328
AT1G07050	AT1G48210	0.9327209505486277
AT1G07050	AT5G18540	0.865399733821418
AT1G07050	AT1G49220	0.9089638411898582
AT1G07050	AT1G31850	0.8879698783509488
AT1G07050	AT1G68050	0.9644642632030266
AT1G07050	AT2G01170	0.8101733524010629
AT1G07050	AT2G02100	0.8308874189867921
AT1G07050	AT3G16180	0.8828668586834157
AT1G07050	AT1G78995	0.8254048179917944
AT1G07050	AT1G53035	0.8879317014640524
AT1G07050	AT4G19390	0.8932126468829543
AT1G07050	AT2G15830	0.8110322671515736
AT1G07050	AT1G06460	0.8319223485276821
AT1G07050	AT3G46440	0.8799568035221755
AT1G07050	AT5G63420	0.8733791372114482
AT1G07050	AT2G19450	0.8484759561524912
AT1G07050	AT1G69870	0.8793560561432201
AT1G07050	AT4G33490	0.8778366690133228
AT1G07050	AT1G75880	0.8519576124306293
AT1G07050	AT5G27930	0.8008499648463107
AT1G07050	AT3G05800	0.8371277926833309
AT2G46830	AT2G46790	0.8961390078832633
AT2G46830	AT3G02380	0.9318251393936771
AT2G46830	AT1G32900	0.9112287938493144
AT2G46830	AT3G54500	0.9638403803862629
AT2G46830	AT5G25140	0.9408300387715189
AT2G46830	AT5G13170	0.876516066478183
AT2G46830	AT3G09600	0.8252470693213068
AT2G46830	AT1G01520	0.8800799480013821
AT2G46830	AT5G06980	0.9525680772351811
AT2G46830	AT5G52570	0.9915667246599895
AT2G46830	AT1G16730	0.9530572370032626
AT2G46830	AT5G17300	0.8058502474416785
AT2G46830	AT1G07180	0.9433713765669055
AT2G46830	AT2G41250	0.9400531576149606
AT2G46830	AT3G63440	0.8109473270768696
AT2G46830	AT1G55960	0.8460573600775331
AT2G46830	AT1G10370	0.8488677016291993
AT2G46830	AT5G15850	0.926488039410763
AT2G46830	AT4G31870	0.8556450834897524
AT2G46830	AT3G47420	0.8585058547173047
AT2G46830	AT5G64170	0.9224779057870924
AT2G46830	AT1G62510	0.8602958715453775
AT2G46830	AT5G04190	0.876078420122399
AT2G46830	AT5G22390	0.8384759661699156
AT2G46830	AT2G31380	0.934532102557632
AT2G46830	AT3G27170	0.8990092805653589
AT2G46830	AT3G27690	0.8160071543488375
AT2G46830	AT2G21320	0.8509110919895069
AT2G46830	AT5G48530	0.849893498940263
AT2G46830	AT5G24120	0.8320809490846446
AT2G46830	AT3G59060	0.8293258823814242
AT2G46830	AT2G24540	0.8982874595021515
AT2G46830	AT1G66100	0.843187112219096
AT2G46830	AT5G07780	0.8008788127686428
AT2G46830	AT5G15830	0.8820612737441933
AT2G46830	AT4G38960	0.8458933668860091
AT2G46830	AT3G47500	0.8094846491009198
AT2G46830	AT1G13080	0.8182986348722727
AT2G46830	AT5G39660	0.8112374858184425
AT2G46830	AT2G04795	0.8031990008076911
AT2G46830	AT5G62430	0.8380636644902952
AT2G46830	AT1G75100	0.9454744427901608
AT2G46830	AT3G49160	0.8011781250608889
AT2G46830	AT5G36910	0.8979405554627682
AT2G46830	AT1G70985	0.8415561220808526
AT2G46830	AT5G43150	0.8482617801113153
AT2G46830	AT5G05860	0.820487981155449
AT2G46830	AT1G69570	0.8807464315745271
AT2G46830	AT1G79270	0.8709093217774376
AT1G56300	AT2G39920	0.8317280199616264
AT1G56300	AT2G38465	0.8595378829551932
AT1G56300	AT1G20030	0.828983050074374
AT1G56300	AT5G06690	0.8368082341113128
AT1G56300	AT1G49720	0.8693214424966613
AT1G56300	AT4G26670	0.8336871895032065
AT1G56300	AT2G25930	0.8187087216248566
AT1G56300	AT2G21130	0.9460696971435574
AT1G56300	AT4G01130	0.8115934351789554
AT1G56300	AT2G40340	0.8134502005061841
AT1G56300	AT4G14270	0.8185009331744625
AT1G56300	AT3G47860	0.8049731204869476
AT1G56300	AT4G27440	0.8362339404277556
AT1G56300	AT5G64860	0.8280085031735375
AT1G56300	AT5G59570	0.8446652846959094
AT1G56300	AT5G54960	0.8867040312353701
AT1G56300	AT3G47160	0.9050194662628657
AT1G56300	AT4G39090	0.849284142781156
AT1G56300	AT3G50500	0.9618663800945154
AT1G56300	AT5G27280	0.888354343785325
AT1G56300	AT1G49650	0.803925631145126
AT1G56300	AT3G11020	0.8214031642157222
AT1G56300	AT5G14920	0.8361353516682297
AT1G56300	AT3G28870	0.819794569695619
AT1G56300	AT4G02550	0.8645912432467912
AT1G56300	AT5G02860	0.8133302024112803
AT1G56300	AT1G80480	0.9234497405431992
AT1G56300	AT1G60340	0.8086390887934194
AT1G56300	AT1G02300	0.8495428044249644
AT1G56300	AT4G02370	0.8129784508312429
AT1G56300	AT1G70820	0.8136252107344175
AT1G56300	AT3G50700	0.8055075094163444
AT1G56300	AT5G03240	0.8925951934886025
AT1G56300	AT5G43440	0.8183240820572752
AT1G56300	AT1G32090	0.903747633026426
AT1G56300	AT3G43160	0.8524576227801187
AT1G56300	AT4G05150	0.9089676901553503
AT1G56300	AT1G12710	0.8428879701255638
AT1G56300	AT4G38580	0.9760457357615948
AT1G56300	AT1G17460	0.8986776641363078
AT1G56300	AT1G49560	0.92203130378096
AT1G56300	AT3G26580	0.8876459122151893
AT1G56300	AT4G12750	0.8543052808858381
AT1G56300	AT3G56720	0.8353235851966193
AT1G56300	AT1G21680	0.8651733031706058
AT1G56300	AT1G78600	0.8228246734220097
AT1G56300	AT3G16740	0.8852453668824732
AT1G56300	AT1G33970	0.8572300302341365
AT1G56300	AT3G51660	0.8124045849277256
AT1G56300	AT5G62350	0.8965414714730553
AT1G56300	AT5G08380	0.8374852691337583
AT4G04330	AT1G17665	0.8568583071988388
AT4G04330	AT1G11210	0.9490808239358864
AT4G04330	AT3G62550	0.9390944438285275
AT4G04330	AT5G24470	0.9437554485454438
AT4G04330	AT2G39920	0.9630735186863909
AT4G04330	AT4G30650	0.8767477965103694
AT4G04330	AT2G38465	0.8521084504327092
AT4G04330	AT1G20030	0.8467353362344006
AT4G04330	AT4G33985	0.8385044170790422
AT4G04330	AT4G16146	0.9640576264783649
AT4G04330	AT2G22450	0.975742273067667
AT4G04330	AT2G33830	0.9071912658450195
AT4G04330	AT3G04010	0.8425918948588944
AT4G04330	AT4G30660	0.9753565770260164
AT4G04330	AT1G19370	0.9490623963496846
AT4G04330	AT3G46970	0.9550682409359514
AT4G04330	AT2G47890	0.9200981121097099
AT4G04330	AT2G42530	0.9158921991750105
AT4G04330	AT5G60100	0.8854507084913545
AT4G04330	AT2G28900	0.9091287817234075
AT4G04330	AT5G06690	0.9568276130838782
AT4G04330	AT1G36940	0.8073031526813629
AT4G04330	AT4G09020	0.9666587242970052
AT4G04330	AT1G49230	0.8991538390273786
AT4G04330	AT1G76790	0.8273306480815379
AT4G04330	AT4G12280	0.9019031744769368
AT4G04330	AT1G49720	0.9406677095851029
AT4G04330	AT4G26670	0.973244247931227
AT4G04330	AT1G28050	0.961239253751054
AT4G04330	AT2G25930	0.9213081884015969
AT4G04330	AT4G01130	0.9815913829270998
AT4G04330	AT2G40340	0.8574883291743407
AT4G04330	AT1G64890	0.9494285851407732
AT4G04330	AT3G63160	0.8175622690355866
AT4G04330	AT2G15890	0.89707584046487
AT4G04330	AT5G47240	0.8705315998026232
AT4G04330	AT1G10760	0.9867990064279876
AT4G04330	AT3G47860	0.9478352199868832
AT4G04330	AT4G27440	0.8748535297155321
AT4G04330	AT5G64860	0.9737158686056768
AT4G04330	AT4G32340	0.9641439965965236
AT4G04330	AT5G26570	0.9409934839486582
AT4G04330	AT5G59570	0.8688361003859015
AT4G04330	AT5G15960	0.9123135475051819
AT4G04330	AT5G61380	0.9141323802779833
AT4G04330	AT5G54960	0.8706020735710801
AT4G04330	AT2G20480	0.8250549298397483
AT4G04330	AT5G39410	0.9736125188085144
AT4G04330	AT5G44010	0.9149346954447838
AT4G04330	AT5G48250	0.8327543853914487
AT4G04330	AT2G25730	0.921849158939832
AT4G04330	AT2G28840	0.9670730231057784
AT4G04330	AT1G29395	0.9400436143097646
AT4G04330	AT3G26740	0.9666742585326503
AT4G04330	AT5G23660	0.9037535583741636
AT4G04330	AT5G51570	0.9243403479906218
AT4G04330	AT3G47160	0.8138772802399517
AT4G04330	AT4G39090	0.9442592977441073
AT4G04330	AT4G19120	0.8175124019653205
AT4G04330	AT2G31360	0.8784952732009869
AT4G04330	AT1G51090	0.8514260499146848
AT4G04330	AT3G18080	0.9241683847317343
AT4G04330	AT5G61800	0.865436642335826
AT4G04330	AT3G05880	0.9557589386008482
AT4G04330	AT3G50500	0.8720058314988118
AT4G04330	AT3G10410	0.9420410407847728
AT4G04330	AT5G57110	0.9191864301446988
AT4G04330	AT1G09190	0.8290018286863583
AT4G04330	AT5G27280	0.961081173891703
AT4G04330	AT2G45560	0.9258176736034995
AT4G04330	AT1G49650	0.9373987229561245
AT4G04330	AT2G16660	0.8264898861247406
AT4G04330	AT3G52180	0.9260171820548075
AT4G04330	AT2G29630	0.9383538204206847
AT4G04330	AT1G67660	0.9726807027174021
AT4G04330	AT5G14920	0.8857163436080993
AT4G04330	AT3G53800	0.9258215282842361
AT4G04330	AT4G18520	0.9457950587709341
AT4G04330	AT4G18240	0.9372696904388392
AT4G04330	AT1G67970	0.9022281951237693
AT4G04330	AT2G17840	0.9599422044173649
AT4G04330	AT5G14550	0.9498036829953245
AT4G04330	AT5G35735	0.8186070070910195
AT4G04330	AT1G51940	0.8958941799664788
AT4G04330	AT5G11150	0.8605072669401175
AT4G04330	AT5G02860	0.9582776785547525
AT4G04330	AT1G79440	0.9223022193420117
AT4G04330	AT4G33700	0.9118975043484795
AT4G04330	AT2G06925	0.8635432765953892
AT4G04330	AT1G27630	0.9761349724867686
AT4G04330	AT1G80480	0.8190376623795488
AT4G04330	AT1G26665	0.9101239486243279
AT4G04330	245432_at	0.893396582342147
AT4G04330	AT3G02330	0.8697332441510054
AT4G04330	AT2G43550	0.8009628587970974
AT4G04330	AT4G02370	0.9397688520570048
AT4G04330	AT5G62720	0.9110785573659465
AT4G04330	AT5G63810	0.9235549790478412
AT4G04330	AT1G70820	0.9417260926815636
AT4G04330	AT3G59820	0.8476361310456824
AT4G04330	AT3G50700	0.8825739381786578
AT4G04330	AT5G03240	0.9152081293560219
AT4G04330	AT5G43440	0.8857948779434025
AT4G04330	AT4G17140	0.8735256969222744
AT4G04330	AT3G55450	0.8290145864256333
AT4G04330	AT1G51610	0.9167115123312423
AT4G04330	AT1G48210	0.8841413161469055
AT4G04330	AT5G18540	0.9034297620440394
AT4G04330	AT5G25210	0.8655732531848237
AT4G04330	AT1G69830	0.952633674349354
AT4G04330	AT1G49220	0.8726784565961051
AT4G04330	AT3G57770	0.8038859228246751
AT4G04330	AT2G15970	0.9211596407057204
AT4G04330	AT1G31850	0.9066787575891727
AT4G04330	AT1G12710	0.8700083995143776
AT4G04330	AT3G14310	0.9635581527506618
AT4G04330	AT2G01170	0.9537193759612335
AT4G04330	AT2G39900	0.930007738663875
AT4G04330	AT2G02100	0.932748425018552
AT4G04330	AT5G42500	0.8141678136452035
AT4G04330	AT3G58570	0.9630893984640582
AT4G04330	AT3G16180	0.917776421760403
AT4G04330	AT3G01310	0.9571517412838636
AT4G04330	AT3G26580	0.9415552003040786
AT4G04330	AT1G12845	0.9076896282731186
AT4G04330	AT2G43535	0.909266852628014
AT4G04330	AT3G56720	0.9191917508656144
AT4G04330	AT1G70420	0.8143736286995612
AT4G04330	AT4G05330	0.9344724933312367
AT4G04330	AT1G21680	0.8855468622810272
AT4G04330	AT1G53035	0.8920791718060597
AT4G04330	AT4G11600	0.9138874778873589
AT4G04330	AT1G75960	0.8806413184363056
AT4G04330	AT3G16740	0.843029710220816
AT4G04330	AT4G19390	0.9343758535745132
AT4G04330	AT5G10530	0.8887625788869807
AT4G04330	AT1G06460	0.9523415403542943
AT4G04330	AT1G33970	0.838476578541869
AT4G04330	AT3G46440	0.9063767599334925
AT4G04330	AT3G51660	0.8001967375450189
AT4G04330	AT1G13930	0.9040120565275794
AT4G04330	AT5G63420	0.9380840107394597
AT4G04330	AT2G19450	0.9177896915456124
AT4G04330	AT5G62350	0.8612858455510154
AT4G04330	AT4G33490	0.9521961560781029
AT4G04330	AT4G14230	0.932615033770888
AT4G04330	AT5G27930	0.9325712075606958
AT4G04330	AT3G05800	0.8338700444393171
AT1G74310	AT4G12400	0.8783473805355083
AT1G74310	AT5G37670	0.8761324827780481
AT1G74310	AT5G51440	0.9706900553698232
AT1G74310	AT3G16050	0.9368116415889927
AT1G74310	AT1G72660	0.8216600912255865
AT1G74310	AT1G71000	0.8765402005170994
AT1G74310	AT5G48570	0.9251450454915559
AT1G74310	AT5G52640	0.959706054795157
AT1G74310	AT3G12580	0.9100774415319471
AT1G74310	AT2G46240	0.9059854137499552
AT1G74310	254414_at	0.8171478669621115
AT1G74310	AT2G20560	0.9319949643056098
AT1G74310	AT4G23493	0.8489140609853337
AT1G74310	AT3G24500	0.9422051946084433
AT1G74310	AT5G64510	0.9670405403047347
AT1G74310	AT1G54050	0.9595981487370834
AT1G74310	AT3G51910	0.8829348270115668
AT1G74310	AT5G25450	0.9535902156522361
AT1G74310	AT2G32120	0.9241571743380264
AT1G74310	AT1G16030	0.8936162164865085
AT1G74310	AT1G17870	0.8604550231339283
AT1G74310	AT1G30070	0.9497175850024381
AT1G74310	AT1G21550	0.8835601971306754
AT1G74310	AT1G66080	0.8354227272085761
AT1G74310	AT3G20180	0.8748735149427035
AT1G74310	AT5G18340	0.9180644616776148
AT1G74310	AT5G12110	0.8947051256599093
AT1G74310	AT5G10695	0.8737125571010832
AT1G74310	AT2G19310	0.928007053935472
AT1G74310	AT3G09350	0.9469610252954479
AT1G74310	AT1G67360	0.9069858102172383
AT1G74310	AT3G10020	0.8138274941182774
AT1G74310	AT4G36988	0.9138413730254812
AT1G74310	AT1G26800	0.9056661332508124
AT1G74310	AT2G47180	0.82211963645332
AT1G74310	AT1G07350	0.9605596187675163
AT1G74310	AT5G47830	0.9186917395613271
AT1G74310	AT5G35320	0.9386372195289884
AT1G74310	AT4G29770	0.853320777797254
AT1G74310	AT3G17110	0.8444966994078115
AT1G74310	AT3G08970	0.9322745296114284
AT1G74310	AT4G11660	0.9034357810015828
AT1G74310	AT1G14200	0.8821483861304347
AT1G74310	AT5G09590	0.9564281854296041
AT1G74310	AT1G59980	0.8367351430625395
AT1G74310	AT1G03070	0.8642327091707569
AT1G74310	AT3G07150	0.9192440633209531
AT1G74310	AT3G53230	0.9036030953677827
AT1G74310	AT5G47610	0.8698213815662766
AT1G74310	AT4G23570	0.86551142000612
AT1G74310	AT3G07090	0.8352219936790098
AT1G74310	AT1G07500	0.8116807159442692
AT1G74310	AT1G44414	0.8534811697032718
AT1G74310	AT3G22090	0.8657182989966221
AT1G74310	AT2G25140	0.9228264692299579
AT1G74310	AT5G05410	0.8459781371231385
AT1G74310	AT5G23480	0.899948288635738
AT1G74310	AT3G12050	0.9411044011637781
AT1G74310	AT3G25230	0.9357275829352873
AT1G74310	AT1G56170	0.838598555959055
AT1G74310	AT5G56030	0.8543738204830712
AT1G74310	AT5G62020	0.8300907676331197
AT1G74310	AT1G01940	0.8098649456362784
AT1G74310	AT4G23885	0.8231802478145213
AT1G74310	AT3G17611	0.9080208311691813
AT1G74310	AT3G23990	0.9173439442180283
AT1G74310	AT1G55530	0.925274833327158
AT1G74310	AT2G21940	0.9349994755361541
AT1G74310	AT5G58590	0.889585540686142
AT1G74310	AT4G17250	0.8398352435571903
AT1G74310	AT3G03520	0.8724590263662235
AT1G74310	AT2G41160	0.9376993454010162
AT1G74310	AT5G53400	0.9192976247336094
AT1G74310	AT3G29810	0.8013166260361783
AT1G74310	AT3G52830	0.8714990245466583
AT1G74310	AT4G26780	0.8472043834552992
AT1G74310	AT2G36460	0.9211501656638786
AT1G74310	AT5G58787	0.8507723792399361
AT1G74310	AT3G07770	0.8625076778357781
AT1G74310	AT3G57880	0.8850213825481196
AT4G12400	AT5G37670	0.8021641147274743
AT4G12400	AT5G51440	0.8897959539184713
AT4G12400	AT1G72660	0.9194729261550982
AT4G12400	AT5G48570	0.9578253002453438
AT4G12400	AT5G52640	0.900740855016012
AT4G12400	AT3G12580	0.800747210759861
AT4G12400	AT2G46240	0.8147096772693337
AT4G12400	254414_at	0.9219463958299552
AT4G12400	AT5G64510	0.8911292130066055
AT4G12400	AT1G54050	0.8765025286851849
AT4G12400	AT5G25450	0.9129610024123979
AT4G12400	AT2G32120	0.9106639652239846
AT4G12400	AT1G16030	0.8271545262745319
AT4G12400	AT1G17870	0.9340061065227181
AT4G12400	AT4G03320	0.8011699397784638
AT4G12400	AT1G30070	0.852175857848237
AT4G12400	AT1G21550	0.8354286124907181
AT4G12400	AT3G20180	0.8723205403674067
AT4G12400	AT5G12110	0.8861540479350345
AT4G12400	AT5G10695	0.8166495193746021
AT4G12400	AT2G19310	0.8669962966523246
AT4G12400	AT1G07350	0.8358269821906087
AT4G12400	AT5G47830	0.9614244163645252
AT4G12400	AT4G29770	0.9508644955642107
AT4G12400	AT5G09590	0.8398238615869733
AT4G12400	AT1G59980	0.8596443266059336
AT4G12400	AT3G07150	0.8338140732600874
AT4G12400	AT5G07330	0.8234965226930606
AT4G12400	AT3G53230	0.8835813100086348
AT4G12400	AT4G19430	0.8609293048753303
AT4G12400	AT1G07500	0.8449509849236448
AT4G12400	AT1G44414	0.8183861051702701
AT4G12400	AT3G22090	0.8170119130376191
AT4G12400	AT2G25140	0.8010172729293201
AT4G12400	AT5G27660	0.8126501910655362
AT4G12400	AT1G01940	0.9187255681052034
AT4G12400	257239_at	0.9329307373322844
AT4G12400	AT4G23885	0.8246973139324083
AT4G12400	AT2G30000	0.8512387453764592
AT4G12400	AT3G23990	0.888097149081382
AT4G12400	AT2G21940	0.8412974116879754
AT4G12400	AT5G58590	0.8472441129082916
AT4G12400	AT3G03520	0.838102271983607
AT4G12400	AT3G52830	0.832541470396714
AT4G12400	AT4G26780	0.8997118325006626
AT4G12400	AT5G58787	0.8511566732029803
AT4G12400	AT3G07770	0.8914891362840713
AT1G17665	AT1G11210	0.8683859732563721
AT1G17665	AT2G23910	0.903685769421639
AT1G17665	AT4G30650	0.8676517290501781
AT1G17665	AT2G38465	0.8170686506357763
AT1G17665	AT4G33985	0.8456827191101343
AT1G17665	AT4G16146	0.9411489393245868
AT1G17665	AT2G22450	0.8900726432965531
AT1G17665	AT4G30660	0.804058661293582
AT1G17665	AT1G19370	0.8222477426227146
AT1G17665	AT3G46970	0.8481763824254416
AT1G17665	AT2G28085	0.8571792435733865
AT1G17665	AT2G42530	0.851304768851844
AT1G17665	AT5G60100	0.8985477843941612
AT1G17665	AT2G28900	0.8446279007014159
AT1G17665	AT5G06690	0.808210811132745
AT1G17665	AT4G09020	0.8944946948149062
AT1G17665	AT1G76790	0.846581000455803
AT1G17665	AT4G12280	0.8807483654813324
AT1G17665	AT4G26670	0.8614436135082179
AT1G17665	AT1G28050	0.87186229337665
AT1G17665	AT2G25930	0.8972650692810362
AT1G17665	AT4G01130	0.8596887395113227
AT1G17665	AT2G40340	0.812526486162952
AT1G17665	AT3G20810	0.8611785168232832
AT1G17665	AT1G64890	0.8211938099155146
AT1G17665	AT3G63160	0.8361236711543635
AT1G17665	AT1G10760	0.8457930178358762
AT1G17665	AT3G47860	0.8933145437231641
AT1G17665	AT5G64860	0.8149809099130941
AT1G17665	AT5G40180	0.9240615432748122
AT1G17665	AT4G32340	0.9129668334154322
AT1G17665	AT5G26570	0.9063185032826371
AT1G17665	AT5G59570	0.8416036434323818
AT1G17665	AT5G15960	0.8869417498356632
AT1G17665	AT5G61380	0.9760848876544437
AT1G17665	AT5G54960	0.8104104296252687
AT1G17665	AT5G39410	0.9153620531063298
AT1G17665	AT5G48250	0.9297898128429566
AT1G17665	AT2G25730	0.9076682939397818
AT1G17665	AT2G28840	0.835733183347908
AT1G17665	AT1G29395	0.8450101576313377
AT1G17665	AT3G26740	0.8087168171476948
AT1G17665	AT5G23660	0.9595108911804431
AT1G17665	AT5G51570	0.8926934495910316
AT1G17665	AT3G05880	0.9064493853966373
AT1G17665	AT3G10410	0.9456304768243845
AT1G17665	AT5G57110	0.9580584670812664
AT1G17665	AT1G09190	0.8236575290687942
AT1G17665	AT1G49650	0.8045450069050001
AT1G17665	AT3G52180	0.8239393784335731
AT1G17665	AT2G29630	0.9029179988375009
AT1G17665	AT1G67660	0.8015407613666208
AT1G17665	AT4G18240	0.8802505662181064
AT1G17665	AT1G67970	0.894545407029258
AT1G17665	AT2G17840	0.8607402389095095
AT1G17665	AT5G14550	0.9079295603492052
AT1G17665	AT5G11150	0.8558149209001704
AT1G17665	AT5G02860	0.8094754239957541
AT1G17665	AT1G79440	0.908608414441746
AT1G17665	AT4G33700	0.8973904887752017
AT1G17665	AT1G27630	0.862484050240877
AT1G17665	AT1G26665	0.9473661366909603
AT1G17665	AT4G02370	0.8031747039399281
AT1G17665	AT5G62720	0.8976888973227936
AT1G17665	AT3G59820	0.8000257812477928
AT1G17665	AT5G03240	0.8677070822582773
AT1G17665	AT4G17140	0.8943607909914542
AT1G17665	AT3G55450	0.8909548873879146
AT1G17665	AT1G51610	0.8280447696225501
AT1G17665	AT1G48210	0.9451052980820192
AT1G17665	AT5G18540	0.9382155958130808
AT1G17665	AT1G49220	0.8798250962851025
AT1G17665	AT1G31850	0.8627519494746653
AT1G17665	AT1G12710	0.8092896577366777
AT1G17665	AT1G68050	0.8721427284392845
AT1G17665	AT3G14310	0.8469318090825155
AT1G17665	AT2G01170	0.8146334640808057
AT1G17665	AT2G02100	0.8809847883316191
AT1G17665	AT3G58570	0.8639288661559098
AT1G17665	AT3G16180	0.869956320748823
AT1G17665	AT4G05330	0.8226474826298072
AT1G17665	AT1G21680	0.8236555060838517
AT1G17665	AT1G53035	0.8510888228870919
AT1G17665	AT4G19390	0.8899690849239377
AT1G17665	AT1G06460	0.8224396900265845
AT1G17665	AT3G46440	0.8207400467468835
AT1G17665	AT5G63420	0.9415115144893049
AT1G17665	AT2G19450	0.9043156387996635
AT1G17665	AT4G33490	0.9306177034984097
AT1G17665	AT5G27930	0.8193654711968278
AT1G17665	AT3G05800	0.8256630915318018
AT5G37670	AT5G51440	0.8646959175512547
AT5G37670	AT3G16050	0.8126435644204704
AT5G37670	AT1G72660	0.8524014267068696
AT5G37670	AT1G71000	0.8459519074370048
AT5G37670	AT5G52640	0.8204735738269103
AT5G37670	AT1G56600	0.8128159741799531
AT5G37670	AT2G46240	0.9450423081308768
AT5G37670	254414_at	0.8318234377710517
AT5G37670	AT2G20560	0.8684279899783263
AT5G37670	AT4G23493	0.9706884203724006
AT5G37670	AT3G24500	0.8593000194392377
AT5G37670	AT5G64510	0.8626906796322638
AT5G37670	AT1G54050	0.9442589257700175
AT5G37670	AT5G25450	0.9280791291167584
AT5G37670	AT2G32120	0.958278958024328
AT5G37670	AT1G16030	0.8905475455875639
AT5G37670	AT1G17870	0.8450725199320948
AT5G37670	AT1G30070	0.871430417563124
AT5G37670	AT1G21550	0.8845323617340654
AT5G37670	AT3G20180	0.8301565667932284
AT5G37670	AT5G18340	0.8559979805529976
AT5G37670	AT5G12110	0.8317704226081435
AT5G37670	AT5G10695	0.8341092316893997
AT5G37670	AT2G19310	0.9227750458642406
AT5G37670	AT3G09350	0.8566184137469152
AT5G37670	AT1G67360	0.9511194804659205
AT5G37670	AT4G36988	0.8905947729111643
AT5G37670	AT2G47180	0.8392149196425432
AT5G37670	AT1G07350	0.8614189879821037
AT5G37670	AT5G47830	0.8442045750629914
AT5G37670	AT4G21323	0.8990148885088823
AT5G37670	AT5G35320	0.9287776621109862
AT5G37670	AT3G17110	0.8019623385956236
AT5G37670	AT3G08970	0.8931409952628516
AT5G37670	AT4G11660	0.8527727334811427
AT5G37670	AT5G09590	0.8889901890437666
AT5G37670	AT1G59980	0.8870024161575742
AT5G37670	AT1G03070	0.8848330008741052
AT5G37670	AT3G07150	0.9380914636724405
AT5G37670	AT5G07330	0.8704648925099412
AT5G37670	AT3G53230	0.8307198682247693
AT5G37670	AT5G47610	0.8789577865711095
AT5G37670	AT1G07500	0.8303319004908772
AT5G37670	AT1G44414	0.8538506461931605
AT5G37670	AT5G19875	0.8501629383432431
AT5G37670	AT3G22090	0.8476098706792395
AT5G37670	AT2G25140	0.9069754717515311
AT5G37670	AT5G27660	0.8411737306878998
AT5G37670	AT5G05410	0.8596429843989302
AT5G37670	AT5G23480	0.8244309472957135
AT5G37670	AT3G12050	0.8281868752519265
AT5G37670	AT1G02700	0.8061559737011124
AT5G37670	AT3G25230	0.8380991926095404
AT5G37670	AT1G56170	0.8372454134032349
AT5G37670	AT5G62020	0.8111123731235403
AT5G37670	AT4G23885	0.8478291620173637
AT5G37670	AT3G17611	0.9156731942683696
AT5G37670	AT3G23990	0.8243150872827155
AT5G37670	AT1G55530	0.8586651027100299
AT5G37670	AT2G21940	0.914953026762126
AT5G37670	AT4G17250	0.8739805956761797
AT5G37670	AT3G03520	0.8670627694449861
AT5G37670	AT2G41160	0.8868238046216522
AT5G37670	AT5G53400	0.8740932173109394
AT5G37670	AT4G26780	0.8543926220669285
AT5G37670	AT2G36460	0.889474558442871
AT5G37670	AT5G58787	0.9079902336110944
AT1G11210	AT3G62550	0.8710969782004127
AT1G11210	AT5G24470	0.9168952538673667
AT1G11210	AT2G39920	0.8709398384792166
AT1G11210	AT4G30650	0.9095165807363708
AT1G11210	AT4G33985	0.836077922544197
AT1G11210	AT4G16146	0.9550499097537136
AT1G11210	AT2G22450	0.9734917653805801
AT1G11210	AT2G33830	0.9091891902489984
AT1G11210	AT4G30660	0.9626539725308463
AT1G11210	AT1G19370	0.8737314464655623
AT1G11210	AT3G46970	0.9524128443887498
AT1G11210	AT2G47890	0.8734529324720408
AT1G11210	AT2G42530	0.934068808208402
AT1G11210	AT5G60100	0.8983251992750796
AT1G11210	AT2G28900	0.9188775101623159
AT1G11210	AT5G06690	0.8528331297394923
AT1G11210	AT4G09020	0.9575803742664114
AT1G11210	AT1G49230	0.8124333231161208
AT1G11210	AT1G76790	0.8941370440932556
AT1G11210	AT4G12280	0.9061182012021465
AT1G11210	AT1G49720	0.8662005233683724
AT1G11210	AT4G26670	0.9290002775733064
AT1G11210	AT1G28050	0.9194316627549052
AT1G11210	AT2G25930	0.8448981387851979
AT1G11210	AT4G01130	0.9199850263794699
AT1G11210	AT2G40340	0.8030192967815394
AT1G11210	AT1G64890	0.9492725710889068
AT1G11210	AT3G63160	0.8530939631878881
AT1G11210	AT2G15890	0.8420839381526665
AT1G11210	AT5G47240	0.8666756864225122
AT1G11210	AT1G10760	0.9559795959826863
AT1G11210	AT3G47860	0.8901442944860679
AT1G11210	AT5G64860	0.9072886481301695
AT1G11210	AT4G32340	0.9747900463387406
AT1G11210	AT5G26570	0.9511819047420188
AT1G11210	AT5G15960	0.9072463265105289
AT1G11210	AT5G61380	0.9106808318397878
AT1G11210	AT3G42860	0.8303733975188551
AT1G11210	AT5G39410	0.9498128763194551
AT1G11210	AT5G44010	0.8412493456756641
AT1G11210	AT3G50120	0.8242604770558403
AT1G11210	AT2G25730	0.8932375823813665
AT1G11210	AT2G28840	0.9301648872200857
AT1G11210	AT1G29395	0.9393077883174941
AT1G11210	AT3G21470	0.8077895728273873
AT1G11210	AT3G26740	0.8913020950016489
AT1G11210	AT5G23660	0.8894139270960494
AT1G11210	AT5G51570	0.9066008923203778
AT1G11210	AT4G39090	0.8468978546547673
AT1G11210	AT4G19120	0.9096896786993456
AT1G11210	AT2G31360	0.8164708565993318
AT1G11210	AT1G51090	0.8627794558471037
AT1G11210	AT3G18080	0.9500124504286324
AT1G11210	AT5G61800	0.8725723697399611
AT1G11210	AT3G05880	0.9265616415566941
AT1G11210	AT5G56310	0.8330287684921065
AT1G11210	AT3G10410	0.9295341086152135
AT1G11210	AT5G57110	0.9169374017426283
AT1G11210	AT1G09190	0.8314340477723371
AT1G11210	AT5G27280	0.8934817371883746
AT1G11210	AT2G45560	0.895590785096793
AT1G11210	AT1G49650	0.8269449293418898
AT1G11210	AT3G52180	0.9026074352674017
AT1G11210	AT2G29630	0.8723020798283027
AT1G11210	AT1G67660	0.9114820590384987
AT1G11210	AT5G14920	0.8147078904189019
AT1G11210	AT3G53800	0.8292243699068186
AT1G11210	AT4G18520	0.8923049732495225
AT1G11210	AT4G18240	0.9135591256176034
AT1G11210	AT1G67970	0.9169593828017502
AT1G11210	AT2G17840	0.9175326800136905
AT1G11210	AT5G14550	0.925363665149654
AT1G11210	AT5G11150	0.9219200928536958
AT1G11210	AT3G28290	0.8082500494629796
AT1G11210	AT5G02860	0.8768582448670611
AT1G11210	AT1G79440	0.923358553433482
AT1G11210	AT4G33700	0.9146610985592969
AT1G11210	AT2G06925	0.8670426386289674
AT1G11210	AT1G27630	0.9233657569235203
AT1G11210	AT1G26665	0.8809404038587029
AT1G11210	245432_at	0.9382836751219811
AT1G11210	AT3G02330	0.8751588544646361
AT1G11210	AT2G43550	0.8108226681149974
AT1G11210	AT4G02370	0.8619599753944118
AT1G11210	AT1G43080	0.8168413805447011
AT1G11210	AT5G62720	0.8372195517505793
AT1G11210	AT5G63810	0.9318199358577316
AT1G11210	AT1G70820	0.8817281552998172
AT1G11210	AT3G59820	0.840467136479186
AT1G11210	AT5G03240	0.8465751652982544
AT1G11210	AT5G43440	0.8516042140890102
AT1G11210	AT4G17140	0.8531742693985953
AT1G11210	AT3G55450	0.8819239451088858
AT1G11210	AT1G51610	0.9474362537159271
AT1G11210	AT1G48210	0.902162964777743
AT1G11210	AT5G57630	0.8473821843867034
AT1G11210	AT5G18540	0.9234538148104227
AT1G11210	AT5G25210	0.8481032772493834
AT1G11210	AT1G69830	0.924398020356136
AT1G11210	AT1G49220	0.8873513022825124
AT1G11210	AT3G57770	0.8080605382954079
AT1G11210	AT2G15970	0.9049132108374894
AT1G11210	AT5G59200	0.8199935208800322
AT1G11210	AT1G31850	0.9119287427797892
AT1G11210	AT1G12710	0.8048947470572152
AT1G11210	AT1G68050	0.8529001748091047
AT1G11210	AT3G14310	0.8771653877079701
AT1G11210	AT2G01170	0.9690145653736578
AT1G11210	AT2G39900	0.861483901925673
AT1G11210	AT2G02100	0.9065720982130124
AT1G11210	AT3G58570	0.9419487595851862
AT1G11210	AT3G16180	0.9235521274642956
AT1G11210	AT3G01310	0.9181617617451583
AT1G11210	AT1G78995	0.8006348789453825
AT1G11210	AT3G26580	0.8408920573501147
AT1G11210	AT1G12845	0.8903588391703146
AT1G11210	AT2G43535	0.9112242052178228
AT1G11210	AT3G56720	0.8300533470660162
AT1G11210	AT1G70420	0.817054972421301
AT1G11210	AT4G05330	0.8545293157918075
AT1G11210	AT1G21680	0.8004248055497487
AT1G11210	AT1G53035	0.9396693028981932
AT1G11210	AT4G11600	0.9016604204418845
AT1G11210	AT1G75960	0.9095794972438742
AT1G11210	AT4G19390	0.947249616283804
AT1G11210	AT5G10530	0.8440104614654002
AT1G11210	AT1G06460	0.9633237185193579
AT1G11210	AT3G46440	0.9542888746228081
AT1G11210	AT1G13930	0.911588830659931
AT1G11210	AT5G63420	0.914403251140113
AT1G11210	AT2G19450	0.9395687663342523
AT1G11210	AT4G33490	0.952258602149924
AT1G11210	AT4G14230	0.9119509591931496
AT1G11210	AT1G43980	0.861036874610505
AT1G11210	AT1G75880	0.8531049070637515
AT1G11210	AT5G27930	0.9184584556409474
AT1G11210	AT3G05800	0.8496529624254383
AT2G23910	AT4G30650	0.8940907030063244
AT2G23910	AT4G16146	0.8552285301640367
AT2G23910	AT2G28085	0.892196250212459
AT2G23910	AT5G60100	0.9120708517719025
AT2G23910	AT2G28900	0.8563917248944413
AT2G23910	AT4G09020	0.8302457734967859
AT2G23910	AT1G31690	0.8714098943707883
AT2G23910	AT1G76790	0.8394782947445004
AT2G23910	AT4G12280	0.887400218529163
AT2G23910	AT2G25930	0.8060643836607416
AT2G23910	AT3G20810	0.9517846788853875
AT2G23910	AT3G63160	0.8795905811880524
AT2G23910	AT3G47860	0.8201196356294117
AT2G23910	AT5G40180	0.8456126317609352
AT2G23910	AT4G32340	0.8615607958804891
AT2G23910	AT5G26570	0.89764812688335
AT2G23910	AT5G15960	0.8206659473917423
AT2G23910	AT5G61380	0.8967199869655635
AT2G23910	AT5G39410	0.8034004001449466
AT2G23910	AT5G48250	0.8186767409645155
AT2G23910	AT2G25730	0.837810285460023
AT2G23910	AT5G23660	0.9020494034977121
AT2G23910	AT5G51570	0.8023359108089383
AT2G23910	AT3G05880	0.8219486092029119
AT2G23910	AT3G10410	0.9097603604697455
AT2G23910	AT5G57110	0.9031048219618025
AT2G23910	AT3G52180	0.8318014363330937
AT2G23910	AT2G29630	0.8303759053986378
AT2G23910	AT4G18240	0.8760643105198452
AT2G23910	AT5G11150	0.8486980974533784
AT2G23910	AT3G28290	0.8058992712329389
AT2G23910	AT1G79440	0.8172875205924681
AT2G23910	AT4G33700	0.8469391106260368
AT2G23910	AT1G26665	0.8706524870934829
AT2G23910	AT2G43550	0.8722165548382269
AT2G23910	AT4G17140	0.9155400048792576
AT2G23910	AT3G55450	0.9023366029504816
AT2G23910	AT1G48210	0.8848639731978465
AT2G23910	AT5G18540	0.8159492313173996
AT2G23910	AT1G49220	0.8591369558428151
AT2G23910	AT1G31850	0.8741703621722913
AT2G23910	AT1G68050	0.8875696456265068
AT2G23910	AT2G02100	0.817494702872777
AT2G23910	AT3G16180	0.8313839860367741
AT2G23910	AT1G53035	0.8071163398466974
AT2G23910	AT4G19390	0.8382570973925426
AT2G23910	AT2G15830	0.8025709647353299
AT2G23910	AT5G63420	0.8747925583908025
AT2G23910	AT1G69870	0.8723277469605161
AT2G23910	AT4G33490	0.814126694620841
AT2G46790	AT3G54500	0.9111495713743393
AT2G46790	AT5G25140	0.8101704666447409
AT2G46790	AT5G06980	0.8717299107586615
AT2G46790	AT5G52570	0.873785482204912
AT2G46790	AT1G16730	0.8747795992319785
AT2G46790	AT2G41250	0.8149488970369173
AT2G46790	AT5G64170	0.9498263615285795
AT2G46790	AT1G18330	0.8204582868279343
AT2G46790	AT2G21650	0.8043536882556384
AT2G46790	AT1G62510	0.8706962517858609
AT2G46790	AT3G27690	0.8637060713290107
AT2G46790	AT5G54470	0.8140921346870682
AT2G46790	AT5G45820	0.8092613468906278
AT2G46790	AT3G59060	0.8477948415839716
AT2G46790	AT1G73480	0.8390591868754158
AT2G46790	AT5G59080	0.8193625200835584
AT2G46790	AT1G66760	0.8219864174135844
AT2G46790	AT1G66100	0.826837810203329
AT2G46790	AT5G07780	0.8443479561744516
AT2G46790	AT3G47500	0.864866512700311
AT2G46790	AT5G57660	0.8687384985717648
AT2G46790	AT5G62430	0.8364252417529668
AT2G46790	AT5G36910	0.9024253974411096
AT3G02380	AT1G32900	0.987427876468148
AT3G02380	AT3G54500	0.9052595832373314
AT3G02380	AT5G25140	0.8806044523296934
AT3G02380	AT5G13170	0.921960133004366
AT3G02380	AT3G09600	0.9446686768193969
AT3G02380	AT1G01520	0.9257153869044294
AT3G02380	AT5G06980	0.9153814599370922
AT3G02380	AT5G52570	0.9311999559924029
AT3G02380	AT1G16730	0.9215437646770377
AT3G02380	AT5G17300	0.8482549673552184
AT3G02380	AT1G07180	0.9949419839558616
AT3G02380	AT3G24460	0.8280896352509147
AT3G02380	AT2G41250	0.9376562089393685
AT3G02380	AT1G55960	0.9576623661571108
AT3G02380	AT1G10370	0.9668689170940068
AT3G02380	AT5G15850	0.9736391921029108
AT3G02380	AT4G31870	0.9463408676568114
AT3G02380	AT3G47420	0.9138675471269513
AT3G02380	AT5G23730	0.8935261689113859
AT3G02380	AT5G64170	0.8191883215983109
AT3G02380	AT5G04190	0.8386895737297048
AT3G02380	AT5G22390	0.8151169914124506
AT3G02380	AT2G31380	0.9682744760069699
AT3G02380	AT3G13065	0.8541110826684013
AT3G02380	AT3G27170	0.9489550191744058
AT3G02380	AT4G08300	0.8976795992597832
AT3G02380	AT2G21320	0.8508088484460837
AT3G02380	AT1G64500	0.892004042214631
AT3G02380	AT1G65490	0.8070841804304243
AT3G02380	AT5G35970	0.8640353503941377
AT3G02380	AT3G15310	0.8171097967295294
AT3G02380	AT5G48530	0.8249137801455128
AT3G02380	AT4G02850	0.8764565915042579
AT3G02380	AT3G16150	0.8676863275071465
AT3G02380	AT5G66740	0.8409475078312059
AT3G02380	AT5G48540	0.8374138655599563
AT3G02380	AT5G24120	0.9611388116726579
AT3G02380	AT5G18670	0.8922312277153466
AT3G02380	AT1G68440	0.8376159422651257
AT3G02380	AT3G01550	0.8807800373753816
AT3G02380	AT4G15430	0.914066005960013
AT3G02380	AT3G56290	0.8742724773528203
AT3G02380	AT2G24540	0.9601805435324073
AT3G02380	AT3G01060	0.9274886459837808
AT3G02380	AT1G66100	0.8114107500259239
AT3G02380	AT5G15830	0.8612141442048575
AT3G02380	AT4G38960	0.9348904894011618
AT3G02380	AT3G51920	0.8814693849119917
AT3G02380	AT5G39660	0.9054435291315246
AT3G02380	AT3G57040	0.8985774490090308
AT3G02380	AT2G04795	0.8501666358561001
AT3G02380	AT1G75100	0.9476097966920949
AT3G02380	AT5G36910	0.8125888602212735
AT3G02380	AT1G70985	0.8827711481213141
AT3G02380	AT3G24170	0.8186055207071489
AT3G02380	AT2G22240	0.8007190628244698
AT3G02380	AT3G01430	0.8260254194012306
AT3G02380	AT5G05860	0.8691814552843374
AT3G02380	AT1G07450	0.8304539551943065
AT3G02380	AT1G79270	0.8878120114139773
AT3G02380	AT5G15600	0.881470863819509
AT3G62550	AT5G24470	0.913928045221473
AT3G62550	AT2G39920	0.9162743368754934
AT3G62550	AT2G38465	0.8587791000861069
AT3G62550	AT1G20030	0.8082411524799672
AT3G62550	AT3G53250	0.8091568490476255
AT3G62550	AT4G33985	0.8088652338682087
AT3G62550	AT4G16146	0.8806913020400321
AT3G62550	AT2G22450	0.9276879447514937
AT3G62550	AT2G33830	0.9116169588179548
AT3G62550	AT3G04010	0.8127275984744624
AT3G62550	AT4G30660	0.8963435417076615
AT3G62550	AT1G19370	0.8862218595007816
AT3G62550	AT3G46970	0.8494406447692987
AT3G62550	AT2G47890	0.8682539845343773
AT3G62550	AT2G42530	0.8322283047306883
AT3G62550	AT2G28900	0.810797582156422
AT3G62550	AT5G06690	0.942932931000881
AT3G62550	AT1G36940	0.8162260827542291
AT3G62550	AT4G09020	0.8502652416817312
AT3G62550	AT1G49230	0.8636268430285853
AT3G62550	AT4G12280	0.8268824453300037
AT3G62550	AT1G49720	0.8890253349700821
AT3G62550	AT4G26670	0.8875398893257728
AT3G62550	AT1G28050	0.8807016387436976
AT3G62550	AT2G25930	0.8659813357443356
AT3G62550	AT4G01130	0.9320587014618014
AT3G62550	AT2G40340	0.8036519803079066
AT3G62550	AT1G64890	0.9115645994503146
AT3G62550	AT2G15890	0.9451715478550301
AT3G62550	AT5G47240	0.8902299640709921
AT3G62550	AT1G10760	0.9107244507679455
AT3G62550	AT3G47860	0.8576676855885734
AT3G62550	AT4G27440	0.8819763682506968
AT3G62550	AT5G64860	0.8984397245368533
AT3G62550	AT4G32340	0.9012176438473181
AT3G62550	AT5G67480	0.8356880050111176
AT3G62550	AT5G26570	0.8410195976499872
AT3G62550	AT5G59570	0.8835100031270673
AT3G62550	AT5G15960	0.8256628129643236
AT3G62550	AT5G61380	0.8496519520009688
AT3G62550	AT5G39410	0.8916035466274004
AT3G62550	AT5G44010	0.893724015936749
AT3G62550	AT2G25730	0.8730069479859551
AT3G62550	AT2G28840	0.9124973845386628
AT3G62550	AT2G40130	0.8097563796026639
AT3G62550	AT1G29395	0.8497279384390355
AT3G62550	AT3G26740	0.9833653566611611
AT3G62550	AT5G23660	0.829645302671082
AT3G62550	AT5G51570	0.8712225709687808
AT3G62550	AT1G28330	0.8598134830257724
AT3G62550	AT3G47160	0.8608622451596416
AT3G62550	AT4G39090	0.9534013835362168
AT3G62550	AT2G31360	0.848547423700155
AT3G62550	AT3G18080	0.8008976817152811
AT3G62550	AT5G61800	0.8038337820879472
AT3G62550	AT3G05880	0.923915378430672
AT3G62550	AT3G50500	0.826044238626131
AT3G62550	AT3G10410	0.8630213294746425
AT3G62550	AT5G57110	0.8514394829260765
AT3G62550	AT5G27280	0.8729720786817523
AT3G62550	AT2G45560	0.8222117162758108
AT3G62550	AT5G41920	0.8095039010985956
AT3G62550	AT1G49650	0.9168880103773615
AT3G62550	AT2G16660	0.8082608604927635
AT3G62550	AT2G15960	0.8602550940952584
AT3G62550	AT3G52180	0.8150229043640078
AT3G62550	AT2G29630	0.8650876859083829
AT3G62550	AT1G67660	0.9169573492852334
AT3G62550	AT5G14920	0.8782427090770528
AT3G62550	AT3G53800	0.9167714905193896
AT3G62550	AT4G18520	0.9112761422924882
AT3G62550	AT4G18240	0.8485167709478679
AT3G62550	AT1G67970	0.9199368281651349
AT3G62550	AT2G17840	0.9135520960454071
AT3G62550	AT5G14550	0.8431376475700713
AT3G62550	AT5G35735	0.8280733876376382
AT3G62550	AT1G51940	0.9133194688200591
AT3G62550	AT5G02860	0.9067774580154673
AT3G62550	AT1G79440	0.8759831314557702
AT3G62550	AT4G33700	0.8154736521210083
AT3G62550	AT1G27630	0.9035487383483104
AT3G62550	AT1G26665	0.8312377662649175
AT3G62550	AT5G26340	0.8054177543887735
AT3G62550	245432_at	0.8238997786769959
AT3G62550	AT3G02330	0.8337964491333943
AT3G62550	AT4G02370	0.9261046954812697
AT3G62550	AT5G62720	0.8390282099390464
AT3G62550	AT5G09630	0.8792833832183404
AT3G62550	AT5G63810	0.8472370918212055
AT3G62550	AT1G70820	0.9037807345386897
AT3G62550	AT3G59820	0.8159639486836436
AT3G62550	AT3G50700	0.8966350946401654
AT3G62550	AT5G03240	0.8668587017697015
AT3G62550	AT5G43440	0.8602358749729433
AT3G62550	AT1G51610	0.8166853909908792
AT3G62550	AT5G57630	0.8352771774797914
AT3G62550	AT5G18540	0.8523300188508394
AT3G62550	AT5G25210	0.9058024274719652
AT3G62550	AT1G69830	0.8396250960465577
AT3G62550	AT4G33960	0.8332323848781753
AT3G62550	AT4G05150	0.8055185487980635
AT3G62550	AT2G15970	0.8466018188797083
AT3G62550	AT1G31850	0.8306935626085914
AT3G62550	AT1G12710	0.8354783520546966
AT3G62550	AT3G14310	0.9205729618777764
AT3G62550	AT2G01170	0.8585447055279248
AT3G62550	AT2G39900	0.8699623929749497
AT3G62550	AT2G02100	0.8509043134517277
AT3G62550	AT3G58570	0.8978952234385621
AT3G62550	AT3G16180	0.8492848845980007
AT3G62550	AT3G01310	0.8902509267232142
AT3G62550	AT3G26580	0.8977308335775739
AT3G62550	AT1G12845	0.8459468543132865
AT3G62550	AT2G43535	0.8795413507346627
AT3G62550	AT5G50450	0.8165462485759917
AT3G62550	AT3G56720	0.8894303819753248
AT3G62550	AT1G70420	0.8079175676016901
AT3G62550	AT4G05330	0.9242501680680464
AT3G62550	AT1G21680	0.8829557201896058
AT3G62550	AT4G11600	0.8376325356169425
AT3G62550	AT1G75960	0.8389799879083123
AT3G62550	AT3G16740	0.8779626746839253
AT3G62550	AT4G19390	0.8659536770402242
AT3G62550	AT5G10530	0.8017563791241562
AT3G62550	AT1G06460	0.8518838156530295
AT3G62550	AT1G33970	0.8466161275394185
AT3G62550	AT3G51660	0.8008388345734679
AT3G62550	AT1G13930	0.8086528588076137
AT3G62550	AT5G63420	0.8692476739831869
AT3G62550	AT2G19450	0.8720233504947029
AT3G62550	AT5G62350	0.8332077610451604
AT3G62550	AT4G33490	0.8532662926530244
AT3G62550	AT4G14230	0.8330298574936715
AT3G62550	AT5G27930	0.8717519365245886
AT3G62550	AT1G67370	0.8230293186012767
AT5G24470	AT2G39920	0.9242163567182394
AT5G24470	AT2G38465	0.8687174519752315
AT5G24470	AT1G20030	0.923617751653345
AT5G24470	AT3G53250	0.8277733448767108
AT5G24470	AT4G16146	0.898696072160023
AT5G24470	AT2G15880	0.8227216888508873
AT5G24470	AT2G22450	0.9363402674038752
AT5G24470	AT2G33830	0.9120737045878045
AT5G24470	AT3G04010	0.891851379134565
AT5G24470	AT4G30660	0.930955487720685
AT5G24470	AT1G19370	0.9114420251589157
AT5G24470	AT3G46970	0.8804330824030417
AT5G24470	AT2G47890	0.9389459752328089
AT5G24470	AT2G42530	0.8689705302163951
AT5G24470	AT2G28900	0.8087779797978393
AT5G24470	AT5G06690	0.9180079594362419
AT5G24470	AT1G36940	0.8811416086254505
AT5G24470	AT4G09020	0.8928437900605215
AT5G24470	AT1G49230	0.8711041417799296
AT5G24470	AT1G49720	0.9385246250818485
AT5G24470	AT4G26670	0.9584053798660992
AT5G24470	AT1G28050	0.9133499668928292
AT5G24470	AT2G25930	0.8571166645276364
AT5G24470	AT4G01130	0.9463837338283004
AT5G24470	AT2G40340	0.8424877892558311
AT5G24470	AT1G64890	0.9036086708044851
AT5G24470	AT2G15890	0.9488147150713789
AT5G24470	AT5G47240	0.9204963000340556
AT5G24470	AT1G10760	0.9398442144967852
AT5G24470	AT3G47860	0.8778748053665845
AT5G24470	AT4G27440	0.9150769016251692
AT5G24470	AT5G64860	0.9377330971164575
AT5G24470	AT2G37580	0.8100685974570909
AT5G24470	AT4G32340	0.8880403994862046
AT5G24470	AT5G26570	0.847198848289376
AT5G24470	AT5G59570	0.8874810874106551
AT5G24470	AT5G15960	0.8981139029737937
AT5G24470	AT5G61380	0.8423162830404897
AT5G24470	AT5G54960	0.8296011741690578
AT5G24470	AT3G42860	0.8382533259120512
AT5G24470	AT5G39410	0.9317459938175094
AT5G24470	AT5G44010	0.8975561358000164
AT5G24470	AT2G25730	0.8585839394209218
AT5G24470	AT2G28840	0.9325457936281871
AT5G24470	AT1G29395	0.8786725217717647
AT5G24470	AT3G26740	0.9323801554267379
AT5G24470	AT5G23660	0.805549499336868
AT5G24470	AT5G51570	0.8939037032112239
AT5G24470	AT3G47160	0.8643642780157039
AT5G24470	AT4G39090	0.949171915759754
AT5G24470	AT4G19120	0.8117346097954425
AT5G24470	AT2G31360	0.9238898170150555
AT5G24470	AT1G22770	0.8833835005465348
AT5G24470	AT3G18080	0.8959473237593855
AT5G24470	AT5G61800	0.8530542614070196
AT5G24470	AT3G05880	0.9103731462084298
AT5G24470	AT3G50500	0.869875626889332
AT5G24470	AT3G10410	0.8510774006808365
AT5G24470	AT5G57110	0.850837130769831
AT5G24470	AT5G27280	0.9371276207497496
AT5G24470	AT2G45560	0.9059138618541535
AT5G24470	AT1G49650	0.9114873283183154
AT5G24470	AT2G16660	0.8941501503033991
AT5G24470	AT2G15960	0.8525165892989214
AT5G24470	AT3G52180	0.8074000895517208
AT5G24470	AT2G29630	0.8758055894978158
AT5G24470	AT1G67660	0.9541660240236639
AT5G24470	AT5G14920	0.9410920110914273
AT5G24470	AT3G28870	0.8103221023541582
AT5G24470	AT3G53800	0.9460576191769414
AT5G24470	AT4G18520	0.9309281564048747
AT5G24470	AT4G18240	0.8389359696717769
AT5G24470	AT1G67970	0.9008733223937472
AT5G24470	AT2G17840	0.9661485764179082
AT5G24470	AT5G14550	0.9085499086870867
AT5G24470	AT5G35735	0.8386885853638736
AT5G24470	AT1G51940	0.9421960971439572
AT5G24470	AT5G02860	0.9350662967248523
AT5G24470	AT1G79440	0.9160398078965902
AT5G24470	AT4G33700	0.8247783060867174
AT5G24470	AT2G06925	0.8559368798270605
AT5G24470	AT1G27630	0.9564035294151003
AT5G24470	AT1G80480	0.8207553734768246
AT5G24470	AT1G26665	0.8081816369749496
AT5G24470	AT5G26340	0.8905017639488877
AT5G24470	245432_at	0.8908508192270883
AT5G24470	AT3G02330	0.8528279735358844
AT5G24470	AT1G02300	0.8280417754342928
AT5G24470	AT4G02370	0.9559627127195223
AT5G24470	AT5G62720	0.8212967771732728
AT5G24470	AT5G09630	0.8306801101715999
AT5G24470	AT5G63810	0.9139128147016343
AT5G24470	AT1G70820	0.9425759444371504
AT5G24470	AT3G59820	0.8817328161689423
AT5G24470	AT3G50700	0.9295675523824921
AT5G24470	AT5G03240	0.8960768128481613
AT5G24470	AT5G43440	0.9540872269443528
AT5G24470	AT1G51610	0.9265185930323357
AT5G24470	AT5G57630	0.896500268148372
AT5G24470	AT5G18540	0.8798707595379395
AT5G24470	AT5G25210	0.8947809781340923
AT5G24470	AT1G69830	0.8838017354901834
AT5G24470	AT4G25480	0.8313111304190308
AT5G24470	AT1G49220	0.8016735680174967
AT5G24470	AT2G15970	0.9010107648067909
AT5G24470	AT1G31850	0.8152613930652984
AT5G24470	AT1G12710	0.9254182949536482
AT5G24470	AT3G14310	0.9067800564462278
AT5G24470	AT2G01170	0.9404625637494431
AT5G24470	AT2G39900	0.9127285163698485
AT5G24470	AT2G02100	0.878049359547214
AT5G24470	AT3G58570	0.9323712476263184
AT5G24470	AT3G16180	0.8750104865135645
AT5G24470	AT3G01310	0.939623513833628
AT5G24470	AT3G26580	0.9236442170231065
AT5G24470	AT1G12845	0.9480007766354868
AT5G24470	AT2G43535	0.8442737412103902
AT5G24470	AT4G12750	0.8622414592070974
AT5G24470	AT3G56720	0.9524986880319195
AT5G24470	AT1G70420	0.9203225738005358
AT5G24470	AT4G05330	0.9084853417473894
AT5G24470	AT1G21680	0.9121865954357622
AT5G24470	AT1G53035	0.8510998031881337
AT5G24470	AT4G11600	0.8929565441755992
AT5G24470	AT1G78600	0.804904276523829
AT5G24470	AT1G75960	0.8927649370304311
AT5G24470	AT3G16740	0.8843633164594891
AT5G24470	AT4G19390	0.8610992860663582
AT5G24470	AT5G10530	0.8499911858294148
AT5G24470	AT1G06460	0.9405510182823164
AT5G24470	AT1G33970	0.918526630198733
AT5G24470	AT3G46440	0.8431760092895287
AT5G24470	AT3G51660	0.9056618319872275
AT5G24470	AT1G13930	0.926423477127486
AT5G24470	AT5G63420	0.8749152303682485
AT5G24470	AT2G19450	0.9290253471619753
AT5G24470	AT5G62350	0.881645389772021
AT5G24470	AT4G33490	0.9234780313580051
AT5G24470	AT4G14230	0.9339238033947452
AT5G24470	AT1G43980	0.8067626840281475
AT5G24470	AT5G27930	0.8933227127094401
AT5G24470	AT3G05800	0.8146219206999237
AT2G01520	AT4G11650	0.8514014689292889
AT2G01520	AT5G09530	0.8440744159992755
AT2G01520	AT5G26260	0.8062888865970033
AT2G01520	AT4G38080	0.8104394103467338
AT2G01520	AT4G12470	0.8111616781638825
AT2G01520	AT1G49860	0.8190135908719169
AT5G51440	AT3G16050	0.9268215832635476
AT5G51440	AT1G72660	0.8602122696119404
AT5G51440	AT1G71000	0.8765129351916616
AT5G51440	AT5G48570	0.9493120405780086
AT5G51440	AT5G52640	0.9634116555611815
AT5G51440	AT3G12580	0.8853491929119046
AT5G51440	AT2G46240	0.9234959548910643
AT5G51440	254414_at	0.8669240778063061
AT5G51440	AT2G20560	0.9051880337172435
AT5G51440	AT4G23493	0.8457337626073889
AT5G51440	AT3G24500	0.8935347701000275
AT5G51440	AT5G64510	0.9697297025856064
AT5G51440	AT1G54050	0.9325960189434455
AT5G51440	AT3G51910	0.8462229823074122
AT5G51440	AT5G25450	0.9709922295922362
AT5G51440	AT2G32120	0.9311253800319221
AT5G51440	AT1G16030	0.9256195266920306
AT5G51440	AT1G17870	0.9045867159533384
AT5G51440	AT1G30070	0.9626249222065766
AT5G51440	AT1G21550	0.9040432712939324
AT5G51440	AT3G63350	0.8242748962175902
AT5G51440	AT3G20180	0.9178838014107585
AT5G51440	AT5G18340	0.9090135764279492
AT5G51440	AT5G12110	0.9011329265134299
AT5G51440	AT5G10695	0.8857157288170223
AT5G51440	AT2G19310	0.9252300598931209
AT5G51440	AT3G09350	0.9392988064834945
AT5G51440	AT1G67360	0.8857349071981523
AT5G51440	AT3G10020	0.8064786279166483
AT5G51440	AT4G36988	0.9189560653329328
AT5G51440	AT1G26800	0.8742939314256816
AT5G51440	AT2G47180	0.8377019402873439
AT5G51440	AT1G07350	0.9497565664640842
AT5G51440	AT5G47830	0.9350546479186264
AT5G51440	AT5G35320	0.9140745339756801
AT5G51440	AT4G29770	0.884344446319851
AT5G51440	AT3G17110	0.8809129137855445
AT5G51440	AT3G08970	0.9300436227777981
AT5G51440	AT4G11660	0.867770409806614
AT5G51440	AT1G14200	0.8503970662785096
AT5G51440	AT5G09590	0.9713823695384035
AT5G51440	AT1G59980	0.8499857720289922
AT5G51440	AT1G03070	0.8961392042434342
AT5G51440	AT3G07150	0.9325069150237723
AT5G51440	AT3G53230	0.9418125835453344
AT5G51440	AT5G47610	0.8404321624435529
AT5G51440	AT4G23570	0.8568773860887449
AT5G51440	AT3G07090	0.8129599615121792
AT5G51440	AT1G07500	0.8517309323240316
AT5G51440	AT1G44414	0.8610779666228303
AT5G51440	AT5G47160	0.810387415123833
AT5G51440	AT3G22090	0.9198637921895712
AT5G51440	AT2G25140	0.9336685010967483
AT5G51440	AT5G05410	0.8681895859746483
AT5G51440	AT5G23480	0.89449490261174
AT5G51440	AT3G12050	0.9454735084648457
AT5G51440	AT3G25230	0.9546481368871926
AT5G51440	AT1G56170	0.8094822132804601
AT5G51440	AT5G56030	0.8530042671456877
AT5G51440	AT1G01940	0.8599433282606698
AT5G51440	AT4G23885	0.8961879491141255
AT5G51440	AT3G17611	0.8818502993586746
AT5G51440	AT3G23990	0.9570850597081242
AT5G51440	AT1G55530	0.8932234060866621
AT5G51440	AT2G21940	0.9344589085739419
AT5G51440	AT1G10050	0.8091431410133565
AT5G51440	AT5G58590	0.930133158145687
AT5G51440	AT4G17250	0.8201715251821459
AT5G51440	AT3G03520	0.9092253679850325
AT5G51440	AT2G41160	0.9372118334625431
AT5G51440	AT5G53400	0.9394055405757504
AT5G51440	AT3G29810	0.8777691661225182
AT5G51440	AT3G52830	0.8889857477271973
AT5G51440	AT4G26780	0.9027310260801854
AT5G51440	AT2G36460	0.9280323215365142
AT5G51440	AT5G58787	0.8812611131704923
AT5G51440	AT3G07770	0.9232356966468858
AT5G51440	AT3G57880	0.8913417386520338
AT3G16050	AT1G71000	0.8162498978421477
AT3G16050	AT5G48570	0.8218914854209076
AT3G16050	AT5G52640	0.92274875392112
AT3G16050	AT3G12580	0.9075659260868723
AT3G16050	AT3G14200	0.8586603677161089
AT3G16050	AT2G46240	0.8544379054805293
AT3G16050	AT2G20560	0.9627509689966062
AT3G16050	AT4G23493	0.8107462067091736
AT3G16050	AT3G24500	0.9505438404374056
AT3G16050	AT5G64510	0.9258210163995059
AT3G16050	AT1G54050	0.8848216928090415
AT3G16050	AT3G51910	0.8942962727506637
AT3G16050	AT5G25450	0.8840135062529588
AT3G16050	AT2G32120	0.8263849125384819
AT3G16050	AT1G16030	0.8503762583633446
AT3G16050	AT1G30070	0.9258129452256293
AT3G16050	AT1G21550	0.8107068230229152
AT3G16050	AT1G66080	0.907438652083898
AT3G16050	AT3G20180	0.8133854598824143
AT3G16050	AT3G09440	0.8142740775247121
AT3G16050	AT5G18340	0.9297710759233073
AT3G16050	AT5G12110	0.8529303288501923
AT3G16050	AT2G19310	0.8860033961778562
AT3G16050	AT3G09350	0.968138907585852
AT3G16050	AT1G67360	0.9209105559071428
AT3G16050	AT4G36988	0.9313154871630339
AT3G16050	AT1G26800	0.8785273674844505
AT3G16050	AT1G07350	0.9502982948513604
AT3G16050	AT5G47830	0.8026555366950064
AT3G16050	AT5G35320	0.9369699877723559
AT3G16050	AT3G17110	0.8346542926583544
AT3G16050	AT3G08970	0.91030711689231
AT3G16050	AT4G11660	0.9505500384302504
AT3G16050	AT1G14200	0.9219158454750597
AT3G16050	AT5G09590	0.9455274205006563
AT3G16050	AT1G03070	0.8151751593986162
AT3G16050	AT3G07150	0.8688924929761462
AT3G16050	AT2G24100	0.8234094198122894
AT3G16050	AT3G53230	0.8348874287077035
AT3G16050	AT5G47610	0.8749820762769017
AT3G16050	AT4G23570	0.9254933068454229
AT3G16050	AT3G07090	0.919782278113691
AT3G16050	AT3G22090	0.8150482802322259
AT3G16050	AT2G25140	0.9082777816178641
AT3G16050	AT5G05410	0.812503429018048
AT3G16050	AT5G23480	0.9386308990621949
AT3G16050	AT3G12050	0.9597951483751608
AT3G16050	AT3G25230	0.9642962410703447
AT3G16050	AT1G56170	0.8941793369856625
AT3G16050	AT5G56030	0.9527955157069656
AT3G16050	AT5G62020	0.8545088766148455
AT3G16050	AT3G17611	0.9276318110777143
AT3G16050	AT3G23990	0.891667180324894
AT3G16050	AT5G56010	0.8384626132437514
AT3G16050	AT1G55530	0.953918997859047
AT3G16050	AT2G21940	0.902432484508701
AT3G16050	AT1G10050	0.8416990177825375
AT3G16050	AT5G58590	0.8593442227214769
AT3G16050	AT4G17250	0.800710556602576
AT3G16050	AT3G03520	0.8275644441346263
AT3G16050	AT3G15770	0.8027036441550761
AT3G16050	AT2G41160	0.934626233836895
AT3G16050	AT5G53400	0.928018698292414
AT3G16050	AT2G47730	0.8730080714208447
AT3G16050	AT4G30490	0.8783921166149865
AT3G16050	AT2G29450	0.8324849855676136
AT3G16050	AT2G36460	0.9042952895102253
AT3G16050	AT3G07770	0.8074293427196071
AT3G16050	AT3G57880	0.9063019589998854
AT2G39920	AT2G38465	0.8793160466682122
AT2G39920	AT1G20030	0.8935645548828741
AT2G39920	AT3G53250	0.8185268152839065
AT2G39920	AT4G16146	0.9131813722700262
AT2G39920	AT2G22450	0.9186618232283508
AT2G39920	AT2G33830	0.8389177207864035
AT2G39920	AT3G04010	0.8452446044337737
AT2G39920	AT4G30660	0.9218314777674479
AT2G39920	AT1G19370	0.9354522121899076
AT2G39920	AT3G46970	0.8801585785587799
AT2G39920	AT2G47890	0.8772059627559998
AT2G39920	AT2G42530	0.8297715849891745
AT2G39920	AT2G28900	0.8060176112163238
AT2G39920	AT5G06690	0.9603536349589885
AT2G39920	AT1G36940	0.8693531650445295
AT2G39920	AT4G09020	0.901673481147043
AT2G39920	AT1G49230	0.8657499395308145
AT2G39920	AT4G12280	0.8197247307732766
AT2G39920	AT1G49720	0.9603791062095499
AT2G39920	AT4G26670	0.9522082592712265
AT2G39920	AT1G28050	0.9039637171006307
AT2G39920	AT2G25930	0.9001162297376738
AT2G39920	AT4G01130	0.9682208937284743
AT2G39920	AT2G40340	0.8924722194705639
AT2G39920	AT1G64890	0.8922270052068153
AT2G39920	AT2G15890	0.8811665511853048
AT2G39920	AT5G47240	0.8287255584708381
AT2G39920	AT1G10760	0.9395390543973281
AT2G39920	AT3G47860	0.9105910045071159
AT2G39920	AT4G27440	0.9107797554853421
AT2G39920	AT5G64860	0.9417300264210366
AT2G39920	AT4G32340	0.890733774289163
AT2G39920	AT5G26570	0.8659522757761247
AT2G39920	AT5G59570	0.8662472458905138
AT2G39920	AT5G15960	0.8790892217444785
AT2G39920	AT5G61380	0.8578265636104007
AT2G39920	AT5G54960	0.8719467677009042
AT2G39920	AT5G39410	0.9382592822704926
AT2G39920	AT5G44010	0.9209132858547526
AT2G39920	AT5G48250	0.8266873885544914
AT2G39920	AT2G25730	0.8840592700220947
AT2G39920	AT2G28840	0.9126000292205008
AT2G39920	AT2G40130	0.8053616445811973
AT2G39920	AT1G29395	0.8909157538632383
AT2G39920	AT3G26740	0.9505559033030646
AT2G39920	AT5G23660	0.8260669078311313
AT2G39920	AT5G51570	0.8907959261410378
AT2G39920	AT3G47160	0.8536579107672905
AT2G39920	AT4G39090	0.950952699732522
AT2G39920	AT2G31360	0.8522775885359607
AT2G39920	AT3G18080	0.837290102055734
AT2G39920	AT5G61800	0.8203788743985275
AT2G39920	AT3G05880	0.9232325358782436
AT2G39920	AT3G50500	0.8910896614182163
AT2G39920	AT3G10410	0.8783714452003827
AT2G39920	AT5G57110	0.8629741343420397
AT2G39920	AT5G27280	0.959705521261133
AT2G39920	AT2G45560	0.8941193484144537
AT2G39920	AT1G49650	0.9241932519048043
AT2G39920	AT3G52180	0.8682373046989474
AT2G39920	AT2G29630	0.9232859979518474
AT2G39920	AT1G67660	0.9541640596612623
AT2G39920	AT5G14920	0.8734503416380665
AT2G39920	AT3G53800	0.9349269500750367
AT2G39920	AT4G18520	0.9065377250546569
AT2G39920	AT4G18240	0.8687038778796796
AT2G39920	AT1G67970	0.8515733403824017
AT2G39920	AT2G17840	0.9444937383708809
AT2G39920	AT5G14550	0.921075287263044
AT2G39920	AT5G35735	0.8112334982421882
AT2G39920	AT1G51940	0.9066440395504243
AT2G39920	AT5G02860	0.9614554181240185
AT2G39920	AT1G79440	0.8676883863556164
AT2G39920	AT4G33700	0.8332285808123812
AT2G39920	AT1G27630	0.9526763285256376
AT2G39920	AT1G80480	0.86639813167288
AT2G39920	AT1G26665	0.850328601870168
AT2G39920	245432_at	0.8155707457055342
AT2G39920	AT3G02330	0.8499279364689486
AT2G39920	AT4G02370	0.9299329785535635
AT2G39920	AT5G62720	0.8991600549084093
AT2G39920	AT5G63810	0.8743294839743962
AT2G39920	AT1G70820	0.9386757081631234
AT2G39920	AT3G59820	0.8228938537747229
AT2G39920	AT3G50700	0.9068384236038636
AT2G39920	AT5G03240	0.9118349689983916
AT2G39920	AT5G43440	0.8989551975972965
AT2G39920	AT1G51610	0.8504520771250247
AT2G39920	AT1G48210	0.8127565249114403
AT2G39920	AT5G18540	0.8576469473258987
AT2G39920	AT5G25210	0.8001509529173005
AT2G39920	AT1G69830	0.9114665657419965
AT2G39920	AT1G49220	0.8135682730584639
AT2G39920	AT4G05150	0.82641631851451
AT2G39920	AT2G15970	0.8928991040687372
AT2G39920	AT1G31850	0.8190338328667913
AT2G39920	AT1G12710	0.8745149588702109
AT2G39920	AT3G14310	0.9260124921470094
AT2G39920	AT2G01170	0.904442239154261
AT2G39920	AT2G39900	0.9141796346339514
AT2G39920	AT2G02100	0.8760322106987111
AT2G39920	AT5G42500	0.8234700666210137
AT2G39920	AT4G38580	0.8087087291233918
AT2G39920	AT3G58570	0.9138368230342333
AT2G39920	AT3G16180	0.8486448795267683
AT2G39920	AT3G01310	0.928228856984565
AT2G39920	AT3G26580	0.9609436710342798
AT2G39920	AT1G12845	0.875389533687263
AT2G39920	AT2G43535	0.8267241928616985
AT2G39920	AT4G12750	0.8443853832417021
AT2G39920	AT3G56720	0.9448418375724806
AT2G39920	AT1G70420	0.8045553196512539
AT2G39920	AT4G05330	0.9230499304334658
AT2G39920	AT1G21680	0.8960396336128914
AT2G39920	AT1G53035	0.8141005440236544
AT2G39920	AT4G11600	0.8585509207203641
AT2G39920	AT3G16740	0.8908315204434114
AT2G39920	AT4G19390	0.8562741700449112
AT2G39920	AT5G10530	0.8582520808960821
AT2G39920	AT1G06460	0.9014479563248687
AT2G39920	AT1G33970	0.8892336675081648
AT2G39920	AT3G51660	0.820365762996383
AT2G39920	AT1G13930	0.853657672599781
AT2G39920	AT5G63420	0.9037859782978315
AT2G39920	AT2G19450	0.8779910848445325
AT2G39920	AT5G62350	0.9169968880416539
AT2G39920	AT4G33490	0.9114270593534145
AT2G39920	AT4G14230	0.8794297166824121
AT2G39920	AT5G27930	0.889739969660211
AT1G72660	AT1G71000	0.8639811608050453
AT1G72660	AT5G48570	0.8909349391950376
AT1G72660	AT5G52640	0.8169371127364966
AT1G72660	AT2G46240	0.8831625171020042
AT1G72660	254414_at	0.9759511070367648
AT1G72660	AT4G23493	0.8366483485831953
AT1G72660	AT5G64510	0.8617932210550435
AT1G72660	AT1G54050	0.8528673745403522
AT1G72660	AT5G25450	0.918768656538573
AT1G72660	AT4G26270	0.8472724593350993
AT1G72660	AT2G32120	0.9458381889925145
AT1G72660	AT1G16030	0.9113325842773267
AT1G72660	AT1G17870	0.9634142992339748
AT1G72660	AT4G03320	0.8034853981070377
AT1G72660	AT1G30070	0.8283703282144101
AT1G72660	AT1G21550	0.922120049069796
AT1G72660	AT3G63350	0.8233570557082056
AT1G72660	AT3G20180	0.9310233919223614
AT1G72660	AT5G12110	0.8034525295844779
AT1G72660	AT5G10695	0.897941047251333
AT1G72660	AT2G19310	0.8696248043881855
AT1G72660	AT2G47180	0.800523688458591
AT1G72660	AT5G47830	0.9455098464855908
AT1G72660	AT4G29770	0.9171970806421612
AT1G72660	AT3G17110	0.833321063114862
AT1G72660	ATMG00630	0.8584017649831843
AT1G72660	AT3G08970	0.8284969244496206
AT1G72660	AT5G09590	0.8506438496596964
AT1G72660	AT1G59980	0.9024967381957589
AT1G72660	AT1G03070	0.906138639546636
AT1G72660	AT3G07150	0.8966921307933651
AT1G72660	AT5G07330	0.8673327084940754
AT1G72660	AT3G53230	0.928497950929232
AT1G72660	AT4G19430	0.8659814404020245
AT1G72660	AT1G07500	0.8846642288691609
AT1G72660	AT1G44414	0.8871897956769488
AT1G72660	AT5G47160	0.8378321289816265
AT1G72660	AT3G22090	0.873215481801039
AT1G72660	AT2G25140	0.8191849877035293
AT1G72660	AT5G15250	0.8842617799050921
AT1G72660	AT5G27660	0.9555479855467229
AT1G72660	AT5G05410	0.8500539346805321
AT1G72660	ATMG00640	0.8078354770918995
AT1G72660	ATMG00650	0.8221832234714602
AT1G72660	AT2G07675	0.8444522503777732
AT1G72660	AT1G01940	0.9532625373064049
AT1G72660	257239_at	0.9261321832227896
AT1G72660	AT1G76280	0.847824649921466
AT1G72660	AT4G23885	0.9023375878541222
AT1G72660	ATMG00690	0.8456582761482923
AT1G72660	ATMG00060	0.8137281586642615
AT1G72660	AT2G30000	0.9463836672022673
AT1G72660	AT3G23990	0.8737745775516582
AT1G72660	AT2G15790	0.8663310312289391
AT1G72660	AT2G21940	0.8603754864521324
AT1G72660	AT5G58590	0.8445811044706752
AT1G72660	AT3G03520	0.9201171377483176
AT1G72660	AT2G41160	0.8038505141023827
AT1G72660	AT5G53400	0.8061757627836259
AT1G72660	AT3G52830	0.8760220627222963
AT1G72660	ATMG00620	0.8234124822267498
AT1G72660	AT4G26780	0.9715498288572398
AT1G72660	AT2G36460	0.8174068052376031
AT1G72660	AT5G58787	0.9502823560381509
AT1G72660	AT3G07770	0.9042595443884821
AT1G71000	AT5G48570	0.8105488008643075
AT1G71000	AT5G52640	0.8045473001218112
AT1G71000	AT2G46240	0.9232508960970784
AT1G71000	254414_at	0.8339770225372669
AT1G71000	AT4G23493	0.83402978430025
AT1G71000	AT5G64510	0.8837015624171247
AT1G71000	AT1G54050	0.8553687635965151
AT1G71000	AT3G51910	0.8118282582463553
AT1G71000	AT5G25450	0.9100414886967398
AT1G71000	AT2G32120	0.9028618428564458
AT1G71000	AT1G16030	0.9415650774162458
AT1G71000	AT1G17870	0.8688960001349466
AT1G71000	AT1G30070	0.8824813974971671
AT1G71000	AT1G21550	0.9479256517043455
AT1G71000	AT3G63350	0.9097922820417936
AT1G71000	AT3G20180	0.9158811666614238
AT1G71000	AT5G18340	0.8408016258410339
AT1G71000	AT5G10695	0.9648020886930219
AT1G71000	AT2G19310	0.8107494501834513
AT1G71000	AT3G09350	0.8800237471069405
AT1G71000	AT1G67360	0.8581480238609852
AT1G71000	AT3G10020	0.9057153127246937
AT1G71000	AT4G36988	0.9064137738418875
AT1G71000	AT1G26800	0.8746408822511733
AT1G71000	AT2G47180	0.8393749050365824
AT1G71000	AT1G07350	0.8001614062517769
AT1G71000	AT5G47830	0.9006869180497099
AT1G71000	AT5G35320	0.8672059432909026
AT1G71000	AT3G17110	0.9385165472850441
AT1G71000	AT3G08970	0.9352636539670801
AT1G71000	AT5G09590	0.8870740631285804
AT1G71000	AT1G59980	0.8166061562618055
AT1G71000	AT1G03070	0.9555724318697495
AT1G71000	AT3G07150	0.9364931202884432
AT1G71000	AT1G61340	0.8330163736074003
AT1G71000	AT3G53230	0.9241516478315248
AT1G71000	AT4G23570	0.8117553352514973
AT1G71000	AT1G07500	0.8805043613813982
AT1G71000	AT1G44414	0.8754617397217281
AT1G71000	AT5G47160	0.868362235770543
AT1G71000	AT3G22090	0.889797595420913
AT1G71000	AT2G25140	0.8968707628231016
AT1G71000	AT5G27660	0.8740285598399717
AT1G71000	AT5G05410	0.9291623472428283
AT1G71000	AT2G36030	0.8817133581754393
AT1G71000	AT5G23480	0.85535653792329
AT1G71000	AT3G12050	0.9143193242998695
AT1G71000	AT3G25230	0.8591714710920771
AT1G71000	AT1G01940	0.8211499691317058
AT1G71000	AT4G23885	0.8370648379754858
AT1G71000	AT3G17611	0.8465421175181527
AT1G71000	AT3G23990	0.8521363379961706
AT1G71000	AT2G15790	0.9128794528448241
AT1G71000	AT1G55530	0.8613197250378956
AT1G71000	AT2G21940	0.9288204961453428
AT1G71000	AT5G58590	0.8969283798020798
AT1G71000	AT4G17250	0.8975499060239515
AT1G71000	AT3G03520	0.9185805403590693
AT1G71000	AT2G41160	0.9296140607461835
AT1G71000	AT5G53400	0.9134448757265349
AT1G71000	AT3G29810	0.8329804575865761
AT1G71000	AT3G52830	0.833487868261889
AT1G71000	AT4G26780	0.8792605193892566
AT1G71000	AT2G36460	0.912543725967355
AT1G71000	AT5G58787	0.8889158549963185
AT1G71000	AT3G07770	0.811076941345964
AT1G71000	AT3G57880	0.8158427265902458
AT5G48570	AT5G52640	0.9555640446105205
AT5G48570	AT3G12580	0.8431920878357478
AT5G48570	AT2G46240	0.8490141825643494
AT5G48570	254414_at	0.9236732829449017
AT5G48570	AT5G64510	0.9257538198492775
AT5G48570	AT1G54050	0.8914359047356607
AT5G48570	AT5G25450	0.9338799714700486
AT5G48570	AT2G32120	0.9033393738367732
AT5G48570	AT1G16030	0.8530049573781143
AT5G48570	AT1G17870	0.9261529378259536
AT5G48570	AT1G30070	0.9087577819268698
AT5G48570	AT1G21550	0.8582712371135913
AT5G48570	AT3G20180	0.8933479536706541
AT5G48570	AT5G18340	0.8259206774236187
AT5G48570	AT5G12110	0.9101325390680232
AT5G48570	AT5G10695	0.8462511096229272
AT5G48570	AT2G19310	0.8945673527268448
AT5G48570	AT3G09350	0.8167359847628789
AT5G48570	AT4G36988	0.8077747529183085
AT5G48570	AT1G07350	0.8801443090937712
AT5G48570	AT5G47830	0.958864112075016
AT5G48570	AT4G29770	0.9337256457070704
AT5G48570	AT3G08970	0.8338544663541883
AT5G48570	AT5G09590	0.9018210209810574
AT5G48570	AT1G59980	0.8523553318723781
AT5G48570	AT1G03070	0.8158755576512765
AT5G48570	AT3G07150	0.8440937852581971
AT5G48570	AT3G53230	0.9086958576349247
AT5G48570	AT1G07500	0.8268598176143629
AT5G48570	AT3G22090	0.883138422937036
AT5G48570	AT2G25140	0.8331353002842871
AT5G48570	AT3G12050	0.8370613507206344
AT5G48570	AT3G25230	0.8539241706487962
AT5G48570	AT1G01940	0.915337034390791
AT5G48570	257239_at	0.8730129225226508
AT5G48570	AT4G23885	0.8669221627659996
AT5G48570	AT3G23990	0.9202181628113055
AT5G48570	AT2G21940	0.8451421997810487
AT5G48570	AT5G58590	0.904283759253846
AT5G48570	AT3G03520	0.8547915773368563
AT5G48570	AT2G41160	0.8198309610233028
AT5G48570	AT5G53400	0.8336032755074226
AT5G48570	AT3G29810	0.8302535870772013
AT5G48570	AT3G52830	0.8889835544084447
AT5G48570	AT4G26780	0.8850095946672738
AT5G48570	AT2G36460	0.8235714681347817
AT5G48570	AT5G58787	0.8527160813353925
AT5G48570	AT3G07770	0.9135164723987924
AT5G48570	AT3G57880	0.8053430246448922
AT4G12480	AT5G26260	0.8235239210620321
AT4G12480	AT5G14180	0.9034133077316305
AT4G12480	AT3G28740	0.8519507425381989
AT4G12480	AT1G17170	0.8442907441756331
AT4G12480	AT1G21310	0.8482767984643714
AT4G12480	AT4G12470	0.8961923327480861
AT4G12480	AT1G76930	0.8365646709945104
AT4G12480	AT4G30170	0.863002419798419
AT4G12480	AT2G05380	0.923807744868757
AT5G52640	AT3G12580	0.9311423827864312
AT5G52640	AT2G46240	0.854198802020989
AT5G52640	254414_at	0.8453884933508424
AT5G52640	AT2G20560	0.8995830260389955
AT5G52640	AT4G23493	0.8052430117873118
AT5G52640	AT3G24500	0.8845002311984789
AT5G52640	AT5G64510	0.9651128951016287
AT5G52640	AT1G54050	0.9035001270415193
AT5G52640	AT5G25450	0.9457847962598359
AT5G52640	AT2G32120	0.8947939320181986
AT5G52640	AT1G16030	0.8651487405854337
AT5G52640	AT1G17870	0.8755719192095556
AT5G52640	AT1G30070	0.9468921941076068
AT5G52640	AT1G21550	0.836219051579065
AT5G52640	AT3G20180	0.8763405751897344
AT5G52640	AT5G18340	0.901001580183119
AT5G52640	AT5G12110	0.9478240229568936
AT5G52640	AT5G10695	0.8271617777992063
AT5G52640	AT2G19310	0.939202008622162
AT5G52640	AT3G09350	0.9014671635545842
AT5G52640	AT1G67360	0.8423415703758435
AT5G52640	AT4G36988	0.8859286905837251
AT5G52640	AT1G26800	0.8012781579169521
AT5G52640	AT1G07350	0.9488538195310384
AT5G52640	AT5G47830	0.9116613543645841
AT5G52640	AT5G35320	0.8713046374330192
AT5G52640	AT4G29770	0.8777038374258677
AT5G52640	AT3G17110	0.8282838765837396
AT5G52640	AT3G08970	0.8720370751097664
AT5G52640	AT4G11660	0.8378602046345353
AT5G52640	AT5G09590	0.9426218400657171
AT5G52640	AT1G59980	0.8310676557591293
AT5G52640	AT1G03070	0.8147601202761318
AT5G52640	AT3G07150	0.8780614169607771
AT5G52640	AT3G53230	0.9099565433798327
AT5G52640	AT5G47610	0.8198888611798013
AT5G52640	AT4G23570	0.8259072593845028
AT5G52640	AT1G44414	0.8107017655501735
AT5G52640	AT5G47160	0.8101061648718033
AT5G52640	AT3G22090	0.8581473371644124
AT5G52640	AT2G25140	0.8890798312224553
AT5G52640	AT5G23480	0.849565867007494
AT5G52640	AT3G12050	0.9082524402414551
AT5G52640	AT3G25230	0.931351078479521
AT5G52640	AT1G56170	0.8223593271883208
AT5G52640	AT5G56030	0.8432886722364524
AT5G52640	AT1G01940	0.8549920043244355
AT5G52640	AT4G23885	0.8566675610706965
AT5G52640	AT3G17611	0.8417005654179746
AT5G52640	AT3G23990	0.948328221830128
AT5G52640	AT1G55530	0.8639541543327457
AT5G52640	AT2G21940	0.891225700494006
AT5G52640	AT5G58590	0.9084159400527743
AT5G52640	AT3G03520	0.8694871688945075
AT5G52640	AT2G41160	0.8867740643779266
AT5G52640	AT5G53400	0.8946903299941369
AT5G52640	AT3G29810	0.8393312126809811
AT5G52640	AT3G52830	0.8504038223837144
AT5G52640	AT4G26780	0.8557689405600067
AT5G52640	AT2G36460	0.8749786539849659
AT5G52640	AT5G58787	0.8196284550178703
AT5G52640	AT3G07770	0.9143753836294937
AT5G52640	AT3G57880	0.8803859034849538
AT5G49700	AT2G24100	0.813542355546629
AT5G49700	AT4G23570	0.8175655458205264
AT5G49700	AT4G27450	0.8286965641738131
AT5G49700	AT1G66090	0.837847275510009
AT5G49700	AT3G15770	0.81158701382847
AT5G49700	AT3G50560	0.9043216961345085
AT5G62920	AT3G54500	0.8099003955136882
AT5G62920	AT5G25140	0.8109696615215068
AT5G62920	AT5G13170	0.8557068450185256
AT5G62920	AT5G52570	0.8020604813837564
AT5G62920	AT1G16730	0.8082392625423334
AT5G62920	AT1G07180	0.8061797727352168
AT5G62920	AT2G41250	0.8330069241634754
AT5G62920	AT2G21650	0.816522442979952
AT5G62920	AT5G22390	0.8854541273965961
AT5G62920	AT4G08300	0.8154039108761073
AT5G62920	AT4G02850	0.832912300862773
AT5G62920	AT1G19050	0.8986857980486902
AT5G62920	AT4G38960	0.8156041342722531
AT5G62920	AT5G62430	0.8669145118124008
AT5G62920	AT1G75100	0.8012133106256664
AT5G62920	AT5G05860	0.8388954654030956
AT1G53903	AT2G15880	0.8932754857358358
AT1G53903	AT5G47240	0.8053429529845525
AT1G53903	AT2G15960	0.80725547661581
AT1G53903	AT5G26340	0.8512072443780568
AT1G53903	AT5G27610	0.8497757192293407
AT1G53903	AT5G57630	0.8184662227314176
AT1G53903	AT1G22570	0.8063102215278534
AT1G53903	AT1G70420	0.8011749767586325
AT4G30650	AT2G40750	0.8158571210341069
AT4G30650	AT4G33985	0.8151989250622396
AT4G30650	AT4G16146	0.9133796067626602
AT4G30650	AT2G22450	0.8864013748459532
AT4G30650	AT2G33830	0.8206173496331177
AT4G30650	AT4G30660	0.9165719465387471
AT4G30650	AT1G19370	0.8053035618333465
AT4G30650	AT3G46970	0.9442890360931335
AT4G30650	AT2G28085	0.8154799811233687
AT4G30650	AT2G42530	0.9709251172623737
AT4G30650	AT5G60100	0.9513976165087749
AT4G30650	AT2G28900	0.9755900492891698
AT4G30650	AT5G06690	0.8129213567768826
AT4G30650	AT4G09020	0.9383132729427737
AT4G30650	AT1G31690	0.8701825173017286
AT4G30650	AT1G76790	0.9158776427760305
AT4G30650	AT4G12280	0.9073415969329246
AT4G30650	AT4G26670	0.8255918020913503
AT4G30650	AT1G28050	0.8669390797939577
AT4G30650	AT2G25930	0.8092439776264385
AT4G30650	AT4G01130	0.8271986225897514
AT4G30650	AT3G20810	0.817227241934756
AT4G30650	AT1G64890	0.8905992446869564
AT4G30650	AT3G63160	0.931520809251688
AT4G30650	AT1G10760	0.9031317147734945
AT4G30650	AT3G47860	0.8814378223190407
AT4G30650	AT5G64860	0.872118261690454
AT4G30650	AT5G40180	0.8063962742787553
AT4G30650	AT4G32340	0.9435129208689138
AT4G30650	AT5G26570	0.976324612771499
AT4G30650	AT5G15960	0.916120630928753
AT4G30650	AT5G61380	0.8993464343032398
AT4G30650	AT5G39410	0.8856564884159376
AT4G30650	AT3G50120	0.8461461950689234
AT4G30650	AT2G25730	0.8620031384886836
AT4G30650	AT2G28840	0.8769623541511019
AT4G30650	AT1G29395	0.9135398879397253
AT4G30650	AT3G26740	0.8059949173267699
AT4G30650	AT5G23660	0.8821158140282465
AT4G30650	AT5G51570	0.8698568294655779
AT4G30650	AT4G19120	0.894329955707177
AT4G30650	AT1G51090	0.9281062049595052
AT4G30650	AT3G18080	0.889927870961116
AT4G30650	AT5G61800	0.8225975507206407
AT4G30650	AT3G05880	0.8963400491041545
AT4G30650	AT5G56310	0.839119371725602
AT4G30650	AT3G10410	0.931804758191345
AT4G30650	AT5G57110	0.9458284059862182
AT4G30650	AT5G27280	0.817061322018
AT4G30650	AT2G45560	0.853568339015887
AT4G30650	AT3G52180	0.9563169751275106
AT4G30650	AT2G29630	0.8566122834334906
AT4G30650	AT1G67660	0.8392520583608074
AT4G30650	AT4G18240	0.9364413454071342
AT4G30650	AT1G67970	0.8122185498427603
AT4G30650	AT2G17840	0.8151652692676377
AT4G30650	AT5G14550	0.8677068341836797
AT4G30650	AT5G11150	0.9624544632434983
AT4G30650	AT3G28290	0.9162640055452117
AT4G30650	AT1G79440	0.9204474241200504
AT4G30650	AT4G33700	0.8758828398239926
AT4G30650	AT2G06925	0.8297796681462593
AT4G30650	AT1G27630	0.8360695552768255
AT4G30650	AT1G26665	0.8607548715166999
AT4G30650	245432_at	0.9184017462992595
AT4G30650	AT2G43550	0.9483569124106778
AT4G30650	AT1G43080	0.8229233335109359
AT4G30650	AT5G62720	0.8092477134946681
AT4G30650	AT5G63810	0.8892314816127604
AT4G30650	AT4G17140	0.9433359347540327
AT4G30650	AT3G55450	0.9121495135950507
AT4G30650	AT1G51610	0.864910710884683
AT4G30650	AT1G48210	0.8733484669157117
AT4G30650	AT5G18540	0.8622133403955936
AT4G30650	AT1G69830	0.9276846841424617
AT4G30650	AT1G49220	0.9426191123663921
AT4G30650	AT2G15970	0.9014449914020759
AT4G30650	AT1G31850	0.9576131013247647
AT4G30650	AT1G68050	0.8980490468797132
AT4G30650	AT3G14310	0.8542648148849827
AT4G30650	AT2G01170	0.8832789801788962
AT4G30650	AT2G39900	0.8494300823090305
AT4G30650	AT2G02100	0.9395436886570633
AT4G30650	AT3G58570	0.8984088673244524
AT4G30650	AT3G16180	0.955041512275376
AT4G30650	AT3G01310	0.8672308186616831
AT4G30650	AT1G78995	0.8714554742040508
AT4G30650	AT1G12845	0.8355496581247278
AT4G30650	AT2G43535	0.9159185631093025
AT4G30650	AT4G05330	0.8248988127011438
AT4G30650	AT1G53035	0.9398862709803415
AT4G30650	AT4G11600	0.8851468090618015
AT4G30650	AT1G75960	0.8269365067484078
AT4G30650	AT4G19390	0.9262864855692037
AT4G30650	AT5G15770	0.8137462684386138
AT4G30650	AT2G15830	0.8574033128198845
AT4G30650	AT1G06460	0.9042930190531625
AT4G30650	AT3G46440	0.9301974364451203
AT4G30650	AT1G13930	0.8437015578698106
AT4G30650	AT5G63420	0.8962838986260501
AT4G30650	AT2G19450	0.8366169210092269
AT4G30650	AT1G69870	0.8860316185146565
AT4G30650	AT4G33490	0.9104080678201438
AT4G30650	AT4G14230	0.8529878096030776
AT4G30650	AT1G75880	0.8357702458511108
AT4G30650	AT5G27930	0.8617061543984448
AT4G30650	AT1G20840	0.870240391786444
AT4G30650	AT3G05800	0.9004783591229485
AT1G56600	AT4G23493	0.8273753441492416
AT1G56600	AT2G32120	0.8107975993883751
AT1G56600	AT2G19310	0.8085710822600795
AT1G56600	AT5G57790	0.807676708604371
AT1G56600	AT1G02700	0.8197190364124409
AT2G40750	AT2G28085	0.8642122919347609
AT2G40750	AT2G14560	0.8609891672739143
AT2G40750	AT5G60100	0.8546052146018489
AT2G40750	AT2G28900	0.8248498110031447
AT2G40750	AT4G12280	0.8470699831532774
AT2G40750	AT1G64890	0.8379419371797285
AT2G40750	AT3G63160	0.8438784615348338
AT2G40750	AT4G32340	0.8060870575010419
AT2G40750	AT5G26570	0.8261040679914513
AT2G40750	AT2G25730	0.8242107961217604
AT2G40750	AT2G40130	0.805518374524643
AT2G40750	AT5G23660	0.8042134237409659
AT2G40750	AT5G51570	0.8188518189364785
AT2G40750	AT3G05880	0.8050684427295295
AT2G40750	AT3G10410	0.8209965909053626
AT2G40750	AT3G52180	0.8235525301247993
AT2G40750	AT4G18240	0.8225788795938814
AT2G40750	AT1G79440	0.80193247052545
AT2G40750	AT2G43550	0.8308868641718967
AT2G40750	AT3G55450	0.8343071752801366
AT2G40750	AT3G57770	0.8649255622821127
AT2G40750	AT1G31850	0.8328882104731016
AT2G40750	AT3G16180	0.8319616542486373
AT2G40750	AT2G43535	0.8404326752933579
AT2G40750	AT5G50450	0.8230822882485797
AT2G40750	AT4G19390	0.8311206402530233
AT2G38465	AT1G20030	0.8184008002996658
AT2G38465	AT3G53250	0.8053239269150053
AT2G38465	AT4G16146	0.858841020647113
AT2G38465	AT2G22450	0.8537551769260662
AT2G38465	AT3G04010	0.8498032184420736
AT2G38465	AT1G19370	0.8402474862308694
AT2G38465	AT2G47890	0.8548340955137024
AT2G38465	AT5G06690	0.8863854013454703
AT2G38465	AT1G36940	0.8561293344076306
AT2G38465	AT4G09020	0.8034901581683205
AT2G38465	AT1G49230	0.8215025825563791
AT2G38465	AT1G49720	0.8569786725976085
AT2G38465	AT4G26670	0.8934255231273737
AT2G38465	AT2G25930	0.918819126630674
AT2G38465	AT2G21130	0.8630872483233125
AT2G38465	AT4G01130	0.8698375466153575
AT2G38465	AT2G40340	0.8334742767452327
AT2G38465	AT2G15890	0.8865222908385377
AT2G38465	AT1G10760	0.8227716663266467
AT2G38465	AT3G47860	0.877001014284046
AT2G38465	AT4G27440	0.8167882369241324
AT2G38465	AT5G64860	0.8367790100048508
AT2G38465	AT5G40180	0.8002377829886929
AT2G38465	AT5G67480	0.8411653689061436
AT2G38465	AT5G59570	0.947860743556724
AT2G38465	AT2G26790	0.809928916842403
AT2G38465	AT5G15960	0.8229095509438455
AT2G38465	AT5G61380	0.8403488204515108
AT2G38465	AT5G54960	0.8865571153303494
AT2G38465	AT5G39410	0.8715371675819023
AT2G38465	AT5G44010	0.8258721698362694
AT2G38465	AT5G48250	0.899143342014166
AT2G38465	AT2G25730	0.8738044440127601
AT2G38465	AT2G28840	0.8032004133808861
AT2G38465	AT3G26740	0.8626542146983535
AT2G38465	AT5G23660	0.8252999460743189
AT2G38465	AT5G51570	0.8525749492819873
AT2G38465	AT3G47160	0.9227842995519087
AT2G38465	AT4G33310	0.8110238738764317
AT2G38465	AT4G39090	0.9277297809335749
AT2G38465	AT3G05880	0.8371943674462805
AT2G38465	AT3G50500	0.8906624924531581
AT2G38465	AT3G10410	0.8375468066421669
AT2G38465	AT5G27280	0.8778667486707991
AT2G38465	AT1G49650	0.8881619313865579
AT2G38465	AT3G11020	0.8688595353632589
AT2G38465	AT2G29630	0.8908845950618445
AT2G38465	AT1G67660	0.8473197760895613
AT2G38465	AT5G14920	0.858771820134304
AT2G38465	AT3G28870	0.8264540921769178
AT2G38465	AT3G53800	0.8316049422371791
AT2G38465	AT1G67970	0.8318788798323071
AT2G38465	AT2G17840	0.8903193031629727
AT2G38465	AT5G14550	0.835644348964309
AT2G38465	AT1G51940	0.851647738048719
AT2G38465	AT5G02860	0.858317571025121
AT2G38465	AT1G79440	0.8496159232480813
AT2G38465	AT1G27630	0.8826687131327614
AT2G38465	AT1G80480	0.9430034681198439
AT2G38465	AT1G26665	0.8694030602463483
AT2G38465	AT1G02300	0.8423579021615656
AT2G38465	AT4G02370	0.8876666070186284
AT2G38465	AT5G62720	0.8978939867871195
AT2G38465	AT3G59820	0.8619906568084671
AT2G38465	AT3G50700	0.8613203347269203
AT2G38465	AT5G03240	0.9599112472376643
AT2G38465	AT5G43440	0.8217537486387693
AT2G38465	AT1G32090	0.8057049404039394
AT2G38465	AT5G18540	0.8742662024773502
AT2G38465	AT4G05150	0.8271678446597059
AT2G38465	AT1G12710	0.9265672041101978
AT2G38465	AT3G14310	0.8263395606813475
AT2G38465	AT2G02100	0.8121796779784983
AT2G38465	AT5G42500	0.8749252105886612
AT2G38465	AT4G38580	0.8792287952745521
AT2G38465	AT1G17460	0.9099682213284714
AT2G38465	AT3G58570	0.8395104045635534
AT2G38465	AT3G26580	0.9057474199851507
AT2G38465	AT4G12750	0.8972192939245456
AT2G38465	AT3G56720	0.8741495248987685
AT2G38465	AT4G05330	0.8533614796191398
AT2G38465	AT1G21680	0.956236327480281
AT2G38465	AT3G16740	0.8718085151151916
AT2G38465	AT1G33970	0.820108741222834
AT2G38465	AT5G63420	0.8884424774068825
AT2G38465	AT2G19450	0.8371512763492971
AT2G38465	AT5G62350	0.8207401839171702
AT2G38465	AT4G33490	0.8521722334865416
AT2G38465	AT1G08500	0.8820191772208688
AT2G38465	AT1G67370	0.8410949461421467
AT2G38465	AT5G08380	0.8853402178452672
AT3G12580	AT2G20560	0.9309401724141204
AT3G12580	AT3G24500	0.9280852143679991
AT3G12580	AT5G64510	0.9334685346954648
AT3G12580	AT1G54050	0.8328972387602546
AT3G12580	AT3G51910	0.8056876387591928
AT3G12580	AT5G25450	0.8594865097131466
AT3G12580	AT2G32120	0.8271866745602569
AT3G12580	AT1G30070	0.9245931689844628
AT3G12580	AT5G18340	0.8632454622863512
AT3G12580	AT5G12110	0.947412544261711
AT3G12580	AT2G19310	0.8489303284825666
AT3G12580	AT3G09350	0.8831573364326308
AT3G12580	AT1G67360	0.8389452086414202
AT3G12580	AT5G58770	0.832680454982156
AT3G12580	AT4G36988	0.8869398043816793
AT3G12580	AT2G47180	0.8475859734839358
AT3G12580	AT1G07350	0.9506699937180179
AT3G12580	AT5G47830	0.8162745442090806
AT3G12580	AT5G35320	0.864993464203413
AT3G12580	AT4G29770	0.8106271788404753
AT3G12580	AT3G08970	0.8355347635488356
AT3G12580	AT4G11660	0.8619057195348098
AT3G12580	AT1G14200	0.8180758508793293
AT3G12580	AT5G09590	0.8856639754716225
AT3G12580	AT3G07150	0.8000447552885896
AT3G12580	AT3G53230	0.8086664946748633
AT3G12580	AT5G47610	0.9059844200791509
AT3G12580	AT4G23570	0.8716548418645755
AT3G12580	AT3G07090	0.8477743570564319
AT3G12580	AT5G19875	0.8436385528200622
AT3G12580	AT3G22090	0.8057684655120112
AT3G12580	AT2G25140	0.8803932142423987
AT3G12580	AT5G23480	0.8323604558310416
AT3G12580	AT3G12050	0.8846953092498508
AT3G12580	AT3G25230	0.9148931046775702
AT3G12580	AT1G56170	0.9011158870292505
AT3G12580	AT5G56030	0.8300832026616168
AT3G12580	AT5G62020	0.8518569616407092
AT3G12580	AT1G13080	0.827596859215221
AT3G12580	AT3G17611	0.8362535070193351
AT3G12580	AT3G23990	0.8879775910231301
AT3G12580	AT1G55530	0.881832298398473
AT3G12580	AT2G21940	0.81411816237273
AT3G12580	AT5G58590	0.8461748972049206
AT3G12580	AT3G15770	0.8077098250031124
AT3G12580	AT2G41160	0.8585324491506806
AT3G12580	AT5G53400	0.8656923909023088
AT3G12580	AT2G47730	0.8297336006743945
AT3G12580	AT4G30490	0.8380400916111271
AT3G12580	AT3G07770	0.8310587208552348
AT3G12580	AT3G57880	0.9413406977624341
AT3G14200	AT2G20560	0.8426221447291016
AT3G14200	AT3G24500	0.8233867280815628
AT3G14200	AT4G27657	0.8282560969229031
AT3G14200	AT3G51910	0.8605143682536409
AT3G14200	AT1G66080	0.9213581941698502
AT3G14200	AT3G09440	0.9691920704268129
AT3G14200	AT3G09350	0.8348611984645536
AT3G14200	AT5G35320	0.8010624092173658
AT3G14200	AT4G11660	0.872150776986504
AT3G14200	AT1G14200	0.8707838867723297
AT3G14200	AT1G18330	0.8055318615061278
AT3G14200	AT2G24100	0.8996118923828258
AT3G14200	AT5G02490	0.9047999200205646
AT3G14200	AT4G23570	0.871372724153328
AT3G14200	AT3G07090	0.9241581751283304
AT3G14200	AT5G23480	0.8508884762863447
AT3G14200	AT3G12050	0.8047499562914575
AT3G14200	AT3G25230	0.8014857245261069
AT3G14200	AT5G56030	0.9015784139670452
AT3G14200	AT5G62020	0.8021794163362232
AT3G14200	AT5G04340	0.8155999423457841
AT3G14200	AT5G56010	0.9275172756261688
AT3G14200	AT1G55530	0.8498749991755906
AT3G14200	AT3G15770	0.8134323551893042
AT3G14200	AT2G47730	0.8604070385485892
AT3G14200	AT4G30490	0.9039994669468775
AT3G14200	AT2G29450	0.9259390535895504
AT2G07712	AT3G59720	0.9026207104738911
AT2G07712	ATMG00630	0.8943611411492652
AT2G07712	AT2G26790	0.8408696340325156
AT2G07712	AT2G07768	0.8002944146984325
AT2G07712	ATMG00513	0.9140433964519696
AT2G07712	ATMG00160	0.8591626679225994
AT2G07712	ATMG00940	0.8015734950073671
AT2G07712	ATMG01190	0.8572064459798215
AT2G07712	ATMG00270	0.8379204087075557
AT2G07712	ATMG00650	0.833574267366443
AT2G07712	AT2G07675	0.891944978767728
AT2G07712	ATMG00690	0.8143776821800909
AT2G07712	ATMG00060	0.8435886412846024
AT2G07712	ATMG01200	0.9149643212914091
AT2G07712	ATMG00620	0.8057840040557037
AT2G46240	254414_at	0.8644036674433201
AT2G46240	AT2G20560	0.8521913341786759
AT2G46240	AT4G23493	0.9304447126856283
AT2G46240	AT3G24500	0.8346780287198332
AT2G46240	AT5G64510	0.8889910431791176
AT2G46240	AT1G54050	0.9408989146626295
AT2G46240	AT3G51910	0.8219048973964886
AT2G46240	AT5G25450	0.9563202823355865
AT2G46240	AT4G26270	0.8144180342846342
AT2G46240	AT2G32120	0.9478388524938035
AT2G46240	AT1G16030	0.9473825688001704
AT2G46240	AT1G17870	0.8777105931298995
AT2G46240	AT1G30070	0.9007759027039662
AT2G46240	AT1G21550	0.9585685524643508
AT2G46240	AT1G66080	0.8034959887245077
AT2G46240	AT3G63350	0.8766061846438334
AT2G46240	AT3G20180	0.8986616927734908
AT2G46240	AT5G18340	0.8843806454889608
AT2G46240	AT5G10695	0.92662156703334
AT2G46240	AT2G19310	0.9207620443883752
AT2G46240	AT3G09350	0.9021532383072839
AT2G46240	AT1G67360	0.9266888221829489
AT2G46240	AT3G10020	0.8708420258465842
AT2G46240	AT4G36988	0.9030753471233749
AT2G46240	AT4G14270	0.8093236696152687
AT2G46240	AT1G26800	0.8547161648215892
AT2G46240	AT1G07350	0.8603869547076128
AT2G46240	AT5G47830	0.8941233046019298
AT2G46240	AT4G21323	0.8046181318232575
AT2G46240	AT5G35320	0.9266765289766065
AT2G46240	AT3G17110	0.8712099848900005
AT2G46240	AT3G08970	0.9389751343758461
AT2G46240	AT4G11660	0.8589141203928345
AT2G46240	AT5G09590	0.9325406800666274
AT2G46240	AT1G59980	0.8515174420435252
AT2G46240	AT1G03070	0.9408118767882613
AT2G46240	AT3G07150	0.9681697620970029
AT2G46240	AT5G07330	0.8334005175194761
AT2G46240	AT3G53230	0.9017839268525244
AT2G46240	AT5G47610	0.8064088987010612
AT2G46240	AT1G07500	0.8362547593588251
AT2G46240	AT1G44414	0.8864392216049372
AT2G46240	AT3G22090	0.8941672217659036
AT2G46240	AT2G25140	0.9193914580703799
AT2G46240	AT5G27660	0.8644399592998528
AT2G46240	AT5G05410	0.9601272347984783
AT2G46240	AT5G23480	0.8752351387950096
AT2G46240	AT3G12050	0.896341395362891
AT2G46240	AT3G25230	0.8858436060537982
AT2G46240	AT1G01940	0.8322144144606978
AT2G46240	AT4G23885	0.8705995073234112
AT2G46240	AT3G17611	0.9042067341928872
AT2G46240	AT3G23990	0.8740666020317411
AT2G46240	AT2G15790	0.8200798326540552
AT2G46240	AT1G55530	0.8718818688825172
AT2G46240	AT2G21940	0.9557015352965862
AT2G46240	AT5G58590	0.8318946874165453
AT2G46240	AT4G17250	0.9079503643615782
AT2G46240	AT3G03520	0.9380988426914973
AT2G46240	AT2G41160	0.9305066581425503
AT2G46240	AT5G53400	0.9173986081647222
AT2G46240	AT3G52830	0.8360869845144867
AT2G46240	AT4G26780	0.9091965850496144
AT2G46240	AT2G36460	0.9705711888217643
AT2G46240	AT5G58787	0.9396048213377622
AT2G46240	AT3G07770	0.8443726486705124
AT1G20030	AT3G53250	0.8557319999639547
AT1G20030	AT2G15880	0.8003459778603297
AT1G20030	AT3G04010	0.8253253425172848
AT1G20030	AT4G30660	0.8165845559834132
AT1G20030	AT1G19370	0.8384495310651221
AT1G20030	AT2G47890	0.8328846995869179
AT1G20030	AT5G06690	0.8472048392540543
AT1G20030	AT1G36940	0.9637927261941709
AT1G20030	AT1G49720	0.9258264194870085
AT1G20030	AT4G26670	0.8765605715110034
AT1G20030	AT4G01130	0.8680565403436187
AT1G20030	AT2G15890	0.8787253185475958
AT1G20030	AT5G47240	0.8350512793009118
AT1G20030	AT1G10760	0.830715527483526
AT1G20030	AT4G27440	0.9478672709207253
AT1G20030	AT5G64860	0.8581259155456811
AT1G20030	AT5G39410	0.8083666349421176
AT1G20030	AT5G44010	0.8402672275330825
AT1G20030	AT3G26740	0.8419206822947736
AT1G20030	AT3G47160	0.873589115105848
AT1G20030	AT4G39090	0.8929786359494853
AT1G20030	AT2G31360	0.8488381525439546
AT1G20030	AT1G22770	0.9121877997169638
AT1G20030	AT3G50500	0.8419848846231771
AT1G20030	AT5G27280	0.9014310277719846
AT1G20030	AT2G45560	0.8380717948310393
AT1G20030	AT1G49650	0.8338285047296119
AT1G20030	AT2G16660	0.8006944030120818
AT1G20030	AT2G15960	0.854595145802266
AT1G20030	AT1G67660	0.8832499476896855
AT1G20030	AT5G14920	0.883294349067314
AT1G20030	AT3G53800	0.9262567915437774
AT1G20030	AT4G18520	0.8615561469573599
AT1G20030	AT2G17840	0.8653628000100135
AT1G20030	AT5G14550	0.8040027673861754
AT1G20030	AT1G51940	0.9274752951785328
AT1G20030	AT5G02860	0.8776529730318614
AT1G20030	AT1G27630	0.8656202820308792
AT1G20030	AT1G80480	0.8096312291092159
AT1G20030	AT5G26340	0.8125659270440783
AT1G20030	AT1G02300	0.8809342893481512
AT1G20030	AT4G02370	0.8817236671034187
AT1G20030	AT3G53990	0.8788463155902816
AT1G20030	AT5G63810	0.816922286208918
AT1G20030	AT1G70820	0.916994063757175
AT1G20030	AT3G59820	0.8054385251573072
AT1G20030	AT3G50700	0.9249965056070197
AT1G20030	AT5G03240	0.8272420763292849
AT1G20030	AT5G43440	0.9436567692456168
AT1G20030	AT4G05150	0.8266920787395532
AT1G20030	AT2G15970	0.8164905740726687
AT1G20030	AT1G12710	0.86845242138857
AT1G20030	AT2G01170	0.812790695423778
AT1G20030	AT2G39900	0.859628782099955
AT1G20030	AT4G38580	0.8049937920142469
AT1G20030	AT3G58570	0.828832249536784
AT1G20030	AT3G01310	0.8562736224069595
AT1G20030	AT3G26580	0.8985851020420828
AT1G20030	AT1G12845	0.874550702799469
AT1G20030	AT4G12750	0.865732325990266
AT1G20030	AT3G56720	0.9633880771724053
AT1G20030	AT1G70420	0.8793265234961255
AT1G20030	AT4G05330	0.816984908362014
AT1G20030	AT1G21680	0.8349781053568217
AT1G20030	AT1G78600	0.9077729242728867
AT1G20030	AT3G16740	0.8878043320440895
AT1G20030	AT5G10530	0.85071137167352
AT1G20030	AT1G06460	0.8255478249443811
AT1G20030	AT1G33970	0.962305740857816
AT1G20030	AT3G51660	0.9091015264367299
AT1G20030	AT1G13930	0.845611180376429
AT1G20030	AT5G62350	0.9460554366224091
AT1G20030	AT4G33490	0.8038501858943791
AT1G20030	AT4G14230	0.8356317846432382
AT1G33055	AT2G20670	0.8526646754733358
AT1G33055	AT2G23110	0.8120950023409903
AT1G33055	AT1G69490	0.8701633427364898
AT1G33055	AT1G15550	0.8878570859927722
AT1G33055	AT2G40000	0.8135127512201236
AT1G33055	AT1G80440	0.8400507496390103
AT1G33055	AT4G27280	0.8887932311396818
AT1G33055	AT4G27450	0.8849876805779411
AT1G33055	AT4G25810	0.8903905489367537
AT1G33055	AT5G19120	0.8369198025123189
AT1G33055	AT5G02020	0.8573557676640533
AT1G33055	AT4G08950	0.8269408332337179
AT1G33055	AT3G07350	0.864453687006504
AT1G33055	AT3G50060	0.8342046173026735
AT1G33055	AT5G49450	0.8443560146207938
AT1G33055	AT2G25090	0.8300899659565102
AT1G33055	AT2G29300	0.9021693588013305
AT4G17490	AT4G08040	0.8491758223140801
AT4G17490	AT5G57560	0.8236408970880966
AT4G17490	AT1G35140	0.8459938403194982
AT4G17490	AT2G34600	0.9094488617717453
AT4G17490	AT1G21910	0.842322651926483
AT4G17490	AT2G27080	0.8068842952507842
AT4G17490	AT1G19380	0.811878266737476
AT4G17490	AT4G17500	0.859266625522614
AT4G17490	AT5G45340	0.8555221311012801
AT4G17490	AT3G55980	0.8258009414581818
AT4G17490	AT5G61600	0.8808890361872288
AT4G17490	AT1G32920	0.8226158737234565
AT4G17490	AT4G24570	0.8310765585995467
AT4G17490	AT1G76650	0.806877436582867
AT4G17490	AT5G51190	0.8500131116029792
AT4G17490	AT3G51330	0.805687646897391
AT3G53250	AT1G19370	0.8212729180028787
AT3G53250	AT5G06690	0.8438718405063655
AT3G53250	AT1G36940	0.8465411420430652
AT3G53250	AT1G49720	0.8320620860200096
AT3G53250	AT2G15890	0.8835092292158369
AT3G53250	AT5G47240	0.8462411083762947
AT3G53250	AT4G27440	0.8819603107162666
AT3G53250	AT5G64860	0.8174447442190008
AT3G53250	AT5G59570	0.8193932671391646
AT3G53250	AT3G47160	0.8669937963992325
AT3G53250	AT4G39090	0.835086011396238
AT3G53250	AT3G50500	0.8275766759991342
AT3G53250	AT5G27280	0.8615231700381609
AT3G53250	AT2G15960	0.8783517430887695
AT3G53250	AT5G14920	0.8735929654966443
AT3G53250	AT3G53800	0.8173110396596251
AT3G53250	AT5G35735	0.8334630528046468
AT3G53250	AT1G51940	0.8438832420325532
AT3G53250	AT2G06925	0.8016775974479442
AT3G53250	AT4G02370	0.8336885106498849
AT3G53250	AT3G53990	0.8120856601544245
AT3G53250	AT5G63810	0.8085889500579975
AT3G53250	AT1G70820	0.8537856012350601
AT3G53250	AT3G50700	0.8168724162154901
AT3G53250	AT5G43440	0.8331532787613055
AT3G53250	AT4G05150	0.8842198932824374
AT3G53250	AT2G39900	0.8534599121399175
AT3G53250	AT4G38580	0.8367933011594597
AT3G53250	AT3G01310	0.816852887768007
AT3G53250	AT3G26580	0.8058488956212148
AT3G53250	AT1G12845	0.8117020019089067
AT3G53250	AT3G56720	0.8212548498416172
AT3G53250	AT4G05330	0.8299822647113426
AT3G53250	AT1G78600	0.8765799717397345
AT3G53250	AT3G16740	0.8981678600786074
AT3G53250	AT1G33970	0.8782354442463057
AT3G53250	AT5G62350	0.8539070666613996
AT3G53250	AT1G08500	0.8562842540709339
254414_at	AT4G23493	0.8173500885711492
254414_at	AT5G64510	0.8669038269810151
254414_at	AT1G54050	0.8337044838182718
254414_at	AT5G25450	0.9167412944105012
254414_at	AT2G32120	0.9339305740299008
254414_at	AT1G16030	0.8988383088796799
254414_at	AT1G17870	0.9700130171085576
254414_at	AT4G03320	0.81793573598294
254414_at	AT1G30070	0.8512345375488869
254414_at	AT1G21550	0.8993134419874649
254414_at	AT3G20180	0.9380991647791065
254414_at	AT5G12110	0.8506345600114991
254414_at	AT5G10695	0.8868612084594528
254414_at	AT2G19310	0.8730304261313985
254414_at	AT2G47180	0.8104230396764626
254414_at	AT5G47830	0.9483242085848682
254414_at	AT4G29770	0.9443017960629261
254414_at	AT3G17110	0.8218340441250658
254414_at	ATMG00630	0.8539804756779154
254414_at	AT3G08970	0.804430273894491
254414_at	AT5G09590	0.8483766605796189
254414_at	AT1G59980	0.9107701630524241
254414_at	AT1G03070	0.8850071414441478
254414_at	AT3G07150	0.8714841300060316
254414_at	AT5G07330	0.8644981158391828
254414_at	AT3G53230	0.9229430398810464
254414_at	AT4G19430	0.8752986252522765
254414_at	AT1G07500	0.8831640526131141
254414_at	AT1G44414	0.8475984565748206
254414_at	AT5G47160	0.8530458489448209
254414_at	AT3G22090	0.8953132462656499
254414_at	AT2G25140	0.813138178925131
254414_at	ATMG00270	0.8009854947732428
254414_at	AT5G15250	0.8786431908021778
254414_at	AT5G27660	0.9160800447608742
254414_at	AT3G25650	0.8207766502109897
254414_at	ATMG00650	0.8123376714238546
254414_at	AT2G07675	0.8433192449763657
254414_at	AT1G01940	0.9710017153742433
254414_at	257239_at	0.9226610294255676
254414_at	AT1G76280	0.805264705201325
254414_at	AT4G23885	0.9357060407875774
254414_at	ATMG00690	0.8486276705396174
254414_at	ATMG00060	0.8179779731420411
254414_at	AT2G30000	0.9301585862656786
254414_at	AT3G23990	0.8915236797570845
254414_at	AT2G15790	0.8551736292511142
254414_at	AT2G21940	0.8261061466843682
254414_at	AT5G58590	0.8698090112285832
254414_at	AT3G03520	0.9089640679283927
254414_at	AT5G53400	0.8134066105175709
254414_at	AT3G29810	0.8316189740084095
254414_at	AT3G52830	0.9009137578611173
254414_at	ATMG00620	0.8211112820733427
254414_at	AT4G26780	0.9530475331035135
254414_at	AT5G58787	0.9447092432275516
254414_at	AT3G07770	0.924926267021491
AT4G33985	AT4G16146	0.8632054018943934
AT4G33985	AT2G22450	0.8528715849833478
AT4G33985	AT2G33830	0.8334062523959394
AT4G33985	AT1G19370	0.8367582969583867
AT4G33985	AT3G46970	0.8582164099035405
AT4G33985	AT2G47890	0.8159663460690719
AT4G33985	AT2G42530	0.8131756816348072
AT4G33985	AT5G60100	0.8282605571197451
AT4G33985	AT2G28900	0.8618314907877136
AT4G33985	AT4G09020	0.8474695979571215
AT4G33985	AT1G49230	0.8585833685516862
AT4G33985	AT1G76790	0.8211788938321546
AT4G33985	AT4G12280	0.8850481340150061
AT4G33985	AT4G26670	0.8048183785421819
AT4G33985	AT1G28050	0.8396865923930102
AT4G33985	AT2G25930	0.8030300289084799
AT4G33985	AT1G64890	0.8362001483814979
AT4G33985	AT3G63160	0.8023556469123231
AT4G33985	AT1G10760	0.8185444064276821
AT4G33985	AT3G47860	0.8171265169235705
AT4G33985	AT4G32340	0.8761596782802373
AT4G33985	AT5G26570	0.862594313705093
AT4G33985	AT5G61380	0.8786620571908401
AT4G33985	AT5G39410	0.8423838329698122
AT4G33985	AT2G28840	0.8453927673934342
AT4G33985	AT5G23660	0.8755315648247748
AT4G33985	AT4G19120	0.8457171974503388
AT4G33985	AT3G13170	0.8284288018018658
AT4G33985	AT5G61800	0.8371384778898695
AT4G33985	AT3G05880	0.8144134601160758
AT4G33985	AT3G10410	0.879551559873838
AT4G33985	AT5G57110	0.84705533013976
AT4G33985	AT4G38550	0.8460573625994815
AT4G33985	AT2G29630	0.8111838068596838
AT4G33985	AT4G18520	0.8010136981933763
AT4G33985	AT4G18240	0.8366548109423574
AT4G33985	AT1G67970	0.8852834598657199
AT4G33985	AT2G17840	0.8456430378532475
AT4G33985	AT5G14550	0.8377951558229003
AT4G33985	AT5G11150	0.8576035553524004
AT4G33985	AT1G79440	0.8536926934196227
AT4G33985	AT4G33700	0.8710176776488736
AT4G33985	AT1G27630	0.8375852172470724
AT4G33985	AT1G26665	0.8196802490014174
AT4G33985	AT5G62720	0.8042556351760474
AT4G33985	AT3G55450	0.923747565787508
AT4G33985	AT1G51610	0.862850451536862
AT4G33985	AT1G48210	0.8828325768427764
AT4G33985	AT5G57630	0.8234242984532458
AT4G33985	AT5G18540	0.8339627245082171
AT4G33985	AT5G25210	0.8593533582526359
AT4G33985	AT1G49220	0.8398272645449385
AT4G33985	AT3G57770	0.85265143601284
AT4G33985	AT1G31850	0.8592602550505887
AT4G33985	AT1G68050	0.8429507425459708
AT4G33985	AT3G14310	0.8571351570523645
AT4G33985	AT2G02100	0.815638788914844
AT4G33985	AT3G16180	0.8774299791891729
AT4G33985	AT2G43535	0.8463500691078227
AT4G33985	AT1G53035	0.826265307551427
AT4G33985	AT1G75960	0.8109548771008676
AT4G33985	AT4G19390	0.8902937867654707
AT4G33985	AT1G06460	0.812664245639592
AT4G33985	AT3G46440	0.847268432474481
AT4G33985	AT5G63420	0.8474941456493962
AT4G33985	AT2G19450	0.8592878902836265
AT4G33985	AT1G69870	0.8143373010690035
AT4G33985	AT4G33490	0.8344489854610017
AT4G33985	AT1G75880	0.8403234118921691
AT4G33985	AT5G27930	0.8126998375880948
AT4G33985	AT3G05800	0.8196036648532806
AT4G08040	AT5G57220	0.8227540594058881
AT4G08040	AT5G57560	0.8588753656279269
AT4G08040	AT1G35140	0.9250920620112099
AT4G08040	AT2G34600	0.8998228027036905
AT4G08040	AT1G21910	0.8655562923579826
AT4G08040	AT3G09870	0.8114759001587774
AT4G08040	AT5G41080	0.8621506080173195
AT4G08040	AT2G41100	0.8100542423757481
AT4G08040	AT2G27080	0.8334925954329023
AT4G08040	AT1G19380	0.8604924236498367
AT4G08040	AT5G45340	0.877511564806591
AT4G08040	AT3G55980	0.9345723021138125
AT4G08040	AT1G02660	0.8896702863263904
AT4G08040	AT3G50060	0.8485846340724845
AT4G08040	AT1G66160	0.8609588826321296
AT4G08040	AT4G24570	0.8949573126642717
AT4G08040	AT5G67300	0.8099248137651417
AT4G08040	AT2G44500	0.8383257934776625
AT4G16146	AT2G22450	0.9757563829624262
AT4G16146	AT2G33830	0.8578729039115425
AT4G16146	AT3G04010	0.8256421177491376
AT4G16146	AT4G30660	0.9398796492941808
AT4G16146	AT1G19370	0.913659595770773
AT4G16146	AT3G46970	0.9549747015477998
AT4G16146	AT2G47890	0.8997337516036404
AT4G16146	AT2G28085	0.8435645064640485
AT4G16146	AT2G42530	0.9192208538680201
AT4G16146	AT5G60100	0.9383620408699684
AT4G16146	AT2G28900	0.9222040629243322
AT4G16146	AT5G06690	0.9125043552184364
AT4G16146	AT4G09020	0.9814068625991723
AT4G16146	AT1G49230	0.8829528302727793
AT4G16146	AT1G76790	0.8828723438992063
AT4G16146	AT4G12280	0.9475175572588334
AT4G16146	AT1G49720	0.8888121410719577
AT4G16146	AT4G26670	0.9634177127247513
AT4G16146	AT1G28050	0.9498583075721526
AT4G16146	AT2G25930	0.941588605624193
AT4G16146	AT4G01130	0.9554912510815041
AT4G16146	AT2G40340	0.871122200435977
AT4G16146	AT1G64890	0.9216109257834189
AT4G16146	AT3G63160	0.8598476179155305
AT4G16146	AT2G15890	0.8308937558429534
AT4G16146	AT1G10760	0.9626188452052782
AT4G16146	AT3G47860	0.9641679651126623
AT4G16146	AT5G64860	0.9346184463419666
AT4G16146	AT5G40180	0.8283505560410492
AT4G16146	AT4G32340	0.9806055742476244
AT4G16146	AT5G26570	0.9716683917537026
AT4G16146	AT5G59570	0.8723563681080403
AT4G16146	AT5G15960	0.947386629570828
AT4G16146	AT5G61380	0.9804056156774943
AT4G16146	AT5G54960	0.8806473793738113
AT4G16146	AT2G20480	0.8340400943365566
AT4G16146	AT5G39410	0.9894228871122327
AT4G16146	AT5G44010	0.8780096419010525
AT4G16146	AT5G48250	0.8975824859574237
AT4G16146	AT3G50120	0.8080270439970461
AT4G16146	AT2G25730	0.9613175490323685
AT4G16146	AT2G28840	0.9463523943029719
AT4G16146	AT1G29395	0.9181705103910516
AT4G16146	AT3G26740	0.9135878126828526
AT4G16146	AT5G23660	0.9682676902688596
AT4G16146	AT5G51570	0.9514448280963658
AT4G16146	AT4G39090	0.8927432524854649
AT4G16146	AT4G19120	0.8569694345845476
AT4G16146	AT2G31360	0.811731377721914
AT4G16146	AT1G51090	0.8702001265122882
AT4G16146	AT3G18080	0.9017404477970637
AT4G16146	AT5G61800	0.8443243706115799
AT4G16146	AT3G05880	0.9595015623621053
AT4G16146	AT3G50500	0.8463584311664426
AT4G16146	AT3G10410	0.9875008969174909
AT4G16146	AT5G57110	0.9615145656046037
AT4G16146	AT1G09190	0.8468393792303583
AT4G16146	AT5G27280	0.9187411305090154
AT4G16146	AT2G45560	0.9172189448797533
AT4G16146	AT1G49650	0.8986220976196836
AT4G16146	AT3G52180	0.920957304716728
AT4G16146	AT2G29630	0.9646141914821652
AT4G16146	AT1G67660	0.92869938942106
AT4G16146	AT5G14920	0.8249512108478305
AT4G16146	AT3G53800	0.8318251916272231
AT4G16146	AT4G18520	0.8799208353884063
AT4G16146	AT4G18240	0.9585995177965068
AT4G16146	AT1G67970	0.9158635042237683
AT4G16146	AT2G17840	0.9501070443785072
AT4G16146	AT5G14550	0.9711792474363813
AT4G16146	AT1G51940	0.8010803499881566
AT4G16146	AT5G11150	0.9066623622333759
AT4G16146	AT5G02860	0.9197874139585676
AT4G16146	AT1G79440	0.9470180761921148
AT4G16146	AT4G33700	0.9575338439203386
AT4G16146	AT2G06925	0.8179908929874241
AT4G16146	AT1G27630	0.9637638982394
AT4G16146	AT1G80480	0.8386288032676982
AT4G16146	AT1G26665	0.9629358268832343
AT4G16146	245432_at	0.8631963200365014
AT4G16146	AT3G02330	0.882236274207798
AT4G16146	AT2G43550	0.8226950474605648
AT4G16146	AT4G02370	0.8965714706002393
AT4G16146	AT5G62720	0.9460909608795269
AT4G16146	AT5G63810	0.8888229930973907
AT4G16146	AT1G70820	0.8530978719844035
AT4G16146	AT3G59820	0.8540919724651351
AT4G16146	AT3G50700	0.806414064222377
AT4G16146	AT5G03240	0.9265783677544244
AT4G16146	AT5G43440	0.8136453412994454
AT4G16146	AT4G17140	0.9203593868382272
AT4G16146	AT3G55450	0.9019364467373017
AT4G16146	AT1G51610	0.9203602611327033
AT4G16146	AT1G48210	0.9656620468395742
AT4G16146	AT5G18540	0.9592173123778355
AT4G16146	AT5G25210	0.8257404743704133
AT4G16146	AT1G69830	0.9248293368608466
AT4G16146	AT1G49220	0.9058827861006683
AT4G16146	AT3G57770	0.8254862116028044
AT4G16146	AT2G15970	0.8806200245763576
AT4G16146	AT1G31850	0.927670745436237
AT4G16146	AT1G12710	0.8629813434956712
AT4G16146	AT1G68050	0.8725508775677447
AT4G16146	AT3G14310	0.9347467209462968
AT4G16146	AT2G01170	0.9408560947764047
AT4G16146	AT2G39900	0.865304471548861
AT4G16146	AT2G02100	0.9390278899682957
AT4G16146	AT5G42500	0.8589326886986319
AT4G16146	AT3G58570	0.9507979554842084
AT4G16146	AT3G16180	0.9276337982966936
AT4G16146	AT3G01310	0.905613259021872
AT4G16146	AT3G26580	0.8998131441545342
AT4G16146	AT1G12845	0.848116549674074
AT4G16146	AT2G43535	0.8699791428419569
AT4G16146	AT3G56720	0.846611948525439
AT4G16146	AT4G05330	0.8928621755649393
AT4G16146	AT1G21680	0.8876022059883433
AT4G16146	AT1G53035	0.9067609858737058
AT4G16146	AT4G11600	0.9068724998688183
AT4G16146	AT1G75960	0.8313874324309486
AT4G16146	AT4G19390	0.9562934426115776
AT4G16146	AT5G10530	0.8446628167916582
AT4G16146	AT1G06460	0.9360760743792624
AT4G16146	AT3G46440	0.9163470753438984
AT4G16146	AT1G13930	0.8526551059199864
AT4G16146	AT5G63420	0.9834419124094775
AT4G16146	AT2G19450	0.9422350442658717
AT4G16146	AT4G33490	0.9799232821040258
AT4G16146	AT4G14230	0.8895891567351496
AT4G16146	AT5G27930	0.9112253795701856
AT4G16146	AT3G05800	0.8467702892332627
AT2G41260	AT1G26420	0.8113270228343268
AT2G41260	AT2G15490	0.8129685131682816
AT2G20560	AT4G23493	0.8738244504181591
AT2G20560	AT3G24500	0.9809088618802375
AT2G20560	AT5G64510	0.9250137615408467
AT2G20560	AT1G54050	0.8955302532916731
AT2G20560	AT3G51910	0.9102763169495409
AT2G20560	AT5G25450	0.8895360422274509
AT2G20560	AT2G32120	0.8596757279065984
AT2G20560	AT1G16030	0.8510561949387853
AT2G20560	AT1G30070	0.9412258781470969
AT2G20560	AT1G66080	0.9152302624271318
AT2G20560	AT5G18340	0.9344333214735986
AT2G20560	AT5G12110	0.8855230157017224
AT2G20560	AT2G19310	0.8891191084711988
AT2G20560	AT3G09350	0.9577265707351261
AT2G20560	AT1G67360	0.9543010042413607
AT2G20560	AT5G58770	0.810599600100751
AT2G20560	AT4G36988	0.9500961918585408
AT2G20560	AT1G26800	0.8898755682227474
AT2G20560	AT2G47180	0.8281067066098746
AT2G20560	AT1G07350	0.9587853636077089
AT2G20560	AT5G35320	0.9633269041675608
AT2G20560	AT3G17110	0.8189646879671534
AT2G20560	AT3G08970	0.9169821067511776
AT2G20560	AT4G11660	0.97015533836656
AT2G20560	AT1G14200	0.9111384575718001
AT2G20560	AT5G09590	0.9307493228172531
AT2G20560	AT1G03070	0.8232417499098565
AT2G20560	AT3G07150	0.8799647175330526
AT2G20560	AT2G24100	0.8655093611595056
AT2G20560	AT3G53230	0.810911265825187
AT2G20560	AT5G47610	0.9458878669672037
AT2G20560	AT4G23570	0.9267166283209907
AT2G20560	AT3G07090	0.9405711246127993
AT2G20560	AT5G19875	0.8617588809487743
AT2G20560	AT3G22090	0.8386624963451192
AT2G20560	AT2G25140	0.9393567166350709
AT2G20560	AT5G23480	0.9359182535420895
AT2G20560	AT3G12050	0.9441139292324676
AT2G20560	AT3G25230	0.9643597752348594
AT2G20560	AT1G56170	0.9539446703975386
AT2G20560	AT5G56030	0.8899803693476024
AT2G20560	AT5G62020	0.9217860966655507
AT2G20560	AT4G23885	0.808552092134016
AT2G20560	AT1G13080	0.821026241696917
AT2G20560	AT3G17611	0.9281886978179
AT2G20560	AT3G23990	0.87210391342429
AT2G20560	AT1G55530	0.9689648337498008
AT2G20560	AT2G21940	0.8819343217139001
AT2G20560	AT1G10050	0.8773644973737015
AT2G20560	AT5G58590	0.8161870720539272
AT2G20560	AT4G17250	0.8397797958105183
AT2G20560	AT3G03520	0.8025467037563301
AT2G20560	AT3G15770	0.8778677498038705
AT2G20560	AT2G41160	0.941008769795947
AT2G20560	AT5G53400	0.9347570546061331
AT2G20560	AT2G47730	0.8543732341919118
AT2G20560	AT4G30490	0.9139977198141274
AT2G20560	AT2G29450	0.8775490014598212
AT2G20560	AT2G36460	0.88240364684014
AT2G20560	AT3G57880	0.9264801453162377
AT1G65390	AT5G25260	0.8418728190604235
AT1G65390	AT1G35230	0.8111725074635681
AT1G65390	AT1G51800	0.8088471163876059
AT1G65390	AT1G19380	0.8008482339027261
AT1G65390	AT4G02330	0.8640740678161053
AT5G44260	AT1G13700	0.8728645329533111
AT5G44260	AT5G57560	0.8089270744938813
AT5G44260	AT3G47340	0.8011665887755899
AT5G44260	AT1G50040	0.856660648781622
AT5G44260	AT3G45970	0.8538874294186224
AT5G44260	AT4G35770	0.8056936601123267
AT5G44260	AT4G10910	0.8651360830970918
AT5G44260	AT3G15450	0.8772073505340955
AT5G44260	AT1G19180	0.8638854092496326
AT5G44260	AT5G22920	0.8245244637215038
AT5G44260	AT2G18700	0.8002288922112825
AT5G44260	AT2G28120	0.8287256897581639
AT5G44260	AT5G19120	0.8228740927252219
AT5G44260	AT2G30600	0.9352322864179117
AT5G44260	AT5G49450	0.8297223987573698
AT5G44260	AT2G42870	0.8253639063073739
AT5G44260	AT1G57990	0.8385315768649979
AT5G44260	AT5G05440	0.8418527600920631
AT5G44260	AT1G73830	0.8856910165006131
AT2G15880	AT1G36940	0.8028354919619926
AT2G15880	AT2G15890	0.8505160685021985
AT2G15880	AT1G22770	0.8472362755217645
AT2G15880	AT2G15960	0.8623571065491809
AT2G15880	AT1G51940	0.8311514492289576
AT2G15880	AT5G26340	0.8637930184048547
AT2G15880	AT3G53990	0.8054773444350435
AT2G15880	AT5G43440	0.8006799415189999
AT2G15880	AT4G03510	0.879301707732751
AT2G15880	AT5G57630	0.8252612396643455
AT2G15880	AT1G76590	0.8328117720506473
AT2G15880	AT3G04060	0.8160143462837532
AT2G15880	AT1G70420	0.850258078654458
AT2G15880	AT1G33970	0.8474294357224833
AT2G15880	AT3G51660	0.8192669085966249
AT2G22450	AT2G33830	0.9260874578629563
AT2G22450	AT3G04010	0.8312705035331385
AT2G22450	AT4G30660	0.9639858755944871
AT2G22450	AT1G19370	0.9308215324997166
AT2G22450	AT3G46970	0.9550005613911857
AT2G22450	AT2G47890	0.9086878651891871
AT2G22450	AT2G42530	0.9256557118212104
AT2G22450	AT5G60100	0.8956668525045932
AT2G22450	AT2G28900	0.9108335498295722
AT2G22450	AT5G06690	0.9286397718070069
AT2G22450	AT4G09020	0.962673437815822
AT2G22450	AT1G49230	0.8607829882520083
AT2G22450	AT1G76790	0.8649442073449254
AT2G22450	AT4G12280	0.9171809968901153
AT2G22450	AT1G49720	0.9118745410905534
AT2G22450	AT4G26670	0.9603443376675777
AT2G22450	AT1G28050	0.9354415007385645
AT2G22450	AT2G25930	0.9072450942807037
AT2G22450	AT4G01130	0.9621818363954023
AT2G22450	AT2G40340	0.8718908854724915
AT2G22450	AT1G64890	0.9300039163690313
AT2G22450	AT3G63160	0.8454851521665745
AT2G22450	AT2G15890	0.8996263624835557
AT2G22450	AT5G47240	0.8820514812847247
AT2G22450	AT1G10760	0.9680572079331492
AT2G22450	AT3G47860	0.9349331495700941
AT2G22450	AT4G27440	0.8288322199898804
AT2G22450	AT5G64860	0.9466841927157258
AT2G22450	AT4G32340	0.9774253908120258
AT2G22450	AT5G26570	0.9455174551586916
AT2G22450	AT5G59570	0.8860738806865438
AT2G22450	AT5G15960	0.9075027996098459
AT2G22450	AT5G61380	0.936585113670703
AT2G22450	AT5G54960	0.862004638029587
AT2G22450	AT2G20480	0.8130914276173771
AT2G22450	AT3G42860	0.8331026984470792
AT2G22450	AT5G39410	0.9751612442205375
AT2G22450	AT5G44010	0.8612536450589563
AT2G22450	AT5G48250	0.851407703798811
AT2G22450	AT2G25730	0.9450113267218367
AT2G22450	AT2G28840	0.9627229381324088
AT2G22450	AT1G29395	0.9357084922683346
AT2G22450	AT3G26740	0.9399816355001804
AT2G22450	AT5G23660	0.9169376714870121
AT2G22450	AT5G51570	0.947599424572483
AT2G22450	AT3G47160	0.8068395188818002
AT2G22450	AT4G39090	0.9161270697717868
AT2G22450	AT4G19120	0.8676084014945626
AT2G22450	AT2G31360	0.8546213752104628
AT2G22450	AT1G51090	0.8638034994432512
AT2G22450	AT3G18080	0.9107733682887844
AT2G22450	AT5G61800	0.8529281318937996
AT2G22450	AT3G05880	0.9609756241108932
AT2G22450	AT3G50500	0.8651492213843046
AT2G22450	AT3G10410	0.9491511429015164
AT2G22450	AT5G57110	0.9315281321399582
AT2G22450	AT1G09190	0.845695719450582
AT2G22450	AT5G27280	0.938908883241076
AT2G22450	AT2G45560	0.8980696529591577
AT2G22450	AT1G49650	0.9062554352364784
AT2G22450	AT2G16660	0.8128421690058392
AT2G22450	AT3G52180	0.906356838090722
AT2G22450	AT2G29630	0.9170678714831876
AT2G22450	AT1G67660	0.939113482996903
AT2G22450	AT5G14920	0.8860344655646076
AT2G22450	AT3G53800	0.8766072841055829
AT2G22450	AT4G18520	0.9171633871130714
AT2G22450	AT4G18240	0.9238917731956945
AT2G22450	AT1G67970	0.9381828079648097
AT2G22450	AT2G17840	0.9561020781876224
AT2G22450	AT5G14550	0.9453548248552716
AT2G22450	AT5G35735	0.8324379668974342
AT2G22450	AT1G51940	0.8483044336536703
AT2G22450	AT5G11150	0.8856052132299886
AT2G22450	AT3G28290	0.8196062778726861
AT2G22450	AT5G02860	0.9235137589702195
AT2G22450	AT1G79440	0.951825615281202
AT2G22450	AT4G33700	0.9130764983625669
AT2G22450	AT2G06925	0.8824917052085501
AT2G22450	AT1G27630	0.9575729501791405
AT2G22450	AT1G80480	0.8040123692543105
AT2G22450	AT1G26665	0.9236872735429584
AT2G22450	245432_at	0.8965399708977698
AT2G22450	AT3G02330	0.885868732804498
AT2G22450	AT4G02370	0.9304876401388894
AT2G22450	AT5G62720	0.902620764350407
AT2G22450	AT5G63810	0.9297873405678873
AT2G22450	AT1G70820	0.9054926460585607
AT2G22450	AT3G59820	0.8631650314951188
AT2G22450	AT3G50700	0.8404181102579621
AT2G22450	AT5G03240	0.9191715306580679
AT2G22450	AT5G43440	0.8821297628020687
AT2G22450	AT4G17140	0.8892647532170294
AT2G22450	AT3G55450	0.8620896824243728
AT2G22450	AT1G51610	0.9164467665310414
AT2G22450	AT1G48210	0.9186997549575827
AT2G22450	AT5G57630	0.8250355820189579
AT2G22450	AT5G18540	0.9491812976637005
AT2G22450	AT5G25210	0.8660399955794429
AT2G22450	AT1G69830	0.929417159355847
AT2G22450	AT1G49220	0.8690445756209527
AT2G22450	AT2G15970	0.8983468445191675
AT2G22450	AT5G59200	0.8017113258264937
AT2G22450	AT1G31850	0.9063872317521191
AT2G22450	AT1G12710	0.8533393539263574
AT2G22450	AT1G68050	0.8085773247101892
AT2G22450	AT3G14310	0.9376990307835897
AT2G22450	AT2G01170	0.9502235553969339
AT2G22450	AT2G39900	0.8994146175926374
AT2G22450	AT2G02100	0.937174664987707
AT2G22450	AT5G42500	0.8576596098494177
AT2G22450	AT3G58570	0.9656277333061292
AT2G22450	AT3G16180	0.9256860730270112
AT2G22450	AT3G01310	0.9414940909488018
AT2G22450	AT3G26580	0.9057009743117657
AT2G22450	AT1G12845	0.8911732504109402
AT2G22450	AT2G43535	0.8987875576512281
AT2G22450	AT3G56720	0.8804108904049477
AT2G22450	AT1G70420	0.8022724240877501
AT2G22450	AT4G05330	0.907234370540647
AT2G22450	AT1G21680	0.8773126746098229
AT2G22450	AT1G53035	0.9168800359993369
AT2G22450	AT4G11600	0.9147225758835399
AT2G22450	AT1G75960	0.8894495790591384
AT2G22450	AT3G16740	0.8213905472726254
AT2G22450	AT4G19390	0.9476585952276313
AT2G22450	AT5G10530	0.8555726176458498
AT2G22450	AT1G06460	0.948341142598075
AT2G22450	AT1G33970	0.8097697079658593
AT2G22450	AT3G46440	0.9259566053186855
AT2G22450	AT1G13930	0.877081931011987
AT2G22450	AT5G63420	0.9537197403403739
AT2G22450	AT2G19450	0.9461780187059471
AT2G22450	AT4G33490	0.9601586313046795
AT2G22450	AT4G14230	0.9127066270254133
AT2G22450	AT1G43980	0.8510836512110672
AT2G22450	AT1G75880	0.8051683244777145
AT2G22450	AT5G27930	0.902168521676335
AT2G22450	AT3G05800	0.860352636407328
AT1G32900	AT3G54500	0.8862202081702062
AT1G32900	AT5G25140	0.8590430469800161
AT1G32900	AT5G13170	0.9386298691785413
AT1G32900	AT3G09600	0.9610480761523018
AT1G32900	AT2G15020	0.8008683155612248
AT1G32900	AT1G01520	0.9249145399273804
AT1G32900	AT5G06980	0.8826831359041365
AT1G32900	AT5G52570	0.9099535431476814
AT1G32900	AT1G16730	0.8875384815792569
AT1G32900	AT5G17300	0.846831801037794
AT1G32900	AT1G07180	0.9903092823600068
AT1G32900	AT3G24460	0.8450437688306788
AT1G32900	AT2G41250	0.911513701260543
AT1G32900	AT1G55960	0.9495149863836138
AT1G32900	AT5G14760	0.828938844443448
AT1G32900	AT1G10370	0.9771339814643479
AT1G32900	AT5G15850	0.9601609072742167
AT1G32900	AT4G31870	0.9719447744512314
AT1G32900	AT3G47420	0.9244733210788961
AT1G32900	AT3G17609	0.8466716630959442
AT1G32900	AT5G23730	0.9228943874820514
AT1G32900	AT4G14690	0.8383457823235757
AT1G32900	AT2G31380	0.9618257412659595
AT1G32900	AT3G13065	0.8453458265183385
AT1G32900	AT3G27170	0.9561441917448601
AT1G32900	AT4G08300	0.9115724584929404
AT1G32900	AT2G21320	0.8566111542621119
AT1G32900	AT1G64500	0.8879136310013873
AT1G32900	AT5G35970	0.8828582630389169
AT1G32900	AT3G15310	0.8435462509630789
AT1G32900	AT5G48530	0.8197011005769177
AT1G32900	AT4G02850	0.8982302520263145
AT1G32900	AT3G16150	0.8829900661059806
AT1G32900	AT5G66740	0.8639090884422223
AT1G32900	AT5G48540	0.8437246778349651
AT1G32900	AT5G24120	0.9701965734005883
AT1G32900	AT5G18670	0.8865256355579514
AT1G32900	AT1G68440	0.8506150010691222
AT1G32900	AT3G01550	0.9127879780511744
AT1G32900	AT4G15430	0.9440229506084651
AT1G32900	AT3G56290	0.8914266603483861
AT1G32900	AT2G24540	0.9518876989902374
AT1G32900	AT3G01060	0.9536464254707888
AT1G32900	AT1G66100	0.8029077581271098
AT1G32900	AT5G15830	0.8168153090138768
AT1G32900	AT4G38960	0.9315386223341448
AT1G32900	AT3G51920	0.8955131638135035
AT1G32900	AT5G39660	0.8933901779296406
AT1G32900	AT3G57040	0.8870590057805122
AT1G32900	AT2G04795	0.8406759854873245
AT1G32900	AT3G19450	0.8124507610698766
AT1G32900	AT1G75100	0.9143782395733048
AT1G32900	AT1G70985	0.8706658220932838
AT1G32900	AT3G24170	0.8572396365941363
AT1G32900	AT1G17050	0.8259301966639369
AT1G32900	AT3G01430	0.8077535572324798
AT1G32900	AT5G05860	0.8518420991967833
AT1G32900	AT1G07450	0.8641547698015384
AT1G32900	AT1G79270	0.8770230156522398
AT1G32900	AT5G15600	0.9083985811232648
AT2G33830	AT4G30660	0.9058998179174206
AT2G33830	AT1G19370	0.8770284384130431
AT2G33830	AT3G46970	0.8863126114669202
AT2G33830	AT2G47890	0.8383233031478043
AT2G33830	AT2G26560	0.8265924466487038
AT2G33830	AT2G42530	0.9056043585785085
AT2G33830	AT2G28900	0.8532596951785633
AT2G33830	AT5G06690	0.8675010445651743
AT2G33830	AT4G09020	0.8535890047999822
AT2G33830	AT1G49230	0.8068422457200675
AT2G33830	AT1G76790	0.8165859617846355
AT2G33830	AT1G49720	0.8340462137279723
AT2G33830	AT4G26670	0.8563659481897465
AT2G33830	AT1G28050	0.8907830247203312
AT2G33830	AT4G01130	0.8907368774420292
AT2G33830	AT2G40340	0.8054400633411096
AT2G33830	AT1G64890	0.8995335584627616
AT2G33830	AT2G15890	0.9158609630910771
AT2G33830	AT5G47240	0.9639201632728367
AT2G33830	AT1G10760	0.8848158517107682
AT2G33830	AT4G27440	0.8407215203214328
AT2G33830	AT5G64860	0.8760621002008598
AT2G33830	AT4G32340	0.8945636061561958
AT2G33830	AT5G26570	0.8443923481330067
AT2G33830	AT5G59570	0.8230242465066419
AT2G33830	AT5G15960	0.8048748136597607
AT2G33830	AT5G61380	0.8248436105646454
AT2G33830	AT3G42860	0.8032291714901796
AT2G33830	AT5G39410	0.8725859645044833
AT2G33830	AT2G25730	0.8039662829623617
AT2G33830	AT2G28840	0.9093385401273903
AT2G33830	AT1G29395	0.9015170527583797
AT2G33830	AT3G26740	0.8960314257233228
AT2G33830	AT5G51570	0.849584667724252
AT2G33830	AT1G28330	0.8382321970984484
AT2G33830	AT4G39090	0.8559817006744816
AT2G33830	AT4G19120	0.8758125738962076
AT2G33830	AT2G31360	0.9019449501068865
AT2G33830	AT1G51090	0.8034203224713079
AT2G33830	AT3G18080	0.8604486547123659
AT2G33830	AT5G61800	0.8476856589397659
AT2G33830	AT3G05880	0.9055656468124816
AT2G33830	AT3G10410	0.8230294725056787
AT2G33830	AT5G57110	0.8692439985858053
AT2G33830	AT5G27280	0.8431553677623562
AT2G33830	AT4G38550	0.8449394217929587
AT2G33830	AT5G41920	0.8156312805468253
AT2G33830	AT1G49650	0.8392181430222139
AT2G33830	AT2G15960	0.8427655691061133
AT2G33830	AT3G52180	0.8190707177900773
AT2G33830	AT1G67660	0.8730101916729995
AT2G33830	AT5G14920	0.8858233371903981
AT2G33830	AT3G53800	0.8684068929010117
AT2G33830	AT4G18520	0.937838415996266
AT2G33830	AT4G18240	0.8015698738728699
AT2G33830	AT1G67970	0.9261318529724745
AT2G33830	AT2G17840	0.8951450186479123
AT2G33830	AT5G14550	0.8508684623025737
AT2G33830	AT5G35735	0.8281966187933926
AT2G33830	AT1G51940	0.8479930703356044
AT2G33830	AT5G11150	0.8371719319681624
AT2G33830	AT3G28290	0.8461785029858107
AT2G33830	AT5G02860	0.8459490375967023
AT2G33830	AT1G79440	0.9046590127740939
AT2G33830	AT2G06925	0.9109935135373067
AT2G33830	AT1G27630	0.8698815588912321
AT2G33830	AT5G26340	0.8568458455005497
AT2G33830	245432_at	0.8938620355446308
AT2G33830	AT4G02370	0.9043273256591685
AT2G33830	AT5G09630	0.8365049999484018
AT2G33830	AT5G63810	0.9376673181086516
AT2G33830	AT1G70820	0.8801685294195896
AT2G33830	AT3G50700	0.8246984822955075
AT2G33830	AT5G43440	0.8536721518023183
AT2G33830	AT1G21130	0.8062468235308966
AT2G33830	AT1G51610	0.8779991001014998
AT2G33830	AT5G57630	0.8770324426386342
AT2G33830	AT5G18540	0.8325841813797381
AT2G33830	AT5G25210	0.9052150673899971
AT2G33830	AT1G69830	0.8603343492312914
AT2G33830	AT4G33960	0.8360578398422743
AT2G33830	AT4G25480	0.8430256215363663
AT2G33830	AT1G49220	0.829063084486333
AT2G33830	AT4G39260	0.8722763195714952
AT2G33830	AT1G22570	0.8468518961410361
AT2G33830	AT2G15970	0.8691145787517847
AT2G33830	AT5G59200	0.8166543475420784
AT2G33830	AT1G31850	0.8605941276499661
AT2G33830	AT3G14310	0.9030483533079056
AT2G33830	AT2G01170	0.9018957651096536
AT2G33830	AT2G39900	0.892889164712345
AT2G33830	AT2G02100	0.8848786555001393
AT2G33830	AT3G58570	0.8999455778379374
AT2G33830	AT3G16180	0.9125764113616901
AT2G33830	AT3G01310	0.9175299036361447
AT2G33830	AT1G12845	0.929333144219922
AT2G33830	AT2G43535	0.8886437821581233
AT2G33830	AT5G50450	0.812434448867064
AT2G33830	AT3G56720	0.834175288990627
AT2G33830	AT1G70420	0.8413431426365591
AT2G33830	AT4G05330	0.8706879350439608
AT2G33830	AT1G53035	0.9012903948327187
AT2G33830	AT4G11600	0.8461979893587657
AT2G33830	AT5G46520	0.8029375386027189
AT2G33830	AT1G75960	0.9432241649866903
AT2G33830	AT3G16740	0.801624304969661
AT2G33830	AT4G19390	0.9002658195191711
AT2G33830	AT1G06460	0.8948041291151041
AT2G33830	AT1G33970	0.8051138682205672
AT2G33830	AT3G46440	0.8727854812171553
AT2G33830	AT1G13930	0.8451058536357293
AT2G33830	AT5G63420	0.8167091213106221
AT2G33830	AT2G19450	0.8931647521702062
AT2G33830	AT4G33490	0.8724949868946577
AT2G33830	AT4G14230	0.9131390496829498
AT2G33830	AT1G43980	0.8204970465455091
AT2G33830	AT1G75880	0.8141856355338556
AT2G33830	AT5G27930	0.865830325029963
AT2G33830	AT1G20840	0.800135418116847
AT2G33830	AT3G05800	0.9016897121512152
AT4G23493	AT3G24500	0.8452208547065748
AT4G23493	AT5G64510	0.8658820629224423
AT4G23493	AT1G54050	0.8961368115614468
AT4G23493	AT5G25450	0.9146497274938807
AT4G23493	AT2G32120	0.9390075072811054
AT4G23493	AT1G16030	0.9184917784049813
AT4G23493	AT1G17870	0.8286364920968928
AT4G23493	AT1G30070	0.8661253760937617
AT4G23493	AT1G21550	0.8819968239734937
AT4G23493	AT3G63350	0.8102404025385274
AT4G23493	AT3G20180	0.8537825272113153
AT4G23493	AT5G18340	0.8989426299483949
AT4G23493	AT5G12110	0.818005088922453
AT4G23493	AT5G10695	0.8448356675501222
AT4G23493	AT2G19310	0.9241429148108482
AT4G23493	AT3G09350	0.848676009554715
AT4G23493	AT1G67360	0.9506279346976942
AT4G23493	AT4G36988	0.9099874684549669
AT4G23493	AT2G47180	0.8171764096935972
AT4G23493	AT1G07350	0.8523862773724411
AT4G23493	AT5G47830	0.8099331049209163
AT4G23493	AT4G21323	0.8419100790627017
AT4G23493	AT5G35320	0.9163452702843242
AT4G23493	AT3G17110	0.8375216143489153
AT4G23493	AT3G08970	0.8924651254406668
AT4G23493	AT4G11660	0.8493673310516029
AT4G23493	AT5G09590	0.8908572792297593
AT4G23493	AT1G59980	0.8830652664746852
AT4G23493	AT1G03070	0.9084012820429581
AT4G23493	AT3G07150	0.9521820606592936
AT4G23493	AT5G07330	0.853458350173358
AT4G23493	AT3G53230	0.8523319342668433
AT4G23493	AT5G47610	0.8816431387671563
AT4G23493	AT1G07500	0.8106998379489367
AT4G23493	AT1G44414	0.8987577671823612
AT4G23493	AT5G47160	0.8046279010861651
AT4G23493	AT5G19875	0.8734853500393045
AT4G23493	AT3G22090	0.8337477095810861
AT4G23493	AT2G25140	0.9143820988844931
AT4G23493	AT5G27660	0.8575684323860475
AT4G23493	AT5G05410	0.8747967934573307
AT4G23493	AT5G23480	0.8712876760041118
AT4G23493	AT3G12050	0.8439036536970712
AT4G23493	AT1G02700	0.8389826363388332
AT4G23493	AT3G25230	0.858579709608631
AT4G23493	AT1G56170	0.8705665509803963
AT4G23493	AT5G62020	0.8084569399340095
AT4G23493	AT4G23885	0.8790128935211196
AT4G23493	AT3G17611	0.8935713631972358
AT4G23493	AT3G23990	0.844665863171679
AT4G23493	AT1G55530	0.8768196899668614
AT4G23493	AT2G21940	0.9107091190272779
AT4G23493	AT1G10050	0.852909944705856
AT4G23493	AT4G17250	0.9056576643777368
AT4G23493	AT3G03520	0.9037614515261077
AT4G23493	AT2G41160	0.9093814930543379
AT4G23493	AT5G53400	0.9010870903342427
AT4G23493	AT3G52830	0.8058757334481406
AT4G23493	AT4G26780	0.8708537763133015
AT4G23493	AT2G36460	0.9060316307477666
AT4G23493	AT5G58787	0.9235684055199045
AT4G23493	AT3G07770	0.8265912685084996
AT2G20670	AT1G13700	0.880221345085311
AT2G20670	AT5G57560	0.8072877419224125
AT2G20670	AT3G62950	0.8591043997689287
AT2G20670	AT1G68840	0.8337281456048649
AT2G20670	AT1G21910	0.8008208466095503
AT2G20670	AT1G69490	0.8604416094107818
AT2G20670	AT4G10910	0.9062808244190085
AT2G20670	AT3G15450	0.8702536057120505
AT2G20670	AT2G40000	0.8150582519368887
AT2G20670	AT1G80440	0.957487361725572
AT2G20670	AT4G27280	0.8395154720862231
AT2G20670	AT4G27450	0.8803359779180241
AT2G20670	AT5G22920	0.8230358904361981
AT2G20670	AT5G25190	0.8009117667179315
AT2G20670	AT2G18700	0.9250904179398425
AT2G20670	AT5G19120	0.9587273248589029
AT2G20670	AT5G59080	0.8346534574702896
AT2G20670	AT5G02020	0.8666680326200351
AT2G20670	AT3G07350	0.8998923437661123
AT2G20670	AT2G36050	0.8589879918990174
AT2G20670	AT5G49450	0.8856237472405681
AT2G20670	AT4G36040	0.8430050156969907
AT2G20670	AT3G15500	0.9057078411283805
AT2G20670	AT4G27410	0.8327188225206366
AT2G20670	AT1G70290	0.9128015644422696
AT2G20670	AT5G57660	0.8243216600682177
AT2G20670	AT5G51190	0.8263456905498586
AT2G20670	AT2G29300	0.8914951960424599
AT2G20670	AT1G73830	0.8075879134567736
AT2G32690	ATCG00270	0.8637149618947091
AT2G32690	AT4G38680	0.9251356938203121
AT2G32690	265202_at	0.8129618154067871
AT3G24500	AT5G64510	0.9130854512251348
AT3G24500	AT1G54050	0.917336438284525
AT3G24500	AT3G51910	0.9019178928999003
AT3G24500	AT5G25450	0.8709653454684819
AT3G24500	AT2G32120	0.849471871438776
AT3G24500	AT1G16030	0.8178488464386061
AT3G24500	AT1G30070	0.918236385902411
AT3G24500	AT1G66080	0.9189305822423046
AT3G24500	AT5G18340	0.9217732323548575
AT3G24500	AT5G12110	0.8654810810334261
AT3G24500	AT2G19310	0.8819290079309718
AT3G24500	AT3G09350	0.941267165590873
AT3G24500	AT1G67360	0.9417790155818058
AT3G24500	AT4G36988	0.9146220529697202
AT3G24500	AT1G26800	0.8998209142792578
AT3G24500	AT2G47180	0.8091258266443387
AT3G24500	AT1G07350	0.9667064318870147
AT3G24500	AT4G21323	0.8241483682165373
AT3G24500	AT5G35320	0.9603634198960906
AT3G24500	AT3G08970	0.9048890924811972
AT3G24500	AT4G11660	0.9729869642411134
AT3G24500	AT1G14200	0.9216791305242718
AT3G24500	AT5G09590	0.9171562823932701
AT3G24500	AT3G07150	0.8643120975222268
AT3G24500	AT2G24100	0.8299726793416249
AT3G24500	AT5G47610	0.9322360678330157
AT3G24500	AT4G23570	0.8971887849229956
AT3G24500	AT3G07090	0.9355967846025808
AT3G24500	AT5G19875	0.8411698925743218
AT3G24500	AT3G22090	0.8141884917861226
AT3G24500	AT2G25140	0.9088057309180968
AT3G24500	AT5G23480	0.9139763620737918
AT3G24500	AT3G12050	0.9263607649247064
AT3G24500	AT3G25230	0.9358314033128913
AT3G24500	AT1G56170	0.9332514639538715
AT3G24500	AT5G56030	0.8726948427218336
AT3G24500	AT5G62020	0.9298135105650958
AT3G24500	AT3G17611	0.9399997669643667
AT3G24500	AT3G23990	0.8508297782489277
AT3G24500	AT1G55530	0.9709633389021065
AT3G24500	AT2G21940	0.8774616186589627
AT3G24500	AT1G10050	0.8018261256156668
AT3G24500	AT3G15770	0.846710829317013
AT3G24500	AT2G41160	0.9191116785508182
AT3G24500	AT5G53400	0.8921292587563867
AT3G24500	AT4G30490	0.8938418694265363
AT3G24500	AT2G29450	0.8554065482752851
AT3G24500	AT2G36460	0.8614663608793801
AT3G24500	AT3G57880	0.9062124940988266
AT5G57220	AT1G35140	0.8248092170331492
AT5G57220	AT2G34600	0.8014587866252886
AT5G57220	AT3G01290	0.8451046828371238
AT5G57220	AT2G19800	0.8556809931379814
AT5G57220	AT2G32030	0.827948039029548
AT5G57220	AT5G41080	0.8874113506028083
AT5G57220	AT1G19380	0.9037603336125899
AT5G57220	AT2G25735	0.8813591818369454
AT5G57220	AT1G25400	0.883751980916341
AT5G57220	AT3G55980	0.8052464269090049
AT5G57220	AT3G30775	0.9303547851482379
AT5G57220	AT1G66160	0.9270502052836551
AT5G57220	AT1G16130	0.8646058194351377
AT5G57220	AT4G24570	0.8854291972743084
AT5G57220	AT1G03850	0.8681580257324786
AT5G57220	AT4G02330	0.8561260605658663
AT3G04010	AT1G19370	0.8468468119003548
AT3G04010	AT2G47890	0.9365782237168632
AT3G04010	AT5G06690	0.8253246884836662
AT3G04010	AT1G36940	0.8279773491310045
AT3G04010	AT4G09020	0.8214524118386296
AT3G04010	AT1G49230	0.8793636524078537
AT3G04010	AT1G49720	0.8676712893084636
AT3G04010	AT4G26670	0.8946582989592636
AT3G04010	AT1G28050	0.8307669002181255
AT3G04010	AT2G25930	0.8655115520671023
AT3G04010	AT4G01130	0.851592354164052
AT3G04010	AT2G15890	0.8123806563808493
AT3G04010	AT1G10760	0.8539846433378773
AT3G04010	AT3G47860	0.8546004731285546
AT3G04010	AT5G64860	0.8299209411372404
AT3G04010	AT2G37580	0.8770916432887218
AT3G04010	AT5G67480	0.8048896663949692
AT3G04010	AT5G59570	0.8211064222657135
AT3G04010	AT5G54960	0.8866953092294411
AT3G04010	AT3G42860	0.8186535432569284
AT3G04010	AT5G39410	0.8770888609550962
AT3G04010	AT5G44010	0.8341263490693409
AT3G04010	AT2G25730	0.8504231879260556
AT3G04010	AT2G28840	0.869019881019806
AT3G04010	AT3G26740	0.8186162516370746
AT3G04010	AT5G51570	0.8648974181229981
AT3G04010	AT4G39090	0.8972245793845174
AT3G04010	AT2G31360	0.8581893072863978
AT3G04010	AT3G05880	0.8216720318874216
AT3G04010	AT3G50500	0.8265943579793705
AT3G04010	AT5G27280	0.8352493733613986
AT3G04010	AT2G45560	0.8546086234157676
AT3G04010	AT1G49650	0.9090833694463676
AT3G04010	AT2G16660	0.8834932890582212
AT3G04010	AT2G29630	0.8518457944678961
AT3G04010	AT1G67660	0.8899499080769613
AT3G04010	AT5G14920	0.8860063277386436
AT3G04010	AT3G28870	0.8237003339317316
AT3G04010	AT3G53800	0.8359653746410728
AT3G04010	AT4G18520	0.8309860833453117
AT3G04010	AT1G67970	0.803700019694423
AT3G04010	AT2G17840	0.9284836910516151
AT3G04010	AT5G14550	0.8421412527148293
AT3G04010	AT5G35735	0.8110869103695153
AT3G04010	AT1G51940	0.8876513506084381
AT3G04010	AT5G02860	0.9102760732422246
AT3G04010	AT4G33700	0.8244892921906339
AT3G04010	AT1G27630	0.9129734458340237
AT3G04010	AT1G80480	0.8457329885301781
AT3G04010	AT5G26340	0.8226616525440574
AT3G04010	AT3G02330	0.8229369456215903
AT3G04010	AT1G02300	0.8211523112295872
AT3G04010	AT4G02370	0.9172469496692598
AT3G04010	AT5G09630	0.8322315568068467
AT3G04010	AT3G59820	0.9218845322849551
AT3G04010	AT3G50700	0.8871287023677893
AT3G04010	AT5G03240	0.877190713084128
AT3G04010	AT5G43440	0.8232822717965784
AT3G04010	AT1G51610	0.8315870395969285
AT3G04010	AT5G18540	0.8032792794815907
AT3G04010	AT1G76590	0.8152358280638143
AT3G04010	AT5G25210	0.8053218446465166
AT3G04010	AT1G12710	0.8218322821991921
AT3G04010	AT3G14310	0.8386370382755983
AT3G04010	AT2G01170	0.8299269296041395
AT3G04010	AT3G58570	0.8279750665978429
AT3G04010	AT3G01310	0.806780492293009
AT3G04010	AT3G26580	0.892962928656294
AT3G04010	AT4G12750	0.9208475440241212
AT3G04010	AT3G56720	0.8774648915211212
AT3G04010	AT1G70420	0.8261655928801862
AT3G04010	AT4G05330	0.8332719778364363
AT3G04010	AT1G21680	0.904100901635783
AT3G04010	AT4G11600	0.854901341714791
AT3G04010	AT3G16740	0.8100453506270994
AT3G04010	AT1G33970	0.8354788288729085
AT3G04010	AT3G51660	0.8695586433145787
AT3G04010	AT5G63420	0.8033228087730981
AT3G04010	AT2G19450	0.8271040273067022
AT3G04010	AT5G62350	0.836163779263716
AT3G04010	AT4G33490	0.8115479606388388
AT3G04010	AT4G14230	0.8244724363049629
AT3G04010	AT5G27930	0.8083568125497897
AT2G27420	AT5G41780	0.8712757441620317
AT2G27420	AT1G03940	0.8251894834083641
AT2G27420	AT4G32870	0.8778987740403298
AT2G27420	AT5G54130	0.9222970485843577
AT2G27420	AT5G58120	0.8489964108447188
AT2G27420	AT3G24460	0.8878228297988219
AT2G27420	AT1G19640	0.8985861387696404
AT2G27420	AT5G14760	0.8928482909167434
AT2G27420	AT3G17609	0.9076122525373976
AT2G27420	AT3G51240	0.9314405975868152
AT2G27420	AT4G26950	0.8478350784170637
AT2G27420	AT5G23730	0.8356385511501269
AT2G27420	AT1G64780	0.8243094523515294
AT2G27420	AT2G45800	0.9002023633821654
AT2G27420	AT4G10120	0.8382703139799433
AT2G27420	AT5G15950	0.9270566769629324
AT2G27420	AT4G01080	0.9442521608880383
AT2G27420	AT5G42760	0.9505569314606424
AT2G27420	AT3G15310	0.8505993162742299
AT2G27420	AT3G16150	0.8217269663551047
AT2G27420	AT5G66740	0.852649823047711
AT2G27420	AT5G24120	0.8235457504850654
AT2G27420	AT5G18670	0.825231105137055
AT2G27420	AT5G08640	0.8268258582834378
AT2G27420	AT3G01550	0.8201224359913317
AT2G27420	AT4G15430	0.84269872110582
AT2G27420	AT3G56290	0.8567924190886356
AT2G27420	AT5G13930	0.8886892488036762
AT2G27420	AT3G01060	0.8000915631908672
AT2G27420	AT1G65870	0.9065501215057484
AT2G27420	AT1G78290	0.9068312665240765
AT2G27420	AT3G19450	0.9105284072873678
AT2G27420	AT4G13900	0.8481339009075121
AT2G27420	AT3G24170	0.8651762995742314
AT2G27420	AT1G17050	0.8896168520116076
AT2G27420	AT1G07450	0.8690028629868397
AT4G30660	AT1G19370	0.9147348973324388
AT4G30660	AT3G46970	0.9717556682391522
AT4G30660	AT2G47890	0.8961419481088678
AT4G30660	AT2G42530	0.9551794623151986
AT4G30660	AT5G60100	0.8861730888791187
AT4G30660	AT2G28900	0.9367346903460141
AT4G30660	AT5G06690	0.9218256678444348
AT4G30660	AT4G09020	0.9629278993495848
AT4G30660	AT1G49230	0.848267791939723
AT4G30660	AT1G76790	0.8563023272364969
AT4G30660	AT4G12280	0.8874194629839011
AT4G30660	AT1G49720	0.918850761035012
AT4G30660	AT4G26670	0.9419155691816493
AT4G30660	AT1G28050	0.9277552558375618
AT4G30660	AT2G25930	0.8628782419485772
AT4G30660	AT4G01130	0.9461554568926672
AT4G30660	AT2G40340	0.8217215049740583
AT4G30660	AT1G64890	0.9494569968177052
AT4G30660	AT3G63160	0.8457373215154403
AT4G30660	AT2G15890	0.8577464110870396
AT4G30660	AT5G47240	0.8823458950245223
AT4G30660	AT1G10760	0.9852961897458362
AT4G30660	AT3G47860	0.9182228246579335
AT4G30660	AT4G27440	0.8382745179405268
AT4G30660	AT5G64860	0.9702485540457224
AT4G30660	AT4G32340	0.9597361015538854
AT4G30660	AT5G26570	0.9496792738385735
AT4G30660	AT5G59570	0.8091174215347791
AT4G30660	AT5G15960	0.9157359297800503
AT4G30660	AT5G61380	0.8766596822684829
AT4G30660	AT5G54960	0.810159551621463
AT4G30660	AT2G20480	0.8225822947625451
AT4G30660	AT5G39410	0.9449673801628006
AT4G30660	AT5G44010	0.8774759193545872
AT4G30660	AT2G25730	0.8953368924425664
AT4G30660	AT2G28840	0.9624580460396776
AT4G30660	AT1G29395	0.9429477725884509
AT4G30660	AT3G26740	0.9317954223351276
AT4G30660	AT5G23660	0.8526660377289743
AT4G30660	AT5G51570	0.9105851785482085
AT4G30660	AT4G39090	0.8861148786717263
AT4G30660	AT4G19120	0.8668161774401829
AT4G30660	AT2G31360	0.8713399846395417
AT4G30660	AT1G51090	0.8943118357745597
AT4G30660	AT3G18080	0.9551536226740138
AT4G30660	AT5G61800	0.872928463341026
AT4G30660	AT3G05880	0.9388404421020983
AT4G30660	AT3G50500	0.8358111154786687
AT4G30660	AT3G10410	0.9149352557031589
AT4G30660	AT5G57110	0.9045344051959539
AT4G30660	AT5G27280	0.946520163017659
AT4G30660	AT2G45560	0.932624256151797
AT4G30660	AT1G49650	0.8656742616591292
AT4G30660	AT2G16660	0.8263395057103344
AT4G30660	AT3G52180	0.9493855602448608
AT4G30660	AT2G29630	0.8931709593072068
AT4G30660	AT1G67660	0.9524893829528335
AT4G30660	AT5G14920	0.8483636967085627
AT4G30660	AT3G53800	0.8837598318456253
AT4G30660	AT4G18520	0.911164393587246
AT4G30660	AT4G18240	0.9322826169263387
AT4G30660	AT1G67970	0.8628951989205418
AT4G30660	AT2G17840	0.9218012591350576
AT4G30660	AT5G14550	0.9158490920785175
AT4G30660	AT5G35735	0.8085583992477279
AT4G30660	AT1G51940	0.8433177578873766
AT4G30660	AT5G11150	0.8901252987075563
AT4G30660	AT3G28290	0.8421991744286982
AT4G30660	AT5G02860	0.9107292359435515
AT4G30660	AT1G79440	0.9236221072688897
AT4G30660	AT4G33700	0.8876982744478352
AT4G30660	AT2G06925	0.9003243341693338
AT4G30660	AT1G27630	0.939564360503795
AT4G30660	AT1G26665	0.854420279136731
AT4G30660	245432_at	0.9546995623012946
AT4G30660	AT3G02330	0.8626305438460079
AT4G30660	AT2G43550	0.8482824283177428
AT4G30660	AT4G02370	0.8881586850500901
AT4G30660	AT5G62720	0.8520034465680818
AT4G30660	AT5G63810	0.9440073236521318
AT4G30660	AT1G70820	0.9546540093440391
AT4G30660	AT3G50700	0.8207766123952857
AT4G30660	AT5G03240	0.8600255105326
AT4G30660	AT5G43440	0.872742591325773
AT4G30660	AT4G17140	0.878228340946238
AT4G30660	AT3G55450	0.8252490785936496
AT4G30660	AT1G51610	0.9175432286524386
AT4G30660	AT1G48210	0.8481049918532696
AT4G30660	AT5G18540	0.8855031394660775
AT4G30660	AT5G25210	0.8205167146272428
AT4G30660	AT1G69830	0.9833105792798833
AT4G30660	AT1G49220	0.8782319435327495
AT4G30660	AT2G15970	0.9569566812264314
AT4G30660	AT1G31850	0.9217798590529536
AT4G30660	AT1G12710	0.8341336261312303
AT4G30660	AT3G14310	0.9274965028685362
AT4G30660	AT2G01170	0.968407333134913
AT4G30660	AT2G39900	0.9474771306977756
AT4G30660	AT2G02100	0.9337029083593399
AT4G30660	AT3G58570	0.9590661615698031
AT4G30660	AT3G16180	0.9345937858891468
AT4G30660	AT3G01310	0.9745271958700954
AT4G30660	AT3G26580	0.8933041439509267
AT4G30660	AT1G12845	0.9356518290451045
AT4G30660	AT2G43535	0.9341150699934129
AT4G30660	AT3G56720	0.8670141797729848
AT4G30660	AT1G70420	0.8427662953258606
AT4G30660	AT4G05330	0.907725606510193
AT4G30660	AT1G21680	0.8215466869762102
AT4G30660	AT1G53035	0.9250764882516105
AT4G30660	AT4G11600	0.934888490555575
AT4G30660	AT1G75960	0.9098182376316242
AT4G30660	AT4G19390	0.9258089899391252
AT4G30660	AT5G10530	0.8726158484017408
AT4G30660	AT1G06460	0.9712231453654944
AT4G30660	AT1G33970	0.8068118926572602
AT4G30660	AT3G46440	0.9402408754132877
AT4G30660	AT1G13930	0.9489294005365351
AT4G30660	AT5G63420	0.9102738640659649
AT4G30660	AT2G19450	0.8973802446531144
AT4G30660	AT5G62350	0.8134854654418534
AT4G30660	AT4G33490	0.9357790697739695
AT4G30660	AT4G14230	0.9474857449236391
AT4G30660	AT1G75880	0.8179520357393799
AT4G30660	AT5G27930	0.9118414932296375
AT4G30660	AT3G05800	0.8531566203249433
AT1G20190	AT3G45090	0.8420503004699849
AT1G20190	AT1G20693	0.8880263520624205
AT1G20190	AT1G59870	0.8162988762564447
AT1G20190	AT5G03870	0.9180450102861495
AT1G20190	AT5G41140	0.8633097976252517
AT1G20190	AT3G25020	0.8089326192406089
AT4G27657	AT1G66080	0.8069942430337876
AT4G27657	AT3G09440	0.8011468058345214
AT4G27657	AT5G58770	0.8231758708417178
AT4G27657	AT2G24100	0.8514190412510606
AT4G27657	AT2G46735	0.9059415208246119
AT4G27657	AT4G30490	0.8245280842727297
AT4G27657	AT2G29450	0.9008245299946246
AT1G19370	AT3G46970	0.9204646175830697
AT1G19370	AT2G47890	0.884720662243258
AT1G19370	AT2G42530	0.8551636314331748
AT1G19370	AT2G28900	0.850241259335842
AT1G19370	AT5G06690	0.9263553516284248
AT1G19370	AT4G09020	0.9185543269082094
AT1G19370	AT1G49230	0.8549358065026665
AT1G19370	AT4G12280	0.8451682574944798
AT1G19370	AT1G49720	0.9425339331425313
AT1G19370	AT4G26670	0.9466396035388243
AT1G19370	AT1G28050	0.8893869685477579
AT1G19370	AT2G25930	0.9176555555715895
AT1G19370	AT4G01130	0.9432851156025877
AT1G19370	AT2G40340	0.8982655901519959
AT1G19370	AT1G64890	0.8669135104053143
AT1G19370	AT2G15890	0.8568154822179059
AT1G19370	AT5G47240	0.8351277527110584
AT1G19370	AT1G10760	0.9372285127569471
AT1G19370	AT3G47860	0.9324263708785542
AT1G19370	AT4G27440	0.8556399950525478
AT1G19370	AT5G64860	0.9513060210356588
AT1G19370	AT2G37580	0.8090355394722586
AT1G19370	AT4G32340	0.8943482359671716
AT1G19370	AT5G26570	0.874508617363297
AT1G19370	AT5G59570	0.8815769107752278
AT1G19370	AT5G15960	0.8511125660527388
AT1G19370	AT5G61380	0.8729041261029795
AT1G19370	AT5G54960	0.9002980509864081
AT1G19370	AT2G20480	0.8549641752126366
AT1G19370	AT5G39410	0.9397280183767172
AT1G19370	AT5G44010	0.8353130792909342
AT1G19370	AT5G48250	0.8594189814073907
AT1G19370	AT2G25730	0.9021208556537952
AT1G19370	AT2G28840	0.9543915801162411
AT1G19370	AT2G40130	0.8396605833517858
AT1G19370	AT1G29395	0.8589606319490759
AT1G19370	AT3G26740	0.8970302212336461
AT1G19370	AT5G23660	0.8418234174756543
AT1G19370	AT5G51570	0.9110802976361587
AT1G19370	AT4G39090	0.9112209975924039
AT1G19370	AT2G31360	0.8882441932149466
AT1G19370	AT1G51090	0.806002057634239
AT1G19370	AT3G18080	0.84490723802978
AT1G19370	AT5G61800	0.8962011844313265
AT1G19370	AT3G05880	0.9284436771479185
AT1G19370	AT3G50500	0.8930734206739901
AT1G19370	AT3G10410	0.8800536643371683
AT1G19370	AT5G57110	0.8723609385574386
AT1G19370	AT5G27280	0.9425224606295141
AT1G19370	AT2G45560	0.8870613697669245
AT1G19370	AT2G07440	0.8311585492163059
AT1G19370	AT1G49650	0.9265309576124199
AT1G19370	AT2G16660	0.8656758661695679
AT1G19370	AT3G52180	0.8790264203220666
AT1G19370	AT2G29630	0.905885075046287
AT1G19370	AT1G67660	0.9226247884590837
AT1G19370	AT5G14920	0.9058893737481201
AT1G19370	AT3G53800	0.8888486723899939
AT1G19370	AT4G18520	0.9326676040096522
AT1G19370	AT4G18240	0.8736430019574483
AT1G19370	AT1G67970	0.8639281300517895
AT1G19370	AT2G17840	0.9499478379393154
AT1G19370	AT5G14550	0.9345219770669099
AT1G19370	AT5G35735	0.8729619935043683
AT1G19370	AT1G51940	0.8886304026696134
AT1G19370	AT5G02860	0.95004727491982
AT1G19370	AT1G79440	0.9004421314572061
AT1G19370	AT4G33700	0.8676804723423038
AT1G19370	AT2G06925	0.8263615985192732
AT1G19370	AT1G27630	0.9512204127674253
AT1G19370	AT1G80480	0.8310448624484491
AT1G19370	AT1G26665	0.8385032393972304
AT1G19370	245432_at	0.8259875132887038
AT1G19370	AT4G02370	0.9484758785384613
AT1G19370	AT5G62720	0.8845117529954332
AT1G19370	AT5G09630	0.8001488593098497
AT1G19370	AT5G63810	0.8702281864149874
AT1G19370	AT1G70820	0.9032755478713157
AT1G19370	AT3G59820	0.8336697122742756
AT1G19370	AT3G50700	0.8915131774297902
AT1G19370	AT5G03240	0.8990321817630531
AT1G19370	AT5G43440	0.8736481991092477
AT1G19370	AT4G17140	0.8383824747551933
AT1G19370	AT1G51610	0.8651580837465928
AT1G19370	AT1G48210	0.8369260965486621
AT1G19370	AT5G18540	0.8966536440327455
AT1G19370	AT1G69830	0.9111560512046877
AT1G19370	AT4G05150	0.8033409751982938
AT1G19370	AT2G15970	0.8409404563516646
AT1G19370	AT1G31850	0.8459484070771425
AT1G19370	AT1G12710	0.8422604342450392
AT1G19370	AT3G14310	0.9508664594692224
AT1G19370	AT2G01170	0.8824794481616006
AT1G19370	AT2G39900	0.9336802752874558
AT1G19370	AT2G02100	0.8829074805243272
AT1G19370	AT5G42500	0.8453243757559572
AT1G19370	AT4G38580	0.801302078066447
AT1G19370	AT3G58570	0.912030175971855
AT1G19370	AT3G16180	0.8932526162143952
AT1G19370	AT3G01310	0.9354181251564526
AT1G19370	AT3G26580	0.9347347154873539
AT1G19370	AT1G12845	0.8736243541208178
AT1G19370	AT2G43535	0.8414705509276766
AT1G19370	AT4G12750	0.8111834356708941
AT1G19370	AT3G56720	0.9017952511244139
AT1G19370	AT4G05330	0.9306188539027417
AT1G19370	AT1G21680	0.8621717112296019
AT1G19370	AT1G53035	0.8533728100484524
AT1G19370	AT4G11600	0.8831691391269404
AT1G19370	AT1G75960	0.8020514821167285
AT1G19370	AT3G16740	0.8860112510384016
AT1G19370	AT4G19390	0.8733672226879388
AT1G19370	AT5G10530	0.8010028824260601
AT1G19370	AT1G06460	0.8854114658876614
AT1G19370	AT1G33970	0.853608845081669
AT1G19370	AT3G46440	0.8607156176630588
AT1G19370	AT3G51660	0.8239521297246708
AT1G19370	AT1G13930	0.8461617748421039
AT1G19370	AT5G63420	0.9162804218967368
AT1G19370	AT2G19450	0.9134733073872041
AT1G19370	AT5G62350	0.8753404155548922
AT1G19370	AT4G33490	0.911507357265518
AT1G19370	AT4G14230	0.9165868055695806
AT1G19370	AT1G08500	0.8276335652664663
AT1G19370	AT5G27930	0.8368771258588752
AT1G19370	AT3G05800	0.834140349537655
AT3G46970	AT2G47890	0.8988683027246246
AT3G46970	AT2G42530	0.9565841071897125
AT3G46970	AT5G60100	0.9127359368106452
AT3G46970	AT2G28900	0.9767970371267104
AT3G46970	AT5G06690	0.8860296841983825
AT3G46970	AT4G09020	0.9841826039835414
AT3G46970	AT1G49230	0.8741130797327405
AT3G46970	AT1G76790	0.8955793355214037
AT3G46970	AT4G12280	0.9441146334574384
AT3G46970	AT1G49720	0.8731431651309189
AT3G46970	AT4G26670	0.923322397160733
AT3G46970	AT1G28050	0.9295700982040555
AT3G46970	AT2G25930	0.8742043170562851
AT3G46970	AT4G01130	0.9174225700530795
AT3G46970	AT2G40340	0.8221784438211122
AT3G46970	AT1G64890	0.9352716107061843
AT3G46970	AT3G63160	0.9067262342179525
AT3G46970	AT5G47240	0.8269208096726167
AT3G46970	AT1G10760	0.9727894060432535
AT3G46970	AT3G47860	0.9378283349819956
AT3G46970	AT5G64860	0.950312909273279
AT3G46970	AT4G32340	0.9704165498082309
AT3G46970	AT5G26570	0.9742697943407252
AT3G46970	AT5G15960	0.908230162029569
AT3G46970	AT5G61380	0.9075038966553272
AT3G46970	AT5G54960	0.8320027791009961
AT3G46970	AT2G20480	0.8578856178316429
AT3G46970	AT5G39410	0.9518023983055335
AT3G46970	AT5G44010	0.8369098552605293
AT3G46970	AT2G25730	0.916631882666789
AT3G46970	AT2G28840	0.9726128209900943
AT3G46970	AT1G29395	0.9180949441061157
AT3G46970	AT3G26740	0.882588202895956
AT3G46970	AT5G23660	0.9000734107951569
AT3G46970	AT5G51570	0.922433240615444
AT3G46970	AT4G39090	0.8394542679911826
AT3G46970	AT4G19120	0.9046712529863649
AT3G46970	AT2G31360	0.8546138782008439
AT3G46970	AT1G51090	0.9094002126165762
AT3G46970	AT3G18080	0.9507328924540415
AT3G46970	AT5G61800	0.8877129895918596
AT3G46970	AT3G05880	0.9361999542044367
AT3G46970	AT5G56310	0.8025570195706542
AT3G46970	AT3G10410	0.9444550601066167
AT3G46970	AT5G57110	0.9181988381191252
AT3G46970	AT5G27280	0.9080202734146987
AT3G46970	AT2G45560	0.9184399793912517
AT3G46970	AT1G49650	0.8558502614809558
AT3G46970	AT2G16660	0.8188522890084141
AT3G46970	AT3G52180	0.9682812230431297
AT3G46970	AT2G29630	0.9048523126080716
AT3G46970	AT1G67660	0.923697775972314
AT3G46970	AT5G14920	0.8104233428891484
AT3G46970	AT3G53800	0.8126947266185284
AT3G46970	AT4G18520	0.8886146992938072
AT3G46970	AT4G18240	0.9622565315091275
AT3G46970	AT1G67970	0.8552931853648531
AT3G46970	AT2G17840	0.9161084806690248
AT3G46970	AT5G14550	0.9311107188908532
AT3G46970	AT5G35735	0.8178702136768321
AT3G46970	AT5G11150	0.9318997974304527
AT3G46970	AT3G28290	0.8578964346267202
AT3G46970	AT5G02860	0.8933270207399118
AT3G46970	AT1G79440	0.9236086119033865
AT3G46970	AT4G33700	0.9369720955757758
AT3G46970	AT2G06925	0.8834845093251623
AT3G46970	AT1G27630	0.9337363883157228
AT3G46970	AT1G26665	0.876466177211964
AT3G46970	245432_at	0.9213851281682456
AT3G46970	AT3G02330	0.8384836684198672
AT3G46970	AT2G43550	0.8999111223355776
AT3G46970	AT4G02370	0.8698734890291312
AT3G46970	AT1G43080	0.8085382970243978
AT3G46970	AT5G62720	0.8670522054357422
AT3G46970	AT5G63810	0.9078817124571705
AT3G46970	AT1G70820	0.8793917700649506
AT3G46970	AT5G03240	0.8428827246704121
AT3G46970	AT4G17140	0.9188103550194494
AT3G46970	AT3G55450	0.8958938183614944
AT3G46970	AT1G51610	0.9220094829663017
AT3G46970	AT1G48210	0.8972500712404261
AT3G46970	AT5G18540	0.8941021954070674
AT3G46970	AT1G69830	0.9778047228083171
AT3G46970	AT1G49220	0.8844852063052634
AT3G46970	AT3G57770	0.8351465371307148
AT3G46970	AT2G15970	0.9133281271386637
AT3G46970	AT1G31850	0.9626729061433645
AT3G46970	AT1G68050	0.8524850181863795
AT3G46970	AT3G14310	0.9400091955854017
AT3G46970	AT2G01170	0.9508540962211539
AT3G46970	AT2G39900	0.9107745403118609
AT3G46970	AT2G02100	0.9383084395306099
AT3G46970	AT3G58570	0.9381094969628232
AT3G46970	AT3G16180	0.9559725186080172
AT3G46970	AT3G01310	0.9467975689196017
AT3G46970	AT1G78995	0.8411214173402116
AT3G46970	AT3G26580	0.8584558845197878
AT3G46970	AT1G12845	0.8872366734442255
AT3G46970	AT2G43535	0.9349267771162304
AT3G46970	AT4G05330	0.8874637263588201
AT3G46970	AT1G53035	0.9292147423361432
AT3G46970	AT4G11600	0.9455181810083689
AT3G46970	AT1G75960	0.8856397854434646
AT3G46970	AT4G19390	0.9672593331138033
AT3G46970	AT2G15830	0.807025682020599
AT3G46970	AT1G06460	0.9384769125812575
AT3G46970	AT3G46440	0.9707016016403366
AT3G46970	AT1G13930	0.9131997518762821
AT3G46970	AT5G63420	0.9210135685988771
AT3G46970	AT2G19450	0.8936844760720246
AT3G46970	AT1G69870	0.8240292747645539
AT3G46970	AT4G33490	0.9340819307530082
AT3G46970	AT4G14230	0.945506001922082
AT3G46970	AT1G75880	0.8799710387984451
AT3G46970	AT5G27930	0.9033651453888575
AT3G46970	AT1G20840	0.8325828992760008
AT3G46970	AT3G05800	0.8723458309591812
AT3G54500	AT5G25140	0.8563415311019106
AT3G54500	AT5G13170	0.8757918934066107
AT3G54500	AT1G01520	0.8376545260720984
AT3G54500	AT5G06980	0.970779740866218
AT3G54500	AT5G52570	0.9423949972668955
AT3G54500	AT1G16730	0.9094271401358761
AT3G54500	AT1G07180	0.921896899003873
AT3G54500	AT2G41250	0.9278258380379092
AT3G54500	AT1G55960	0.8178344739789009
AT3G54500	AT1G10370	0.8159111444727751
AT3G54500	AT5G15850	0.8725441173053322
AT3G54500	AT4G31870	0.8355425215986759
AT3G54500	AT3G47420	0.8860575212290435
AT3G54500	AT5G64170	0.9551051241103371
AT3G54500	AT2G21650	0.8793726875107438
AT3G54500	AT1G62510	0.8245559498655738
AT3G54500	AT5G04190	0.8762804499625612
AT3G54500	AT2G31380	0.8916677213374212
AT3G54500	AT3G27170	0.8459274731826155
AT3G54500	AT3G27690	0.8818397858445279
AT3G54500	AT5G35970	0.8392275201875926
AT3G54500	AT5G48530	0.8428054743621607
AT3G54500	AT4G02850	0.8163990805919454
AT3G54500	AT5G24120	0.809430747019601
AT3G54500	AT3G59060	0.9000047216483972
AT3G54500	AT5G59080	0.8102896612023313
AT3G54500	AT1G66760	0.8820558122522918
AT3G54500	AT2G24540	0.8268383547780124
AT3G54500	AT1G66100	0.9007284253324902
AT3G54500	AT1G80820	0.8036964194001219
AT3G54500	AT4G38850	0.8325345445193095
AT3G54500	AT5G07780	0.8228791450233122
AT3G54500	AT5G15830	0.8354108455224741
AT3G54500	AT4G38960	0.8447314636688932
AT3G54500	AT3G47500	0.8741884423737292
AT3G54500	AT3G51920	0.8030252840996402
AT3G54500	AT5G57660	0.849334029463071
AT3G54500	AT3G57040	0.8065350139715928
AT3G54500	AT5G62430	0.8146010287415684
AT3G54500	AT1G75100	0.8842666838106573
AT3G54500	AT5G36910	0.9052327976157345
AT3G54500	AT5G05860	0.8844833175949529
AT3G54500	AT1G69570	0.8601301000450022
AT5G25140	AT5G13170	0.8572871014599313
AT5G25140	AT3G09600	0.8487535219270916
AT5G25140	AT1G01520	0.8432391699835644
AT5G25140	AT5G06980	0.8397480808476755
AT5G25140	AT5G52570	0.9537264382541346
AT5G25140	AT1G16730	0.9317218325522585
AT5G25140	AT5G17300	0.9024281071697725
AT5G25140	AT1G07180	0.881150982009442
AT5G25140	AT2G23110	0.836107463884876
AT5G25140	AT2G41250	0.9268871095121592
AT5G25140	AT1G10370	0.8221071171290655
AT5G25140	AT5G15850	0.9069471542339669
AT5G25140	AT4G31870	0.8108207934216574
AT5G25140	AT3G22840	0.8097549458486418
AT5G25140	AT5G64170	0.8404604185048131
AT5G25140	AT2G24100	0.8008335677164297
AT5G25140	AT5G04190	0.8048607591131491
AT5G25140	AT5G22390	0.9149691368866131
AT5G25140	AT2G31380	0.902514832473611
AT5G25140	AT3G27170	0.8474106423486631
AT5G25140	AT2G21320	0.8921082749984977
AT5G25140	AT1G64500	0.8233669236928278
AT5G25140	AT1G65490	0.8181591706412289
AT5G25140	AT5G48540	0.8285674780421676
AT5G25140	AT2G24540	0.8908452404552761
AT5G25140	AT5G15830	0.8599910967821974
AT5G25140	AT4G38960	0.8192423536907796
AT5G25140	AT1G13080	0.9154758610178539
AT5G25140	AT5G39660	0.8406288112116419
AT5G25140	AT2G04795	0.8174711866526249
AT5G25140	AT5G62430	0.8809476780575464
AT5G25140	AT1G75100	0.946037505157836
AT5G25140	AT2G22240	0.8474597686119592
AT5G25140	AT3G15770	0.8292363005991383
AT5G25140	AT5G43150	0.8073139051115251
AT5G25140	AT3G50560	0.8379671855386934
AT5G25140	AT1G69570	0.8145022171188577
AT5G25140	AT1G79270	0.8720443351040009
AT1G49870	AT5G41140	0.811126067789408
AT2G47890	AT2G42530	0.8404104596310981
AT2G47890	AT5G60100	0.8209077449636537
AT2G47890	AT2G28900	0.8521008782189791
AT2G47890	AT5G06690	0.9053217330519189
AT2G47890	AT1G36940	0.8153892163894975
AT2G47890	AT4G09020	0.9171543435880222
AT2G47890	AT1G49230	0.9573851488741512
AT2G47890	AT1G76790	0.8438920149814833
AT2G47890	AT4G12280	0.8701048285834385
AT2G47890	AT1G49720	0.89537965248937
AT2G47890	AT4G26670	0.9341264169825078
AT2G47890	AT1G28050	0.9167369583858848
AT2G47890	AT2G25930	0.8929055746638173
AT2G47890	AT4G01130	0.9041060521891414
AT2G47890	AT1G64890	0.8793415249785738
AT2G47890	AT2G15890	0.8664487622200202
AT2G47890	AT5G47240	0.8449126575446164
AT2G47890	AT1G10760	0.9369846552988652
AT2G47890	AT3G47860	0.9253694049577638
AT2G47890	AT4G27440	0.825486059852937
AT2G47890	AT5G64860	0.9299072235076308
AT2G47890	AT2G37580	0.8549634222231947
AT2G47890	AT4G32340	0.8812169818197928
AT2G47890	AT5G67480	0.8049727868961717
AT2G47890	AT5G26570	0.8656550057772914
AT2G47890	AT5G59570	0.862009658907839
AT2G47890	AT5G15960	0.88399262326285
AT2G47890	AT5G61380	0.8376441443471703
AT2G47890	AT5G54960	0.8889231199994247
AT2G47890	AT2G20480	0.8051476414741958
AT2G47890	AT5G39410	0.9300244436048651
AT2G47890	AT5G44010	0.8861267891299303
AT2G47890	AT2G25730	0.9008824223599801
AT2G47890	AT2G28840	0.9461929574549847
AT2G47890	AT1G29395	0.8240177733918581
AT2G47890	AT3G26740	0.8916729494613521
AT2G47890	AT5G23660	0.8602958776003756
AT2G47890	AT5G51570	0.9165427072841765
AT2G47890	AT4G39090	0.9247117581503885
AT2G47890	AT2G31360	0.9167019669008222
AT2G47890	AT3G18080	0.8884866211214145
AT2G47890	AT5G61800	0.806499269860286
AT2G47890	AT3G05880	0.887959779932656
AT2G47890	AT3G50500	0.8537601803156077
AT2G47890	AT3G10410	0.8843017274436061
AT2G47890	AT5G57110	0.8216706939900119
AT2G47890	AT5G27280	0.9081192255967128
AT2G47890	AT2G45560	0.9230038166011443
AT2G47890	AT1G49650	0.9274951528009275
AT2G47890	AT2G16660	0.9168581832337963
AT2G47890	AT3G52180	0.829857106874969
AT2G47890	AT2G29630	0.9056488439874468
AT2G47890	AT1G67660	0.9535153889708097
AT2G47890	AT5G14920	0.9092491779828973
AT2G47890	AT3G28870	0.8290517193900613
AT2G47890	AT3G53800	0.8694182979564234
AT2G47890	AT4G18520	0.8787828810254967
AT2G47890	AT4G18240	0.8969291584413083
AT2G47890	AT1G67970	0.8435421162960773
AT2G47890	AT2G17840	0.9548004384524057
AT2G47890	AT5G14550	0.8917010412935474
AT2G47890	AT5G35735	0.878326253579677
AT2G47890	AT1G51940	0.9104521286538407
AT2G47890	AT5G02860	0.9185567254415947
AT2G47890	AT1G79440	0.8967746776586898
AT2G47890	AT4G33700	0.8678269732054421
AT2G47890	AT2G06925	0.8391743173231193
AT2G47890	AT1G27630	0.9559961266594879
AT2G47890	AT1G80480	0.8126853182637533
AT2G47890	AT1G26665	0.8410592712735668
AT2G47890	AT5G26340	0.8370695494109232
AT2G47890	245432_at	0.8352890155205808
AT2G47890	AT3G02330	0.860023189574603
AT2G47890	AT4G02370	0.9396583196826411
AT2G47890	AT5G62720	0.8380511630379037
AT2G47890	AT5G09630	0.834032393556196
AT2G47890	AT5G63810	0.8434559733577686
AT2G47890	AT1G70820	0.8615841489464212
AT2G47890	AT3G59820	0.8455403265892666
AT2G47890	AT3G50700	0.8975893998847436
AT2G47890	AT5G03240	0.91028736994499
AT2G47890	AT5G43440	0.8407592347171547
AT2G47890	AT1G51610	0.9016856051403606
AT2G47890	AT1G48210	0.8156979361180382
AT2G47890	AT5G57630	0.8154999638949401
AT2G47890	AT5G18540	0.8500458703685779
AT2G47890	AT5G25210	0.8592524142343814
AT2G47890	AT1G69830	0.8746866601326171
AT2G47890	AT3G57770	0.8197121914788587
AT2G47890	AT2G15970	0.8728555987507657
AT2G47890	AT1G31850	0.8531398398195004
AT2G47890	AT1G12710	0.8783617625950106
AT2G47890	AT3G14310	0.9272678288512336
AT2G47890	AT2G01170	0.9049875454685076
AT2G47890	AT2G39900	0.858274809556948
AT2G47890	AT2G02100	0.8907181336598411
AT2G47890	AT3G58570	0.9244901122223197
AT2G47890	AT3G16180	0.8658052337860781
AT2G47890	AT3G01310	0.9028532395229593
AT2G47890	AT3G26580	0.91149129770426
AT2G47890	AT1G12845	0.873031008945061
AT2G47890	AT2G43535	0.858045728305995
AT2G47890	AT4G12750	0.840914698370878
AT2G47890	AT3G56720	0.8831778618850905
AT2G47890	AT1G70420	0.870617750220078
AT2G47890	AT4G05330	0.8903095307666045
AT2G47890	AT1G21680	0.910485712373873
AT2G47890	AT4G11600	0.9407054661378369
AT2G47890	AT1G75960	0.8485229112330428
AT2G47890	AT3G16740	0.8256748924288441
AT2G47890	AT4G19390	0.8912735651928331
AT2G47890	AT1G06460	0.8757960855770595
AT2G47890	AT1G33970	0.8258202766049578
AT2G47890	AT3G46440	0.8514798940353722
AT2G47890	AT3G51660	0.85426724903039
AT2G47890	AT1G13930	0.8926737755946167
AT2G47890	AT5G63420	0.8700684918501211
AT2G47890	AT2G19450	0.8580546482800239
AT2G47890	AT5G62350	0.83770241954623
AT2G47890	AT4G33490	0.8896412896641339
AT2G47890	AT4G14230	0.9173229149157446
AT2G47890	AT5G27930	0.8835593459400318
AT1G30720	AT5G20230	0.8293986808294598
AT1G30720	AT1G13260	0.8189519502653823
AT1G30720	AT1G26420	0.8360390927775391
AT1G30720	AT3G28740	0.8153992083607566
AT5G64510	AT1G54050	0.9166746097719072
AT5G64510	AT3G51910	0.8437031998782353
AT5G64510	AT5G25450	0.9691882332360214
AT5G64510	AT2G32120	0.9440623213392884
AT5G64510	AT1G16030	0.9424707818209501
AT5G64510	AT1G17870	0.9251635284042419
AT5G64510	AT1G30070	0.980428518030556
AT5G64510	AT1G21550	0.8902765555103224
AT5G64510	AT3G63350	0.8477944014256428
AT5G64510	AT3G20180	0.93276312539898
AT5G64510	AT5G18340	0.9351977014958461
AT5G64510	AT5G12110	0.940516644834483
AT5G64510	AT5G10695	0.8951307398571935
AT5G64510	AT2G19310	0.928564915573222
AT5G64510	AT3G09350	0.9369916835520034
AT5G64510	AT1G67360	0.9001649537698329
AT5G64510	AT4G36988	0.9526725099937546
AT5G64510	AT1G26800	0.873878621207484
AT5G64510	AT2G47180	0.8841158020024524
AT5G64510	AT1G07350	0.9635601594140557
AT5G64510	AT5G47830	0.9424524310881741
AT5G64510	AT5G35320	0.9188243835520641
AT5G64510	AT4G29770	0.9007043585045661
AT5G64510	AT3G17110	0.9121354534179595
AT5G64510	AT3G08970	0.9476060957200682
AT5G64510	AT4G11660	0.8746543199653505
AT5G64510	AT1G14200	0.8480452067310807
AT5G64510	AT5G09590	0.9708671970297293
AT5G64510	AT1G59980	0.8619460210636047
AT5G64510	AT1G03070	0.9132834868126479
AT5G64510	AT3G07150	0.9365983179785423
AT5G64510	AT3G53230	0.9502830312027322
AT5G64510	AT5G47610	0.903688237618628
AT5G64510	AT4G23570	0.8796019559804921
AT5G64510	AT3G07090	0.8332970516268923
AT5G64510	AT1G07500	0.8926773248113827
AT5G64510	AT1G44414	0.8951988375607454
AT5G64510	AT5G47160	0.8739613186914076
AT5G64510	AT5G19875	0.8117460608498046
AT5G64510	AT3G22090	0.9041837612963893
AT5G64510	AT2G25140	0.9596679968519451
AT5G64510	AT5G27660	0.8193262401320209
AT5G64510	AT5G05410	0.8352943175439612
AT5G64510	AT5G23480	0.9023765434653167
AT5G64510	AT3G12050	0.9553991214617695
AT5G64510	AT3G25230	0.963952939020946
AT5G64510	AT1G56170	0.8768686723849004
AT5G64510	AT5G56030	0.85811620146313
AT5G64510	AT5G62020	0.8360070348329088
AT5G64510	AT1G01940	0.8551935222793374
AT5G64510	AT4G23885	0.9066515636772222
AT5G64510	AT3G17611	0.8899154116757658
AT5G64510	AT3G23990	0.9749582420359953
AT5G64510	AT1G55530	0.9196184701177301
AT5G64510	AT2G21940	0.9402387696798893
AT5G64510	AT1G10050	0.8244058563100573
AT5G64510	AT5G58590	0.9476195064553307
AT5G64510	AT4G17250	0.8489259975847723
AT5G64510	AT3G03520	0.9205346628479171
AT5G64510	AT2G41160	0.9553630634490912
AT5G64510	AT5G53400	0.9546706804919083
AT5G64510	AT3G29810	0.868000194845183
AT5G64510	AT3G52830	0.9076809874590867
AT5G64510	AT4G26780	0.903829879468719
AT5G64510	AT2G36460	0.8992961662155291
AT5G64510	AT5G58787	0.887138326793534
AT5G64510	AT3G07770	0.9421774372246899
AT5G64510	AT3G57880	0.9370452296000287
AT2G28085	AT2G14560	0.8441397850905119
AT2G28085	AT5G60100	0.8981242039892753
AT2G28085	AT4G12280	0.8625743560183804
AT2G28085	AT3G20810	0.8805740455958342
AT2G28085	AT4G32340	0.8340486317759578
AT2G28085	AT5G26570	0.8495659151617816
AT2G28085	AT5G61380	0.8855964779578684
AT2G28085	AT2G25730	0.8360189751925649
AT2G28085	AT5G23660	0.870966672010486
AT2G28085	AT3G05880	0.8037328818579966
AT2G28085	AT3G10410	0.867433246950953
AT2G28085	AT5G57110	0.8506928272516646
AT2G28085	AT3G52180	0.8124925851481143
AT2G28085	AT4G18240	0.8051487657351013
AT2G28085	AT1G67970	0.8011165940815431
AT2G28085	AT4G33700	0.8010691859628587
AT2G28085	AT1G26665	0.8454335914795478
AT2G28085	AT2G43550	0.8025785994301905
AT2G28085	AT5G62720	0.8168385194570871
AT2G28085	AT4G17140	0.8177463547191123
AT2G28085	AT3G55450	0.8507442238084564
AT2G28085	AT1G48210	0.8771492715322196
AT2G28085	AT5G18540	0.8542228292817019
AT2G28085	AT1G49220	0.8167512517127334
AT2G28085	AT1G31850	0.8106930579753943
AT2G28085	AT5G42500	0.8061605919825788
AT2G28085	AT4G19390	0.822686422044504
AT2G28085	AT5G63420	0.8589546265128377
AT2G28085	AT1G69870	0.8058686282652282
AT2G26560	AT5G47240	0.8327196749239204
AT2G26560	AT2G31360	0.8177536318411457
AT2G26560	AT5G46330	0.8248639229389211
AT2G26560	AT4G38550	0.9054232266861526
AT2G26560	AT5G35735	0.822507515937248
AT2G26560	AT5G26340	0.8378899782750482
AT2G26560	AT1G13470	0.8711452536295807
AT2G26560	AT1G59870	0.8146360824410749
AT2G26560	AT4G22770	0.8218176238234124
AT2G26560	AT5G09630	0.8792902813592998
AT2G26560	AT3G15630	0.8162327824752009
AT2G26560	AT1G21130	0.9011357650224004
AT2G26560	AT5G25210	0.8118751596251674
AT2G26560	AT1G22570	0.8144302662070345
AT2G26560	AT5G50450	0.8542162137394423
AT2G26560	AT5G46520	0.8337069638775999
AT2G26560	AT2G37130	0.8818646319066312
AT5G13170	AT3G09600	0.9212104063966482
AT5G13170	AT2G15020	0.8052975738273391
AT5G13170	AT1G01520	0.9197223665047108
AT5G13170	AT5G06980	0.8536780967503426
AT5G13170	AT5G52570	0.8765226240226945
AT5G13170	AT1G16730	0.8793285767603553
AT5G13170	AT5G17300	0.900602480368929
AT5G13170	AT1G07180	0.9298159183968436
AT5G13170	AT3G24460	0.8673924720891896
AT5G13170	AT2G41250	0.9240741918275102
AT5G13170	AT1G55960	0.9149490958004748
AT5G13170	AT1G10370	0.9233616208465077
AT5G13170	AT5G15850	0.9003537527432903
AT5G13170	AT4G31870	0.9463563496102133
AT5G13170	AT3G47420	0.935157652515911
AT5G13170	AT3G17609	0.8217686239640374
AT5G13170	AT5G23730	0.941840821667261
AT5G13170	AT5G64170	0.8293431184113992
AT5G13170	AT2G21650	0.8344494391032536
AT5G13170	AT5G22390	0.8386255202003625
AT5G13170	AT2G31380	0.9357471782780854
AT5G13170	AT3G27170	0.8938020994016885
AT5G13170	AT4G08300	0.9204691434012682
AT5G13170	AT2G21320	0.8818485056714432
AT5G13170	AT1G64500	0.850585525268041
AT5G13170	AT5G35970	0.8674353864526428
AT5G13170	AT3G15310	0.8055660227021257
AT5G13170	AT4G02850	0.9491755144383324
AT5G13170	AT3G16150	0.8721162362393597
AT5G13170	AT5G66740	0.8737818986648889
AT5G13170	AT5G48540	0.8075770699882503
AT5G13170	AT5G24120	0.9268409012353114
AT5G13170	AT5G18670	0.8576956267603673
AT5G13170	AT1G68440	0.8388831633859606
AT5G13170	AT3G01550	0.9024286153176013
AT5G13170	AT4G15430	0.9360278146975124
AT5G13170	AT3G56290	0.8587620878232268
AT5G13170	AT2G24540	0.9277320509351923
AT5G13170	AT3G01060	0.8945885058808621
AT5G13170	AT4G38960	0.8451867511753127
AT5G13170	AT1G26790	0.8359419743660252
AT5G13170	AT3G51920	0.8337572808793011
AT5G13170	AT3G14770	0.8030380821269023
AT5G13170	AT5G39660	0.8943791672538333
AT5G13170	AT3G57040	0.8767812537486924
AT5G13170	AT2G04795	0.8375498264471274
AT5G13170	AT5G62430	0.8155016578791282
AT5G13170	AT1G75100	0.8750485544837864
AT5G13170	AT3G24170	0.8619733258101931
AT5G13170	AT5G05860	0.8775262131417007
AT5G13170	AT1G07450	0.8394167218229815
AT5G13170	AT1G79270	0.8554166037058464
AT5G13170	AT5G15600	0.8516310622180412
AT2G42530	AT5G60100	0.9054566749598554
AT2G42530	AT2G28900	0.9586458595164951
AT2G42530	AT5G06690	0.8665121704986938
AT2G42530	AT4G09020	0.9389983387469198
AT2G42530	AT1G49230	0.8129014435932836
AT2G42530	AT1G76790	0.8938162787869964
AT2G42530	AT4G12280	0.8663781847912178
AT2G42530	AT1G49720	0.8274452632956578
AT2G42530	AT4G26670	0.8745875894135492
AT2G42530	AT1G28050	0.9026579359513299
AT2G42530	AT2G25930	0.8106718777952128
AT2G42530	AT4G01130	0.8859190641675552
AT2G42530	AT1G64890	0.9086151190516975
AT2G42530	AT3G63160	0.8975987038655103
AT2G42530	AT2G15890	0.8061974052560826
AT2G42530	AT5G47240	0.8362768007711896
AT2G42530	AT1G10760	0.9330027679242557
AT2G42530	AT3G47860	0.8815255540545596
AT2G42530	AT5G64860	0.9261471024574066
AT2G42530	AT4G32340	0.9483294871648092
AT2G42530	AT5G26570	0.9532049841083575
AT2G42530	AT5G15960	0.9249391144385503
AT2G42530	AT5G61380	0.8916740681966975
AT2G42530	AT5G39410	0.9065355084163544
AT2G42530	AT5G44010	0.8208711584023667
AT2G42530	AT3G50120	0.8477454025393778
AT2G42530	AT2G25730	0.8650529799217643
AT2G42530	AT2G28840	0.9231418951368662
AT2G42530	AT1G29395	0.9405442422875357
AT2G42530	AT3G26740	0.8692365475262795
AT2G42530	AT5G23660	0.8538529225706684
AT2G42530	AT5G51570	0.888678061716237
AT2G42530	AT4G39090	0.807782800826614
AT2G42530	AT4G19120	0.9032757122321653
AT2G42530	AT2G31360	0.8330595643641603
AT2G42530	AT1G51090	0.9321409892622372
AT2G42530	AT3G18080	0.9254171781931718
AT2G42530	AT5G61800	0.8353597227668066
AT2G42530	AT3G05880	0.9274042018637974
AT2G42530	AT3G10410	0.9086196859566101
AT2G42530	AT5G57110	0.9432915054621095
AT2G42530	AT5G27280	0.8715697336532797
AT2G42530	AT2G45560	0.8663970664669413
AT2G42530	AT3G52180	0.9414912473429334
AT2G42530	AT2G29630	0.8564461433869254
AT2G42530	AT1G67660	0.880975811533645
AT2G42530	AT4G18520	0.8571614640170195
AT2G42530	AT4G18240	0.9172139005411887
AT2G42530	AT1G67970	0.8467611084373592
AT2G42530	AT2G17840	0.8639186491898786
AT2G42530	AT5G14550	0.8840846076300982
AT2G42530	AT5G11150	0.9378251517572312
AT2G42530	AT3G28290	0.9190217470610456
AT2G42530	AT5G02860	0.8243856746973465
AT2G42530	AT1G79440	0.9457393599301203
AT2G42530	AT4G33700	0.8587841867201281
AT2G42530	AT2G06925	0.8964330754510413
AT2G42530	AT1G27630	0.874934952567243
AT2G42530	AT1G26665	0.844850849660293
AT2G42530	245432_at	0.9512260967261892
AT2G42530	AT2G43550	0.8911286672729625
AT2G42530	AT4G02370	0.8202446623603948
AT2G42530	AT1G43080	0.8076231493875891
AT2G42530	AT5G62720	0.816438791971596
AT2G42530	AT5G63810	0.9373325741563768
AT2G42530	AT1G70820	0.8768479901956902
AT2G42530	AT5G03240	0.8019075482745968
AT2G42530	AT4G17140	0.9178860792603288
AT2G42530	AT3G55450	0.8652393675832329
AT2G42530	AT1G51610	0.8903923573688222
AT2G42530	AT1G48210	0.8461141290484873
AT2G42530	AT5G18540	0.8753353689070901
AT2G42530	AT1G69830	0.9531286272588185
AT2G42530	AT1G49220	0.9232805562218916
AT2G42530	AT2G15970	0.9330434620757189
AT2G42530	AT1G31850	0.9429828112494739
AT2G42530	AT1G12710	0.8104028629810227
AT2G42530	AT1G68050	0.8414819271621476
AT2G42530	AT3G14310	0.8984745187758463
AT2G42530	AT2G01170	0.9235650383418968
AT2G42530	AT2G39900	0.9225611600710777
AT2G42530	AT2G02100	0.9552394221617873
AT2G42530	AT3G58570	0.9247173266981942
AT2G42530	AT3G16180	0.9605554501546052
AT2G42530	AT3G01310	0.9348932686773284
AT2G42530	AT1G78995	0.8064794016008244
AT2G42530	AT1G12845	0.9241433054988463
AT2G42530	AT2G43535	0.9194866006100133
AT2G42530	AT4G05330	0.8778499344952515
AT2G42530	AT1G53035	0.9480440057952334
AT2G42530	AT4G11600	0.9045486919672561
AT2G42530	AT1G75960	0.895238289073064
AT2G42530	AT4G19390	0.9269196771456545
AT2G42530	AT5G10530	0.8015911439021685
AT2G42530	AT2G15830	0.8325876505193075
AT2G42530	AT1G06460	0.9426316289840149
AT2G42530	AT3G46440	0.9317205643261549
AT2G42530	AT1G13930	0.893723858482337
AT2G42530	AT5G63420	0.8899488584453425
AT2G42530	AT2G19450	0.8775346438439806
AT2G42530	AT1G69870	0.806682862271573
AT2G42530	AT4G33490	0.9273513780815453
AT2G42530	AT4G14230	0.9133231620900103
AT2G42530	AT1G75880	0.8261056783839423
AT2G42530	AT5G27930	0.8770580211190224
AT2G42530	AT1G20840	0.8558330209868412
AT2G42530	AT3G05800	0.9218965717455572
AT3G09600	AT2G15020	0.8588953340083195
AT3G09600	AT1G01520	0.9026625666155388
AT3G09600	AT5G52570	0.8401484816583948
AT3G09600	AT1G16730	0.8377983317017703
AT3G09600	AT5G54130	0.827294812363029
AT3G09600	AT5G58120	0.8382530221807801
AT3G09600	AT5G17300	0.909398240778896
AT3G09600	AT1G07180	0.9326734511783848
AT3G09600	AT3G24460	0.8886140223193418
AT3G09600	AT2G41250	0.8733010839048547
AT3G09600	AT1G19640	0.8433966667982021
AT3G09600	AT1G55960	0.9286559743329205
AT3G09600	AT5G14760	0.8948594773952733
AT3G09600	AT1G10370	0.9718169101517283
AT3G09600	AT5G15850	0.9401245846746538
AT3G09600	AT4G31870	0.9381826443241756
AT3G09600	AT3G47420	0.8676207714432499
AT3G09600	AT3G17609	0.9215397228871077
AT3G09600	AT3G51240	0.8003253346854593
AT3G09600	AT5G23730	0.9350515239687079
AT3G09600	AT1G64780	0.8507830999071854
AT3G09600	AT4G14690	0.8007579792254131
AT3G09600	AT5G22390	0.8255865241897857
AT3G09600	AT2G31380	0.9274732374911876
AT3G09600	AT3G13065	0.8274181407248479
AT3G09600	AT3G27170	0.9199296449718063
AT3G09600	AT4G08300	0.9519098764965888
AT3G09600	AT5G15950	0.8225181857777384
AT3G09600	AT2G21320	0.8545933190042034
AT3G09600	AT1G64500	0.9300068193117794
AT3G09600	AT1G65490	0.8616313841877414
AT3G09600	AT5G35970	0.81601184667807
AT3G09600	AT3G15310	0.8686653211643257
AT3G09600	AT4G02850	0.8940417982108462
AT3G09600	AT3G16150	0.8970482426236787
AT3G09600	AT5G66740	0.8274090082419434
AT3G09600	AT5G48540	0.8955893264520061
AT3G09600	AT5G24120	0.9543607761047055
AT3G09600	AT5G18670	0.9425461638825333
AT3G09600	AT2G46735	0.8085503537868459
AT3G09600	AT1G68440	0.8907491802548393
AT3G09600	AT3G01550	0.9319116066917821
AT3G09600	AT4G15430	0.9463023359026644
AT3G09600	AT3G56290	0.9550087676098189
AT3G09600	AT2G24540	0.9439760409223354
AT3G09600	AT3G01060	0.9405933119204695
AT3G09600	AT4G38960	0.9171382077828115
AT3G09600	AT3G51920	0.8490328083475751
AT3G09600	AT1G65870	0.8114679437252829
AT3G09600	AT3G14770	0.8566921436408952
AT3G09600	AT5G39660	0.9315434145690703
AT3G09600	AT5G19240	0.8434484188013665
AT3G09600	AT3G57040	0.8825828916591408
AT3G09600	AT2G04795	0.8526632370432778
AT3G09600	AT3G19450	0.8763735312692359
AT3G09600	AT1G75100	0.8963105003222795
AT3G09600	AT2G32540	0.8073384350475784
AT3G09600	AT3G24170	0.9201857481662734
AT3G09600	AT1G17050	0.8901688898971374
AT3G09600	AT2G22240	0.8169829431633672
AT3G09600	AT3G01430	0.8083976238132556
AT3G09600	AT5G05860	0.8284316918164442
AT3G09600	AT1G07450	0.8855527584688393
AT3G09600	AT1G79270	0.8664471800728932
AT3G09600	AT5G15600	0.9579907332256844
AT2G15020	AT1G01520	0.8190032431558804
AT2G15020	AT5G17300	0.8482518218838828
AT2G15020	AT3G24460	0.8280357117988076
AT2G15020	AT1G10370	0.8126116993724841
AT2G15020	AT5G15850	0.8244878438835347
AT2G15020	AT3G47420	0.8090645873519241
AT2G15020	AT3G17609	0.8358190715328152
AT2G15020	AT5G23730	0.8165955794038924
AT2G15020	AT1G64780	0.8572971286485942
AT2G15020	AT2G31380	0.8635078385917244
AT2G15020	AT4G08300	0.8326809135935824
AT2G15020	AT5G15950	0.8117122254544135
AT2G15020	AT2G21320	0.868137657942066
AT2G15020	AT5G42760	0.8263606877306025
AT2G15020	AT1G64500	0.8883270079229376
AT2G15020	AT3G15310	0.8951284989609761
AT2G15020	AT5G66740	0.8191380331712246
AT2G15020	AT5G48540	0.8028069052712392
AT2G15020	AT5G24120	0.8346167548994461
AT2G15020	AT2G46735	0.8198422213211508
AT2G15020	AT3G56290	0.8852898775854278
AT2G15020	AT2G24540	0.8735631297714881
AT2G15020	AT3G01060	0.8156368459399457
AT2G15020	AT2G32540	0.8040853891304538
AT2G15020	AT3G24170	0.8436881244264368
AT2G15020	AT1G17050	0.8014178419117715
AT2G15020	AT1G07450	0.838729071471666
AT4G17470	AT1G19960	0.8439232409199249
AT4G17470	AT4G29700	0.8122337691749535
AT5G08030	AT1G13650	0.8161309593002763
AT1G54050	AT3G51910	0.8177953473831823
AT1G54050	AT5G25450	0.9467923153699067
AT1G54050	AT2G32120	0.947556390948611
AT1G54050	AT1G16030	0.8797932146939724
AT1G54050	AT1G17870	0.8711257738121538
AT1G54050	AT1G30070	0.9078116227709367
AT1G54050	AT1G21550	0.8902226160371043
AT1G54050	AT1G66080	0.8046020949125082
AT1G54050	AT3G20180	0.8448752581084409
AT1G54050	AT5G18340	0.8884300309441685
AT1G54050	AT5G12110	0.8703054747312533
AT1G54050	AT5G10695	0.8407814185133192
AT1G54050	AT2G19310	0.9456710058614417
AT1G54050	AT3G09350	0.899385264875888
AT1G54050	AT1G67360	0.9269330584229106
AT1G54050	AT4G36988	0.8749114801625351
AT1G54050	AT1G26800	0.8436569595407162
AT1G54050	AT2G47180	0.8039152276431833
AT1G54050	AT1G07350	0.9286568411341571
AT1G54050	AT5G47830	0.9100183100378169
AT1G54050	AT4G21323	0.8668232138788677
AT1G54050	AT5G35320	0.9379802430948212
AT1G54050	AT4G29770	0.8374961368303777
AT1G54050	AT3G08970	0.9144183884853685
AT1G54050	AT4G11660	0.8867465784715743
AT1G54050	AT1G14200	0.823915480930993
AT1G54050	AT5G09590	0.9275170942150975
AT1G54050	AT1G59980	0.8527484963814869
AT1G54050	AT1G03070	0.8612627201624093
AT1G54050	AT3G07150	0.9232006150806218
AT1G54050	AT5G07330	0.8494259935207374
AT1G54050	AT3G53230	0.8561739316490343
AT1G54050	AT5G47610	0.8562457027504928
AT1G54050	AT1G07500	0.8148901367323514
AT1G54050	AT1G44414	0.8407082154111409
AT1G54050	AT3G22090	0.8563518229943738
AT1G54050	AT2G25140	0.8975458169274824
AT1G54050	AT5G05410	0.859917433158191
AT1G54050	AT5G23480	0.8391226216738147
AT1G54050	AT3G12050	0.8776450074317063
AT1G54050	AT3G25230	0.8808400111985192
AT1G54050	AT1G56170	0.8168671084970831
AT1G54050	AT5G62020	0.803670612315717
AT1G54050	AT1G01940	0.8042907892277459
AT1G54050	AT4G23885	0.8145344402659178
AT1G54050	AT3G17611	0.929439414759167
AT1G54050	AT3G23990	0.8709430316128364
AT1G54050	AT1G55530	0.8924228133698561
AT1G54050	AT2G21940	0.9317025013516219
AT1G54050	AT4G17250	0.8175418648709796
AT1G54050	AT3G03520	0.8578539550185629
AT1G54050	AT2G41160	0.8975163939298832
AT1G54050	AT5G53400	0.8674398901938541
AT1G54050	AT3G52830	0.8281464579206632
AT1G54050	AT4G26780	0.8495618918642648
AT1G54050	AT2G36460	0.9032858905373469
AT1G54050	AT5G58787	0.8752685018698224
AT1G54050	AT3G07770	0.8256124419006508
AT1G54050	AT3G57880	0.8050075196679983
AT1G01520	AT5G06980	0.8333394214022711
AT1G01520	AT5G52570	0.8940593267204566
AT1G01520	AT1G16730	0.9069572432145058
AT1G01520	AT5G17300	0.8535660648771418
AT1G01520	AT1G07180	0.9185233375716558
AT1G01520	AT2G41250	0.8939194855591276
AT1G01520	AT1G55960	0.919594777840747
AT1G01520	AT1G10370	0.9310153697095427
AT1G01520	AT5G15850	0.9176917982931377
AT1G01520	AT4G31870	0.9097047649490648
AT1G01520	AT3G47420	0.8767242066487156
AT1G01520	AT5G23730	0.8610357842154993
AT1G01520	AT4G14690	0.8083868666913351
AT1G01520	AT2G31380	0.9541084942583479
AT1G01520	AT3G27170	0.9313607757154049
AT1G01520	AT4G08300	0.9014844587093374
AT1G01520	AT2G21320	0.8910640816957441
AT1G01520	AT1G64500	0.8625962858434315
AT1G01520	AT5G48530	0.8645849112634464
AT1G01520	AT4G02850	0.871798473348352
AT1G01520	AT5G66740	0.8897582428106091
AT1G01520	AT5G48540	0.8362052835745337
AT1G01520	AT5G24120	0.8992757744253523
AT1G01520	AT5G18670	0.8664525957312419
AT1G01520	AT3G01550	0.8483009836495147
AT1G01520	AT4G15430	0.8921299803220235
AT1G01520	AT3G56290	0.8575557057185645
AT1G01520	AT2G24540	0.9549017309564827
AT1G01520	AT3G01060	0.8708861814007703
AT1G01520	AT5G15830	0.8202135545917867
AT1G01520	AT1G26790	0.800587198898795
AT1G01520	AT5G39660	0.8369466124965635
AT1G01520	AT3G57040	0.8237521155571003
AT1G01520	AT2G04795	0.8442336307243179
AT1G01520	AT1G75100	0.9000103259973612
AT1G01520	AT1G70985	0.827875886348972
AT1G01520	AT5G05860	0.8495850984547714
AT1G01520	AT1G79270	0.8259893343897888
AT1G01520	AT5G15600	0.8640069924717295
AT2G36750	AT3G28740	0.829831101930716
AT2G36750	AT3G59930	0.8035600180947984
AT2G36750	AT3G42900	0.8797646956292158
AT1G13700	AT5G57560	0.8598531284140769
AT1G13700	AT5G62280	0.8075596155072757
AT1G13700	AT3G47340	0.8264445660685396
AT1G13700	AT3G62950	0.831108688976382
AT1G13700	AT1G68840	0.8091478472836132
AT1G13700	AT1G21910	0.8286520871058857
AT1G13700	AT4G35770	0.8523537836905647
AT1G13700	AT4G10910	0.8601677832883565
AT1G13700	AT3G15450	0.9119229499718461
AT1G13700	AT1G19180	0.8033257093430696
AT1G13700	AT1G80440	0.8247188201911387
AT1G13700	AT5G22920	0.8129105026283643
AT1G13700	AT2G18700	0.9031558880897459
AT1G13700	AT5G19120	0.8693902058138302
AT1G13700	AT2G30600	0.897702793884794
AT1G13700	AT3G07350	0.8196645244939029
AT1G13700	AT5G49450	0.8188816368364883
AT1G13700	AT4G28085	0.8741816766869493
AT1G13700	AT4G36040	0.8678059427837724
AT1G13700	AT3G15500	0.9205913853282005
AT1G13700	AT2G43820	0.8774013296522122
AT1G13700	AT2G42870	0.8672174663972371
AT1G13700	AT1G57990	0.8259291310494847
AT1G13700	AT5G57660	0.8173210731341872
AT1G13700	AT1G71030	0.8436154549672512
AT1G13700	AT3G25170	0.8211648709162698
AT1G13700	AT1G73830	0.8604069590026037
AT1G13700	AT2G44500	0.8077106769449148
AT3G51910	AT5G25450	0.8217301104723451
AT3G51910	AT1G16030	0.8058992281769405
AT3G51910	AT1G30070	0.8544869813734237
AT3G51910	AT1G66080	0.9531398075688244
AT3G51910	AT3G09440	0.8372685467753094
AT3G51910	AT5G18340	0.8176066990649561
AT3G51910	AT3G09350	0.9620102172533593
AT3G51910	AT4G15680	0.8137978237550569
AT3G51910	AT1G67360	0.8929390000106009
AT3G51910	AT4G36988	0.8989585742923412
AT3G51910	AT1G26800	0.9331786083886049
AT3G51910	AT1G07350	0.8513400781270439
AT3G51910	AT5G35320	0.9402452016621456
AT3G51910	AT3G17110	0.8183940260387498
AT3G51910	AT3G08970	0.9095964864214219
AT3G51910	AT4G11660	0.9199108576039063
AT3G51910	AT1G14200	0.9425869238202337
AT3G51910	AT5G09590	0.8610511408286468
AT3G51910	AT3G07150	0.8341868501965565
AT3G51910	AT1G18330	0.8105479599780744
AT3G51910	AT2G24100	0.8717980938123968
AT3G51910	AT5G47610	0.8671527010050939
AT3G51910	AT4G23570	0.9213361294226823
AT3G51910	AT3G07090	0.93465187576003
AT3G51910	AT2G25140	0.9014059623812128
AT3G51910	AT5G23480	0.9206219969467397
AT3G51910	AT3G12050	0.9127889103003766
AT3G51910	AT3G25230	0.8890059012283498
AT3G51910	AT1G56170	0.8243228549369127
AT3G51910	AT5G56030	0.8894900620037518
AT3G51910	AT5G62020	0.8930481740408137
AT3G51910	AT3G17611	0.9062711670206832
AT3G51910	AT5G04340	0.8600692080109957
AT3G51910	AT5G56010	0.8519067451211162
AT3G51910	AT1G55530	0.9249163848750639
AT3G51910	AT2G21940	0.8648241966336512
AT3G51910	AT4G17250	0.8534359338110074
AT3G51910	AT3G15770	0.8334800767211833
AT3G51910	AT2G41160	0.9175500786350945
AT3G51910	AT5G53400	0.8953898982962718
AT3G51910	AT2G47730	0.810192691422175
AT3G51910	AT4G30490	0.9257539161826587
AT3G51910	AT2G29450	0.8693059906265093
AT3G51910	AT2G36460	0.8772969411113284
AT3G51910	AT3G57880	0.8287786674363778
AT5G25450	AT2G32120	0.9805075249868803
AT5G25450	AT1G16030	0.9574396335810935
AT5G25450	AT1G17870	0.9416157670406244
AT5G25450	AT1G30070	0.9651352799746757
AT5G25450	AT1G21550	0.933096283395663
AT5G25450	AT3G63350	0.8570315099153847
AT5G25450	AT3G20180	0.9424323928796164
AT5G25450	AT5G18340	0.9043434285012933
AT5G25450	AT5G12110	0.9096472507696682
AT5G25450	AT5G10695	0.9187452656295757
AT5G25450	AT2G19310	0.9486793671935124
AT5G25450	AT3G09350	0.9194105630335346
AT5G25450	AT1G67360	0.9119026516211198
AT5G25450	AT3G10020	0.8153083192301396
AT5G25450	AT4G36988	0.93768221785488
AT5G25450	AT1G26800	0.8423991015854068
AT5G25450	AT2G47180	0.8798846570584035
AT5G25450	AT1G07350	0.924886036606938
AT5G25450	AT5G47830	0.9576999618298587
AT5G25450	AT4G21323	0.8195035211615896
AT5G25450	AT5G35320	0.9239490284439863
AT5G25450	AT4G29770	0.899912094304216
AT5G25450	AT3G17110	0.9091773691780056
AT5G25450	AT3G08970	0.9469596215665983
AT5G25450	AT4G11660	0.8466374194419216
AT5G25450	AT5G09590	0.9643680305161197
AT5G25450	AT1G59980	0.9152756583114112
AT5G25450	AT1G03070	0.9345169785410825
AT5G25450	AT3G07150	0.9691359319722072
AT5G25450	AT5G07330	0.8490199758170659
AT5G25450	AT3G53230	0.9572849490320676
AT5G25450	AT5G47610	0.8689836829380148
AT5G25450	AT4G23570	0.8067403286309656
AT5G25450	AT1G07500	0.9035188170713709
AT5G25450	AT1G44414	0.9142101685406256
AT5G25450	AT5G47160	0.8638928004826963
AT5G25450	AT3G22090	0.9197524338683637
AT5G25450	AT2G25140	0.9512030012850253
AT5G25450	AT5G27660	0.8651892865700642
AT5G25450	AT5G05410	0.8915508697544402
AT5G25450	AT5G23480	0.8722603108362557
AT5G25450	AT3G12050	0.923155183775625
AT5G25450	AT1G02700	0.8137935971877458
AT5G25450	AT3G25230	0.9308846086120891
AT5G25450	AT1G56170	0.8287106395195096
AT5G25450	AT1G01940	0.8926912456346543
AT5G25450	257239_at	0.8074290872282369
AT5G25450	AT4G23885	0.9271823153703342
AT5G25450	AT3G17611	0.8967086066516764
AT5G25450	AT3G23990	0.9523316573662928
AT5G25450	AT2G15790	0.8279244096055647
AT5G25450	AT1G55530	0.8844200278005321
AT5G25450	AT2G21940	0.9645503880379397
AT5G25450	AT1G10050	0.8144903669514675
AT5G25450	AT5G58590	0.9149003366177108
AT5G25450	AT4G17250	0.8691867086833237
AT5G25450	AT3G03520	0.951563661363506
AT5G25450	AT2G41160	0.9415546888334544
AT5G25450	AT5G53400	0.943467698164526
AT5G25450	AT3G29810	0.8629840466190267
AT5G25450	AT3G52830	0.8815443320294469
AT5G25450	AT4G26780	0.9468627509243823
AT5G25450	AT2G36460	0.9355629543539823
AT5G25450	AT5G58787	0.9374183318374589
AT5G25450	AT3G07770	0.9370022231369491
AT5G25450	AT3G57880	0.8697002499369768
AT1G21100	AT1G21110	0.8017656747153499
AT4G26270	AT1G21550	0.8464401625477627
AT4G26270	AT2G21130	0.8032353595199292
AT4G26270	AT5G27660	0.88176404314306
AT4G26270	AT5G05410	0.8773533165736332
AT4G26270	AT4G02550	0.8451092776742937
AT4G26270	AT1G02700	0.8025824554770272
AT4G26270	AT1G32090	0.8987527530835655
AT4G26270	AT3G43160	0.8059792433300165
AT4G26270	AT1G76280	0.8208007781791269
AT4G26270	AT2G30000	0.8149674364707021
AT4G26270	AT1G49560	0.8234729591351302
AT4G26270	AT3G03520	0.8511183359446972
AT4G26270	AT4G26780	0.8357909696887137
AT4G26270	AT5G58787	0.8090875111416017
AT2G14560	AT5G15840	0.8302868922168721
AT2G14560	AT5G59670	0.8050808623426985
AT2G14560	AT1G19960	0.8019748258545868
AT2G14560	AT5G05250	0.8299517775776408
AT2G14560	AT4G14400	0.8944843440863864
AT2G14560	AT2G43550	0.8073936746746733
AT2G14560	AT3G55450	0.8230580045716162
AT2G14560	AT3G06630	0.8118318338566628
AT2G14560	AT3G22231	0.8283520201446047
AT2G14560	AT3G23120	0.837285797632285
AT2G14560	AT3G46130	0.8374682898043688
AT2G14560	AT1G78995	0.8021783836432769
AT2G14560	AT3G22240	0.8823850790314088
AT2G14560	AT1G69870	0.8588333913448423
AT5G46230	AT4G26950	0.8740982386447612
AT5G46230	AT5G54720	0.8445121064414245
AT5G46230	AT2G45800	0.8212565042901429
AT5G46230	AT4G01080	0.8075976477667323
AT5G46230	AT1G06000	0.8345179322662264
AT5G46230	AT2G35170	0.8122982954190733
AT5G46230	AT4G04900	0.8532034629823189
AT5G46230	AT3G26590	0.8375042833628293
AT5G46230	AT3G63240	0.8429882660182073
AT5G46230	AT1G53260	0.8640409641939752
AT5G46230	AT3G47090	0.8311394799893083
AT5G06980	AT5G52570	0.928934466980107
AT5G06980	AT1G16730	0.9141638245560504
AT5G06980	AT1G07180	0.9299671762066888
AT5G06980	AT2G41250	0.904770366140804
AT5G06980	AT1G55960	0.8537106490529662
AT5G06980	AT1G10370	0.8240909607481283
AT5G06980	AT5G15850	0.8615440396407644
AT5G06980	AT4G31870	0.8351272470736251
AT5G06980	AT3G47420	0.8355097391121676
AT5G06980	AT5G64170	0.936004927408162
AT5G06980	AT2G21650	0.8193350953339558
AT5G06980	AT1G62510	0.8528862393839923
AT5G06980	AT5G04190	0.9039124047907948
AT5G06980	AT2G31380	0.88251581274606
AT5G06980	AT3G27170	0.8598400569432352
AT5G06980	AT3G27690	0.895339797181284
AT5G06980	AT5G35970	0.825376037417667
AT5G06980	AT5G48530	0.8513859412346709
AT5G06980	AT5G24120	0.8196337378664275
AT5G06980	AT3G59060	0.9318330294973414
AT5G06980	AT5G59080	0.8180221795489007
AT5G06980	AT1G66760	0.8947719166095603
AT5G06980	AT2G24540	0.8326644631780714
AT5G06980	AT1G66100	0.9041610763149719
AT5G06980	AT1G80820	0.8625517641377473
AT5G06980	AT4G38850	0.851916505443944
AT5G06980	AT5G15830	0.8878298262346699
AT5G06980	AT4G38960	0.8307440155303694
AT5G06980	AT3G47500	0.8973251586466501
AT5G06980	AT3G51920	0.8143751654734916
AT5G06980	AT5G57660	0.8397084616519833
AT5G06980	AT3G57040	0.8476842022140874
AT5G06980	AT5G52250	0.8185839667853033
AT5G06980	AT1G75100	0.8831851755228107
AT5G06980	AT5G36910	0.9214978622538907
AT5G06980	AT1G70985	0.8216575333775966
AT5G06980	AT5G43150	0.8199548190206488
AT5G06980	AT5G05860	0.8832764584108779
AT5G06980	AT1G69570	0.9183938911230807
AT5G60100	AT2G28900	0.938681739039991
AT5G60100	AT5G06690	0.828485442831979
AT5G60100	AT4G09020	0.9330130962079012
AT5G60100	AT1G49230	0.8464134926135195
AT5G60100	AT1G31690	0.8305491867941476
AT5G60100	AT1G76790	0.8934348540692607
AT5G60100	AT4G12280	0.9434679969359543
AT5G60100	AT4G26670	0.8476273966964678
AT5G60100	AT1G28050	0.899710148216944
AT5G60100	AT2G25930	0.8497157967220654
AT5G60100	AT4G01130	0.8527066147716149
AT5G60100	AT3G20810	0.8559822296440021
AT5G60100	AT1G64890	0.9035414909294689
AT5G60100	AT3G63160	0.8880080073963228
AT5G60100	AT1G10760	0.8951626475843715
AT5G60100	AT3G47860	0.8955320099652021
AT5G60100	AT5G64860	0.8473184506599858
AT5G60100	AT5G40180	0.8209846512985357
AT5G60100	AT4G32340	0.9419599002288987
AT5G60100	AT5G26570	0.9667066410884971
AT5G60100	AT5G15960	0.913098770860549
AT5G60100	AT5G61380	0.9395759885796058
AT5G60100	AT5G39410	0.9078290564593469
AT5G60100	AT5G44010	0.8281211654249863
AT5G60100	AT5G48250	0.8243791822128366
AT5G60100	AT3G50120	0.8095133485397361
AT5G60100	AT2G25730	0.8847959910862196
AT5G60100	AT2G28840	0.8648696000430819
AT5G60100	AT1G29395	0.8831550005879615
AT5G60100	AT3G21470	0.8353681890860297
AT5G60100	AT3G26740	0.8325948274618227
AT5G60100	AT5G23660	0.951612418951134
AT5G60100	AT5G51570	0.8743864617019281
AT5G60100	AT4G19120	0.8571426427742757
AT5G60100	AT1G51090	0.857762697176827
AT5G60100	AT3G18080	0.8437447576969438
AT5G60100	AT3G05880	0.8832091423031073
AT5G60100	AT5G56310	0.8711808657442656
AT5G60100	AT3G10410	0.9664616636280949
AT5G60100	AT5G57110	0.9403956782334115
AT5G60100	AT5G27280	0.8065051970155507
AT5G60100	AT2G45560	0.8708915958580452
AT5G60100	AT3G52180	0.917192013798281
AT5G60100	AT2G29630	0.8958188898615542
AT5G60100	AT1G67660	0.8570443870490874
AT5G60100	AT4G18240	0.9336285445344611
AT5G60100	AT1G67970	0.8575012009439321
AT5G60100	AT2G17840	0.844181502352569
AT5G60100	AT5G14550	0.8980800498521928
AT5G60100	AT5G11150	0.9443414007221678
AT5G60100	AT3G28290	0.8321598672202839
AT5G60100	AT1G79440	0.9041501023415774
AT5G60100	AT4G33700	0.9010103705855542
AT5G60100	AT1G27630	0.8718538949338875
AT5G60100	AT1G26665	0.9281231358196331
AT5G60100	AT5G17460	0.8179355814506725
AT5G60100	245432_at	0.8593847960484381
AT5G60100	AT3G02330	0.8337844893728489
AT5G60100	AT2G43550	0.887820327886305
AT5G60100	AT5G62720	0.8586441475919876
AT5G60100	AT5G63810	0.8491007960423084
AT5G60100	AT5G03240	0.8153235996007933
AT5G60100	AT4G17140	0.9130222147235455
AT5G60100	AT3G55450	0.9302539189126771
AT5G60100	AT1G51610	0.8802984453481953
AT5G60100	AT1G48210	0.9358939031982666
AT5G60100	AT5G18540	0.8771522352897693
AT5G60100	AT1G69830	0.8738216138861049
AT5G60100	AT1G49220	0.9353088853383866
AT5G60100	AT3G57770	0.8675017202430627
AT5G60100	AT2G15970	0.8582306669182801
AT5G60100	AT1G31850	0.9337227093443277
AT5G60100	AT1G68050	0.913565269168229
AT5G60100	AT3G14310	0.8650351498945603
AT5G60100	AT2G01170	0.8776570418466377
AT5G60100	AT2G02100	0.9180583938903522
AT5G60100	AT3G58570	0.912406026907805
AT5G60100	AT3G16180	0.9254692387928325
AT5G60100	AT3G01310	0.8164669568156917
AT5G60100	AT1G78995	0.8859845349737786
AT5G60100	AT2G43535	0.8729473481154115
AT5G60100	AT1G53035	0.8835210870225155
AT5G60100	AT4G11600	0.8476932086440586
AT5G60100	AT1G75960	0.815894737638234
AT5G60100	AT4G19390	0.9369414390637321
AT5G60100	AT2G15830	0.8215121968958619
AT5G60100	AT1G06460	0.8816485284234016
AT5G60100	AT3G46440	0.8861865163087819
AT5G60100	AT1G13930	0.8077590647836571
AT5G60100	AT5G63420	0.9257417099646873
AT5G60100	AT2G19450	0.8489053725741793
AT5G60100	AT1G69870	0.8675451106768761
AT5G60100	AT4G33490	0.9200527829544438
AT5G60100	AT4G14230	0.8255136345776592
AT5G60100	AT5G27930	0.8875190839688496
AT5G60100	AT3G05800	0.8480235790369592
AT2G28900	AT5G06690	0.8388359954154136
AT2G28900	AT4G09020	0.9580323258017173
AT2G28900	AT1G49230	0.8548530100456742
AT2G28900	AT1G31690	0.8413227443620845
AT2G28900	AT1G76790	0.926340495273833
AT2G28900	AT4G12280	0.9504133614344286
AT2G28900	AT4G26670	0.8509372183942211
AT2G28900	AT1G28050	0.9002702342094147
AT2G28900	AT2G25930	0.8356928368589028
AT2G28900	AT4G01130	0.8502138612705051
AT2G28900	AT3G20810	0.8006194834661107
AT2G28900	AT1G64890	0.9141625703028072
AT2G28900	AT3G63160	0.9577328272993034
AT2G28900	AT1G10760	0.9326818788384511
AT2G28900	AT3G47860	0.9060224406592191
AT2G28900	AT5G64860	0.9016648788693491
AT2G28900	AT4G32340	0.9551940245614099
AT2G28900	AT5G26570	0.9788437792540463
AT2G28900	AT5G15960	0.882736305776986
AT2G28900	AT5G61380	0.8906509613699309
AT2G28900	AT5G39410	0.901250844275336
AT2G28900	AT2G25730	0.8847000020621167
AT2G28900	AT2G28840	0.9276206257138452
AT2G28900	AT1G29395	0.8969739102795455
AT2G28900	AT3G26740	0.8361814279423855
AT2G28900	AT5G23660	0.8971161224808339
AT2G28900	AT5G51570	0.8852073211070526
AT2G28900	AT4G19120	0.901800249187084
AT2G28900	AT1G51090	0.9174294924822926
AT2G28900	AT3G18080	0.9246857540108783
AT2G28900	AT5G61800	0.8463663085948615
AT2G28900	AT3G05880	0.904932531624732
AT2G28900	AT5G56310	0.8181869122301321
AT2G28900	AT3G10410	0.9390930006443764
AT2G28900	AT5G57110	0.9183670712197968
AT2G28900	AT5G27280	0.8365734402572428
AT2G28900	AT2G45560	0.8669640736900366
AT2G28900	AT3G52180	0.9674330433291535
AT2G28900	AT2G29630	0.8643572957859305
AT2G28900	AT1G67660	0.8700430202937233
AT2G28900	AT4G18520	0.8289780086430761
AT2G28900	AT4G18240	0.9617963419559267
AT2G28900	AT1G67970	0.8252388878547576
AT2G28900	AT2G17840	0.8506556000513252
AT2G28900	AT5G14550	0.8710779990786089
AT2G28900	AT5G11150	0.9497190280431408
AT2G28900	AT3G28290	0.8940871724841726
AT2G28900	AT5G02860	0.8090797164345912
AT2G28900	AT1G79440	0.9103577855066581
AT2G28900	AT4G33700	0.9132311946092792
AT2G28900	AT2G06925	0.8676460032075227
AT2G28900	AT1G27630	0.8712331387795759
AT2G28900	AT1G26665	0.8614314181940484
AT2G28900	245432_at	0.9112073698442099
AT2G28900	AT2G43550	0.953653751700848
AT2G28900	AT4G22770	0.8043218517193649
AT2G28900	AT1G43080	0.8098928537909805
AT2G28900	AT5G62720	0.8253164385079654
AT2G28900	AT5G63810	0.878317028027891
AT2G28900	AT1G70820	0.8091028874860248
AT2G28900	AT4G17140	0.9408282651398697
AT2G28900	AT3G55450	0.932062284024202
AT2G28900	AT1G51610	0.8784178101174913
AT2G28900	AT1G48210	0.8760630617143064
AT2G28900	AT5G18540	0.8563918165719434
AT2G28900	AT1G69830	0.9453622616640618
AT2G28900	AT1G49220	0.9091443289024619
AT2G28900	AT3G57770	0.8382032049992952
AT2G28900	AT2G15970	0.8944301127301241
AT2G28900	AT1G31850	0.9827045868934821
AT2G28900	AT1G68050	0.8691879435005959
AT2G28900	AT3G14310	0.9066411756616141
AT2G28900	AT2G01170	0.9035197158076727
AT2G28900	AT2G39900	0.8622016979472489
AT2G28900	AT2G02100	0.9386602359871073
AT2G28900	AT3G58570	0.9096148723927464
AT2G28900	AT3G16180	0.9575961663569189
AT2G28900	AT3G01310	0.8905711085472308
AT2G28900	AT1G78995	0.8924978415374935
AT2G28900	AT1G12845	0.839654574004065
AT2G28900	AT2G43535	0.9546863213521194
AT2G28900	AT4G05330	0.8515199505826989
AT2G28900	AT1G53035	0.9275521489810084
AT2G28900	AT4G11600	0.928934941521153
AT2G28900	AT1G75960	0.8675029761408785
AT2G28900	AT4G19390	0.956931320500672
AT2G28900	AT5G15770	0.8155831521488243
AT2G28900	AT2G15830	0.8819009148530922
AT2G28900	AT1G06460	0.8966267950021787
AT2G28900	AT3G46440	0.9626686280021325
AT2G28900	AT1G13930	0.862763870128773
AT2G28900	AT5G63420	0.8915928332756135
AT2G28900	AT2G19450	0.8362746131139737
AT2G28900	AT1G69870	0.9067743168480382
AT2G28900	AT4G33490	0.8941895347016972
AT2G28900	AT4G14230	0.8916748330124319
AT2G28900	AT1G75880	0.8712658788328023
AT2G28900	AT5G27930	0.8718027744764624
AT2G28900	AT1G20840	0.8871836527909833
AT2G28900	AT3G05800	0.8726935835422768
AT5G06690	AT1G36940	0.8375494370580132
AT5G06690	AT4G09020	0.9020615986100433
AT5G06690	AT1G49230	0.9012097870645501
AT5G06690	AT4G12280	0.8339357860948895
AT5G06690	AT1G49720	0.9501980608583762
AT5G06690	AT4G26670	0.9339215905929852
AT5G06690	AT1G28050	0.9110400856577751
AT5G06690	AT2G25930	0.9188044450048967
AT5G06690	AT2G21130	0.8046377889097062
AT5G06690	AT4G01130	0.9601609292953265
AT5G06690	AT2G40340	0.8898521467572502
AT5G06690	AT1G64890	0.8769215092111574
AT5G06690	AT2G15890	0.9133296974452494
AT5G06690	AT5G47240	0.8475362805959629
AT5G06690	AT1G10760	0.9407983159227074
AT5G06690	AT3G47860	0.9299101945610545
AT5G06690	AT4G27440	0.8993934348279666
AT5G06690	AT5G64860	0.9579686289321517
AT5G06690	AT2G37580	0.8046183070262799
AT5G06690	AT4G32340	0.899744939867138
AT5G06690	AT5G67480	0.8155244133194667
AT5G06690	AT5G26570	0.8740429357751435
AT5G06690	AT5G59570	0.9195977680602374
AT5G06690	AT5G15960	0.8907276606007866
AT5G06690	AT5G61380	0.8673783423332098
AT5G06690	AT5G54960	0.8863272749590297
AT5G06690	AT5G39410	0.9364414835451936
AT5G06690	AT5G44010	0.9278205599800099
AT5G06690	AT5G48250	0.8681011119448571
AT5G06690	AT2G25730	0.9179817866493754
AT5G06690	AT2G28840	0.9358895369385821
AT5G06690	AT2G40130	0.8126291884070324
AT5G06690	AT1G29395	0.8826752165698248
AT5G06690	AT3G26740	0.9688441606411388
AT5G06690	AT5G23660	0.8515021332340179
AT5G06690	AT5G51570	0.9274568532553581
AT5G06690	AT1G28330	0.8204090688240555
AT5G06690	AT3G47160	0.8642238575143536
AT5G06690	AT4G39090	0.9649258218509554
AT5G06690	AT2G31360	0.8922298849362996
AT5G06690	AT3G18080	0.8149653205951974
AT5G06690	AT3G05880	0.951443447365864
AT5G06690	AT3G50500	0.9231569069542888
AT5G06690	AT3G10410	0.8947935587932645
AT5G06690	AT5G57110	0.8893796810431742
AT5G06690	AT1G10810	0.8078820403422128
AT5G06690	AT5G27280	0.94989480268141
AT5G06690	AT2G45560	0.8861570029781743
AT5G06690	AT5G41920	0.8299275113319168
AT5G06690	AT1G49650	0.9424483938860249
AT5G06690	AT2G16660	0.8353009916002095
AT5G06690	AT2G15960	0.8078210041735655
AT5G06690	AT3G52180	0.8724044946880959
AT5G06690	AT2G29630	0.9321773563342499
AT5G06690	AT1G67660	0.9637892976314276
AT5G06690	AT5G14920	0.9121305036151287
AT5G06690	AT3G53800	0.9105739535667565
AT5G06690	AT4G18520	0.9135086325113925
AT5G06690	AT4G18240	0.8919494323275142
AT5G06690	AT1G67970	0.8620709625084916
AT5G06690	AT2G17840	0.940944342764619
AT5G06690	AT5G14550	0.9019165876510963
AT5G06690	AT5G35735	0.8707065537516575
AT5G06690	AT1G51940	0.9220259071973494
AT5G06690	AT5G02860	0.9522140274995606
AT5G06690	AT1G79440	0.9148416707738568
AT5G06690	AT4G33700	0.8243278134413389
AT5G06690	AT2G06925	0.8311094240494178
AT5G06690	AT1G27630	0.9445500097538182
AT5G06690	AT1G80480	0.8575419694715732
AT5G06690	AT1G26665	0.872773467583053
AT5G06690	245432_at	0.8229129130125161
AT5G06690	AT3G02330	0.8587053222065405
AT5G06690	AT4G02370	0.9458214004229407
AT5G06690	AT5G62720	0.8859355001334897
AT5G06690	AT5G63810	0.8873102749523688
AT5G06690	AT1G70820	0.9314301238463275
AT5G06690	AT3G50700	0.9148156417650504
AT5G06690	AT5G03240	0.937161972380252
AT5G06690	AT5G43440	0.8624059970517759
AT5G06690	AT4G17140	0.8659452611799702
AT5G06690	AT1G51610	0.8234165338741519
AT5G06690	AT1G48210	0.8091727104606146
AT5G06690	AT5G18540	0.8565482816175581
AT5G06690	AT5G25210	0.8204215413276448
AT5G06690	AT1G69830	0.9068586984906477
AT5G06690	AT1G49220	0.8053252347584674
AT5G06690	AT4G05150	0.8827521140988857
AT5G06690	AT2G15970	0.9119972654439928
AT5G06690	AT1G31850	0.8529009777983917
AT5G06690	AT1G12710	0.9031584850823875
AT5G06690	AT3G14310	0.9608781880389704
AT5G06690	AT2G01170	0.881624209689362
AT5G06690	AT2G39900	0.9343281653052747
AT5G06690	AT2G02100	0.9216878765437049
AT5G06690	AT5G42500	0.8145215659411807
AT5G06690	AT4G38580	0.8511750409268395
AT5G06690	AT3G58570	0.9445992343441897
AT5G06690	AT3G16180	0.8791591153068756
AT5G06690	AT3G01310	0.9423950567921563
AT5G06690	AT3G26580	0.9549833673903245
AT5G06690	AT1G12845	0.8879916144673725
AT5G06690	AT2G43535	0.8474556294240049
AT5G06690	AT4G12750	0.8205160275904004
AT5G06690	AT3G56720	0.9128534780154589
AT5G06690	AT1G70420	0.8026805618624839
AT5G06690	AT4G05330	0.958164335626171
AT5G06690	AT1G21680	0.9265368294886803
AT5G06690	AT1G53035	0.8235249858685906
AT5G06690	AT4G11600	0.8925432964370451
AT5G06690	AT3G16740	0.9326967869955521
AT5G06690	AT4G19390	0.8679141674108191
AT5G06690	AT5G10530	0.8316938110937945
AT5G06690	AT1G06460	0.8872544253269765
AT5G06690	AT1G33970	0.8811656370388066
AT5G06690	AT3G46440	0.807386545763968
AT5G06690	AT3G51660	0.8186313948872838
AT5G06690	AT1G13930	0.8330342679894251
AT5G06690	AT5G63420	0.915382037684148
AT5G06690	AT2G19450	0.8517563910009903
AT5G06690	AT5G62350	0.8937435011173227
AT5G06690	AT4G33490	0.9042684130176794
AT5G06690	AT4G14230	0.8794462661195666
AT5G06690	AT5G27930	0.8806810607232943
AT5G06690	AT3G05800	0.812863268098168
AT2G32120	AT1G16030	0.9554747030424497
AT2G32120	AT1G17870	0.9522501943646464
AT2G32120	AT1G30070	0.9333188422785753
AT2G32120	AT1G21550	0.938319029456226
AT2G32120	AT3G63350	0.8540453988204025
AT2G32120	AT3G20180	0.9319502721321519
AT2G32120	AT5G18340	0.8864120323788162
AT2G32120	AT5G12110	0.8978240663446785
AT2G32120	AT5G10695	0.9169317889900118
AT2G32120	AT2G19310	0.940416847647859
AT2G32120	AT3G09350	0.8724323706446399
AT2G32120	AT1G67360	0.9108655091500808
AT2G32120	AT3G10020	0.8002486438444963
AT2G32120	AT4G36988	0.9157594334873367
AT2G32120	AT1G26800	0.8087893436883116
AT2G32120	AT2G47180	0.8948859616641857
AT2G32120	AT1G07350	0.8980707684908509
AT2G32120	AT5G47830	0.9524746172560158
AT2G32120	AT4G21323	0.8536090972967577
AT2G32120	AT5G35320	0.9071468177637749
AT2G32120	AT4G29770	0.913938542314881
AT2G32120	AT3G17110	0.8818637932954103
AT2G32120	AT3G08970	0.9302706738842024
AT2G32120	AT4G11660	0.8194320276294532
AT2G32120	AT5G09590	0.9344898703072538
AT2G32120	AT1G59980	0.9275079977928111
AT2G32120	AT1G03070	0.9445682487972128
AT2G32120	AT3G07150	0.9656831253866885
AT2G32120	AT5G07330	0.8952839750047729
AT2G32120	AT3G53230	0.9345203505273828
AT2G32120	AT4G19430	0.8077006457801568
AT2G32120	AT5G47610	0.8747028500803427
AT2G32120	AT1G07500	0.9176216938127267
AT2G32120	AT1G44414	0.9240660975177691
AT2G32120	AT5G47160	0.8580321049679978
AT2G32120	AT5G19875	0.8183656864974322
AT2G32120	AT3G22090	0.9173067968648765
AT2G32120	AT2G25140	0.9413877193107434
AT2G32120	AT5G27660	0.9098285187905162
AT2G32120	AT5G05410	0.8770085417002841
AT2G32120	AT5G23480	0.8361399926119836
AT2G32120	AT3G12050	0.8783788034363043
AT2G32120	AT1G02700	0.8023644738077133
AT2G32120	AT3G25230	0.8842225388131385
AT2G32120	AT1G56170	0.8172466793682575
AT2G32120	AT1G01940	0.8920483951362322
AT2G32120	257239_at	0.8246097265890482
AT2G32120	AT4G23885	0.9261044661512666
AT2G32120	AT2G30000	0.8253254344870743
AT2G32120	AT3G17611	0.8813474070013678
AT2G32120	AT3G23990	0.9211526739444272
AT2G32120	AT2G15790	0.8314499846926584
AT2G32120	AT1G55530	0.856705014133768
AT2G32120	AT2G21940	0.9413769479233911
AT2G32120	AT5G58590	0.8697619963590583
AT2G32120	AT4G17250	0.8811494054712034
AT2G32120	AT3G03520	0.9357116518305767
AT2G32120	AT2G41160	0.9200666350143444
AT2G32120	AT5G53400	0.9156138452178184
AT2G32120	AT3G29810	0.8219488400806195
AT2G32120	AT3G52830	0.8947411696611764
AT2G32120	AT4G26780	0.9466915412853011
AT2G32120	AT2G36460	0.8989019686990276
AT2G32120	AT5G58787	0.9652820502224445
AT2G32120	AT3G07770	0.91194079364611
AT2G32120	AT3G57880	0.8342580550595332
AT5G57560	AT1G35140	0.9407695827503952
AT5G57560	AT2G34600	0.8740082276680344
AT5G57560	AT1G50040	0.8648865725948648
AT5G57560	AT1G21910	0.960197999151078
AT5G57560	AT5G20230	0.8144557420268453
AT5G57560	AT4G27280	0.8803426601790868
AT5G57560	AT2G41100	0.8283709504373603
AT5G57560	AT2G27080	0.8737937307169259
AT5G57560	AT2G18700	0.8453758534764724
AT5G57560	AT4G25810	0.8671832635331774
AT5G57560	AT1G19380	0.8351557440002442
AT5G57560	AT5G19120	0.8245755937289144
AT5G57560	AT5G45340	0.8043030217447386
AT5G57560	AT3G55980	0.8333052754511876
AT5G57560	AT2G30600	0.8162413770344662
AT5G57560	AT4G08950	0.9205559301120351
AT5G57560	AT1G02660	0.9066458603774556
AT5G57560	AT3G50060	0.9091898181980812
AT5G57560	AT5G49450	0.826755141881525
AT5G57560	AT4G28085	0.8940501172224113
AT5G57560	AT3G19680	0.8781951413530074
AT5G57560	AT3G15500	0.8152081652451232
AT5G57560	AT2G43820	0.807740105262021
AT5G57560	AT1G57990	0.8699010967360915
AT5G57560	AT1G76650	0.8213837517121381
AT5G57560	AT5G67300	0.8080791207742076
AT5G57560	AT3G06070	0.8092911713718337
AT5G57560	AT5G05440	0.8981953286975679
AT5G57560	AT1G73830	0.9098873153292717
AT5G57560	AT2G44500	0.9288875842587199
AT1G35140	AT2G34600	0.8883243620188762
AT1G35140	AT1G68840	0.8126213602829235
AT1G35140	AT1G21910	0.9612665661459076
AT1G35140	AT5G20230	0.8167242091011635
AT1G35140	AT2G40000	0.8138405900266079
AT1G35140	AT5G41080	0.8539258457533232
AT1G35140	AT4G27280	0.8775289521768185
AT1G35140	AT2G41100	0.8113905916008577
AT1G35140	AT2G27080	0.8761521587157948
AT1G35140	AT5G25190	0.8407093160096973
AT1G35140	AT4G25810	0.8100814250876992
AT1G35140	AT1G19380	0.9049333385078331
AT1G35140	AT5G45340	0.8629216551319646
AT1G35140	AT2G04210	0.8411334165002894
AT1G35140	AT3G55980	0.9067515902894633
AT1G35140	AT4G08950	0.8536758016536559
AT1G35140	AT1G02660	0.9010079772853523
AT1G35140	AT3G50060	0.9280534607176186
AT1G35140	AT1G66160	0.8822268152033282
AT1G35140	AT4G28085	0.8237624333464737
AT1G35140	AT3G19680	0.8499949520817887
AT1G35140	AT1G57990	0.8055107747790105
AT1G35140	AT4G24570	0.8959825205221134
AT1G35140	AT1G76650	0.8177750339333321
AT1G35140	AT5G51190	0.8347461527634074
AT1G35140	AT5G67300	0.8446805043763853
AT1G35140	AT5G05440	0.8456209767857965
AT1G35140	AT1G73830	0.849184823344288
AT1G35140	AT2G44500	0.8919393298799199
AT1G16030	AT1G17870	0.9333857638216065
AT1G16030	AT1G30070	0.9296341128626352
AT1G16030	AT1G21550	0.966850480526496
AT1G16030	AT3G63350	0.946492373399757
AT1G16030	AT3G20180	0.9641293521303922
AT1G16030	AT5G18340	0.9116433245719109
AT1G16030	AT5G12110	0.8296708762443753
AT1G16030	AT5G10695	0.9661663061682046
AT1G16030	AT2G19310	0.8977699334891011
AT1G16030	AT3G09350	0.8991891643305049
AT1G16030	AT1G67360	0.9021495146766191
AT1G16030	AT3G10020	0.8541481327835955
AT1G16030	AT4G36988	0.9469717297226241
AT1G16030	AT1G26800	0.8580264619617273
AT1G16030	AT2G47180	0.8576334888679576
AT1G16030	AT1G07350	0.8699338042607551
AT1G16030	AT5G47830	0.9214539948316629
AT1G16030	AT5G35320	0.8963340320722412
AT1G16030	AT4G29770	0.8568042318540922
AT1G16030	AT3G17110	0.9562509547376008
AT1G16030	AT3G08970	0.9556487654052169
AT1G16030	AT4G11660	0.8236034181722701
AT1G16030	AT5G09590	0.9432307485365523
AT1G16030	AT1G59980	0.869789412249652
AT1G16030	AT1G03070	0.9918405445268301
AT1G16030	AT3G07150	0.9778015796738939
AT1G16030	AT5G07330	0.8144673842292887
AT1G16030	AT3G53230	0.9658652343629253
AT1G16030	AT5G47610	0.851346996963597
AT1G16030	AT4G23570	0.8211381979227111
AT1G16030	AT1G07500	0.9068157474997988
AT1G16030	AT1G44414	0.9485603646591578
AT1G16030	AT5G47160	0.8894138855508311
AT1G16030	AT3G22090	0.9191366362314123
AT1G16030	AT2G25140	0.9579616234250491
AT1G16030	AT5G27660	0.9226651943053267
AT1G16030	AT5G05410	0.935126304314726
AT1G16030	AT5G23480	0.9016599033456069
AT1G16030	AT3G12050	0.9303621883539931
AT1G16030	AT3G25230	0.919307044391516
AT1G16030	AT1G56170	0.8128565518255277
AT1G16030	AT1G01940	0.8734686818713531
AT1G16030	AT4G23885	0.9388123434777623
AT1G16030	AT3G17611	0.8671907724945314
AT1G16030	AT3G23990	0.9393153407616187
AT1G16030	AT2G15790	0.853395591816174
AT1G16030	AT1G55530	0.8811241878338624
AT1G16030	AT2G21940	0.9517785793287842
AT1G16030	AT1G10050	0.8388214085477836
AT1G16030	AT5G58590	0.9223052753543671
AT1G16030	AT4G17250	0.9270454178449162
AT1G16030	AT3G03520	0.9819199851464896
AT1G16030	AT2G41160	0.9639696610335086
AT1G16030	AT5G53400	0.9635678958746806
AT1G16030	AT3G29810	0.8714419451279299
AT1G16030	AT3G52830	0.9120591892997757
AT1G16030	AT4G26780	0.9562254546530041
AT1G16030	AT2G36460	0.9366121920210182
AT1G16030	AT5G58787	0.9664816822199297
AT1G16030	AT3G07770	0.9223886240931687
AT1G16030	AT3G57880	0.8557961506901115
AT5G52570	AT1G16730	0.9620671614113581
AT5G52570	AT5G17300	0.8352804452436698
AT5G52570	AT1G07180	0.9413394719735236
AT5G52570	AT2G41250	0.9469417079712933
AT5G52570	AT3G63440	0.8342275935580603
AT5G52570	AT1G55960	0.8439843136297354
AT5G52570	AT1G10370	0.8599514383926904
AT5G52570	AT5G15850	0.9409521664763526
AT5G52570	AT4G31870	0.851726484635602
AT5G52570	AT3G47420	0.8531714947530383
AT5G52570	AT5G64170	0.9021380556789069
AT5G52570	AT1G62510	0.8452116471102602
AT5G52570	AT5G04190	0.8619039888642863
AT5G52570	AT5G22390	0.8737561403046431
AT5G52570	AT2G31380	0.9345646579829348
AT5G52570	AT3G27170	0.9015220280910872
AT5G52570	AT4G08300	0.8031221931139991
AT5G52570	AT2G21320	0.8867268430479487
AT5G52570	AT1G64500	0.8238870050668826
AT5G52570	AT5G48530	0.8634914421499703
AT5G52570	AT5G24120	0.8240818563571877
AT5G52570	AT2G24540	0.9113947806226175
AT5G52570	AT1G66100	0.8101613633605149
AT5G52570	AT5G15830	0.8878564701796031
AT5G52570	AT4G38960	0.8376869067782386
AT5G52570	AT1G13080	0.8500011526225896
AT5G52570	AT5G39660	0.8256195037480367
AT5G52570	AT2G04795	0.8243638613516461
AT5G52570	AT5G62430	0.8593593935208174
AT5G52570	AT1G75100	0.9566137019509288
AT5G52570	AT5G36910	0.8765531548754505
AT5G52570	AT1G70985	0.8414546770188243
AT5G52570	AT2G22240	0.8036686114874592
AT5G52570	AT5G43150	0.8563181702882396
AT5G52570	AT3G50560	0.8143292911153626
AT5G52570	AT5G05860	0.8221422246737331
AT5G52570	AT1G69570	0.8639443262736619
AT5G52570	AT1G79270	0.8843974890183149
AT1G36940	AT1G49720	0.8851858124557082
AT1G36940	AT4G26670	0.8335683050105304
AT1G36940	AT4G01130	0.8404491800447598
AT1G36940	AT2G15890	0.8836929127833626
AT1G36940	AT5G47240	0.8050189811956869
AT1G36940	AT4G27440	0.9293532451678005
AT1G36940	AT5G59570	0.8037348374422679
AT1G36940	AT5G44010	0.8336519082457615
AT1G36940	AT3G26740	0.8329672704144174
AT1G36940	AT3G47160	0.8825197741748833
AT1G36940	AT4G39090	0.8950058012598783
AT1G36940	AT2G31360	0.808522675504434
AT1G36940	AT1G22770	0.8514087581719025
AT1G36940	AT3G50500	0.8102412145676967
AT1G36940	AT5G27280	0.8495655431424481
AT1G36940	AT1G49650	0.8396297789962166
AT1G36940	AT2G15960	0.8784869281017317
AT1G36940	AT1G67660	0.8505773252628133
AT1G36940	AT5G14920	0.8681437619896141
AT1G36940	AT3G53800	0.8979017609296644
AT1G36940	AT4G18520	0.8374250885407964
AT1G36940	AT2G17840	0.8495676419791424
AT1G36940	AT1G51940	0.9277700291590275
AT1G36940	AT5G02860	0.8537013306132027
AT1G36940	AT1G27630	0.8386844020418068
AT1G36940	AT1G80480	0.8142181224391484
AT1G36940	AT1G02300	0.883013353462331
AT1G36940	AT4G02370	0.8799951249573874
AT1G36940	AT3G53990	0.8845771112650677
AT1G36940	AT1G70820	0.8411609231926779
AT1G36940	AT3G59820	0.8117221616684605
AT1G36940	AT3G50700	0.9360798705437449
AT1G36940	AT5G03240	0.8322620864884365
AT1G36940	AT5G43440	0.9024586168574364
AT1G36940	AT1G76590	0.8295102844181897
AT1G36940	AT4G05150	0.8163370596452016
AT1G36940	AT1G12710	0.8455448071855867
AT1G36940	AT4G38580	0.8081889491532807
AT1G36940	AT3G26580	0.8787606494760087
AT1G36940	AT4G12750	0.8854119268172668
AT1G36940	AT3G56720	0.9533259696589166
AT1G36940	AT1G70420	0.8258401582758268
AT1G36940	AT1G21680	0.8450900080355581
AT1G36940	AT1G78600	0.8921275649603877
AT1G36940	AT3G16740	0.8899116871076078
AT1G36940	AT5G10530	0.8021553961644072
AT1G36940	AT1G33970	0.9437131414148678
AT1G36940	AT3G51660	0.8669555603429313
AT1G36940	AT5G62350	0.9204281666177151
AT1G36940	AT1G08500	0.822574486745553
AT1G76960	AT4G27860	0.8091690553583338
AT1G76960	AT5G49480	0.8062123644009813
AT1G76960	AT4G14090	0.832165867072874
AT4G09020	AT1G49230	0.8888139201809997
AT4G09020	AT1G76790	0.9003177559372422
AT4G09020	AT4G12280	0.9512378726380414
AT4G09020	AT1G49720	0.8936577950334678
AT4G09020	AT4G26670	0.9546872353072335
AT4G09020	AT1G28050	0.9466831967561399
AT4G09020	AT2G25930	0.9250115055136455
AT4G09020	AT4G01130	0.9360780322029735
AT4G09020	AT2G40340	0.8387158575557878
AT4G09020	AT1G64890	0.9274105471244809
AT4G09020	AT3G63160	0.8914858396181949
AT4G09020	AT1G10760	0.9808051865380011
AT4G09020	AT3G47860	0.9717022894515774
AT4G09020	AT5G64860	0.955007953494524
AT4G09020	AT4G32340	0.9766529319303908
AT4G09020	AT5G26570	0.9828089804861954
AT4G09020	AT5G59570	0.8210722151966435
AT4G09020	AT5G15960	0.9385925469998757
AT4G09020	AT5G61380	0.9373008801386319
AT4G09020	AT5G54960	0.8806442917521609
AT4G09020	AT2G20480	0.8458217209456897
AT4G09020	AT5G39410	0.9791844079632082
AT4G09020	AT5G44010	0.8712692681579629
AT4G09020	AT5G48250	0.8506938387302245
AT4G09020	AT2G25730	0.9467623810499965
AT4G09020	AT2G28840	0.9611614989959136
AT4G09020	AT1G29395	0.9283786307107428
AT4G09020	AT3G26740	0.8915227129712183
AT4G09020	AT5G23660	0.9404525145506546
AT4G09020	AT5G51570	0.9454793185802703
AT4G09020	AT4G39090	0.8695858191396901
AT4G09020	AT4G19120	0.8695026106084132
AT4G09020	AT2G31360	0.8374715974154917
AT4G09020	AT1G51090	0.8906019891430712
AT4G09020	AT3G18080	0.9448101245917486
AT4G09020	AT5G61800	0.8626666745343775
AT4G09020	AT3G05880	0.9461278307272243
AT4G09020	AT5G56310	0.8078062737218699
AT4G09020	AT3G50500	0.8384744407235506
AT4G09020	AT3G10410	0.9738019775416681
AT4G09020	AT5G57110	0.9383307499327797
AT4G09020	AT1G09190	0.8180501809268612
AT4G09020	AT5G27280	0.9317667283733543
AT4G09020	AT2G45560	0.9413722929821777
AT4G09020	AT1G49650	0.88005044697308
AT4G09020	AT2G16660	0.8008282710038984
AT4G09020	AT3G52180	0.9579982478931072
AT4G09020	AT2G29630	0.9480053462380208
AT4G09020	AT1G67660	0.9420581868496125
AT4G09020	AT5G14920	0.8231999504205207
AT4G09020	AT3G53800	0.8197981235268902
AT4G09020	AT4G18520	0.885825128127923
AT4G09020	AT4G18240	0.9773157696047311
AT4G09020	AT1G67970	0.8655785581647937
AT4G09020	AT2G17840	0.9355048120057745
AT4G09020	AT5G14550	0.9577130001245293
AT4G09020	AT5G11150	0.9201657828103812
AT4G09020	AT3G28290	0.8136421777532773
AT4G09020	AT5G02860	0.9154624867252663
AT4G09020	AT1G79440	0.9355725688663882
AT4G09020	AT4G33700	0.9554256481130003
AT4G09020	AT2G06925	0.8587147529160852
AT4G09020	AT1G27630	0.9579457850182204
AT4G09020	AT1G26665	0.9307147862978472
AT4G09020	245432_at	0.8987102561420868
AT4G09020	AT3G02330	0.8619585118420245
AT4G09020	AT2G43550	0.8690171039946654
AT4G09020	AT4G02370	0.8819314090147717
AT4G09020	AT1G43080	0.8135696407088002
AT4G09020	AT5G62720	0.908719677121051
AT4G09020	AT5G63810	0.9051299677435534
AT4G09020	AT1G70820	0.8730216100314504
AT4G09020	AT3G59820	0.8116711846248172
AT4G09020	AT5G03240	0.9028407475069872
AT4G09020	AT4G17140	0.9306068647544388
AT4G09020	AT3G55450	0.8923950997951247
AT4G09020	AT1G51610	0.9274201947927242
AT4G09020	AT1G48210	0.9264093469818705
AT4G09020	AT5G18540	0.9226936788205123
AT4G09020	AT1G69830	0.9630980125492056
AT4G09020	AT1G49220	0.8943229495342305
AT4G09020	AT3G57770	0.826748683129166
AT4G09020	AT2G15970	0.9138428456595464
AT4G09020	AT1G31850	0.947229479672568
AT4G09020	AT1G12710	0.8361941363898533
AT4G09020	AT1G68050	0.8617925555286748
AT4G09020	AT3G14310	0.9362361130415358
AT4G09020	AT2G01170	0.9512646394468023
AT4G09020	AT2G39900	0.8927600101127701
AT4G09020	AT2G02100	0.9504169252147787
AT4G09020	AT5G42500	0.8058422664407111
AT4G09020	AT3G58570	0.957578962035703
AT4G09020	AT3G16180	0.9393768773145945
AT4G09020	AT3G01310	0.932716659030249
AT4G09020	AT1G78995	0.8083883952004313
AT4G09020	AT3G26580	0.8926706814755272
AT4G09020	AT1G12845	0.8724846240939537
AT4G09020	AT2G43535	0.9086829779136998
AT4G09020	AT3G56720	0.8284742372781865
AT4G09020	AT4G05330	0.8981953943088985
AT4G09020	AT1G21680	0.8442409062404692
AT4G09020	AT1G53035	0.9201090936195739
AT4G09020	AT4G11600	0.9449976330878768
AT4G09020	AT1G75960	0.8493893396988154
AT4G09020	AT4G19390	0.9589447342711117
AT4G09020	AT5G10530	0.8339894753944656
AT4G09020	AT1G06460	0.945436421290361
AT4G09020	AT3G46440	0.9543591819281179
AT4G09020	AT1G13930	0.8974971871345296
AT4G09020	AT5G63420	0.9552162872495137
AT4G09020	AT2G19450	0.9067710273741971
AT4G09020	AT4G33490	0.9655433367250796
AT4G09020	AT4G14230	0.9246693542883657
AT4G09020	AT1G75880	0.8201016413913949
AT4G09020	AT5G27930	0.916219156285796
AT4G09020	AT3G05800	0.8483335608606759
AT2G34600	AT1G21910	0.8771315721417264
AT2G34600	AT2G40000	0.8308370437141932
AT2G34600	AT5G41080	0.8230209716431756
AT2G34600	AT4G27280	0.8197128774774834
AT2G34600	AT2G17880	0.8033972921347141
AT2G34600	AT2G27080	0.8102223330192194
AT2G34600	AT5G22920	0.8308109327851995
AT2G34600	AT5G25190	0.8101756118580107
AT2G34600	AT2G18700	0.8163504098146916
AT2G34600	AT1G19380	0.8365639443075311
AT2G34600	AT5G19120	0.819481650094357
AT2G34600	AT4G17500	0.8034306553753232
AT2G34600	AT5G45340	0.8660120775866417
AT2G34600	AT3G55980	0.9100849782052678
AT2G34600	AT5G61600	0.8157570265497972
AT2G34600	AT1G02660	0.9246929847885615
AT2G34600	AT3G50060	0.8511821759980295
AT2G34600	AT5G49450	0.8241909823822634
AT2G34600	AT1G66160	0.8307735356845273
AT2G34600	AT4G27410	0.8372320551235642
AT2G34600	AT1G57990	0.8057986022157291
AT2G34600	AT4G24570	0.8759658072578597
AT2G34600	AT1G76650	0.8458115105238004
AT2G34600	AT1G03850	0.8026923570270369
AT2G34600	AT5G51190	0.8675283301504401
AT2G34600	AT5G67300	0.8005222236088663
AT2G34600	AT4G37260	0.8043115018430073
AT2G34600	AT1G73830	0.8196825081712152
AT2G34600	AT2G44500	0.8555041803719226
AT1G17870	AT1G30070	0.9079100773377519
AT1G17870	AT1G21550	0.9036242057608114
AT1G17870	AT3G63350	0.8482145277316885
AT1G17870	AT3G20180	0.9546436075722301
AT1G17870	AT5G18340	0.8343265598820861
AT1G17870	AT5G12110	0.8889817167375318
AT1G17870	AT5G10695	0.8950233636940059
AT1G17870	AT2G19310	0.8847185309793093
AT1G17870	AT4G36988	0.8512786851664398
AT1G17870	AT2G47180	0.8684026694505271
AT1G17870	AT1G07350	0.8486460148158109
AT1G17870	AT5G47830	0.9745799386389823
AT1G17870	AT4G29770	0.9459562550702252
AT1G17870	AT3G17110	0.867285879885464
AT1G17870	AT3G08970	0.876478713206382
AT1G17870	AT5G09590	0.8976899645391522
AT1G17870	AT1G59980	0.8842663590884744
AT1G17870	AT1G03070	0.9224040918371103
AT1G17870	AT3G07150	0.9013806379652695
AT1G17870	AT5G07330	0.8206339198062281
AT1G17870	AT3G53230	0.9405072558945811
AT1G17870	AT4G19430	0.8486806778591077
AT1G17870	AT1G07500	0.9474830012117049
AT1G17870	AT1G44414	0.8712059170117096
AT1G17870	AT5G47160	0.8883412118463629
AT1G17870	AT3G22090	0.9141956809340045
AT1G17870	AT2G25140	0.8794298787292196
AT1G17870	AT5G15250	0.8200454079977106
AT1G17870	AT5G27660	0.9128570328213526
AT1G17870	AT5G05410	0.820550558737829
AT1G17870	AT3G12050	0.8343262812459382
AT1G17870	AT3G25230	0.8455314672114713
AT1G17870	AT1G01940	0.9386726542105436
AT1G17870	257239_at	0.9051879959881026
AT1G17870	AT4G23885	0.9380821655687384
AT1G17870	AT2G30000	0.8762126230700508
AT1G17870	AT3G23990	0.9366134441125668
AT1G17870	AT2G15790	0.8281108082960865
AT1G17870	AT2G21940	0.8851154516398737
AT1G17870	AT5G58590	0.9132616289853498
AT1G17870	AT3G03520	0.9245049903883564
AT1G17870	AT2G41160	0.8530488310773896
AT1G17870	AT5G53400	0.8611110936226646
AT1G17870	AT3G29810	0.8278926586091524
AT1G17870	AT3G52830	0.9073253907226518
AT1G17870	AT4G26780	0.957451351465672
AT1G17870	AT2G36460	0.8170235430742037
AT1G17870	AT5G58787	0.9371495920118648
AT1G17870	AT3G07770	0.9516136035402581
AT1G17870	AT3G57880	0.8165895559362475
AT5G62280	AT3G47340	0.8749462764195658
AT5G62280	AT3G62950	0.8378711868208117
AT5G62280	AT4G35770	0.8696015730394703
AT5G62280	AT4G16000	0.8067142210721555
AT5G62280	AT4G27450	0.8866864318365952
AT5G62280	AT2G18700	0.8448053287815981
AT5G62280	AT5G45820	0.8427758007690416
AT5G62280	AT3G59060	0.8248517875526931
AT5G62280	AT5G59080	0.8400183898296191
AT5G62280	AT4G32280	0.8866479624075738
AT5G62280	AT5G02810	0.8289449849193387
AT5G62280	AT3G03830	0.8320995361870176
AT5G62280	AT2G42870	0.811748164503704
AT5G62280	AT1G29450	0.8278471189553259
AT5G62280	AT5G57660	0.8767516688924172
AT5G62280	AT3G49160	0.8068246846231901
AT5G62280	AT1G73830	0.8284779461146199
AT1G49230	AT1G76790	0.8246311281950975
AT1G49230	AT4G12280	0.8860646519386363
AT1G49230	AT1G49720	0.8362579666231144
AT1G49230	AT4G26670	0.8829051119962408
AT1G49230	AT1G28050	0.9243311822029856
AT1G49230	AT2G25930	0.8787136619177389
AT1G49230	AT4G01130	0.8767373316016871
AT1G49230	AT1G64890	0.8771579173616753
AT1G49230	AT2G15890	0.8104131529961411
AT1G49230	AT1G10760	0.8981515772089779
AT1G49230	AT3G47860	0.9022169875442961
AT1G49230	AT5G64860	0.8846008919397536
AT1G49230	AT4G32340	0.8670163450120565
AT1G49230	AT5G26570	0.8622829870584161
AT1G49230	AT5G59570	0.832395878490594
AT1G49230	AT5G15960	0.8667984223161079
AT1G49230	AT5G61380	0.8508068342851431
AT1G49230	AT5G54960	0.8341234621120787
AT1G49230	AT5G39410	0.9029216964150607
AT1G49230	AT5G44010	0.9038637764743418
AT1G49230	AT5G48250	0.8009725635613729
AT1G49230	AT2G25730	0.8660575598591258
AT1G49230	AT2G28840	0.9120500574572146
AT1G49230	AT3G26740	0.8868469563743644
AT1G49230	AT5G23660	0.8851543404951437
AT1G49230	AT5G51570	0.8706614715668413
AT1G49230	AT4G39090	0.8932185088968259
AT1G49230	AT2G31360	0.8803572772219199
AT1G49230	AT3G18080	0.8269834200717857
AT1G49230	AT3G05880	0.8718675819428852
AT1G49230	AT3G10410	0.8959376922828217
AT1G49230	AT5G57110	0.834951982215845
AT1G49230	AT5G27280	0.8416893927949581
AT1G49230	AT2G45560	0.8721084714541748
AT1G49230	AT1G49650	0.9186800075408358
AT1G49230	AT2G16660	0.8546902550494685
AT1G49230	AT3G52180	0.8217268384181409
AT1G49230	AT2G29630	0.9112703042050737
AT1G49230	AT1G67660	0.9281714837119943
AT1G49230	AT5G14920	0.8321771244176175
AT1G49230	AT3G53800	0.829698394654331
AT1G49230	AT4G18520	0.862354614126783
AT1G49230	AT4G18240	0.8994991089099357
AT1G49230	AT1G67970	0.8377709737764626
AT1G49230	AT2G17840	0.9248625031398664
AT1G49230	AT5G14550	0.8774840456332078
AT1G49230	AT5G35735	0.847673242591563
AT1G49230	AT1G51940	0.8833539751368046
AT1G49230	AT5G02860	0.8954360109241244
AT1G49230	AT1G79440	0.8648779617685421
AT1G49230	AT4G33700	0.8665780729465588
AT1G49230	AT1G27630	0.9302162327763915
AT1G49230	AT1G26665	0.8448851175827927
AT1G49230	AT4G34750	0.8262466968626027
AT1G49230	AT3G02330	0.8420463078197706
AT1G49230	AT4G02370	0.9005763613641752
AT1G49230	AT5G62720	0.8400496541167847
AT1G49230	AT5G09630	0.8212567931293379
AT1G49230	AT3G50700	0.8701480220987761
AT1G49230	AT5G03240	0.8598284407690245
AT1G49230	AT4G17140	0.8046755532836364
AT1G49230	AT3G55450	0.8235492846321085
AT1G49230	AT1G51610	0.8715919106249125
AT1G49230	AT1G48210	0.826026952170285
AT1G49230	AT5G25210	0.8635356575749816
AT1G49230	AT1G69830	0.840358704324906
AT1G49230	AT3G57770	0.8813015555903292
AT1G49230	AT2G15970	0.836030896590738
AT1G49230	AT1G31850	0.8766288254604003
AT1G49230	AT1G12710	0.8348372247122123
AT1G49230	AT3G14310	0.9434102078530326
AT1G49230	AT2G01170	0.8603866889026678
AT1G49230	AT2G39900	0.8115432310061975
AT1G49230	AT2G02100	0.8749314714106164
AT1G49230	AT3G58570	0.8817603809893718
AT1G49230	AT3G16180	0.8707920089515001
AT1G49230	AT3G01310	0.8456599853962571
AT1G49230	AT3G26580	0.8699953714825146
AT1G49230	AT1G12845	0.811306109253654
AT1G49230	AT2G43535	0.8495519588269653
AT1G49230	AT3G56720	0.8303804536888822
AT1G49230	AT4G05330	0.870932299008279
AT1G49230	AT1G21680	0.876694804095337
AT1G49230	AT4G11600	0.8922226141577069
AT1G49230	AT1G75960	0.8089208971957317
AT1G49230	AT4G19390	0.9020385195863165
AT1G49230	AT1G06460	0.8293440976709265
AT1G49230	AT3G46440	0.8093767735295125
AT1G49230	AT1G13930	0.8267347558041807
AT1G49230	AT5G63420	0.8572802296798814
AT1G49230	AT2G19450	0.8100403610119056
AT1G49230	AT4G33490	0.8586524498304684
AT1G49230	AT4G14230	0.8764032251449061
AT1G49230	AT5G27930	0.9019268502580154
AT1G31690	AT3G20810	0.8506964695278099
AT1G31690	AT3G63160	0.8212901314817568
AT1G31690	AT5G26570	0.8427057914875443
AT1G31690	AT5G61380	0.808612313654505
AT1G31690	AT3G10410	0.8099783636760285
AT1G31690	AT5G57110	0.8215212453987973
AT1G31690	AT3G52180	0.8533012003754991
AT1G31690	AT4G18240	0.8218059457610988
AT1G31690	AT2G43550	0.8924665801967527
AT1G31690	AT4G17140	0.849501038859382
AT1G31690	AT3G55450	0.8151877324104754
AT1G31690	AT1G49220	0.8018567901876472
AT1G31690	AT1G31850	0.8189970291316743
AT1G31690	AT1G69870	0.8016933881267062
AT4G03320	AT4G29770	0.8090780861112338
AT4G03320	ATMG00630	0.8881260869531412
AT4G03320	AT2G26790	0.8063874936187105
AT4G03320	AT1G59980	0.808438527151514
AT4G03320	AT4G19430	0.8331528459219167
AT4G03320	AT2G07768	0.8126954678831653
AT4G03320	ATMG00160	0.8478468899115529
AT4G03320	ATMG00270	0.8468798872241731
AT4G03320	ATMG00640	0.8342231144331649
AT4G03320	ATMG00650	0.8701781579865567
AT4G03320	AT2G07675	0.8899108143360985
AT4G03320	AT1G01940	0.8178721307602401
AT4G03320	257239_at	0.8493021709640272
AT4G03320	ATMG00690	0.8455431294533464
AT1G30070	AT1G21550	0.8646697229671946
AT1G30070	AT1G66080	0.8033841783142506
AT1G30070	AT3G63350	0.8323826209229073
AT1G30070	AT3G20180	0.9198129246359944
AT1G30070	AT5G18340	0.9256848351426181
AT1G30070	AT5G12110	0.9331450599353556
AT1G30070	AT5G10695	0.8824046101839231
AT1G30070	AT2G19310	0.9111226862860874
AT1G30070	AT3G09350	0.9423939638306272
AT1G30070	AT1G67360	0.9106317484358538
AT1G30070	AT4G36988	0.9599271973338402
AT1G30070	AT1G26800	0.8888618422180523
AT1G30070	AT2G47180	0.9064823192978841
AT1G30070	AT1G07350	0.9601694036662082
AT1G30070	AT5G47830	0.9257879401465966
AT1G30070	AT5G35320	0.9310517361867231
AT1G30070	AT4G29770	0.8618534122585885
AT1G30070	AT3G17110	0.9049583851359272
AT1G30070	AT3G08970	0.9544852619197604
AT1G30070	AT4G11660	0.9024107257568686
AT1G30070	AT1G14200	0.874138102783095
AT1G30070	AT5G09590	0.9697804751505107
AT1G30070	AT1G59980	0.8393205284544182
AT1G30070	AT1G03070	0.9100218112422187
AT1G30070	AT3G07150	0.9258465579010623
AT1G30070	AT1G18330	0.8037417576382263
AT1G30070	AT3G53230	0.9203327715938578
AT1G30070	AT5G47610	0.9084020043401181
AT1G30070	AT4G23570	0.9058596808633154
AT1G30070	AT3G07090	0.8559317188183424
AT1G30070	AT1G07500	0.9066356392049675
AT1G30070	AT1G44414	0.8555944619597851
AT1G30070	AT5G47160	0.8664281084700652
AT1G30070	AT3G22090	0.9344555083338121
AT1G30070	AT2G25140	0.9663605491434336
AT1G30070	AT5G05410	0.8199410833889162
AT1G30070	AT5G23480	0.8971848469335644
AT1G30070	AT3G12050	0.9595111923933207
AT1G30070	AT3G25230	0.9775220916814759
AT1G30070	AT1G56170	0.893397147545526
AT1G30070	AT5G56030	0.8510473124667676
AT1G30070	AT5G62020	0.8567476343562944
AT1G30070	AT1G01940	0.8216506293620099
AT1G30070	AT4G23885	0.9151120293425379
AT1G30070	AT3G17611	0.8880530866659271
AT1G30070	AT3G23990	0.9585009534234339
AT1G30070	AT1G55530	0.9194575120190358
AT1G30070	AT2G21940	0.925684536501656
AT1G30070	AT1G10050	0.865101249160745
AT1G30070	AT5G58590	0.9352398753831815
AT1G30070	AT4G17250	0.8529979487297866
AT1G30070	AT3G03520	0.896116528964431
AT1G30070	AT3G15770	0.8238015649282308
AT1G30070	AT2G41160	0.9522832000954875
AT1G30070	AT5G53400	0.9601891837524369
AT1G30070	AT3G29810	0.8725492963534666
AT1G30070	AT3G52830	0.8822590700694625
AT1G30070	AT4G26780	0.8735846359437417
AT1G30070	AT2G47730	0.8201549004007793
AT1G30070	AT4G30490	0.8105395221988857
AT1G30070	AT2G36460	0.9007141585896705
AT1G30070	AT5G58787	0.8753095955190524
AT1G30070	AT3G07770	0.9267131234121271
AT1G30070	AT3G57880	0.9507726456029435
AT5G25260	AT1G51800	0.8620043737133076
AT5G25260	AT4G01870	0.8439585522240624
AT5G25260	AT4G24110	0.9508589277781647
AT5G25260	AT2G45210	0.8578717972556387
AT5G25260	AT1G05680	0.8988260506516937
AT5G25260	AT1G21310	0.8052926218429556
AT5G25260	AT5G13330	0.8125771096646595
AT5G25260	AT2G05380	0.8254391718840316
AT5G25260	AT2G15490	0.849264693552965
AT5G25260	AT1G51820	0.8339561560761386
AT5G25260	AT4G20860	0.8515679078292882
AT1G76790	AT4G12280	0.9102262045672976
AT1G76790	AT4G26670	0.8082771242780363
AT1G76790	AT1G28050	0.8631085928739182
AT1G76790	AT1G71060	0.809519106364789
AT1G76790	AT1G64890	0.8613547913000964
AT1G76790	AT3G63160	0.9420859810589164
AT1G76790	AT1G10760	0.8681168945412253
AT1G76790	AT3G47860	0.8497353227425098
AT1G76790	AT5G64860	0.8100387858716848
AT1G76790	AT1G56690	0.8410558104652486
AT1G76790	AT4G32340	0.9008872411050893
AT1G76790	AT5G26570	0.9224416000147313
AT1G76790	AT5G15960	0.8688867345208198
AT1G76790	AT5G61380	0.8622579406299139
AT1G76790	AT5G39410	0.8733278320391512
AT1G76790	AT2G25730	0.8651891534226758
AT1G76790	AT2G28840	0.8671806395445132
AT1G76790	AT1G29395	0.8167572360962616
AT1G76790	AT5G23660	0.8711778200375206
AT1G76790	AT5G51570	0.8943843342133585
AT1G76790	AT4G19120	0.9225473071052285
AT1G76790	AT3G13170	0.8195084663290438
AT1G76790	AT1G51090	0.8041327275426154
AT1G76790	AT3G18080	0.8763682506238918
AT1G76790	AT5G61800	0.8141497220879533
AT1G76790	AT3G05880	0.8823034055505171
AT1G76790	AT5G56310	0.8350344780009518
AT1G76790	AT3G10410	0.8994273853968876
AT1G76790	AT5G57110	0.8953689728446479
AT1G76790	AT2G45560	0.8174044802791689
AT1G76790	AT3G52180	0.8498492765118588
AT1G76790	AT2G29630	0.8162979351229552
AT1G76790	AT1G67660	0.828403455889402
AT1G76790	AT4G18240	0.906290807138125
AT1G76790	AT1G67970	0.8468960896073521
AT1G76790	AT2G17840	0.84386273674556
AT1G76790	AT5G14550	0.8315423065840404
AT1G76790	AT5G11150	0.8978174016652476
AT1G76790	AT3G28290	0.8184170446855956
AT1G76790	AT1G79440	0.9125033291771213
AT1G76790	AT4G33700	0.8791118078570267
AT1G76790	AT2G06925	0.8349760607893213
AT1G76790	AT1G27630	0.8330996003334478
AT1G76790	AT1G26665	0.8093464180075188
AT1G76790	245432_at	0.8735457745503734
AT1G76790	AT3G02330	0.8173435336809491
AT1G76790	AT2G43550	0.8420037283783137
AT1G76790	AT4G22770	0.8593866477313917
AT1G76790	AT1G43080	0.8270339259804403
AT1G76790	AT5G63810	0.8447026653773274
AT1G76790	AT4G17140	0.8892521832343482
AT1G76790	AT3G55450	0.9134842755159178
AT1G76790	AT1G51610	0.87383569743647
AT1G76790	AT1G48210	0.8389659202359633
AT1G76790	AT5G18540	0.849659484995225
AT1G76790	AT1G69830	0.840671410261376
AT1G76790	AT1G49220	0.867762239457545
AT1G76790	AT3G57770	0.8071693828017851
AT1G76790	AT2G15970	0.8641562114405061
AT1G76790	AT1G31850	0.9487754085157853
AT1G76790	AT1G68050	0.8572697405281512
AT1G76790	AT3G14310	0.8313141481031433
AT1G76790	AT2G01170	0.8854193712595871
AT1G76790	AT2G02100	0.8935830488534533
AT1G76790	AT3G58570	0.8880658650009357
AT1G76790	AT3G16180	0.9278270321043885
AT1G76790	AT3G01310	0.8179831858687368
AT1G76790	AT1G78995	0.823055262365849
AT1G76790	AT1G12845	0.8102677225782361
AT1G76790	AT2G43535	0.8885069996319409
AT1G76790	AT4G05330	0.8095143003225848
AT1G76790	AT1G53035	0.9231867601762194
AT1G76790	AT4G11600	0.9305318790105728
AT1G76790	AT1G75960	0.8261222090038877
AT1G76790	AT4G19390	0.9209083729410322
AT1G76790	AT1G06460	0.8507808302811098
AT1G76790	AT3G46440	0.9344469335155727
AT1G76790	AT1G13930	0.8087795387175147
AT1G76790	AT5G63420	0.8579515247093861
AT1G76790	AT2G19450	0.8311851207576386
AT1G76790	AT1G69870	0.8651695456100663
AT1G76790	AT4G33490	0.8756617904317852
AT1G76790	AT4G14230	0.8404891949290348
AT1G76790	AT5G27930	0.8422516962178547
AT1G76790	AT1G20840	0.8377133755607773
AT1G76790	AT3G05800	0.8394780561476478
AT1G23910	AT5G06040	0.8055110458776443
AT3G10930	AT1G59590	0.8307692997203041
AT3G10930	AT2G32030	0.8084971444872397
AT3G10930	AT1G03850	0.8121573263126637
AT4G12280	AT4G26670	0.8664062423464927
AT4G12280	AT1G28050	0.892506666130507
AT4G12280	AT2G25930	0.8928408913868932
AT4G12280	AT4G01130	0.8556619894326725
AT4G12280	AT3G20810	0.8452203664001946
AT4G12280	AT1G64890	0.9043721913768271
AT4G12280	AT3G63160	0.9247537960224553
AT4G12280	AT1G10760	0.9172769652518601
AT4G12280	AT3G47860	0.9270408031347529
AT4G12280	AT5G64860	0.8599694420575262
AT4G12280	AT4G32340	0.9545448034096572
AT4G12280	AT5G26570	0.9645749601816204
AT4G12280	AT5G15960	0.8661912715605347
AT4G12280	AT5G61380	0.927287309356652
AT4G12280	AT5G54960	0.8103575994344322
AT4G12280	AT2G20480	0.8466730914644272
AT4G12280	AT5G39410	0.9247788315054724
AT4G12280	AT5G44010	0.8082669479114281
AT4G12280	AT5G48250	0.8022762555264642
AT4G12280	AT2G25730	0.9322154283966104
AT4G12280	AT2G28840	0.9151363034919024
AT4G12280	AT1G29395	0.8352628103129291
AT4G12280	AT3G21470	0.8017126814863745
AT4G12280	AT3G26740	0.8388881258252551
AT4G12280	AT5G23660	0.9570298582262734
AT4G12280	AT5G51570	0.9059255657469281
AT4G12280	AT4G19120	0.8546660217843701
AT4G12280	AT1G51090	0.8298673829554563
AT4G12280	AT3G18080	0.8670465447078156
AT4G12280	AT5G61800	0.82897851088368
AT4G12280	AT3G05880	0.8990269442455815
AT4G12280	AT5G56310	0.8312784431875356
AT4G12280	AT3G10410	0.9705673821195394
AT4G12280	AT5G57110	0.8978072766713078
AT4G12280	AT5G27280	0.8156729896358935
AT4G12280	AT2G45560	0.8679897117195301
AT4G12280	AT1G49650	0.8297591313395396
AT4G12280	AT3G52180	0.9174611005487548
AT4G12280	AT2G29630	0.9074431588472113
AT4G12280	AT1G67660	0.8684773751994586
AT4G12280	AT4G18520	0.8040908918224161
AT4G12280	AT4G18240	0.9662185318555748
AT4G12280	AT1G67970	0.8619696364281789
AT4G12280	AT2G17840	0.8795931929999794
AT4G12280	AT5G14550	0.8912750089577203
AT4G12280	AT5G11150	0.9033702268731605
AT4G12280	AT5G02860	0.8363121378545582
AT4G12280	AT1G79440	0.8832363508241415
AT4G12280	AT4G33700	0.9608958954822855
AT4G12280	AT1G27630	0.8952703142663347
AT4G12280	AT1G26665	0.9127756368598521
AT4G12280	245432_at	0.8206977789616607
AT4G12280	AT3G02330	0.8535484689348172
AT4G12280	AT2G43550	0.890591765681602
AT4G12280	AT4G02370	0.8108784509328287
AT4G12280	AT4G22770	0.8314468606715045
AT4G12280	AT5G62720	0.8765954964073225
AT4G12280	AT5G63810	0.8007866350579012
AT4G12280	AT5G03240	0.8335952539018439
AT4G12280	AT4G17140	0.9125856728471411
AT4G12280	AT3G55450	0.9584357148241296
AT4G12280	AT1G51610	0.8697442048897509
AT4G12280	AT1G48210	0.9418427582693368
AT4G12280	AT5G18540	0.8896675416211656
AT4G12280	AT1G69830	0.8820814274799904
AT4G12280	AT1G49220	0.8607923868555024
AT4G12280	AT3G57770	0.8938383468080511
AT4G12280	AT2G15970	0.8213546243018667
AT4G12280	AT1G31850	0.9539507915369744
AT4G12280	AT1G68050	0.8820693297260931
AT4G12280	AT3G14310	0.8963625441409316
AT4G12280	AT2G01170	0.8806191723648082
AT4G12280	AT2G02100	0.888664991903616
AT4G12280	AT5G42500	0.8206659993564955
AT4G12280	AT3G58570	0.8931256984232844
AT4G12280	AT3G16180	0.9094143846140309
AT4G12280	AT3G01310	0.8272898369655741
AT4G12280	AT1G78995	0.8642484931177848
AT4G12280	AT3G26580	0.8018486209973484
AT4G12280	AT2G43535	0.9055478803061081
AT4G12280	AT4G05330	0.8251177549915746
AT4G12280	AT1G53035	0.8622825640519609
AT4G12280	AT4G11600	0.9061632888246888
AT4G12280	AT4G19390	0.9629539533593946
AT4G12280	AT2G15830	0.8210206244314763
AT4G12280	AT1G06460	0.8478253553863105
AT4G12280	AT3G46440	0.9240368071715912
AT4G12280	AT5G63420	0.9266974113116682
AT4G12280	AT2G19450	0.8522008099680548
AT4G12280	AT1G69870	0.8894069296431503
AT4G12280	AT4G33490	0.8895395030446499
AT4G12280	AT4G14230	0.8331605709640783
AT4G12280	AT1G75880	0.8328273020689942
AT4G12280	AT5G27930	0.8725167400958521
AT4G12280	AT1G20840	0.8025526400934004
AT4G30290	AT4G30280	0.8210123279153612
AT4G30290	AT5G04190	0.8372227571578548
AT4G30290	AT2G41100	0.8458039702301079
AT4G30290	AT5G25190	0.8105939466832103
AT4G30290	AT1G19380	0.8349502887492204
AT4G30290	AT4G28085	0.8054874615212159
AT3G46370	AT5G02810	0.8458902397830741
AT1G49720	AT4G26670	0.9498226269748292
AT1G49720	AT1G28050	0.868382148305695
AT1G49720	AT2G25930	0.8988486974531767
AT1G49720	AT2G21130	0.8044295407066842
AT1G49720	AT4G01130	0.9546196389628994
AT1G49720	AT2G40340	0.8726566190514788
AT1G49720	AT1G64890	0.8753982174792706
AT1G49720	AT2G15890	0.877861635622756
AT1G49720	AT5G47240	0.8462410577511299
AT1G49720	AT1G10760	0.942142823881673
AT1G49720	AT3G47860	0.9143342412366299
AT1G49720	AT4G27440	0.9075157482880388
AT1G49720	AT5G64860	0.9502115788546602
AT1G49720	AT2G37580	0.8358641210905279
AT1G49720	AT4G32340	0.8674582335934354
AT1G49720	AT5G26570	0.839424997077057
AT1G49720	AT5G59570	0.8555083612709151
AT1G49720	AT5G15960	0.8847141922447619
AT1G49720	AT5G61380	0.8241468791337789
AT1G49720	AT5G54960	0.8974946599858524
AT1G49720	AT2G20480	0.8107255572280004
AT1G49720	AT5G39410	0.934976402035707
AT1G49720	AT5G44010	0.9163409085127964
AT1G49720	AT5G48250	0.8200384459175578
AT1G49720	AT2G25730	0.8933377923008389
AT1G49720	AT2G28840	0.9265283617352833
AT1G49720	AT2G40130	0.8003844661841422
AT1G49720	AT1G29395	0.8608910837639011
AT1G49720	AT3G26740	0.9244292685265052
AT1G49720	AT5G51570	0.919169608984256
AT1G49720	AT3G47160	0.851542002335378
AT1G49720	AT4G39090	0.9390140437624259
AT1G49720	AT2G31360	0.8913273389471481
AT1G49720	AT1G22770	0.8141546404244877
AT1G49720	AT3G18080	0.8223539124545393
AT1G49720	AT5G61800	0.8526935565964863
AT1G49720	AT3G05880	0.922750863269073
AT1G49720	AT3G50500	0.9260440885165461
AT1G49720	AT3G10410	0.8471933597899328
AT1G49720	AT5G57110	0.8391113900327603
AT1G49720	AT5G27280	0.9651775805433375
AT1G49720	AT2G45560	0.9357815082840499
AT1G49720	AT1G49650	0.9050458837145963
AT1G49720	AT2G16660	0.8456144015496032
AT1G49720	AT3G52180	0.8516844410763504
AT1G49720	AT2G29630	0.9115752996618796
AT1G49720	AT1G67660	0.9654676942604576
AT1G49720	AT5G14920	0.9094007153800067
AT1G49720	AT3G53800	0.9078879131608839
AT1G49720	AT4G18520	0.9260600786262344
AT1G49720	AT4G18240	0.8490362450533466
AT1G49720	AT1G67970	0.8336248041170035
AT1G49720	AT2G17840	0.946155868211086
AT1G49720	AT5G14550	0.9210587400160459
AT1G49720	AT5G35735	0.828357935054051
AT1G49720	AT1G51940	0.9177345975417647
AT1G49720	AT5G02860	0.972587976199363
AT1G49720	AT1G79440	0.8807334590135016
AT1G49720	AT4G33700	0.8111788193582721
AT1G49720	AT1G27630	0.9502626631515886
AT1G49720	AT1G80480	0.8790624074560003
AT1G49720	AT1G26665	0.8130307036521112
AT1G49720	245432_at	0.8478842142302178
AT1G49720	AT3G02330	0.8380777097629115
AT1G49720	AT1G02300	0.8088924496506583
AT1G49720	AT4G02370	0.9366062485599942
AT1G49720	AT5G62720	0.8406252448291747
AT1G49720	AT5G63810	0.8826373535037472
AT1G49720	AT1G70820	0.9567192062048175
AT1G49720	AT3G59820	0.8443522072506987
AT1G49720	AT3G50700	0.9243992186646168
AT1G49720	AT5G03240	0.9240495386033886
AT1G49720	AT5G43440	0.9291479117382462
AT1G49720	AT1G51610	0.856150357110962
AT1G49720	AT5G18540	0.8640174484133177
AT1G49720	AT1G69830	0.9029557556300999
AT1G49720	AT4G05150	0.8702457470114945
AT1G49720	AT2G15970	0.9025989632475178
AT1G49720	AT1G12710	0.8876341352256533
AT1G49720	AT3G14310	0.9042959120812084
AT1G49720	AT2G01170	0.8939867919341279
AT1G49720	AT2G39900	0.9361928043452747
AT1G49720	AT2G02100	0.8615425444285804
AT1G49720	AT5G42500	0.8123692349937658
AT1G49720	AT4G38580	0.8515878711075573
AT1G49720	AT3G58570	0.9339811696639679
AT1G49720	AT3G16180	0.8487246968173161
AT1G49720	AT3G01310	0.952279187840183
AT1G49720	AT3G26580	0.977436600961146
AT1G49720	AT1G12845	0.8988169040770309
AT1G49720	AT2G43535	0.8067575757091329
AT1G49720	AT4G12750	0.8755428330854439
AT1G49720	AT3G56720	0.9514292465961499
AT1G49720	AT1G70420	0.8659594920838138
AT1G49720	AT4G05330	0.9250127922026635
AT1G49720	AT1G21680	0.8984008960719058
AT1G49720	AT1G53035	0.8053586213999506
AT1G49720	AT4G11600	0.8737496526408064
AT1G49720	AT3G16740	0.9341149202793183
AT1G49720	AT4G19390	0.8287617413938424
AT1G49720	AT5G10530	0.8594959517325266
AT1G49720	AT1G06460	0.8950874304219071
AT1G49720	AT1G33970	0.9424102075670927
AT1G49720	AT3G46440	0.800742387514696
AT1G49720	AT3G51660	0.8743231715316742
AT1G49720	AT1G13930	0.8869019620077441
AT1G49720	AT5G63420	0.8926514977333975
AT1G49720	AT2G19450	0.8839191069250132
AT1G49720	AT5G62350	0.9326919287089577
AT1G49720	AT4G33490	0.9080865021208159
AT1G49720	AT4G14230	0.9029803948203128
AT1G49720	AT5G27930	0.8719486315309954
AT4G11650	AT5G09530	0.8091775868393501
AT4G11650	AT4G12470	0.826217285392207
AT4G11650	AT1G76930	0.8056270332283708
AT4G11650	AT4G30170	0.8899721711125326
AT4G26670	AT1G28050	0.9485045908346017
AT4G26670	AT2G25930	0.9380827084706889
AT4G26670	AT4G01130	0.9803374520040503
AT4G26670	AT2G40340	0.8807245187605806
AT4G26670	AT1G64890	0.8978386410998512
AT4G26670	AT2G15890	0.8857570283078401
AT4G26670	AT5G47240	0.8264484835566664
AT4G26670	AT1G10760	0.9677767694856213
AT4G26670	AT3G47860	0.9535229819855328
AT4G26670	AT4G27440	0.8734597683291543
AT4G26670	AT5G64860	0.9641862189846574
AT4G26670	AT4G32340	0.9262950004626613
AT4G26670	AT5G26570	0.9049669476128342
AT4G26670	AT5G59570	0.8991230373466701
AT4G26670	AT5G15960	0.9237988415936481
AT4G26670	AT5G61380	0.91492158991382
AT4G26670	AT5G54960	0.9150374367192301
AT4G26670	AT2G20480	0.8410276248904887
AT4G26670	AT3G42860	0.8111160847033234
AT4G26670	AT5G39410	0.9812648859295369
AT4G26670	AT5G44010	0.8935492983304573
AT4G26670	AT5G48250	0.8665945970869852
AT4G26670	AT2G25730	0.9270576406963149
AT4G26670	AT2G28840	0.951230624472944
AT4G26670	AT1G29395	0.8945732517792452
AT4G26670	AT3G26740	0.9273065509018221
AT4G26670	AT5G23660	0.8963115556313267
AT4G26670	AT5G51570	0.9329486078282268
AT4G26670	AT3G47160	0.8409606455907641
AT4G26670	AT4G39090	0.9472838674219504
AT4G26670	AT2G31360	0.875169418762283
AT4G26670	AT1G51090	0.8143931352214585
AT4G26670	AT3G18080	0.9078410259001972
AT4G26670	AT5G61800	0.8423029780817831
AT4G26670	AT3G05880	0.9348281912735117
AT4G26670	AT3G50500	0.912655927897234
AT4G26670	AT3G10410	0.9234913210837079
AT4G26670	AT5G57110	0.8963334344930405
AT4G26670	AT1G09190	0.8057264039438431
AT4G26670	AT5G27280	0.9686494392654249
AT4G26670	AT2G45560	0.9413139576165909
AT4G26670	AT1G49650	0.9473616155932664
AT4G26670	AT2G16660	0.8593618445601607
AT4G26670	AT3G52180	0.8717777035479232
AT4G26670	AT2G29630	0.9498260339528412
AT4G26670	AT1G67660	0.9599800296548394
AT4G26670	AT5G14920	0.9075876623471185
AT4G26670	AT3G28870	0.8210980577931333
AT4G26670	AT3G53800	0.9229155427076219
AT4G26670	AT4G18520	0.9167187304616231
AT4G26670	AT4G18240	0.9068945857047469
AT4G26670	AT1G67970	0.8824644188040389
AT4G26670	AT2G17840	0.9763397600872413
AT4G26670	AT5G14550	0.9667280958933238
AT4G26670	AT5G35735	0.8136352488620474
AT4G26670	AT1G51940	0.8988197032859986
AT4G26670	AT5G11150	0.8161711617120347
AT4G26670	AT5G02860	0.965716596616835
AT4G26670	AT1G79440	0.9166265096970192
AT4G26670	AT4G33700	0.9092015819777093
AT4G26670	AT2G06925	0.830019412143371
AT4G26670	AT1G27630	0.9899889994157229
AT4G26670	AT1G80480	0.8969178861735229
AT4G26670	AT1G26665	0.9060585903915943
AT4G26670	245432_at	0.8516666290569848
AT4G26670	AT3G02330	0.8642087880031307
AT4G26670	AT1G02300	0.8196151480260815
AT4G26670	AT4G02370	0.9519194074179376
AT4G26670	AT5G62720	0.9248322325233087
AT4G26670	AT5G63810	0.8902294458300543
AT4G26670	AT1G70820	0.9163699809157899
AT4G26670	AT3G59820	0.9065249176631965
AT4G26670	AT3G50700	0.9027444045831383
AT4G26670	AT5G03240	0.9488759042884648
AT4G26670	AT5G43440	0.91083897275728
AT4G26670	AT4G17140	0.8376444628640853
AT4G26670	AT1G51610	0.9217760960077094
AT4G26670	AT1G48210	0.8880651817576487
AT4G26670	AT5G18540	0.9263226097081371
AT4G26670	AT5G25210	0.8349935819081681
AT4G26670	AT1G69830	0.9197750225093189
AT4G26670	AT1G49220	0.8333976189761099
AT4G26670	AT2G15970	0.8836060323463536
AT4G26670	AT1G31850	0.8532062260961439
AT4G26670	AT1G12710	0.9150483447527961
AT4G26670	AT3G14310	0.9369892124022029
AT4G26670	AT2G01170	0.9475205893422411
AT4G26670	AT2G39900	0.904790084645394
AT4G26670	AT2G02100	0.905382710694177
AT4G26670	AT5G42500	0.853025400278816
AT4G26670	AT4G38580	0.8169686092706829
AT4G26670	AT1G17460	0.8074961593327783
AT4G26670	AT3G58570	0.9484930595988499
AT4G26670	AT3G16180	0.8784549383361173
AT4G26670	AT3G01310	0.9353477646641289
AT4G26670	AT3G26580	0.9589641749901668
AT4G26670	AT1G12845	0.8952846437531972
AT4G26670	AT2G43535	0.824626158351636
AT4G26670	AT4G12750	0.8815451289282615
AT4G26670	AT3G56720	0.9431083623339196
AT4G26670	AT1G70420	0.8167474693079694
AT4G26670	AT4G05330	0.9099634624339917
AT4G26670	AT1G21680	0.932736530134794
AT4G26670	AT1G53035	0.860223680474392
AT4G26670	AT4G11600	0.9027897626105476
AT4G26670	AT1G75960	0.8354571824803966
AT4G26670	AT3G16740	0.8539012172888738
AT4G26670	AT4G19390	0.8937265439399497
AT4G26670	AT5G10530	0.8903390694989491
AT4G26670	AT1G06460	0.9417276521248477
AT4G26670	AT1G33970	0.8607397772830093
AT4G26670	AT3G46440	0.8739291118802227
AT4G26670	AT3G51660	0.8476510597706092
AT4G26670	AT1G13930	0.8927158883464255
AT4G26670	AT5G63420	0.944567175510861
AT4G26670	AT2G19450	0.9372946531800067
AT4G26670	AT5G62350	0.8812104080796365
AT4G26670	AT4G33490	0.9640901840912213
AT4G26670	AT4G14230	0.9242801899930799
AT4G26670	AT5G27930	0.8935839764360076
AT1G21550	AT3G63350	0.9165517021546723
AT1G21550	AT3G20180	0.9264450834756336
AT1G21550	AT5G18340	0.8657608789052683
AT1G21550	AT5G10695	0.9751167650805943
AT1G21550	AT2G19310	0.881117896318889
AT1G21550	AT3G09350	0.8640040513050089
AT1G21550	AT1G67360	0.8610750754213011
AT1G21550	AT3G10020	0.8919639843281473
AT1G21550	AT4G36988	0.8852868539148692
AT1G21550	AT4G14270	0.8074529252200489
AT1G21550	AT1G26800	0.8247864316300288
AT1G21550	AT1G07350	0.8078943295184605
AT1G21550	AT5G47830	0.9124213953997975
AT1G21550	AT5G35320	0.860240577834733
AT1G21550	AT4G29770	0.8255890163765819
AT1G21550	AT3G17110	0.9068371437309317
AT1G21550	AT3G08970	0.9206510091050852
AT1G21550	AT5G09590	0.9083166739069667
AT1G21550	AT1G59980	0.8578338534638297
AT1G21550	AT1G03070	0.9590462728647362
AT1G21550	AT3G07150	0.9516491659834576
AT1G21550	AT5G07330	0.8360710588744914
AT1G21550	AT3G53230	0.9375420282071266
AT1G21550	AT1G07500	0.833398953282644
AT1G21550	AT1G44414	0.9141698085063578
AT1G21550	AT5G47160	0.8201105554502338
AT1G21550	AT3G22090	0.8882854290492608
AT1G21550	AT2G25140	0.9002758190228161
AT1G21550	AT5G27660	0.9280997594308377
AT1G21550	AT5G05410	0.9577898356375564
AT1G21550	AT2G36030	0.8215243089370088
AT1G21550	AT5G23480	0.8544727959996934
AT1G21550	AT3G12050	0.8811517510119168
AT1G21550	AT3G25230	0.8491170299941599
AT1G21550	AT1G01940	0.8778878577908286
AT1G21550	AT4G23885	0.8775840337714412
AT1G21550	AT2G30000	0.8358029198121202
AT1G21550	AT3G17611	0.8396368902689794
AT1G21550	AT3G23990	0.8780223553647816
AT1G21550	AT2G15790	0.8821941406241203
AT1G21550	AT1G55530	0.823521732660736
AT1G21550	AT2G21940	0.9263083712777903
AT1G21550	AT5G58590	0.868921646572702
AT1G21550	AT4G17250	0.9091968592157343
AT1G21550	AT3G03520	0.9571282514247116
AT1G21550	AT2G41160	0.9181126501552068
AT1G21550	AT5G53400	0.9113995182378319
AT1G21550	AT3G29810	0.8179862723135664
AT1G21550	AT3G52830	0.8949944291634893
AT1G21550	AT4G26780	0.9365677021823543
AT1G21550	AT2G36460	0.9343483384987249
AT1G21550	AT5G58787	0.9539678131151388
AT1G21550	AT3G07770	0.8507148340891987
AT1G16730	AT5G17300	0.8243833466643249
AT1G16730	AT1G07180	0.9193367399922745
AT1G16730	AT2G41250	0.9271142618020051
AT1G16730	AT1G55960	0.8566922240344722
AT1G16730	AT1G10370	0.8570754872770119
AT1G16730	AT5G15850	0.936465206654029
AT1G16730	AT4G31870	0.8353784128737636
AT1G16730	AT3G47420	0.862523604556263
AT1G16730	AT5G64170	0.8738329511227985
AT1G16730	AT1G62510	0.806873939304012
AT1G16730	AT5G04190	0.8230222003758025
AT1G16730	AT5G22390	0.8654443229656091
AT1G16730	AT2G31380	0.9464888985333001
AT1G16730	AT3G27170	0.8868793504690341
AT1G16730	AT4G08300	0.8153638573970416
AT1G16730	AT2G21320	0.8672988765870963
AT1G16730	AT1G64500	0.8295874490934557
AT1G16730	AT5G48530	0.8443520516810231
AT1G16730	AT5G48540	0.8249028591877853
AT1G16730	AT5G24120	0.8343258437107012
AT1G16730	AT2G24540	0.9167698774356946
AT1G16730	AT5G15830	0.8518315031019779
AT1G16730	AT4G38960	0.8208259235767413
AT1G16730	AT1G13080	0.8485186392477383
AT1G16730	AT5G39660	0.8020756569923256
AT1G16730	AT2G04795	0.8360836428233801
AT1G16730	AT5G62430	0.8931379349077035
AT1G16730	AT1G75100	0.9708617856702777
AT1G16730	AT5G36910	0.8597315005517213
AT1G16730	AT1G70985	0.8678817485977017
AT1G16730	AT5G43150	0.8540885047189728
AT1G16730	AT5G05860	0.8438770247964628
AT1G16730	AT1G69570	0.8282472976995832
AT1G16730	AT1G79270	0.847276501446646
AT1G28050	AT2G25930	0.8793272570419914
AT1G28050	AT4G01130	0.9556254054170198
AT1G28050	AT2G40340	0.8080801207384458
AT1G28050	AT1G64890	0.9308030517625757
AT1G28050	AT3G63160	0.8176176213270678
AT1G28050	AT2G15890	0.8534148078505207
AT1G28050	AT5G47240	0.8349776807019185
AT1G28050	AT1G10760	0.9472958517822379
AT1G28050	AT3G47860	0.9127045223261794
AT1G28050	AT4G27440	0.825758607889237
AT1G28050	AT5G64860	0.9295677551746313
AT1G28050	AT4G32340	0.9321197577881991
AT1G28050	AT5G26570	0.9217702943291554
AT1G28050	AT5G59570	0.8496141544416284
AT1G28050	AT5G15960	0.9035813851909235
AT1G28050	AT5G61380	0.9184356162990979
AT1G28050	AT5G54960	0.8183599522381154
AT1G28050	AT5G39410	0.9562919999977288
AT1G28050	AT5G44010	0.8908156947765192
AT1G28050	AT5G48250	0.8234208634105911
AT1G28050	AT2G25730	0.8821451552823403
AT1G28050	AT2G28840	0.93779199665445
AT1G28050	AT1G29395	0.907605848182044
AT1G28050	AT3G26740	0.9190706798331413
AT1G28050	AT5G23660	0.9219597554763528
AT1G28050	AT5G51570	0.8990645938945313
AT1G28050	AT4G39090	0.9014983413479034
AT1G28050	AT4G19120	0.8459761662244454
AT1G28050	AT3G13170	0.8187994476157464
AT1G28050	AT2G31360	0.8908408900615271
AT1G28050	AT1G51090	0.8275485857921109
AT1G28050	AT3G18080	0.9202211317010692
AT1G28050	AT5G61800	0.8288055060371969
AT1G28050	AT3G05880	0.9265400369818177
AT1G28050	AT3G50500	0.8056342739497385
AT1G28050	AT3G10410	0.9326313556215139
AT1G28050	AT5G57110	0.9210348134760321
AT1G28050	AT5G27280	0.8964588173951384
AT1G28050	AT2G45560	0.8900942553045718
AT1G28050	AT1G49650	0.9316436704484876
AT1G28050	AT2G16660	0.8200683534083519
AT1G28050	AT3G52180	0.8835690087232733
AT1G28050	AT2G29630	0.9136212227065845
AT1G28050	AT1G67660	0.9422926902945647
AT1G28050	AT5G14920	0.8560439475635779
AT1G28050	AT3G53800	0.8931731763984322
AT1G28050	AT4G18520	0.9291214848427667
AT1G28050	AT4G18240	0.9168939292186558
AT1G28050	AT1G67970	0.8956068945821991
AT1G28050	AT2G17840	0.9477588542811278
AT1G28050	AT5G14550	0.9450442669984994
AT1G28050	AT1G51940	0.869176350723639
AT1G28050	AT5G11150	0.879993606644799
AT1G28050	AT5G02860	0.9198064991649497
AT1G28050	AT1G79440	0.9054326949487019
AT1G28050	AT4G33700	0.908508221935027
AT1G28050	AT2G06925	0.8559430884857664
AT1G28050	AT1G27630	0.9634171673341774
AT1G28050	AT1G26665	0.9029793633806871
AT1G28050	245432_at	0.8595304192307791
AT1G28050	AT3G02330	0.8549462184797113
AT1G28050	AT4G02370	0.9213020663597793
AT1G28050	AT5G62720	0.8815681414194855
AT1G28050	AT5G63810	0.8996589020698115
AT1G28050	AT1G70820	0.8615640348404392
AT1G28050	AT3G59820	0.8333220248348585
AT1G28050	AT3G50700	0.8607761665574774
AT1G28050	AT5G03240	0.871445945847478
AT1G28050	AT5G43440	0.8127001537487627
AT1G28050	AT4G17140	0.8544153452386415
AT1G28050	AT3G55450	0.8470834248166688
AT1G28050	AT1G51610	0.9335410072109295
AT1G28050	AT1G48210	0.8843416171633797
AT1G28050	AT5G18540	0.8650166314500246
AT1G28050	AT5G25210	0.8928343213717367
AT1G28050	AT1G69830	0.9079457039806264
AT1G28050	AT1G49220	0.8986432538486133
AT1G28050	AT3G57770	0.8205960959311615
AT1G28050	AT2G15970	0.8944356517786441
AT1G28050	AT1G31850	0.9193080471545397
AT1G28050	AT1G12710	0.8494005847692816
AT1G28050	AT1G68050	0.8170097513661636
AT1G28050	AT3G14310	0.9598829196134595
AT1G28050	AT2G01170	0.9560145014092711
AT1G28050	AT2G39900	0.8738341029505016
AT1G28050	AT2G02100	0.9270321315175063
AT1G28050	AT3G58570	0.9428981273424595
AT1G28050	AT3G16180	0.9153827619227141
AT1G28050	AT3G01310	0.9097694789932496
AT1G28050	AT3G26580	0.871920626857944
AT1G28050	AT1G12845	0.8966412832847152
AT1G28050	AT2G43535	0.8633928016466572
AT1G28050	AT3G56720	0.8817779889222643
AT1G28050	AT4G05330	0.8779346862111425
AT1G28050	AT1G21680	0.8683846817851228
AT1G28050	AT1G53035	0.8843462334894954
AT1G28050	AT4G11600	0.893975128647419
AT1G28050	AT1G75960	0.8972683548976483
AT1G28050	AT4G19390	0.9450183219346786
AT1G28050	AT5G10530	0.8451258872517001
AT1G28050	AT1G06460	0.9253891858906381
AT1G28050	AT3G46440	0.893579857794277
AT1G28050	AT1G13930	0.8717744467157821
AT1G28050	AT5G63420	0.9031303322850297
AT1G28050	AT2G19450	0.8974770054857403
AT1G28050	AT4G33490	0.9457532362906637
AT1G28050	AT4G14230	0.936400135455086
AT1G28050	AT5G27930	0.9354010001132108
AT1G28050	AT3G05800	0.8362790134510566
AT1G66080	AT3G09440	0.8949953812164214
AT1G66080	AT5G18340	0.8371105702572436
AT1G66080	AT3G09350	0.9352074762487624
AT1G66080	AT1G67360	0.9250904503643518
AT1G66080	AT4G36988	0.8818594349522741
AT1G66080	AT1G26800	0.8987416967877626
AT1G66080	AT1G07350	0.8410861318719598
AT1G66080	AT5G35320	0.9392358872047155
AT1G66080	AT3G08970	0.8737808407435952
AT1G66080	AT4G11660	0.9543049690111381
AT1G66080	AT1G14200	0.9248066075327335
AT1G66080	AT5G09590	0.8325137691114534
AT1G66080	AT3G07150	0.8203839399675295
AT1G66080	AT2G24100	0.8856221613024879
AT1G66080	AT5G47610	0.8669251761972052
AT1G66080	AT4G23570	0.8965734278049459
AT1G66080	AT3G07090	0.9594633734181922
AT1G66080	AT2G25140	0.8638587467138551
AT1G66080	AT5G23480	0.9305679803115319
AT1G66080	AT3G12050	0.895672320256801
AT1G66080	AT3G25230	0.8698142874130367
AT1G66080	AT1G56170	0.8691596807640677
AT1G66080	AT5G56030	0.8976420207350974
AT1G66080	AT5G62020	0.9121348917730175
AT1G66080	AT3G17611	0.9316531963365832
AT1G66080	AT5G04340	0.8333999138852025
AT1G66080	AT5G56010	0.8921199839385343
AT1G66080	AT1G55530	0.9525476690518035
AT1G66080	AT2G21940	0.847903374186307
AT1G66080	AT4G17250	0.8301004473830066
AT1G66080	AT3G15770	0.8266884443004898
AT1G66080	AT2G41160	0.9035034422663331
AT1G66080	AT5G53400	0.8645666367725181
AT1G66080	AT4G30490	0.9368722346981979
AT1G66080	AT2G29450	0.9357380572229808
AT1G66080	AT2G36460	0.863728568012558
AT1G66080	AT3G57880	0.8066581495483762
AT2G25930	AT2G21130	0.8201546793384499
AT2G25930	AT4G01130	0.9183444024141775
AT2G25930	AT2G40340	0.8509960084080707
AT2G25930	AT1G64890	0.8337971503191723
AT2G25930	AT3G63160	0.802076080133362
AT2G25930	AT2G15890	0.8126539022223549
AT2G25930	AT1G10760	0.923973201166678
AT2G25930	AT3G47860	0.981960166077727
AT2G25930	AT5G64860	0.9180346966431985
AT2G25930	AT5G40180	0.8091752687554858
AT2G25930	AT2G37580	0.8459131725417767
AT2G25930	AT4G32340	0.9003253220918979
AT2G25930	AT5G26570	0.8944661385480098
AT2G25930	AT5G59570	0.9054786101230831
AT2G25930	AT5G15960	0.8939869789430592
AT2G25930	AT5G61380	0.9211976825733023
AT2G25930	AT5G54960	0.9513347249349329
AT2G25930	AT2G20480	0.8603630929673862
AT2G25930	AT5G39410	0.9479344950553773
AT2G25930	AT5G44010	0.8726591264280354
AT2G25930	AT5G48250	0.9238780391011296
AT2G25930	AT2G25730	0.9670879368775286
AT2G25930	AT2G28840	0.9117146986240073
AT2G25930	AT1G29395	0.8075201388426124
AT2G25930	AT3G26740	0.8876952114347557
AT2G25930	AT5G23660	0.9293380971816763
AT2G25930	AT5G51570	0.9395271950987393
AT2G25930	AT3G47160	0.8023043239175016
AT2G25930	AT4G39090	0.9166161438572282
AT2G25930	AT3G18080	0.8004024250305832
AT2G25930	AT3G05880	0.9266297650895114
AT2G25930	AT3G50500	0.9049058202615153
AT2G25930	AT3G10410	0.9400400213047163
AT2G25930	AT5G57110	0.8907015716086056
AT2G25930	AT1G09190	0.8035866696825437
AT2G25930	AT5G27280	0.9055518729711288
AT2G25930	AT2G45560	0.9038091836725061
AT2G25930	AT1G49650	0.9243233019084051
AT2G25930	AT2G16660	0.8071714512338594
AT2G25930	AT3G52180	0.8571064267857118
AT2G25930	AT2G29630	0.9758261961542054
AT2G25930	AT1G67660	0.9092621581694432
AT2G25930	AT5G14920	0.8391355306058649
AT2G25930	AT3G53800	0.8107171037030505
AT2G25930	AT4G18520	0.8376520391067062
AT2G25930	AT4G18240	0.9299995308571989
AT2G25930	AT1G67970	0.8393509048774568
AT2G25930	AT2G17840	0.9242981305603044
AT2G25930	AT5G14550	0.9149496857768338
AT2G25930	AT5G35735	0.8104153564565975
AT2G25930	AT1G51940	0.8267097243194331
AT2G25930	AT5G02860	0.9257515259159201
AT2G25930	AT1G79440	0.8952246610776359
AT2G25930	AT4G33700	0.9170341067147012
AT2G25930	AT1G27630	0.940049142008873
AT2G25930	AT1G80480	0.9253393738971921
AT2G25930	AT1G26665	0.9286632778342462
AT2G25930	AT3G02330	0.8035345216625295
AT2G25930	AT4G02370	0.8960374799632254
AT2G25930	AT5G62720	0.9425366740503737
AT2G25930	AT1G70820	0.8180722363987393
AT2G25930	AT3G59820	0.8596519446399753
AT2G25930	AT3G50700	0.8348393244425958
AT2G25930	AT5G03240	0.9650584706204159
AT2G25930	AT4G17140	0.8894074885205474
AT2G25930	AT3G55450	0.8048941731274382
AT2G25930	AT1G51610	0.8127881078890925
AT2G25930	AT1G48210	0.8896993433560915
AT2G25930	AT5G18540	0.9233967146264817
AT2G25930	AT1G69830	0.8527556262447173
AT2G25930	AT2G15970	0.8062660025409218
AT2G25930	AT1G31850	0.8450322736406001
AT2G25930	AT1G12710	0.8876820776320297
AT2G25930	AT3G14310	0.9136242625037754
AT2G25930	AT2G01170	0.8318082387860307
AT2G25930	AT2G39900	0.8352841235431208
AT2G25930	AT2G02100	0.8773633951388916
AT2G25930	AT5G42500	0.8802119635828979
AT2G25930	AT4G38580	0.8251048582582127
AT2G25930	AT1G17460	0.8329505427437827
AT2G25930	AT3G58570	0.9052538766430608
AT2G25930	AT3G16180	0.8414539713929666
AT2G25930	AT3G01310	0.8523210134687603
AT2G25930	AT3G26580	0.937411648581826
AT2G25930	AT2G43535	0.8028728200751525
AT2G25930	AT4G12750	0.8392261929247086
AT2G25930	AT3G56720	0.8412165274933115
AT2G25930	AT4G05330	0.9230073789022941
AT2G25930	AT1G21680	0.9366803550206116
AT2G25930	AT4G11600	0.8819818880860426
AT2G25930	AT3G16740	0.8373310416403367
AT2G25930	AT4G19390	0.8531358070898628
AT2G25930	AT1G06460	0.8330238617278221
AT2G25930	AT3G46440	0.813994912768526
AT2G25930	AT5G63420	0.9623331762521861
AT2G25930	AT2G19450	0.873401981696155
AT2G25930	AT5G62350	0.8055621297499558
AT2G25930	AT4G33490	0.9110647131937487
AT2G25930	AT4G14230	0.8062176182590997
AT2G25930	AT5G27930	0.8238210905174485
AT2G25930	AT5G08380	0.8447134702875414
AT2G21130	AT2G40340	0.8151047291665344
AT2G21130	AT4G14270	0.8331758627214931
AT2G21130	AT5G59570	0.8706253773430698
AT2G21130	AT5G54960	0.8388209278847133
AT2G21130	AT5G48250	0.8454031651235102
AT2G21130	AT3G47160	0.8637155216944578
AT2G21130	AT4G39090	0.8158244262150884
AT2G21130	AT3G50500	0.9175036315544836
AT2G21130	AT5G27280	0.8079918615936693
AT2G21130	AT3G11020	0.8875375420901443
AT2G21130	AT3G28870	0.8034933679082978
AT2G21130	AT4G02550	0.8226262340215611
AT2G21130	AT1G80480	0.9337793250636884
AT2G21130	AT1G60340	0.8386163963690841
AT2G21130	AT1G02300	0.8054772286919114
AT2G21130	AT5G62720	0.8037711905516686
AT2G21130	AT5G03240	0.8646022474099325
AT2G21130	AT1G32090	0.9040886372884609
AT2G21130	AT3G43160	0.8758140430517949
AT2G21130	AT4G05150	0.8818150080483309
AT2G21130	AT1G12710	0.8536152917404429
AT2G21130	AT4G38580	0.9337177709483748
AT2G21130	AT1G17460	0.9322697393677403
AT2G21130	AT1G49560	0.8910381013901989
AT2G21130	AT3G26580	0.8394204216710395
AT2G21130	AT4G12750	0.8354327738692421
AT2G21130	AT1G21680	0.8717069279952275
AT2G21130	AT3G16740	0.8592846142001429
AT2G21130	AT5G62350	0.8164153484094189
AT2G21130	AT1G08500	0.8081585023883425
AT2G21130	AT5G08380	0.8592869884853741
AT3G63350	AT3G20180	0.8800401818123332
AT3G63350	AT5G18340	0.800029984168507
AT3G63350	AT5G10695	0.9295068819071344
AT3G63350	AT3G09350	0.8525685092318006
AT3G63350	AT1G67360	0.8264827906190396
AT3G63350	AT3G10020	0.8076335966176598
AT3G63350	AT4G36988	0.8829309746673002
AT3G63350	AT1G26800	0.8265331988056394
AT3G63350	AT5G47830	0.8284432715553371
AT3G63350	AT5G35320	0.8318814783643368
AT3G63350	AT3G17110	0.9312271504244102
AT3G63350	AT3G08970	0.9219974497267904
AT3G63350	AT5G09590	0.8609254859852176
AT3G63350	AT1G03070	0.9519035530144413
AT3G63350	AT3G07150	0.9007762923220484
AT3G63350	AT3G53230	0.8792831270678189
AT3G63350	AT1G07500	0.8501268671204645
AT3G63350	AT1G44414	0.8949924519060508
AT3G63350	AT5G47160	0.8094397708511859
AT3G63350	AT3G22090	0.8175188281361466
AT3G63350	AT2G25140	0.9055308064884218
AT3G63350	AT5G27660	0.872080391121185
AT3G63350	AT5G05410	0.9127477776189008
AT3G63350	AT5G23480	0.8413363679476397
AT3G63350	AT3G12050	0.8664073477606222
AT3G63350	AT3G25230	0.8306616569110102
AT3G63350	AT4G23885	0.818046136188142
AT3G63350	AT3G17611	0.8214110439975111
AT3G63350	AT3G23990	0.8420552588120416
AT3G63350	AT2G15790	0.8079651135996196
AT3G63350	AT1G55530	0.8081066458221666
AT3G63350	AT2G21940	0.9017573080283696
AT3G63350	AT5G58590	0.8463413846676566
AT3G63350	AT4G17250	0.9019567824004434
AT3G63350	AT3G03520	0.9179847722058601
AT3G63350	AT2G41160	0.9084025364531922
AT3G63350	AT5G53400	0.8986290276720716
AT3G63350	AT3G52830	0.8152910307644798
AT3G63350	AT4G26780	0.8844362878450424
AT3G63350	AT2G36460	0.8716368788613075
AT3G63350	AT5G58787	0.8837266754566654
AT3G63350	AT3G07770	0.8159048744297472
AT3G47340	AT4G35770	0.940806443096416
AT3G47340	AT4G27450	0.8005756542401472
AT3G47340	AT2G18700	0.8406002659119919
AT3G47340	AT5G45820	0.8893776927276725
AT3G47340	AT3G59060	0.8353971143228396
AT3G47340	AT4G30270	0.8173774158482956
AT3G47340	AT1G66760	0.8013100734605174
AT3G47340	AT2G30600	0.8272804570245227
AT3G47340	AT4G28085	0.826460616150731
AT3G47340	AT4G36040	0.8299472447040759
AT3G47340	AT2G43820	0.8319226857032664
AT3G47340	AT2G42870	0.847847746054512
AT3G47340	AT5G57660	0.8911794523729185
AT3G47340	AT1G71030	0.8284326212525985
AT3G47340	AT1G73830	0.8012802396075316
AT3G62950	AT4G35770	0.8105289869482099
AT3G62950	AT3G15450	0.8128484287011204
AT3G62950	AT4G16000	0.8616839744729845
AT3G62950	AT2G17880	0.8339426292198815
AT3G62950	AT4G27450	0.8083652817869706
AT3G62950	AT3G27690	0.8545368819531046
AT3G62950	AT5G25190	0.8035853006300825
AT3G62950	AT2G18700	0.9220477896860897
AT3G62950	AT5G45820	0.8193333292063296
AT3G62950	AT3G59060	0.9216268281421999
AT3G62950	AT5G59080	0.8672902363096279
AT3G62950	AT1G66760	0.8584969637090826
AT3G62950	AT2G36050	0.8040147146073189
AT3G62950	AT1G66100	0.8183700423704461
AT3G62950	AT4G28085	0.8101408278644461
AT3G62950	AT4G36040	0.8474237544593257
AT3G62950	AT4G38850	0.8144104598855654
AT3G62950	AT3G15500	0.8942643982178033
AT3G62950	AT1G29450	0.8651791793307414
AT3G62950	AT5G57660	0.8998730362861028
AT3G62950	AT1G71030	0.8300220584388218
AT3G62950	AT3G06070	0.817207577021631
ATMG01060	ATMG00630	0.8368814344851699
ATMG01060	AT2G07768	0.8515121329671537
ATMG01060	ATMG00160	0.871720398070801
ATMG01060	AT2G07749	0.8706374550255981
ATMG01060	AT1G51380	0.8130796059016953
ATMG01060	ATMG00270	0.8362063621104364
ATMG01060	ATMG00640	0.9273634747547053
ATMG01060	ATMG00650	0.906431176789909
ATMG01060	AT2G07675	0.8288899415389333
ATMG01060	ATMG00690	0.8341452494827708
ATMG01060	ATMG00060	0.8238223091263263
AT5G41780	AT5G54130	0.8598018451164958
AT5G41780	AT5G35510	0.8242301600321914
AT5G41780	AT3G24460	0.8231853109715633
AT5G41780	AT1G19640	0.867694529526959
AT5G41780	AT1G55960	0.8437073580819637
AT5G41780	AT5G14760	0.8209319831882743
AT5G41780	AT1G10370	0.8261181720971106
AT5G41780	AT4G31870	0.8337912735979592
AT5G41780	AT3G51240	0.8099627981785044
AT5G41780	AT5G23730	0.8152348636303902
AT5G41780	AT2G45800	0.8231235540627817
AT5G41780	AT5G15950	0.8246537576624426
AT5G41780	AT3G16150	0.8602084940211474
AT5G41780	AT5G66740	0.8316231596313556
AT5G41780	AT5G24120	0.8450835058347104
AT5G41780	AT3G01550	0.8443416318666149
AT5G41780	AT4G15430	0.8680194566041088
AT5G41780	AT3G01060	0.8192531436418732
AT5G41780	AT1G65870	0.8922684004328028
AT5G41780	AT3G57040	0.8182500832744801
AT5G41780	AT3G19450	0.8463523102022348
AT5G41780	AT1G17050	0.8129646310280942
AT5G41780	AT3G01430	0.8247615521419929
AT5G41780	AT1G07450	0.8124653025876739
AT3G20180	AT5G18340	0.8881139859278264
AT3G20180	AT5G12110	0.8480867320891935
AT3G20180	AT5G10695	0.9407145337373016
AT3G20180	AT2G19310	0.8882511606295115
AT3G20180	AT3G09350	0.832270692987041
AT3G20180	AT1G67360	0.8218011908309425
AT3G20180	AT3G10020	0.8233248627129163
AT3G20180	AT4G36988	0.892698862587164
AT3G20180	AT1G26800	0.8012545865878872
AT3G20180	AT2G47180	0.850578857830719
AT3G20180	AT1G07350	0.8606240461630009
AT3G20180	AT5G47830	0.949546030630329
AT3G20180	AT5G35320	0.8251861779896785
AT3G20180	AT4G29770	0.909601839575593
AT3G20180	AT3G17110	0.9435903385510019
AT3G20180	AT3G08970	0.8957249627541658
AT3G20180	AT5G09590	0.9227146326177765
AT3G20180	AT1G59980	0.8869626732625163
AT3G20180	AT1G03070	0.9590569485150781
AT3G20180	AT3G07150	0.9413215369789577
AT3G20180	AT5G07330	0.8226547773744338
AT3G20180	AT3G53230	0.9784451454963264
AT3G20180	AT4G19430	0.8075858900219771
AT3G20180	AT3G13370	0.8208567372026814
AT3G20180	AT1G07500	0.9079816851365113
AT3G20180	AT1G44414	0.9152347346909929
AT3G20180	AT5G47160	0.9214784838238806
AT3G20180	AT3G22090	0.9229121022514192
AT3G20180	AT2G25140	0.8956635639467403
AT3G20180	AT5G15250	0.8205851831734362
AT3G20180	AT5G27660	0.9215710485273294
AT3G20180	AT5G05410	0.8731078113179407
AT3G20180	AT5G23480	0.8533258074806916
AT3G20180	AT3G12050	0.9002705721859207
AT3G20180	AT3G25230	0.8921947460807441
AT3G20180	AT1G01940	0.9412235118653384
AT3G20180	257239_at	0.8592536248822354
AT3G20180	AT4G23885	0.9535260270829449
AT3G20180	AT2G30000	0.8587812329645794
AT3G20180	AT3G23990	0.9641412371845349
AT3G20180	AT2G15790	0.8795542311650892
AT3G20180	AT1G55530	0.8181838836024335
AT3G20180	AT2G21940	0.9085039292286301
AT3G20180	AT1G10050	0.8145378265196864
AT3G20180	AT5G58590	0.9558229997945613
AT3G20180	AT4G17250	0.8364181569592846
AT3G20180	AT3G03520	0.9659754753624108
AT3G20180	AT2G41160	0.9100721079433937
AT3G20180	AT5G53400	0.9224016227221518
AT3G20180	AT3G29810	0.90094870359543
AT3G20180	AT3G52830	0.9275232672592293
AT3G20180	AT4G26780	0.9688922794385642
AT3G20180	AT2G36460	0.8883251267532531
AT3G20180	AT5G58787	0.9433037543136171
AT3G20180	AT3G07770	0.9626006536912153
AT3G20180	AT3G57880	0.8579626773160003
AT3G09440	AT4G11660	0.8282106905167624
AT3G09440	AT1G14200	0.8481670584220812
AT3G09440	AT2G24100	0.9031508440060032
AT3G09440	AT5G02490	0.9496288629374208
AT3G09440	AT4G23570	0.8754157928132426
AT3G09440	AT3G07090	0.9035282733604671
AT3G09440	AT5G23480	0.8308020342027218
AT3G09440	AT2G26520	0.8226522730894151
AT3G09440	AT5G56030	0.9132887593896143
AT3G09440	AT5G04340	0.8273804216374133
AT3G09440	AT5G56010	0.9725432704667769
AT3G09440	AT1G55530	0.8260513932821825
AT3G09440	AT3G15770	0.8113165261269376
AT3G09440	AT2G47730	0.8858795652628724
AT3G09440	AT4G30490	0.9130347771631588
AT3G09440	AT2G29450	0.9309441251144351
AT5G18340	AT5G12110	0.8673410916509355
AT5G18340	AT5G10695	0.8559134567355832
AT5G18340	AT2G19310	0.9411999242228944
AT5G18340	AT3G09350	0.9029605744355603
AT5G18340	AT1G67360	0.9150338876862822
AT5G18340	AT4G36988	0.9302461525495241
AT5G18340	AT1G26800	0.8824275664273854
AT5G18340	AT1G07350	0.93716574158132
AT5G18340	AT5G47830	0.8373596083754928
AT5G18340	AT5G35320	0.9099501071490621
AT5G18340	AT3G17110	0.8597253476733193
AT5G18340	AT3G08970	0.9204566115314156
AT5G18340	AT4G11660	0.9184625091652885
AT5G18340	AT1G14200	0.8556732769259979
AT5G18340	AT5G09590	0.9630243050451357
AT5G18340	AT1G59980	0.8006311703371681
AT5G18340	AT1G03070	0.8888667323105838
AT5G18340	AT3G07150	0.9124459069896619
AT5G18340	AT3G53230	0.885380753204278
AT5G18340	AT5G47610	0.8604634700029693
AT5G18340	AT4G23570	0.8636092800028573
AT5G18340	AT3G07090	0.8424213974217891
AT5G18340	AT1G44414	0.8414895608928927
AT5G18340	AT5G47160	0.8317355998334568
AT5G18340	AT5G19875	0.8280545079135827
AT5G18340	AT3G22090	0.8744717847794479
AT5G18340	AT2G25140	0.915586405034005
AT5G18340	AT5G05410	0.854413218968859
AT5G18340	AT5G23480	0.9421099899366293
AT5G18340	AT3G12050	0.9345927163987744
AT5G18340	AT3G25230	0.9478803666002349
AT5G18340	AT1G56170	0.8889073656647134
AT5G18340	AT5G56030	0.8741089983870646
AT5G18340	AT5G62020	0.8303001831846268
AT5G18340	AT3G14620	0.8353208899707621
AT5G18340	AT4G23885	0.8716704045681312
AT5G18340	AT3G17611	0.8786284016204379
AT5G18340	AT3G23990	0.9201031706128818
AT5G18340	AT1G55530	0.9333423818303034
AT5G18340	AT2G21940	0.8908195763895892
AT5G18340	AT1G10050	0.8945801364070131
AT5G18340	AT5G58590	0.8629459564455493
AT5G18340	AT4G17250	0.8682389015425126
AT5G18340	AT3G03520	0.8890399569514554
AT5G18340	AT2G41160	0.9401114541002319
AT5G18340	AT5G53400	0.9359040512588721
AT5G18340	AT3G29810	0.8002229220330436
AT5G18340	AT3G52830	0.8910278407294686
AT5G18340	AT4G26780	0.8377293269158
AT5G18340	AT4G30490	0.8036520009737737
AT5G18340	AT2G36460	0.9219197026943319
AT5G18340	AT5G58787	0.8548872258343453
AT5G18340	AT3G07770	0.8738342837930302
AT5G18340	AT3G57880	0.8707976710181463
AT3G02140	AT5G45340	0.8261570291411741
AT5G13320	AT4G05250	0.8275408809414178
AT1G71060	AT1G56690	0.901651006156674
AT1G71060	AT3G21470	0.8359806981838382
AT1G71060	AT5G20480	0.8374870527081594
AT1G71060	AT4G19120	0.8379816851375431
AT1G71060	AT5G56310	0.8059262093791133
AT1G71060	AT1G09680	0.9122869091968276
AT1G71060	AT1G61370	0.8855430666221911
AT1G71060	AT3G25060	0.8016660425120559
AT1G71060	AT2G39710	0.9010181633582736
AT1G71060	AT3G57770	0.830833513271266
AT1G71060	AT5G50315	0.8870586380254941
AT1G71060	AT1G68050	0.8042069843924385
AT1G71060	AT1G78995	0.8573285617858515
AT1G71060	AT4G19390	0.8034911356083734
AT1G71060	AT5G15770	0.8501896553628714
AT1G71060	AT3G46440	0.8054114614995157
AT1G71060	AT4G26680	0.8040530825188315
AT1G71060	AT4G01030	0.8367906693608451
AT1G71060	AT1G75880	0.8524198480000851
AT1G71060	AT3G25020	0.8618338176257804
AT1G71060	AT5G58580	0.8714995403838053
AT1G03940	AT4G22870	0.8695369371307822
AT1G03940	AT1G29720	0.861944524273939
AT1G03940	AT3G51240	0.807001318090623
AT1G03940	AT1G62560	0.859204112164645
AT1G03940	AT4G10120	0.8415003496306241
AT1G03940	AT4G01080	0.8142169454750761
AT1G03940	AT1G06000	0.8044248351572292
AT1G03940	AT5G17220	0.891134582546449
AT1G03940	AT5G08640	0.866370428692434
AT1G03940	AT5G05270	0.8471909114618412
AT1G03940	AT5G65870	0.8439621065302952
AT1G03940	AT4G14090	0.8059254146666405
AT1G03940	AT1G67330	0.8276979696507436
AT1G03940	AT1G74300	0.8016619002827686
AT1G03940	AT4G13900	0.8201787830801803
AT1G03940	AT3G26590	0.8147780602112601
AT4G01130	AT2G40340	0.8765874421254601
AT4G01130	AT1G64890	0.9233155115216332
AT4G01130	AT2G15890	0.9042764225403739
AT4G01130	AT5G47240	0.8544702346499191
AT4G01130	AT1G10760	0.9646645182989688
AT4G01130	AT3G47860	0.9325936880161696
AT4G01130	AT4G27440	0.9055633344211604
AT4G01130	AT5G64860	0.9647485604312391
AT4G01130	AT4G32340	0.9310736572362692
AT4G01130	AT5G26570	0.8995407659790434
AT4G01130	AT5G59570	0.8970626890681007
AT4G01130	AT5G15960	0.9107400698955288
AT4G01130	AT5G61380	0.9167383256336089
AT4G01130	AT5G54960	0.8826029319424614
AT4G01130	AT2G20480	0.826175815749677
AT4G01130	AT5G39410	0.9710194295527504
AT4G01130	AT5G44010	0.9120728082151432
AT4G01130	AT5G48250	0.8583527746529908
AT4G01130	AT2G25730	0.9204408125515585
AT4G01130	AT2G28840	0.953367017699373
AT4G01130	AT1G29395	0.9094527025579193
AT4G01130	AT3G26740	0.9666318948220627
AT4G01130	AT5G23660	0.8880281558548245
AT4G01130	AT5G51570	0.9288495771671336
AT4G01130	AT3G47160	0.8436495547634504
AT4G01130	AT4G39090	0.9593337601801669
AT4G01130	AT2G31360	0.8833901485138334
AT4G01130	AT1G51090	0.8141988493177116
AT4G01130	AT3G18080	0.8799214052049142
AT4G01130	AT5G61800	0.8395568380149547
AT4G01130	AT3G05880	0.9560474902641725
AT4G01130	AT3G50500	0.903032721628971
AT4G01130	AT3G10410	0.9161295553468337
AT4G01130	AT5G57110	0.9106718196383053
AT4G01130	AT5G27280	0.9558510742966352
AT4G01130	AT2G45560	0.9177795149415996
AT4G01130	AT1G49650	0.9534066197162177
AT4G01130	AT2G16660	0.8377723325745059
AT4G01130	AT3G52180	0.8864338082096688
AT4G01130	AT2G29630	0.9394744701059563
AT4G01130	AT1G67660	0.9608396722598641
AT4G01130	AT5G14920	0.8988944523431402
AT4G01130	AT3G28870	0.8002855955977213
AT4G01130	AT3G53800	0.943893622100216
AT4G01130	AT4G18520	0.9406131709049952
AT4G01130	AT4G18240	0.8973197065152817
AT4G01130	AT1G67970	0.9010522244474353
AT4G01130	AT2G17840	0.9673256387829829
AT4G01130	AT5G14550	0.955852134750252
AT4G01130	AT5G35735	0.8177779518055025
AT4G01130	AT1G51940	0.9104693023580237
AT4G01130	AT5G11150	0.8097092621831634
AT4G01130	AT5G02860	0.969002185331328
AT4G01130	AT1G79440	0.9106551109719855
AT4G01130	AT4G33700	0.8849198975693521
AT4G01130	AT2G06925	0.8292213890290069
AT4G01130	AT1G27630	0.978217772251191
AT4G01130	AT1G80480	0.8623910113584825
AT4G01130	AT1G26665	0.8989532013999516
AT4G01130	245432_at	0.8585542949345639
AT4G01130	AT3G02330	0.8600578176545552
AT4G01130	AT4G02370	0.9568628801876211
AT4G01130	AT5G62720	0.9215400898520247
AT4G01130	AT5G63810	0.8993498455865278
AT4G01130	AT1G70820	0.9371452810972274
AT4G01130	AT3G59820	0.8694186737234966
AT4G01130	AT3G50700	0.9208447169398503
AT4G01130	AT5G03240	0.9270750068248739
AT4G01130	AT5G43440	0.9071462299192319
AT4G01130	AT4G17140	0.8398293523689788
AT4G01130	AT1G51610	0.8967962897891497
AT4G01130	AT1G48210	0.8724983884461065
AT4G01130	AT5G18540	0.9117049359957953
AT4G01130	AT5G25210	0.8509365038493915
AT4G01130	AT1G69830	0.9227063633632295
AT4G01130	AT1G49220	0.8440577602802083
AT4G01130	AT2G15970	0.8968474270781869
AT4G01130	AT1G31850	0.8639304914346849
AT4G01130	AT1G12710	0.8880145267677256
AT4G01130	AT3G14310	0.9558975224078122
AT4G01130	AT2G01170	0.9413958071774189
AT4G01130	AT2G39900	0.9267273705239023
AT4G01130	AT2G02100	0.9078796609567238
AT4G01130	AT5G42500	0.8371246812285661
AT4G01130	AT4G38580	0.8062894964973017
AT4G01130	AT3G58570	0.9507533313659001
AT4G01130	AT3G16180	0.887188150888757
AT4G01130	AT3G01310	0.9491326928452588
AT4G01130	AT3G26580	0.9548872008025353
AT4G01130	AT1G12845	0.9055993227071247
AT4G01130	AT2G43535	0.8390373252733796
AT4G01130	AT4G12750	0.8436968402400712
AT4G01130	AT3G56720	0.9487498390835681
AT4G01130	AT1G70420	0.8218609418342585
AT4G01130	AT4G05330	0.9229023645542335
AT4G01130	AT1G21680	0.9193283830194168
AT4G01130	AT1G53035	0.8526627111142387
AT4G01130	AT4G11600	0.8772957947066357
AT4G01130	AT1G75960	0.8491626555944969
AT4G01130	AT3G16740	0.876088581170754
AT4G01130	AT4G19390	0.9046375188759331
AT4G01130	AT5G10530	0.9004056617346914
AT4G01130	AT1G06460	0.926540713366942
AT4G01130	AT1G33970	0.8706744720593295
AT4G01130	AT3G46440	0.8483640519202966
AT4G01130	AT3G51660	0.8442688298741094
AT4G01130	AT1G13930	0.8748127724856253
AT4G01130	AT5G63420	0.9338683603572457
AT4G01130	AT2G19450	0.9319591671424562
AT4G01130	AT5G62350	0.8939779466470691
AT4G01130	AT4G33490	0.9514495013619083
AT4G01130	AT4G14230	0.9193111999358232
AT4G01130	AT5G27930	0.9070790690441449
AT4G01130	AT3G05800	0.8152128848048039
AT4G32870	AT5G54130	0.87792608972198
AT4G32870	AT4G22870	0.8310816173866956
AT4G32870	AT5G58120	0.864643581203926
AT4G32870	AT3G24460	0.82355493304966
AT4G32870	AT1G29720	0.8265582320488152
AT4G32870	AT1G19640	0.8390684249320001
AT4G32870	AT5G49480	0.82324952986806
AT4G32870	AT5G14760	0.8539849393167807
AT4G32870	AT3G17609	0.9061927278646225
AT4G32870	AT3G51240	0.8651593752335764
AT4G32870	AT4G26950	0.8284917545681457
AT4G32870	AT5G23730	0.8463629216109705
AT4G32870	AT5G54720	0.8710292533222431
AT4G32870	AT2G45800	0.8512988166049887
AT4G32870	AT4G10120	0.826489200981526
AT4G32870	AT5G15950	0.8234788030100868
AT4G32870	AT4G01080	0.8237284951300726
AT4G32870	AT5G42760	0.8093878718341927
AT4G32870	AT3G15310	0.8255186733897605
AT4G32870	AT3G56290	0.81968834509072
AT4G32870	AT5G05270	0.8750819373770836
AT4G32870	AT1G67330	0.8068605917711145
AT4G32870	AT2G47800	0.8162719855284886
AT4G32870	AT1G65870	0.9275041260913796
AT4G32870	AT1G75040	0.8218639694327723
AT4G32870	AT3G14770	0.8899403636472235
AT4G32870	AT5G19240	0.9003605462926721
AT4G32870	AT1G78290	0.8277051568618725
AT4G32870	AT3G19450	0.9368524020446469
AT4G32870	AT3G24170	0.881950994584509
AT4G32870	AT1G17050	0.931106837612325
AT4G32870	AT2G37040	0.9141113648842207
AT4G32870	AT3G26590	0.8303954628875003
AT4G32870	AT5G45960	0.8053008175826516
AT2G47270	AT1G68840	0.8259554125024331
AT2G47270	AT5G20230	0.8023600524965923
AT2G47270	AT1G13260	0.8092489391071187
AT2G47270	AT5G39580	0.8056524733391665
AT2G40340	AT2G15890	0.814333884950264
AT2G40340	AT1G10760	0.8366226176088489
AT2G40340	AT3G47860	0.8530793556382369
AT2G40340	AT5G64860	0.8526365374779614
AT2G40340	AT4G32340	0.835247810837321
AT2G40340	AT5G26570	0.8036790413997106
AT2G40340	AT5G59570	0.8792285077747761
AT2G40340	AT5G15960	0.836919623391762
AT2G40340	AT5G61380	0.8442065717008215
AT2G40340	AT5G54960	0.8624003130818529
AT2G40340	AT5G39410	0.8951262088313999
AT2G40340	AT5G48250	0.8766366133382854
AT2G40340	AT2G25730	0.863797063527643
AT2G40340	AT2G28840	0.8486711000382322
AT2G40340	AT1G29395	0.8165415164418569
AT2G40340	AT3G26740	0.8279462886540478
AT2G40340	AT5G51570	0.8829350760910721
AT2G40340	AT4G39090	0.8559233178715399
AT2G40340	AT3G05880	0.9025091340474083
AT2G40340	AT3G50500	0.8863446276936873
AT2G40340	AT3G10410	0.8285212707480454
AT2G40340	AT5G57110	0.8610847207020009
AT2G40340	AT1G09190	0.8452218718298476
AT2G40340	AT5G27280	0.8797991601421403
AT2G40340	AT1G49650	0.8376573123919135
AT2G40340	AT2G29630	0.8660884634428166
AT2G40340	AT1G67660	0.8455704954132256
AT2G40340	AT5G14920	0.8585514323638926
AT2G40340	AT4G18520	0.8220024371703396
AT2G40340	AT1G67970	0.8199912845595991
AT2G40340	AT2G17840	0.8895388397074898
AT2G40340	AT5G14550	0.8852458405835527
AT2G40340	AT5G02860	0.8893331738064465
AT2G40340	AT1G79440	0.8735911589305116
AT2G40340	AT1G27630	0.8676257358629018
AT2G40340	AT1G80480	0.8499290649066242
AT2G40340	AT1G26665	0.8081021485609948
AT2G40340	AT4G02370	0.8725305681303337
AT2G40340	AT5G62720	0.8313894971196232
AT2G40340	AT5G63810	0.8316709083859426
AT2G40340	AT1G70820	0.8143417326787682
AT2G40340	AT5G03240	0.8798777570285429
AT2G40340	AT5G43440	0.8127333425064119
AT2G40340	AT4G17140	0.8229923984933282
AT2G40340	AT1G48210	0.8000032206363241
AT2G40340	AT5G18540	0.8468197782475608
AT2G40340	AT1G69830	0.8283951971055911
AT2G40340	AT4G05150	0.8205080567321041
AT2G40340	AT1G12710	0.8510059195195776
AT2G40340	AT3G14310	0.8599472741095014
AT2G40340	AT2G01170	0.8197186338000461
AT2G40340	AT2G39900	0.8449840343533486
AT2G40340	AT2G02100	0.840662123217096
AT2G40340	AT4G38580	0.8003851087197095
AT2G40340	AT3G58570	0.8376940012438365
AT2G40340	AT3G16180	0.8205132503682273
AT2G40340	AT3G01310	0.863713736376186
AT2G40340	AT3G26580	0.869270793319066
AT2G40340	AT1G12845	0.8110133986919514
AT2G40340	AT3G56720	0.8140952905327411
AT2G40340	AT4G05330	0.8874180066670861
AT2G40340	AT1G21680	0.8559860762910623
AT2G40340	AT1G53035	0.8280455372213363
AT2G40340	AT4G11600	0.8128333501500626
AT2G40340	AT3G16740	0.8681350748432201
AT2G40340	AT4G19390	0.8015525582002998
AT2G40340	AT1G06460	0.8396312160089515
AT2G40340	AT1G33970	0.8107451945345722
AT2G40340	AT5G63420	0.8858657722795553
AT2G40340	AT2G19450	0.8451504695334493
AT2G40340	AT4G33490	0.8797212095222984
AT2G40340	AT4G14230	0.8009830201712653
AT2G40340	AT1G08500	0.8163385211724562
AT2G40340	AT3G05800	0.806921153564533
AT5G12110	AT2G19310	0.9163451389732574
AT5G12110	AT3G09350	0.8254371613375207
AT5G12110	AT1G67360	0.8282401160453893
AT5G12110	AT4G36988	0.8628057084858093
AT5G12110	AT2G47180	0.8582719621392995
AT5G12110	AT1G07350	0.9390721507350214
AT5G12110	AT5G47830	0.8865124436467473
AT5G12110	AT5G35320	0.8340068824457406
AT5G12110	AT4G29770	0.9133422825086801
AT5G12110	AT3G08970	0.8245204938069736
AT5G12110	AT4G11660	0.8005893127435996
AT5G12110	AT5G09590	0.8940884742258157
AT5G12110	AT1G59980	0.8449515520221424
AT5G12110	AT3G07150	0.8361627925076776
AT5G12110	AT3G53230	0.8524880192353503
AT5G12110	AT5G47610	0.8666973213428998
AT5G12110	AT1G07500	0.8434814231809521
AT5G12110	AT5G47160	0.8165397725253063
AT5G12110	AT5G19875	0.8577492854298419
AT5G12110	AT3G22090	0.8534162861864971
AT5G12110	AT2G25140	0.877218637809636
AT5G12110	AT3G12050	0.8405268203934261
AT5G12110	AT3G25230	0.894517806762267
AT5G12110	AT1G56170	0.867973130685843
AT5G12110	AT1G01940	0.8274830117932065
AT5G12110	AT4G23885	0.8846604867692243
AT5G12110	AT3G17611	0.802198803996947
AT5G12110	AT3G23990	0.9287769911161811
AT5G12110	AT1G55530	0.8192602929226612
AT5G12110	AT2G21940	0.825967194089216
AT5G12110	AT5G58590	0.8542912548572682
AT5G12110	AT3G03520	0.8116238139630857
AT5G12110	AT2G41160	0.8350560328780662
AT5G12110	AT5G53400	0.85256642043816
AT5G12110	AT3G52830	0.841895855416783
AT5G12110	AT4G26780	0.8250155819549776
AT5G12110	AT5G58787	0.8134421836803051
AT5G12110	AT3G07770	0.9153296280982228
AT5G12110	AT3G57880	0.8947815779738362
AT3G01290	AT4G30280	0.8389963270286733
AT3G01290	AT3G45730	0.8020255013939213
AT3G01290	AT2G19800	0.8748797988484721
AT3G01290	AT1G19380	0.8876129682410555
AT3G01290	AT3G30775	0.8155299943179153
AT3G01290	AT4G02380	0.8299500039141692
AT1G21110	AT5G43580	0.8459916046883723
AT1G21110	AT4G26260	0.8104086486566644
AT1G21110	AT2G43620	0.8127352974628137
AT1G15100	AT3G53650	0.8395105782166121
AT1G15100	AT5G05270	0.8590449575585035
AT1G15100	AT1G62540	0.8587837038745516
AT1G15100	AT3G26590	0.8053802010780897
AT1G15100	AT2G32990	0.8573963763170174
AT1G15100	AT5G59870	0.8263978541758198
AT4G30280	AT1G51800	0.8892321107227069
AT4G30280	AT4G39670	0.8291784802117964
AT4G30280	AT4G30270	0.8110893320256495
AT4G30280	AT4G02380	0.8326955302787206
AT4G30280	AT1G51820	0.8012728870828861
AT4G30280	AT2G23130	0.8401179921614919
AT4G30280	AT2G32190	0.811511914790573
AT1G29490	AT4G32280	0.8021794820465509
AT3G20810	AT3G63160	0.8176975854974674
AT3G20810	AT5G26570	0.8264799822398416
AT3G20810	AT5G61380	0.854200578433989
AT3G20810	AT5G23660	0.8703169133181189
AT3G20810	AT3G10410	0.8534526453317337
AT3G20810	AT5G57110	0.8342810530137217
AT3G20810	AT4G18240	0.8070029717678221
AT3G20810	AT1G26665	0.8491474883452247
AT3G20810	AT2G43550	0.8299654143837001
AT3G20810	AT4G17140	0.8754738603641707
AT3G20810	AT3G55450	0.8495087262098384
AT3G20810	AT1G48210	0.8606069016572314
AT3G20810	AT1G31850	0.8077179870908058
AT3G20810	AT1G68050	0.8368700208263551
AT3G20810	AT4G19130	0.815956756818634
AT3G20810	AT5G63420	0.8113590360069484
AT3G20810	AT1G69870	0.8364898623896216
AT5G10695	AT2G19310	0.8412827945598755
AT5G10695	AT3G09350	0.8580916472114927
AT5G10695	AT1G67360	0.8303225293324498
AT5G10695	AT3G10020	0.9352762893611896
AT5G10695	AT4G36988	0.8894633346654278
AT5G10695	AT1G26800	0.8584221851480587
AT5G10695	AT5G47830	0.915753275005487
AT5G10695	AT5G35320	0.841934286166099
AT5G10695	AT4G29770	0.8148720024659837
AT5G10695	AT3G17110	0.9344369718965344
AT5G10695	AT3G08970	0.9219229196314261
AT5G10695	AT5G09590	0.8941083078784016
AT5G10695	AT1G59980	0.8191323253698655
AT5G10695	AT1G03070	0.965462205400833
AT5G10695	AT3G07150	0.9370158358963157
AT5G10695	AT5G07330	0.8061742669635839
AT5G10695	AT3G53230	0.9438785324128952
AT5G10695	AT1G07500	0.8554591390410737
AT5G10695	AT1G44414	0.9193067401666882
AT5G10695	AT4G12410	0.8211885122722393
AT5G10695	AT5G47160	0.847549213541654
AT5G10695	AT3G22090	0.895068235231743
AT5G10695	AT2G25140	0.9041185006489556
AT5G10695	AT5G27660	0.9006418316159633
AT5G10695	AT5G05410	0.9271958521291552
AT5G10695	AT2G36030	0.810670841432949
AT5G10695	AT5G23480	0.8577893382996971
AT5G10695	AT3G12050	0.8972488459951058
AT5G10695	AT3G25230	0.8570497669579783
AT5G10695	AT1G01940	0.8710370082142361
AT5G10695	AT4G23885	0.8734030580691546
AT5G10695	AT2G30000	0.8272873972350273
AT5G10695	AT3G23990	0.8826876774568977
AT5G10695	AT2G15790	0.9244634386138572
AT5G10695	AT1G55530	0.8205086140700775
AT5G10695	AT2G21940	0.9082912344527581
AT5G10695	AT5G58590	0.9054529312621576
AT5G10695	AT4G17250	0.9319105304492117
AT5G10695	AT3G03520	0.9502589864059491
AT5G10695	AT2G41160	0.9245432895900135
AT5G10695	AT5G53400	0.9203587491655167
AT5G10695	AT3G29810	0.8482045699382194
AT5G10695	AT3G52830	0.902354638956135
AT5G10695	AT4G26780	0.9215379699087937
AT5G10695	AT2G36460	0.9196389704489151
AT5G10695	AT5G58787	0.9446245508477982
AT5G10695	AT3G07770	0.8579721543401756
AT3G28270	AT5G58770	0.8535129926668316
AT3G28270	AT1G64780	0.8339770540819135
AT3G28270	AT5G42760	0.8000806714443487
AT3G28270	AT1G60590	0.8444102309457949
AT1G50040	AT1G21910	0.8601595086329707
AT1G50040	AT5G22920	0.8107770338773052
AT1G50040	AT4G25810	0.8399843610722673
AT1G50040	AT5G19120	0.8045607857328132
AT1G50040	AT2G30600	0.8259315558961812
AT1G50040	AT4G08950	0.8697648838577664
AT1G50040	AT5G49450	0.85966309775898
AT1G50040	AT3G19680	0.8785944542949433
AT1G50040	AT5G67300	0.8436322050850902
AT1G50040	AT2G16620	0.8342283620980331
AT1G50040	AT5G05440	0.8503426088582547
AT1G50040	AT1G73830	0.8244112685650598
AT1G50040	AT2G44500	0.8844208666919345
AT2G19310	AT3G09350	0.866133848240734
AT2G19310	AT1G67360	0.9054186970772109
AT2G19310	AT4G36988	0.8811182107731729
AT2G19310	AT1G07350	0.9350689593906747
AT2G19310	AT5G47830	0.8908076803383735
AT2G19310	AT5G35320	0.9001900074686137
AT2G19310	AT4G29770	0.857548381612581
AT2G19310	AT3G17110	0.8089589716851573
AT2G19310	AT3G08970	0.8780900474869524
AT2G19310	AT4G11660	0.8618918990455027
AT2G19310	AT5G09590	0.9446828279133773
AT2G19310	AT1G59980	0.8664149187341701
AT2G19310	AT1G03070	0.8631718563754597
AT2G19310	AT3G07150	0.9294886879546402
AT2G19310	AT5G07330	0.8473203136280537
AT2G19310	AT3G53230	0.8939496334127857
AT2G19310	AT5G47610	0.8234866563581159
AT2G19310	AT1G44414	0.8580051411151801
AT2G19310	AT5G47160	0.812553705863047
AT2G19310	AT5G19875	0.8301229928448635
AT2G19310	AT3G22090	0.8590081364115083
AT2G19310	AT2G25140	0.8913902988190618
AT2G19310	AT5G27660	0.8255828678182505
AT2G19310	AT5G05410	0.8500645483854344
AT2G19310	AT5G23480	0.8639880998978339
AT2G19310	AT3G12050	0.8723043642269456
AT2G19310	AT1G02700	0.8849826089116539
AT2G19310	AT3G25230	0.8985924557911331
AT2G19310	AT1G56170	0.847010636762787
AT2G19310	AT1G01940	0.8691905986838511
AT2G19310	AT4G23885	0.878534281200113
AT2G19310	AT3G17611	0.8836234853974336
AT2G19310	AT3G23990	0.9259145273412765
AT2G19310	AT1G55530	0.87150760609559
AT2G19310	AT2G21940	0.9130804678741384
AT2G19310	AT1G10050	0.8110864408898146
AT2G19310	AT5G58590	0.8281582336502146
AT2G19310	AT4G17250	0.8261128264786045
AT2G19310	AT3G03520	0.9062396756802931
AT2G19310	AT2G41160	0.8921285076880835
AT2G19310	AT5G53400	0.8861241987836442
AT2G19310	AT3G52830	0.8572426684692637
AT2G19310	AT4G26780	0.8939685694734071
AT2G19310	AT2G36460	0.9139093037145426
AT2G19310	AT5G58787	0.8967376862945692
AT2G19310	AT3G07770	0.9002020126459745
AT2G19310	AT3G57880	0.8069561491644456
AT2G36080	AT1G32920	0.8220631293278471
AT5G54130	AT4G22870	0.8280480255745071
AT5G54130	AT5G58120	0.8151109183941185
AT5G54130	AT3G24460	0.8344102276266575
AT5G54130	AT1G29720	0.8522931768892991
AT5G54130	AT1G19640	0.8931225237689498
AT5G54130	AT1G55960	0.806261314003999
AT5G54130	AT5G14760	0.8618218617797371
AT5G54130	AT1G10370	0.848559693359812
AT5G54130	AT4G31870	0.8215009410336465
AT5G54130	AT3G17609	0.8887323023390953
AT5G54130	AT3G51240	0.9273351489006091
AT5G54130	AT5G23730	0.8466491889801068
AT5G54130	AT2G45800	0.833821204111041
AT5G54130	AT5G15950	0.8677811277980944
AT5G54130	AT4G01080	0.8717806994996149
AT5G54130	AT5G42760	0.8578436253140372
AT5G54130	AT3G15310	0.8687073946693173
AT5G54130	AT3G16150	0.8019343488584683
AT5G54130	AT5G66740	0.8232441826408803
AT5G54130	AT1G72950	0.8041139949714301
AT5G54130	AT5G24120	0.8516573790538627
AT5G54130	AT5G08640	0.8615016339941594
AT5G54130	AT1G32740	0.8615682285999178
AT5G54130	AT3G01550	0.888070929707546
AT5G54130	AT4G15430	0.8516073861244617
AT5G54130	AT3G56290	0.832353203558198
AT5G54130	AT5G13930	0.8475453385829717
AT5G54130	AT5G05270	0.844117791634341
AT5G54130	AT3G01060	0.875423116842475
AT5G54130	AT1G67330	0.8557336194039812
AT5G54130	AT3G51920	0.8202746702206821
AT5G54130	AT1G65870	0.9231986980746706
AT5G54130	AT1G78290	0.8283152285493613
AT5G54130	AT3G19450	0.9263684926472967
AT5G54130	AT4G13900	0.8133277692545915
AT5G54130	AT3G24170	0.8411898509548255
AT5G54130	AT1G17050	0.9232376228747864
AT5G54130	AT2G37040	0.8919201680503408
AT5G54130	AT1G07450	0.856951393129175
AT5G54130	AT5G15600	0.8161388982705491
AT4G15660	AT4G15690	0.8737188039485193
AT4G15660	AT4G15700	0.8413889411340552
AT4G15660	AT2G29450	0.8328518528776081
AT4G22870	AT5G58120	0.8016292961214345
AT4G22870	AT1G29720	0.9335041456570348
AT4G22870	AT5G49480	0.8008460784967484
AT4G22870	AT3G53650	0.8896618563063694
AT4G22870	AT4G01390	0.898960591277571
AT4G22870	AT1G62560	0.9315395503381004
AT4G22870	AT4G10120	0.8974352455885621
AT4G22870	AT5G17220	0.965682119978948
AT4G22870	AT3G01550	0.8106840865304369
AT4G22870	AT1G19940	0.8730460059954942
AT4G22870	AT5G05270	0.9353562469796249
AT4G22870	AT5G65870	0.8552683450437842
AT4G22870	AT4G14090	0.8426804257769156
AT4G22870	AT1G67330	0.9168399868743502
AT4G22870	AT1G74300	0.9096843792005459
AT4G22870	AT2G40230	0.8574170863133388
AT4G22870	AT1G65870	0.8580714548548238
AT4G22870	AT1G75040	0.8646214362968278
AT4G22870	AT3G27660	0.8093013686578912
AT4G22870	AT3G19450	0.8732969958470902
AT4G22870	AT5G10400	0.8612880786081122
AT4G22870	AT5G44415	0.8147249760739759
AT4G22870	AT1G17050	0.8230464456898674
AT4G22870	AT1G62540	0.8582894887062419
AT4G22870	AT2G37040	0.9108308398458239
AT4G22870	AT3G26590	0.8509737410647208
AT4G22870	AT1G72910	0.8195283662323851
AT4G22870	AT2G32990	0.8468940315933149
AT4G22870	AT3G46320	0.8439994361548016
AT4G22870	AT5G59870	0.902817981210751
AT4G22870	AT5G10390	0.8119650919904834
AT4G22870	AT5G45960	0.9015911757247462
AT3G09350	AT1G67360	0.9474536349395198
AT3G09350	AT4G36988	0.964099637531643
AT3G09350	AT1G26800	0.9268839090524058
AT3G09350	AT2G47180	0.8148909311207964
AT3G09350	AT1G07350	0.9328728327842943
AT3G09350	AT5G47830	0.8335235846572693
AT3G09350	AT5G35320	0.9744185561167386
AT3G09350	AT3G17110	0.889883898386576
AT3G09350	AT3G08970	0.9621437320573599
AT3G09350	AT4G11660	0.9495545213086272
AT3G09350	AT1G14200	0.9392107893501943
AT3G09350	AT5G09590	0.9494693931189989
AT3G09350	AT1G03070	0.8748906358910375
AT3G09350	AT3G07150	0.9158716640373533
AT3G09350	AT1G18330	0.8083726655548101
AT3G09350	AT2G24100	0.8503637890406501
AT3G09350	AT3G53230	0.8635056179693456
AT3G09350	AT5G47610	0.9102490171264538
AT3G09350	AT4G23570	0.9391773241146252
AT3G09350	AT3G07090	0.9331052115681521
AT3G09350	AT1G44414	0.8320153723211293
AT3G09350	AT3G22090	0.8444563814219318
AT3G09350	AT2G25140	0.9610704822347275
AT3G09350	AT5G05410	0.8644322234382139
AT3G09350	AT5G23480	0.9511888636005197
AT3G09350	AT3G12050	0.9748137744088694
AT3G09350	AT3G25230	0.9653778182482684
AT3G09350	AT1G56170	0.884677767948212
AT3G09350	AT5G56030	0.9280939154346225
AT3G09350	AT5G62020	0.8939199729410726
AT3G09350	AT3G17611	0.953487963926834
AT3G09350	AT3G23990	0.8872857886595436
AT3G09350	AT5G04340	0.8103754457540607
AT3G09350	AT5G56010	0.8258645786396938
AT3G09350	AT1G55530	0.9648897163439355
AT3G09350	AT2G21940	0.9432950159815132
AT3G09350	AT1G10050	0.8169787604031378
AT3G09350	AT5G58590	0.8659626319861373
AT3G09350	AT4G17250	0.8779262649739742
AT3G09350	AT3G03520	0.8619264185834328
AT3G09350	AT3G15770	0.8286667125596684
AT3G09350	AT2G41160	0.9724355727048789
AT3G09350	AT5G53400	0.9608002604779203
AT3G09350	AT3G29810	0.8029529140064104
AT3G09350	AT2G47730	0.8472047338664486
AT3G09350	AT4G30490	0.9035157453762246
AT3G09350	AT2G29450	0.8374739954175751
AT3G09350	AT2G36460	0.9354387951336903
AT3G09350	AT5G58787	0.803867027344054
AT3G09350	AT3G07770	0.8109399522198684
AT3G09350	AT3G57880	0.9053100336957333
AT3G24982	AT1G64890	0.8019625066996641
AT3G24982	AT3G21470	0.8310467388201817
AT3G24982	AT3G57770	0.8806427142950612
AT3G24982	AT1G78995	0.8755071598946488
AT1G64890	AT3G63160	0.8406152759009761
AT1G64890	AT2G15890	0.8253798990999283
AT1G64890	AT5G47240	0.8675009044380255
AT1G64890	AT1G10760	0.955228655159979
AT1G64890	AT3G47860	0.8743525426955591
AT1G64890	AT5G64860	0.9032929624648524
AT1G64890	AT4G32340	0.9518167026725228
AT1G64890	AT5G26570	0.9334746051291536
AT1G64890	AT5G15960	0.9007561902855143
AT1G64890	AT5G61380	0.8869383864741064
AT1G64890	AT5G39410	0.9257150270072604
AT1G64890	AT5G44010	0.9109121854617975
AT1G64890	AT2G25730	0.8636223913918833
AT1G64890	AT2G28840	0.9352059879870249
AT1G64890	AT2G40130	0.8011970832325065
AT1G64890	AT1G29395	0.899285713026427
AT1G64890	AT3G21470	0.8253043563613746
AT1G64890	AT3G26740	0.9301396177052362
AT1G64890	AT5G23660	0.8738331840884322
AT1G64890	AT5G51570	0.8800942516853973
AT1G64890	AT4G39090	0.860872709002343
AT1G64890	AT4G19120	0.8715110831486276
AT1G64890	AT2G31360	0.851037635172323
AT1G64890	AT1G51090	0.8054741740364725
AT1G64890	AT3G18080	0.9127542120855892
AT1G64890	AT5G61800	0.9134011501998902
AT1G64890	AT3G05880	0.9240165428644366
AT1G64890	AT5G56310	0.813752289147273
AT1G64890	AT3G10410	0.9142526765190753
AT1G64890	AT5G57110	0.8981535159197224
AT1G64890	AT5G27280	0.8566068132856047
AT1G64890	AT2G45560	0.9127908215691439
AT1G64890	AT1G49650	0.846171582474426
AT1G64890	AT3G52180	0.9110753887276596
AT1G64890	AT2G29630	0.8802237615014835
AT1G64890	AT1G67660	0.9359254555241153
AT1G64890	AT3G53800	0.8534685948481224
AT1G64890	AT4G18520	0.9211146776427306
AT1G64890	AT4G18240	0.9154066414320863
AT1G64890	AT1G67970	0.9116740135184814
AT1G64890	AT2G17840	0.9164147696102506
AT1G64890	AT5G14550	0.9072445537057905
AT1G64890	AT1G51940	0.8321931701794707
AT1G64890	AT5G11150	0.8841356481676139
AT1G64890	AT5G02860	0.8951312022748446
AT1G64890	AT1G79440	0.8888843915617781
AT1G64890	AT4G33700	0.8992729538483977
AT1G64890	AT2G06925	0.8071438400607991
AT1G64890	AT1G27630	0.9253596435943912
AT1G64890	AT1G26665	0.8340498910924528
AT1G64890	245432_at	0.9380693203990427
AT1G64890	AT3G02330	0.8665501942044591
AT1G64890	AT2G43550	0.8413813482076893
AT1G64890	AT4G02370	0.8633900695211192
AT1G64890	AT5G62720	0.8144163132145921
AT1G64890	AT5G09630	0.8598390988823771
AT1G64890	AT5G63810	0.8936686662243807
AT1G64890	AT1G70820	0.8909745428418968
AT1G64890	AT3G50700	0.8182801613494806
AT1G64890	AT5G03240	0.8011973563554811
AT1G64890	AT5G43440	0.8174690410414692
AT1G64890	AT4G17140	0.8139463422200822
AT1G64890	AT3G55450	0.8769484967253077
AT1G64890	AT1G51610	0.9400302872918967
AT1G64890	AT1G48210	0.8599851599601184
AT1G64890	AT5G57630	0.8517284952373327
AT1G64890	AT5G18540	0.8646704613153282
AT1G64890	AT5G25210	0.8860344518402242
AT1G64890	AT1G69830	0.9166521697890421
AT1G64890	AT1G49220	0.8837719221856299
AT1G64890	AT3G57770	0.9010897465349063
AT1G64890	AT2G15970	0.9154514423522621
AT1G64890	AT1G31850	0.9286498342105637
AT1G64890	AT1G68050	0.8304282073406016
AT1G64890	AT3G14310	0.9083549829601331
AT1G64890	AT2G01170	0.9516101088489285
AT1G64890	AT2G39900	0.8710323462685275
AT1G64890	AT2G02100	0.8781811508730792
AT1G64890	AT3G58570	0.9272984222436526
AT1G64890	AT3G16180	0.9337621565602077
AT1G64890	AT3G01310	0.9126485213775245
AT1G64890	AT1G78995	0.8616092752892395
AT1G64890	AT3G26580	0.8493596011303192
AT1G64890	AT1G12845	0.8851522703010035
AT1G64890	AT2G43535	0.9418954527832751
AT1G64890	AT3G56720	0.8442780850122874
AT1G64890	AT1G70420	0.8600157769806686
AT1G64890	AT4G05330	0.8676734538533055
AT1G64890	AT1G53035	0.8835383402173451
AT1G64890	AT4G11600	0.8852919703314875
AT1G64890	AT1G75960	0.9112452977922542
AT1G64890	AT4G19390	0.9521183668083484
AT1G64890	AT5G10530	0.8202558173547634
AT1G64890	AT1G06460	0.9232005245592487
AT1G64890	AT3G46440	0.9016842261914493
AT1G64890	AT1G13930	0.925219497861994
AT1G64890	AT5G63420	0.8826454071646126
AT1G64890	AT2G19450	0.9097831753999446
AT1G64890	AT4G33490	0.9127235342710939
AT1G64890	AT4G14230	0.9197902367517442
AT1G64890	AT1G75880	0.8378934662503744
AT1G64890	AT5G27930	0.9595696130816542
AT1G64890	AT3G05800	0.8349101923558253
AT3G45730	AT3G30775	0.8691602273117478
AT5G58120	AT3G24460	0.8588487381580995
AT5G58120	AT1G19640	0.8500065403616828
AT5G58120	AT5G14760	0.8705124176772382
AT5G58120	AT3G17609	0.90967806447216
AT5G58120	AT3G51240	0.888882237844486
AT5G58120	AT5G23730	0.8140927330721087
AT5G58120	AT1G64780	0.8345511566445022
AT5G58120	AT2G45800	0.8240489126155865
AT5G58120	AT4G10120	0.8185003724586324
AT5G58120	AT5G42760	0.840979066303776
AT5G58120	AT1G64500	0.8192916475895715
AT5G58120	AT3G15310	0.8117716999860379
AT5G58120	AT5G18670	0.8580964079575606
AT5G58120	AT1G68440	0.818264662650192
AT5G58120	AT3G56290	0.8920095561058925
AT5G58120	AT5G13930	0.8503902699265533
AT5G58120	AT5G05270	0.8006331655719208
AT5G58120	AT2G47800	0.8124830554646059
AT5G58120	AT1G65870	0.8271545294373059
AT5G58120	AT3G14770	0.8612902101565355
AT5G58120	AT5G19240	0.8701835067546392
AT5G58120	AT1G78290	0.9363735725864596
AT5G58120	AT3G19450	0.9060424894332609
AT5G58120	AT4G13900	0.8635631352100452
AT5G58120	AT2G32540	0.8483718163241919
AT5G58120	AT3G19030	0.8215106652330828
AT5G58120	AT3G24170	0.8884671720494669
AT5G58120	AT1G17050	0.9115432815872442
AT5G58120	AT1G62540	0.8232533317218349
AT5G58120	AT5G15600	0.8131794583384986
AT5G45830	AT2G30600	0.8021511370347353
AT5G45830	AT2G42870	0.8060242944837234
AT5G45830	AT1G22570	0.8253961986921103
AT4G03710	AT4G23150	0.8217342484934504
AT5G17300	AT1G07180	0.8319929530468109
AT5G17300	AT3G24460	0.8561071179685771
AT5G17300	AT2G41250	0.9021695045559015
AT5G17300	AT1G55960	0.8251545044141322
AT5G17300	AT5G14760	0.8248654171110888
AT5G17300	AT1G10370	0.8618229840076712
AT5G17300	AT5G15850	0.8920230327490384
AT5G17300	AT4G31870	0.841819482874647
AT5G17300	AT3G47420	0.8280960433865945
AT5G17300	AT3G17609	0.8435596865549966
AT5G17300	AT3G22840	0.8478706009247228
AT5G17300	AT5G23730	0.868760198849783
AT5G17300	AT1G64780	0.8975135498911495
AT5G17300	AT2G24100	0.806632074573758
AT5G17300	AT5G22390	0.8988334014825371
AT5G17300	AT2G31380	0.8760974675144741
AT5G17300	AT3G27170	0.8279431923964297
AT5G17300	AT4G08300	0.8813144106383087
AT5G17300	AT2G21320	0.9298182904687169
AT5G17300	AT1G64500	0.9202996371183078
AT5G17300	AT1G65490	0.8791113817697488
AT5G17300	AT4G02850	0.8193619015650984
AT5G17300	AT5G48540	0.827213192561145
AT5G17300	AT5G24120	0.8371745270020706
AT5G17300	AT5G18670	0.9005360238819176
AT5G17300	AT2G46735	0.9203049742801347
AT5G17300	AT1G68440	0.8783488789794873
AT5G17300	AT4G15430	0.8710110941390213
AT5G17300	AT3G56290	0.8988305056655457
AT5G17300	AT2G24540	0.9086501030386457
AT5G17300	AT1G13080	0.8338949183342896
AT5G17300	AT3G14770	0.8124306436381893
AT5G17300	AT5G39660	0.915392406127
AT5G17300	AT2G04795	0.8498319629581741
AT5G17300	AT5G62430	0.8089352211639983
AT5G17300	AT1G75100	0.8773486779520314
AT5G17300	AT2G32540	0.8093851687029552
AT5G17300	AT3G24170	0.8665086884871985
AT5G17300	AT2G22240	0.8649073336628484
AT5G17300	AT3G06020	0.8192429370013571
AT5G17300	AT1G79270	0.8909809626374927
AT5G17300	AT5G15600	0.844780418163399
AT4G15680	AT1G26800	0.8051516140269454
AT4G15680	AT4G23570	0.820662964038816
AT4G15680	AT4G25810	0.8150997068997726
AT4G15680	AT5G23480	0.8191368527286502
AT4G15680	AT3G12050	0.804380724633353
AT4G15680	AT1G66090	0.828817586822907
AT4G15680	AT5G04340	0.8587655582134186
AT4G15680	AT4G17250	0.8083636247462211
AT4G15680	AT2G41160	0.8009536906898952
AT4G15680	AT5G53400	0.816888555630514
AT4G15680	AT3G29810	0.8000014077804279
AT3G45970	AT4G30270	0.8100002919939314
AT3G45970	AT2G30600	0.8993036249328394
AT3G45970	AT2G42870	0.8148492652583781
AT3G45970	AT1G57990	0.8624228101870727
AT3G63160	AT1G10760	0.858861995573973
AT3G63160	AT3G47860	0.8563032280560495
AT3G63160	AT5G64860	0.8139040020064466
AT3G63160	AT1G56690	0.8227324263903187
AT3G63160	AT4G32340	0.9038495360016265
AT3G63160	AT5G26570	0.9262827741467166
AT3G63160	AT5G15960	0.8125034606086439
AT3G63160	AT5G61380	0.8447559508743212
AT3G63160	AT5G39410	0.8338490698356162
AT3G63160	AT2G25730	0.8740630264615393
AT3G63160	AT2G28840	0.8688972125989728
AT3G63160	AT5G23660	0.8669850095603853
AT3G63160	AT5G51570	0.8713691547799641
AT3G63160	AT4G19120	0.8508672340863132
AT3G63160	AT1G51090	0.8208071300007089
AT3G63160	AT3G18080	0.8385641667813585
AT3G63160	AT3G05880	0.8762010736579584
AT3G63160	AT3G10410	0.8936972646854573
AT3G63160	AT5G57110	0.8781532992395428
AT3G63160	AT4G38550	0.8008755804694977
AT3G63160	AT3G52180	0.9015920774111961
AT3G63160	AT2G29630	0.803006382331903
AT3G63160	AT4G18240	0.9293464383659759
AT3G63160	AT5G11150	0.8749744256149494
AT3G63160	AT3G28290	0.876962571880529
AT3G63160	AT1G79440	0.8679584970295712
AT3G63160	AT4G33700	0.8793257866652728
AT3G63160	AT2G06925	0.8026831934135805
AT3G63160	AT1G26665	0.8103295580240845
AT3G63160	245432_at	0.8409621685473413
AT3G63160	AT2G43550	0.9347642062405872
AT3G63160	AT1G59870	0.812098302737089
AT3G63160	AT4G22770	0.8408695356743485
AT3G63160	AT1G43080	0.8315975032977558
AT3G63160	AT4G17140	0.9389748009638125
AT3G63160	AT3G55450	0.9203317991654013
AT3G63160	AT1G48210	0.8210571225234238
AT3G63160	AT5G18540	0.8201479930462114
AT3G63160	AT1G69830	0.8511087217322645
AT3G63160	AT1G49220	0.8226939091054676
AT3G63160	AT2G15970	0.8198855490678782
AT3G63160	AT1G31850	0.9602995879390376
AT3G63160	AT1G68050	0.8237702596402183
AT3G63160	AT3G14310	0.836236716937679
AT3G63160	AT2G01170	0.8112980659147562
AT3G63160	AT2G02100	0.8786820137203407
AT3G63160	AT3G58570	0.8492059374093178
AT3G63160	AT3G16180	0.9040883801925905
AT3G63160	AT3G01310	0.8076402873073549
AT3G63160	AT1G78995	0.8340532678147003
AT3G63160	AT2G43535	0.9136609319708445
AT3G63160	AT4G05330	0.8198519969903397
AT3G63160	AT1G53035	0.8747348325539633
AT3G63160	AT4G11600	0.9008831270094854
AT3G63160	AT4G19390	0.9093019909665498
AT3G63160	AT5G15770	0.8182420327548302
AT3G63160	AT2G15830	0.8924577981412878
AT3G63160	AT3G46440	0.9189400041943713
AT3G63160	AT5G63420	0.8394221336462311
AT3G63160	AT1G69870	0.9207238331883355
AT3G63160	AT4G33490	0.8144600465855091
AT3G63160	AT1G20840	0.9187666678721418
AT3G63160	AT3G05800	0.8009888851171578
AT2G15890	AT5G47240	0.9246603921441944
AT2G15890	AT1G10760	0.8615566635141003
AT2G15890	AT3G47860	0.8071223415823037
AT2G15890	AT4G27440	0.933334418032026
AT2G15890	AT5G64860	0.8783130930801055
AT2G15890	AT4G32340	0.830795328340325
AT2G15890	AT5G67480	0.8482947991783427
AT2G15890	AT5G59570	0.9224434474562763
AT2G15890	AT3G42860	0.8381169373273682
AT2G15890	AT5G39410	0.8583457567389948
AT2G15890	AT5G44010	0.8403279160045524
AT2G15890	AT2G25730	0.8121199467961248
AT2G15890	AT2G28840	0.8609802925736885
AT2G15890	AT1G29395	0.8495228312974005
AT2G15890	AT3G26740	0.9316186199225206
AT2G15890	AT5G51570	0.8394791132094152
AT2G15890	AT1G28330	0.9064526983585166
AT2G15890	AT3G47160	0.9290437702873382
AT2G15890	AT4G39090	0.9514125862928133
AT2G15890	AT2G31360	0.87157263840361
AT2G15890	AT1G22770	0.8435008072270556
AT2G15890	AT3G05880	0.8753250010765721
AT2G15890	AT3G50500	0.8636493050426163
AT2G15890	AT5G57110	0.8089001493158584
AT2G15890	AT5G27280	0.88745899570072
AT2G15890	AT1G49650	0.8946220165030218
AT2G15890	AT2G16660	0.8141255516088702
AT2G15890	AT2G15960	0.9457602846117662
AT2G15890	AT2G29630	0.8012561246333828
AT2G15890	AT1G67660	0.8878689214868228
AT2G15890	AT5G14920	0.9469021382160054
AT2G15890	AT3G53800	0.933312989772226
AT2G15890	AT4G18520	0.8946847459155322
AT2G15890	AT1G67970	0.8924735003471422
AT2G15890	AT2G17840	0.9031463692452358
AT2G15890	AT5G14550	0.8145019792759209
AT2G15890	AT5G35735	0.8251952091306085
AT2G15890	AT1G51940	0.9308363055011533
AT2G15890	AT5G02860	0.8706744988089242
AT2G15890	AT1G79440	0.8778254482755133
AT2G15890	AT2G06925	0.837280974745835
AT2G15890	AT1G27630	0.8795585127933356
AT2G15890	AT5G26340	0.8648096823276052
AT2G15890	245432_at	0.8004050019092266
AT2G15890	AT1G02300	0.8248578189145052
AT2G15890	AT4G02370	0.9388536774706135
AT2G15890	AT3G53990	0.8440968594851344
AT2G15890	AT5G09630	0.8049579203602427
AT2G15890	AT5G63810	0.8768676469256852
AT2G15890	AT1G70820	0.9012993416529141
AT2G15890	AT3G59820	0.830710105081489
AT2G15890	AT3G50700	0.9108453254574699
AT2G15890	AT5G03240	0.8784904217345096
AT2G15890	AT5G43440	0.9159891951086263
AT2G15890	AT3G15630	0.8024212199321901
AT2G15890	AT1G51610	0.8037893661414363
AT2G15890	AT5G57630	0.8678636371089024
AT2G15890	AT5G18540	0.8280347061668731
AT2G15890	AT1G76590	0.8145775592233627
AT2G15890	AT5G25210	0.9010018684968712
AT2G15890	AT4G25480	0.8124414832279765
AT2G15890	AT4G05150	0.8542213134473037
AT2G15890	AT2G15970	0.831997735626545
AT2G15890	AT1G12710	0.8990614385186213
AT2G15890	AT3G14310	0.8707873109794184
AT2G15890	AT2G01170	0.8390449559156452
AT2G15890	AT2G39900	0.8665002899533089
AT2G15890	AT2G02100	0.8466743827653744
AT2G15890	AT4G38580	0.804485774835461
AT2G15890	AT3G58570	0.8856944790485688
AT2G15890	AT3G01310	0.8776492694781663
AT2G15890	AT3G26580	0.873865206690415
AT2G15890	AT1G12845	0.8903350539204408
AT2G15890	AT4G12750	0.8111081543952677
AT2G15890	AT3G56720	0.9184761896818536
AT2G15890	AT1G70420	0.8392610684754547
AT2G15890	AT4G05330	0.8956884991277896
AT2G15890	AT1G21680	0.8968344106926589
AT2G15890	AT4G11600	0.8077664874882327
AT2G15890	AT1G78600	0.8134419781661678
AT2G15890	AT1G75960	0.8419565137345485
AT2G15890	AT3G16740	0.9111998077286833
AT2G15890	AT5G10530	0.8153481331233174
AT2G15890	AT1G06460	0.8558917136038089
AT2G15890	AT1G33970	0.9099767905335613
AT2G15890	AT3G51660	0.8703526358466679
AT2G15890	AT5G63420	0.8171728726554549
AT2G15890	AT2G19450	0.8603909098639426
AT2G15890	AT5G62350	0.863130630817298
AT2G15890	AT4G33490	0.8481316089611367
AT2G15890	AT4G14230	0.827948282201678
AT2G15890	AT1G43980	0.8077022739369814
AT2G15890	AT1G08500	0.8152780051678367
AT2G15890	AT5G27930	0.8116940537256797
AT2G15890	AT1G67370	0.8283380091578201
AT5G09530	AT1G66280	0.8657222370887985
AT5G09530	AT3G30190	0.8319507602999204
AT1G67360	AT4G36988	0.9559337324323568
AT1G67360	AT1G26800	0.8680730437592284
AT1G67360	AT2G47180	0.8337888924213679
AT1G67360	AT1G07350	0.9187709182748484
AT1G67360	AT5G47830	0.8049529295964253
AT1G67360	AT4G21323	0.8704254014316795
AT1G67360	AT5G35320	0.9866616300709221
AT1G67360	AT3G17110	0.8483439149245617
AT1G67360	AT3G08970	0.9430186414734707
AT1G67360	AT4G11660	0.9553228575483772
AT1G67360	AT1G14200	0.8669978031341272
AT1G67360	AT5G09590	0.9265284222530333
AT1G67360	AT1G59980	0.8090344469595083
AT1G67360	AT1G03070	0.8912388757450661
AT1G67360	AT3G07150	0.941106303128425
AT1G67360	AT2G24100	0.8059650489412136
AT1G67360	AT3G53230	0.8285913045542999
AT1G67360	AT5G47610	0.9433336118388375
AT1G67360	AT4G23570	0.8522625151780796
AT1G67360	AT3G07090	0.9075016025713875
AT1G67360	AT1G07500	0.8099195596314267
AT1G67360	AT1G44414	0.8459313125054786
AT1G67360	AT5G19875	0.870631027558053
AT1G67360	AT3G22090	0.8313189414028747
AT1G67360	AT2G25140	0.9530855876471774
AT1G67360	AT5G05410	0.8702055833444767
AT1G67360	AT5G23480	0.929340307519645
AT1G67360	AT3G12050	0.9213990978706015
AT1G67360	AT3G25230	0.9235201481983331
AT1G67360	AT1G56170	0.9328090108580676
AT1G67360	AT5G56030	0.8294207013062759
AT1G67360	AT5G62020	0.9153008003031985
AT1G67360	AT4G23885	0.8183623173110872
AT1G67360	AT3G17611	0.9766998752794191
AT1G67360	AT3G23990	0.852535051786948
AT1G67360	AT1G55530	0.9615410314845816
AT1G67360	AT2G21940	0.943289437401459
AT1G67360	AT1G10050	0.8458669993425726
AT1G67360	AT4G17250	0.9028181620945678
AT1G67360	AT3G03520	0.8650282734637957
AT1G67360	AT2G41160	0.9564944459894338
AT1G67360	AT5G53400	0.9360534999764271
AT1G67360	AT4G26780	0.8030160108924719
AT1G67360	AT4G30490	0.8545428309249633
AT1G67360	AT2G29450	0.8345987212010866
AT1G67360	AT2G36460	0.9243287859939378
AT1G67360	AT5G58787	0.8517799475949519
AT1G67360	AT3G57880	0.8620453771321075
AT5G58770	AT3G22840	0.8204796382550946
AT5G58770	AT5G47610	0.8456396185495111
AT5G58770	AT5G19875	0.9044954621070042
AT5G58770	AT1G65490	0.808401822466218
AT5G58770	AT1G56170	0.8760529717362495
AT3G58590	AT5G61380	0.808212074832978
AT3G58590	AT5G23660	0.8171737347488065
AT3G58590	AT5G06540	0.8075576201461593
AT3G58590	AT5G61400	0.916956418884292
AT3G58590	AT4G14050	0.8601602646949743
AT3G58590	AT1G09190	0.8496073782245688
AT3G58590	AT1G48210	0.8778852222109035
AT3G58590	AT1G68050	0.8123770080884001
AT1G07180	AT3G24460	0.8090913391237148
AT1G07180	AT2G41250	0.9368154305194538
AT1G07180	AT1G55960	0.9492019788934691
AT1G07180	AT1G10370	0.9598508989471781
AT1G07180	AT5G15850	0.9645989142102577
AT1G07180	AT4G31870	0.954017697977904
AT1G07180	AT3G47420	0.913905308520311
AT1G07180	AT5G23730	0.8880696321308463
AT1G07180	AT5G64170	0.8444371063966638
AT1G07180	AT4G14690	0.8085210299861235
AT1G07180	AT5G04190	0.8409089120589558
AT1G07180	AT5G22390	0.8096394238595426
AT1G07180	AT2G31380	0.9607961061779788
AT1G07180	AT3G13065	0.8393704673521598
AT1G07180	AT3G27170	0.9497586615352354
AT1G07180	AT4G08300	0.8855286271895545
AT1G07180	AT2G21320	0.8453562263085087
AT1G07180	AT1G64500	0.8655674768658571
AT1G07180	AT5G35970	0.8744151404041494
AT1G07180	AT5G48530	0.8367839975103686
AT1G07180	AT4G02850	0.8835549097496396
AT1G07180	AT3G16150	0.8577773582221017
AT1G07180	AT5G66740	0.8397993730361492
AT1G07180	AT5G48540	0.8157565215096795
AT1G07180	AT5G24120	0.9525052351511814
AT1G07180	AT5G18670	0.8695529541683494
AT1G07180	AT1G68440	0.8287103901898103
AT1G07180	AT3G01550	0.8748660813144349
AT1G07180	AT4G15430	0.9125592450393694
AT1G07180	AT3G56290	0.8540272467382372
AT1G07180	AT2G24540	0.9476655309979111
AT1G07180	AT3G01060	0.9227142213312238
AT1G07180	AT1G66100	0.8433740125290466
AT1G07180	AT5G15830	0.8649627713196686
AT1G07180	AT4G38960	0.9280306109579035
AT1G07180	AT3G51920	0.8790885186917493
AT1G07180	AT5G39660	0.891779130069334
AT1G07180	AT3G57040	0.8927540029007938
AT1G07180	AT2G04795	0.842520508039184
AT1G07180	AT1G75100	0.9374681006925042
AT1G07180	AT5G36910	0.8413085778613482
AT1G07180	AT1G70985	0.8809519047911258
AT1G07180	AT3G24170	0.8041522669780898
AT1G07180	AT3G01430	0.8178328389671279
AT1G07180	AT5G05860	0.8691431307145966
AT1G07180	AT1G69570	0.8003518919740431
AT1G07180	AT1G07450	0.8205408469608862
AT1G07180	AT1G79270	0.8836787358243094
AT1G07180	AT5G15600	0.8744078038517573
AT1G68840	AT1G21910	0.8527794003084282
AT1G68840	AT5G20230	0.873660579600847
AT1G68840	AT5G04190	0.8764577434975118
AT1G68840	AT4G27280	0.8597852556130332
AT1G68840	AT4G27450	0.8318406425864032
AT1G68840	AT5G25190	0.8307197370605519
AT1G68840	AT2G18700	0.835649344437659
AT1G68840	AT5G59080	0.8061028855366705
AT1G68840	AT3G50060	0.8258163263196813
AT1G68840	AT4G27410	0.8030301630089189
AT1G68840	AT5G57660	0.8091308533556624
AT1G68840	AT5G51190	0.8765958058283573
AT1G68840	AT5G52250	0.8939414460514125
AT1G68840	AT1G73830	0.8615346856811582
AT1G59590	AT2G32030	0.820398652294303
AT1G59590	AT4G37070	0.8008663598148715
AT1G59590	AT5G67190	0.854514913520048
AT3G45090	AT5G20790	0.8000628833955635
AT3G45090	AT2G26760	0.8142050726182294
AT3G45090	AT3G49210	0.8832231185528273
AT3G45090	AT5G41140	0.8077467444560575
AT3G10020	AT4G14270	0.8688688313634264
AT3G10020	AT1G26800	0.8795160716942293
AT3G10020	AT5G47830	0.810788336312974
AT3G10020	AT3G17110	0.8087476312860967
AT3G10020	AT3G08970	0.8426858200116069
AT3G10020	AT5G09590	0.8011860680372391
AT3G10020	AT1G03070	0.864215861198924
AT3G10020	AT3G07150	0.8352541282823579
AT3G10020	AT3G53230	0.8300246398308575
AT3G10020	AT1G44414	0.8033425593304914
AT3G10020	AT4G12410	0.869059855265556
AT3G10020	AT3G22090	0.8304323144888556
AT3G10020	AT5G05410	0.8766754193164407
AT3G10020	AT3G12050	0.824054413125647
AT3G10020	AT2G15790	0.8665701372292123
AT3G10020	AT4G17250	0.8798324847744506
AT3G10020	AT3G03520	0.8277826591882852
AT3G10020	AT2G41160	0.8383019962907514
AT3G10020	AT5G53400	0.8226341924965493
AT3G10020	AT3G52830	0.8161361284385797
AT3G10020	AT2G36460	0.8797270345255597
AT3G10020	AT5G58787	0.8455105208799731
AT1G35480	AT4G03400	0.8085663711191174
AT5G35510	AT1G55960	0.8063641183553476
AT5G35510	AT4G31870	0.822751338038747
AT5G35510	AT5G24120	0.8019981658137775
AT5G35510	AT3G01550	0.8090284328551502
AT5G35510	AT4G15430	0.8070554529480986
AT5G35510	AT1G65870	0.8518896746913344
AT5G35510	AT3G57040	0.8395242124512022
AT2G21820	AT3G53200	0.8058245905329176
AT2G21820	AT5G15250	0.8019287470735417
AT2G21820	AT2G07693	0.8741982292917502
AT2G23110	AT2G47180	0.8157789871103147
AT2G23110	AT1G15550	0.8721762241106447
AT2G23110	AT1G13080	0.8411324381741813
AT2G23110	AT3G15770	0.8490410056080566
AT2G23110	AT3G50560	0.8068502115788777
AT2G23110	AT3G57880	0.8160760793704376
AT5G47240	AT1G10760	0.8553501204470776
AT5G47240	AT4G27440	0.8881907600989362
AT5G47240	AT5G64860	0.8517241497124663
AT5G47240	AT4G32340	0.821646103953661
AT5G47240	AT3G42860	0.8013647180593745
AT5G47240	AT5G39410	0.82046444960264
AT5G47240	AT2G28840	0.87096123760063
AT5G47240	AT1G29395	0.8620574880689131
AT5G47240	AT3G26740	0.8704226148976573
AT5G47240	AT5G51570	0.81355280393707
AT5G47240	AT1G28330	0.81842896633041
AT5G47240	AT4G39090	0.8490304581371708
AT5G47240	AT4G19120	0.8142181252817712
AT5G47240	AT2G31360	0.9148355091230795
AT5G47240	AT1G22770	0.8555594696168637
AT5G47240	AT3G18080	0.8309067809781517
AT5G47240	AT5G61800	0.8064017582586195
AT5G47240	AT3G05880	0.8460779720530657
AT5G47240	AT5G27280	0.8444700990779094
AT5G47240	AT1G49650	0.8101939890646337
AT5G47240	AT2G16660	0.8129923592257361
AT5G47240	AT2G15960	0.9037478288068684
AT5G47240	AT1G67660	0.8701117265795165
AT5G47240	AT5G14920	0.9016798837585553
AT5G47240	AT3G53800	0.8784712562143269
AT5G47240	AT4G18520	0.9121326677170093
AT5G47240	AT1G67970	0.8725040370363885
AT5G47240	AT2G17840	0.8730675124306725
AT5G47240	AT5G35735	0.8450770566219807
AT5G47240	AT1G51940	0.8795476804519394
AT5G47240	AT5G02860	0.8208254354279697
AT5G47240	AT1G79440	0.8544006060871239
AT5G47240	AT2G06925	0.9162320584746738
AT5G47240	AT1G27630	0.8414014165502659
AT5G47240	AT5G26340	0.9116265808588164
AT5G47240	245432_at	0.8855861994072931
AT5G47240	AT4G02370	0.896559378651627
AT5G47240	AT5G09630	0.8470686249795898
AT5G47240	AT5G63810	0.9233843039462754
AT5G47240	AT1G70820	0.8987044649250882
AT5G47240	AT3G50700	0.8470920418567734
AT5G47240	AT5G43440	0.8904627253880236
AT5G47240	AT1G51610	0.8432506411267299
AT5G47240	AT5G57630	0.8805285551074259
AT5G47240	AT5G25210	0.8921032250536994
AT5G47240	AT1G69830	0.8258318675156467
AT5G47240	AT4G25480	0.8817569613822495
AT5G47240	AT4G39260	0.8971150664732397
AT5G47240	AT1G22570	0.9177716683380864
AT5G47240	AT2G15970	0.8742374735695607
AT5G47240	AT3G14310	0.8498399258269249
AT5G47240	AT2G01170	0.8785497494931747
AT5G47240	AT2G39900	0.8787378993170408
AT5G47240	AT2G02100	0.8387504210846479
AT5G47240	AT3G58570	0.8850554427274819
AT5G47240	AT3G16180	0.849568309457999
AT5G47240	AT3G01310	0.9061123744164875
AT5G47240	AT1G12845	0.9320056091620983
AT5G47240	AT2G43535	0.8639833651909565
AT5G47240	AT3G56720	0.8600863710768987
AT5G47240	AT1G70420	0.9120759247899839
AT5G47240	AT4G05330	0.8334053095864588
AT5G47240	AT1G53035	0.8360812484120601
AT5G47240	AT4G11600	0.8345165039945116
AT5G47240	AT1G75960	0.9355932762075397
AT5G47240	AT3G16740	0.8211599797775269
AT5G47240	AT4G19390	0.8291746255734181
AT5G47240	AT1G06460	0.8612615182224223
AT5G47240	AT1G33970	0.8677526490054862
AT5G47240	AT3G46440	0.8116626140519232
AT5G47240	AT3G51660	0.8633285885468264
AT5G47240	AT1G13930	0.8587324859737512
AT5G47240	AT2G19450	0.8382712743054052
AT5G47240	AT5G62350	0.8006758507774533
AT5G47240	AT4G33490	0.8138553007212301
AT5G47240	AT4G14230	0.8979166790883197
AT5G47240	AT1G43980	0.8149363445471342
AT5G47240	AT5G27930	0.8260254360013457
AT5G47240	AT3G05800	0.8393261545347951
AT2G19800	AT4G01870	0.815472894100211
AT2G19800	AT4G36670	0.881057184192866
AT2G19800	AT3G30775	0.8546878195885927
AT2G19800	AT1G16130	0.8577108230146944
AT2G19800	AT5G07440	0.8582702250560625
AT2G19800	AT1G03850	0.8235593417696035
AT2G19800	AT1G76680	0.8084717445006236
AT1G10760	AT3G47860	0.9620684429041053
AT1G10760	AT4G27440	0.8390347460853954
AT1G10760	AT5G64860	0.981553115204373
AT1G10760	AT2G37580	0.8109151174998304
AT1G10760	AT4G32340	0.9667720581149516
AT1G10760	AT5G26570	0.9560884034007111
AT1G10760	AT5G59570	0.8415987621879975
AT1G10760	AT5G15960	0.9352731106197236
AT1G10760	AT5G61380	0.905693342225116
AT1G10760	AT5G54960	0.8784868564006726
AT1G10760	AT2G20480	0.8629812745239699
AT1G10760	AT5G39410	0.9741430409063679
AT1G10760	AT5G44010	0.9154090345114377
AT1G10760	AT5G48250	0.8191568155635369
AT1G10760	AT2G25730	0.9389591673386746
AT1G10760	AT2G28840	0.9814813314246787
AT1G10760	AT1G29395	0.9208226824313106
AT1G10760	AT3G26740	0.945235109364163
AT1G10760	AT5G23660	0.8983464628978137
AT1G10760	AT5G51570	0.9457693046586204
AT1G10760	AT4G39090	0.9231879361224441
AT1G10760	AT4G19120	0.8414238673148685
AT1G10760	AT2G31360	0.8868413827284133
AT1G10760	AT1G51090	0.8544782051201119
AT1G10760	AT3G18080	0.9463764999268598
AT1G10760	AT5G61800	0.8842022715733714
AT1G10760	AT3G05880	0.9597085987926586
AT1G10760	AT3G50500	0.8705907160730249
AT1G10760	AT3G10410	0.9441021939440344
AT1G10760	AT5G57110	0.9144424908421028
AT1G10760	AT5G27280	0.9542482643499847
AT1G10760	AT2G45560	0.9622807232189423
AT1G10760	AT1G49650	0.9132694754046635
AT1G10760	AT2G16660	0.8582704677109614
AT1G10760	AT3G52180	0.9468228359473002
AT1G10760	AT2G29630	0.9438742013287909
AT1G10760	AT1G67660	0.976479598738555
AT1G10760	AT5G14920	0.8706200663062956
AT1G10760	AT3G53800	0.891373236020342
AT1G10760	AT4G18520	0.9246579290878957
AT1G10760	AT4G18240	0.9622347145398712
AT1G10760	AT1G67970	0.8763148201863129
AT1G10760	AT2G17840	0.9544961179259572
AT1G10760	AT5G14550	0.9429686077398788
AT1G10760	AT5G35735	0.8284865565745119
AT1G10760	AT1G51940	0.871516151568357
AT1G10760	AT5G11150	0.8669900493418174
AT1G10760	AT5G02860	0.9509842387139229
AT1G10760	AT1G79440	0.9302190348317305
AT1G10760	AT4G33700	0.929875648584995
AT1G10760	AT2G06925	0.865288720288509
AT1G10760	AT1G27630	0.9722615741882674
AT1G10760	AT1G80480	0.8095559501101126
AT1G10760	AT1G26665	0.8897858020380135
AT1G10760	245432_at	0.9258607385268474
AT1G10760	AT3G02330	0.8759730824502403
AT1G10760	AT2G43550	0.8384800242716016
AT1G10760	AT4G02370	0.9201979813105472
AT1G10760	AT5G62720	0.8901917655540468
AT1G10760	AT5G09630	0.8134576523025466
AT1G10760	AT5G63810	0.914374167244118
AT1G10760	AT1G70820	0.9405752746414444
AT1G10760	AT3G59820	0.8309458190644776
AT1G10760	AT3G50700	0.858480681541892
AT1G10760	AT5G03240	0.9079200569922153
AT1G10760	AT5G43440	0.8644752096463794
AT1G10760	AT4G17140	0.8910493644007328
AT1G10760	AT3G55450	0.8439804577968517
AT1G10760	AT1G51610	0.9248689176540237
AT1G10760	AT1G48210	0.8766872055933236
AT1G10760	AT5G18540	0.9099212613735158
AT1G10760	AT5G25210	0.8330093339662433
AT1G10760	AT1G69830	0.9713951619504417
AT1G10760	AT1G49220	0.86087054141236
AT1G10760	AT3G57770	0.8207054306769479
AT1G10760	AT2G15970	0.9421004913093374
AT1G10760	AT1G31850	0.9291594787266597
AT1G10760	AT1G12710	0.8652355068187584
AT1G10760	AT3G14310	0.9514370494979529
AT1G10760	AT2G01170	0.9627146226992267
AT1G10760	AT2G39900	0.9359387260628007
AT1G10760	AT2G02100	0.9335182607078649
AT1G10760	AT5G42500	0.8015983556813656
AT1G10760	AT3G58570	0.9681722453203534
AT1G10760	AT3G16180	0.9308664116390671
AT1G10760	AT3G01310	0.9684966765594162
AT1G10760	AT3G26580	0.9349261716282723
AT1G10760	AT1G12845	0.9146330980202099
AT1G10760	AT2G43535	0.926643223347554
AT1G10760	AT3G56720	0.8887690349464574
AT1G10760	AT1G70420	0.8444621789366629
AT1G10760	AT4G05330	0.9374694949631851
AT1G10760	AT1G21680	0.8780311539783149
AT1G10760	AT1G53035	0.8984072093162915
AT1G10760	AT4G11600	0.9525358252634561
AT1G10760	AT1G75960	0.8745097969240476
AT1G10760	AT3G16740	0.8237848008304344
AT1G10760	AT4G19390	0.9391064874606948
AT1G10760	AT5G10530	0.8632614047779525
AT1G10760	AT1G06460	0.9520197702720726
AT1G10760	AT1G33970	0.8210391842773831
AT1G10760	AT3G46440	0.9307795065384197
AT1G10760	AT3G51660	0.8065297378163285
AT1G10760	AT1G13930	0.9365520746536896
AT1G10760	AT5G63420	0.9380672712261742
AT1G10760	AT2G19450	0.9130787880476745
AT1G10760	AT5G62350	0.8413949029884635
AT1G10760	AT4G33490	0.9500867503037342
AT1G10760	AT4G14230	0.9446715879341984
AT1G10760	AT5G27930	0.9290655151409091
AT1G10760	AT3G05800	0.8271194458666457
AT3G24460	AT1G19640	0.8244477579114324
AT3G24460	AT1G55960	0.8944051887576282
AT3G24460	AT5G14760	0.8933777216516899
AT3G24460	AT1G10370	0.8907830047174894
AT3G24460	AT5G15850	0.8377548005918173
AT3G24460	AT4G31870	0.879385158896585
AT3G24460	AT3G47420	0.8641715713598468
AT3G24460	AT3G17609	0.9068332354719529
AT3G24460	AT3G51240	0.8084852245777411
AT3G24460	AT5G23730	0.9456138536788324
AT3G24460	AT1G64780	0.8946154841524837
AT3G24460	AT2G31380	0.8009852385090709
AT3G24460	AT3G13065	0.8178195600993171
AT3G24460	AT3G27170	0.807579160179148
AT3G24460	AT4G08300	0.833227689777373
AT3G24460	AT5G15950	0.8471496156877282
AT3G24460	AT5G42760	0.8256860789969173
AT3G24460	AT1G64500	0.913208772592413
AT3G24460	AT3G15310	0.8692849795068059
AT3G24460	AT4G02850	0.8098577943548757
AT3G24460	AT3G16150	0.8695188500141576
AT3G24460	AT5G66740	0.8454642666870377
AT3G24460	AT5G24120	0.9164447104034222
AT3G24460	AT5G18670	0.9092789255029728
AT3G24460	AT1G68440	0.8994964588030909
AT3G24460	AT3G01550	0.8687155355777435
AT3G24460	AT4G15430	0.9220660657555265
AT3G24460	AT3G56290	0.9225741547041701
AT3G24460	AT2G24540	0.8695530555410774
AT3G24460	AT3G01060	0.8629509529841416
AT3G24460	AT3G09520	0.8294016928965379
AT3G24460	AT1G65870	0.8772231714067485
AT3G24460	AT3G14770	0.8916797463277553
AT3G24460	AT5G39660	0.8759842243696316
AT3G24460	AT3G57040	0.8102538372782786
AT3G24460	AT2G04795	0.8360857009628637
AT3G24460	AT1G78290	0.8342307997191807
AT3G24460	AT3G19450	0.9045073144583796
AT3G24460	AT2G32540	0.8245628809576644
AT3G24460	AT3G24170	0.9229698125547223
AT3G24460	AT1G17050	0.9278271656276271
AT3G24460	AT1G07450	0.8813587365636305
AT3G24460	AT1G79270	0.8500652793327107
AT3G24460	AT5G15600	0.8382055937561019
AT4G36988	AT1G26800	0.8867672298585996
AT4G36988	AT2G47180	0.8965398560599473
AT4G36988	AT1G07350	0.9174507659337545
AT4G36988	AT5G47830	0.8533535862001209
AT4G36988	AT4G21323	0.806305740211426
AT4G36988	AT5G35320	0.9548634140231871
AT4G36988	AT3G17110	0.9466523045740625
AT4G36988	AT3G08970	0.9705992378956987
AT4G36988	AT4G11660	0.915338826967562
AT4G36988	AT1G14200	0.8719722083854223
AT4G36988	AT5G09590	0.9557739991929778
AT4G36988	AT1G59980	0.8374417051353169
AT4G36988	AT1G03070	0.932003710434426
AT4G36988	AT3G07150	0.9448261268689765
AT4G36988	AT2G24100	0.8518008895398123
AT4G36988	AT3G53230	0.9046945927201278
AT4G36988	AT5G47610	0.9492505197098349
AT4G36988	AT4G23570	0.9187005597864452
AT4G36988	AT3G07090	0.8962454109345579
AT4G36988	AT1G07500	0.8736168858999901
AT4G36988	AT1G44414	0.8751152560379754
AT4G36988	AT5G47160	0.8792207607744428
AT4G36988	AT5G19875	0.8497851924890751
AT4G36988	AT3G22090	0.8894897412623993
AT4G36988	AT2G25140	0.9844910880339771
AT4G36988	AT5G27660	0.8033950974174416
AT4G36988	AT5G05410	0.8633480994614625
AT4G36988	AT5G23480	0.9454025779167409
AT4G36988	AT3G12050	0.9672270722790383
AT4G36988	AT3G25230	0.9665269317390076
AT4G36988	AT1G56170	0.9193468592300654
AT4G36988	AT5G56030	0.8760664207130421
AT4G36988	AT5G62020	0.9112542109727105
AT4G36988	AT4G23885	0.8912647534030101
AT4G36988	AT3G17611	0.9291974643884551
AT4G36988	AT3G23990	0.916411416832407
AT4G36988	AT1G55530	0.9527883889963512
AT4G36988	AT2G21940	0.9426145970480803
AT4G36988	AT1G10050	0.891791197969261
AT4G36988	AT5G58590	0.8981735138700488
AT4G36988	AT4G17250	0.9128793104819299
AT4G36988	AT3G03520	0.9097494967767111
AT4G36988	AT3G15770	0.8529618651995774
AT4G36988	AT2G41160	0.9830271383784335
AT4G36988	AT5G53400	0.9892148788841464
AT4G36988	AT3G29810	0.8655353105268108
AT4G36988	AT3G52830	0.8472152298810103
AT4G36988	AT4G26780	0.8524984858559947
AT4G36988	AT2G47730	0.8383872306861175
AT4G36988	AT4G30490	0.8758499514300309
AT4G36988	AT2G29450	0.8195862850085631
AT4G36988	AT2G36460	0.9203160698349999
AT4G36988	AT5G58787	0.8651367231949414
AT4G36988	AT3G07770	0.8666365719648081
AT4G36988	AT3G57880	0.9316903494421457
AT4G14270	AT3G11020	0.8073647700207652
AT4G14270	AT5G05410	0.8629193204384046
AT4G14270	AT1G32090	0.8386753011572258
AT4G14270	AT1G49560	0.8238016482427358
AT4G14270	AT2G36460	0.80968100903195
AT1G26800	AT1G07350	0.8707168801347737
AT1G26800	AT5G35320	0.9100340123225936
AT1G26800	AT3G17110	0.8327454840026117
AT1G26800	AT3G08970	0.9357344873227669
AT1G26800	AT4G11660	0.9171863366399337
AT1G26800	AT1G14200	0.9551126483266922
AT1G26800	AT5G09590	0.8945267621183893
AT1G26800	AT1G03070	0.8590311355329968
AT1G26800	AT3G07150	0.8593257489551109
AT1G26800	AT1G18330	0.873286495845556
AT1G26800	AT3G53230	0.8121443233799913
AT1G26800	AT5G47610	0.8239089805736908
AT1G26800	AT4G23570	0.9234967806513685
AT1G26800	AT3G07090	0.8837767466714339
AT1G26800	AT1G44414	0.8084033015447283
AT1G26800	AT3G22090	0.8270392165406306
AT1G26800	AT2G25140	0.8950492061160371
AT1G26800	AT5G05410	0.843303583042153
AT1G26800	AT5G23480	0.917499309264104
AT1G26800	AT3G12050	0.9350634294296052
AT1G26800	AT3G25230	0.9062935151476577
AT1G26800	AT5G56030	0.8745266754603819
AT1G26800	AT5G62020	0.8708507270893948
AT1G26800	AT3G17611	0.8556494398693513
AT1G26800	AT3G23990	0.8140706931528268
AT1G26800	AT5G04340	0.8438277481088301
AT1G26800	AT1G55530	0.924677500397108
AT1G26800	AT2G21940	0.8667484486705768
AT1G26800	AT5G58590	0.8238747181168901
AT1G26800	AT4G17250	0.8741810530997449
AT1G26800	AT3G15770	0.8611223205118091
AT1G26800	AT2G41160	0.9314518285402591
AT1G26800	AT5G53400	0.8989473030376406
AT1G26800	AT3G52830	0.8081943955739401
AT1G26800	AT4G30490	0.8535006697936259
AT1G26800	AT2G29450	0.8028872346948707
AT1G26800	AT2G36460	0.8996121176773586
AT1G26800	AT3G57880	0.8473081488868105
AT1G01190	AT2G28030	0.8014737045781574
AT2G41250	AT1G55960	0.8877730335896306
AT2G41250	AT1G10370	0.8934266523854322
AT2G41250	AT5G15850	0.9374235857398301
AT2G41250	AT4G31870	0.8841535879641698
AT2G41250	AT3G47420	0.9064787458261281
AT2G41250	AT5G23730	0.8479007552585175
AT2G41250	AT5G64170	0.8964758000598315
AT2G41250	AT5G04190	0.8364606297334286
AT2G41250	AT5G22390	0.9046856003880188
AT2G41250	AT2G31380	0.9250254807227866
AT2G41250	AT3G27170	0.8881487690506608
AT2G41250	AT4G08300	0.8615472872445775
AT2G41250	AT2G21320	0.8868615973537723
AT2G41250	AT1G64500	0.8546674823537054
AT2G41250	AT1G65490	0.8040039500746755
AT2G41250	AT5G48530	0.80524687958309
AT2G41250	AT4G02850	0.8574147532125055
AT2G41250	AT5G24120	0.8672182026330265
AT2G41250	AT5G18670	0.858027298003791
AT2G41250	AT1G68440	0.825023641934127
AT2G41250	AT4G15430	0.8734539143855392
AT2G41250	AT3G56290	0.8062532612194685
AT2G41250	AT2G24540	0.9152358852445336
AT2G41250	AT3G01060	0.8270608392262335
AT2G41250	AT5G15830	0.8959270069657235
AT2G41250	AT4G38960	0.8468066402132728
AT2G41250	AT1G13080	0.8312443566002761
AT2G41250	AT5G39660	0.9096237253200216
AT2G41250	AT3G57040	0.8293846621655319
AT2G41250	AT2G04795	0.8239462591194882
AT2G41250	AT5G62430	0.8685793984199898
AT2G41250	AT1G75100	0.939745766347535
AT2G41250	AT5G36910	0.8201345084074748
AT2G41250	AT5G43150	0.808461620608389
AT2G41250	AT3G50560	0.8276040974228501
AT2G41250	AT5G05860	0.8837937035470823
AT2G41250	AT1G69570	0.8323960198511096
AT2G41250	AT1G79270	0.8949540192146476
AT3G47860	AT5G64860	0.9574446374736397
AT3G47860	AT5G40180	0.8113471107517115
AT3G47860	AT2G37580	0.8352371566250716
AT3G47860	AT4G32340	0.9358564989069035
AT3G47860	AT5G26570	0.9438330617877174
AT3G47860	AT5G59570	0.88004181375791
AT3G47860	AT5G15960	0.9266866491630353
AT3G47860	AT5G61380	0.9281385631858391
AT3G47860	AT5G54960	0.9472136116652559
AT3G47860	AT2G20480	0.8734167030483329
AT3G47860	AT5G39410	0.969543375716366
AT3G47860	AT5G44010	0.87966927746874
AT3G47860	AT5G48250	0.9108076631004792
AT3G47860	AT2G25730	0.975820252528974
AT3G47860	AT2G28840	0.9496858671851203
AT3G47860	AT1G29395	0.8677146128420357
AT3G47860	AT3G26740	0.8931504259079628
AT3G47860	AT5G23660	0.9368462667653168
AT3G47860	AT5G51570	0.960878835753308
AT3G47860	AT4G39090	0.9054243578572895
AT3G47860	AT2G31360	0.8292498120410127
AT3G47860	AT1G51090	0.8313366649884919
AT3G47860	AT3G18080	0.8708961983292732
AT3G47860	AT5G61800	0.8236859555849562
AT3G47860	AT3G05880	0.9442058657567713
AT3G47860	AT3G50500	0.902159287614906
AT3G47860	AT3G10410	0.9619471926968329
AT3G47860	AT5G57110	0.9156459002354681
AT3G47860	AT5G27280	0.9380582521375965
AT3G47860	AT2G45560	0.9414399856753506
AT3G47860	AT1G49650	0.9147202270750339
AT3G47860	AT2G16660	0.828969426252006
AT3G47860	AT3G52180	0.9254823999478429
AT3G47860	AT2G29630	0.9784093248648282
AT3G47860	AT1G67660	0.937814504391941
AT3G47860	AT5G14920	0.8460332624042536
AT3G47860	AT3G53800	0.8172669445544946
AT3G47860	AT4G18520	0.8593937662723721
AT3G47860	AT4G18240	0.9664997190061213
AT3G47860	AT1G67970	0.8371707811304601
AT3G47860	AT2G17840	0.9370922329024834
AT3G47860	AT5G14550	0.9395730347897672
AT3G47860	AT5G35735	0.8387211193826685
AT3G47860	AT1G51940	0.823236775916576
AT3G47860	AT5G11150	0.8251011500321175
AT3G47860	AT5G02860	0.9298489694215424
AT3G47860	AT1G79440	0.926761591135912
AT3G47860	AT4G33700	0.93365831156734
AT3G47860	AT2G06925	0.8008725667244598
AT3G47860	AT1G27630	0.9579221140109632
AT3G47860	AT1G80480	0.882842754934938
AT3G47860	AT1G26665	0.9349973893861075
AT3G47860	245432_at	0.8281949051351354
AT3G47860	AT3G02330	0.8265633519134216
AT3G47860	AT2G43550	0.8177269789283784
AT3G47860	AT4G02370	0.9009531956940156
AT3G47860	AT5G62720	0.9407700422893018
AT3G47860	AT5G63810	0.8431333670110336
AT3G47860	AT1G70820	0.856814473612118
AT3G47860	AT3G59820	0.822436570704244
AT3G47860	AT3G50700	0.8267274951875114
AT3G47860	AT5G03240	0.9554990603076202
AT3G47860	AT4G17140	0.9289625271495919
AT3G47860	AT3G55450	0.8402677933748376
AT3G47860	AT1G51610	0.861432144668125
AT3G47860	AT1G48210	0.9021584099881453
AT3G47860	AT5G18540	0.9278562122156789
AT3G47860	AT1G69830	0.9231084598646566
AT3G47860	AT1G49220	0.8330599789094792
AT3G47860	AT2G15970	0.8729041597825997
AT3G47860	AT1G31850	0.9002273939027222
AT3G47860	AT1G12710	0.8772787567965432
AT3G47860	AT3G14310	0.9401913393061034
AT3G47860	AT2G01170	0.8863632966962864
AT3G47860	AT2G39900	0.8862840739808695
AT3G47860	AT2G02100	0.9320785061077361
AT3G47860	AT5G42500	0.8592427656751167
AT3G47860	AT4G38580	0.8114268159851936
AT3G47860	AT3G58570	0.942880714605655
AT3G47860	AT3G16180	0.8965715203730964
AT3G47860	AT3G01310	0.9073637121875636
AT3G47860	AT3G26580	0.9344462831223673
AT3G47860	AT1G12845	0.8265156606156414
AT3G47860	AT2G43535	0.8613453292489055
AT3G47860	AT3G56720	0.8408134048025094
AT3G47860	AT4G05330	0.9284382598481467
AT3G47860	AT1G21680	0.906717455959992
AT3G47860	AT1G53035	0.8472237042598271
AT3G47860	AT4G11600	0.933384375322351
AT3G47860	AT3G16740	0.8200149394639047
AT3G47860	AT4G19390	0.9046338177217705
AT3G47860	AT5G10530	0.8149677014184791
AT3G47860	AT1G06460	0.8846972919134338
AT3G47860	AT3G46440	0.8800191369951533
AT3G47860	AT1G13930	0.837442400230097
AT3G47860	AT5G63420	0.9675894796369993
AT3G47860	AT2G19450	0.8831343035424855
AT3G47860	AT5G62350	0.8099563962671361
AT3G47860	AT4G33490	0.9406245272066929
AT3G47860	AT4G14230	0.8734493172866116
AT3G47860	AT5G27930	0.8624044170193683
AT3G20340	AT3G04070	0.8650135123300084
AT4G27440	AT5G64860	0.884282772960914
AT4G27440	AT5G59570	0.8495496657757222
AT4G27440	AT5G39410	0.810783887064852
AT4G27440	AT5G44010	0.8138379810156068
AT4G27440	AT2G28840	0.8307593627009509
AT4G27440	AT1G29395	0.8084338189792251
AT4G27440	AT3G26740	0.8988659773403784
AT4G27440	AT1G28330	0.8605982795197704
AT4G27440	AT3G47160	0.9136439709563217
AT4G27440	AT4G39090	0.9319558402086661
AT4G27440	AT2G31360	0.8779163369189298
AT4G27440	AT1G22770	0.872397123152764
AT4G27440	AT3G05880	0.814759433082696
AT4G27440	AT3G50500	0.8758223802861203
AT4G27440	AT5G27280	0.9059266831952633
AT4G27440	AT1G49650	0.8908984219447883
AT4G27440	AT2G16660	0.8173638446939695
AT4G27440	AT2G15960	0.9302984332852885
AT4G27440	AT1G67660	0.8771216650336665
AT4G27440	AT5G14920	0.9223966043524847
AT4G27440	AT3G53800	0.9721516103640393
AT4G27440	AT4G18520	0.8799128490161542
AT4G27440	AT2G17840	0.8683722221857639
AT4G27440	AT5G35735	0.8021640856187058
AT4G27440	AT1G51940	0.9483711762984236
AT4G27440	AT5G02860	0.8769871409780702
AT4G27440	AT2G06925	0.8083737699480401
AT4G27440	AT1G27630	0.862840393365756
AT4G27440	AT5G26340	0.8387549540396316
AT4G27440	AT1G02300	0.8494978352209166
AT4G27440	AT4G02370	0.9243451907631498
AT4G27440	AT3G53990	0.928833029949138
AT4G27440	AT5G63810	0.8330516017600487
AT4G27440	AT1G70820	0.9336675941594085
AT4G27440	AT3G50700	0.9449045284714065
AT4G27440	AT5G03240	0.8302616880841104
AT4G27440	AT5G43440	0.9306852273417863
AT4G27440	AT1G76590	0.8046839846717853
AT4G27440	AT5G25210	0.8032251915413631
AT4G27440	AT4G05150	0.8713641605518829
AT4G27440	AT2G15970	0.8223292151716796
AT4G27440	AT1G12710	0.8384012241468525
AT4G27440	AT3G14310	0.8500736268667469
AT4G27440	AT2G01170	0.8179337903780888
AT4G27440	AT2G39900	0.8946855488463359
AT4G27440	AT4G38580	0.8377333866387658
AT4G27440	AT5G54190	0.8168433662844455
AT4G27440	AT3G58570	0.8431401005755405
AT4G27440	AT3G01310	0.8861467995910096
AT4G27440	AT3G26580	0.8891965032848667
AT4G27440	AT1G12845	0.8900103766193485
AT4G27440	AT4G12750	0.8172548448269681
AT4G27440	AT3G56720	0.9595333624491091
AT4G27440	AT1G70420	0.8455539270599501
AT4G27440	AT4G05330	0.8539258454490155
AT4G27440	AT1G21680	0.847581794333838
AT4G27440	AT1G78600	0.8776544273259936
AT4G27440	AT3G16740	0.915328261618005
AT4G27440	AT5G10530	0.844542614450208
AT4G27440	AT1G06460	0.8085602259357624
AT4G27440	AT1G33970	0.9509636658019904
AT4G27440	AT3G51660	0.9282167313281491
AT4G27440	AT5G62350	0.9669515497680831
AT4G27440	AT4G14230	0.8374430582650416
AT1G21910	AT5G20230	0.8691892545443253
AT1G21910	AT4G27280	0.8854462379376387
AT1G21910	AT2G41100	0.8209231148130703
AT1G21910	AT2G27080	0.9015466473775849
AT1G21910	AT5G25190	0.8081918647522104
AT1G21910	AT2G18700	0.8004507336679914
AT1G21910	AT4G25810	0.9162001301417183
AT1G21910	AT1G19380	0.8805891990726399
AT1G21910	AT5G19120	0.8230145211638185
AT1G21910	AT5G45340	0.8586448442229777
AT1G21910	AT3G55980	0.84266546871917
AT1G21910	AT4G02380	0.8079587993355911
AT1G21910	AT4G08950	0.8981796996134849
AT1G21910	AT1G02660	0.8774402395234813
AT1G21910	AT3G50060	0.9584051749302046
AT1G21910	AT5G49450	0.8357344490668759
AT1G21910	AT4G28085	0.8301948419534236
AT1G21910	AT3G19680	0.8775815770202023
AT1G21910	AT2G43820	0.8055025211552566
AT1G21910	AT1G57990	0.8340942180801717
AT1G21910	AT4G24570	0.816627391826664
AT1G21910	AT5G51190	0.8502017147974557
AT1G21910	AT5G67300	0.865527214596243
AT1G21910	AT5G05440	0.9398318387830431
AT1G21910	AT1G73830	0.9029518783812053
AT1G21910	AT2G44500	0.9034936047298862
AT5G42860	AT3G60420	0.8015995486634859
AT5G42860	AT1G18710	0.8556946123539929
AT5G42860	AT3G12870	0.9053947055814793
AT5G42860	AT1G26840	0.839212927077251
AT5G42860	AT4G14400	0.8191417458601494
AT5G42860	AT2G35170	0.8095767197090817
AT5G42860	AT5G65870	0.8226372812906281
AT5G42860	AT5G10760	0.8280834854347706
AT5G42860	AT2G32290	0.8069574286718869
AT5G42860	AT1G66440	0.8398595630395091
AT5G42860	AT5G10400	0.8013951905632302
AT5G42860	AT3G23120	0.8281097074292776
AT5G42860	AT1G72910	0.8438756145676474
AT5G42860	AT5G15770	0.8305555245018464
AT5G42860	AT3G63240	0.8324765754358804
AT5G42860	AT1G53260	0.8383800768717797
AT5G42860	AT4G29700	0.8179167608397672
AT5G42860	AT5G10390	0.8377749010719038
AT3G59720	ATMG00630	0.8242904075603363
AT3G59720	AT2G26790	0.8032738881935154
AT3G59720	ATMG00160	0.8190656698543441
AT3G59720	AT2G41730	0.8045597456455986
AT2G47180	AT1G07350	0.8312434359833639
AT2G47180	AT5G47830	0.8591314445884523
AT2G47180	AT4G21323	0.8033123035297948
AT2G47180	AT5G35320	0.8299914100074426
AT2G47180	AT4G29770	0.8457025786759723
AT2G47180	AT3G17110	0.8606742640838352
AT2G47180	AT3G08970	0.8671222575113404
AT2G47180	AT5G09590	0.8365913230571619
AT2G47180	AT1G59980	0.8623582015936224
AT2G47180	AT1G03070	0.8661378675868242
AT2G47180	AT3G07150	0.8534656756932497
AT2G47180	AT3G53230	0.8435068761685466
AT2G47180	AT5G47610	0.9149054406535946
AT2G47180	AT1G07500	0.9512209475652577
AT2G47180	AT1G44414	0.802663397102542
AT2G47180	AT5G47160	0.8631257596023626
AT2G47180	AT5G19875	0.8174922369093949
AT2G47180	AT3G22090	0.8774272065451588
AT2G47180	AT2G25140	0.8969018693709707
AT2G47180	AT3G12050	0.8369007852484344
AT2G47180	AT3G25230	0.8470959701434645
AT2G47180	AT1G56170	0.826270542649246
AT2G47180	AT5G62020	0.8510376511869286
AT2G47180	AT4G23885	0.8817102612847522
AT2G47180	AT1G13080	0.8032553537126036
AT2G47180	AT3G23990	0.8444388716049828
AT2G47180	AT1G55530	0.8114771794080767
AT2G47180	AT2G21940	0.8354337608287912
AT2G47180	AT5G58590	0.8531619908683695
AT2G47180	AT3G03520	0.8008714323839319
AT2G47180	AT3G15770	0.8008143427455335
AT2G47180	AT2G41160	0.8565158248462782
AT2G47180	AT5G53400	0.8709677372987475
AT2G47180	AT3G29810	0.8393019426295861
AT2G47180	AT4G26780	0.8107750676875629
AT2G47180	AT5G58787	0.822164778322783
AT2G47180	AT3G07770	0.8379331936999999
AT2G47180	AT3G57880	0.905951042029339
AT1G69490	AT1G15550	0.8531304087049228
AT1G69490	AT1G62510	0.819843869888958
AT1G69490	AT2G40000	0.8400123187270391
AT1G69490	AT5G04190	0.8466531661468432
AT1G69490	AT1G80440	0.8048234002749879
AT1G69490	AT4G27280	0.8749194656190986
AT1G69490	AT4G27450	0.9069856316233017
AT1G69490	AT2G18700	0.8164891888374874
AT1G69490	AT5G19120	0.8325580724991843
AT1G69490	AT5G59080	0.8759661595698255
AT1G69490	AT5G02020	0.9166424222292997
AT1G69490	AT5G15830	0.8082898992078287
AT1G69490	AT2G29300	0.9126680156784658
AT1G29720	AT3G53650	0.8544583042207069
AT1G29720	AT3G51240	0.8540727701901791
AT1G29720	AT1G62560	0.932051285822248
AT1G29720	AT2G45800	0.878824935500827
AT1G29720	AT4G10120	0.943813734189156
AT1G29720	AT4G01080	0.8111290975961558
AT1G29720	AT1G06000	0.8586035900694314
AT1G29720	AT5G17220	0.8742618739058532
AT1G29720	AT5G08640	0.9102785951330151
AT1G29720	AT1G32740	0.8683907035175188
AT1G29720	AT3G10150	0.8208457452949373
AT1G29720	AT1G19940	0.8586549729044008
AT1G29720	AT5G05270	0.9595859115584763
AT1G29720	AT5G65870	0.9030793017356157
AT1G29720	AT4G14090	0.8020733777199236
AT1G29720	AT2G18230	0.8046473974849697
AT1G29720	AT1G67330	0.8595146748033424
AT1G29720	AT1G74300	0.9011047983660299
AT1G29720	AT2G47800	0.8347166200632403
AT1G29720	AT2G40230	0.8636732554630215
AT1G29720	AT1G65870	0.8394979763025122
AT1G29720	AT3G19450	0.8682790697942042
AT1G29720	AT5G10400	0.8504871082803918
AT1G29720	AT1G17050	0.8225279947034558
AT1G29720	AT1G62540	0.8256203801012892
AT1G29720	AT2G37040	0.9300424549810692
AT1G29720	AT3G26590	0.9336442206018141
AT1G29720	AT1G72910	0.9254447957747236
AT1G29720	AT2G32990	0.8438606035165241
AT1G29720	AT3G46320	0.8519941621305449
AT1G29720	AT1G53260	0.874487478816027
AT1G29720	AT5G59870	0.8574160858609585
AT1G29720	AT5G10390	0.8372992972441672
AT4G35770	AT3G15450	0.8084523574316483
AT4G35770	AT2G18700	0.8283864580863458
AT4G35770	AT5G45820	0.8447111661957013
AT4G35770	AT3G59060	0.8058378272993963
AT4G35770	AT4G30270	0.807317111489356
AT4G35770	AT2G30600	0.8762793472414442
AT4G35770	AT4G28085	0.8145919038904669
AT4G35770	AT4G36040	0.8145563304130382
AT4G35770	AT3G15500	0.8095523806919485
AT4G35770	AT2G42870	0.856787745135243
AT4G35770	AT5G57660	0.8330942765202066
AT4G35770	AT5G42250	0.8517634639836607
AT4G35770	AT1G71030	0.8566569195304563
AT4G35770	AT1G73830	0.8188844091017116
AT5G20230	AT4G27280	0.849871012250156
AT5G20230	AT4G25810	0.8550245697354403
AT5G20230	AT1G19380	0.802429483898644
AT5G20230	AT4G39670	0.8120590869854198
AT5G20230	AT4G02380	0.8272209051411017
AT5G20230	AT5G61600	0.8173059719117569
AT5G20230	AT1G27730	0.8082321597192714
AT5G20230	AT3G07350	0.8533765885432526
AT5G20230	AT3G50060	0.820587473435364
AT5G20230	AT4G27410	0.8003424819483741
AT5G20230	AT1G51820	0.8521023175714487
AT5G20230	AT4G20860	0.8159547220660823
AT5G20230	AT5G51190	0.8746321019336861
AT5G20230	AT5G52250	0.8812748141154185
AT5G20230	AT5G05440	0.8062564396772842
AT5G20230	AT5G39580	0.8046444848512073
AT1G07350	AT5G47830	0.877773751063818
AT1G07350	AT5G35320	0.9409838685517297
AT1G07350	AT4G29770	0.8405345058494997
AT1G07350	AT3G17110	0.8213318011213303
AT1G07350	AT3G08970	0.9091039451368896
AT1G07350	AT4G11660	0.936995212027986
AT1G07350	AT1G14200	0.8847186462538488
AT1G07350	AT5G09590	0.9554883035364984
AT1G07350	AT1G03070	0.8413149261393594
AT1G07350	AT3G07150	0.8969432631444201
AT1G07350	AT3G53230	0.8661059031008924
AT1G07350	AT5G47610	0.9051077077396955
AT1G07350	AT4G23570	0.882113872231058
AT1G07350	AT3G07090	0.8936353882973539
AT1G07350	AT1G07500	0.8183922763782112
AT1G07350	AT1G44414	0.8218475196672484
AT1G07350	AT5G19875	0.8291772898621633
AT1G07350	AT3G22090	0.866349890124567
AT1G07350	AT2G25140	0.9292413042157571
AT1G07350	AT5G23480	0.9079933218755253
AT1G07350	AT3G12050	0.937286738954588
AT1G07350	AT3G25230	0.9624123643923821
AT1G07350	AT1G56170	0.9199149864140987
AT1G07350	AT5G56030	0.8728767863094115
AT1G07350	AT5G62020	0.8555973525587601
AT1G07350	AT4G23885	0.8419934424218517
AT1G07350	AT3G17611	0.916760567308394
AT1G07350	AT3G23990	0.9412310721405092
AT1G07350	AT1G55530	0.939563242330353
AT1G07350	AT2G21940	0.9040966352024313
AT1G07350	AT1G10050	0.8185084222758716
AT1G07350	AT5G58590	0.8680008722291869
AT1G07350	AT3G03520	0.838201979758851
AT1G07350	AT2G41160	0.9265933117878331
AT1G07350	AT5G53400	0.9144783159088767
AT1G07350	AT3G52830	0.846639597372843
AT1G07350	AT4G26780	0.8196871786795774
AT1G07350	AT4G30490	0.8379882517020654
AT1G07350	AT2G36460	0.8770117241971379
AT1G07350	AT5G58787	0.81616447059227
AT1G07350	AT3G07770	0.8871322217001488
AT1G07350	AT3G57880	0.9313255059939529
AT1G19020	AT5G52760	0.8014248300657315
AT1G19020	AT5G59820	0.8081582561406664
AT1G19020	AT4G02380	0.8313493298546593
AT1G19020	AT1G66090	0.8073285215975384
AT5G47830	AT5G35320	0.8297961568669331
AT5G47830	AT4G29770	0.9436142771815229
AT5G47830	AT3G17110	0.8680332041415101
AT5G47830	AT3G08970	0.8913806960640146
AT5G47830	AT5G09590	0.9053085520725793
AT5G47830	AT1G59980	0.8747100516195118
AT5G47830	AT1G03070	0.9094325413957864
AT5G47830	AT3G07150	0.9123259236940029
AT5G47830	AT5G07330	0.8554396458495502
AT5G47830	AT3G53230	0.9479676252896186
AT5G47830	AT4G19430	0.8332294041781219
AT5G47830	AT1G07500	0.9205862145720553
AT5G47830	AT1G44414	0.885177573208022
AT5G47830	AT5G47160	0.8477490886089484
AT5G47830	AT3G22090	0.9159715883756554
AT5G47830	AT2G25140	0.8828362678860534
AT5G47830	AT5G27660	0.867115881881841
AT5G47830	AT5G05410	0.829065577936515
AT5G47830	AT3G12050	0.871309632597639
AT5G47830	AT3G25230	0.8652366284135834
AT5G47830	AT1G01940	0.9391408460818594
AT5G47830	257239_at	0.9018512473287741
AT5G47830	AT4G23885	0.8991156324924519
AT5G47830	AT2G30000	0.8620085630257398
AT5G47830	AT3G17611	0.8041089954974012
AT5G47830	AT3G23990	0.9382785316963105
AT5G47830	AT2G15790	0.8641034860709761
AT5G47830	AT2G21940	0.9038282934094137
AT5G47830	AT5G58590	0.9250558140812233
AT5G47830	AT3G03520	0.9116919269434034
AT5G47830	AT2G41160	0.8736683914319271
AT5G47830	AT5G53400	0.8679866211620185
AT5G47830	AT3G29810	0.8248256198602746
AT5G47830	AT3G52830	0.8977741976426776
AT5G47830	AT4G26780	0.9402705013813117
AT5G47830	AT2G36460	0.8478246700083638
AT5G47830	AT5G58787	0.9194903164117112
AT5G47830	AT3G07770	0.9324374777091697
AT5G47830	AT3G57880	0.8379447355296805
AT1G19640	AT5G14760	0.8926320951120581
AT1G19640	AT1G10370	0.8144220034306722
AT1G19640	AT3G17609	0.8988271923910851
AT1G19640	AT3G51240	0.9128239329971325
AT1G19640	AT5G23730	0.8275789512730252
AT1G19640	AT4G08300	0.8091117788858593
AT1G19640	AT5G15950	0.8684202070948551
AT1G19640	AT4G01080	0.827513576330813
AT1G19640	AT5G42760	0.8546659700900083
AT1G19640	AT3G16150	0.8037018268814352
AT1G19640	AT5G18670	0.8189643542372175
AT1G19640	AT3G01550	0.8544271266612058
AT1G19640	AT4G15430	0.875125357271496
AT1G19640	AT3G56290	0.8277004450576119
AT1G19640	AT5G13930	0.8424853715058226
AT1G19640	AT3G01060	0.8053011478612577
AT1G19640	AT1G65870	0.8895001994550457
AT1G19640	AT5G19240	0.8165721570679554
AT1G19640	AT1G78290	0.8612020458651442
AT1G19640	AT3G19450	0.8683066969862804
AT1G19640	AT3G24170	0.8325332006418117
AT1G19640	AT1G17050	0.863616872160264
AT1G19640	AT5G45960	0.8370721808796202
AT1G19640	AT5G15600	0.8779829934454256
263812_at	AT1G57943	0.8025828727929901
AT4G21323	AT5G35320	0.874564291896577
AT4G21323	AT3G08970	0.8281209426158671
AT4G21323	AT3G07150	0.8224507403249207
AT4G21323	AT5G47610	0.8626967158742973
AT4G21323	AT2G25140	0.8206677206597376
AT4G21323	AT5G62020	0.8322086708502441
AT4G21323	AT3G17611	0.9053828118831557
AT4G21323	AT2G21940	0.8392392061624834
AT4G21323	AT2G41800	0.8534574732123225
AT4G27860	AT5G39110	0.8060325590583922
AT2G41230	AT5G35940	0.807263785269691
AT5G35320	AT3G17110	0.8571155668866904
AT5G35320	AT3G08970	0.9576256974614719
AT5G35320	AT4G11660	0.9689163149213661
AT5G35320	AT1G14200	0.912952933980967
AT5G35320	AT5G09590	0.9400394644511739
AT5G35320	AT1G03070	0.8831108417797469
AT5G35320	AT3G07150	0.937228727375876
AT5G35320	AT2G24100	0.8181589522316717
AT5G35320	AT3G53230	0.8369753707567126
AT5G35320	AT5G47610	0.9374890540850165
AT5G35320	AT4G23570	0.8873200866114656
AT5G35320	AT3G07090	0.9305566274119259
AT5G35320	AT1G07500	0.8039004143881252
AT5G35320	AT1G44414	0.8545423835323289
AT5G35320	AT5G19875	0.821183252185318
AT5G35320	AT3G22090	0.8422074552698746
AT5G35320	AT2G25140	0.9618601903108404
AT5G35320	AT5G05410	0.8637360552911822
AT5G35320	AT5G23480	0.9412800479379394
AT5G35320	AT3G12050	0.9434776522574011
AT5G35320	AT3G25230	0.9414440842743883
AT5G35320	AT1G56170	0.9183282220880088
AT5G35320	AT5G56030	0.8612722410762481
AT5G35320	AT5G62020	0.9188571947756082
AT5G35320	AT4G23885	0.8033001672720582
AT5G35320	AT3G17611	0.9826599150728134
AT5G35320	AT3G23990	0.8688760568049149
AT5G35320	AT1G55530	0.9699654288372827
AT5G35320	AT2G21940	0.9480904297363708
AT5G35320	AT1G10050	0.8135863230424836
AT5G35320	AT5G58590	0.8048756716554842
AT5G35320	AT4G17250	0.8945594429596258
AT5G35320	AT3G03520	0.8549728889181002
AT5G35320	AT3G15770	0.8008763814014941
AT5G35320	AT2G41160	0.9642982160263631
AT5G35320	AT5G53400	0.9418842076204768
AT5G35320	AT4G26780	0.8035282682206537
AT5G35320	AT4G30490	0.8793068013463963
AT5G35320	AT2G29450	0.8343096818328892
AT5G35320	AT2G36460	0.9333378540309293
AT5G35320	AT5G58787	0.8373061912060454
AT5G35320	AT3G57880	0.87978629920194
AT5G64860	AT2G37580	0.804431470654681
AT5G64860	AT4G32340	0.9255173204767755
AT5G64860	AT5G26570	0.9175553242520625
AT5G64860	AT5G59570	0.8762977921871264
AT5G64860	AT5G15960	0.915647191715085
AT5G64860	AT5G61380	0.8753499549530667
AT5G64860	AT5G54960	0.8986881637185206
AT5G64860	AT2G20480	0.8516137801125996
AT5G64860	AT5G39410	0.9515864540832447
AT5G64860	AT5G44010	0.8883669819875828
AT5G64860	AT5G48250	0.8426452462576065
AT5G64860	AT2G25730	0.9222166780841845
AT5G64860	AT2G28840	0.9735321372412387
AT5G64860	AT2G40130	0.8001417991962049
AT5G64860	AT1G29395	0.9090044363799633
AT5G64860	AT3G26740	0.938644680182947
AT5G64860	AT5G23660	0.8560184416893276
AT5G64860	AT5G51570	0.931838108283627
AT5G64860	AT3G47160	0.818911280492042
AT5G64860	AT4G39090	0.9373358665474112
AT5G64860	AT2G31360	0.9028512916588552
AT5G64860	AT1G51090	0.8654039132647271
AT5G64860	AT3G18080	0.9180855497244449
AT5G64860	AT5G61800	0.839285798993646
AT5G64860	AT3G05880	0.9449311750053988
AT5G64860	AT3G50500	0.9199172482093079
AT5G64860	AT3G10410	0.9058618730248068
AT5G64860	AT5G57110	0.892458489266624
AT5G64860	AT5G27280	0.974831788930238
AT5G64860	AT2G45560	0.9421604435841076
AT5G64860	AT1G49650	0.9261466603886537
AT5G64860	AT2G16660	0.8831646473002523
AT5G64860	AT3G52180	0.9322906382009595
AT5G64860	AT2G29630	0.9300879897820995
AT5G64860	AT1G67660	0.9622269479695632
AT5G64860	AT5G14920	0.9021882970338736
AT5G64860	AT3G53800	0.913869118687879
AT5G64860	AT4G18520	0.9126057362219876
AT5G64860	AT4G18240	0.9282299860843728
AT5G64860	AT1G67970	0.8319589650506485
AT5G64860	AT2G17840	0.9417583505349323
AT5G64860	AT5G14550	0.9220244028285352
AT5G64860	AT5G35735	0.8605762302487335
AT5G64860	AT1G51940	0.8935516690966802
AT5G64860	AT5G11150	0.8186821938373454
AT5G64860	AT5G02860	0.9439453987115913
AT5G64860	AT1G79440	0.9238844488847504
AT5G64860	AT4G33700	0.8757394173646578
AT5G64860	AT2G06925	0.8810178525011708
AT5G64860	AT1G27630	0.9605655942919143
AT5G64860	AT1G80480	0.8317261080310298
AT5G64860	AT1G26665	0.8669007775258807
AT5G64860	245432_at	0.8968096481609651
AT5G64860	AT3G02330	0.8135704315096434
AT5G64860	AT2G43550	0.800350596580554
AT5G64860	AT4G02370	0.9349829942380292
AT5G64860	AT5G62720	0.8981890495009811
AT5G64860	AT5G63810	0.906273550322124
AT5G64860	AT1G70820	0.9563306743399302
AT5G64860	AT3G50700	0.8881929221535383
AT5G64860	AT5G03240	0.9176002451097545
AT5G64860	AT5G43440	0.8761072008018044
AT5G64860	AT4G17140	0.8825571761419437
AT5G64860	AT1G51610	0.8785567803445024
AT5G64860	AT1G48210	0.8276036213170213
AT5G64860	AT5G18540	0.889982130898969
AT5G64860	AT1G69830	0.9685320910118616
AT5G64860	AT1G49220	0.8325569709968641
AT5G64860	AT4G05150	0.8153728528804262
AT5G64860	AT2G15970	0.9292257058679542
AT5G64860	AT1G31850	0.8874391968699689
AT5G64860	AT1G12710	0.889044038623768
AT5G64860	AT3G14310	0.9596184065830857
AT5G64860	AT2G01170	0.9281482364285847
AT5G64860	AT2G39900	0.9717307218359146
AT5G64860	AT2G02100	0.9390792991965773
AT5G64860	AT4G38580	0.8246342780470597
AT5G64860	AT3G58570	0.9539082565082333
AT5G64860	AT3G16180	0.906105670942195
AT5G64860	AT3G01310	0.9780048885284283
AT5G64860	AT3G26580	0.946253237669661
AT5G64860	AT1G12845	0.9298917002938476
AT5G64860	AT2G43535	0.8880621361306008
AT5G64860	AT3G56720	0.9030716789919291
AT5G64860	AT1G70420	0.8302798841551368
AT5G64860	AT4G05330	0.9489044105492344
AT5G64860	AT1G21680	0.8904335469783629
AT5G64860	AT1G53035	0.865526210202335
AT5G64860	AT4G11600	0.9356696626804577
AT5G64860	AT1G75960	0.8512264527711441
AT5G64860	AT3G16740	0.8720260917234899
AT5G64860	AT4G19390	0.8916757147210768
AT5G64860	AT5G10530	0.8715487597572165
AT5G64860	AT1G06460	0.9303137839816191
AT5G64860	AT1G33970	0.8516069882923027
AT5G64860	AT3G46440	0.8839023694764032
AT5G64860	AT3G51660	0.8419098289390664
AT5G64860	AT1G13930	0.9133817912297085
AT5G64860	AT5G63420	0.9180447021460295
AT5G64860	AT2G19450	0.8868856463884007
AT5G64860	AT5G62350	0.8923266802603347
AT5G64860	AT4G33490	0.9304017083965792
AT5G64860	AT4G14230	0.9400036335073534
AT5G64860	AT5G27930	0.8748006411494167
AT5G64860	AT3G05800	0.8274724179353111
AT5G04150	AT4G10120	0.8149051029516725
AT5G04150	AT3G56980	0.8257339445712436
AT5G04150	AT3G10150	0.8127446418853425
AT1G15830	AT4G27450	0.8345970816619661
AT1G15830	AT3G23270	0.8169224301377833
AT1G15830	AT4G36040	0.8142379062050901
AT1G15830	AT5G57660	0.8611881575922473
AT1G15550	AT4G27280	0.8141944055818541
AT1G15550	AT4G27450	0.8690237097303978
AT1G15550	AT4G25810	0.8269090229773841
AT1G15550	AT1G66090	0.8041323403720757
AT1G15550	AT5G02020	0.8237156581583283
AT1G15550	AT2G29300	0.9226737838957423
AT1G15550	AT3G15770	0.8188970095009681
AT1G15550	AT3G50560	0.8098879486130918
AT1G15550	AT3G57880	0.8246180257284759
ATCG00270	AT4G38680	0.8282008920055381
AT2G36220	AT3G23150	0.8148636838732637
AT1G56690	AT3G21470	0.8755833400317533
AT1G56690	AT5G20480	0.8047352522905931
AT1G56690	AT4G19120	0.803988477295322
AT1G56690	AT5G56310	0.8555040622973065
AT1G56690	AT1G61370	0.8707501118122882
AT1G56690	AT3G55450	0.8258573984660793
AT1G56690	AT3G57770	0.82877117956723
AT1G56690	AT1G68050	0.8174318123805048
AT1G56690	AT1G78995	0.8208061242408711
AT1G56690	AT3G46440	0.8031193899864155
AT1G56690	AT1G69870	0.82437110946862
AT4G29770	AT5G09590	0.8352355502492901
AT4G29770	AT1G59980	0.9024349681164119
AT4G29770	AT1G03070	0.8313134247465312
AT4G29770	AT3G07150	0.844119240070169
AT4G29770	AT5G07330	0.8503916667005299
AT4G29770	AT3G53230	0.9052927738965001
AT4G29770	AT4G19430	0.9254507806326369
AT4G29770	AT1G07500	0.8702923160697187
AT4G29770	AT1G44414	0.8482559383583557
AT4G29770	AT5G47160	0.8133870297018029
AT4G29770	AT3G22090	0.8505243439670427
AT4G29770	AT2G25140	0.8151107268154782
AT4G29770	AT5G15250	0.8024794491659326
AT4G29770	AT5G27660	0.843768529917815
AT4G29770	AT1G01940	0.9326213788025047
AT4G29770	257239_at	0.9255162768555214
AT4G29770	AT4G23885	0.903221683610581
AT4G29770	ATMG00690	0.8081153617069207
AT4G29770	AT2G30000	0.8496785554006999
AT4G29770	AT3G23990	0.9148812429210393
AT4G29770	AT2G21940	0.8108954122090662
AT4G29770	AT5G58590	0.8772914435432176
AT4G29770	AT3G03520	0.8546132504259005
AT4G29770	AT5G53400	0.8035116376565191
AT4G29770	AT3G29810	0.819455856969249
AT4G29770	AT3G52830	0.8979305295173733
AT4G29770	AT4G26780	0.9127995831923994
AT4G29770	AT5G58787	0.888330623606644
AT4G29770	AT3G07770	0.9337695469899011
AT4G29770	AT3G57880	0.8069489887317638
AT1G52430	AT1G62670	0.8144070149556294
AT3G17110	AT3G08970	0.9260023724179939
AT3G17110	AT5G09590	0.905919608944183
AT3G17110	AT1G59980	0.831411579046527
AT3G17110	AT1G03070	0.9533171417775931
AT3G17110	AT3G07150	0.9304326379104971
AT3G17110	AT1G61340	0.8259396753516963
AT3G17110	AT3G53230	0.9456287889705721
AT3G17110	AT5G47610	0.837298094623854
AT3G17110	AT4G23570	0.8573743856205552
AT3G17110	AT1G07500	0.8793209414795962
AT3G17110	AT1G44414	0.9049792431489941
AT3G17110	AT5G47160	0.9104027721283422
AT3G17110	AT3G22090	0.8773993412635849
AT3G17110	AT2G25140	0.9290015713829557
AT3G17110	AT5G27660	0.8663428571141458
AT3G17110	AT5G05410	0.8756179845970095
AT3G17110	AT5G23480	0.8996150665909629
AT3G17110	AT3G12050	0.9304998292300314
AT3G17110	AT3G25230	0.9030711696036365
AT3G17110	AT5G56030	0.8233883435632887
AT3G17110	AT1G01940	0.8168797712795929
AT3G17110	AT4G23885	0.8997625981019649
AT3G17110	AT3G17611	0.8337431329311441
AT3G17110	AT3G23990	0.9154702302669537
AT3G17110	AT2G15790	0.8584242060774318
AT3G17110	AT1G55530	0.8586329995119611
AT3G17110	AT2G21940	0.9153222359273778
AT3G17110	AT1G10050	0.8241134301699644
AT3G17110	AT5G58590	0.9362194346784649
AT3G17110	AT4G17250	0.8825214324564218
AT3G17110	AT3G03520	0.9420398130017482
AT3G17110	AT2G41160	0.9434584887028503
AT3G17110	AT5G53400	0.9605745923114566
AT3G17110	AT3G29810	0.915358198399635
AT3G17110	AT3G52830	0.8507616779631788
AT3G17110	AT4G26780	0.9067051359059678
AT3G17110	AT2G36460	0.8921590018557145
AT3G17110	AT2G31730	0.8050503999779896
AT3G17110	AT5G58787	0.8762766362394067
AT3G17110	AT3G07770	0.8874985325433824
AT3G17110	AT3G57880	0.8768623362782981
AT1G26380	AT1G13300	0.8044176032614464
AT5G40180	AT4G32340	0.8028960385185302
AT5G40180	AT5G26570	0.8188062715733847
AT5G40180	AT5G59570	0.8049324349771345
AT5G40180	AT5G61380	0.8643196409106024
AT5G40180	AT5G48250	0.9073110529787474
AT5G40180	AT2G25730	0.8234176631720005
AT5G40180	AT1G29395	0.8034338228241698
AT5G40180	AT5G23660	0.8537388494818667
AT5G40180	AT5G51570	0.8105780622143419
AT5G40180	AT3G10410	0.8500401698119818
AT5G40180	AT5G57110	0.8739987998563556
AT5G40180	AT1G67970	0.8002601382982553
AT5G40180	AT1G79440	0.8640960056517116
AT5G40180	AT1G26665	0.8791756368587129
AT5G40180	AT5G62720	0.8147472419699275
AT5G40180	AT5G03240	0.8205291768214622
AT5G40180	AT4G17140	0.8357800567923254
AT5G40180	AT1G48210	0.8209944974890498
AT5G40180	AT5G18540	0.869744965055965
AT5G40180	AT1G49220	0.8284404631368361
AT5G40180	AT2G02100	0.8582218159325088
AT5G40180	AT5G63420	0.8512125730011845
AT5G40180	AT4G33490	0.8377968596405271
AT5G40180	AT3G05800	0.8022739405231927
AT3G63440	AT5G15830	0.8027200287487494
AT3G63440	AT3G49160	0.8030176305216329
AT3G63440	AT5G43150	0.8047615529406111
AT2G37580	AT5G67480	0.8663134356307769
AT2G37580	AT5G59570	0.8062809441954344
AT2G37580	AT5G54960	0.8442884524008116
AT2G37580	AT5G39410	0.8012821286622683
AT2G37580	AT2G25730	0.8458492838315547
AT2G37580	AT2G28840	0.824877669188271
AT2G37580	AT5G51570	0.8792933470921923
AT2G37580	AT4G39090	0.8259102101980453
AT2G37580	AT2G31360	0.8448220656586326
AT2G37580	AT3G05880	0.8271940829206895
AT2G37580	AT3G50500	0.8345639188242714
AT2G37580	AT1G49650	0.8106931648402993
AT2G37580	AT2G16660	0.8403469647964529
AT2G37580	AT1G67660	0.8330626862235443
AT2G37580	AT5G14920	0.8690910641761572
AT2G37580	AT2G17840	0.8394849299084821
AT2G37580	AT5G35735	0.8531885127600392
AT2G37580	AT1G51940	0.8058524565108893
AT2G37580	AT5G02860	0.821219163419513
AT2G37580	AT1G79440	0.8057350693010943
AT2G37580	AT1G27630	0.8119139351055319
AT2G37580	AT5G26340	0.8117674583371672
AT2G37580	AT4G02370	0.8482827657436913
AT2G37580	AT5G09630	0.8429536756070535
AT2G37580	AT5G03240	0.8486006659347975
AT2G37580	AT4G05150	0.8061472496795036
AT2G37580	AT3G58570	0.8345429507150643
AT2G37580	AT3G26580	0.8137259167373024
AT2G37580	AT4G05330	0.8734981092236941
AT2G37580	AT1G21680	0.828864766453398
AT2G37580	AT4G11600	0.8705113550511632
AT2G37580	AT3G16740	0.8349633271811919
AT2G37580	AT1G33970	0.8006372991860278
AT2G37580	AT3G51660	0.8274655757578291
AT1G55960	AT5G14760	0.8484762592758168
AT1G55960	AT1G10370	0.96700285494604
AT1G55960	AT5G15850	0.9307005446618111
AT1G55960	AT4G31870	0.9517521404591259
AT1G55960	AT3G47420	0.8764901017938028
AT1G55960	AT3G17609	0.8297564585419069
AT1G55960	AT5G23730	0.913325620885596
AT1G55960	AT1G13650	0.8102562181550198
AT1G55960	AT4G14690	0.8111782503773027
AT1G55960	AT2G31380	0.9175513512219584
AT1G55960	AT3G13065	0.8719069528997756
AT1G55960	AT3G27170	0.9467065852951854
AT1G55960	AT4G08300	0.8686616230283336
AT1G55960	AT1G64500	0.879235214081396
AT1G55960	AT1G65490	0.8041163208681228
AT1G55960	AT3G15310	0.8408670790892805
AT1G55960	AT4G02850	0.868304048009267
AT1G55960	AT3G16150	0.8870823979168683
AT1G55960	AT5G66740	0.9008560648129421
AT1G55960	AT5G48540	0.8229797425789775
AT1G55960	AT5G24120	0.9771917587829124
AT1G55960	AT5G18670	0.9404029176255574
AT1G55960	AT1G68440	0.8537831348560773
AT1G55960	AT3G01550	0.8931929618762063
AT1G55960	AT4G15430	0.9348423801271846
AT1G55960	AT3G56290	0.8948593567753741
AT1G55960	AT2G24540	0.9518197052300448
AT1G55960	AT3G01060	0.908186312781026
AT1G55960	AT5G15830	0.8442593131672667
AT1G55960	AT4G38960	0.8522982551134664
AT1G55960	AT3G51920	0.8746085414474128
AT1G55960	AT1G65870	0.814479064671559
AT1G55960	AT5G39660	0.9159836211351149
AT1G55960	AT3G57040	0.9334795675566748
AT1G55960	AT2G04795	0.9020904495134351
AT1G55960	AT3G19450	0.8132652441213336
AT1G55960	AT1G75100	0.8914759384984796
AT1G55960	AT1G70985	0.8724971528920411
AT1G55960	AT3G24170	0.8228263010929283
AT1G55960	AT1G17050	0.8309856889944678
AT1G55960	AT3G01430	0.8513760651758925
AT1G55960	AT5G05860	0.8430438494087974
AT1G55960	AT1G07450	0.8319344285619252
AT1G55960	AT1G79270	0.8794746085818813
AT1G55960	AT5G15600	0.8627816359698413
AT4G32340	AT5G26570	0.9837386781388672
AT4G32340	AT5G59570	0.8198787990868369
AT4G32340	AT5G15960	0.9314329244712005
AT4G32340	AT5G61380	0.9541404416537316
AT4G32340	AT5G54960	0.8243109035223872
AT4G32340	AT2G20480	0.8079829751112059
AT4G32340	AT5G39410	0.9661613517687245
AT4G32340	AT5G44010	0.8772193658764861
AT4G32340	AT5G48250	0.8331295054071985
AT4G32340	AT3G50120	0.8199623887547669
AT4G32340	AT2G25730	0.9380324495239497
AT4G32340	AT2G28840	0.9489828670504687
AT4G32340	AT1G29395	0.9366647135751333
AT4G32340	AT3G21470	0.8015942301607453
AT4G32340	AT3G26740	0.9224923856932389
AT4G32340	AT5G23660	0.9443029990143361
AT4G32340	AT5G51570	0.9309277040510974
AT4G32340	AT4G39090	0.8688242684749153
AT4G32340	AT4G19120	0.8807813129398011
AT4G32340	AT2G31360	0.8057604416722541
AT4G32340	AT1G51090	0.8784594977750394
AT4G32340	AT3G18080	0.9198168929137576
AT4G32340	AT5G61800	0.8640741259893581
AT4G32340	AT3G05880	0.9590321737988252
AT4G32340	AT5G56310	0.8130496435383231
AT4G32340	AT3G10410	0.9777666730171898
AT4G32340	AT5G57110	0.95622678600381
AT4G32340	AT1G09190	0.8556576374001346
AT4G32340	AT5G27280	0.8943120472557511
AT4G32340	AT2G45560	0.8990837372541124
AT4G32340	AT1G49650	0.8576721366304765
AT4G32340	AT3G52180	0.9404042521770598
AT4G32340	AT2G29630	0.9290442402700185
AT4G32340	AT1G67660	0.9237704542909256
AT4G32340	AT5G14920	0.8002045094988339
AT4G32340	AT3G53800	0.8137491056890989
AT4G32340	AT4G18520	0.8871384584411091
AT4G32340	AT4G18240	0.9657276387669496
AT4G32340	AT1G67970	0.9185941893599682
AT4G32340	AT2G17840	0.9208781216703119
AT4G32340	AT5G14550	0.9368861046720383
AT4G32340	AT5G11150	0.9325246425062343
AT4G32340	AT3G28290	0.851415812306553
AT4G32340	AT5G02860	0.8954134146865812
AT4G32340	AT1G79440	0.9420382146834342
AT4G32340	AT4G33700	0.9487684798568936
AT4G32340	AT2G06925	0.8381711653667765
AT4G32340	AT1G27630	0.9325783015910776
AT4G32340	AT1G26665	0.9321538352157802
AT4G32340	245432_at	0.907093994688516
AT4G32340	AT3G02330	0.8826314670884416
AT4G32340	AT2G43550	0.8766217574811911
AT4G32340	AT4G02370	0.8660410427340699
AT4G32340	AT5G62720	0.8935743472528215
AT4G32340	AT5G63810	0.9083094995339676
AT4G32340	AT1G70820	0.8677143970516957
AT4G32340	AT3G59820	0.804271115229686
AT4G32340	AT5G03240	0.8760714971349706
AT4G32340	AT4G17140	0.9242612795142355
AT4G32340	AT3G55450	0.9264386264796524
AT4G32340	AT1G51610	0.9178507945717181
AT4G32340	AT1G48210	0.9413520265715034
AT4G32340	AT5G57630	0.8016205477828245
AT4G32340	AT5G18540	0.9307385879672407
AT4G32340	AT5G25210	0.8343781510751462
AT4G32340	AT1G69830	0.9383299399792668
AT4G32340	AT1G49220	0.9080914470244458
AT4G32340	AT3G57770	0.8549991750933732
AT4G32340	AT2G15970	0.9026448418088274
AT4G32340	AT1G31850	0.9540445188785841
AT4G32340	AT1G12710	0.8180557702564556
AT4G32340	AT1G68050	0.8886938212195332
AT4G32340	AT3G14310	0.9234008964199356
AT4G32340	AT2G01170	0.9415484499393584
AT4G32340	AT2G39900	0.8711806831985954
AT4G32340	AT2G02100	0.936340017319835
AT4G32340	AT3G58570	0.9454096530112577
AT4G32340	AT3G16180	0.9462663296675479
AT4G32340	AT3G01310	0.9164062253780847
AT4G32340	AT1G78995	0.8255412896476028
AT4G32340	AT3G26580	0.8662498060194711
AT4G32340	AT1G12845	0.8582258463893252
AT4G32340	AT2G43535	0.9306897155802016
AT4G32340	AT3G56720	0.8066608123708109
AT4G32340	AT4G05330	0.8972165805570903
AT4G32340	AT1G21680	0.830352474512407
AT4G32340	AT1G53035	0.9289597316177678
AT4G32340	AT4G11600	0.9130766145159855
AT4G32340	AT1G75960	0.8675499239712152
AT4G32340	AT4G19390	0.9724287561119824
AT4G32340	AT5G10530	0.8208007104706782
AT4G32340	AT2G15830	0.8299156452737145
AT4G32340	AT1G06460	0.9438748481020293
AT4G32340	AT3G46440	0.9467455076931436
AT4G32340	AT1G13930	0.8748579321801547
AT4G32340	AT5G63420	0.9552504342256303
AT4G32340	AT2G19450	0.9216271503456771
AT4G32340	AT1G69870	0.8299706633572006
AT4G32340	AT4G33490	0.9551730500169482
AT4G32340	AT4G14230	0.891109512048904
AT4G32340	AT1G43980	0.8087102882745938
AT4G32340	AT1G75880	0.8481024557237572
AT4G32340	AT5G27930	0.9309613811460024
AT4G32340	AT1G20840	0.8114060672326558
AT4G32340	AT3G05800	0.86211087547232
AT5G67480	AT5G59570	0.8911063239342335
AT5G67480	AT3G47160	0.8148902805822232
AT5G67480	AT4G39090	0.8405567088462131
AT5G67480	AT2G31360	0.8044459572863166
AT5G67480	AT1G49650	0.819255372353854
AT5G67480	AT2G16660	0.8511310026166806
AT5G67480	AT2G15960	0.8171200962285794
AT5G67480	AT5G14920	0.8559395676293676
AT5G67480	AT2G17840	0.8091540376025612
AT5G67480	AT5G35735	0.8916311599714845
AT5G67480	AT1G51940	0.8526794048824606
AT5G67480	AT5G26340	0.8419066038187678
AT5G67480	AT4G02370	0.8476803670665009
AT5G67480	AT5G09630	0.8326625190203019
AT5G67480	AT3G50700	0.8353628382905308
AT5G67480	AT5G03240	0.8037363018149641
AT5G67480	AT1G76590	0.8950205034628974
AT5G67480	AT4G05150	0.8263338961587307
AT5G67480	AT1G12710	0.8015797734901926
AT5G67480	AT5G50450	0.834495072575493
AT5G67480	AT4G05330	0.825786637756666
AT5G67480	AT1G21680	0.85837581798154
AT5G67480	AT3G16740	0.8661321639050832
AT5G67480	AT3G51660	0.8165781078791946
AT5G67480	AT1G08500	0.8284569403321602
AT5G49480	AT3G15310	0.8576386504530094
AT5G49480	AT5G17220	0.8068778978826218
AT5G49480	AT1G67330	0.8540410537098264
AT5G49480	AT1G75040	0.8468197196613012
AT5G49480	AT3G19450	0.8017697070927315
AT5G49480	AT2G37040	0.8151113986534034
AT5G43580	AT5G26260	0.8356902977545725
AT5G43580	AT4G26260	0.821196539624995
AT5G43580	AT2G43620	0.8856716794433375
AT5G43580	AT4G12470	0.8449536328593283
AT5G26570	AT5G15960	0.9367148330821387
AT5G26570	AT5G61380	0.9475616597235811
AT5G26570	AT5G54960	0.8074347062188562
AT5G26570	AT2G20480	0.8075178231904141
AT5G26570	AT5G39410	0.9511046977872797
AT5G26570	AT5G44010	0.851626818039054
AT5G26570	AT5G48250	0.840340472864245
AT5G26570	AT3G50120	0.8171621542995127
AT5G26570	AT2G25730	0.9295086569474454
AT5G26570	AT2G28840	0.9306839200710355
AT5G26570	AT1G29395	0.9273112960396898
AT5G26570	AT3G21470	0.8049243098689697
AT5G26570	AT3G26740	0.8742055273518287
AT5G26570	AT5G23660	0.94326122632017
AT5G26570	AT5G51570	0.9230442656786272
AT5G26570	AT4G39090	0.8183743576415308
AT5G26570	AT4G19120	0.88873761487682
AT5G26570	AT1G51090	0.9138035161730247
AT5G26570	AT3G18080	0.9204999972205833
AT5G26570	AT5G61800	0.8573950849652813
AT5G26570	AT3G05880	0.9391013092558266
AT5G26570	AT5G56310	0.8393393817193037
AT5G26570	AT3G10410	0.98138570700727
AT5G26570	AT5G57110	0.9594012422878093
AT5G26570	AT1G09190	0.8182849988613174
AT5G26570	AT5G27280	0.8804049613638105
AT5G26570	AT2G45560	0.9065493242406247
AT5G26570	AT1G49650	0.8200362082284247
AT5G26570	AT3G52180	0.9681934844235554
AT5G26570	AT2G29630	0.9257799284843433
AT5G26570	AT1G67660	0.9033521903253018
AT5G26570	AT4G18520	0.8459985890651814
AT5G26570	AT4G18240	0.9779469248652909
AT5G26570	AT1G67970	0.872334459040862
AT5G26570	AT2G17840	0.8943618365996123
AT5G26570	AT5G14550	0.9274139450589005
AT5G26570	AT5G11150	0.9521156830668308
AT5G26570	AT3G28290	0.8671516151793194
AT5G26570	AT5G02860	0.858385727916312
AT5G26570	AT1G79440	0.9382571374929923
AT5G26570	AT4G33700	0.9444424942698151
AT5G26570	AT2G06925	0.8358207746214429
AT5G26570	AT1G27630	0.9149385091992871
AT5G26570	AT1G26665	0.9242849485755811
AT5G26570	245432_at	0.9083654179994191
AT5G26570	AT3G02330	0.8461914652562682
AT5G26570	AT2G43550	0.9237171211516466
AT5G26570	AT4G02370	0.8230029295744032
AT5G26570	AT1G43080	0.8116287638404412
AT5G26570	AT5G62720	0.8901433022104347
AT5G26570	AT5G63810	0.8955241932005663
AT5G26570	AT1G70820	0.8340940817824967
AT5G26570	AT5G03240	0.8555931527426013
AT5G26570	AT4G17140	0.9490531371097425
AT5G26570	AT3G55450	0.9365811152176894
AT5G26570	AT1G51610	0.9068008220753736
AT5G26570	AT1G48210	0.9339389667576043
AT5G26570	AT5G18540	0.9180470007069534
AT5G26570	AT1G69830	0.9487484172850584
AT5G26570	AT1G49220	0.9372422460759531
AT5G26570	AT3G57770	0.845135115779219
AT5G26570	AT2G15970	0.9081964165946592
AT5G26570	AT1G31850	0.9703954450159475
AT5G26570	AT1G68050	0.9003223481529578
AT5G26570	AT3G14310	0.9103399638776307
AT5G26570	AT2G01170	0.9287542110797401
AT5G26570	AT2G39900	0.8641304907043567
AT5G26570	AT2G02100	0.9503387973123409
AT5G26570	AT3G58570	0.9394153890342783
AT5G26570	AT3G16180	0.9572463687833397
AT5G26570	AT3G01310	0.8978237836844973
AT5G26570	AT1G78995	0.8596342599323615
AT5G26570	AT3G26580	0.8310722926365633
AT5G26570	AT1G12845	0.8421520109785581
AT5G26570	AT2G43535	0.9317814174462674
AT5G26570	AT4G05330	0.8732460443784829
AT5G26570	AT1G53035	0.936976002029912
AT5G26570	AT4G11600	0.923474055995069
AT5G26570	AT1G75960	0.8431910579027301
AT5G26570	AT4G19390	0.964388745779591
AT5G26570	AT5G10530	0.8009680008851245
AT5G26570	AT2G15830	0.8379403964729548
AT5G26570	AT1G06460	0.9310899936542767
AT5G26570	AT3G46440	0.9513089865167743
AT5G26570	AT1G13930	0.8680314338986659
AT5G26570	AT5G63420	0.9530805968414319
AT5G26570	AT2G19450	0.8927665125675122
AT5G26570	AT1G69870	0.8667862435325955
AT5G26570	AT4G33490	0.9507090088210463
AT5G26570	AT4G14230	0.8839346336187821
AT5G26570	AT1G75880	0.8424457850639142
AT5G26570	AT5G27930	0.9065981189700939
AT5G26570	AT1G20840	0.8359073451206457
AT5G26570	AT3G05800	0.8722313986573552
AT5G59570	AT5G15960	0.8249249500367682
AT5G59570	AT5G61380	0.8631253764171102
AT5G59570	AT5G54960	0.8712598580099075
AT5G59570	AT5G39410	0.8847982638694634
AT5G59570	AT5G48250	0.9272430951802266
AT5G59570	AT2G25730	0.8909088436890664
AT5G59570	AT2G28840	0.8603098976206961
AT5G59570	AT3G26740	0.8782604150544128
AT5G59570	AT5G23660	0.8307004320161655
AT5G59570	AT5G51570	0.8943776231605349
AT5G59570	AT1G28330	0.8367432011904167
AT5G59570	AT3G47160	0.8976105430928929
AT5G59570	AT4G33310	0.8020558837636969
AT5G59570	AT4G39090	0.9314534887397563
AT5G59570	AT2G31360	0.8332354102921264
AT5G59570	AT3G05880	0.8929074972883764
AT5G59570	AT3G50500	0.9170359801718047
AT5G59570	AT3G10410	0.8420786959457882
AT5G59570	AT5G57110	0.8536845084367156
AT5G59570	AT5G27280	0.8804567221284362
AT5G59570	AT5G41920	0.8055153619123216
AT5G59570	AT1G49650	0.9224162604791066
AT5G59570	AT2G16660	0.8304202478841052
AT5G59570	AT3G11020	0.8193440052645902
AT5G59570	AT2G15960	0.819708252277536
AT5G59570	AT2G29630	0.8724750724591586
AT5G59570	AT1G67660	0.8533793181785492
AT5G59570	AT5G14920	0.9230661065816786
AT5G59570	AT3G28870	0.8692002516596006
AT5G59570	AT3G53800	0.8558526086012035
AT5G59570	AT4G18520	0.8255762935834718
AT5G59570	AT1G67970	0.8695691765585377
AT5G59570	AT2G17840	0.9127706406807261
AT5G59570	AT5G14550	0.847955612128565
AT5G59570	AT5G35735	0.8807326926934872
AT5G59570	AT1G51940	0.8761701451907556
AT5G59570	AT5G02860	0.8642530046136916
AT5G59570	AT1G79440	0.9076750413965464
AT5G59570	AT1G27630	0.8929008117337308
AT5G59570	AT1G80480	0.8863294251574836
AT5G59570	AT1G26665	0.8554593865186121
AT5G59570	AT4G02370	0.9353853678443232
AT5G59570	AT5G62720	0.8819295070729821
AT5G59570	AT5G63810	0.805773140133372
AT5G59570	AT1G70820	0.8090099954031361
AT5G59570	AT3G59820	0.8292129731689862
AT5G59570	AT3G50700	0.8827706803876381
AT5G59570	AT5G03240	0.9423883629947178
AT5G59570	AT5G43440	0.8184352004920047
AT5G59570	AT4G17140	0.8071883781150762
AT5G59570	AT5G18540	0.8906252902566402
AT5G59570	AT1G76590	0.8145878135503846
AT5G59570	AT5G25210	0.8289857275701674
AT5G59570	AT4G05150	0.8633652071188361
AT5G59570	AT1G12710	0.9236249832520256
AT5G59570	AT3G14310	0.8957136282931742
AT5G59570	AT2G39900	0.836814891426495
AT5G59570	AT2G02100	0.871641627383283
AT5G59570	AT5G42500	0.8610588855540781
AT5G59570	AT4G38580	0.8835909881320905
AT5G59570	AT1G17460	0.838385043291596
AT5G59570	AT3G58570	0.8783239402335864
AT5G59570	AT3G16180	0.8053793399942887
AT5G59570	AT3G01310	0.8317722489791463
AT5G59570	AT3G26580	0.878759599104286
AT5G59570	AT1G12845	0.8111614870442416
AT5G59570	AT4G12750	0.844730596418617
AT5G59570	AT3G56720	0.8658891722856225
AT5G59570	AT4G05330	0.8978418027877975
AT5G59570	AT1G21680	0.9523685968310911
AT5G59570	AT4G11600	0.8237922097891144
AT5G59570	AT3G16740	0.9051668525709823
AT5G59570	AT1G06460	0.8034920957764369
AT5G59570	AT1G33970	0.8249061594623825
AT5G59570	AT3G51660	0.8238931525019815
AT5G59570	AT5G63420	0.8956037364320123
AT5G59570	AT2G19450	0.8640737270189512
AT5G59570	AT5G62350	0.8225553650162449
AT5G59570	AT4G33490	0.8703894345420345
AT5G59570	AT1G08500	0.8729011432984395
AT5G14760	AT1G10370	0.8842473397967628
AT5G14760	AT5G15850	0.8238461273657175
AT5G14760	AT4G31870	0.8533561316346073
AT5G14760	AT3G17609	0.9468394334100648
AT5G14760	AT3G51240	0.8959200760890079
AT5G14760	AT5G23730	0.8770254114813806
AT5G14760	AT1G64780	0.9196266541036345
AT5G14760	AT4G14690	0.8242167245602644
AT5G14760	AT3G27170	0.8462523007184481
AT5G14760	AT4G08300	0.8169240692208605
AT5G14760	AT5G15950	0.8518452248348104
AT5G14760	AT4G01080	0.8145135987646329
AT5G14760	AT5G42760	0.8930825574644611
AT5G14760	AT1G64500	0.9049661486967363
AT5G14760	AT1G65490	0.8852889660098318
AT5G14760	AT3G15310	0.8191166673243903
AT5G14760	AT5G24120	0.8513401109879677
AT5G14760	AT5G18670	0.9262371151365154
AT5G14760	AT1G68440	0.8851016493446178
AT5G14760	AT4G15430	0.8837783044987516
AT5G14760	AT3G56290	0.9483595042364849
AT5G14760	AT5G13930	0.8706651698386368
AT5G14760	AT2G24540	0.8498640644652766
AT5G14760	AT3G01060	0.8050974836010595
AT5G14760	AT3G09520	0.8756186534713921
AT5G14760	AT1G65870	0.8321606357492796
AT5G14760	AT3G14770	0.8469095511737281
AT5G14760	AT5G39660	0.8667711762249067
AT5G14760	AT5G19240	0.8607905061786538
AT5G14760	AT2G04795	0.8739831485979793
AT5G14760	AT1G78290	0.8921974969137689
AT5G14760	AT3G19450	0.8773369151811333
AT5G14760	AT2G32540	0.8409775434150432
AT5G14760	AT3G24170	0.8860213875340546
AT5G14760	AT1G17050	0.8988356305625891
AT5G14760	AT1G79270	0.8287233286016374
AT5G14760	AT5G15600	0.8851594962796002
AT4G36470	AT4G26950	0.8224438703609103
AT4G36470	AT5G58310	0.8112499365058539
AT4G36470	AT4G01080	0.8478310113867521
AT4G36470	AT5G42760	0.8172691573409059
AT4G36470	AT3G10150	0.8551261955745809
AT4G36470	AT2G18230	0.8785286195235945
AT4G36470	AT2G47800	0.8484218885899782
AT4G36470	AT1G78290	0.8088023366669117
AT4G36470	AT3G16910	0.9543658578790962
AT3G11340	AT5G14180	0.8084966094605446
AT3G11340	AT4G12470	0.8094872367622544
AT3G11340	AT2G05380	0.8009326618410759
AT1G10370	AT5G15850	0.9467976136795397
AT1G10370	AT4G31870	0.9680515381860539
AT1G10370	AT3G47420	0.9069863456395714
AT1G10370	AT3G17609	0.8831579305973976
AT1G10370	AT5G23730	0.9321254405754684
AT1G10370	AT1G64780	0.8068340013793492
AT1G10370	AT4G14690	0.8578664311361626
AT1G10370	AT2G31380	0.9275810890221369
AT1G10370	AT3G13065	0.834996290689838
AT1G10370	AT3G27170	0.9597375825700672
AT1G10370	AT4G08300	0.9177036367901804
AT1G10370	AT2G21320	0.8507219365185209
AT1G10370	AT1G64500	0.9132558485377974
AT1G10370	AT1G65490	0.8307645622917219
AT1G10370	AT5G35970	0.8303598719796831
AT1G10370	AT3G15310	0.8484587004209108
AT1G10370	AT5G48530	0.8232489162863161
AT1G10370	AT4G02850	0.8797642002764196
AT1G10370	AT3G16150	0.8733738817337249
AT1G10370	AT5G66740	0.8710799551330002
AT1G10370	AT5G48540	0.8807125972816547
AT1G10370	AT5G24120	0.9716617415124642
AT1G10370	AT5G18670	0.9399520194180904
AT1G10370	AT1G68440	0.8611721381175889
AT1G10370	AT3G01550	0.9358382631687528
AT1G10370	AT4G15430	0.9609288252553694
AT1G10370	AT3G56290	0.928720080248082
AT1G10370	AT2G24540	0.954541703525762
AT1G10370	AT3G01060	0.9596062105803685
AT1G10370	AT5G15830	0.8040128666599815
AT1G10370	AT4G38960	0.8947894091230566
AT1G10370	AT3G51920	0.889549911812889
AT1G10370	AT1G65870	0.8249123749868396
AT1G10370	AT3G14770	0.8277557421995941
AT1G10370	AT5G39660	0.9249431740909063
AT1G10370	AT5G19240	0.8103085929482655
AT1G10370	AT3G57040	0.8969546840077139
AT1G10370	AT2G04795	0.864562984090584
AT1G10370	AT3G19450	0.8579142965063336
AT1G10370	AT1G75100	0.891993868647973
AT1G10370	AT1G70985	0.8409094640441759
AT1G10370	AT3G24170	0.8810825848666259
AT1G10370	AT1G17050	0.878515184030938
AT1G10370	AT3G01430	0.8357321323648814
AT1G10370	AT5G05860	0.8470086278109965
AT1G10370	AT1G07450	0.8614946412643415
AT1G10370	AT1G79270	0.8544918605847694
AT1G10370	AT5G15600	0.9258495084329214
AT5G15850	AT4G31870	0.9198694310760891
AT5G15850	AT3G47420	0.9036016676757567
AT5G15850	AT3G17609	0.8258581351673354
AT5G15850	AT5G23730	0.888040106674892
AT5G15850	AT1G64780	0.8330847670195614
AT5G15850	AT4G14690	0.8108773003431475
AT5G15850	AT5G04190	0.8088934582650297
AT5G15850	AT5G22390	0.8424681319952265
AT5G15850	AT2G31380	0.9636137335226028
AT5G15850	AT3G13065	0.8036099025728053
AT5G15850	AT3G27170	0.9536894626704683
AT5G15850	AT4G08300	0.8794098262747955
AT5G15850	AT2G21320	0.8935061362571983
AT5G15850	AT1G64500	0.9468570478985462
AT5G15850	AT1G65490	0.8880655029076626
AT5G15850	AT3G15310	0.8299394761987247
AT5G15850	AT5G48530	0.8055070191046191
AT5G15850	AT4G02850	0.8173479019721122
AT5G15850	AT3G16150	0.8031984175794266
AT5G15850	AT5G48540	0.8594672223095492
AT5G15850	AT5G24120	0.931118897553755
AT5G15850	AT5G18670	0.9097224566345442
AT5G15850	AT1G68440	0.8515304053064638
AT5G15850	AT3G01550	0.821647924926139
AT5G15850	AT4G15430	0.8804717062940809
AT5G15850	AT3G56290	0.9206944422780637
AT5G15850	AT2G24540	0.9651232806629192
AT5G15850	AT3G01060	0.8805580237827734
AT5G15850	AT5G15830	0.8395412303593658
AT5G15850	AT4G38960	0.889729723391
AT5G15850	AT3G51920	0.8152142874208931
AT5G15850	AT3G14770	0.8003234578317422
AT5G15850	AT5G39660	0.8997537584345527
AT5G15850	AT3G57040	0.8345324070045641
AT5G15850	AT2G04795	0.9000566478221783
AT5G15850	AT1G75100	0.9730243980182688
AT5G15850	AT1G70985	0.9077110084120031
AT5G15850	AT3G24170	0.8316180428646237
AT5G15850	AT2G22240	0.8288656718061338
AT5G15850	AT5G05860	0.8267696646072858
AT5G15850	AT1G79270	0.9391264671635723
AT5G15850	AT5G15600	0.8824508862861566
AT1G69500	AT5G62080	0.8030932804162304
AT1G69500	AT1G04645	0.8364297863435874
AT3G53650	AT4G01390	0.9010352325626698
AT3G53650	AT1G62560	0.8764062836737981
AT3G53650	AT4G10120	0.8295432808875781
AT3G53650	AT5G36710	0.9184760192454182
AT3G53650	AT1G03780	0.9436577858670442
AT3G53650	AT3G12870	0.8432389401213511
AT3G53650	AT2G26760	0.9254150581133402
AT3G53650	AT5G17220	0.8176511205922669
AT3G53650	AT1G19940	0.9797619043972339
AT3G53650	AT5G05270	0.8722472429324692
AT3G53650	AT3G20370	0.8133315925583982
AT3G53650	AT1G74300	0.9058429391106935
AT3G53650	AT5G10400	0.9790272346895788
AT3G53650	AT5G44415	0.816733058628434
AT3G53650	AT2G37040	0.8167840612113594
AT3G53650	AT3G26590	0.801263480591643
AT3G53650	AT1G72910	0.8173325594940207
AT3G53650	AT4G00970	0.8201508901149693
AT3G53650	AT2G32990	0.8620581105733457
AT3G53650	AT3G46320	0.9561405288421814
AT3G53650	AT1G53260	0.8868849560550086
AT3G53650	AT5G59870	0.9885577538561784
AT3G53650	AT5G10390	0.9467297567534051
AT3G53650	AT5G45960	0.8542403234396239
ATMG00630	AT2G26790	0.8775987473831298
ATMG00630	AT4G19430	0.8268080150266737
ATMG00630	AT2G07768	0.9392222060962847
ATMG00630	ATMG00513	0.8833475818338372
ATMG00630	ATMG00160	0.9583683259172115
ATMG00630	AT2G07670	0.8661375662041728
ATMG00630	ATMG00940	0.902153230064554
ATMG00630	AT2G07749	0.9157316501639453
ATMG00630	AT5G53770	0.8538690238820815
ATMG00630	ATMG00270	0.9688424392230348
ATMG00630	AT5G15250	0.8307528515819542
ATMG00630	AT5G27660	0.8054783308086374
ATMG00630	ATMG00280	0.8021875909233535
ATMG00630	ATMG00640	0.924381725371842
ATMG00630	ATMG00650	0.9609013382222791
ATMG00630	AT2G07675	0.9762973049823377
ATMG00630	AT1G01940	0.8845251013342259
ATMG00630	257239_at	0.8705781115903841
ATMG00630	AT1G76280	0.8402187201881958
ATMG00630	ATMG00690	0.9659856160134883
ATMG00630	ATMG00060	0.965823528173856
ATMG00630	AT2G30000	0.8927294310336766
ATMG00630	AT2G15790	0.8290448623198496
ATMG00630	ATMG01200	0.8981819513475024
ATMG00630	ATMG00620	0.9507039977945841
AT1G35910	AT5G65790	0.8068646868108097
AT2G26790	AT3G12510	0.888013161391534
AT2G26790	AT4G26800	0.8379714492685818
AT2G26790	AT2G07768	0.8643433541725462
AT2G26790	ATMG00513	0.8164526814586693
AT2G26790	ATMG00160	0.9343704186651406
AT2G26790	AT2G07670	0.8155103826180247
AT2G26790	ATMG00940	0.807809972260552
AT2G26790	AT5G53770	0.8892924377102205
AT2G26790	ATMG00270	0.8879217650341794
AT2G26790	ATMG00640	0.8536033795734423
AT2G26790	AT1G80480	0.8381971962061646
AT2G26790	AT1G07615	0.8119019013187766
AT2G26790	ATMG00650	0.8874462628897718
AT2G26790	AT1G02300	0.815179246718605
AT2G26790	AT2G07675	0.8918423144584319
AT2G26790	AT1G76280	0.8262982605277531
AT2G26790	ATMG00690	0.8740700182098534
AT2G26790	ATMG00060	0.8768506704464852
AT2G26790	AT2G30000	0.8451077750408753
AT2G26790	AT1G17460	0.8980311587136115
AT2G26790	AT4G12750	0.8561116716680445
AT2G26790	ATMG00620	0.8558905498806878
AT2G26790	AT5G08380	0.8631582574338819
AT3G08970	AT4G11660	0.915460160765468
AT3G08970	AT1G14200	0.9115606547361186
AT3G08970	AT5G09590	0.9654655354685521
AT3G08970	AT1G59980	0.8142817844374013
AT3G08970	AT1G03070	0.9490364331367365
AT3G08970	AT3G07150	0.9456574517837357
AT3G08970	AT1G61340	0.8146665229592213
AT3G08970	AT3G53230	0.9003283032045165
AT3G08970	AT5G47610	0.9080073726290812
AT3G08970	AT4G23570	0.8896701299101624
AT3G08970	AT3G07090	0.8700134305323752
AT3G08970	AT1G07500	0.8800282887249714
AT3G08970	AT1G44414	0.8866666953255306
AT3G08970	AT5G47160	0.8313973719844969
AT3G08970	AT3G22090	0.8965038345511336
AT3G08970	AT2G25140	0.9774309278356423
AT3G08970	AT5G27660	0.8253170267902974
AT3G08970	AT5G05410	0.907562983351862
AT3G08970	AT5G23480	0.9205937777210825
AT3G08970	AT3G12050	0.9559040361233162
AT3G08970	AT3G25230	0.9444839406101398
AT3G08970	AT1G56170	0.8556100113577464
AT3G08970	AT5G56030	0.849062264921293
AT3G08970	AT5G62020	0.8943040220108903
AT3G08970	AT4G23885	0.8625848996401255
AT3G08970	AT3G17611	0.9330185073914585
AT3G08970	AT3G23990	0.9016749755627996
AT3G08970	AT1G55530	0.9362222400052216
AT3G08970	AT2G21940	0.9575182359492915
AT3G08970	AT1G10050	0.8170889648384863
AT3G08970	AT5G58590	0.8860448759299546
AT3G08970	AT4G17250	0.9237960823956143
AT3G08970	AT3G03520	0.9119478827760483
AT3G08970	AT3G15770	0.8082316124616069
AT3G08970	AT2G41160	0.9762951265578744
AT3G08970	AT5G53400	0.9656949027082191
AT3G08970	AT3G29810	0.8071550327118259
AT3G08970	AT3G52830	0.8681837593564845
AT3G08970	AT4G26780	0.8696152454760268
AT3G08970	AT4G30490	0.8283621803357207
AT3G08970	AT2G36460	0.9382337676906903
AT3G08970	AT5G58787	0.8891532042313736
AT3G08970	AT3G07770	0.8558779177409762
AT3G08970	AT3G57880	0.8818502538847609
AT5G15960	AT5G61380	0.9320927288664873
AT5G15960	AT5G54960	0.824911780174338
AT5G15960	AT5G39410	0.9489400504568177
AT5G15960	AT5G44010	0.9231696887725549
AT5G15960	AT5G48250	0.872204838038522
AT5G15960	AT3G50120	0.8576530871913571
AT5G15960	AT2G25730	0.905527826505251
AT5G15960	AT2G28840	0.9042346018059091
AT5G15960	AT1G29395	0.88507842264585
AT5G15960	AT3G26740	0.8842657445889494
AT5G15960	AT5G23660	0.8992468328362303
AT5G15960	AT5G51570	0.9187470181357703
AT5G15960	AT4G39090	0.8604510813628984
AT5G15960	AT4G19120	0.8309831257684817
AT5G15960	AT2G31360	0.810306779033237
AT5G15960	AT1G51090	0.8278667844602032
AT5G15960	AT3G18080	0.8728919320239094
AT5G15960	AT5G61800	0.8370933195831548
AT5G15960	AT3G05880	0.9314710869442974
AT5G15960	AT3G50500	0.8161834919084486
AT5G15960	AT3G10410	0.9397475759237082
AT5G15960	AT5G57110	0.9442649585934132
AT5G15960	AT1G09190	0.8015867496158586
AT5G15960	AT5G27280	0.8874608557078465
AT5G15960	AT2G45560	0.9404219589975198
AT5G15960	AT1G49650	0.8228958287697121
AT5G15960	AT3G52180	0.8866842127955833
AT5G15960	AT2G29630	0.9530355349377889
AT5G15960	AT1G67660	0.9234717668670717
AT5G15960	AT4G18520	0.8395454537989057
AT5G15960	AT4G18240	0.9280130431314295
AT5G15960	AT1G67970	0.8568180483100931
AT5G15960	AT2G17840	0.9137009278765019
AT5G15960	AT5G14550	0.9383357763554049
AT5G15960	AT5G11150	0.8740703973176637
AT5G15960	AT5G02860	0.8900886348081231
AT5G15960	AT1G79440	0.9431452709183249
AT5G15960	AT4G33700	0.895292752791071
AT5G15960	AT1G27630	0.9271164209510093
AT5G15960	AT1G80480	0.8239601029051887
AT5G15960	AT1G26665	0.8873808959648494
AT5G15960	245432_at	0.8898865739966088
AT5G15960	AT3G02330	0.8646465189482033
AT5G15960	AT4G02370	0.8376648465678551
AT5G15960	AT5G62720	0.8714888236357928
AT5G15960	AT5G63810	0.8775301471063693
AT5G15960	AT1G70820	0.8584964704898741
AT5G15960	AT5G03240	0.8871249964979144
AT5G15960	AT4G17140	0.8800686429927721
AT5G15960	AT3G55450	0.8424661466010639
AT5G15960	AT1G51610	0.9149627007727126
AT5G15960	AT1G48210	0.8926139323791821
AT5G15960	AT5G18540	0.9077502095037531
AT5G15960	AT1G69830	0.9088407181954177
AT5G15960	AT1G49220	0.895917672659451
AT5G15960	AT3G57770	0.8119482065071437
AT5G15960	AT2G15970	0.9141255907735716
AT5G15960	AT1G31850	0.8942160284729855
AT5G15960	AT1G12710	0.9149461868037548
AT5G15960	AT1G68050	0.860779369524244
AT5G15960	AT3G14310	0.8816322246280665
AT5G15960	AT2G01170	0.9167667693297622
AT5G15960	AT2G39900	0.8728418905605436
AT5G15960	AT2G02100	0.9159233094090191
AT5G15960	AT3G58570	0.9236429347784395
AT5G15960	AT3G16180	0.9210541756356608
AT5G15960	AT3G01310	0.8963035975868006
AT5G15960	AT3G26580	0.8803347541769196
AT5G15960	AT1G12845	0.8773500330585724
AT5G15960	AT2G43535	0.8368110377509039
AT5G15960	AT3G56720	0.8180758652909217
AT5G15960	AT1G70420	0.8018350894204537
AT5G15960	AT4G05330	0.8840132273269823
AT5G15960	AT1G21680	0.8783681283721256
AT5G15960	AT1G53035	0.879342116738298
AT5G15960	AT4G11600	0.889235876693926
AT5G15960	AT4G19390	0.897596251109846
AT5G15960	AT5G10530	0.8235852190060404
AT5G15960	AT1G06460	0.9372279618930048
AT5G15960	AT3G46440	0.8597514678272871
AT5G15960	AT1G13930	0.8920195306701901
AT5G15960	AT5G63420	0.944107370552029
AT5G15960	AT2G19450	0.9064138886334216
AT5G15960	AT4G33490	0.9629083037383083
AT5G15960	AT4G14230	0.8782259079766422
AT5G15960	AT5G27930	0.9154197890636624
AT5G15960	AT3G05800	0.848469722848251
AT5G61380	AT5G54960	0.8290758024437219
AT5G61380	AT5G39410	0.9560950563057193
AT5G61380	AT5G44010	0.8405280223839507
AT5G61380	AT5G48250	0.9215512525802076
AT5G61380	AT3G50120	0.8111899181764541
AT5G61380	AT2G25730	0.9347198300747818
AT5G61380	AT2G28840	0.897708402431015
AT5G61380	AT1G29395	0.8729301733261847
AT5G61380	AT3G26740	0.8746192484915123
AT5G61380	AT5G23660	0.9769629845462252
AT5G61380	AT5G51570	0.9175656363315696
AT5G61380	AT4G39090	0.8440312370463986
AT5G61380	AT4G19120	0.8420372404086769
AT5G61380	AT1G51090	0.8397032107195564
AT5G61380	AT3G18080	0.8300370495958719
AT5G61380	AT5G61800	0.8227925535068731
AT5G61380	AT3G05880	0.9365469291264149
AT5G61380	AT5G56310	0.8064472278849157
AT5G61380	AT3G10410	0.978316116178349
AT5G61380	AT5G57110	0.9717195914081869
AT5G61380	AT1G09190	0.8364615621187703
AT5G61380	AT5G27280	0.8454478441232672
AT5G61380	AT2G45560	0.8614367617407624
AT5G61380	AT1G49650	0.8568116717118488
AT5G61380	AT3G52180	0.8771412965425327
AT5G61380	AT2G29630	0.9463580645947168
AT5G61380	AT1G67660	0.8656402949228701
AT5G61380	AT4G18520	0.8372029424700113
AT5G61380	AT4G18240	0.9240149887352521
AT5G61380	AT1G67970	0.9217650018647822
AT5G61380	AT2G17840	0.9119622524940505
AT5G61380	AT5G14550	0.9504363456498811
AT5G61380	AT5G11150	0.8960604074564086
AT5G61380	AT5G02860	0.8673131662152501
AT5G61380	AT1G79440	0.9337385655372922
AT5G61380	AT4G33700	0.9397814785988052
AT5G61380	AT1G27630	0.9209519893950339
AT5G61380	AT1G80480	0.8089157805441604
AT5G61380	AT1G26665	0.9590062583318915
AT5G61380	245432_at	0.8118992393500848
AT5G61380	AT3G02330	0.8273120431966954
AT5G61380	AT2G43550	0.8032568363847777
AT5G61380	AT4G02370	0.8495757947453811
AT5G61380	AT5G62720	0.9388347696219294
AT5G61380	AT5G63810	0.8362764310148375
AT5G61380	AT3G59820	0.821965439419628
AT5G61380	AT5G03240	0.88841722869002
AT5G61380	AT4G17140	0.907441501768028
AT5G61380	AT3G55450	0.9194217010995609
AT5G61380	AT1G51610	0.8866962015068368
AT5G61380	AT1G48210	0.9795076426739
AT5G61380	AT5G18540	0.957800916485355
AT5G61380	AT5G25210	0.8126345370987345
AT5G61380	AT1G69830	0.8593173443630633
AT5G61380	AT1G49220	0.9138479432274588
AT5G61380	AT3G57770	0.8270245073306621
AT5G61380	AT2G15970	0.8121610986184146
AT5G61380	AT1G31850	0.9073294561680849
AT5G61380	AT1G12710	0.8376776457565547
AT5G61380	AT1G68050	0.894692381214003
AT5G61380	AT3G14310	0.9028331499973883
AT5G61380	AT2G01170	0.8835545093806433
AT5G61380	AT2G39900	0.8075414088383424
AT5G61380	AT2G02100	0.9066187345826182
AT5G61380	AT5G42500	0.8422192729385226
AT5G61380	AT3G58570	0.904117378792354
AT5G61380	AT3G16180	0.9138105366906057
AT5G61380	AT3G01310	0.8362382988113293
AT5G61380	AT3G26580	0.8414562454784298
AT5G61380	AT2G43535	0.8209115855880064
AT5G61380	AT4G05330	0.8507407651009228
AT5G61380	AT1G21680	0.860999513250432
AT5G61380	AT1G53035	0.8797429134837167
AT5G61380	AT4G11600	0.8394952050225066
AT5G61380	AT4G19390	0.9338681485572253
AT5G61380	AT1G06460	0.8857868550395369
AT5G61380	AT3G46440	0.864952442083942
AT5G61380	AT5G63420	0.9772578161889091
AT5G61380	AT2G19450	0.9387021260825783
AT5G61380	AT4G33490	0.9602805611883424
AT5G61380	AT4G14230	0.8280823070924882
AT5G61380	AT5G27930	0.8734172650650636
AT5G61380	AT3G05800	0.8484056760943548
AT4G31870	AT3G47420	0.9177701705643329
AT4G31870	AT3G17609	0.8850681540540153
AT4G31870	AT5G23730	0.9496642638178237
AT4G31870	AT4G14690	0.9051400956808915
AT4G31870	AT2G31380	0.9183049203289744
AT4G31870	AT3G13065	0.826494536147483
AT4G31870	AT3G27170	0.9573360718341464
AT4G31870	AT4G08300	0.8729404607817018
AT4G31870	AT2G21320	0.8258011964343427
AT4G31870	AT1G64500	0.8616975167063156
AT4G31870	AT5G35970	0.8582462223899305
AT4G31870	AT3G15310	0.8540263488177282
AT4G31870	AT4G02850	0.88590277853694
AT4G31870	AT3G16150	0.8605119271114904
AT4G31870	AT5G66740	0.8875101759886838
AT4G31870	AT5G48540	0.8461213317674421
AT4G31870	AT5G24120	0.9656356074943717
AT4G31870	AT5G18670	0.901598618940501
AT4G31870	AT1G68440	0.8724234890784864
AT4G31870	AT3G01550	0.9183893162654921
AT4G31870	AT4G15430	0.9618646754693065
AT4G31870	AT3G56290	0.8945504351771265
AT4G31870	AT2G24540	0.9217889446796891
AT4G31870	AT3G01060	0.9510442792248028
AT4G31870	AT4G38960	0.8526639052909698
AT4G31870	AT1G26790	0.835865700085455
AT4G31870	AT3G51920	0.895486950680963
AT4G31870	AT1G65870	0.8535539724589399
AT4G31870	AT3G14770	0.8304254238335277
AT4G31870	AT5G39660	0.8932993766442854
AT4G31870	AT3G57040	0.8767307484806695
AT4G31870	AT2G04795	0.8630245754175833
AT4G31870	AT3G19450	0.8473138876291761
AT4G31870	AT1G75100	0.8525956430367182
AT4G31870	AT1G70985	0.8425894665982431
AT4G31870	AT3G24170	0.884006459223269
AT4G31870	AT1G17050	0.8501161261026577
AT4G31870	AT5G05860	0.8123370596858667
AT4G31870	AT1G07450	0.8797764422582152
AT4G31870	AT1G79270	0.8594562535514864
AT4G31870	AT5G15600	0.8796419204690636
AT5G43180	AT3G15310	0.8560717987058902
AT5G43180	AT1G02220	0.8367112413051332
AT5G43180	AT1G70985	0.8357722064120473
AT5G54960	AT2G20480	0.8408500271850881
AT5G54960	AT5G39410	0.909366748850731
AT5G54960	AT5G44010	0.8091591798996516
AT5G54960	AT5G48250	0.8789827895092089
AT5G54960	AT2G25730	0.9345941688599011
AT5G54960	AT2G28840	0.8837630993923611
AT5G54960	AT3G26740	0.8263510846647872
AT5G54960	AT5G23660	0.8428824344748628
AT5G54960	AT5G51570	0.9158195076642451
AT5G54960	AT3G47160	0.8072313495842783
AT5G54960	AT4G39090	0.9002391569790391
AT5G54960	AT3G05880	0.871116283268081
AT5G54960	AT3G50500	0.9501374042546357
AT5G54960	AT3G10410	0.8551785672237173
AT5G54960	AT5G27280	0.9103166341417726
AT5G54960	AT2G45560	0.8638289708903969
AT5G54960	AT1G49650	0.908571694173941
AT5G54960	AT2G16660	0.8072168053739477
AT5G54960	AT2G29630	0.9252084596423623
AT5G54960	AT1G67660	0.8776189687152746
AT5G54960	AT5G14920	0.8680882135675057
AT5G54960	AT3G28870	0.8298536916845294
AT5G54960	AT4G18240	0.8616062464781252
AT5G54960	AT2G17840	0.8945426277272033
AT5G54960	AT5G14550	0.8746788116315659
AT5G54960	AT5G35735	0.8044831427592144
AT5G54960	AT1G51940	0.8109339575369926
AT5G54960	AT5G02860	0.9157488666506161
AT5G54960	AT1G79440	0.8293300289128456
AT5G54960	AT4G33700	0.8444328058829664
AT5G54960	AT1G27630	0.9059139341316482
AT5G54960	AT1G80480	0.937651499289351
AT5G54960	AT1G26665	0.8666790301729597
AT5G54960	AT4G02370	0.8943830007585991
AT5G54960	AT5G62720	0.8976690748545205
AT5G54960	AT1G70820	0.8004071798962868
AT5G54960	AT3G59820	0.8319140741563065
AT5G54960	AT3G50700	0.8318302110863887
AT5G54960	AT5G03240	0.9578688606385842
AT5G54960	AT4G17140	0.8241880944102749
AT5G54960	AT1G48210	0.8056984312463187
AT5G54960	AT5G18540	0.8589085035686842
AT5G54960	AT1G69830	0.8218285463654491
AT5G54960	AT4G05150	0.8125703742507776
AT5G54960	AT1G12710	0.8492442790942242
AT5G54960	AT3G14310	0.8720080634629517
AT5G54960	AT2G39900	0.817252104331555
AT5G54960	AT2G02100	0.8292201043575067
AT5G54960	AT5G42500	0.8491883407318092
AT5G54960	AT4G38580	0.8958085262004585
AT5G54960	AT1G17460	0.8610932851763461
AT5G54960	AT3G58570	0.8539120955887562
AT5G54960	AT3G01310	0.845608648872009
AT5G54960	AT3G26580	0.9399067413541562
AT5G54960	AT4G12750	0.8684692762981434
AT5G54960	AT3G56720	0.8355244089259161
AT5G54960	AT4G05330	0.8879199649833367
AT5G54960	AT1G21680	0.9145547751886258
AT5G54960	AT4G11600	0.854496785525745
AT5G54960	AT3G16740	0.8533232911987972
AT5G54960	AT5G63420	0.8872371794395558
AT5G54960	AT2G19450	0.8046082690976252
AT5G54960	AT5G62350	0.8551048049719157
AT5G54960	AT4G33490	0.8534986693110478
AT5G54960	AT5G08380	0.8669964259021159
AT2G20480	AT5G39410	0.8387680230777865
AT2G20480	AT2G25730	0.868854439831399
AT2G20480	AT2G28840	0.8905277623702006
AT2G20480	AT5G51570	0.8352802229963507
AT2G20480	AT3G05880	0.8170811002152312
AT2G20480	AT3G10410	0.812990061557002
AT2G20480	AT2G45560	0.8664759964048285
AT2G20480	AT1G49650	0.8330368072474338
AT2G20480	AT2G16660	0.8419082610096097
AT2G20480	AT3G52180	0.8215418728788688
AT2G20480	AT2G29630	0.855227767032623
AT2G20480	AT1G67660	0.8119146251433469
AT2G20480	AT4G18240	0.8648462298419125
AT2G20480	AT2G17840	0.8217895022048246
AT2G20480	AT5G14550	0.8075824870359275
AT2G20480	AT5G02860	0.848799843387303
AT2G20480	AT4G33700	0.888346802889523
AT2G20480	AT1G27630	0.849113367718652
AT2G20480	AT5G62720	0.8220020669097731
AT2G20480	AT5G18540	0.801445421044602
AT2G20480	AT1G69830	0.839864003136764
AT2G20480	AT1G31850	0.8084698269427686
AT2G20480	AT3G14310	0.8393322780907972
AT2G20480	AT5G42500	0.8266658571468533
AT2G20480	AT3G01310	0.8096439821273761
AT2G20480	AT3G26580	0.8408284881971224
AT2G20480	AT4G11600	0.8387515339839602
AT2G20480	AT5G63420	0.8333813737898311
AT5G61160	AT4G24110	0.8386439289915016
AT4G10910	AT3G15450	0.922251883804726
AT4G10910	AT1G13260	0.8200117551129937
AT4G10910	AT1G19180	0.8895490950345384
AT4G10910	AT1G80440	0.914165140359366
AT4G10910	AT5G22920	0.88149116891986
AT4G10910	AT2G18700	0.8545544780386543
AT4G10910	AT5G19120	0.9294099652405922
AT4G10910	AT2G30600	0.821585926088113
AT4G10910	AT3G07350	0.8664678895896976
AT4G10910	AT2G36050	0.8528585287208834
AT4G10910	AT5G49450	0.9309845608692124
AT4G10910	AT4G03510	0.8154994612550943
AT4G10910	AT3G15500	0.8329392344719456
AT4G10910	AT4G27410	0.8053870982711715
AT4G10910	AT1G70290	0.8428072619337129
AT4G10910	AT3G61060	0.8497587540903063
AT3G42860	AT5G39410	0.8188812497525325
AT3G42860	AT5G61400	0.8210831586255101
AT3G42860	AT4G14050	0.8121467519370664
AT3G42860	AT5G14920	0.8270778304253997
AT3G42860	AT4G18520	0.8157382133850815
AT3G42860	AT1G67970	0.8661015706764786
AT3G42860	AT2G17840	0.837229312201865
AT3G42860	AT5G14550	0.8044530776576507
AT3G42860	AT1G27630	0.8027888944349225
AT3G42860	AT4G02370	0.8268616314405222
AT3G42860	AT3G59820	0.9114355399051091
AT3G42860	AT5G03240	0.8087698683799565
AT3G42860	AT5G43440	0.8301812123922805
AT3G42860	AT1G51610	0.8035698585438626
AT3G42860	AT5G57630	0.8116720251482661
AT3G42860	AT5G18540	0.8060412502480699
AT3G42860	AT5G25210	0.8009949659046014
AT3G42860	AT3G58570	0.8003200390886355
AT3G42860	AT3G56720	0.8096365559775532
AT3G42860	AT2G19450	0.8462121580470123
AT3G42860	AT4G33490	0.8152456992398486
AT3G42860	AT1G43980	0.8567352222215622
AT5G39410	AT5G44010	0.9102081990129965
AT5G39410	AT5G48250	0.8942405702592123
AT5G39410	AT2G25730	0.9612333921155237
AT5G39410	AT2G28840	0.9625014809248119
AT5G39410	AT1G29395	0.914923523249255
AT5G39410	AT3G26740	0.9256350238134313
AT5G39410	AT5G23660	0.9451204958898097
AT5G39410	AT5G51570	0.967573654421623
AT5G39410	AT4G39090	0.9223312555682478
AT5G39410	AT4G19120	0.8483681931516989
AT5G39410	AT2G31360	0.8679565612614991
AT5G39410	AT1G51090	0.8325178092586367
AT5G39410	AT3G18080	0.9014572071419777
AT5G39410	AT5G61800	0.8704264252370238
AT5G39410	AT3G05880	0.9693422085236535
AT5G39410	AT3G50500	0.8816723072780438
AT5G39410	AT3G10410	0.9689487943110902
AT5G39410	AT5G57110	0.9463920573029316
AT5G39410	AT1G09190	0.8586735024933855
AT5G39410	AT5G27280	0.9439040560700507
AT5G39410	AT2G45560	0.9396542021767704
AT5G39410	AT1G49650	0.9252530729733819
AT5G39410	AT2G16660	0.8245253024153495
AT5G39410	AT3G52180	0.9087465478467893
AT5G39410	AT2G29630	0.9697105092171051
AT5G39410	AT1G67660	0.962785224699986
AT5G39410	AT5G14920	0.8769646276041726
AT5G39410	AT3G28870	0.8016382850726886
AT5G39410	AT3G53800	0.8651557468767075
AT5G39410	AT4G18520	0.9205117300545687
AT5G39410	AT4G18240	0.9475119016085399
AT5G39410	AT1G67970	0.9174110652680563
AT5G39410	AT2G17840	0.9782821974093715
AT5G39410	AT5G14550	0.9849506576296444
AT5G39410	AT5G35735	0.8215856289417872
AT5G39410	AT1G51940	0.8546409284188037
AT5G39410	AT5G11150	0.8750792054957616
AT5G39410	AT5G02860	0.9600498069782608
AT5G39410	AT1G79440	0.9492917115031873
AT5G39410	AT4G33700	0.9431812627898492
AT5G39410	AT2G06925	0.831736904411203
AT5G39410	AT1G27630	0.9858042441618453
AT5G39410	AT1G80480	0.8663963581060191
AT5G39410	AT1G26665	0.9391769476483852
AT5G39410	245432_at	0.8699981095501198
AT5G39410	AT3G02330	0.897597793550117
AT5G39410	AT4G02370	0.93445306430715
AT5G39410	AT5G62720	0.9237154452920622
AT5G39410	AT5G63810	0.9067816901844711
AT5G39410	AT1G70820	0.8861184195494027
AT5G39410	AT3G59820	0.8848349786982688
AT5G39410	AT3G50700	0.8590207349537143
AT5G39410	AT5G03240	0.945621947826439
AT5G39410	AT5G43440	0.8577414062384794
AT5G39410	AT4G17140	0.8983040211626948
AT5G39410	AT3G55450	0.8575331342575675
AT5G39410	AT1G51610	0.9346505564145241
AT5G39410	AT1G48210	0.9343277979575331
AT5G39410	AT5G18540	0.9463157305813599
AT5G39410	AT5G25210	0.8364933473330843
AT5G39410	AT1G69830	0.9297683675502871
AT5G39410	AT1G49220	0.874051834737345
AT5G39410	AT3G57770	0.8244577449998264
AT5G39410	AT2G15970	0.9032151309348522
AT5G39410	AT1G31850	0.9132925882687577
AT5G39410	AT1G12710	0.8890501591359179
AT5G39410	AT1G68050	0.839195452127913
AT5G39410	AT3G14310	0.9490602210339657
AT5G39410	AT2G01170	0.9531768732208467
AT5G39410	AT2G39900	0.8925874400316395
AT5G39410	AT2G02100	0.9359916163047358
AT5G39410	AT5G42500	0.8512696954915971
AT5G39410	AT3G58570	0.9671063354982848
AT5G39410	AT3G16180	0.9282807603538145
AT5G39410	AT3G01310	0.9347538196804984
AT5G39410	AT3G26580	0.9362965054884649
AT5G39410	AT1G12845	0.88226543264512
AT5G39410	AT2G43535	0.8642913004276872
AT5G39410	AT4G12750	0.8317024113128432
AT5G39410	AT3G56720	0.8932940056783392
AT5G39410	AT1G70420	0.8022709364793806
AT5G39410	AT4G05330	0.9189652636986684
AT5G39410	AT1G21680	0.9126263384544562
AT5G39410	AT1G53035	0.9012510663158869
AT5G39410	AT4G11600	0.9243804373736533
AT5G39410	AT1G75960	0.8356758951667818
AT5G39410	AT3G16740	0.8292376526449952
AT5G39410	AT4G19390	0.9490189841858983
AT5G39410	AT5G10530	0.8455049460504057
AT5G39410	AT1G06460	0.9424769905239233
AT5G39410	AT1G33970	0.8120235617315725
AT5G39410	AT3G46440	0.9108744794068794
AT5G39410	AT1G13930	0.8798024320728676
AT5G39410	AT5G63420	0.9736659795056636
AT5G39410	AT2G19450	0.9460905973925865
AT5G39410	AT5G62350	0.8148781074043867
AT5G39410	AT4G33490	0.9832903372867836
AT5G39410	AT4G14230	0.921899853310822
AT5G39410	AT5G27930	0.9302030539695759
AT5G39410	AT3G05800	0.84836158503495
AT4G11660	AT1G14200	0.9496907018301722
AT4G11660	AT5G09590	0.9149184475479889
AT4G11660	AT1G03070	0.8107002981401783
AT4G11660	AT3G07150	0.8603081665991178
AT4G11660	AT2G24100	0.8500564405695257
AT4G11660	AT5G47610	0.8992238360556208
AT4G11660	AT4G23570	0.9134004981170227
AT4G11660	AT3G07090	0.9547106522472038
AT4G11660	AT3G22090	0.8025095923298325
AT4G11660	AT2G25140	0.9127209059496506
AT4G11660	AT5G23480	0.9339521369560272
AT4G11660	AT3G12050	0.927211077620451
AT4G11660	AT3G25230	0.9342216979013466
AT4G11660	AT1G56170	0.9271364057814675
AT4G11660	AT5G56030	0.8940249390688197
AT4G11660	AT5G62020	0.9210331221130383
AT4G11660	AT3G17611	0.9443645746685635
AT4G11660	AT3G23990	0.822738997657385
AT4G11660	AT5G56010	0.8089354864126409
AT4G11660	AT1G55530	0.9667773540097409
AT4G11660	AT2G21940	0.8768887256373894
AT4G11660	AT1G10050	0.823892067401009
AT4G11660	AT4G17250	0.8469878011827962
AT4G11660	AT3G15770	0.8371957756015931
AT4G11660	AT2G41160	0.9264863018256575
AT4G11660	AT5G53400	0.901136442121558
AT4G11660	AT2G47730	0.8125488424921284
AT4G11660	AT4G30490	0.9071056243205347
AT4G11660	AT2G29450	0.887210868575766
AT4G11660	AT2G36460	0.8926365667224132
AT4G11660	AT3G57880	0.8712590401607332
AT5G52760	AT5G45340	0.8091565814711988
AT4G16260	AT4G25820	0.8205906881561259
AT1G14200	AT5G09590	0.8873771009438881
AT1G14200	AT1G18330	0.880492766371864
AT1G14200	AT2G24100	0.8575424589867788
AT1G14200	AT5G47610	0.8345467674175228
AT1G14200	AT4G23570	0.9323058554390616
AT1G14200	AT3G07090	0.9379925597627945
AT1G14200	AT2G25140	0.8732345788207163
AT1G14200	AT5G23480	0.8937800396272253
AT1G14200	AT3G12050	0.9113163864450835
AT1G14200	AT3G25230	0.9030765754099693
AT1G14200	AT1G56170	0.8211772518980558
AT1G14200	AT5G56030	0.9058724207913008
AT1G14200	AT5G62020	0.8912119680849064
AT1G14200	AT3G17611	0.882684292651291
AT1G14200	AT5G04340	0.8350916321324531
AT1G14200	AT5G56010	0.8386591901203775
AT1G14200	AT1G55530	0.915153827694833
AT1G14200	AT2G21940	0.8324722666937061
AT1G14200	AT3G15770	0.8462432604294364
AT1G14200	AT2G41160	0.891174417436328
AT1G14200	AT5G53400	0.8682840190482692
AT1G14200	AT2G47730	0.8281455412190813
AT1G14200	AT4G30490	0.8987575395637873
AT1G14200	AT2G29450	0.8409622144325257
AT1G14200	AT2G36460	0.8478206158404088
AT1G14200	AT3G57880	0.845088150388133
AT5G44010	AT2G25730	0.8530761316047898
AT5G44010	AT2G28840	0.8792422130302716
AT5G44010	AT1G29395	0.8374822951172173
AT5G44010	AT3G26740	0.9384046235803503
AT5G44010	AT5G23660	0.8363823902136529
AT5G44010	AT5G51570	0.8707567903713465
AT5G44010	AT4G39090	0.9169468729697
AT5G44010	AT2G31360	0.8413146612409302
AT5G44010	AT3G18080	0.8034501700861323
AT5G44010	AT5G61800	0.8149626394032081
AT5G44010	AT3G05880	0.9063183303481426
AT5G44010	AT3G50500	0.8039758094779991
AT5G44010	AT3G10410	0.8758554995964439
AT5G44010	AT5G57110	0.8593495913343515
AT5G44010	AT1G09190	0.8053175093165846
AT5G44010	AT5G27280	0.8695481478412349
AT5G44010	AT2G45560	0.9103753073398521
AT5G44010	AT1G49650	0.8689635828000147
AT5G44010	AT3G52180	0.8198771388066187
AT5G44010	AT2G29630	0.9281084964126086
AT5G44010	AT1G67660	0.9603895136045589
AT5G44010	AT5G14920	0.8090429196780524
AT5G44010	AT3G53800	0.857864893446483
AT5G44010	AT4G18520	0.8900868949381031
AT5G44010	AT4G18240	0.8798294494574899
AT5G44010	AT1G67970	0.8405862521275589
AT5G44010	AT2G17840	0.9095878093154416
AT5G44010	AT5G14550	0.8891126451454789
AT5G44010	AT1G51940	0.879756410154986
AT5G44010	AT5G02860	0.9370644537103118
AT5G44010	AT1G79440	0.8565787416481558
AT5G44010	AT4G33700	0.8328964624552112
AT5G44010	AT1G27630	0.9192515039072492
AT5G44010	AT1G80480	0.8170798031897057
AT5G44010	AT1G26665	0.8256241160622596
AT5G44010	245432_at	0.8244258385715018
AT5G44010	AT3G02330	0.8888332150980076
AT5G44010	AT4G02370	0.8658470324577099
AT5G44010	AT5G62720	0.8070288034928055
AT5G44010	AT5G09630	0.8039229305182068
AT5G44010	AT5G63810	0.8350324959533163
AT5G44010	AT1G70820	0.8849362954040901
AT5G44010	AT3G50700	0.8716049101382932
AT5G44010	AT5G03240	0.8688999700449791
AT5G44010	AT5G43440	0.8171000075904972
AT5G44010	AT1G51610	0.8633147189065773
AT5G44010	AT5G25210	0.8096858992884705
AT5G44010	AT1G69830	0.8530642419345712
AT5G44010	AT3G57770	0.8328082067588684
AT5G44010	AT2G15970	0.9021171179511149
AT5G44010	AT1G31850	0.8317544979564554
AT5G44010	AT1G12710	0.8891985732928389
AT5G44010	AT3G14310	0.885090057131185
AT5G44010	AT2G01170	0.8762142052149896
AT5G44010	AT2G39900	0.8484716655108883
AT5G44010	AT2G02100	0.8415616766460157
AT5G44010	AT3G58570	0.8963259392883209
AT5G44010	AT3G16180	0.8486690762595812
AT5G44010	AT3G01310	0.8805458883168397
AT5G44010	AT3G26580	0.921506375165968
AT5G44010	AT1G12845	0.8490726410516566
AT5G44010	AT2G43535	0.8241197536204916
AT5G44010	AT4G12750	0.8103881049750471
AT5G44010	AT3G56720	0.8797622612820131
AT5G44010	AT1G70420	0.8394570565824734
AT5G44010	AT4G05330	0.9043890509553424
AT5G44010	AT1G21680	0.8907214166138965
AT5G44010	AT4G11600	0.8443190668528278
AT5G44010	AT3G16740	0.8434800947724153
AT5G44010	AT4G19390	0.8526959357112152
AT5G44010	AT5G10530	0.801819559705834
AT5G44010	AT1G06460	0.8763878935043193
AT5G44010	AT1G33970	0.8367965437757683
AT5G44010	AT1G13930	0.8658107936629432
AT5G44010	AT5G63420	0.8681141810489927
AT5G44010	AT2G19450	0.8304493315197011
AT5G44010	AT5G62350	0.8166302743586134
AT5G44010	AT4G33490	0.8857442485501548
AT5G44010	AT4G14230	0.8491700530854281
AT5G44010	AT5G27930	0.9527798699080159
AT5G59070	AT2G43820	0.8013148008169108
AT3G15450	AT1G19180	0.8767220057789182
AT3G15450	AT1G80440	0.8485995668544765
AT3G15450	AT2G17880	0.8003189442524581
AT3G15450	AT5G22920	0.9416976275348916
AT3G15450	AT2G18700	0.8993530098881011
AT3G15450	AT5G19120	0.8921091212026498
AT3G15450	AT2G30600	0.8668020408859436
AT3G15450	AT1G02660	0.8219194690371577
AT3G15450	AT2G36050	0.8754032146815747
AT3G15450	AT5G49450	0.8192201349046239
AT3G15450	AT3G15500	0.8506944429279407
AT3G15450	AT2G42870	0.8145368515629853
AT3G15450	AT1G70290	0.8558683159529472
AT3G15450	AT3G61060	0.8880651035592882
AT3G15450	AT1G73830	0.8162366290216546
AT3G47420	AT5G23730	0.9294171054040071
AT3G47420	AT5G64170	0.8143701575555333
AT3G47420	AT4G14690	0.8088226758096081
AT3G47420	AT2G21650	0.8320877606509359
AT3G47420	AT2G31380	0.9171767042602208
AT3G47420	AT3G27170	0.8759280939673679
AT3G47420	AT4G08300	0.8604618579683643
AT3G47420	AT2G21320	0.8757237762692174
AT3G47420	AT1G64500	0.8675018684949252
AT3G47420	AT5G35970	0.8715027304690197
AT3G47420	AT3G15310	0.8281120918298328
AT3G47420	AT4G02850	0.8608723951306186
AT3G47420	AT3G16150	0.8125805290810443
AT3G47420	AT5G66740	0.837756646675611
AT3G47420	AT5G24120	0.9095185490366106
AT3G47420	AT3G01550	0.8680878928483039
AT3G47420	AT4G15430	0.8988951811872883
AT3G47420	AT3G56290	0.832498592291747
AT3G47420	AT2G24540	0.8921417953577341
AT3G47420	AT3G01060	0.8995047703501942
AT3G47420	AT4G38960	0.8429900220527596
AT3G47420	AT3G51920	0.8699535188660356
AT3G47420	AT3G14770	0.8197555166719444
AT3G47420	AT5G39660	0.8263345789946916
AT3G47420	AT3G57040	0.805155903402745
AT3G47420	AT1G75100	0.8458420235665977
AT3G47420	AT1G70985	0.815027565761669
AT3G47420	AT3G24170	0.8545499007919624
AT3G47420	AT1G17050	0.8025710392630746
AT3G47420	AT5G05860	0.8381359467753853
AT3G47420	AT1G07450	0.8246551351986967
AT3G47420	AT1G79270	0.8309319795510873
AT3G17609	AT3G51240	0.899796461566865
AT3G17609	AT5G23730	0.931789266341097
AT3G17609	AT1G64780	0.8943447657811681
AT3G17609	AT4G14690	0.853956208071769
AT3G17609	AT3G27170	0.8351319378192462
AT3G17609	AT4G08300	0.8603303877773164
AT3G17609	AT5G15950	0.9033901665821591
AT3G17609	AT5G42760	0.9011242489084055
AT3G17609	AT1G64500	0.8925297013566559
AT3G17609	AT1G65490	0.8106495465880457
AT3G17609	AT3G15310	0.8984030521696099
AT3G17609	AT3G16150	0.8170705716934032
AT3G17609	AT5G48540	0.82469234414176
AT3G17609	AT5G24120	0.8750654334299178
AT3G17609	AT5G18670	0.9049091698556746
AT3G17609	AT2G46735	0.8027610679898123
AT3G17609	AT1G68440	0.87885459758861
AT3G17609	AT3G01550	0.8688176356693961
AT3G17609	AT4G15430	0.8995359781177981
AT3G17609	AT3G56290	0.9601967671613533
AT3G17609	AT5G13930	0.8317860490548347
AT3G17609	AT2G24540	0.8229796309071792
AT3G17609	AT3G01060	0.8739227307914055
AT3G17609	AT3G09520	0.8458646657439027
AT3G17609	AT1G65870	0.8869667477393338
AT3G17609	AT3G14770	0.9073606222831284
AT3G17609	AT5G39660	0.8452934687319902
AT3G17609	AT5G19240	0.8746385678868406
AT3G17609	AT2G04795	0.8112452878381315
AT3G17609	AT1G78290	0.890730060810879
AT3G17609	AT3G19450	0.9476944851756921
AT3G17609	AT2G32540	0.8257689157470299
AT3G17609	AT3G24170	0.968018269290236
AT3G17609	AT1G17050	0.9546082758468292
AT3G17609	AT1G07450	0.8944189289343493
AT3G17609	AT5G15600	0.9004952363392337
AT5G48250	AT2G25730	0.9103735570820893
AT5G48250	AT2G28840	0.8221066401191269
AT5G48250	AT5G23660	0.8901974800068678
AT5G48250	AT5G51570	0.9033666952102715
AT5G48250	AT4G39090	0.8354509602535121
AT5G48250	AT3G05880	0.8907047556271316
AT5G48250	AT3G50500	0.8655858218840804
AT5G48250	AT3G10410	0.8930030592517699
AT5G48250	AT5G57110	0.9141986430412866
AT5G48250	AT5G27280	0.8437035020788727
AT5G48250	AT1G49650	0.8363242416249332
AT5G48250	AT2G29630	0.9129422242035193
AT5G48250	AT1G67660	0.8101565567810135
AT5G48250	AT3G28870	0.8105692819098264
AT5G48250	AT4G18240	0.8293803949999011
AT5G48250	AT1G67970	0.8303381715027884
AT5G48250	AT2G17840	0.8703445192658987
AT5G48250	AT5G14550	0.8882841640119934
AT5G48250	AT5G35735	0.8033194947626773
AT5G48250	AT5G02860	0.8261331252845387
AT5G48250	AT1G79440	0.913499672811538
AT5G48250	AT4G33700	0.8022508231235128
AT5G48250	AT1G27630	0.8653000776170405
AT5G48250	AT1G80480	0.8839244906446999
AT5G48250	AT1G26665	0.9085716427882198
AT5G48250	AT4G02370	0.8439701714228451
AT5G48250	AT5G62720	0.9136866359203172
AT5G48250	AT5G03240	0.9288419670012898
AT5G48250	AT4G17140	0.8790132512942569
AT5G48250	AT1G48210	0.865231235264506
AT5G48250	AT5G18540	0.9152768202793686
AT5G48250	AT1G49220	0.8167446852826034
AT5G48250	AT1G12710	0.8809148118013442
AT5G48250	AT3G14310	0.860898057951907
AT5G48250	AT2G02100	0.889346348730828
AT5G48250	AT5G42500	0.8455170373117651
AT5G48250	AT4G38580	0.8304144686261663
AT5G48250	AT1G17460	0.8143411171105365
AT5G48250	AT3G58570	0.8613492304166162
AT5G48250	AT3G16180	0.8334034144087498
AT5G48250	AT3G26580	0.8374696017910042
AT5G48250	AT4G05330	0.8552906605391487
AT5G48250	AT1G21680	0.8860269608172536
AT5G48250	AT3G16740	0.8139786226472383
AT5G48250	AT4G19390	0.8013495748897825
AT5G48250	AT5G63420	0.9378481088960974
AT5G48250	AT2G19450	0.8594265309002149
AT5G48250	AT4G33490	0.9043893037989107
AT5G48250	AT1G08500	0.8119882036891511
AT5G48250	AT5G08380	0.8139605683266106
AT5G48250	AT3G05800	0.8193972775021087
AT3G51240	AT4G26950	0.8342653089307301
AT3G51240	AT2G45800	0.900123970447635
AT3G51240	AT4G10120	0.8629202709360444
AT3G51240	AT5G15950	0.8710503835857597
AT3G51240	AT4G01080	0.9315876397464659
AT3G51240	AT5G42760	0.9176816123716802
AT3G51240	AT5G18670	0.8142864187173693
AT3G51240	AT5G08640	0.9139577472742759
AT3G51240	AT3G56290	0.849917605002837
AT3G51240	AT5G13930	0.9627487965268678
AT3G51240	AT5G05270	0.8515652029269576
AT3G51240	AT2G18230	0.8361093692065368
AT3G51240	AT2G47800	0.8618099302922867
AT3G51240	AT1G65870	0.8620922455207827
AT3G51240	AT1G78290	0.9524956903959239
AT3G51240	AT3G19450	0.9046560825975687
AT3G51240	AT4G13900	0.8669119923337933
AT3G51240	AT2G32540	0.8017444636899366
AT3G51240	AT3G24170	0.8189715403715427
AT3G51240	AT1G17050	0.9034421530701162
AT3G51240	AT2G37040	0.819438079832059
AT3G51240	AT3G26590	0.837862506910217
AT3G51240	AT3G16910	0.8052757026244459
AT3G51240	AT1G07450	0.8048730824805944
AT3G51240	AT5G15600	0.804853406839079
AT4G01390	AT1G62560	0.8579991729574761
AT4G01390	AT1G03780	0.8308785172363992
AT4G01390	AT5G17220	0.8660960525926958
AT4G01390	AT1G19940	0.8603661188663924
AT4G01390	AT3G20370	0.832918443928044
AT4G01390	AT1G67330	0.8219164485558524
AT4G01390	AT1G74300	0.8596098429667691
AT4G01390	AT1G75040	0.8109708827118609
AT4G01390	AT5G10400	0.8615107878012459
AT4G01390	AT5G44415	0.8229086085466729
AT4G01390	AT2G32990	0.8158516274221611
AT4G01390	AT3G46320	0.8069010855067938
AT4G01390	AT5G59870	0.9145114017838594
AT4G01390	AT5G45960	0.8507492007088864
AT4G26950	AT2G45800	0.9077246995828939
AT4G26950	AT4G10120	0.8384586923924184
AT4G26950	AT4G01080	0.8978353248078271
AT4G26950	AT5G42760	0.8022333165606252
AT4G26950	AT1G06000	0.8126890954329796
AT4G26950	AT5G08640	0.8183519610517379
AT4G26950	AT5G05270	0.8059827546716375
AT4G26950	AT2G47800	0.836757789285911
AT4G26950	AT1G78290	0.8359937529630379
AT4G26950	AT3G26590	0.8433458824719021
AT4G26950	AT3G16910	0.8051795305219074
AT4G26950	AT1G53260	0.8075751913306141
AT5G04770	AT5G41080	0.828022324052156
AT5G04770	AT2G25735	0.8178786728328811
AT5G04770	AT3G19680	0.8093083392368039
AT5G04770	AT2G44500	0.8010459633465109
AT1G62300	AT4G37410	0.9133868859940324
AT1G62300	AT1G59870	0.8048113035437663
AT5G15840	AT3G22231	0.8168311114781941
AT5G15840	AT3G22240	0.8410190103659176
AT3G22840	AT2G24100	0.8989781897329652
AT3G22840	AT5G47610	0.883626559366026
AT3G22840	AT3G07090	0.8320029099610453
AT3G22840	AT2G21320	0.8939919457069178
AT3G22840	AT1G56170	0.8233064371466998
AT3G22840	AT5G62020	0.868803459381466
AT3G22840	AT1G13080	0.8530320251101001
AT3G22840	AT3G50560	0.815516833261
AT3G22840	AT4G30490	0.8616699847221859
AT3G22840	AT2G29450	0.8012844574379901
AT3G50120	AT1G29395	0.8522241426513827
AT3G50120	AT5G57110	0.8731784600932969
AT3G50120	AT5G14550	0.80885135655183
AT3G50120	AT5G11150	0.8418326127844792
AT3G50120	245432_at	0.8009953861517228
AT3G50120	AT5G63810	0.8322970155632698
AT3G50120	AT1G49220	0.8566131478043284
AT3G50120	AT2G15970	0.8138590207026052
AT3G50120	AT5G59200	0.8241763074031991
AT3G50120	AT1G68050	0.8341102550415046
AT3G50120	AT2G01170	0.8135816457953741
AT3G50120	AT1G53035	0.8531865859549516
AT3G50120	AT1G06460	0.860568431870668
AT3G50120	AT4G33490	0.854046512895743
AT3G50120	AT5G27930	0.8132171043318907
AT5G09590	AT1G59980	0.8462970449306816
AT5G09590	AT1G03070	0.919946083606166
AT5G09590	AT3G07150	0.9396528405059477
AT5G09590	AT3G53230	0.9251673931791259
AT5G09590	AT5G47610	0.8745517600622331
AT5G09590	AT4G23570	0.8750527994996898
AT5G09590	AT3G07090	0.8492869108200521
AT5G09590	AT1G07500	0.8499122617209205
AT5G09590	AT1G44414	0.8608464484001943
AT5G09590	AT5G47160	0.8534888954514672
AT5G09590	AT3G22090	0.9128674151836667
AT5G09590	AT2G25140	0.9568298015277026
AT5G09590	AT5G27660	0.8291109152132375
AT5G09590	AT5G05410	0.8877047885273159
AT5G09590	AT5G23480	0.9295836973315081
AT5G09590	AT3G12050	0.953735326691656
AT5G09590	AT3G25230	0.9653686553439195
AT5G09590	AT1G56170	0.859199037100685
AT5G09590	AT5G56030	0.874398097568163
AT5G09590	AT5G62020	0.8311153669450024
AT5G09590	AT1G01940	0.8228835864695389
AT5G09590	AT4G23885	0.9006885968846807
AT5G09590	AT3G17611	0.9147338416398095
AT5G09590	AT3G23990	0.9536434509536968
AT5G09590	AT1G55530	0.9210094057332749
AT5G09590	AT2G21940	0.944586651419319
AT5G09590	AT1G10050	0.8559037289445899
AT5G09590	AT5G58590	0.9132363982309059
AT5G09590	AT4G17250	0.8755971635221867
AT5G09590	AT3G03520	0.922140653337586
AT5G09590	AT2G41160	0.9584722285804947
AT5G09590	AT5G53400	0.9643161770735477
AT5G09590	AT3G29810	0.85438192844947
AT5G09590	AT3G52830	0.9062842854834507
AT5G09590	AT4G26780	0.8956283599410289
AT5G09590	AT2G36460	0.947292771220311
AT5G09590	AT5G58787	0.8872498641797787
AT5G09590	AT3G07770	0.9153930307794887
AT5G09590	AT3G57880	0.889750180019168
AT5G23730	AT1G64780	0.8441610391501354
AT5G23730	AT4G14690	0.8538336708764052
AT5G23730	AT2G31380	0.8797785940662183
AT5G23730	AT3G27170	0.8896349645998372
AT5G23730	AT4G08300	0.9055276716103368
AT5G23730	AT5G15950	0.8479683153577519
AT5G23730	AT2G21320	0.814339062171911
AT5G23730	AT1G64500	0.9013696541865694
AT5G23730	AT5G35970	0.8150024204471138
AT5G23730	AT3G15310	0.899331670929768
AT5G23730	AT4G02850	0.890456355204885
AT5G23730	AT3G16150	0.881149894580357
AT5G23730	AT5G66740	0.8416890240008348
AT5G23730	AT5G48540	0.8172991081686056
AT5G23730	AT5G24120	0.943532497064592
AT5G23730	AT5G18670	0.8996024155261864
AT5G23730	AT1G68440	0.9016523722953134
AT5G23730	AT3G01550	0.9257627009506244
AT5G23730	AT4G15430	0.9554024744070786
AT5G23730	AT3G56290	0.9257296440672493
AT5G23730	AT2G24540	0.8863782280371971
AT5G23730	AT3G01060	0.9173397474417134
AT5G23730	AT4G38960	0.8343569687226114
AT5G23730	AT1G26790	0.8016307383395023
AT5G23730	AT3G51920	0.8966715092651395
AT5G23730	AT1G65870	0.8892443085645232
AT5G23730	AT3G14770	0.9367088737474422
AT5G23730	AT5G39660	0.9040894661869887
AT5G23730	AT5G19240	0.8387861152827244
AT5G23730	AT3G57040	0.8749085764665911
AT5G23730	AT2G04795	0.8357190229747473
AT5G23730	AT3G19450	0.9093460143867681
AT5G23730	AT1G75100	0.8031360130407424
AT5G23730	AT3G24170	0.9536522335880625
AT5G23730	AT1G17050	0.9251856133762408
AT5G23730	AT5G05860	0.824546466156527
AT5G23730	AT1G07450	0.8950948867936724
AT5G23730	AT1G79270	0.8494555544504563
AT5G23730	AT5G15600	0.8914696132034289
AT2G25730	AT2G28840	0.9401051409614248
AT2G25730	AT1G29395	0.8431291535777407
AT2G25730	AT3G26740	0.890022388417796
AT2G25730	AT5G23660	0.9356528394983239
AT2G25730	AT5G51570	0.9843485056351848
AT2G25730	AT4G39090	0.895467982611656
AT2G25730	AT2G31360	0.8077321327140597
AT2G25730	AT1G51090	0.8023639134536998
AT2G25730	AT3G18080	0.8295276427706014
AT2G25730	AT3G05880	0.9595019751603033
AT2G25730	AT3G50500	0.8974001649956086
AT2G25730	AT3G10410	0.9554587554720793
AT2G25730	AT5G57110	0.9148952563203294
AT2G25730	AT5G27280	0.9019332192285946
AT2G25730	AT2G45560	0.9026329562329489
AT2G25730	AT1G49650	0.8963310271400897
AT2G25730	AT2G16660	0.8091128502620354
AT2G25730	AT3G52180	0.8980367303788611
AT2G25730	AT2G29630	0.957221222950209
AT2G25730	AT1G67660	0.9102374861107158
AT2G25730	AT5G14920	0.8404004781424342
AT2G25730	AT3G28870	0.8294314073657998
AT2G25730	AT4G18520	0.833561719343117
AT2G25730	AT4G18240	0.9491919432256086
AT2G25730	AT1G67970	0.8683557680663703
AT2G25730	AT2G17840	0.928738763703352
AT2G25730	AT5G14550	0.915901571768914
AT2G25730	AT5G35735	0.8505807176361583
AT2G25730	AT5G11150	0.8057086018329952
AT2G25730	AT5G02860	0.9084198314395888
AT2G25730	AT1G79440	0.9307395189825027
AT2G25730	AT4G33700	0.923318799331676
AT2G25730	AT1G27630	0.9319835218863614
AT2G25730	AT1G80480	0.8687245474013181
AT2G25730	AT1G26665	0.9304822553278221
AT2G25730	245432_at	0.8114870389436437
AT2G25730	AT3G02330	0.8548302366797608
AT2G25730	AT2G43550	0.8019275310194073
AT2G25730	AT4G02370	0.8943533947054828
AT2G25730	AT5G62720	0.9234915887127542
AT2G25730	AT5G63810	0.825212394399863
AT2G25730	AT1G70820	0.8268378035104883
AT2G25730	AT3G59820	0.8307197120264602
AT2G25730	AT3G50700	0.8002100221821242
AT2G25730	AT5G03240	0.9521607403546127
AT2G25730	AT4G17140	0.930178496282333
AT2G25730	AT3G55450	0.8484279798624708
AT2G25730	AT1G51610	0.8288281746183764
AT2G25730	AT1G48210	0.9085458914743494
AT2G25730	AT5G18540	0.9506718121500142
AT2G25730	AT3G61920	0.8466098255630133
AT2G25730	AT1G69830	0.8881842765406478
AT2G25730	AT1G49220	0.8034434755273483
AT2G25730	AT2G15970	0.8523286642584781
AT2G25730	AT1G31850	0.8957299970831053
AT2G25730	AT1G12710	0.8446194036289303
AT2G25730	AT3G14310	0.9169150981217422
AT2G25730	AT2G01170	0.8714578857100715
AT2G25730	AT2G39900	0.8507327363958618
AT2G25730	AT2G02100	0.9142497673727049
AT2G25730	AT5G42500	0.8932900721704766
AT2G25730	AT4G38580	0.8055191505765185
AT2G25730	AT3G58570	0.9354818289662004
AT2G25730	AT3G16180	0.8842742006066446
AT2G25730	AT3G01310	0.8892610795790012
AT2G25730	AT3G26580	0.9076489638819795
AT2G25730	AT2G43535	0.8478505218362289
AT2G25730	AT3G56720	0.8077635384574423
AT2G25730	AT4G05330	0.9173053781690139
AT2G25730	AT1G21680	0.9076105285918717
AT2G25730	AT1G53035	0.8393179143599713
AT2G25730	AT4G11600	0.9248383352136762
AT2G25730	AT3G16740	0.8174555920771875
AT2G25730	AT4G19390	0.9097669519010124
AT2G25730	AT1G06460	0.8500819804047594
AT2G25730	AT3G46440	0.8663508613767127
AT2G25730	AT5G63420	0.9678009687614016
AT2G25730	AT2G19450	0.8904942100219914
AT2G25730	AT4G33490	0.9241698522921823
AT2G25730	AT4G14230	0.8326125694611763
AT2G25730	AT5G27930	0.8383445706992385
AT5G59670	AT5G58310	0.9348585182478956
AT5G59670	AT3G60420	0.8761999126550881
AT5G59670	AT1G47400	0.8318589788495868
AT5G59670	AT4G14400	0.8229940723593883
AT5G59670	AT3G10150	0.8729423211882468
AT5G59670	AT2G18230	0.8799912628830573
AT5G59670	AT2G32290	0.8936189689183311
AT5G59670	AT3G22231	0.865352922768436
AT5G59670	AT3G23120	0.8575027148188816
AT5G59670	AT3G22240	0.8715308738805235
AT5G59670	AT3G16910	0.8414672268465987
AT5G59670	AT4G15440	0.9606394802238305
AT2G28840	AT1G29395	0.8782704819674685
AT2G28840	AT3G26740	0.9319962372597336
AT2G28840	AT5G23660	0.8875260624732435
AT2G28840	AT5G51570	0.9516231543708176
AT2G28840	AT4G39090	0.9185620899296909
AT2G28840	AT4G19120	0.8604226852894901
AT2G28840	AT2G31360	0.9229469059849487
AT2G28840	AT1G51090	0.8345219135335118
AT2G28840	AT3G18080	0.9208790662778062
AT2G28840	AT5G61800	0.8953128278199174
AT2G28840	AT3G05880	0.9601923516152295
AT2G28840	AT3G50500	0.8694636853650046
AT2G28840	AT3G10410	0.9240544945524364
AT2G28840	AT5G57110	0.8981098510289786
AT2G28840	AT5G27280	0.9284358479695346
AT2G28840	AT2G45560	0.9342856961778654
AT2G28840	AT1G49650	0.9303960254815904
AT2G28840	AT2G16660	0.9099946634328616
AT2G28840	AT3G52180	0.924094460340738
AT2G28840	AT2G29630	0.9245547819749258
AT2G28840	AT1G67660	0.9585644434069415
AT2G28840	AT5G14920	0.8971747571891545
AT2G28840	AT3G53800	0.883284992414337
AT2G28840	AT4G18520	0.9308888801383454
AT2G28840	AT4G18240	0.943740056604077
AT2G28840	AT1G67970	0.8846417251639473
AT2G28840	AT2G17840	0.9614260069346415
AT2G28840	AT5G14550	0.9321506165748895
AT2G28840	AT5G35735	0.8850783598460317
AT2G28840	AT1G51940	0.8841145029217515
AT2G28840	AT5G11150	0.848367584667978
AT2G28840	AT3G28290	0.8054332390148424
AT2G28840	AT5G02860	0.9476265040509048
AT2G28840	AT1G79440	0.931772925621881
AT2G28840	AT4G33700	0.9231609710576283
AT2G28840	AT2G06925	0.8745906106413558
AT2G28840	AT1G27630	0.9661675927285958
AT2G28840	AT1G26665	0.8606957397027937
AT2G28840	AT5G26340	0.8238899050242132
AT2G28840	245432_at	0.9018524231347702
AT2G28840	AT3G02330	0.852578594228061
AT2G28840	AT2G43550	0.8211263995140298
AT2G28840	AT4G02370	0.9446570497265813
AT2G28840	AT5G62720	0.873355334983552
AT2G28840	AT5G09630	0.8518764303578972
AT2G28840	AT5G63810	0.8917594997161853
AT2G28840	AT1G70820	0.9157686330835771
AT2G28840	AT3G59820	0.8225876852725197
AT2G28840	AT3G50700	0.8776942096813555
AT2G28840	AT5G03240	0.8911933096613919
AT2G28840	AT5G43440	0.8517820901075638
AT2G28840	AT4G17140	0.8847501243432385
AT2G28840	AT3G55450	0.8462746163839326
AT2G28840	AT1G51610	0.9123211291454509
AT2G28840	AT1G48210	0.8673438564420668
AT2G28840	AT5G18540	0.9049387167783272
AT2G28840	AT5G25210	0.8433546983808932
AT2G28840	AT1G69830	0.9526611236139767
AT2G28840	AT1G49220	0.8237449158719786
AT2G28840	AT3G57770	0.8310355508067149
AT2G28840	AT2G15970	0.9073055055054828
AT2G28840	AT1G31850	0.9317064689937707
AT2G28840	AT1G12710	0.8393901102240918
AT2G28840	AT3G14310	0.9724390284387867
AT2G28840	AT2G01170	0.9437886162703631
AT2G28840	AT2G39900	0.9357920806081208
AT2G28840	AT2G02100	0.9212784180596681
AT2G28840	AT5G42500	0.8126806055331826
AT2G28840	AT3G58570	0.9508685093783898
AT2G28840	AT3G16180	0.9372821784704309
AT2G28840	AT3G01310	0.9671347732803564
AT2G28840	AT3G26580	0.9201536155235723
AT2G28840	AT1G12845	0.9095588752567447
AT2G28840	AT2G43535	0.9153787304883018
AT2G28840	AT3G56720	0.873536706253874
AT2G28840	AT1G70420	0.8451718530219023
AT2G28840	AT4G05330	0.9384772556479689
AT2G28840	AT1G21680	0.875185135748737
AT2G28840	AT1G53035	0.8835233991550383
AT2G28840	AT4G11600	0.9557212126330493
AT2G28840	AT1G75960	0.8811166406866576
AT2G28840	AT3G16740	0.8394532969550513
AT2G28840	AT4G19390	0.945677722386073
AT2G28840	AT1G06460	0.9169426301680833
AT2G28840	AT1G33970	0.8163174554250673
AT2G28840	AT3G46440	0.9259103146106713
AT2G28840	AT3G51660	0.8315495548990743
AT2G28840	AT1G13930	0.9131665748456864
AT2G28840	AT5G63420	0.9221839869930027
AT2G28840	AT2G19450	0.9142669399441371
AT2G28840	AT5G62350	0.8341405223515711
AT2G28840	AT4G33490	0.9254687615080961
AT2G28840	AT4G14230	0.955761788583048
AT2G28840	AT5G27930	0.9001056091702282
AT2G28840	AT3G05800	0.841727678963906
AT2G40130	AT5G61800	0.8336097087275579
AT2G40130	AT3G05880	0.8002863921261798
AT2G40130	AT3G52180	0.8156029511661859
AT2G40130	AT3G14310	0.8171827169127363
AT2G40130	AT2G39900	0.8234382989072432
AT2G40130	AT3G16180	0.8056077663222934
AT2G40130	AT2G43535	0.8008502308034424
AT2G40130	AT4G05330	0.8128541198110822
265674_at	AT2G26020	0.8088808424867832
265674_at	AT4G24110	0.8136681812982569
265674_at	AT1G13610	0.8513655611633786
AT1G13650	AT5G24120	0.8129660250069526
AT1G13650	AT3G01550	0.836754605381877
AT1G13650	AT3G01060	0.8171110283977701
AT1G13650	AT3G51920	0.8485637946011303
AT1G13650	AT3G57040	0.8724547103930308
AT1G13650	AT4G23290	0.8606092564712581
AT1G13650	AT3G01430	0.8322104230718819
AT1G59980	AT1G03070	0.8505030098033317
AT1G59980	AT3G07150	0.8837071579680709
AT1G59980	AT5G07330	0.8562046876848997
AT1G59980	AT3G53230	0.8860373579499852
AT1G59980	AT4G19430	0.8359604471323642
AT1G59980	AT1G07500	0.8338564185745945
AT1G59980	AT1G44414	0.8504768327548843
AT1G59980	AT5G47160	0.8457749999435392
AT1G59980	AT3G22090	0.8144117347908343
AT1G59980	AT2G25140	0.8247727053945662
AT1G59980	AT5G27660	0.8828383239809705
AT1G59980	AT3G25650	0.8068855866999748
AT1G59980	AT1G02700	0.8323480219548148
AT1G59980	AT1G01940	0.8685884036727873
AT1G59980	257239_at	0.8200653657412519
AT1G59980	AT4G23885	0.9004841555320006
AT1G59980	AT3G23990	0.8498841128443315
AT1G59980	AT2G21940	0.8553676461052707
AT1G59980	AT5G58590	0.818499150591147
AT1G59980	AT3G03520	0.8843692925731739
AT1G59980	AT2G41160	0.8150614925868938
AT1G59980	AT5G53400	0.8392606686053529
AT1G59980	AT3G29810	0.8174776243749612
AT1G59980	AT3G52830	0.8426172327205496
AT1G59980	AT4G26780	0.9003633723006534
AT1G59980	AT2G36460	0.8068126212791553
AT1G59980	AT5G58787	0.8927055443035289
AT1G59980	AT3G07770	0.8657663624350481
AT5G46960	AT3G47050	0.8118352203250392
AT1G29395	AT3G26740	0.8858143495882066
AT1G29395	AT5G23660	0.845858922323369
AT1G29395	AT5G51570	0.8653525391741128
AT1G29395	AT4G39090	0.838337482619429
AT1G29395	AT4G19120	0.8313829149060722
AT1G29395	AT1G51090	0.910528344665128
AT1G29395	AT3G18080	0.8985455586911055
AT1G29395	AT3G05880	0.9052798583709247
AT1G29395	AT3G10410	0.8990523007042088
AT1G29395	AT5G57110	0.9232644987989156
AT1G29395	AT1G09190	0.8116655777628072
AT1G29395	AT5G27280	0.9177248114700409
AT1G29395	AT2G45560	0.8380433889377087
AT1G29395	AT3G52180	0.9159969541362656
AT1G29395	AT2G29630	0.8472601975193541
AT1G29395	AT1G67660	0.8962839544071226
AT1G29395	AT5G14920	0.8048464795555019
AT1G29395	AT3G53800	0.8296943621884083
AT1G29395	AT4G18520	0.8829400581902915
AT1G29395	AT4G18240	0.8718518177977266
AT1G29395	AT1G67970	0.8619628218185761
AT1G29395	AT2G17840	0.8737047793129479
AT1G29395	AT5G14550	0.9020657751396176
AT1G29395	AT5G11150	0.9115164211138531
AT1G29395	AT3G28290	0.863484600585254
AT1G29395	AT5G02860	0.8458065765583358
AT1G29395	AT1G79440	0.9128966853945304
AT1G29395	AT4G33700	0.8112300384429982
AT1G29395	AT2G06925	0.8960870580087364
AT1G29395	AT1G27630	0.8862569492108773
AT1G29395	AT1G26665	0.883838599577501
AT1G29395	245432_at	0.9053263795881852
AT1G29395	AT3G02330	0.8035536910434576
AT1G29395	AT2G43550	0.8093298875308736
AT1G29395	AT4G02370	0.8404785780196857
AT1G29395	AT5G62720	0.8381384065391131
AT1G29395	AT5G63810	0.9704997712085027
AT1G29395	AT1G70820	0.8945541644372904
AT1G29395	AT5G03240	0.8426277446451181
AT1G29395	AT5G43440	0.8285778338436702
AT1G29395	AT4G17140	0.8642164108254016
AT1G29395	AT1G51610	0.8816107643307446
AT1G29395	AT1G48210	0.8383642019224282
AT1G29395	AT5G18540	0.8596205133478552
AT1G29395	AT1G69830	0.9280653277123453
AT1G29395	AT1G49220	0.9206853535102519
AT1G29395	AT2G15970	0.9281120571592565
AT1G29395	AT5G59200	0.8063818384777128
AT1G29395	AT1G31850	0.8715498006233818
AT1G29395	AT1G12710	0.8113155042706345
AT1G29395	AT1G68050	0.8067075110204348
AT1G29395	AT3G14310	0.8780097191061054
AT1G29395	AT2G01170	0.9199337195659075
AT1G29395	AT2G39900	0.8981603947548177
AT1G29395	AT2G02100	0.9516244838167112
AT1G29395	AT3G58570	0.9365150978831236
AT1G29395	AT3G16180	0.9087075020209527
AT1G29395	AT3G01310	0.9197116864714786
AT1G29395	AT3G26580	0.8269891045553477
AT1G29395	AT1G12845	0.9070540082507418
AT1G29395	AT2G43535	0.8868072560848944
AT1G29395	AT3G56720	0.827112913383355
AT1G29395	AT4G05330	0.8551034228399124
AT1G29395	AT1G53035	0.9256136805015974
AT1G29395	AT4G11600	0.8498154706801128
AT1G29395	AT1G75960	0.8785733759927791
AT1G29395	AT4G19390	0.9054095637106889
AT1G29395	AT5G10530	0.8762315689694203
AT1G29395	AT1G06460	0.9502703854615345
AT1G29395	AT3G46440	0.886971911393647
AT1G29395	AT1G13930	0.8589148372585776
AT1G29395	AT5G63420	0.8821218302314702
AT1G29395	AT2G19450	0.8701690467573837
AT1G29395	AT4G33490	0.9401339888997577
AT1G29395	AT4G14230	0.8859745417226123
AT1G29395	AT1G43980	0.8076686527926568
AT1G29395	AT5G27930	0.8983672510452646
AT1G29395	AT1G20840	0.8028690305539119
AT1G29395	AT3G05800	0.9008168330687372
AT1G24095	AT1G51380	0.8302324049318334
AT1G24095	ATMG00640	0.83310103607272
AT5G54720	AT1G32740	0.8031442638433611
AT5G54720	AT5G05270	0.8186521520099959
AT5G54720	AT5G19240	0.8250748961219737
AT5G54720	AT3G19450	0.8412634204070937
AT5G54720	AT5G01810	0.810511659540479
AT5G54720	AT1G17050	0.8203085103661496
AT5G54720	AT2G37040	0.8531264768113364
AT5G54720	AT3G26590	0.8142319085743067
AT5G54720	AT4G00970	0.8032504135641456
AT3G21470	AT4G19120	0.8024474561448449
AT3G21470	AT5G61800	0.806487507938371
AT3G21470	AT5G56310	0.9318790256534106
AT3G21470	AT2G45560	0.8048834845686718
AT3G21470	AT5G11150	0.8351630571409271
AT3G21470	AT5G17460	0.8168971802007609
AT3G21470	AT1G51610	0.848092287340441
AT3G21470	AT5G40410	0.8232999850299777
AT3G21470	AT3G57770	0.892238876776222
AT3G21470	AT1G68050	0.8723028229940941
AT3G21470	AT1G78995	0.8821354992855899
AT3G21470	AT4G19390	0.8281274261845857
AT3G21470	AT1G75880	0.8135676384558115
AT3G21470	AT5G27930	0.843822777988905
AT1G62560	AT4G10120	0.8929407410041019
AT1G62560	AT5G36710	0.8193601690063756
AT1G62560	AT1G06000	0.8286323842427391
AT1G62560	AT5G17220	0.9193253584745069
AT1G62560	AT5G08640	0.850333655123133
AT1G62560	AT1G32740	0.8135112674160401
AT1G62560	AT1G19940	0.8711738867205325
AT1G62560	AT5G05270	0.9163580234177356
AT1G62560	AT5G55450	0.8030923255438018
AT1G62560	AT5G65870	0.9249904205072083
AT1G62560	AT1G67330	0.8537057478059464
AT1G62560	AT1G74300	0.9643000741363533
AT1G62560	AT2G40230	0.8814583536052675
AT1G62560	AT1G75040	0.8338586496795161
AT1G62560	AT5G10400	0.8708810509288429
AT1G62560	AT1G62540	0.8165723114110413
AT1G62560	AT2G37040	0.8748463879193273
AT1G62560	AT3G26590	0.8694357539003447
AT1G62560	AT1G72910	0.8932584223144292
AT1G62560	AT2G32990	0.8130861875978966
AT1G62560	AT3G46320	0.875683793058498
AT1G62560	AT1G53260	0.8214209835506743
AT1G62560	AT4G29700	0.8357297876252059
AT1G62560	AT5G59870	0.8860854947437036
AT1G62560	AT5G10390	0.8527495639537246
AT4G16000	AT5G04190	0.8149157876996705
AT4G16000	AT4G27450	0.8216865720131279
AT4G16000	AT3G27690	0.8182500072198389
AT4G16000	AT2G18700	0.8440821169752868
AT4G16000	AT3G59060	0.8316047391033765
AT4G16000	AT5G59080	0.9605758075647989
AT4G16000	AT3G03830	0.8066097134602565
AT4G16000	AT1G29450	0.8386972708840335
AT4G16000	AT5G57660	0.8256222346700479
AT1G58430	AT2G20870	0.8136122048723703
AT1G58430	AT5G22430	0.8754807388821391
AT1G13260	AT1G19180	0.8517336637275216
AT1G13260	AT2G28120	0.8264876508996843
AT1G13260	AT4G17500	0.8688481581029052
AT1G13260	AT5G49450	0.8215989737428364
AT1G13260	AT3G49790	0.8094694469332233
AT1G13260	AT3G52400	0.8286819545111471
AT1G13260	AT1G57943	0.8173489202037139
AT1G13260	AT5G07440	0.8057239262083794
AT1G13260	AT1G57990	0.8201740212803031
AT1G13260	AT5G05440	0.8451335652411328
AT1G64780	AT5G15950	0.8315466097086852
AT1G64780	AT2G21320	0.8425209636610937
AT1G64780	AT5G42760	0.8759004925146701
AT1G64780	AT1G64500	0.9322606825984009
AT1G64780	AT1G65490	0.9154388088657645
AT1G64780	AT3G15310	0.8088999699108065
AT1G64780	AT5G18670	0.8877459334433921
AT1G64780	AT2G46735	0.861869025903043
AT1G64780	AT1G68440	0.8584848079309927
AT1G64780	AT4G15430	0.8134252213421282
AT1G64780	AT3G56290	0.9432435493960705
AT1G64780	AT2G24540	0.8592017506884386
AT1G64780	AT3G09520	0.8867155848158813
AT1G64780	AT3G14770	0.8104232006848412
AT1G64780	AT5G39660	0.816646518537666
AT1G64780	AT2G04795	0.8986728994476211
AT1G64780	AT1G78290	0.8596886357042589
AT1G64780	AT2G32540	0.8771824488044552
AT1G64780	AT3G24170	0.8586384341396673
AT1G64780	AT1G17050	0.8170932877937684
AT1G64780	AT2G22240	0.8244474557676991
AT1G64780	AT1G79270	0.895653483786825
AT1G64780	AT5G15600	0.809760835140234
AT3G09870	AT5G41080	0.8279100827879632
AT3G26740	AT5G23660	0.854413530629756
AT3G26740	AT5G51570	0.8895028720236272
AT3G26740	AT1G28330	0.8272751003274861
AT3G26740	AT3G47160	0.861413353955523
AT3G26740	AT4G39090	0.9683613519549583
AT3G26740	AT2G31360	0.8606203786131952
AT3G26740	AT3G18080	0.843118018944974
AT3G26740	AT5G61800	0.8058458556487179
AT3G26740	AT3G05880	0.9398911384299283
AT3G26740	AT3G50500	0.8597320179756277
AT3G26740	AT3G10410	0.8920368525536897
AT3G26740	AT5G57110	0.8785232137501683
AT3G26740	AT5G27280	0.9154989710131888
AT3G26740	AT2G45560	0.87934257083151
AT3G26740	AT1G49650	0.9316734643906276
AT3G26740	AT2G16660	0.8153083923380955
AT3G26740	AT2G15960	0.8217913289529558
AT3G26740	AT3G52180	0.8573431487479836
AT3G26740	AT2G29630	0.9116091891192314
AT3G26740	AT1G67660	0.9537671808043087
AT3G26740	AT5G14920	0.8763096311114842
AT3G26740	AT3G53800	0.9392112149985138
AT3G26740	AT4G18520	0.9212001621836158
AT3G26740	AT4G18240	0.88585114003646
AT3G26740	AT1G67970	0.897712776766937
AT3G26740	AT2G17840	0.9304759865248137
AT3G26740	AT5G14550	0.8869490636166002
AT3G26740	AT5G35735	0.8048764348383206
AT3G26740	AT1G51940	0.9207625197728471
AT3G26740	AT5G02860	0.9410125949678919
AT3G26740	AT1G79440	0.888128188715898
AT3G26740	AT4G33700	0.845647027989519
AT3G26740	AT1G27630	0.9366767645856042
AT3G26740	AT1G80480	0.8081818522379786
AT3G26740	AT1G26665	0.8644823591342956
AT3G26740	245432_at	0.8499138365059394
AT3G26740	AT3G02330	0.8699511663220106
AT3G26740	AT4G02370	0.9295908716339032
AT3G26740	AT5G62720	0.8758342895195804
AT3G26740	AT5G09630	0.8289612483084094
AT3G26740	AT5G63810	0.8727863411844704
AT3G26740	AT1G70820	0.9390378945655921
AT3G26740	AT3G59820	0.8151385549441605
AT3G26740	AT3G50700	0.91123052999723
AT3G26740	AT5G03240	0.8925259934345758
AT3G26740	AT5G43440	0.8821998769146397
AT3G26740	AT4G17140	0.8139209093707119
AT3G26740	AT1G51610	0.8507637072318279
AT3G26740	AT1G48210	0.8241410533896423
AT3G26740	AT5G57630	0.8095203445714454
AT3G26740	AT5G18540	0.8583448790188107
AT3G26740	AT5G25210	0.8755682655528312
AT3G26740	AT1G69830	0.8911428842530428
AT3G26740	AT1G49220	0.8119699655843524
AT3G26740	AT4G05150	0.8116664759945772
AT3G26740	AT2G15970	0.892793997881819
AT3G26740	AT1G31850	0.8526840685666837
AT3G26740	AT1G12710	0.8743527496398722
AT3G26740	AT3G14310	0.9398071560285518
AT3G26740	AT2G01170	0.8993434088805875
AT3G26740	AT2G39900	0.9045242064355946
AT3G26740	AT2G02100	0.8811011416755673
AT3G26740	AT3G58570	0.9228887690215072
AT3G26740	AT3G16180	0.8653614638291711
AT3G26740	AT3G01310	0.9257498579437
AT3G26740	AT3G26580	0.936399531965995
AT3G26740	AT1G12845	0.8802077157126903
AT3G26740	AT2G43535	0.8739293760280302
AT3G26740	AT3G56720	0.9177486793470031
AT3G26740	AT1G70420	0.8234900193807692
AT3G26740	AT4G05330	0.9338818461660847
AT3G26740	AT1G21680	0.9067951852245427
AT3G26740	AT1G53035	0.8097402047069533
AT3G26740	AT4G11600	0.8581303188693643
AT3G26740	AT1G75960	0.8453159416243102
AT3G26740	AT3G16740	0.8821762699008048
AT3G26740	AT4G19390	0.8836625869544663
AT3G26740	AT5G10530	0.8610185743526306
AT3G26740	AT1G06460	0.897491230072996
AT3G26740	AT1G33970	0.8617644566674507
AT3G26740	AT3G46440	0.8095737085166179
AT3G26740	AT3G51660	0.8056753971943194
AT3G26740	AT1G13930	0.8581349902185573
AT3G26740	AT5G63420	0.895060594255695
AT3G26740	AT2G19450	0.8785205611602193
AT3G26740	AT5G62350	0.8666684328703993
AT3G26740	AT4G33490	0.8935346269954052
AT3G26740	AT4G14230	0.8709067018219994
AT3G26740	AT5G27930	0.9120923087263728
AT3G26740	AT1G67370	0.801427895640756
AT5G23660	AT5G51570	0.906972108654924
AT5G23660	AT4G39090	0.8297332767455905
AT5G23660	AT4G19120	0.8053372907435002
AT5G23660	AT3G18080	0.8259304679212411
AT5G23660	AT3G05880	0.9069892208920528
AT5G23660	AT5G56310	0.8111708824842909
AT5G23660	AT3G10410	0.9852510138665244
AT5G23660	AT5G57110	0.9374848037560204
AT5G23660	AT1G09190	0.8251420516180464
AT5G23660	AT5G27280	0.8235514901645015
AT5G23660	AT2G45560	0.8574144872610661
AT5G23660	AT1G49650	0.8647006805397733
AT5G23660	AT3G52180	0.8685760093686195
AT5G23660	AT2G29630	0.9447582719604384
AT5G23660	AT1G67660	0.8663577113964449
AT5G23660	AT4G18520	0.8204125414289118
AT5G23660	AT4G18240	0.9421913281967398
AT5G23660	AT1G67970	0.8889645612471855
AT5G23660	AT2G17840	0.894085871892302
AT5G23660	AT5G14550	0.9291417391148467
AT5G23660	AT5G11150	0.8839640246780611
AT5G23660	AT5G02860	0.8563729686930651
AT5G23660	AT1G79440	0.8991173182932909
AT5G23660	AT4G33700	0.9542020702691087
AT5G23660	AT1G27630	0.9135111549737123
AT5G23660	AT1G26665	0.9765030448731651
AT5G23660	AT3G02330	0.8370506645002913
AT5G23660	AT2G43550	0.8068782951680087
AT5G23660	AT4G02370	0.833358396920891
AT5G23660	AT5G62720	0.9254882064975594
AT5G23660	AT3G59820	0.8223268326070557
AT5G23660	AT5G03240	0.8883076125024475
AT5G23660	AT4G17140	0.9089985597070978
AT5G23660	AT3G55450	0.9306502469728736
AT5G23660	AT1G51610	0.869769808715841
AT5G23660	AT1G48210	0.9759497401571795
AT5G23660	AT5G18540	0.91637403944857
AT5G23660	AT5G25210	0.8094275277051796
AT5G23660	AT1G69830	0.8354054905659831
AT5G23660	AT1G49220	0.8772776197579274
AT5G23660	AT3G57770	0.8602143690711892
AT5G23660	AT1G31850	0.9094290686962603
AT5G23660	AT1G12710	0.8004870488130651
AT5G23660	AT1G68050	0.8933123681982756
AT5G23660	AT3G14310	0.8989083869636214
AT5G23660	AT2G01170	0.8608877165099993
AT5G23660	AT2G02100	0.8955966621461083
AT5G23660	AT5G42500	0.8239625510545256
AT5G23660	AT3G58570	0.8976671630015632
AT5G23660	AT3G16180	0.8851619205316363
AT5G23660	AT3G01310	0.8019716569328892
AT5G23660	AT3G26580	0.8294361976878261
AT5G23660	AT2G43535	0.8237129417411531
AT5G23660	AT4G05330	0.8268358154330799
AT5G23660	AT1G21680	0.8485481985515099
AT5G23660	AT1G53035	0.8405237703858042
AT5G23660	AT4G11600	0.8468115619030533
AT5G23660	AT4G19390	0.9371194902915949
AT5G23660	AT1G06460	0.8500973241235852
AT5G23660	AT3G46440	0.866542404796564
AT5G23660	AT5G63420	0.9556903589747411
AT5G23660	AT2G19450	0.8819439369813195
AT5G23660	AT4G33490	0.9298646305413344
AT5G23660	AT4G14230	0.8072670680198663
AT5G23660	AT5G27930	0.8769553724341024
AT2G45800	AT4G10120	0.9137222265843022
AT2G45800	AT4G01080	0.8942322806162174
AT2G45800	AT1G06000	0.8092538154993367
AT2G45800	AT5G08640	0.8777304285584461
AT2G45800	AT5G13930	0.8443694255434477
AT2G45800	AT5G05270	0.8451419211028033
AT2G45800	AT2G18230	0.8269447716748807
AT2G45800	AT2G47800	0.8188420415224947
AT2G45800	AT1G65870	0.8479005900651655
AT2G45800	AT1G78290	0.8833053217688738
AT2G45800	AT3G19450	0.8763459306110459
AT2G45800	AT1G17050	0.821877537933974
AT2G45800	AT2G37040	0.8221493103678118
AT2G45800	AT3G26590	0.8679124695148204
AT2G45800	AT1G53260	0.8641945410062597
AT4G27290	AT2G47560	0.819738860544032
AT4G10120	AT3G60420	0.8143121777745412
AT4G10120	AT4G01080	0.8786508465798762
AT4G10120	AT1G06000	0.8517159128419206
AT4G10120	AT5G17220	0.874210363922964
AT4G10120	AT5G08640	0.8913534579614645
AT4G10120	AT3G10150	0.937508911687428
AT4G10120	AT1G19940	0.8365450758681486
AT4G10120	AT5G05270	0.9493197795873722
AT4G10120	AT5G65870	0.897117016046012
AT4G10120	AT4G14090	0.832089178690766
AT4G10120	AT2G18230	0.910356268560263
AT4G10120	AT1G74300	0.905171771506916
AT4G10120	AT2G47800	0.9166377620321388
AT4G10120	AT2G32290	0.8065202939039642
AT4G10120	AT1G65870	0.821379588214519
AT4G10120	AT1G75040	0.8221980539166658
AT4G10120	AT1G78290	0.8346013009969243
AT4G10120	AT3G19450	0.8452726714493324
AT4G10120	AT5G10400	0.8023686217814664
AT4G10120	AT1G62540	0.9177672519685601
AT4G10120	AT2G37040	0.8705008474068496
AT4G10120	AT3G26590	0.9682373520346192
AT4G10120	AT3G16910	0.8255554991616914
AT4G10120	AT1G72910	0.8792882688630745
AT4G10120	AT2G32990	0.9060355739352981
AT4G10120	AT1G53260	0.8451527890857242
AT4G10120	AT5G59870	0.8163100662202067
AT1G03070	AT3G07150	0.9699630743997768
AT1G03070	AT5G07330	0.8134584388145535
AT1G03070	AT3G53230	0.9474902975339183
AT1G03070	AT5G47610	0.8393101943603006
AT1G03070	AT4G23570	0.8066174231888436
AT1G03070	AT1G07500	0.917784625286765
AT1G03070	AT1G44414	0.9378133856086989
AT1G03070	AT5G47160	0.8870832278806308
AT1G03070	AT3G22090	0.9235158387164351
AT1G03070	AT2G25140	0.9435455994705307
AT1G03070	AT5G27660	0.9302248637407718
AT1G03070	AT5G05410	0.932873456644827
AT1G03070	AT5G23480	0.8847645169979018
AT1G03070	AT3G12050	0.9151467579474226
AT1G03070	AT3G25230	0.8945096584152885
AT1G03070	AT1G01940	0.8556263736244574
AT1G03070	AT4G23885	0.9262869152036451
AT1G03070	AT2G30000	0.8025544433695116
AT1G03070	AT3G17611	0.8543061435594949
AT1G03070	AT3G23990	0.9118278633726172
AT1G03070	AT2G15790	0.8684552565129402
AT1G03070	AT1G55530	0.8673101849762475
AT1G03070	AT2G21940	0.9363144847360787
AT1G03070	AT1G10050	0.8193682882063106
AT1G03070	AT5G58590	0.9037821860542219
AT1G03070	AT4G17250	0.9253611933239657
AT1G03070	AT3G03520	0.9638637598970087
AT1G03070	AT2G41160	0.9521008003950399
AT1G03070	AT5G53400	0.947248992257199
AT1G03070	AT3G29810	0.8554433323500277
AT1G03070	AT3G52830	0.8973794204290773
AT1G03070	AT4G26780	0.9425427787533476
AT1G03070	AT2G36460	0.9192696192375401
AT1G03070	AT5G58787	0.9619456981247936
AT1G03070	AT3G07770	0.8949716458295176
AT1G03070	AT3G57880	0.8414356565514037
AT5G64170	AT2G21650	0.8514766112712818
AT5G64170	AT1G62510	0.857474035482555
AT5G64170	AT5G04190	0.8258145304630102
AT5G64170	AT2G31380	0.8224327048528899
AT5G64170	AT3G27690	0.9048624071827994
AT5G64170	AT5G35970	0.8069274292208415
AT5G64170	AT3G59060	0.9108995219317696
AT5G64170	AT5G59080	0.8625290121750857
AT5G64170	AT1G66760	0.8720969479830204
AT5G64170	AT1G66100	0.9251155928016603
AT5G64170	AT4G38850	0.8273566797204465
AT5G64170	AT5G07780	0.8051211690354971
AT5G64170	AT5G15830	0.8200580737010282
AT5G64170	AT3G47500	0.874850423890102
AT5G64170	AT1G29450	0.8315793861998751
AT5G64170	AT5G57660	0.8937457876092388
AT5G64170	AT5G62430	0.8528325564598224
AT5G64170	AT1G75100	0.8201023428025334
AT5G64170	AT5G36910	0.943351380219866
AT5G64170	AT5G43150	0.8085378086477897
AT5G64170	AT5G05860	0.8131790512811176
AT5G64170	AT1G69570	0.8394066448640214
AT5G63600	AT4G12550	0.8261123766256453
AT5G26260	AT4G12470	0.9089710500763963
AT5G26260	AT2G05380	0.8432860843334029
AT3G07150	AT5G07330	0.8624213642144165
AT3G07150	AT3G53230	0.953436480297245
AT3G07150	AT5G47610	0.8736903323673908
AT3G07150	AT4G23570	0.8115173297403159
AT3G07150	AT3G07090	0.8010013070598125
AT3G07150	AT1G07500	0.8835603465741189
AT3G07150	AT1G44414	0.9525024015945381
AT3G07150	AT5G47160	0.8643558921856931
AT3G07150	AT5G19875	0.8057627187869236
AT3G07150	AT3G22090	0.9011109559014243
AT3G07150	AT2G25140	0.9524299560689223
AT3G07150	AT5G27660	0.8962136990829853
AT3G07150	AT5G05410	0.9415933306805487
AT3G07150	AT5G23480	0.9178475160589548
AT3G07150	AT3G12050	0.9334690991428466
AT3G07150	AT1G02700	0.805522803373318
AT3G07150	AT3G25230	0.9204247747123848
AT3G07150	AT1G56170	0.8481807808853972
AT3G07150	AT5G56030	0.8003328802850193
AT3G07150	AT5G62020	0.8054077165190644
AT3G07150	AT1G01940	0.8643025365518806
AT3G07150	AT4G23885	0.9100015733532647
AT3G07150	AT3G17611	0.9171074188865761
AT3G07150	AT3G23990	0.9275167060666035
AT3G07150	AT2G15790	0.8465381484021234
AT3G07150	AT1G55530	0.9168988041535647
AT3G07150	AT2G21940	0.9757846364144861
AT3G07150	AT1G10050	0.831845934044374
AT3G07150	AT5G58590	0.8857372338683742
AT3G07150	AT4G17250	0.9165505460015587
AT3G07150	AT3G03520	0.9684456409087585
AT3G07150	AT2G41160	0.9678661429026836
AT3G07150	AT5G53400	0.9528789301560786
AT3G07150	AT3G29810	0.8432357382442637
AT3G07150	AT3G52830	0.8568842512967334
AT3G07150	AT4G26780	0.9426898523711152
AT3G07150	AT2G36460	0.9585077486277888
AT3G07150	AT5G58787	0.9514927774914222
AT3G07150	AT3G07770	0.8991349378359926
AT3G07150	AT3G57880	0.8549696890482504
AT4G14690	AT3G27170	0.9033579586546217
AT4G14690	AT5G24120	0.8129419559659777
AT4G14690	AT5G18670	0.8195312770295997
AT4G14690	AT4G15430	0.8531717367748493
AT4G14690	AT3G56290	0.8212492609870917
AT4G14690	AT3G01060	0.8303699775986749
AT4G14690	AT1G26790	0.8332060291070265
AT4G14690	AT3G24170	0.8164129748649636
AT1G18330	AT2G24100	0.8252120994904015
AT1G18330	AT4G23570	0.8948022793886206
AT1G18330	AT3G07090	0.8411297857328199
AT1G18330	AT3G12050	0.8371159317089949
AT1G18330	AT1G73480	0.9536315974526781
AT1G18330	AT3G25230	0.8275829364313446
AT1G18330	AT5G56030	0.8041738295590815
AT1G18330	AT1G13080	0.8231934453509724
AT1G18330	AT3G15770	0.8713633438829398
AT1G18330	AT2G15110	0.8543482735875538
AT1G18330	AT2G47730	0.8277956005204934
AT1G18330	AT3G57880	0.8342109476380044
AT5G07760	AT1G76210	0.8098176459215345
AT4G12080	AT3G51330	0.8438421330301336
AT4G03930	AT3G13370	0.8238735326094593
AT2G21650	AT3G27690	0.8237495678365352
AT2G21650	AT5G35970	0.8963336726928914
AT2G21650	AT4G02850	0.8330816049963744
AT2G21650	AT1G66760	0.8435321428320303
AT2G21650	AT1G66100	0.8221664391489496
AT2G21650	AT4G38960	0.8010045130620789
AT2G21650	AT3G47500	0.8396410656435471
AT2G21650	AT5G05860	0.8478684996180581
AT5G51570	AT4G39090	0.8983653992508812
AT5G51570	AT4G19120	0.82505560606295
AT5G51570	AT2G31360	0.8758068891772961
AT5G51570	AT1G51090	0.8023825973379143
AT5G51570	AT3G18080	0.847432478213771
AT5G51570	AT5G61800	0.8358831571930189
AT5G51570	AT3G05880	0.9756822336226273
AT5G51570	AT3G50500	0.9028427498122125
AT5G51570	AT3G10410	0.9362578556990635
AT5G51570	AT5G57110	0.9255103293385537
AT5G51570	AT1G09190	0.8048054475402149
AT5G51570	AT5G27280	0.9131479753062854
AT5G51570	AT2G45560	0.9121287517871008
AT5G51570	AT5G41920	0.8079482050804012
AT5G51570	AT1G49650	0.8936256604908458
AT5G51570	AT2G16660	0.8419644424167203
AT5G51570	AT3G52180	0.8957993124246129
AT5G51570	AT2G29630	0.9390506593058258
AT5G51570	AT1G67660	0.9332983432385437
AT5G51570	AT5G14920	0.882456234174424
AT5G51570	AT3G28870	0.8525177036924182
AT5G51570	AT3G53800	0.8008110493043155
AT5G51570	AT4G18520	0.8765125303564516
AT5G51570	AT4G18240	0.9315441601435108
AT5G51570	AT1G67970	0.8876276172456866
AT5G51570	AT2G17840	0.9511723054089299
AT5G51570	AT5G14550	0.9296958740840218
AT5G51570	AT5G35735	0.8832539099711723
AT5G51570	AT1G51940	0.8199160174639051
AT5G51570	AT5G11150	0.8170501632076526
AT5G51570	AT3G28290	0.8047925901028843
AT5G51570	AT5G02860	0.9220574482761953
AT5G51570	AT1G79440	0.9558634984420866
AT5G51570	AT4G33700	0.8967211229130788
AT5G51570	AT2G06925	0.8421182775104031
AT5G51570	AT1G27630	0.9425082863576449
AT5G51570	AT1G80480	0.848453099687986
AT5G51570	AT1G26665	0.8958186302052645
AT5G51570	245432_at	0.856681987086879
AT5G51570	AT3G02330	0.8659504317016351
AT5G51570	AT4G02370	0.919060154282565
AT5G51570	AT5G62720	0.8772926582308739
AT5G51570	AT5G63810	0.8792299277214869
AT5G51570	AT1G70820	0.8566343527805056
AT5G51570	AT3G59820	0.8343671133666678
AT5G51570	AT3G50700	0.8275464232761108
AT5G51570	AT5G03240	0.9441472636980193
AT5G51570	AT5G43440	0.8017427352880763
AT5G51570	AT4G17140	0.9190894776027773
AT5G51570	AT3G55450	0.8234725622468715
AT5G51570	AT1G51610	0.8633746755272387
AT5G51570	AT1G48210	0.8761283055150614
AT5G51570	AT5G18540	0.942607344300764
AT5G51570	AT3G61920	0.8060099246459788
AT5G51570	AT1G69830	0.9023174342314922
AT5G51570	AT1G49220	0.8179234771866127
AT5G51570	AT2G15970	0.9003576008644001
AT5G51570	AT1G31850	0.9051500658551381
AT5G51570	AT1G12710	0.8639184757902849
AT5G51570	AT3G14310	0.9262732156284215
AT5G51570	AT2G01170	0.9049575964312623
AT5G51570	AT2G39900	0.8875094877869497
AT5G51570	AT2G02100	0.9338702969967584
AT5G51570	AT5G42500	0.8546866733950197
AT5G51570	AT4G38580	0.8044191146031082
AT5G51570	AT3G58570	0.9626324812155925
AT5G51570	AT3G16180	0.9172235657646741
AT5G51570	AT3G01310	0.9259727637579979
AT5G51570	AT2G13930	0.8099053899330715
AT5G51570	AT3G26580	0.9038773139703259
AT5G51570	AT1G12845	0.863637447467952
AT5G51570	AT2G43535	0.8582911086277665
AT5G51570	AT5G50450	0.8165880856932367
AT5G51570	AT3G56720	0.8343806038698007
AT5G51570	AT1G70420	0.8082846887789293
AT5G51570	AT4G05330	0.9314186005693239
AT5G51570	AT1G21680	0.9045874210029778
AT5G51570	AT1G53035	0.8791552494368235
AT5G51570	AT4G11600	0.9482116166232367
AT5G51570	AT3G16740	0.8498097790910271
AT5G51570	AT4G19390	0.9191979503604202
AT5G51570	AT1G06460	0.8767423262885501
AT5G51570	AT1G33970	0.8005470938982862
AT5G51570	AT3G46440	0.8834688878923534
AT5G51570	AT3G51660	0.800103785567789
AT5G51570	AT1G13930	0.8291206326735976
AT5G51570	AT5G63420	0.9529655942501586
AT5G51570	AT2G19450	0.9082002713688707
AT5G51570	AT4G33490	0.9418918864179388
AT5G51570	AT4G14230	0.8825370975115513
AT5G51570	AT5G27930	0.8640788655946123
AT5G51570	AT1G20840	0.8115361800131002
AT5G51570	AT3G05800	0.8394413993075422
AT5G20480	AT1G61370	0.8756253990855372
AT5G20480	AT2G39710	0.8358204374078612
AT5G20480	AT5G58580	0.8006851099026417
AT2G32030	AT5G41080	0.8213976188457441
AT2G32030	AT1G25400	0.8611719182370434
AT2G32030	AT1G66160	0.8134711725668854
AT2G32030	AT4G24570	0.8212353522973197
AT2G32030	AT1G03850	0.8143832939462589
AT2G32030	AT4G02330	0.8356169045455225
AT1G19960	AT2G43550	0.8320335373846823
AT1G19960	AT2G42540	0.8035191482628375
AT1G19960	AT5G24770	0.8040052237636871
AT1G19960	AT4G23600	0.8438359460182021
AT1G28330	AT3G47160	0.8227371381633857
AT1G28330	AT4G39090	0.8341829310415315
AT1G28330	AT5G41920	0.8606869874745994
AT1G28330	AT2G15960	0.9133352161127202
AT1G28330	AT5G14920	0.8346333562945843
AT1G28330	AT3G53800	0.8212847392026423
AT1G28330	AT4G18520	0.8051951660517583
AT1G28330	AT1G51940	0.8029986872329777
AT1G28330	AT4G02370	0.819361682399402
AT1G28330	AT3G53990	0.814343860757058
AT1G28330	AT3G15630	0.8573757237831675
AT1G28330	AT4G05150	0.8324891217969892
AT1G28330	AT4G05330	0.8182329043929308
AT1G28330	AT5G46520	0.8139028084869275
AT1G28330	AT3G16740	0.8396116597927579
AT1G62510	AT5G04190	0.8326221364418159
AT1G62510	AT4G27450	0.8521059215704204
AT1G62510	AT5G45820	0.8036507448634822
AT1G62510	AT3G59060	0.8656751516059248
AT1G62510	AT5G59080	0.8050653876768944
AT1G62510	AT5G07780	0.8041162153461002
AT1G62510	AT5G57660	0.8584982270230603
AT1G62510	AT3G49160	0.8787892826287756
AT1G62510	AT5G36910	0.8588152349289417
AT1G62510	AT5G43150	0.8533990508361525
AT1G62510	AT1G69570	0.8585318457466463
AT4G37010	AT4G21830	0.8193668364024432
AT1G51800	AT3G28740	0.8735553758961953
AT1G51800	AT4G01870	0.8217350261599378
AT1G51800	AT4G24110	0.8257360224376846
AT1G51800	AT2G45210	0.8010993862755237
AT1G51800	AT1G21310	0.838010999685494
AT1G51800	AT4G02380	0.8166329450807387
AT1G51800	AT5G13330	0.8311645427081592
AT1G51800	AT2G05380	0.843548634511835
AT1G51800	AT2G43820	0.8032132029221049
AT1G51800	AT2G29480	0.8153180575958621
AT1G51800	AT1G51820	0.849397576980205
AT1G51800	AT2G32190	0.8383504169689429
AT1G06160	AT2G25735	0.8294119579304333
AT1G06160	AT2G28120	0.8104137618400603
AT1G06160	AT5G67300	0.8267325504783165
AT1G61340	AT4G05070	0.8350846378435997
AT1G61340	AT1G73480	0.8040788550752064
AT1G61340	AT5G59820	0.8558441607198513
AT3G47160	AT4G33310	0.8245200230884163
AT3G47160	AT4G39090	0.924302737831334
AT3G47160	AT3G50500	0.9048694896568805
AT3G47160	AT5G27280	0.871077939771628
AT3G47160	AT1G49650	0.8491950533517068
AT3G47160	AT3G11020	0.8610120209027762
AT3G47160	AT2G15960	0.8880383592458079
AT3G47160	AT1G67660	0.806649491576161
AT3G47160	AT5G14920	0.8843779027197484
AT3G47160	AT3G53800	0.8885460863758622
AT3G47160	AT2G17840	0.8142377499594564
AT3G47160	AT1G51940	0.8735895953839485
AT3G47160	AT5G02860	0.8164077336695352
AT3G47160	AT1G27630	0.8058605372448322
AT3G47160	AT1G80480	0.871037791671291
AT3G47160	AT1G02300	0.9091463215493422
AT3G47160	AT4G02370	0.8653417115078942
AT3G47160	AT3G53990	0.8785480431637931
AT3G47160	AT1G70820	0.8498456686508472
AT3G47160	AT3G50700	0.8696927960343251
AT3G47160	AT5G03240	0.8862781284376556
AT3G47160	AT5G43440	0.8861496542377776
AT3G47160	AT3G43160	0.8096591204819706
AT3G47160	AT4G05150	0.9003493596393535
AT3G47160	AT1G12710	0.8768741945977485
AT3G47160	AT4G38580	0.9062683988034413
AT3G47160	AT1G17460	0.8649424749323151
AT3G47160	AT3G26580	0.8802393674636836
AT3G47160	AT4G12750	0.8586495375531311
AT3G47160	AT3G56720	0.8939880773069199
AT3G47160	AT4G05330	0.8245934504540419
AT3G47160	AT1G21680	0.8989705761428455
AT3G47160	AT1G78600	0.8525855331379177
AT3G47160	AT3G16740	0.9047803978813697
AT3G47160	AT5G10530	0.8106216306064646
AT3G47160	AT1G33970	0.8982588446599481
AT3G47160	AT3G51660	0.8431681143210735
AT3G47160	AT5G62350	0.893256776154727
AT3G47160	AT1G08500	0.8323147782606211
AT3G47160	AT1G67370	0.8593517829216183
AT5G14180	AT3G28740	0.8620790066907488
AT5G14180	AT4G36670	0.8660183440375683
AT5G14180	AT1G17170	0.8311018667264882
AT5G14180	AT4G12470	0.8812205369618397
AT5G14180	AT4G30170	0.809913349748131
AT5G14180	AT2G05380	0.9190817476144382
AT3G43040	AT5G47160	0.8120443055068041
AT5G58310	AT3G60420	0.8128289429891381
AT5G58310	AT1G47400	0.872068461643578
AT5G58310	AT3G56980	0.8043529281729224
AT5G58310	AT3G10150	0.8987306125880289
AT5G58310	AT2G18230	0.8981247042635451
AT5G58310	AT1G74300	0.8121506287119435
AT5G58310	AT2G47800	0.8315319431352559
AT5G58310	AT2G32290	0.8912097594642723
AT5G58310	AT3G22231	0.8439125751780089
AT5G58310	AT3G22240	0.8197912230093594
AT5G58310	AT3G16910	0.8644346933556082
AT5G58310	AT4G15440	0.9181263501702013
AT4G33310	AT5G14920	0.8119889189186902
AT4G33310	AT4G02370	0.8063691309805621
AT4G33310	AT5G03240	0.8005421094523603
AT4G33310	AT5G42500	0.8329606869976257
AT4G33310	AT1G08500	0.8078020338021481
AT5G07330	AT3G53230	0.8203245267538142
AT5G07330	AT4G19430	0.819522910312349
AT5G07330	AT1G44414	0.8622309846046753
AT5G07330	AT3G22090	0.8339409303226041
AT5G07330	AT5G15250	0.8148703619021819
AT5G07330	AT5G27660	0.8064750147202759
AT5G07330	AT3G25650	0.8377154171038514
AT5G07330	AT1G01940	0.8680677299619193
AT5G07330	AT4G23885	0.8315990397066004
AT5G07330	AT2G30000	0.8173954836154941
AT5G07330	AT3G03520	0.800225474882377
AT5G07330	ATMG00620	0.807983897940816
AT5G07330	AT4G26780	0.845022821544305
AT5G07330	AT5G58787	0.8812746430147348
AT2G40000	AT4G27280	0.9024365698780774
AT2G40000	AT5G25190	0.8565882770035259
AT2G40000	AT2G18700	0.8258569866710576
AT2G40000	AT5G19120	0.8005546672200953
AT2G40000	AT5G45340	0.8137736791907519
AT2G40000	AT3G55980	0.851455682229196
AT2G40000	AT5G02020	0.8443693803279264
AT2G40000	AT4G08950	0.8442045905901627
AT2G40000	AT3G07350	0.8110250148635569
AT2G40000	AT3G50060	0.8468909216734043
AT2G40000	AT1G70290	0.8082272137088289
AT2G40000	AT5G51190	0.830604428868348
AT2G40000	AT5G52250	0.8393310402812365
AT2G40000	AT3G06070	0.8962058518818424
AT2G40000	AT1G69570	0.8510266951238108
AT2G43590	AT4G37410	0.800375679109572
AT2G43590	AT2G37130	0.817459482496906
AT2G24100	AT5G02490	0.9056738473267091
AT2G24100	AT5G22390	0.821420161541851
AT2G24100	AT5G47610	0.8768887691266284
AT2G24100	AT4G23570	0.9172026839084922
AT2G24100	AT3G07090	0.9453083427203791
AT2G24100	AT2G21320	0.8267563757579739
AT2G24100	AT2G25140	0.8185042512084949
AT2G24100	AT2G46735	0.8284324693456413
AT2G24100	AT5G23480	0.8374487372520276
AT2G24100	AT3G12050	0.8304429567934437
AT2G24100	AT3G25230	0.8354638069105441
AT2G24100	AT1G56170	0.8758652075085708
AT2G24100	AT5G56030	0.8518384147271887
AT2G24100	AT5G62020	0.9121190655000815
AT2G24100	AT1G13080	0.9095962319567146
AT2G24100	AT5G04340	0.8205218546106638
AT2G24100	AT5G56010	0.8545696149778453
AT2G24100	AT1G55530	0.8644413334908506
AT2G24100	AT3G15770	0.9278196253921068
AT2G24100	AT2G41160	0.8205470518282042
AT2G24100	AT5G53400	0.8196536761097558
AT2G24100	AT3G50560	0.8754341691530358
AT2G24100	AT2G47730	0.8986085280499746
AT2G24100	AT4G30490	0.9702899510504609
AT2G24100	AT2G29450	0.9388351783914224
AT2G24100	AT3G57880	0.8626251821920757
AT3G12510	ATMG00160	0.8120146159587333
AT3G12510	ATMG00640	0.8014670204443631
AT3G12510	AT1G07615	0.8248566085217739
AT3G12510	AT2G07675	0.8011275855357063
AT3G12510	AT1G01940	0.8058885826131564
AT3G12510	AT2G30000	0.8444050320997587
AT3G12510	AT1G17460	0.8334857063875099
AT3G12510	AT5G08380	0.8097339099623782
AT3G53230	AT1G07500	0.8946626521102637
AT3G53230	AT1G44414	0.9286846931037419
AT3G53230	AT5G47160	0.9065034186215462
AT3G53230	AT3G22090	0.9101332574410843
AT3G53230	AT2G25140	0.9054815348820211
AT3G53230	AT5G27660	0.9032436832192262
AT3G53230	AT5G05410	0.8942760887217621
AT3G53230	AT5G23480	0.8631599665952842
AT3G53230	AT3G12050	0.9157134973663417
AT3G53230	AT3G25230	0.9024879430921267
AT3G53230	AT1G01940	0.9384091872774779
AT3G53230	257239_at	0.834561896073835
AT3G53230	AT4G23885	0.9350744993795382
AT3G53230	AT2G30000	0.8351371848993262
AT3G53230	AT3G17611	0.807933745970038
AT3G53230	AT3G23990	0.9608306739611008
AT3G53230	AT2G15790	0.8938674802488136
AT3G53230	AT1G55530	0.8420043446478512
AT3G53230	AT2G21940	0.9294543057555231
AT3G53230	AT1G10050	0.8025848347405432
AT3G53230	AT5G58590	0.9645119874985864
AT3G53230	AT4G17250	0.8435299435440594
AT3G53230	AT3G03520	0.9732405597133358
AT3G53230	AT2G41160	0.9244403956117606
AT3G53230	AT5G53400	0.9291905617262504
AT3G53230	AT3G29810	0.9212688712261062
AT3G53230	AT3G52830	0.8987300391578904
AT3G53230	AT4G26780	0.9683218988594088
AT3G53230	AT2G36460	0.9074873028827156
AT3G53230	AT5G58787	0.9297505399840743
AT3G53230	AT3G07770	0.9546798949496698
AT3G53230	AT3G57880	0.8592769083638837
AT5G02490	AT4G23570	0.8787568652852514
AT5G02490	AT3G07090	0.860569131534695
AT5G02490	AT5G23480	0.8077390677468742
AT5G02490	AT5G56030	0.8875345713040355
AT5G02490	AT1G13080	0.8173386737676323
AT5G02490	AT5G62430	0.801388454627062
AT5G02490	AT5G56010	0.9003233667311796
AT5G02490	AT3G15770	0.8557909325974052
AT5G02490	AT2G47730	0.9407667980505134
AT5G02490	AT4G30490	0.8917886086483108
AT5G02490	AT2G29450	0.8961502840035184
AT5G41080	AT2G17880	0.8146965721941359
AT5G41080	AT1G19380	0.8006608365659901
AT5G41080	AT1G25400	0.8460349920628809
AT5G41080	AT3G55980	0.8597829258895878
AT5G41080	AT3G30775	0.8331217611536963
AT5G41080	AT1G66160	0.8750660412668188
AT5G41080	AT4G24570	0.8695247556075933
AT5G41080	AT1G03850	0.816011716990774
AT5G41080	AT4G02330	0.8045680571039331
AT3G60420	AT5G05250	0.8401616280507429
AT3G60420	AT4G14400	0.8260274557260023
AT3G60420	AT5G55450	0.8124636941771596
AT3G60420	AT5G65870	0.8438507449093672
AT3G60420	AT2G18230	0.8126242398132383
AT3G60420	AT1G74300	0.8222625492008182
AT3G60420	AT2G47800	0.812075021795962
AT3G60420	AT2G32290	0.8760086021625808
AT3G60420	AT3G22231	0.8536672762009163
AT3G60420	AT3G23120	0.8177593698676483
AT3G60420	AT3G26590	0.8736432027574145
AT3G60420	AT3G22240	0.8455711023687386
AT3G60420	AT1G72910	0.8654990732801002
AT3G60420	AT4G29700	0.8406294430818155
AT3G60420	AT4G15440	0.8100055765283521
AT4G39090	AT2G31360	0.8827973486436596
AT4G39090	AT3G18080	0.8166025033695242
AT4G39090	AT3G05880	0.9183130790941124
AT4G39090	AT3G50500	0.9281412690592835
AT4G39090	AT3G10410	0.8573424656795336
AT4G39090	AT5G57110	0.8339601484940528
AT4G39090	AT5G27280	0.9350911729655487
AT4G39090	AT2G45560	0.8705073360016929
AT4G39090	AT1G49650	0.9689054823023805
AT4G39090	AT2G16660	0.863914416099127
AT4G39090	AT2G15960	0.8672047826215361
AT4G39090	AT2G29630	0.913871412409854
AT4G39090	AT1G67660	0.9478226202497216
AT4G39090	AT5G14920	0.9396133737086458
AT4G39090	AT3G28870	0.8189814610839465
AT4G39090	AT3G53800	0.9559737552500439
AT4G39090	AT4G18520	0.9041938795702166
AT4G39090	AT4G18240	0.8505332492266188
AT4G39090	AT1G67970	0.8658162420235128
AT4G39090	AT2G17840	0.9491783835599366
AT4G39090	AT5G14550	0.879756971657771
AT4G39090	AT5G35735	0.8399725564984903
AT4G39090	AT1G51940	0.9560180595978628
AT4G39090	AT5G02860	0.9558890047865036
AT4G39090	AT1G79440	0.8743761591554865
AT4G39090	AT4G33700	0.8196728062625848
AT4G39090	AT1G27630	0.9473192368432942
AT4G39090	AT1G80480	0.8929778333899537
AT4G39090	AT1G26665	0.850775650044774
AT4G39090	AT5G26340	0.8139943758469026
AT4G39090	AT3G02330	0.8336562304694495
AT4G39090	AT1G02300	0.864659755747491
AT4G39090	AT4G02370	0.9682193184989003
AT4G39090	AT3G53990	0.80494301745861
AT4G39090	AT5G62720	0.8839573612321546
AT4G39090	AT5G09630	0.8139187124697722
AT4G39090	AT5G63810	0.835243709545971
AT4G39090	AT1G70820	0.9197285990927908
AT4G39090	AT3G59820	0.8691896265510799
AT4G39090	AT3G50700	0.9538483629616725
AT4G39090	AT5G03240	0.9424071901176757
AT4G39090	AT5G43440	0.9021041892355943
AT4G39090	AT1G51610	0.8230747611672894
AT4G39090	AT5G18540	0.8579284856641097
AT4G39090	AT1G76590	0.8319715544238132
AT4G39090	AT5G25210	0.8562290822813114
AT4G39090	AT1G69830	0.8486634864366083
AT4G39090	AT4G05150	0.8731044906629672
AT4G39090	AT2G15970	0.8504727060569086
AT4G39090	AT1G12710	0.9232472982928991
AT4G39090	AT3G14310	0.9300637279397406
AT4G39090	AT2G01170	0.8673142601223351
AT4G39090	AT2G39900	0.8894995401449867
AT4G39090	AT2G02100	0.8609434072276017
AT4G39090	AT5G42500	0.8081409170573047
AT4G39090	AT4G38580	0.8578506997964511
AT4G39090	AT1G17460	0.8114822253829536
AT4G39090	AT3G58570	0.9059077629284381
AT4G39090	AT3G16180	0.8101895906307403
AT4G39090	AT3G01310	0.9077300960874283
AT4G39090	AT3G26580	0.965801955024797
AT4G39090	AT1G12845	0.8676304565957671
AT4G39090	AT2G43535	0.8055110621276329
AT4G39090	AT4G12750	0.8906143799194698
AT4G39090	AT3G56720	0.9510543565075273
AT4G39090	AT1G70420	0.8252923870139381
AT4G39090	AT4G05330	0.9444122124645512
AT4G39090	AT1G21680	0.9647932190880717
AT4G39090	AT4G11600	0.8602768915739745
AT4G39090	AT3G16740	0.9315190205878204
AT4G39090	AT4G19390	0.8297531426148842
AT4G39090	AT5G10530	0.8357867195684168
AT4G39090	AT1G06460	0.8594549176294605
AT4G39090	AT1G33970	0.9119574318842822
AT4G39090	AT3G51660	0.8783541697508145
AT4G39090	AT1G13930	0.8221015737418558
AT4G39090	AT5G63420	0.8807987604803974
AT4G39090	AT2G19450	0.8690598511572666
AT4G39090	AT5G62350	0.9281211082116013
AT4G39090	AT4G33490	0.8814444096704467
AT4G39090	AT4G14230	0.8544740233095948
AT4G39090	AT1G08500	0.8071020878262912
AT4G39090	AT5G27930	0.8589663020193878
AT4G39090	AT1G67370	0.8177037815860481
AT4G19430	ATMG00160	0.8117395191829889
AT4G19430	ATMG00270	0.8304278421499741
AT4G19430	AT5G15250	0.8268053610600108
AT4G19430	AT5G27660	0.804130059814942
AT4G19430	AT5G57790	0.8708175668307654
AT4G19430	ATMG00640	0.8831384926581206
AT4G19430	ATMG00650	0.8606335504360757
AT4G19430	AT2G07675	0.8201315604421714
AT4G19430	AT1G01940	0.8932193406650053
AT4G19430	257239_at	0.8963588178455221
AT4G19430	ATMG00690	0.8850209694402614
AT4G19430	ATMG00060	0.8115126607486024
AT4G19430	AT2G30000	0.8673576011898273
AT4G19430	ATMG00620	0.8179988123092686
AT4G19430	AT4G26780	0.8297563073728093
AT4G19430	AT3G29732	0.8026969845190655
AT4G19430	AT5G58787	0.8056655680510567
AT4G19430	AT3G07770	0.8221424465884627
AT1G02930	AT1G21310	0.8460233183970873
AT1G02930	AT1G76930	0.8633080425107592
AT1G02930	AT4G30170	0.807532375500978
AT5G04190	AT4G27280	0.8156672436031694
AT5G04190	AT4G27450	0.8528494637680379
AT5G04190	AT5G25190	0.8525602947985402
AT5G04190	AT3G59060	0.8571139379731306
AT5G04190	AT5G59080	0.8711447338053974
AT5G04190	AT5G15830	0.8291766424914635
AT5G04190	AT4G38960	0.8154738184328068
AT5G04190	AT5G57660	0.8114404943575911
AT5G04190	AT5G52250	0.8338815226183616
AT5G04190	AT1G75100	0.8389515324776881
AT5G04190	AT3G49160	0.8067318582796689
AT5G04190	AT5G52020	0.8216363239252071
AT5G04190	AT1G73830	0.8006726438360846
AT5G04190	AT1G69570	0.8657496545009551
AT4G19120	AT2G31360	0.8024453655511652
AT4G19120	AT1G51090	0.8401720928881813
AT4G19120	AT3G18080	0.8783580610742504
AT4G19120	AT5G61800	0.8838002962030717
AT4G19120	AT3G05880	0.8388409758618427
AT4G19120	AT5G56310	0.8851463470905191
AT4G19120	AT3G10410	0.8425008555799417
AT4G19120	AT5G57110	0.8683902894626226
AT4G19120	AT4G38550	0.8214317581681355
AT4G19120	AT3G52180	0.8315597108022955
AT4G19120	AT4G18520	0.8131707555735447
AT4G19120	AT4G18240	0.8211458401795824
AT4G19120	AT1G67970	0.865619760501082
AT4G19120	AT2G17840	0.8354315528958607
AT4G19120	AT1G09680	0.8272782455902138
AT4G19120	AT5G14550	0.8520117068274508
AT4G19120	AT5G11150	0.9383536104041954
AT4G19120	AT3G28290	0.8367029563634699
AT4G19120	AT1G79440	0.8876603408511964
AT4G19120	AT4G33700	0.8352102382933186
AT4G19120	AT2G06925	0.8471880951401937
AT4G19120	AT1G27630	0.8207593834340124
AT4G19120	245432_at	0.9047455070620344
AT4G19120	AT2G43550	0.8000927823037809
AT4G19120	AT4G22770	0.8119200480887656
AT4G19120	AT1G43080	0.8188890052532796
AT4G19120	AT5G63810	0.8786357911883441
AT4G19120	AT4G17140	0.8010737071713023
AT4G19120	AT3G55450	0.8852248970879347
AT4G19120	AT1G51610	0.9237614814077214
AT4G19120	AT1G48210	0.8365553956227381
AT4G19120	AT5G57630	0.8299135601066981
AT4G19120	AT5G18540	0.836743660597706
AT4G19120	AT5G25210	0.8021979863248966
AT4G19120	AT1G69830	0.8479297883801494
AT4G19120	AT1G49220	0.8787457066663655
AT4G19120	AT4G39260	0.8197692993056225
AT4G19120	AT2G15970	0.8305118389271033
AT4G19120	AT5G59200	0.8114925928305294
AT4G19120	AT1G31850	0.9077912110223119
AT4G19120	AT1G68050	0.8689895054928432
AT4G19120	AT3G14310	0.8130029843505493
AT4G19120	AT2G01170	0.9082309442549393
AT4G19120	AT2G02100	0.8507100173053398
AT4G19120	AT3G58570	0.854458165208595
AT4G19120	AT3G16180	0.940976674699276
AT4G19120	AT3G01310	0.8304181856149221
AT4G19120	AT1G78995	0.8416615613357473
AT4G19120	AT1G12845	0.8465706360860842
AT4G19120	AT2G43535	0.8568817016938814
AT4G19120	AT1G53035	0.9456858076072889
AT4G19120	AT4G11600	0.8547576793437768
AT4G19120	AT1G75960	0.9056967695848337
AT4G19120	AT4G19390	0.917695078203041
AT4G19120	AT1G06460	0.8851817231712439
AT4G19120	AT3G46440	0.9381795528435853
AT4G19120	AT1G13930	0.8521886600655788
AT4G19120	AT5G63420	0.8192709442398086
AT4G19120	AT2G19450	0.8803226707855982
AT4G19120	AT1G69870	0.842182978549636
AT4G19120	AT4G33490	0.873436972371231
AT4G19120	AT4G14230	0.8952594538654047
AT4G19120	AT1G75880	0.9061568012895648
AT4G19120	AT5G27930	0.8307482252560701
AT4G19120	AT3G05800	0.9067301141633004
AT5G22390	AT2G31380	0.8161936732844605
AT5G22390	AT4G08300	0.8448276845028588
AT5G22390	AT2G21320	0.8489198477755174
AT5G22390	AT1G64500	0.8029473957701763
AT5G22390	AT1G65490	0.8354610834320744
AT5G22390	AT2G46735	0.8265310982985113
AT5G22390	AT2G24540	0.8291571610136022
AT5G22390	AT5G15830	0.8623012566726963
AT5G22390	AT1G13080	0.8463417282152031
AT5G22390	AT5G39660	0.8793331633166352
AT5G22390	AT5G62430	0.8990635957419917
AT5G22390	AT1G75100	0.885470055483506
AT5G22390	AT3G15770	0.8301098342213518
AT5G22390	AT3G50560	0.8415855866184107
AT5G22390	AT5G05860	0.8451189303546808
AT5G22390	AT3G06020	0.8842564816807466
AT5G05250	AT1G47400	0.9033943566722671
AT5G05250	AT4G14400	0.8671381381251263
AT5G05250	AT5G65870	0.8334681218510103
AT5G05250	AT5G10760	0.8472027863194297
AT5G05250	AT1G74300	0.8333380754606576
AT5G05250	AT2G32290	0.8220143291216877
AT5G05250	AT3G22231	0.8875789327495467
AT5G05250	AT3G46130	0.8118299910571032
AT5G05250	AT3G22240	0.8882068908346789
AT5G05250	AT5G15770	0.823529178403403
AT5G05250	AT1G69870	0.8259637169402259
AT5G05250	AT4G29700	0.8862568735361939
AT5G05250	AT4G23600	0.8136270561946771
AT1G09220	AT1G09680	0.8180036131089509
AT1G09220	AT1G07880	0.806149520970644
AT1G09220	AT4G01030	0.8002408888550212
AT1G09220	AT1G30860	0.8035738794449935
AT5G47610	AT4G23570	0.8640211204927402
AT5G47610	AT3G07090	0.9092986349288894
AT5G47610	AT1G07500	0.8408945245271552
AT5G47610	AT1G44414	0.8183733613324833
AT5G47610	AT5G19875	0.9139501102586227
AT5G47610	AT3G22090	0.8057054518447769
AT5G47610	AT2G25140	0.9437926386515536
AT5G47610	AT5G23480	0.8714233937141543
AT5G47610	AT3G12050	0.8918320305769323
AT5G47610	AT3G25230	0.9057209690654277
AT5G47610	AT1G56170	0.9541070805397797
AT5G47610	AT5G62020	0.9612482709855474
AT5G47610	AT4G23885	0.8087956885646317
AT5G47610	AT1G13080	0.8397414254981361
AT5G47610	AT3G17611	0.9216269237392976
AT5G47610	AT3G23990	0.8382157436813265
AT5G47610	AT1G55530	0.933988584392446
AT5G47610	AT2G21940	0.8749065943258961
AT5G47610	AT1G10050	0.8168861296597768
AT5G47610	AT4G17250	0.8256096597141742
AT5G47610	AT3G15770	0.867245726414007
AT5G47610	AT2G41160	0.9179114850612072
AT5G47610	AT5G53400	0.908843762035207
AT5G47610	AT4G30490	0.8939083225447918
AT5G47610	AT2G29450	0.838845894540719
AT5G47610	AT2G36460	0.8004793155721307
AT5G47610	AT3G57880	0.9220272919885351
AT1G19180	AT5G22920	0.8280833023096473
AT1G19180	AT2G28120	0.8652397667257976
AT1G19180	AT5G19120	0.8085941488429113
AT1G19180	AT4G17500	0.8327122973272423
AT1G19180	AT5G49450	0.8060315743774435
AT1G19180	AT3G52400	0.8001110576980172
AT1G19180	AT2G43820	0.8138541450725311
AT1G19180	AT1G03850	0.8089959215143192
AT4G23570	AT3G07090	0.9356041561810154
AT4G23570	AT3G22090	0.8087122614369443
AT4G23570	AT2G25140	0.9004699325827037
AT4G23570	AT5G23480	0.9315409176133504
AT4G23570	AT3G12050	0.957304472989113
AT4G23570	AT1G73480	0.8267649092097238
AT4G23570	AT3G25230	0.9463958530380194
AT4G23570	AT1G56170	0.8722431065999643
AT4G23570	AT5G56030	0.9413149301529733
AT4G23570	AT5G62020	0.8830717497544744
AT4G23570	AT1G13080	0.8404611704907184
AT4G23570	AT3G17611	0.8350508559697009
AT4G23570	AT3G23990	0.8398201210181685
AT4G23570	AT5G04340	0.8535479833244448
AT4G23570	AT5G56010	0.8634604395271904
AT4G23570	AT1G55530	0.9262387699668267
AT4G23570	AT2G21940	0.8226783573711697
AT4G23570	AT1G10050	0.8355721651385808
AT4G23570	AT5G58590	0.8607460945111755
AT4G23570	AT4G17250	0.8181109797212525
AT4G23570	AT3G15770	0.9277871664474695
AT4G23570	AT2G41160	0.9248208691856916
AT4G23570	AT5G53400	0.9251576740755908
AT4G23570	AT3G29810	0.8077742375935901
AT4G23570	AT3G50560	0.8280376415670976
AT4G23570	AT2G47730	0.9544760368198272
AT4G23570	AT4G30490	0.9388417001074738
AT4G23570	AT2G29450	0.8723392697419212
AT4G23570	AT2G36460	0.8382205770359763
AT4G23570	AT3G57880	0.939866542666879
AT1G80440	AT4G27450	0.8251426407725573
AT1G80440	AT5G22920	0.841023720526407
AT1G80440	AT2G18700	0.8384338701173589
AT1G80440	AT5G19120	0.9575470096175236
AT1G80440	AT5G02020	0.8610548705873794
AT1G80440	AT3G07350	0.8769887309056191
AT1G80440	AT5G49450	0.9200184127376411
AT1G80440	AT3G15500	0.8064277225330656
AT1G80440	AT4G27410	0.8377905684580437
AT1G80440	AT1G70290	0.9188638372704381
AT1G80440	AT3G61060	0.81791975173948
AT1G80440	AT2G29300	0.8764145395544135
AT3G48650	AT5G19240	0.8091465235304736
AT3G48650	AT4G02330	0.8391419362208179
AT3G07090	AT2G25140	0.8858151621763971
AT3G07090	AT5G23480	0.9230697787583616
AT3G07090	AT3G12050	0.9078666666091558
AT3G07090	AT3G25230	0.9135282115162177
AT3G07090	AT1G56170	0.9233926554672984
AT3G07090	AT5G56030	0.912878011100433
AT3G07090	AT5G62020	0.9276567833349106
AT3G07090	AT1G13080	0.8397915761208481
AT3G07090	AT3G17611	0.9141359585704627
AT3G07090	AT5G56010	0.8759418624157989
AT3G07090	AT1G55530	0.9482667514358587
AT3G07090	AT2G21940	0.8286677514065696
AT3G07090	AT1G10050	0.8021668004012847
AT3G07090	AT3G15770	0.8834925285247742
AT3G07090	AT2G41160	0.8991315533196677
AT3G07090	AT5G53400	0.8786659206278369
AT3G07090	AT2G47730	0.8655203208577881
AT3G07090	AT4G30490	0.9730563920221634
AT3G07090	AT2G29450	0.9372523712787192
AT3G07090	AT2G36460	0.8141093738913748
AT3G07090	AT3G57880	0.8930793188339905
AT3G13170	AT3G55450	0.8116770014444034
AT3G13170	AT5G25210	0.8351404365123504
AT2G31360	AT1G22770	0.8674267856522732
AT2G31360	AT3G18080	0.8375625157913866
AT2G31360	AT5G61800	0.8441957455876652
AT2G31360	AT3G05880	0.8832121152771425
AT2G31360	AT3G50500	0.8252659397613274
AT2G31360	AT5G27280	0.8654277324403655
AT2G31360	AT2G45560	0.8448158511225362
AT2G31360	AT5G41920	0.804242275330171
AT2G31360	AT1G49650	0.8939288814479069
AT2G31360	AT2G16660	0.9324857294119643
AT2G31360	AT2G15960	0.8322079282124
AT2G31360	AT2G29630	0.8013662490225965
AT2G31360	AT1G67660	0.921313131416999
AT2G31360	AT5G14920	0.9399740117045065
AT2G31360	AT3G53800	0.8829164656285005
AT2G31360	AT4G18520	0.9344712649867833
AT2G31360	AT1G67970	0.8264471400199335
AT2G31360	AT2G17840	0.925324609144114
AT2G31360	AT5G14550	0.8477877582382675
AT2G31360	AT5G35735	0.9044403336203233
AT2G31360	AT1G51940	0.9282683231858405
AT2G31360	AT5G02860	0.8992492638042198
AT2G31360	AT1G79440	0.8707509433727235
AT2G31360	AT2G06925	0.8825839827653497
AT2G31360	AT1G27630	0.9044640225966756
AT2G31360	AT5G26340	0.9273835254052606
AT2G31360	245432_at	0.8480604186651924
AT2G31360	AT4G02370	0.9432208836888835
AT2G31360	AT5G09630	0.8518965677592668
AT2G31360	AT5G63810	0.8784608361235003
AT2G31360	AT1G70820	0.8830484255917069
AT2G31360	AT3G50700	0.911998633857324
AT2G31360	AT5G03240	0.8119144874464417
AT2G31360	AT5G43440	0.8432800378193167
AT2G31360	AT1G51610	0.8620404864849772
AT2G31360	AT1G76590	0.8105364864537089
AT2G31360	AT5G25210	0.8527653811347562
AT2G31360	AT1G69830	0.854992681183743
AT2G31360	AT4G25480	0.8043761515926824
AT2G31360	AT4G39260	0.8380638395886116
AT2G31360	AT1G22570	0.844685424090531
AT2G31360	AT2G15970	0.886985651890588
AT2G31360	AT1G31850	0.826921338597224
AT2G31360	AT1G12710	0.8256809474011985
AT2G31360	AT3G14310	0.9229219326465352
AT2G31360	AT2G01170	0.8890020986191949
AT2G31360	AT2G39900	0.9128137387921426
AT2G31360	AT2G02100	0.8581950844896077
AT2G31360	AT3G58570	0.9008389715251998
AT2G31360	AT3G16180	0.8761202549644628
AT2G31360	AT3G01310	0.9307606986833287
AT2G31360	AT3G26580	0.8490678202508058
AT2G31360	AT1G12845	0.9428303083956923
AT2G31360	AT2G43535	0.8245631266839759
AT2G31360	AT3G56720	0.879669190054483
AT2G31360	AT1G70420	0.9167806976767447
AT2G31360	AT4G05330	0.8940208069284333
AT2G31360	AT1G21680	0.8328209491251576
AT2G31360	AT1G53035	0.8189167026037272
AT2G31360	AT4G11600	0.9021325897506037
AT2G31360	AT5G46520	0.8105714196406855
AT2G31360	AT1G75960	0.8702138089958391
AT2G31360	AT3G16740	0.8703387630242945
AT2G31360	AT4G19390	0.8418658062205868
AT2G31360	AT3G05130	0.8011310306181587
AT2G31360	AT1G06460	0.8445752507855835
AT2G31360	AT1G33970	0.8765632341678522
AT2G31360	AT3G46440	0.8185898294733389
AT2G31360	AT3G51660	0.9117133439134278
AT2G31360	AT1G13930	0.8735137545683821
AT2G31360	AT2G19450	0.8312837951956537
AT2G31360	AT5G62350	0.857237035369732
AT2G31360	AT4G33490	0.8408108184376284
AT2G31360	AT4G14230	0.9505574304112748
AT2G31360	AT5G27930	0.8446988104576006
AT2G31360	AT3G05800	0.8235561564826979
AT1G51090	AT3G18080	0.874947148973469
AT1G51090	AT3G05880	0.827999156283758
AT1G51090	AT3G10410	0.8566872248755499
AT1G51090	AT5G57110	0.8748405645135547
AT1G51090	AT5G27280	0.8411515558409173
AT1G51090	AT3G52180	0.9260798346285191
AT1G51090	AT4G18240	0.8508963925102712
AT1G51090	AT5G14550	0.8164829133803919
AT1G51090	AT5G11150	0.9123374150614888
AT1G51090	AT3G28290	0.8820431551178011
AT1G51090	AT1G79440	0.8673721700209068
AT1G51090	AT2G06925	0.8734668480803968
AT1G51090	AT1G26665	0.8161272872033819
AT1G51090	245432_at	0.8562415095195429
AT1G51090	AT2G43550	0.8749451705950065
AT1G51090	AT5G62720	0.8359341053991926
AT1G51090	AT5G63810	0.868518293371077
AT1G51090	AT4G17140	0.8793839306773709
AT1G51090	AT3G55450	0.8160703627337914
AT1G51090	AT1G48210	0.8122936129612912
AT1G51090	AT5G18540	0.8347671055039743
AT1G51090	AT1G69830	0.9190217272245055
AT1G51090	AT1G49220	0.9179449913591271
AT1G51090	AT2G15970	0.8438483084896625
AT1G51090	AT1G31850	0.8702959090732271
AT1G51090	AT3G14310	0.8279741106307387
AT1G51090	AT2G01170	0.8493159979935245
AT1G51090	AT2G39900	0.8560893695338608
AT1G51090	AT2G02100	0.9209280804957263
AT1G51090	AT3G58570	0.8435728588146713
AT1G51090	AT3G16180	0.8816256543057623
AT1G51090	AT3G01310	0.8489295908997387
AT1G51090	AT1G12845	0.8253882243508787
AT1G51090	AT2G43535	0.8521610716365603
AT1G51090	AT1G53035	0.8945212558118317
AT1G51090	AT4G11600	0.8303637676562866
AT1G51090	AT1G75960	0.8204845330981371
AT1G51090	AT4G19390	0.8557043462794826
AT1G51090	AT2G15830	0.8197274873665031
AT1G51090	AT1G06460	0.8740180033903343
AT1G51090	AT3G46440	0.8706358193326551
AT1G51090	AT5G63420	0.8429180286763123
AT1G51090	AT2G19450	0.8023526668370804
AT1G51090	AT4G33490	0.8647549877930487
AT1G51090	AT4G14230	0.8250592192898147
AT1G51090	AT1G75880	0.8024268255601076
AT1G51090	AT1G20840	0.8134590851094776
AT1G51090	AT3G05800	0.8744587172697716
AT1G26420	AT5G17330	0.8174174839702323
AT1G26420	AT3G18250	0.8044807063189457
AT3G13610	AT3G18250	0.8505565366286212
AT2G31380	AT3G13065	0.8097901482085439
AT2G31380	AT3G27170	0.9291018816259035
AT2G31380	AT4G08300	0.9083653532477437
AT2G31380	AT2G21320	0.9034647690373832
AT2G31380	AT1G64500	0.8915316868393032
AT2G31380	AT5G35970	0.8414592109845133
AT2G31380	AT3G15310	0.8425676512427236
AT2G31380	AT5G48530	0.8021516916660881
AT2G31380	AT4G02850	0.8790098500843019
AT2G31380	AT3G16150	0.8424752707585481
AT2G31380	AT5G66740	0.8642696419093054
AT2G31380	AT5G48540	0.8466902935779604
AT2G31380	AT5G24120	0.9325101710337473
AT2G31380	AT5G18670	0.8537731010602858
AT2G31380	AT3G01550	0.8468348015515232
AT2G31380	AT4G15430	0.8812351241927244
AT2G31380	AT3G56290	0.8711425034869172
AT2G31380	AT2G24540	0.9699786285440299
AT2G31380	AT3G01060	0.8905538979872805
AT2G31380	AT5G15830	0.8241453985438585
AT2G31380	AT4G38960	0.8819485425593283
AT2G31380	AT3G51920	0.8125450680717026
AT2G31380	AT5G39660	0.8495713158275576
AT2G31380	AT3G57040	0.8334700601257057
AT2G31380	AT2G04795	0.8489534850378573
AT2G31380	AT5G62430	0.8250414620123122
AT2G31380	AT1G75100	0.9532167864877008
AT2G31380	AT5G36910	0.811483287041388
AT2G31380	AT1G70985	0.8778436713574875
AT2G31380	AT3G24170	0.8081147066505701
AT2G31380	AT2G22240	0.8050421678431353
AT2G31380	AT5G05860	0.8426406715070296
AT2G31380	AT1G07450	0.8137653151367672
AT2G31380	AT1G79270	0.8850444207327763
AT2G31380	AT5G15600	0.8448052018857286
AT4G27280	AT4G27450	0.8322402049060988
AT4G27280	AT2G27080	0.8107477056704407
AT4G27280	AT5G25190	0.815521880791604
AT4G27280	AT4G25810	0.8726914458231133
AT4G27280	AT5G19120	0.8106834409481921
AT4G27280	AT5G45340	0.8539748438496848
AT4G27280	AT3G55980	0.8552482077441432
AT4G27280	AT1G27730	0.8091511416176671
AT4G27280	AT4G08950	0.8596331904049277
AT4G27280	AT3G07350	0.8476066335068914
AT4G27280	AT3G50060	0.8907338786312229
AT4G27280	AT5G51190	0.8999993212384175
AT4G27280	AT5G52250	0.8644499645887818
AT4G27280	AT2G29300	0.8350714379025509
AT4G27280	AT1G69570	0.82350848702573
AT1G22770	AT2G16660	0.8017588076699133
AT1G22770	AT2G15960	0.8576725048468392
AT1G22770	AT5G14920	0.8837555339070514
AT1G22770	AT3G53800	0.8357413219528275
AT1G22770	AT4G18520	0.8114015311813192
AT1G22770	AT1G51940	0.8561199979982272
AT1G22770	AT5G26340	0.8986563283055835
AT1G22770	AT4G02370	0.8224347926504688
AT1G22770	AT3G53990	0.8644201140957137
AT1G22770	AT5G63810	0.8008778923107618
AT1G22770	AT1G70820	0.8303247995087629
AT1G22770	AT3G50700	0.8404080174048999
AT1G22770	AT5G43440	0.8980278189398205
AT1G22770	AT4G25480	0.9005777459159734
AT1G22770	AT4G39260	0.8495502577759558
AT1G22770	AT1G22570	0.8462309181541252
AT1G22770	AT1G12710	0.8037794604868288
AT1G22770	AT3G01310	0.8031561553985513
AT1G22770	AT1G12845	0.883667653188206
AT1G22770	AT3G56720	0.8639447251328726
AT1G22770	AT1G70420	0.8912228273722254
AT1G22770	AT1G78600	0.8959701090423929
AT1G22770	AT3G16740	0.8193008696951071
AT1G22770	AT1G33970	0.915084309771724
AT1G22770	AT3G51660	0.9136476555948931
AT1G22770	AT5G62350	0.8262774778150378
AT1G22770	AT4G14230	0.8172459643384271
AT2G04840	AT1G01750	0.8061211448674094
AT5G61400	AT4G14050	0.8923263457846043
AT5G61400	AT1G09190	0.8264467743634982
AT5G61400	AT3G59820	0.802420213582769
AT5G61400	AT5G49110	0.8308932097621629
AT3G28560	AT4G07523	0.8278038989991988
AT1G17020	AT3G04070	0.8057774550247263
AT2G41100	AT2G27080	0.8147921900438693
AT2G41100	AT1G19380	0.9090059709161743
AT2G41100	AT3G55980	0.8222788358785169
AT2G41100	AT4G02380	0.854253386458221
AT2G41100	AT1G73830	0.8179277785183332
AT1G47400	AT1G61930	0.8198635117671392
AT1G47400	AT3G56980	0.8222335308933815
AT1G47400	AT3G10150	0.8216207952951018
AT1G47400	AT4G15440	0.840202947175923
AT1G47400	AT4G23600	0.8093144990289384
AT3G28120	AT5G17950	0.8163111400997943
AT3G18080	AT5G61800	0.8295048885172879
AT3G18080	AT3G05880	0.8647046578612856
AT3G18080	AT3G10410	0.8746716733771716
AT3G18080	AT5G57110	0.8463433282819665
AT3G18080	AT5G27280	0.8815376862040671
AT3G18080	AT2G45560	0.8934742934109889
AT3G18080	AT1G49650	0.8180656141566724
AT3G18080	AT2G16660	0.8113736322062781
AT3G18080	AT3G52180	0.90082405235629
AT3G18080	AT2G29630	0.8319178064835027
AT3G18080	AT1G67660	0.8944992047190097
AT3G18080	AT3G53800	0.8362353479956283
AT3G18080	AT4G18520	0.8521115495385891
AT3G18080	AT4G18240	0.9080990429018423
AT3G18080	AT1G67970	0.8014124088301707
AT3G18080	AT2G17840	0.8766359241424482
AT3G18080	AT5G14550	0.8708835135426264
AT3G18080	AT5G11150	0.8920979201881092
AT3G18080	AT5G02860	0.843353547050745
AT3G18080	AT1G79440	0.8637787464966953
AT3G18080	AT4G33700	0.8919222863547934
AT3G18080	AT2G06925	0.888237944367264
AT3G18080	AT1G27630	0.900148447741554
AT3G18080	AT1G26665	0.8074571320488374
AT3G18080	245432_at	0.9262861275257418
AT3G18080	AT3G02330	0.8043028093486417
AT3G18080	AT2G43550	0.817231541917223
AT3G18080	AT4G02370	0.8321235805997425
AT3G18080	AT5G63810	0.89121457026608
AT3G18080	AT1G70820	0.8744590196172838
AT3G18080	AT5G43440	0.803428130613792
AT3G18080	AT4G17140	0.8197840307466168
AT3G18080	AT3G55450	0.8360530158410534
AT3G18080	AT1G51610	0.9264632705098751
AT3G18080	AT1G48210	0.8160988469906421
AT3G18080	AT5G18540	0.8333471130022744
AT3G18080	AT5G25210	0.8012337393327292
AT3G18080	AT1G69830	0.9422460972211153
AT3G18080	AT1G49220	0.8555242994813692
AT3G18080	AT2G15970	0.9016544852947777
AT3G18080	AT1G31850	0.9045559620509326
AT3G18080	AT5G50012	0.8025959977327205
AT3G18080	AT3G14310	0.8711082837046678
AT3G18080	AT2G01170	0.9605289842075314
AT3G18080	AT2G39900	0.8687884340353548
AT3G18080	AT2G02100	0.887316474870002
AT3G18080	AT3G58570	0.8976788223215906
AT3G18080	AT3G16180	0.8875011484933739
AT3G18080	AT3G01310	0.9139075683709843
AT3G18080	AT1G78995	0.8026963976739832
AT3G18080	AT3G26580	0.8070182140689331
AT3G18080	AT1G12845	0.9026008174839367
AT3G18080	AT2G43535	0.905381627103939
AT3G18080	AT1G70420	0.8137143398703178
AT3G18080	AT4G05330	0.8343074630687997
AT3G18080	AT1G53035	0.8997953309258387
AT3G18080	AT4G11600	0.9218103250158064
AT3G18080	AT1G75960	0.913209527208363
AT3G18080	AT4G19390	0.9067299856253412
AT3G18080	AT5G10530	0.8113448380233196
AT3G18080	AT1G06460	0.9419527347227374
AT3G18080	AT3G46440	0.9512803014655018
AT3G18080	AT1G13930	0.9406770454207689
AT3G18080	AT5G63420	0.8372473555172192
AT3G18080	AT2G19450	0.8575702075548549
AT3G18080	AT4G33490	0.8970270213550996
AT3G18080	AT4G14230	0.9346069826916534
AT3G18080	AT1G75880	0.8282944509842729
AT3G18080	AT5G27930	0.8802124646480992
AT3G13370	AT5G15250	0.8099519003322334
AT3G13370	AT4G04070	0.8404826208715542
AT3G13370	AT3G52830	0.8240109257478687
AT3G28740	AT4G24110	0.8259172820142342
AT3G28740	AT2G45210	0.8693724714141432
AT3G28740	AT1G17170	0.8420083501373018
AT3G28740	AT1G21310	0.8560583812146917
AT3G28740	AT4G12470	0.8641820450178728
AT3G28740	AT1G76930	0.8130091021556786
AT3G28740	AT2G05380	0.8812931562508707
AT3G13065	AT5G35970	0.8396716062764368
AT3G13065	AT3G16150	0.8904016309861432
AT3G13065	AT5G66740	0.8263080733655238
AT3G13065	AT5G24120	0.913652730596025
AT3G13065	AT3G01550	0.8248473421232867
AT3G13065	AT4G15430	0.8184730432460434
AT3G13065	AT2G24540	0.8278001276739403
AT3G13065	AT3G01060	0.8606878296941889
AT3G13065	AT4G38960	0.8554977709467102
AT3G13065	AT3G57040	0.8198500729525988
AT3G13065	AT1G07450	0.8657062972481905
AT5G61800	AT3G05880	0.8698315455939388
AT5G61800	AT5G56310	0.8159607030216128
AT5G61800	AT3G10410	0.8297489952600827
AT5G61800	AT5G57110	0.8407902577429702
AT5G61800	AT2G45560	0.872911270914433
AT5G61800	AT2G16660	0.8056157852257418
AT5G61800	AT3G52180	0.8383916250422335
AT5G61800	AT2G29630	0.8164878079725328
AT5G61800	AT1G67660	0.8642530551097363
AT5G61800	AT4G18520	0.9030933382705448
AT5G61800	AT4G18240	0.8305942764075028
AT5G61800	AT1G67970	0.8642674828269646
AT5G61800	AT2G17840	0.8835415402903897
AT5G61800	AT5G14550	0.8865964506707941
AT5G61800	AT5G11150	0.8149968590986661
AT5G61800	AT5G02860	0.8621076537764036
AT5G61800	AT1G79440	0.8533086867842142
AT5G61800	AT4G33700	0.8535633977646547
AT5G61800	AT1G27630	0.8754465545261882
AT5G61800	245432_at	0.8881420483429056
AT5G61800	AT4G02370	0.8220537117722919
AT5G61800	AT5G09630	0.860932217430161
AT5G61800	AT5G63810	0.8360820242970926
AT5G61800	AT1G70820	0.8216373510519432
AT5G61800	AT3G55450	0.8106172217130095
AT5G61800	AT1G51610	0.9143771629067685
AT5G61800	AT5G57630	0.804292261270763
AT5G61800	AT5G18540	0.8350756077519749
AT5G61800	AT5G25210	0.8017803300270961
AT5G61800	AT1G69830	0.8549984439587213
AT5G61800	AT3G57770	0.8445400317482786
AT5G61800	AT2G15970	0.8254485771997357
AT5G61800	AT1G31850	0.864479179833662
AT5G61800	AT3G14310	0.8503859152753449
AT5G61800	AT2G01170	0.8789972676300085
AT5G61800	AT2G39900	0.8444041353250676
AT5G61800	AT3G02010	0.8137746518838576
AT5G61800	AT3G58570	0.8543530259506221
AT5G61800	AT3G16180	0.9195633870905887
AT5G61800	AT3G01310	0.8649500058662604
AT5G61800	AT1G12845	0.841289467835262
AT5G61800	AT2G43535	0.8624562256551475
AT5G61800	AT1G70420	0.820373702749838
AT5G61800	AT4G05330	0.8281730365046946
AT5G61800	AT1G53035	0.872536816086667
AT5G61800	AT4G11600	0.8404629215618208
AT5G61800	AT1G75960	0.8235877065127114
AT5G61800	AT4G19390	0.8737646269854095
AT5G61800	AT1G06460	0.8645784228385718
AT5G61800	AT3G46440	0.8772323751475164
AT5G61800	AT1G13930	0.8861941301587831
AT5G61800	AT5G63420	0.8414003740009836
AT5G61800	AT2G19450	0.9047213738696134
AT5G61800	AT4G33490	0.8640460621223754
AT5G61800	AT4G14230	0.9051542630025879
AT5G61800	AT1G75880	0.8384426658778942
AT5G61800	AT5G27930	0.8670965182956084
AT5G61800	AT3G05800	0.8390249731623594
AT5G36710	AT1G03780	0.9643879420764331
AT5G36710	AT3G12870	0.89562778866878
AT5G36710	AT2G26760	0.9667907122379453
AT5G36710	AT1G26840	0.8357160432629356
AT5G36710	AT1G20693	0.8772451569485699
AT5G36710	AT1G19940	0.9181033442992087
AT5G36710	AT5G55450	0.8225029575938945
AT5G36710	AT1G74300	0.8529012581906839
AT5G36710	AT5G10400	0.9355742077849879
AT5G36710	AT1G72910	0.8446808121386652
AT5G36710	AT3G46320	0.956250656864971
AT5G36710	AT1G53260	0.8302789935862881
AT5G36710	AT4G29700	0.8708807600794195
AT5G36710	AT5G59870	0.926430430570968
AT5G36710	AT5G10390	0.9593596990409434
AT3G05880	AT3G50500	0.8806325819330536
AT3G05880	AT3G10410	0.9438864971109053
AT3G05880	AT5G57110	0.9610454247680454
AT3G05880	AT1G09190	0.8419260266165633
AT3G05880	AT5G27280	0.9123643255399677
AT3G05880	AT2G45560	0.896066947056534
AT3G05880	AT5G41920	0.8425263058016562
AT3G05880	AT1G49650	0.9020064310791186
AT3G05880	AT2G16660	0.8230121770363334
AT3G05880	AT3G52180	0.9148353777247941
AT3G05880	AT2G29630	0.9402957038836421
AT3G05880	AT1G67660	0.9437264716218178
AT3G05880	AT5G14920	0.8765602643611717
AT3G05880	AT3G53800	0.8486896871927235
AT3G05880	AT4G18520	0.9196798473206409
AT3G05880	AT4G18240	0.9381585355357003
AT3G05880	AT1G67970	0.9213999490124051
AT3G05880	AT2G17840	0.9514765124816026
AT3G05880	AT5G14550	0.9371762161009947
AT3G05880	AT5G35735	0.8545533177631409
AT3G05880	AT1G51940	0.8409555479086742
AT3G05880	AT5G11150	0.8457272648910457
AT3G05880	AT3G28290	0.8592009913962385
AT3G05880	AT5G02860	0.9373974769653582
AT3G05880	AT1G79440	0.9612544257469378
AT3G05880	AT4G33700	0.9033650979760499
AT3G05880	AT2G06925	0.8440267788083565
AT3G05880	AT1G27630	0.9443799277849436
AT3G05880	AT1G80480	0.8168039182631963
AT3G05880	AT1G26665	0.8942326252895025
AT3G05880	245432_at	0.8862561562773771
AT3G05880	AT3G02330	0.8624773785201685
AT3G05880	AT2G43550	0.8212157974061037
AT3G05880	AT4G02370	0.9229198251685767
AT3G05880	AT5G62720	0.882058455934615
AT3G05880	AT5G09630	0.8174890726210501
AT3G05880	AT5G63810	0.9096728330007493
AT3G05880	AT1G70820	0.896511116624215
AT3G05880	AT3G59820	0.8157864485529652
AT3G05880	AT3G50700	0.8411933972181581
AT3G05880	AT5G03240	0.9146752354710993
AT3G05880	AT5G43440	0.820275510775698
AT3G05880	AT4G17140	0.924074790037383
AT3G05880	AT3G55450	0.8434075849246196
AT3G05880	AT1G51610	0.8778001893119753
AT3G05880	AT1G48210	0.8802655012569892
AT3G05880	AT5G18540	0.9333348124388898
AT3G05880	AT5G25210	0.8291345502959873
AT3G05880	AT1G69830	0.9249806946067112
AT3G05880	AT1G49220	0.8672042825927759
AT3G05880	AT2G15970	0.9216247675926461
AT3G05880	AT1G31850	0.932439067403922
AT3G05880	AT1G12710	0.8716766138108432
AT3G05880	AT3G14310	0.9515568808495307
AT3G05880	AT2G01170	0.9236020098466052
AT3G05880	AT2G39900	0.9221474186194553
AT3G05880	AT2G02100	0.9403100656982736
AT3G05880	AT5G42500	0.8088255019642706
AT3G05880	AT3G58570	0.9601012460535804
AT3G05880	AT3G16180	0.9450204264367992
AT3G05880	AT3G01310	0.9478340883535099
AT3G05880	AT3G26580	0.9055579391839363
AT3G05880	AT1G12845	0.8978067524192535
AT3G05880	AT2G43535	0.89316918166881
AT3G05880	AT5G50450	0.828602384010808
AT3G05880	AT3G56720	0.8511472002809459
AT3G05880	AT1G70420	0.8092792923186028
AT3G05880	AT4G05330	0.962606343327087
AT3G05880	AT1G21680	0.8938040123408758
AT3G05880	AT1G53035	0.9116120297230454
AT3G05880	AT4G11600	0.9277681222362739
AT3G05880	AT1G75960	0.8230525873707846
AT3G05880	AT3G16740	0.8622087079727282
AT3G05880	AT4G19390	0.9376032556890961
AT3G05880	AT1G06460	0.9096704469429504
AT3G05880	AT1G33970	0.8105899262510095
AT3G05880	AT3G46440	0.8936468975952353
AT3G05880	AT1G13930	0.8468729206300812
AT3G05880	AT5G63420	0.9548800725605783
AT3G05880	AT2G19450	0.9267032943840482
AT3G05880	AT4G33490	0.9518687459988593
AT3G05880	AT4G14230	0.8977836441953847
AT3G05880	AT5G27930	0.9058057980782734
AT3G05880	AT1G20840	0.8289188328901179
AT3G05880	AT3G05800	0.8742447744774646
AT4G14080	AT5G07230	0.8483081258822678
AT4G14080	AT2G20870	0.8111586717915825
AT5G56310	AT3G10410	0.8181896762363178
AT5G56310	AT5G14550	0.801001036965721
AT5G56310	AT5G11150	0.8948646951032871
AT5G56310	AT3G25060	0.815533531050042
AT5G56310	AT4G33700	0.8125402259806336
AT5G56310	AT5G17460	0.9033651997197483
AT5G56310	245432_at	0.8044414972503123
AT5G56310	AT3G55450	0.8845130636474132
AT5G56310	AT1G51610	0.8804705045441239
AT5G56310	AT1G48210	0.8467664915175432
AT5G56310	AT1G49220	0.8138112183836915
AT5G56310	AT5G40410	0.8430439518137783
AT5G56310	AT3G57770	0.8605028986065569
AT5G56310	AT1G31850	0.8027133605100621
AT5G56310	AT1G68050	0.9104778544597361
AT5G56310	AT3G16180	0.8322212680645992
AT5G56310	AT1G78995	0.8837624295763578
AT5G56310	AT1G53035	0.8035893578458961
AT5G56310	AT4G19390	0.8420086067583568
AT5G56310	AT3G46440	0.8302021312658955
AT5G56310	AT2G19450	0.8053012087564724
AT5G56310	AT1G69870	0.8096360845275895
AT5G56310	AT4G33490	0.8100840301474599
AT5G56310	AT1G75880	0.8337030208057403
AT2G17880	AT5G25190	0.8605008325801939
AT2G17880	AT2G18700	0.842764117798136
AT2G17880	AT1G02660	0.8652431472306338
AT2G17880	AT3G15500	0.8018788500015857
AT2G17880	AT1G03850	0.8179803977270823
AT3G50500	AT5G27280	0.9413551949761637
AT3G50500	AT2G45560	0.836330255888179
AT3G50500	AT1G49650	0.9012161098183938
AT3G50500	AT2G16660	0.8222725458595405
AT3G50500	AT2G29630	0.8764226614753572
AT3G50500	AT1G67660	0.8787561673377767
AT3G50500	AT5G14920	0.9233796937239844
AT3G50500	AT3G28870	0.8601956608397021
AT3G50500	AT3G53800	0.8572392784479118
AT3G50500	AT4G18520	0.8127565278148693
AT3G50500	AT4G18240	0.8028500238539737
AT3G50500	AT2G17840	0.88222044078128
AT3G50500	AT5G14550	0.8386743170304067
AT3G50500	AT5G35735	0.8258524357825289
AT3G50500	AT1G51940	0.8546560907519825
AT3G50500	AT5G02860	0.904623257659929
AT3G50500	AT1G79440	0.846345745393364
AT3G50500	AT1G27630	0.8849148119519149
AT3G50500	AT1G80480	0.9304499037215204
AT3G50500	AT1G26665	0.8147915162691601
AT3G50500	AT1G02300	0.8325991316413595
AT3G50500	AT4G02370	0.9115735378780165
AT3G50500	AT5G62720	0.8586342434166917
AT3G50500	AT1G70820	0.8786451980905059
AT3G50500	AT3G50700	0.8680008242392353
AT3G50500	AT5G03240	0.9526715830130512
AT3G50500	AT5G43440	0.8521860880614364
AT3G50500	AT4G17140	0.8025622567664796
AT3G50500	AT1G32090	0.8213565617889795
AT3G50500	AT3G43160	0.8022001957029781
AT3G50500	AT5G18540	0.8434789158153171
AT3G50500	AT1G69830	0.8315180372233496
AT3G50500	AT4G05150	0.9274124589412402
AT3G50500	AT2G15970	0.8096337749607739
AT3G50500	AT1G12710	0.8970436426163078
AT3G50500	AT3G14310	0.8633460664168311
AT3G50500	AT2G39900	0.8862523516249246
AT3G50500	AT2G02100	0.8436385364082294
AT3G50500	AT5G42500	0.8212478108565386
AT3G50500	AT4G38580	0.962819765150305
AT3G50500	AT1G17460	0.8653797073829976
AT3G50500	AT3G58570	0.8720893925581588
AT3G50500	AT3G01310	0.8894979098300207
AT3G50500	AT1G49560	0.8477956095541305
AT3G50500	AT3G26580	0.9399438658982172
AT3G50500	AT1G12845	0.8221676123959689
AT3G50500	AT4G12750	0.8629275546288646
AT3G50500	AT3G56720	0.879604295516471
AT3G50500	AT4G05330	0.9125532713137982
AT3G50500	AT1G21680	0.9266714418262761
AT3G50500	AT4G11600	0.8402543176604484
AT3G50500	AT3G16740	0.9317779590228588
AT3G50500	AT1G33970	0.8860517571949881
AT3G50500	AT3G51660	0.8539430611156239
AT3G50500	AT5G63420	0.8602541953229542
AT3G50500	AT2G19450	0.8003822141272193
AT3G50500	AT5G62350	0.9164226995573173
AT3G50500	AT4G33490	0.8464719268882115
AT3G50500	AT5G08380	0.8118523165211626
AT4G26020	AT1G02340	0.8007021224304377
AT4G29630	AT3G45370	0.8114507869084877
AT3G27170	AT4G08300	0.8407083158161923
AT3G27170	AT2G21320	0.832257073414997
AT3G27170	AT1G64500	0.8804336800593514
AT3G27170	AT1G65490	0.8228432526849823
AT3G27170	AT3G15310	0.8161764905939263
AT3G27170	AT5G48530	0.8636474695769015
AT3G27170	AT4G02850	0.8017667534439762
AT3G27170	AT5G66740	0.8239685330815271
AT3G27170	AT5G48540	0.8918402323610428
AT3G27170	AT5G24120	0.9298084465087184
AT3G27170	AT5G18670	0.9104515259890796
AT3G27170	AT1G68440	0.8295279950933643
AT3G27170	AT3G01550	0.8383695020136644
AT3G27170	AT4G15430	0.9022863717208525
AT3G27170	AT3G56290	0.8944373595142275
AT3G27170	AT2G24540	0.9379782747739853
AT3G27170	AT3G01060	0.8869674483595883
AT3G27170	AT5G15830	0.8346184727414254
AT3G27170	AT4G38960	0.819780933404662
AT3G27170	AT3G51920	0.8515485074038237
AT3G27170	AT5G39660	0.8858215530419661
AT3G27170	AT3G57040	0.844706872697712
AT3G27170	AT2G04795	0.907795678063834
AT3G27170	AT1G75100	0.9081586949492508
AT3G27170	AT1G70985	0.9032911777349748
AT3G27170	AT3G24170	0.8043408553373739
AT3G27170	AT5G05860	0.8137831477031299
AT3G27170	AT1G79270	0.8774002022391629
AT3G27170	AT5G15600	0.8662637378432575
AT4G26800	AT2G07768	0.8179809855699004
AT4G26800	ATMG00160	0.8194488223180433
AT4G26800	AT5G53770	0.8334100883875669
AT4G26800	ATMG00270	0.837968314353412
AT4G26800	ATMG00640	0.8052768945283266
AT4G26800	AT1G07615	0.8168132914012005
AT4G26800	AT1G02300	0.80745871357871
AT4G26800	ATMG00690	0.8214460271692602
AT4G26800	ATMG00060	0.818536125823359
AT4G26800	AT4G12750	0.8264008350131751
AT4G26800	ATMG00620	0.817226176879777
AT3G10410	AT5G57110	0.9627467751220862
AT3G10410	AT1G09190	0.849775635889534
AT3G10410	AT5G27280	0.8785782543412674
AT3G10410	AT2G45560	0.9008859486415932
AT3G10410	AT1G49650	0.8676626762659881
AT3G10410	AT3G52180	0.9249067080048647
AT3G10410	AT2G29630	0.963177282796048
AT3G10410	AT1G67660	0.910142584406692
AT3G10410	AT4G18520	0.8489534896754735
AT3G10410	AT4G18240	0.9737671522404384
AT3G10410	AT1G67970	0.8996683540837558
AT3G10410	AT2G17840	0.9187211379599871
AT3G10410	AT5G14550	0.9469567538481451
AT3G10410	AT5G11150	0.9158291170245715
AT3G10410	AT3G28290	0.806483534239795
AT3G10410	AT5G02860	0.885957181049908
AT3G10410	AT1G79440	0.9377262287706989
AT3G10410	AT4G33700	0.9594524884063752
AT3G10410	AT1G27630	0.9365861499935887
AT3G10410	AT1G80480	0.802080799116655
AT3G10410	AT1G26665	0.9696639488078208
AT3G10410	245432_at	0.8440245295383487
AT3G10410	AT3G02330	0.8705229287389676
AT3G10410	AT2G43550	0.8617423988782533
AT3G10410	AT4G02370	0.8534319994820744
AT3G10410	AT5G62720	0.931701759504402
AT3G10410	AT5G63810	0.8603341442022412
AT3G10410	AT1G70820	0.8049227915481162
AT3G10410	AT3G59820	0.8079359722256612
AT3G10410	AT5G03240	0.9056468365066528
AT3G10410	AT4G17140	0.9406425441134845
AT3G10410	AT3G55450	0.9344316325685675
AT3G10410	AT1G51610	0.8974332347828843
AT3G10410	AT1G48210	0.9688418979165658
AT3G10410	AT5G18540	0.9353693351613133
AT3G10410	AT5G25210	0.8128061558217767
AT3G10410	AT1G69830	0.9039519706025683
AT3G10410	AT1G49220	0.9134295183438459
AT3G10410	AT3G57770	0.8613628447200743
AT3G10410	AT2G15970	0.8656989303267872
AT3G10410	AT1G31850	0.943826278675998
AT3G10410	AT1G12710	0.8341825597205981
AT3G10410	AT1G68050	0.8993731182259252
AT3G10410	AT3G14310	0.9225094691387471
AT3G10410	AT2G01170	0.9057096482533763
AT3G10410	AT2G39900	0.8274723261824652
AT3G10410	AT2G02100	0.9370258188371039
AT3G10410	AT5G42500	0.8324022332147937
AT3G10410	AT3G58570	0.936045503431057
AT3G10410	AT3G16180	0.9301738424683895
AT3G10410	AT3G01310	0.8669157608013073
AT3G10410	AT1G78995	0.8092838438129564
AT3G10410	AT3G26580	0.865418732962547
AT3G10410	AT1G12845	0.8009226541646679
AT3G10410	AT2G43535	0.8847859016014149
AT3G10410	AT4G05330	0.8776374581849185
AT3G10410	AT1G21680	0.8578897393562939
AT3G10410	AT1G53035	0.8943265885320273
AT3G10410	AT4G11600	0.8997962906433762
AT3G10410	AT1G75960	0.8017526759154434
AT3G10410	AT4G19390	0.9579233100569147
AT3G10410	AT5G10530	0.8025017453429155
AT3G10410	AT1G06460	0.9067070408160763
AT3G10410	AT3G46440	0.9095720750064837
AT3G10410	AT1G13930	0.8206910500549343
AT3G10410	AT5G63420	0.9783801558960485
AT3G10410	AT2G19450	0.9032741947393428
AT3G10410	AT1G69870	0.82249434503168
AT3G10410	AT4G33490	0.9578965595992354
AT3G10410	AT4G14230	0.8532732839603507
AT3G10410	AT5G27930	0.90922067272307
AT3G10410	AT3G05800	0.8388962166434182
AT4G01870	AT4G36670	0.8925039004008676
AT4G01870	AT4G24110	0.8437982570976749
AT4G01870	AT3G53480	0.8705166478648437
AT4G01870	AT5G39110	0.8129768504106891
AT4G01870	AT4G12470	0.8412456160265613
AT4G01870	AT5G13330	0.8009396186478646
AT4G01870	AT2G05380	0.916182258094287
AT4G01870	AT3G26210	0.8315652477758959
AT5G57110	AT1G09190	0.8565992204949833
AT5G57110	AT5G27280	0.8594001785220623
AT5G57110	AT2G45560	0.8534606416062329
AT5G57110	AT1G49650	0.8259210911060741
AT5G57110	AT3G52180	0.9091288377340536
AT5G57110	AT2G29630	0.9216899200138027
AT5G57110	AT1G67660	0.8821015267362887
AT5G57110	AT4G18520	0.867593605465049
AT5G57110	AT4G18240	0.9236181258991888
AT5G57110	AT1G67970	0.9154088548642102
AT5G57110	AT2G17840	0.9006621490418572
AT5G57110	AT5G14550	0.9380151568127438
AT5G57110	AT5G11150	0.9180115178417785
AT5G57110	AT3G28290	0.8850214378769722
AT5G57110	AT5G02860	0.8593613691191508
AT5G57110	AT1G79440	0.9639399919294515
AT5G57110	AT4G33700	0.8957619977983982
AT5G57110	AT2G06925	0.8101512595286041
AT5G57110	AT1G27630	0.9036041005490559
AT5G57110	AT1G26665	0.9260239238861993
AT5G57110	245432_at	0.8714219094406264
AT5G57110	AT3G02330	0.8135262368978575
AT5G57110	AT2G43550	0.8462379982471944
AT5G57110	AT4G02370	0.8424434877316179
AT5G57110	AT5G62720	0.8846572731196488
AT5G57110	AT5G63810	0.9069699364564529
AT5G57110	AT1G70820	0.8161762371947249
AT5G57110	AT5G03240	0.8697263497197796
AT5G57110	AT4G17140	0.9406546345945211
AT5G57110	AT3G55450	0.8925630500415767
AT5G57110	AT1G51610	0.8838227425827808
AT5G57110	AT1G48210	0.9237465077302711
AT5G57110	AT5G18540	0.9310167810602276
AT5G57110	AT5G25210	0.808051058946575
AT5G57110	AT1G69830	0.8942908700188505
AT5G57110	AT1G49220	0.9502655104749838
AT5G57110	AT2G15970	0.8870910605899968
AT5G57110	AT1G31850	0.9351552168266403
AT5G57110	AT1G12710	0.8506766409759703
AT5G57110	AT1G68050	0.8859534307012679
AT5G57110	AT3G14310	0.90968054312119
AT5G57110	AT2G01170	0.898253737567977
AT5G57110	AT2G39900	0.8664204199579103
AT5G57110	AT2G02100	0.9510345489156301
AT5G57110	AT3G58570	0.9337853151316187
AT5G57110	AT3G16180	0.9569234605014475
AT5G57110	AT3G01310	0.8809145551665888
AT5G57110	AT3G26580	0.8220858907469119
AT5G57110	AT1G12845	0.8565118463421117
AT5G57110	AT2G43535	0.8638580641248595
AT5G57110	AT4G05330	0.8892427135181684
AT5G57110	AT1G21680	0.829534623117181
AT5G57110	AT1G53035	0.940170970942862
AT5G57110	AT4G11600	0.86789360897443
AT5G57110	AT1G75960	0.8114528089253379
AT5G57110	AT4G19390	0.934249803875497
AT5G57110	AT2G15830	0.8014654649878261
AT5G57110	AT1G06460	0.914172307651923
AT5G57110	AT3G46440	0.8890713219400072
AT5G57110	AT1G13930	0.8026940458418402
AT5G57110	AT5G63420	0.9604680806657088
AT5G57110	AT2G19450	0.9201907657237266
AT5G57110	AT4G33490	0.9679126109937786
AT5G57110	AT4G14230	0.8571139998292857
AT5G57110	AT5G27930	0.8918102177799384
AT5G57110	AT1G20840	0.8175321337289659
AT5G57110	AT3G05800	0.9176568026969248
AT4G08300	AT5G15950	0.8400144429489166
AT4G08300	AT2G21320	0.8487762060862586
AT4G08300	AT1G64500	0.8674874396998209
AT4G08300	AT3G15310	0.809408930761718
AT4G08300	AT4G02850	0.9475092433647139
AT4G08300	AT3G16150	0.9040187873192143
AT4G08300	AT5G66740	0.8116379855241646
AT4G08300	AT5G48540	0.8109659907774623
AT4G08300	AT5G24120	0.8897748293074084
AT4G08300	AT5G18670	0.8709093275893893
AT4G08300	AT2G46735	0.825534667568859
AT4G08300	AT3G01550	0.9238769821576213
AT4G08300	AT1G19050	0.8182881736136426
AT4G08300	AT4G15430	0.9126033417420298
AT4G08300	AT3G56290	0.8903295872086743
AT4G08300	AT2G24540	0.8951083543850484
AT4G08300	AT3G01060	0.8963510687530192
AT4G08300	AT4G38960	0.8677339428180091
AT4G08300	AT3G51920	0.8030267924384261
AT4G08300	AT5G39660	0.8835983276803068
AT4G08300	AT3G57040	0.8716644701322276
AT4G08300	AT3G19450	0.8164686462332081
AT4G08300	AT1G75100	0.8459605793069829
AT4G08300	AT3G24170	0.8895871834385705
AT4G08300	AT1G17050	0.8252379111787802
AT4G08300	AT5G05860	0.8966728462640076
AT4G08300	AT1G07450	0.8508640383639884
AT4G08300	AT5G15600	0.9210354086519332
AT2G07768	ATMG00513	0.8022624510768841
AT2G07768	ATMG00160	0.9410074116942097
AT2G07768	AT2G07670	0.8381005388372789
AT2G07768	ATMG00940	0.8561898476041304
AT2G07768	AT2G07749	0.8976612538615059
AT2G07768	AT5G53770	0.8431819769791115
AT2G07768	ATMG00270	0.9456336974504038
AT2G07768	ATMG00280	0.8276162341328246
AT2G07768	ATMG00640	0.9213368864837985
AT2G07768	ATMG00650	0.9249694834804324
AT2G07768	AT2G07675	0.9012215702361873
AT2G07768	ATMG00690	0.9265503904616179
AT2G07768	ATMG00060	0.9254952604133316
AT2G07768	ATMG01200	0.802499389144559
AT2G07768	ATMG00620	0.8894279390807
AT4G05070	AT3G49790	0.8069400816528535
AT4G05070	AT5G04340	0.8535618948899961
AT4G14050	AT1G09190	0.8375134551699099
AT4G14050	AT1G26665	0.8105540720379021
AT4G14050	AT1G48210	0.8160379988414642
AT4G14050	AT5G49110	0.8805566798458102
AT4G14050	AT1G43980	0.8426786169806022
AT4G14050	AT5G27930	0.8123305108719114
AT5G17330	AT2G30750	0.8061328065930097
AT5G17330	AT4G20860	0.8256451738805599
AT5G17330	AT2G32190	0.8182068597849487
AT1G10810	AT3G52180	0.8270505653810866
AT1G10810	AT5G35735	0.8713039849287312
AT1G10810	AT4G17140	0.8013025846916543
AT1G10810	AT2G39900	0.8066254422439241
AT1G10810	AT2G02100	0.836575628820051
AT1G10810	AT2G43535	0.8274523336214685
AT1G10810	AT4G05330	0.8048697851037917
AT1G10810	AT4G11600	0.8246698520237958
AT1G10810	AT1G20840	0.8640165639021844
AT1G09190	AT2G29630	0.8201947506711585
AT1G09190	AT1G67660	0.816151728218454
AT1G09190	AT4G18520	0.8274600791195811
AT1G09190	AT1G67970	0.8577001712127834
AT1G09190	AT2G17840	0.817525492287832
AT1G09190	AT5G14550	0.862726472626955
AT1G09190	AT5G02860	0.8261437388265912
AT1G09190	AT1G79440	0.8258452384008769
AT1G09190	AT4G33700	0.8028258011371701
AT1G09190	AT1G27630	0.8116479969145486
AT1G09190	AT1G26665	0.8309039321645321
AT1G09190	AT3G02330	0.83635685453682
AT1G09190	AT5G63810	0.8219520887593628
AT1G09190	AT5G03240	0.8005861187610193
AT1G09190	AT1G51610	0.8014563175320875
AT1G09190	AT1G48210	0.8402364548621869
AT1G09190	AT5G59200	0.8953805978807374
AT1G09190	AT1G68050	0.8085046473758597
AT1G09190	AT3G58570	0.8267010459695259
AT1G09190	AT3G16180	0.811939293965691
AT1G09190	AT1G53035	0.8458533310198895
AT1G09190	AT4G19390	0.8064294191673939
AT1G09190	AT1G06460	0.8409267836452193
AT1G09190	AT3G46440	0.8047552399616352
AT1G09190	AT5G63420	0.8653969431177477
AT1G09190	AT2G19450	0.8098677689516696
AT1G09190	AT4G33490	0.8582492411116843
AT1G09190	AT5G27930	0.8470650555720527
AT1G07500	AT1G44414	0.8380504222598136
AT1G07500	AT5G47160	0.9030869232105402
AT1G07500	AT3G22090	0.9022905720388115
AT1G07500	AT2G25140	0.8919066675901776
AT1G07500	AT5G27660	0.8505361489449482
AT1G07500	AT3G12050	0.8372523699614121
AT1G07500	AT3G25230	0.8400760775832189
AT1G07500	AT1G01940	0.834837283473932
AT1G07500	257239_at	0.8085218575761417
AT1G07500	AT4G23885	0.9050006894623536
AT1G07500	AT3G23990	0.8825743961511023
AT1G07500	AT2G15790	0.8150643916488549
AT1G07500	AT2G21940	0.873433707737729
AT1G07500	AT5G58590	0.8924984423371559
AT1G07500	AT3G03520	0.8713936738540451
AT1G07500	AT2G41160	0.8570930371225487
AT1G07500	AT5G53400	0.859280400915489
AT1G07500	AT3G29810	0.8254064963209545
AT1G07500	AT3G52830	0.8158641944579246
AT1G07500	AT4G26780	0.8887670451765637
AT1G07500	AT5G58787	0.8826029850942989
AT1G07500	AT3G07770	0.8926094150087186
AT1G07500	AT3G57880	0.8659301144890095
AT5G15950	AT4G01080	0.8409006132854295
AT5G15950	AT5G42760	0.8948868840218912
AT5G15950	AT3G15310	0.8575599624613951
AT5G15950	AT3G16150	0.8419180891704463
AT5G15950	AT5G66740	0.8413567832056249
AT5G15950	AT5G24120	0.8155633413406419
AT5G15950	AT3G01550	0.8295522997887591
AT5G15950	AT4G15430	0.8337814253817326
AT5G15950	AT3G56290	0.8685486886318516
AT5G15950	AT5G13930	0.8178725077439424
AT5G15950	AT3G01060	0.8139614784473251
AT5G15950	AT1G65870	0.8113913382222165
AT5G15950	AT1G78290	0.84878994838237
AT5G15950	AT3G19450	0.8729240224031279
AT5G15950	AT3G24170	0.8733070644143575
AT5G15950	AT1G17050	0.8740941760689294
AT5G15950	AT1G07450	0.8723004241302118
AT5G15950	AT5G15600	0.8151101194608188
AT5G27280	AT2G45560	0.9189079417680814
AT5G27280	AT1G49650	0.9095395822948633
AT5G27280	AT2G16660	0.8252022903138855
AT5G27280	AT3G52180	0.8887637276866026
AT5G27280	AT2G29630	0.9115637613895825
AT5G27280	AT1G67660	0.9523330536541516
AT5G27280	AT5G14920	0.9125550688776051
AT5G27280	AT3G53800	0.9134127914171408
AT5G27280	AT4G18520	0.8939165853616866
AT5G27280	AT4G18240	0.8772260122023704
AT5G27280	AT1G67970	0.8174042864549992
AT5G27280	AT2G17840	0.9362618055292486
AT5G27280	AT5G14550	0.920832660760803
AT5G27280	AT5G35735	0.8326409185879958
AT5G27280	AT1G51940	0.8892852088442394
AT5G27280	AT5G02860	0.9400855109159058
AT5G27280	AT1G79440	0.9011421125770271
AT5G27280	AT4G33700	0.8259628318720208
AT5G27280	AT2G06925	0.8691883877323047
AT5G27280	AT1G27630	0.9521651415695889
AT5G27280	AT1G80480	0.8759625214053574
AT5G27280	AT1G26665	0.8684076983498346
AT5G27280	245432_at	0.8520708449509917
AT5G27280	AT3G02330	0.8231429353570497
AT5G27280	AT1G02300	0.8056419135514384
AT5G27280	AT4G02370	0.9308321566800632
AT5G27280	AT5G62720	0.894448787583925
AT5G27280	AT5G63810	0.9127109879186002
AT5G27280	AT1G70820	0.9528145213163016
AT5G27280	AT3G59820	0.8173908022944772
AT5G27280	AT3G50700	0.8840243098197423
AT5G27280	AT5G03240	0.943438765720113
AT5G27280	AT5G43440	0.9175024984851042
AT5G27280	AT4G17140	0.8373811614960088
AT5G27280	AT1G51610	0.857886327188666
AT5G27280	AT1G48210	0.8094757855022562
AT5G27280	AT5G18540	0.880114954319457
AT5G27280	AT1G69830	0.9385527394230708
AT5G27280	AT1G49220	0.8025148131365465
AT5G27280	AT4G05150	0.8411780515129371
AT5G27280	AT2G15970	0.9108350671967513
AT5G27280	AT1G31850	0.8132752402985368
AT5G27280	AT1G12710	0.8978375039938122
AT5G27280	AT3G14310	0.9172095772403615
AT5G27280	AT2G01170	0.9104301039044479
AT5G27280	AT2G39900	0.9437651228285048
AT5G27280	AT2G02100	0.9197543243174461
AT5G27280	AT5G42500	0.8292677127568212
AT5G27280	AT4G38580	0.8765428783209375
AT5G27280	AT3G58570	0.9458085298172758
AT5G27280	AT3G16180	0.8556108813890866
AT5G27280	AT3G01310	0.9557390064556719
AT5G27280	AT3G26580	0.9588348639191684
AT5G27280	AT1G12845	0.9070604571380658
AT5G27280	AT2G43535	0.8305597172297313
AT5G27280	AT4G12750	0.8349852208472492
AT5G27280	AT3G56720	0.9327526612837637
AT5G27280	AT1G70420	0.8096598072320678
AT5G27280	AT4G05330	0.916422942379551
AT5G27280	AT1G21680	0.8911275457225903
AT5G27280	AT1G53035	0.8441404722086062
AT5G27280	AT4G11600	0.897569946801154
AT5G27280	AT1G75960	0.810124506742194
AT5G27280	AT3G16740	0.8899009505241289
AT5G27280	AT4G19390	0.8456184308908476
AT5G27280	AT5G10530	0.8950121652971363
AT5G27280	AT1G06460	0.9289397276135357
AT5G27280	AT1G33970	0.8932789831603014
AT5G27280	AT3G46440	0.8442231956967815
AT5G27280	AT3G51660	0.844280765485556
AT5G27280	AT1G13930	0.8830917836239673
AT5G27280	AT5G63420	0.9092766092761059
AT5G27280	AT2G19450	0.8733713543144914
AT5G27280	AT5G62350	0.9186652705699436
AT5G27280	AT4G33490	0.9288027144106901
AT5G27280	AT4G14230	0.9066074514804464
AT5G27280	AT5G27930	0.8508193790881993
AT5G27280	AT3G05800	0.8014800688245118
AT4G27450	AT2G18700	0.860470022207692
AT4G27450	AT5G19120	0.8324931930205172
AT4G27450	AT5G59080	0.9015998861614442
AT4G27450	AT5G02020	0.8527246858728712
AT4G27450	AT3G03830	0.8056928899179517
AT4G27450	AT5G57660	0.8862547582825981
AT4G27450	AT3G49160	0.8248246285305326
AT4G27450	AT2G29300	0.9193725725066546
AT4G27450	AT1G73830	0.8283311911790848
AT4G27450	AT1G69570	0.8215716383424897
AT5G53250	AT4G08770	0.8167658786539683
AT5G53250	AT1G77240	0.8286062289142057
AT2G45560	AT1G49650	0.8590718486271238
AT2G45560	AT2G16660	0.8527803779589127
AT2G45560	AT3G52180	0.8990227612494591
AT2G45560	AT2G29630	0.9375970357917339
AT2G45560	AT1G67660	0.9533523835449955
AT2G45560	AT5G14920	0.8057944295679759
AT2G45560	AT3G53800	0.8304886542146672
AT2G45560	AT4G18520	0.865517700382264
AT2G45560	AT4G18240	0.9222836859914506
AT2G45560	AT1G67970	0.8025513030522151
AT2G45560	AT2G17840	0.9222685342456198
AT2G45560	AT5G14550	0.9260530752870112
AT2G45560	AT1G51940	0.8400881750479611
AT2G45560	AT5G11150	0.8065782160913773
AT2G45560	AT5G02860	0.926043812849582
AT2G45560	AT1G79440	0.8816802651523198
AT2G45560	AT4G33700	0.8975508123429383
AT2G45560	AT1G27630	0.9502157411891711
AT2G45560	AT1G80480	0.8266043179016291
AT2G45560	AT1G26665	0.8385376237438127
AT2G45560	245432_at	0.8936899999206935
AT2G45560	AT3G02330	0.8528783088462344
AT2G45560	AT4G02370	0.8638746603486863
AT2G45560	AT5G62720	0.8499141936114327
AT2G45560	AT5G63810	0.8433479534767795
AT2G45560	AT1G70820	0.8977733741793601
AT2G45560	AT3G59820	0.8167454969574884
AT2G45560	AT3G50700	0.844099008233859
AT2G45560	AT5G03240	0.8846779820547277
AT2G45560	AT5G43440	0.8379116772517219
AT2G45560	AT4G17140	0.8215837362957193
AT2G45560	AT1G51610	0.9131200309052826
AT2G45560	AT1G48210	0.8422062447175205
AT2G45560	AT5G18540	0.8760815880828632
AT2G45560	AT1G69830	0.925671492483995
AT2G45560	AT3G57770	0.8185962464172234
AT2G45560	AT2G15970	0.9045842874341747
AT2G45560	AT1G31850	0.8616041261050713
AT2G45560	AT1G12710	0.8589167423294467
AT2G45560	AT3G14310	0.8852418603688892
AT2G45560	AT2G01170	0.9211643742013882
AT2G45560	AT2G39900	0.8868503017924354
AT2G45560	AT2G02100	0.8669440530233136
AT2G45560	AT3G58570	0.9291504486404207
AT2G45560	AT3G16180	0.8798040448708061
AT2G45560	AT3G01310	0.9172297105560372
AT2G45560	AT3G26580	0.9269733820251431
AT2G45560	AT1G12845	0.864950175886496
AT2G45560	AT2G43535	0.8472763159028451
AT2G45560	AT4G12750	0.8068644676758043
AT2G45560	AT3G56720	0.8701222231079289
AT2G45560	AT1G70420	0.849330359999334
AT2G45560	AT4G05330	0.8691478407906693
AT2G45560	AT1G21680	0.8625218598143466
AT2G45560	AT1G53035	0.8199684457183452
AT2G45560	AT4G11600	0.91138763853295
AT2G45560	AT4G19390	0.8724570015727573
AT2G45560	AT5G10530	0.8510513283320609
AT2G45560	AT1G06460	0.9113974937092579
AT2G45560	AT1G33970	0.8017370484723194
AT2G45560	AT3G46440	0.8633355405964481
AT2G45560	AT1G13930	0.9413299601623072
AT2G45560	AT5G63420	0.9084598990398184
AT2G45560	AT2G19450	0.8799379582218387
AT2G45560	AT5G62350	0.8177682246495719
AT2G45560	AT4G33490	0.9201461881812312
AT2G45560	AT4G14230	0.9138803793940161
AT2G45560	AT5G27930	0.8951611164172141
AT1G44414	AT3G22090	0.8268794562204083
AT1G44414	AT2G25140	0.9047114696144827
AT1G44414	AT5G27660	0.8868062340840938
AT1G44414	AT5G05410	0.8739021640386935
AT1G44414	AT5G23480	0.8583296343282553
AT1G44414	AT3G12050	0.8600839251439862
AT1G44414	AT3G25230	0.84309413484321
AT1G44414	AT1G01940	0.8492270651598287
AT1G44414	AT4G23885	0.873580472244119
AT1G44414	AT2G30000	0.8051243149997983
AT1G44414	AT3G17611	0.8235061283467122
AT1G44414	AT3G23990	0.8933242291412509
AT1G44414	AT2G15790	0.8179895629940575
AT1G44414	AT1G55530	0.8350964068268022
AT1G44414	AT2G21940	0.9109727302899082
AT1G44414	AT5G58590	0.8414990076256529
AT1G44414	AT4G17250	0.8830358346498368
AT1G44414	AT3G03520	0.9404410447400489
AT1G44414	AT2G41160	0.9117052420295978
AT1G44414	AT5G53400	0.8938991847089715
AT1G44414	AT3G52830	0.8462135147215091
AT1G44414	AT4G26780	0.9400071924331096
AT1G44414	AT2G36460	0.8790052526665509
AT1G44414	AT5G58787	0.9411471232872826
AT1G44414	AT3G07770	0.8862409776854657
AT5G46330	AT1G21130	0.8418393353089468
AT5G46330	AT5G57760	0.8398623830731412
AT5G46330	AT3G50140	0.8284503889525945
AT3G23270	AT1G47780	0.8007038525876782
AT3G27690	AT1G62080	0.8628294007544665
AT3G27690	AT5G35970	0.8303779402541303
AT3G27690	AT5G45820	0.9055516148872325
AT3G27690	AT3G59060	0.9439786530877063
AT3G27690	AT5G59080	0.8185296273914375
AT3G27690	AT1G66760	0.9373347405073917
AT3G27690	AT1G66100	0.9478885793195555
AT3G27690	AT1G80820	0.8340626841740102
AT3G27690	AT4G38850	0.9155816446349266
AT3G27690	AT3G47500	0.933156175254749
AT3G27690	AT1G29450	0.8526695819741388
AT3G27690	AT5G57660	0.8792078437938851
AT3G27690	AT1G71030	0.841284075882219
AT3G27690	AT5G36910	0.9256843467561351
AT3G27690	AT1G76240	0.8209568276525033
AT2G27080	AT4G25810	0.8586640384288846
AT2G27080	AT1G19380	0.8415888378917183
AT2G27080	AT5G45340	0.8782645911711096
AT2G27080	AT1G66090	0.8086612113299902
AT2G27080	AT3G50060	0.9102753788079636
AT2G27080	AT1G32920	0.8591874991420204
AT2G27080	AT5G05440	0.8972721665808312
AT2G27080	AT2G44500	0.8197529312999475
AT2G21320	AT1G64500	0.8986797898996123
AT2G21320	AT1G65490	0.8204426666615772
AT2G21320	AT5G24120	0.8054750669551953
AT2G21320	AT2G46735	0.8451886079511906
AT2G21320	AT4G15430	0.8277557519196899
AT2G21320	AT3G56290	0.843511669381367
AT2G21320	AT2G24540	0.91766794475872
AT2G21320	AT1G13080	0.8731922895779596
AT2G21320	AT5G39660	0.8036765746567667
AT2G21320	AT2G04795	0.802383650959849
AT2G21320	AT1G75100	0.8699886121498687
AT2G21320	AT2G22240	0.8457832496535239
AT2G21320	AT1G79270	0.8529310376801768
ATMG00513	ATMG00160	0.8406582300502234
ATMG00513	AT2G07670	0.8263474773673056
ATMG00513	ATMG01190	0.9614811068777723
ATMG00513	ATMG00270	0.8436399952546205
ATMG00513	ATMG00650	0.8110726841357889
ATMG00513	AT3G53990	0.8003936977091928
ATMG00513	AT2G07675	0.8712300737710261
ATMG00513	AT3G43160	0.8023384591530612
ATMG00513	AT1G76590	0.8258713701659806
ATMG00513	ATMG00690	0.8292503341021017
ATMG00513	ATMG00060	0.8730145503049588
ATMG00513	ATMG01200	0.9477845522922682
ATMG00513	ATMG00620	0.8519554252306152
AT4G12410	AT4G17250	0.8310886837261195
AT3G49580	AT4G21990	0.8382876795726908
AT3G49580	AT4G04610	0.8635932328986965
AT2G26020	AT4G24110	0.825798762628453
AT2G26020	AT5G44420	0.9035956723404678
AT2G26020	AT1G21310	0.8303010321678476
AT1G18710	AT3G12870	0.8425818928460566
AT1G18710	AT3G04980	0.8071698343985428
AT1G18710	AT5G50315	0.907650601120595
AT1G18710	AT1G72910	0.8129656431103631
AT1G18710	AT4G26680	0.8801565215241675
AT1G18710	AT4G01030	0.8022163965777968
AT1G18710	AT3G63240	0.8662692261902015
AT1G18710	AT3G25020	0.8391295048448679
AT1G18710	AT3G47090	0.8754224644384572
AT1G18710	AT1G10690	0.8409466971588725
AT1G66280	AT2G23540	0.8824601065617479
AT4G38550	AT1G67970	0.8150920227306148
AT4G38550	AT1G59870	0.8877388014925256
AT4G38550	AT4G22770	0.896141047425471
AT4G38550	AT3G55450	0.8279713127680555
AT4G38550	AT1G21130	0.9116661000382018
AT4G38550	AT5G25210	0.8297168523444567
AT4G38550	AT4G33960	0.8682647718298425
AT4G38550	AT1G31850	0.8016708297770164
AT4G38550	AT2G43535	0.833307301687326
AT4G38550	AT1G75960	0.8301083834002273
AT4G38550	AT4G19390	0.8267688584820992
AT4G38550	AT2G15830	0.8411938588060056
AT4G38550	AT1G69870	0.8250525291840799
AT4G38550	AT3G50140	0.8526085307363149
AT1G03780	AT3G12870	0.9070707691424533
AT1G03780	AT2G26760	0.9717736316412302
AT1G03780	AT1G26840	0.8411002866483481
AT1G03780	AT1G20693	0.8333587951977516
AT1G03780	AT1G19940	0.9263441090434366
AT1G03780	AT1G74300	0.8428446491835953
AT1G03780	AT5G10400	0.9337216980186552
AT1G03780	AT3G46320	0.9164206666319155
AT1G03780	AT1G53260	0.8321425118318997
AT1G03780	AT5G59870	0.933497924322054
AT1G03780	AT5G10390	0.9379469026618605
ATMG00160	AT2G07670	0.83671869653059
ATMG00160	ATMG00940	0.8276528861690983
ATMG00160	AT2G07749	0.8904476684493389
ATMG00160	AT1G51380	0.8349863730305336
ATMG00160	AT5G53770	0.8978130807785399
ATMG00160	ATMG00270	0.958809565777874
ATMG00160	AT5G15250	0.8198571135333992
ATMG00160	ATMG00280	0.8064322765102101
ATMG00160	ATMG00640	0.951959429318819
ATMG00160	AT1G07615	0.802712460350734
ATMG00160	ATMG00650	0.9721799739267564
ATMG00160	AT2G07675	0.9603278940834536
ATMG00160	AT1G01940	0.811484251442547
ATMG00160	257239_at	0.8124643187357122
ATMG00160	AT1G76280	0.8010978438559455
ATMG00160	ATMG00690	0.9529902348595911
ATMG00160	ATMG00060	0.940572584243131
ATMG00160	AT2G30000	0.8636115795023389
ATMG00160	ATMG01200	0.8317629233590516
ATMG00160	ATMG00620	0.9126878400148963
AT2G07670	ATMG00940	0.8768012854437974
AT2G07670	ATMG00270	0.8426217674291164
AT2G07670	AT5G15250	0.8470035061895501
AT2G07670	AT1G80480	0.8138154194657675
AT2G07670	ATMG00650	0.8282664892493435
AT2G07670	AT1G02300	0.8036921353830918
AT2G07670	AT1G32090	0.8539691199409745
AT2G07670	AT3G43160	0.815726315848028
AT2G07670	AT1G76280	0.8154299964237469
AT2G07670	ATMG00690	0.8578327276831881
AT2G07670	ATMG00060	0.8861564921532115
AT2G07670	AT2G30000	0.837990332830503
AT2G07670	AT1G17460	0.8429039021075976
AT2G07670	ATMG00620	0.8913758880405367
AT2G07670	AT5G08380	0.8251351156194789
AT3G12870	AT2G26760	0.8859443027904292
AT3G12870	AT1G26840	0.9289661455707173
AT3G12870	AT1G20693	0.8307892456240772
AT3G12870	AT1G19940	0.8305297637905439
AT3G12870	AT1G74300	0.8021555453748901
AT3G12870	AT5G10400	0.889344420660986
AT3G12870	AT1G72910	0.8383562621142288
AT3G12870	AT5G15770	0.848705194848256
AT3G12870	AT3G63240	0.8111773011481812
AT3G12870	AT3G46320	0.8723867313608042
AT3G12870	AT1G53260	0.8769219806617767
AT3G12870	AT4G29700	0.8167113996709702
AT3G12870	AT5G59870	0.8275260062784706
AT3G12870	AT5G10390	0.9333373183675654
AT2G07440	AT4G33990	0.8186813730195356
AT4G01080	AT5G42760	0.9266140110109926
AT4G01080	AT1G06000	0.825018397336335
AT4G01080	AT5G08640	0.8994056703740425
AT4G01080	AT3G10150	0.8506621527490359
AT4G01080	AT5G13930	0.9118352219488515
AT4G01080	AT5G05270	0.8235593217032384
AT4G01080	AT2G18230	0.8602144911159367
AT4G01080	AT2G47800	0.8827533972382466
AT4G01080	AT1G65870	0.8093975248054697
AT4G01080	AT1G78290	0.8961914332693596
AT4G01080	AT3G19450	0.8204361625238725
AT4G01080	AT4G13900	0.8830909634593949
AT4G01080	AT1G17050	0.8046760009063492
AT4G01080	AT3G26590	0.8647577332204679
AT4G01080	AT3G16910	0.8518686940926077
AT5G47160	AT3G22090	0.8323314149894644
AT5G47160	AT2G25140	0.8393857525513516
AT5G47160	AT5G27660	0.8693422792997513
AT5G47160	AT3G12050	0.8396018271166005
AT5G47160	AT3G25230	0.8301519799499268
AT5G47160	AT1G01940	0.8427914106907738
AT5G47160	AT4G23885	0.8879595814453478
AT5G47160	AT3G23990	0.8835930518372942
AT5G47160	AT2G15790	0.8173654011364956
AT5G47160	AT2G21940	0.8567780818321605
AT5G47160	AT1G10050	0.8137546247766331
AT5G47160	AT5G58590	0.9145335434216724
AT5G47160	AT3G03520	0.8996221071290185
AT5G47160	AT2G41160	0.849945470184077
AT5G47160	AT5G53400	0.871988005227007
AT5G47160	AT3G29810	0.8714414332092004
AT5G47160	AT3G52830	0.821456190084119
AT5G47160	AT4G26780	0.8668037985467913
AT5G47160	AT5G58787	0.8364222378940314
AT5G47160	AT3G07770	0.880166478942217
AT5G47160	AT3G57880	0.8468959681052287
AT5G42760	AT2G16890	0.8246647533113745
AT5G42760	AT3G15310	0.8103303837220751
AT5G42760	AT3G56290	0.8600632523005061
AT5G42760	AT5G13930	0.9188794076980223
AT5G42760	AT2G47800	0.8239923998099943
AT5G42760	AT1G60590	0.8345927236099325
AT5G42760	AT1G78290	0.9235507173425926
AT5G42760	AT3G19450	0.8316316649519273
AT5G42760	AT4G13900	0.8964274822004527
AT5G42760	AT2G32540	0.8192841522127986
AT5G42760	AT3G24170	0.8302722828174657
AT5G42760	AT1G17050	0.8355075255786523
AT5G42760	AT3G16910	0.8103498445438113
AT5G41920	AT5G14920	0.8041919862845383
AT5G41920	AT5G35735	0.831199933218294
AT5G41920	AT4G02370	0.8172031614375078
AT5G41920	AT3G14310	0.837346917172761
AT5G41920	AT5G50450	0.8501594822671856
AT5G41920	AT4G05330	0.8337323964109371
AT5G41920	AT5G46520	0.8432955279476995
AT5G41920	AT1G20840	0.8250301679897556
AT5G41920	AT3G10300	0.8051460108947073
AT5G22920	AT2G18700	0.850665787535674
AT5G22920	AT5G19120	0.9053173016628546
AT5G22920	AT1G02660	0.8671212174392973
AT5G22920	AT5G49450	0.8532989457267087
AT5G22920	AT1G70290	0.9075625668353573
AT5G22920	AT3G61060	0.9185035052853682
AT5G22920	AT4G37260	0.8658109384747639
AT5G22920	AT1G73830	0.8118801440048888
AT5G22920	AT2G44500	0.8183746575943381
AT1G64500	AT1G65490	0.9321919163329
AT1G64500	AT3G15310	0.8636123739685133
AT1G64500	AT5G48540	0.8460119832381622
AT1G64500	AT5G24120	0.894183128844491
AT1G64500	AT5G18670	0.9256809910388113
AT1G64500	AT2G46735	0.8393595097509107
AT1G64500	AT1G68440	0.883766757749146
AT1G64500	AT4G15430	0.8698693181572186
AT1G64500	AT3G56290	0.9690137886461136
AT1G64500	AT2G24540	0.9366741740132701
AT1G64500	AT3G01060	0.839074039478235
AT1G64500	AT3G09520	0.8467873656506724
AT1G64500	AT4G38960	0.8245109584600832
AT1G64500	AT3G14770	0.8686491672427329
AT1G64500	AT5G39660	0.8932186036494059
AT1G64500	AT2G04795	0.8948456970222605
AT1G64500	AT3G19450	0.8179277137287735
AT1G64500	AT1G75100	0.8875912526809504
AT1G64500	AT2G32540	0.8826326815644774
AT1G64500	AT1G70985	0.8311355064588278
AT1G64500	AT3G24170	0.8897354684012059
AT1G64500	AT1G17050	0.8767162389213188
AT1G64500	AT2G22240	0.8144790345258269
AT1G64500	AT1G07450	0.802697704262833
AT1G64500	AT1G79270	0.9220956061345476
AT1G64500	AT5G15600	0.8875791879323388
AT1G49650	AT2G16660	0.8859600660569156
AT1G49650	AT2G15960	0.8079943365055225
AT1G49650	AT2G29630	0.9115039101814877
AT1G49650	AT1G67660	0.9305082260786952
AT1G49650	AT5G14920	0.9280810084830019
AT1G49650	AT3G28870	0.8125264778406858
AT1G49650	AT3G53800	0.9355378118499987
AT1G49650	AT4G18520	0.9096518913848913
AT1G49650	AT4G18240	0.8594697327749026
AT1G49650	AT1G67970	0.8551976826113602
AT1G49650	AT2G17840	0.952871848478167
AT1G49650	AT5G14550	0.8955325582640272
AT1G49650	AT5G35735	0.8544057166461487
AT1G49650	AT1G51940	0.9454373536485177
AT1G49650	AT5G02860	0.9540653320682009
AT1G49650	AT1G79440	0.8515337942620086
AT1G49650	AT4G33700	0.8580093876037188
AT1G49650	AT1G27630	0.9583477882343675
AT1G49650	AT1G80480	0.8681891364624581
AT1G49650	AT1G26665	0.8618130244130358
AT1G49650	AT3G02330	0.8126729091442123
AT1G49650	AT1G02300	0.8180842114679955
AT1G49650	AT4G02370	0.9757055550605089
AT1G49650	AT5G62720	0.8967158544838044
AT1G49650	AT5G63810	0.8007132313955078
AT1G49650	AT1G70820	0.8624678397755865
AT1G49650	AT3G59820	0.8801403201267902
AT1G49650	AT3G50700	0.9468449673259083
AT1G49650	AT5G03240	0.9233199556263533
AT1G49650	AT5G43440	0.8486349437524336
AT1G49650	AT1G51610	0.8295086387104151
AT1G49650	AT1G48210	0.8156205541777617
AT1G49650	AT5G18540	0.8454872497725754
AT1G49650	AT1G76590	0.8016496820660219
AT1G49650	AT5G25210	0.8619285814642073
AT1G49650	AT1G69830	0.8396650509825818
AT1G49650	AT2G15970	0.8043927764935724
AT1G49650	AT1G31850	0.8120143784929753
AT1G49650	AT1G12710	0.8677784637100422
AT1G49650	AT3G14310	0.9591223914883285
AT1G49650	AT2G01170	0.8662479186771804
AT1G49650	AT2G39900	0.8601577424959707
AT1G49650	AT2G02100	0.8518251756714664
AT1G49650	AT5G42500	0.8329247917876871
AT1G49650	AT4G38580	0.822176254883416
AT1G49650	AT3G58570	0.8954635608499669
AT1G49650	AT3G16180	0.8138580399528847
AT1G49650	AT3G01310	0.8837026160635976
AT1G49650	AT3G26580	0.9412926655729813
AT1G49650	AT1G12845	0.8302285240412784
AT1G49650	AT4G12750	0.8816048253870253
AT1G49650	AT3G56720	0.9303843459362403
AT1G49650	AT4G05330	0.9103020935977473
AT1G49650	AT1G21680	0.9433935898264483
AT1G49650	AT4G11600	0.8619750988547538
AT1G49650	AT3G16740	0.8801635447925759
AT1G49650	AT4G19390	0.8519464421097765
AT1G49650	AT5G10530	0.8009894149885701
AT1G49650	AT1G06460	0.8301281431853287
AT1G49650	AT1G33970	0.8488210665310968
AT1G49650	AT3G51660	0.8624980946781815
AT1G49650	AT5G63420	0.8788789690276303
AT1G49650	AT2G19450	0.8583338362927819
AT1G49650	AT5G62350	0.9018106501152792
AT1G49650	AT4G33490	0.8714363876076021
AT1G49650	AT4G14230	0.8722831577094147
AT1G49650	AT5G27930	0.8407445737565018
AT5G19875	AT2G25140	0.8243522616594213
AT5G19875	AT3G25230	0.8006002648272873
AT5G19875	AT1G56170	0.9234473499861134
AT5G19875	AT5G62020	0.8303833472475963
AT5G19875	AT3G17611	0.8217342628383256
AT5G19875	AT1G55530	0.8349247748380031
AT5G19875	AT1G10050	0.8012633528702644
AT5G19875	AT2G41160	0.804485901305815
AT5G19875	AT5G53400	0.8044764354577019
AT5G19875	AT3G57880	0.8248900440572192
AT4G12550	AT2G48140	0.8247381943392814
AT5G54470	AT3G47500	0.8889358637447061
AT5G54470	AT1G76240	0.8515977029616353
AT2G16660	AT1G67660	0.8627487265119718
AT2G16660	AT5G14920	0.8961184218055646
AT2G16660	AT3G28870	0.8170051767221266
AT2G16660	AT3G53800	0.851460972424777
AT2G16660	AT4G18520	0.8292437229308445
AT2G16660	AT2G17840	0.8904414168240133
AT2G16660	AT5G35735	0.9015770841206765
AT2G16660	AT1G51940	0.900851347011443
AT2G16660	AT5G02860	0.8580779162136996
AT2G16660	AT1G79440	0.818922978957142
AT2G16660	AT1G27630	0.8781143713867562
AT2G16660	AT5G26340	0.918670953629236
AT2G16660	AT4G02370	0.9077455149360101
AT2G16660	AT5G09630	0.8409564147811699
AT2G16660	AT1G70820	0.8315164054954689
AT2G16660	AT3G50700	0.8948192094236626
AT2G16660	AT5G43440	0.8073419776761317
AT2G16660	AT1G51610	0.8077131300916625
AT2G16660	AT1G76590	0.8228244872460151
AT2G16660	AT1G69830	0.8093450481776221
AT2G16660	AT1G12710	0.8129862030012446
AT2G16660	AT3G14310	0.877829501259683
AT2G16660	AT2G01170	0.8273571833495507
AT2G16660	AT2G39900	0.856971463900414
AT2G16660	AT3G58570	0.8253830249853578
AT2G16660	AT3G01310	0.8671432162682633
AT2G16660	AT3G26580	0.8425478768734679
AT2G16660	AT1G12845	0.8538230620891488
AT2G16660	AT3G56720	0.835366750181631
AT2G16660	AT1G70420	0.8635908594050892
AT2G16660	AT4G05330	0.856399263479794
AT2G16660	AT1G21680	0.8532636610264724
AT2G16660	AT4G11600	0.8872702835612538
AT2G16660	AT3G16740	0.8265040540852974
AT2G16660	AT1G33970	0.8149504000407328
AT2G16660	AT3G51660	0.9193305880730451
AT2G16660	AT1G13930	0.8472080494103891
AT2G16660	AT2G19450	0.8095998877156445
AT2G16660	AT5G62350	0.832191017555317
AT2G16660	AT4G14230	0.8873354991564473
AT3G11020	AT1G80480	0.83985747578113
AT3G11020	AT1G32090	0.8732422657909665
AT3G11020	AT4G38580	0.8169598866585464
AT3G11020	AT1G17460	0.864753303256841
AT3G11020	AT1G67370	0.8285763634630834
AT3G11020	AT5G08380	0.8293489860275741
AT2G15960	AT5G14920	0.9141706658486445
AT2G15960	AT3G53800	0.8819122178103634
AT2G15960	AT4G18520	0.8252007147020194
AT2G15960	AT1G51940	0.8971291963883344
AT2G15960	AT5G26340	0.8745640668702518
AT2G15960	AT4G02370	0.8744372467079274
AT2G15960	AT3G53990	0.9334350138369873
AT2G15960	AT1G70820	0.8251050502188476
AT2G15960	AT3G50700	0.8748580653494834
AT2G15960	AT5G43440	0.8639404406101616
AT2G15960	AT3G15630	0.8163810849370632
AT2G15960	AT4G03510	0.8641199987050989
AT2G15960	AT1G76590	0.8387657993407981
AT2G15960	AT5G25210	0.8189423195908541
AT2G15960	AT4G05150	0.844481217508814
AT2G15960	AT1G22570	0.8588254207504765
AT2G15960	AT1G12845	0.8078924936680365
AT2G15960	AT3G56720	0.864108766373275
AT2G15960	AT1G70420	0.8059197214540801
AT2G15960	AT1G78600	0.8577496008798949
AT2G15960	AT3G16740	0.8850568718050337
AT2G15960	AT1G33970	0.9117081128150678
AT2G15960	AT3G51660	0.8844564770773097
AT2G15960	AT5G62350	0.8566575351946472
AT2G16890	AT1G75040	0.8070740975969708
AT2G16890	AT4G13900	0.8021278850306555
AT1G06000	AT5G08640	0.95149853039882
AT1G06000	AT3G10150	0.8066539732866929
AT1G06000	AT5G05270	0.8552424435275701
AT1G06000	AT5G65870	0.918484339713773
AT1G06000	AT1G74300	0.8072821151711925
AT1G06000	AT2G47800	0.8048513716625532
AT1G06000	AT2G40230	0.8232918787991018
AT1G06000	AT2G32290	0.8090099671758203
AT1G06000	AT4G04900	0.8986452310276879
AT1G06000	AT3G23120	0.8911893349313371
AT1G06000	AT3G26590	0.8990236771237551
AT1G06000	AT1G72910	0.8911768315924706
AT1G06000	AT3G63240	0.8272733903264614
AT1G06000	AT3G47090	0.8473935362345827
AT4G36670	AT5G07440	0.9049477265466638
AT4G36670	AT2G05380	0.8545328844152326
AT1G62080	AT4G38850	0.8246500485722468
AT1G62080	AT3G47500	0.8347990393236417
AT3G52180	AT2G29630	0.8867702323264913
AT3G52180	AT1G67660	0.888268275899206
AT3G52180	AT4G18520	0.8334495565955832
AT3G52180	AT4G18240	0.9525082598558234
AT3G52180	AT2G17840	0.851518629205838
AT3G52180	AT5G14550	0.8852060788386932
AT3G52180	AT5G11150	0.9024167324017727
AT3G52180	AT3G28290	0.8883424255156508
AT3G52180	AT5G02860	0.8436277529523342
AT3G52180	AT1G79440	0.8888369737303736
AT3G52180	AT4G33700	0.8849820194681786
AT3G52180	AT2G06925	0.8455530397185664
AT3G52180	AT1G27630	0.8818082952098204
AT3G52180	AT1G26665	0.8605190903787341
AT3G52180	245432_at	0.9061796741579793
AT3G52180	AT2G43550	0.9498488779352289
AT3G52180	AT4G02370	0.8016068679050696
AT3G52180	AT5G62720	0.8620998116777111
AT3G52180	AT5G63810	0.8794812589509955
AT3G52180	AT1G70820	0.8644386314231512
AT3G52180	AT5G03240	0.8142047814247677
AT3G52180	AT4G17140	0.9316275744452754
AT3G52180	AT3G55450	0.855925569907758
AT3G52180	AT1G51610	0.8442838007618311
AT3G52180	AT1G48210	0.8498895778216842
AT3G52180	AT5G18540	0.8615310081221405
AT3G52180	AT1G69830	0.9742413997229706
AT3G52180	AT1G49220	0.8907036457165339
AT3G52180	AT2G15970	0.9155412839309817
AT3G52180	AT1G31850	0.9442767433727294
AT3G52180	AT1G68050	0.8079903668041492
AT3G52180	AT3G14310	0.9041284463931689
AT3G52180	AT2G01170	0.8962153798968719
AT3G52180	AT2G39900	0.9078283921317676
AT3G52180	AT2G02100	0.9343646941213648
AT3G52180	AT3G58570	0.917889811275635
AT3G52180	AT3G16180	0.9301031367854623
AT3G52180	AT3G01310	0.9201707141727339
AT3G52180	AT1G78995	0.8345245525671922
AT3G52180	AT3G26580	0.826741462716617
AT3G52180	AT1G12845	0.8466237357369424
AT3G52180	AT2G43535	0.929663236281816
AT3G52180	AT4G05330	0.8695758938131924
AT3G52180	AT1G53035	0.8944934495297314
AT3G52180	AT4G11600	0.908708029825939
AT3G52180	AT1G75960	0.8165539736701514
AT3G52180	AT4G19390	0.9241880965652955
AT3G52180	AT2G15830	0.8284436339620127
AT3G52180	AT1G06460	0.8908016227291778
AT3G52180	AT3G46440	0.9163033185665618
AT3G52180	AT1G13930	0.8648965774972245
AT3G52180	AT5G63420	0.9007977297876762
AT3G52180	AT2G19450	0.8328449936576904
AT3G52180	AT1G69870	0.8228585019508583
AT3G52180	AT4G33490	0.8998625909851031
AT3G52180	AT4G14230	0.8849139545858239
AT3G52180	AT1G75880	0.8167334665361169
AT3G52180	AT5G27930	0.8600195443366336
AT3G52180	AT1G20840	0.8697104818864697
AT3G52180	AT3G05800	0.851683382398615
AT2G24780	266183_at	0.9051211434950599
AT1G65490	AT5G18670	0.9072469197964244
AT1G65490	AT2G46735	0.8143351905661833
AT1G65490	AT1G68440	0.8557104937927125
AT1G65490	AT3G56290	0.9153950355240069
AT1G65490	AT2G24540	0.861625950457765
AT1G65490	AT3G09520	0.873642561340609
AT1G65490	AT5G39660	0.8771341418906394
AT1G65490	AT2G04795	0.9037342025526597
AT1G65490	AT1G75100	0.8500915715551126
AT1G65490	AT2G32540	0.8618175119895021
AT1G65490	AT2G22240	0.8353141190562542
AT1G65490	AT1G79270	0.9094604063288481
AT1G65490	AT5G15600	0.8473975505646734
AT5G35970	AT4G02850	0.8714913187714614
AT5G35970	AT3G16150	0.8380540762555757
AT5G35970	AT5G24120	0.8686665711831797
AT5G35970	AT3G01550	0.8894564091041071
AT5G35970	AT4G15430	0.8248191045587508
AT5G35970	AT3G01060	0.9071025658845198
AT5G35970	AT1G66100	0.8679406336713495
AT5G35970	AT4G38960	0.8961378866469142
AT5G35970	AT3G47500	0.8352512715602377
AT5G35970	AT3G51920	0.8859752624779965
AT5G35970	AT3G57040	0.821163529763422
AT5G35970	AT4G23290	0.856555013951675
AT5G35970	AT1G07450	0.8462464598423786
AT3G15310	AT3G16150	0.8119181184428172
AT3G15310	AT5G66740	0.8415193858807586
AT3G15310	AT5G48540	0.8115459280092087
AT3G15310	AT5G24120	0.8993391501145606
AT3G15310	AT5G18670	0.8105186879237021
AT3G15310	AT3G01550	0.85200962822949
AT3G15310	AT4G15430	0.811561336281178
AT3G15310	AT3G56290	0.9069025154118224
AT3G15310	AT2G24540	0.8339126025303861
AT3G15310	AT3G01060	0.8633711227520312
AT3G15310	AT1G67330	0.8151756354651996
AT3G15310	AT3G51920	0.838887839415842
AT3G15310	AT1G65870	0.8340368950119357
AT3G15310	AT3G14770	0.8250620348953378
AT3G15310	AT3G19450	0.8978820972512922
AT3G15310	AT1G70985	0.8417678473733571
AT3G15310	AT3G24170	0.8882185026192856
AT3G15310	AT1G17050	0.9100169813405212
AT3G15310	AT1G07450	0.897107279481297
AT3G15310	AT5G15600	0.800259358282153
AT4G37410	AT1G61370	0.8091203334042065
AT4G37410	AT2G39710	0.8513245980072757
AT4G37410	AT1G21130	0.8106992712850896
AT4G37410	AT3G26390	0.8019489186952485
AT4G37410	AT2G37130	0.8179749142774373
AT4G37410	AT5G58580	0.803354053127598
ATMG00940	ATMG00270	0.8962473410121292
ATMG00940	AT5G15250	0.8032176351873053
ATMG00940	ATMG00640	0.8508285021872616
ATMG00940	ATMG00650	0.8854591288484429
ATMG00940	AT2G07675	0.8657522833520214
ATMG00940	AT1G01940	0.8070976096639862
ATMG00940	AT1G76280	0.8805309952565838
ATMG00940	ATMG00690	0.8791971194903915
ATMG00940	ATMG00060	0.9175201286131808
ATMG00940	AT2G30000	0.8253193922377295
ATMG00940	ATMG00620	0.9167026350815493
AT5G25190	AT2G18700	0.8983584096392964
AT5G25190	AT1G19380	0.8013118421206101
AT5G25190	AT3G55980	0.8484430795332043
AT5G25190	AT1G02660	0.847394412461351
AT5G25190	AT3G50060	0.8113631366701314
AT5G25190	AT4G28085	0.8133972234129487
AT5G25190	AT3G15500	0.8257622817352613
AT5G25190	AT2G43820	0.8392316854872875
AT5G25190	AT1G70290	0.8161930961467143
AT5G25190	AT3G06070	0.8678560094796064
AT5G25190	AT1G73830	0.8317642697489026
AT5G25190	AT1G69570	0.8151332700554746
AT2G29630	AT1G67660	0.9386985912725154
AT2G29630	AT5G14920	0.8126918456495242
AT2G29630	AT3G53800	0.8220513807737809
AT2G29630	AT4G18520	0.8533567998097458
AT2G29630	AT4G18240	0.9517749006180606
AT2G29630	AT1G67970	0.8513249896280656
AT2G29630	AT2G17840	0.937820247031094
AT2G29630	AT5G14550	0.9516158501164437
AT2G29630	AT1G51940	0.8267110556267687
AT2G29630	AT5G11150	0.8101698923743812
AT2G29630	AT5G02860	0.9436511075034721
AT2G29630	AT1G79440	0.9093474432181207
AT2G29630	AT4G33700	0.934740543004447
AT2G29630	AT1G27630	0.9585604704822169
AT2G29630	AT1G80480	0.9068673760249841
AT2G29630	AT1G26665	0.9383677661601406
AT2G29630	AT3G02330	0.8638305223815048
AT2G29630	AT4G02370	0.8866983801193391
AT2G29630	AT5G62720	0.9457372806934756
AT2G29630	AT5G63810	0.8154005403830519
AT2G29630	AT1G70820	0.8423079621573837
AT2G29630	AT3G59820	0.8344061937845362
AT2G29630	AT3G50700	0.8404892012809777
AT2G29630	AT5G03240	0.9470478440166205
AT2G29630	AT4G17140	0.8947125617482689
AT2G29630	AT3G55450	0.8340591429257983
AT2G29630	AT1G51610	0.8673028870936293
AT2G29630	AT1G48210	0.9198042577228305
AT2G29630	AT5G18540	0.9136777159645074
AT2G29630	AT1G69830	0.8924498994100137
AT2G29630	AT1G49220	0.835531792506756
AT2G29630	AT3G57770	0.8209963079274123
AT2G29630	AT2G15970	0.855774334661528
AT2G29630	AT1G31850	0.8801080989312527
AT2G29630	AT1G12710	0.8997221847039787
AT2G29630	AT1G68050	0.8123064261862724
AT2G29630	AT3G14310	0.9268273294439034
AT2G29630	AT2G01170	0.8795268311944383
AT2G29630	AT2G39900	0.8538602170060474
AT2G29630	AT2G02100	0.8974094847915196
AT2G29630	AT5G42500	0.8419965965746469
AT2G29630	AT3G58570	0.9172802762887425
AT2G29630	AT3G16180	0.8787375636665068
AT2G29630	AT3G01310	0.8796371843457328
AT2G29630	AT3G26580	0.9446556595736373
AT2G29630	AT1G12845	0.8040950238966512
AT2G29630	AT2G43535	0.8167050997170789
AT2G29630	AT4G12750	0.832227615046721
AT2G29630	AT3G56720	0.8525988600491385
AT2G29630	AT4G05330	0.9139979719298921
AT2G29630	AT1G21680	0.9300998986195723
AT2G29630	AT1G53035	0.8151751759132231
AT2G29630	AT4G11600	0.8856308826064903
AT2G29630	AT3G16740	0.820501184601573
AT2G29630	AT4G19390	0.8959238186283522
AT2G29630	AT5G10530	0.8162518248618205
AT2G29630	AT1G06460	0.8824852200247725
AT2G29630	AT3G46440	0.8326033422805256
AT2G29630	AT1G13930	0.8251924819102098
AT2G29630	AT5G63420	0.970654763353798
AT2G29630	AT2G19450	0.8878771538279814
AT2G29630	AT4G33490	0.9431085282268242
AT2G29630	AT4G14230	0.8478415499013463
AT2G29630	AT5G27930	0.8955919568204128
AT2G29630	AT5G08380	0.8261316958491889
AT1G67660	AT5G14920	0.9039643752051559
AT1G67660	AT3G53800	0.9112169501784294
AT1G67660	AT4G18520	0.945767483435988
AT1G67660	AT4G18240	0.9199875330201234
AT1G67660	AT1G67970	0.8736531916814109
AT1G67660	AT2G17840	0.9673014988359009
AT1G67660	AT5G14550	0.9375749036451285
AT1G67660	AT5G35735	0.8359598906264989
AT1G67660	AT1G51940	0.9272637516834914
AT1G67660	AT5G11150	0.8085537623093556
AT1G67660	AT5G02860	0.9744060973230899
AT1G67660	AT1G79440	0.9126091082887388
AT1G67660	AT4G33700	0.8775612158765471
AT1G67660	AT2G06925	0.8398255578250575
AT1G67660	AT1G27630	0.9765983745079019
AT1G67660	AT1G80480	0.8341096826634382
AT1G67660	AT1G26665	0.8625738551025501
AT1G67660	AT5G26340	0.8031282869715192
AT1G67660	245432_at	0.8869849348769203
AT1G67660	AT3G02330	0.9063836260913047
AT1G67660	AT4G02370	0.9425510482588207
AT1G67660	AT5G62720	0.8508481886082339
AT1G67660	AT5G09630	0.8287883698119313
AT1G67660	AT5G63810	0.911368191205227
AT1G67660	AT1G70820	0.9420957360046556
AT1G67660	AT3G59820	0.8458791056557842
AT1G67660	AT3G50700	0.9120236224078262
AT1G67660	AT5G03240	0.9196601340588687
AT1G67660	AT5G43440	0.8888215352627798
AT1G67660	AT4G17140	0.8375547298368404
AT1G67660	AT1G51610	0.916748241012364
AT1G67660	AT1G48210	0.8299733269240953
AT1G67660	AT5G57630	0.8019002821574415
AT1G67660	AT5G18540	0.8589579207240979
AT1G67660	AT5G25210	0.8507432609881469
AT1G67660	AT1G69830	0.9315085058553417
AT1G67660	AT1G49220	0.8181370950161944
AT1G67660	AT3G57770	0.8197673328977962
AT1G67660	AT2G15970	0.9454103331901963
AT1G67660	AT1G31850	0.8823171013395883
AT1G67660	AT1G12710	0.895121973348842
AT1G67660	AT3G14310	0.9487469079879018
AT1G67660	AT2G01170	0.9457098751889432
AT1G67660	AT2G39900	0.9223335898700252
AT1G67660	AT2G02100	0.9121294570081163
AT1G67660	AT3G58570	0.96563186192481
AT1G67660	AT3G16180	0.9040319173602845
AT1G67660	AT3G01310	0.9585132147408888
AT1G67660	AT3G26580	0.9573969596698155
AT1G67660	AT1G12845	0.9181639924233339
AT1G67660	AT2G43535	0.8837338086863801
AT1G67660	AT4G12750	0.8412827004992203
AT1G67660	AT3G56720	0.9302984232243939
AT1G67660	AT1G70420	0.8824156301164009
AT1G67660	AT4G05330	0.9361385126495226
AT1G67660	AT1G21680	0.9073902834264503
AT1G67660	AT1G53035	0.855085669469547
AT1G67660	AT4G11600	0.9311097943569142
AT1G67660	AT1G75960	0.8534891997453582
AT1G67660	AT3G16740	0.8790413940428907
AT1G67660	AT4G19390	0.9084409159287014
AT1G67660	AT5G10530	0.8473571000443364
AT1G67660	AT1G06460	0.934598821642167
AT1G67660	AT1G33970	0.8852415533866427
AT1G67660	AT3G46440	0.872917243663935
AT1G67660	AT3G51660	0.8392254797903448
AT1G67660	AT1G13930	0.9259758753794505
AT1G67660	AT5G63420	0.9090370041363105
AT1G67660	AT2G19450	0.8830342106265866
AT1G67660	AT5G62350	0.8816447137332794
AT1G67660	AT4G33490	0.9325854805614596
AT1G67660	AT4G14230	0.9405451457426671
AT1G67660	AT5G27930	0.9492594287582157
AT1G67660	AT3G05800	0.8094013810610375
AT3G57520	AT2G35170	0.8944607547450049
AT5G14920	AT3G28870	0.8391900728953164
AT5G14920	AT3G53800	0.9127863469418652
AT5G14920	AT4G18520	0.9082950812770878
AT5G14920	AT1G67970	0.8370212524405176
AT5G14920	AT2G17840	0.9294090201199511
AT5G14920	AT5G14550	0.8404315395928093
AT5G14920	AT5G35735	0.8890991047736042
AT5G14920	AT1G51940	0.9422415946968943
AT5G14920	AT5G02860	0.9092269763124587
AT5G14920	AT1G79440	0.8708303071211655
AT5G14920	AT2G06925	0.869333386662229
AT5G14920	AT1G27630	0.9051339450586463
AT5G14920	AT1G80480	0.8218934794726365
AT5G14920	AT5G26340	0.8987907346372683
AT5G14920	AT1G02300	0.8337817032698392
AT5G14920	AT4G02370	0.9737429558334997
AT5G14920	AT3G53990	0.8447733065454616
AT5G14920	AT5G63810	0.86237037065326
AT5G14920	AT1G70820	0.8870720849815955
AT5G14920	AT3G59820	0.8498711443943591
AT5G14920	AT3G50700	0.9280766390474803
AT5G14920	AT5G03240	0.9013860567325933
AT5G14920	AT5G43440	0.9057279379342935
AT5G14920	AT1G51610	0.8057664105202391
AT5G14920	AT5G18540	0.8150271282785079
AT5G14920	AT1G76590	0.8375848917683264
AT5G14920	AT5G25210	0.8373968623055456
AT5G14920	AT1G69830	0.8096802638498304
AT5G14920	AT4G05150	0.8768474349939076
AT5G14920	AT1G22570	0.8050921874728871
AT5G14920	AT2G15970	0.8276132586136091
AT5G14920	AT1G12710	0.8852992285443777
AT5G14920	AT3G14310	0.8971893305991936
AT5G14920	AT2G01170	0.8450392362863365
AT5G14920	AT2G39900	0.8870559566896629
AT5G14920	AT2G02100	0.8473816985422647
AT5G14920	AT4G38580	0.8615175360665852
AT5G14920	AT3G58570	0.8934599384909326
AT5G14920	AT3G16180	0.8000419365210256
AT5G14920	AT3G01310	0.9064389444349054
AT5G14920	AT3G26580	0.8990379975772314
AT5G14920	AT1G12845	0.8974231139928742
AT5G14920	AT4G12750	0.8627659744568559
AT5G14920	AT3G56720	0.9207661640257137
AT5G14920	AT1G70420	0.8468406113464052
AT5G14920	AT4G05330	0.9078793236849707
AT5G14920	AT1G21680	0.9044863747179581
AT5G14920	AT4G11600	0.8649566677061004
AT5G14920	AT1G78600	0.8619759389635046
AT5G14920	AT1G75960	0.8064393051154
AT5G14920	AT3G16740	0.9357225584787555
AT5G14920	AT1G06460	0.8339680721863548
AT5G14920	AT1G33970	0.9320044485365532
AT5G14920	AT3G51660	0.9299771166197203
AT5G14920	AT1G13930	0.8004895277550981
AT5G14920	AT5G63420	0.8117634922651707
AT5G14920	AT2G19450	0.8409118983907279
AT5G14920	AT5G62350	0.9071543426261816
AT5G14920	AT4G33490	0.8447642200590038
AT5G14920	AT4G14230	0.8789108696903029
AT5G14920	AT1G08500	0.8237875783805304
AT4G37070	AT1G76930	0.8644539416874615
AT1G61410	AT1G35570	0.8304903075751359
AT5G48530	AT1G80820	0.8254394340790716
AT5G48530	AT5G36910	0.8087051164151872
AT5G48530	AT5G05860	0.8400614365529047
AT3G28870	AT2G17840	0.8332470498096303
AT3G28870	AT1G27630	0.8111547951338952
AT3G28870	AT1G80480	0.8410703742794339
AT3G28870	AT4G02370	0.8432038795448505
AT3G28870	AT3G50700	0.8156150832876772
AT3G28870	AT5G03240	0.8666309755440164
AT3G28870	AT5G18540	0.8203091061558201
AT3G28870	AT1G76590	0.8392668677477242
AT3G28870	AT1G12710	0.8282669352649445
AT3G28870	AT4G38580	0.8476330852877706
AT3G28870	AT2G13930	0.899629916859284
AT3G28870	AT4G12750	0.8462220080709874
AT3G28870	AT1G21680	0.8929998434691343
AT3G28870	AT3G51660	0.8455838508809439
AT1G65690	AT3G12500	0.842700686872614
AT2G26760	AT1G26840	0.8381023310204555
AT2G26760	AT1G20693	0.8684784491753169
AT2G26760	AT1G19940	0.9098247975579453
AT2G26760	AT1G74300	0.8442994657720923
AT2G26760	AT5G10400	0.9217062502049087
AT2G26760	AT3G46320	0.9296397271810112
AT2G26760	AT1G53260	0.816763887554963
AT2G26760	AT4G29700	0.8432691038426932
AT2G26760	AT5G59870	0.9296868509842925
AT2G26760	AT5G10390	0.9285534931648071
AT2G18700	AT3G59060	0.8542766947698838
AT2G18700	AT5G19120	0.90817538160678
AT2G18700	AT5G59080	0.8453324863962403
AT2G18700	AT5G02020	0.8387850387715104
AT2G18700	AT1G02660	0.8756671903009057
AT2G18700	AT2G36050	0.8802900879314088
AT2G18700	AT5G49450	0.8057148150918418
AT2G18700	AT4G28085	0.850386320056427
AT2G18700	AT4G36040	0.8250873410739261
AT2G18700	AT3G15500	0.9203075232655233
AT2G18700	AT2G43820	0.8537321979623339
AT2G18700	AT2G42870	0.8026494422072435
AT2G18700	AT1G70290	0.8984520473111861
AT2G18700	AT5G57660	0.8567671935118226
AT2G18700	AT3G61060	0.8193903014996722
AT2G18700	AT2G29300	0.8271463110745075
AT2G18700	AT3G06070	0.892428237779553
AT2G18700	AT1G73830	0.8864898535024276
AT2G18700	AT2G44500	0.8176525213627228
AT3G53800	AT4G18520	0.9108913377768415
AT3G53800	AT1G67970	0.8216923768085231
AT3G53800	AT2G17840	0.9097636640240816
AT3G53800	AT5G14550	0.8426322269228939
AT3G53800	AT1G51940	0.9612478443874969
AT3G53800	AT5G02860	0.9191024920885142
AT3G53800	AT1G79440	0.8020072735530216
AT3G53800	AT1G27630	0.9153842861460063
AT3G53800	AT5G26340	0.8333502458641658
AT3G53800	AT1G02300	0.8611884802809925
AT3G53800	AT4G02370	0.942259419486195
AT3G53800	AT3G53990	0.857211201501494
AT3G53800	AT5G62720	0.8188983568306147
AT3G53800	AT5G63810	0.8369629243895123
AT3G53800	AT1G70820	0.9382723446801657
AT3G53800	AT3G59820	0.8290028079956947
AT3G53800	AT3G50700	0.9530856151631469
AT3G53800	AT5G03240	0.8419197636368392
AT3G53800	AT5G43440	0.9360348065643649
AT3G53800	AT1G51610	0.8274736387298802
AT3G53800	AT5G25210	0.8590779147548975
AT3G53800	AT1G69830	0.841427098249285
AT3G53800	AT4G05150	0.8030497286933808
AT3G53800	AT2G15970	0.829421688130049
AT3G53800	AT1G12710	0.8588336710110747
AT3G53800	AT3G14310	0.8964957986456628
AT3G53800	AT2G01170	0.8777222227385154
AT3G53800	AT2G39900	0.8926470625869645
AT3G53800	AT2G02100	0.8038451738614217
AT3G53800	AT3G58570	0.8589839846297608
AT3G53800	AT3G01310	0.9002582272135773
AT3G53800	AT3G26580	0.9150599331150412
AT3G53800	AT1G12845	0.8945489068650093
AT3G53800	AT4G12750	0.8407573173526912
AT3G53800	AT3G56720	0.9699673888700414
AT3G53800	AT1G70420	0.8397270962636285
AT3G53800	AT4G05330	0.8743929204810252
AT3G53800	AT1G21680	0.8790210085477255
AT3G53800	AT1G78600	0.8115149010216416
AT3G53800	AT1G75960	0.8425251142409772
AT3G53800	AT3G16740	0.8767888166210525
AT3G53800	AT5G10530	0.8670129579136594
AT3G53800	AT1G06460	0.864297252031094
AT3G53800	AT1G33970	0.9131561006244352
AT3G53800	AT3G51660	0.902239892840311
AT3G53800	AT1G13930	0.8503537462597919
AT3G53800	AT2G19450	0.8454880101492727
AT3G53800	AT5G62350	0.9423751178913969
AT3G53800	AT4G33490	0.8376568036395299
AT3G53800	AT4G14230	0.8798964811239881
AT3G53800	AT5G27930	0.8316564470837176
AT2G07749	ATMG00270	0.9075649710940914
AT2G07749	ATMG00280	0.8285784775203927
AT2G07749	ATMG00640	0.865917173915986
AT2G07749	ATMG00650	0.89104855114161
AT2G07749	AT2G07675	0.8615591991576503
AT2G07749	AT2G41730	0.8099857373050211
AT2G07749	ATMG00690	0.8714327963591099
AT2G07749	ATMG00060	0.9162949083041921
AT2G07749	ATMG01200	0.8147897678088162
AT2G07749	ATMG00620	0.9099864686911109
AT3G22090	AT2G25140	0.9080473516671494
AT3G22090	AT5G27660	0.8221988866873305
AT3G22090	AT5G05410	0.8229263004423546
AT3G22090	AT5G23480	0.8244244418229003
AT3G22090	AT3G12050	0.8954035899526369
AT3G22090	AT3G25230	0.9071249130774293
AT3G22090	AT1G01940	0.8672715035892317
AT3G22090	AT4G23885	0.9449631264311309
AT3G22090	AT3G23990	0.9121594379001016
AT3G22090	AT2G15790	0.8401368068973685
AT3G22090	AT1G55530	0.825703775299537
AT3G22090	AT2G21940	0.8446335559489392
AT3G22090	AT1G10050	0.8256477752508036
AT3G22090	AT5G58590	0.8977347877190179
AT3G22090	AT4G17250	0.8167267877759039
AT3G22090	AT3G03520	0.8697035918124078
AT3G22090	AT2G41160	0.8910036176041581
AT3G22090	AT5G53400	0.9075141852727162
AT3G22090	AT3G29810	0.8914634306437695
AT3G22090	AT3G52830	0.8853755597109868
AT3G22090	AT4G26780	0.8838179136130053
AT3G22090	AT2G36460	0.8554351451622121
AT3G22090	AT5G58787	0.8967965254532362
AT3G22090	AT3G07770	0.8980816663350054
AT3G22090	AT3G57880	0.8642777186090538
AT1G33500	246668_at	0.8071131601630674
AT1G33500	246692_at	0.8079719375977991
AT4G02850	AT3G16150	0.9339798331315687
AT4G02850	AT5G66740	0.8586567963480167
AT4G02850	AT5G24120	0.8906266876000895
AT4G02850	AT5G18670	0.8011440444381328
AT4G02850	AT3G01550	0.9320054596902295
AT4G02850	AT1G19050	0.8475499465148079
AT4G02850	AT4G15430	0.918193721569735
AT4G02850	AT2G24540	0.8521334315162771
AT4G02850	AT3G01060	0.8951774916070088
AT4G02850	AT1G66100	0.8233197028512159
AT4G02850	AT4G38960	0.8472517316596447
AT4G02850	AT1G26790	0.8181307372330631
AT4G02850	AT3G51920	0.8127776373046821
AT4G02850	AT5G39660	0.8376408125602298
AT4G02850	AT3G57040	0.9015634844576901
AT4G02850	AT3G24170	0.8299436624876471
AT4G02850	AT5G05860	0.8974897223253094
AT4G02850	AT1G07450	0.856671124948241
AT4G02850	AT5G15600	0.8509032052591576
AT4G24110	AT2G45210	0.874848624162229
AT4G24110	AT1G05680	0.8636050120840918
AT4G24110	AT1G17170	0.8340713929038552
AT4G24110	AT1G21310	0.8475261502604446
AT4G24110	AT2G05380	0.8807879684931611
AT2G45210	AT1G05680	0.8078197958807681
AT2G45210	AT5G13330	0.8301875970751661
AT2G45210	AT2G05380	0.8269477010210711
AT2G45210	AT2G15490	0.8544003231517985
AT2G45210	AT2G02000	0.8044414205105337
AT4G18520	AT4G18240	0.834775762869489
AT4G18520	AT1G67970	0.9069497139644803
AT4G18520	AT2G17840	0.9428556712078774
AT4G18520	AT5G14550	0.9209718556172046
AT4G18520	AT5G35735	0.8070926585705488
AT4G18520	AT1G51940	0.9212037229612726
AT4G18520	AT5G02860	0.9461447341805064
AT4G18520	AT1G79440	0.882152141459537
AT4G18520	AT4G33700	0.826986025119173
AT4G18520	AT2G06925	0.8409378263439502
AT4G18520	AT1G27630	0.9382851813032324
AT4G18520	AT1G26665	0.8038855190760132
AT4G18520	AT5G26340	0.8380194718807441
AT4G18520	245432_at	0.8686736617103883
AT4G18520	AT3G02330	0.8100250372021539
AT4G18520	AT4G02370	0.9436408843565909
AT4G18520	AT5G09630	0.8510178236631103
AT4G18520	AT5G63810	0.918948291582615
AT4G18520	AT1G70820	0.9118807009634887
AT4G18520	AT3G59820	0.8468606046840832
AT4G18520	AT3G50700	0.9079916177145232
AT4G18520	AT5G03240	0.8407925298060509
AT4G18520	AT5G43440	0.8867798081327674
AT4G18520	AT1G51610	0.9091691123567858
AT4G18520	AT5G57630	0.81827522653447
AT4G18520	AT5G18540	0.8273049187660472
AT4G18520	AT5G25210	0.8909223147989914
AT4G18520	AT1G69830	0.8746533323346151
AT4G18520	AT2G15970	0.8821216718502318
AT4G18520	AT5G59200	0.8051613589471245
AT4G18520	AT1G31850	0.8478122784307727
AT4G18520	AT1G12710	0.8239420230673585
AT4G18520	AT3G14310	0.936160326670924
AT4G18520	AT2G01170	0.9156312193487578
AT4G18520	AT2G39900	0.9095619692946821
AT4G18520	AT2G02100	0.8664790404909269
AT4G18520	AT3G58570	0.930005293087275
AT4G18520	AT3G16180	0.9000744785394184
AT4G18520	AT3G01310	0.9342445222548739
AT4G18520	AT3G26580	0.8922737434292131
AT4G18520	AT1G12845	0.9197498403659368
AT4G18520	AT2G43535	0.8536084493508029
AT4G18520	AT3G56720	0.9220371650966639
AT4G18520	AT1G70420	0.8578994236985367
AT4G18520	AT4G05330	0.9008895112098667
AT4G18520	AT1G21680	0.8291290950224001
AT4G18520	AT1G53035	0.8649286063176017
AT4G18520	AT4G11600	0.8519721370434307
AT4G18520	AT5G46520	0.8049381726946473
AT4G18520	AT1G75960	0.8849365293977162
AT4G18520	AT3G16740	0.8633057054503162
AT4G18520	AT4G19390	0.8906711892551298
AT4G18520	AT5G10530	0.8223295406446899
AT4G18520	AT3G05130	0.8078530513854695
AT4G18520	AT1G06460	0.9025937105258012
AT4G18520	AT1G33970	0.8787335930238094
AT4G18520	AT3G46440	0.8564426282127929
AT4G18520	AT3G51660	0.8309778335515654
AT4G18520	AT1G13930	0.877713883227736
AT4G18520	AT5G63420	0.8527821204844556
AT4G18520	AT2G19450	0.8991836361149421
AT4G18520	AT5G62350	0.850189089639867
AT4G18520	AT4G33490	0.9032918081080898
AT4G18520	AT4G14230	0.944291841965507
AT4G18520	AT5G27930	0.9212161202278394
AT4G18520	AT3G05800	0.8461430358618288
AT3G16150	AT5G66740	0.8705436772245706
AT3G16150	AT5G24120	0.9255303627699705
AT3G16150	AT5G18670	0.8352124510128018
AT3G16150	AT1G68440	0.8113971620281176
AT3G16150	AT3G01550	0.9184165136329864
AT3G16150	AT4G15430	0.9154251274269868
AT3G16150	AT3G56290	0.8193758728906465
AT3G16150	AT2G24540	0.8472335480563236
AT3G16150	AT3G01060	0.8964828635508678
AT3G16150	AT4G38960	0.8679437353446088
AT3G16150	AT3G51920	0.8169996562771539
AT3G16150	AT1G65870	0.820151362371574
AT3G16150	AT5G39660	0.8340886164806595
AT3G16150	AT3G57040	0.8952772237672014
AT3G16150	AT3G19450	0.8544996379664601
AT3G16150	AT3G24170	0.8587645227545714
AT3G16150	AT1G17050	0.821968903303705
AT3G16150	AT3G01430	0.8077142354613983
AT3G16150	AT1G07450	0.9212583663507138
AT3G16150	AT5G15600	0.8288171911105165
AT4G25810	AT5G45340	0.8207020370843677
AT4G25810	AT1G66090	0.8346798578305358
AT4G25810	AT1G27730	0.8366973815864179
AT4G25810	AT4G08950	0.8442644146140472
AT4G25810	AT3G07350	0.8227299013426193
AT4G25810	AT3G50060	0.8933360055325157
AT4G25810	AT5G49450	0.8031864493371874
AT4G25810	AT1G32920	0.8080183248622242
AT4G25810	AT5G05440	0.8880605553314938
AT5G66740	AT5G24120	0.9134699889687898
AT5G66740	AT3G01550	0.8625354028172364
AT5G66740	AT4G15430	0.8776124845322287
AT5G66740	AT3G56290	0.801412219894397
AT5G66740	AT2G24540	0.8853183057916869
AT5G66740	AT3G01060	0.8737699641981522
AT5G66740	AT1G26790	0.8472404792788667
AT5G66740	AT1G07450	0.855829160990189
AT4G18240	AT1G67970	0.8295537578033007
AT4G18240	AT2G17840	0.8951902109115708
AT4G18240	AT5G14550	0.9068126426672469
AT4G18240	AT5G11150	0.8867544724337791
AT4G18240	AT3G28290	0.8068774785765708
AT4G18240	AT5G02860	0.8871494007642434
AT4G18240	AT1G79440	0.9080013773337158
AT4G18240	AT4G33700	0.9630017365583458
AT4G18240	AT1G27630	0.9212202499131198
AT4G18240	AT1G26665	0.9146957871649626
AT4G18240	245432_at	0.8642282034714355
AT4G18240	AT3G02330	0.8547923265299388
AT4G18240	AT2G43550	0.909311909588714
AT4G18240	AT4G02370	0.8352712778456189
AT4G18240	AT5G62720	0.8934256973490516
AT4G18240	AT5G63810	0.8372581479249969
AT4G18240	AT1G70820	0.830010669227576
AT4G18240	AT5G03240	0.8748906196259506
AT4G18240	AT4G17140	0.9477827152960071
AT4G18240	AT3G55450	0.9127842797967899
AT4G18240	AT1G51610	0.8717567223666834
AT4G18240	AT1G48210	0.9079449792198246
AT4G18240	AT5G18540	0.8880873625493916
AT4G18240	AT1G69830	0.9384931138555088
AT4G18240	AT1G49220	0.8678494799891142
AT4G18240	AT3G57770	0.8516149603839861
AT4G18240	AT2G15970	0.8920079545528445
AT4G18240	AT1G31850	0.9640596282894429
AT4G18240	AT1G12710	0.8080334406160223
AT4G18240	AT1G68050	0.8550347558246857
AT4G18240	AT3G14310	0.9235175873641163
AT4G18240	AT2G01170	0.9046147941304499
AT4G18240	AT2G39900	0.854147723056792
AT4G18240	AT2G02100	0.923470359948622
AT4G18240	AT3G58570	0.9218137257590855
AT4G18240	AT3G16180	0.9201433297406036
AT4G18240	AT3G01310	0.8934319872289044
AT4G18240	AT1G78995	0.8233224772011681
AT4G18240	AT3G26580	0.8662555423171394
AT4G18240	AT1G12845	0.8130832304985027
AT4G18240	AT2G43535	0.9174654187948226
AT4G18240	AT4G05330	0.9041756448414161
AT4G18240	AT1G21680	0.8351518209595913
AT4G18240	AT1G53035	0.8763019115112128
AT4G18240	AT4G11600	0.9432355808961805
AT4G18240	AT4G19390	0.9451561785358491
AT4G18240	AT1G06460	0.8916178530703657
AT4G18240	AT3G46440	0.9274741729119171
AT4G18240	AT1G13930	0.8556906001874637
AT4G18240	AT5G63420	0.9405220499536395
AT4G18240	AT2G19450	0.850298496125748
AT4G18240	AT1G69870	0.8252624223387786
AT4G18240	AT4G33490	0.9171117057580188
AT4G18240	AT4G14230	0.8679832541119022
AT4G18240	AT5G27930	0.8998627651240775
AT4G18240	AT1G20840	0.8096485790749438
AT1G05680	AT1G17170	0.842044585145291
AT1G05680	AT2G15490	0.8589216762004959
AT1G05680	AT1G51820	0.8153177827088095
AT5G48540	AT5G24120	0.8301758095014679
AT5G48540	AT5G18670	0.8679828628507973
AT5G48540	AT3G01550	0.8092627232174088
AT5G48540	AT3G56290	0.8778072775306909
AT5G48540	AT2G24540	0.8526693724619099
AT5G48540	AT3G01060	0.820618252810287
AT5G48540	AT5G39660	0.8395131244881957
AT5G48540	AT5G19240	0.8451587101890439
AT5G48540	AT2G04795	0.8291620951529505
AT5G48540	AT1G75100	0.8414057607788015
AT5G48540	AT2G32540	0.8056491694065454
AT5G48540	AT3G24170	0.8086222754642426
AT5G48540	AT5G15600	0.8135812218883199
AT2G25140	AT5G27660	0.8135842640163998
AT2G25140	AT5G05410	0.8647291879847673
AT2G25140	AT5G23480	0.9289976905201323
AT2G25140	AT3G12050	0.9553925388543003
AT2G25140	AT3G25230	0.9613137323413705
AT2G25140	AT1G56170	0.9051944725038462
AT2G25140	AT5G56030	0.8429573161400579
AT2G25140	AT5G62020	0.8949652861604632
AT2G25140	AT4G23885	0.8983461949230432
AT2G25140	AT3G17611	0.9278520008930948
AT2G25140	AT3G23990	0.92574194965582
AT2G25140	AT1G55530	0.9376756438198353
AT2G25140	AT2G21940	0.9437872084848196
AT2G25140	AT1G10050	0.8495666257876502
AT2G25140	AT5G58590	0.887255058829852
AT2G25140	AT4G17250	0.9233773869286868
AT2G25140	AT3G03520	0.9103980257893604
AT2G25140	AT3G15770	0.8290973459730805
AT2G25140	AT2G41160	0.9802853526428427
AT2G25140	AT5G53400	0.9803978377775774
AT2G25140	AT3G29810	0.8457294005736138
AT2G25140	AT3G52830	0.8666013202485738
AT2G25140	AT4G26780	0.8768510580388128
AT2G25140	AT4G30490	0.863242719414076
AT2G25140	AT2G36460	0.9166146919224538
AT2G25140	AT5G58787	0.8998947720607124
AT2G25140	AT3G07770	0.8833963936294332
AT2G25140	AT3G57880	0.9182645728447446
ATMG01190	AT4G03510	0.8010174157208703
ATMG01190	AT1G76590	0.8365249067235242
ATMG01190	AT1G25112	0.8163951121818297
ATMG01190	ATMG01200	0.9318339501038304
AT3G09020	AT1G13610	0.811281075182496
AT3G09020	260919_at	0.8494433327094773
AT1G51380	AT5G53770	0.8024713822066861
AT1G51380	ATMG00270	0.8613022526662857
AT1G51380	ATMG00640	0.8524437295034165
AT1G51380	ATMG00650	0.870349153455861
AT1G51380	ATMG00690	0.8079016859500813
AT1G51380	ATMG00060	0.8245906246755199
AT5G17220	AT5G05270	0.888918500838847
AT5G17220	AT5G65870	0.8373341146508142
AT5G17220	AT4G14090	0.8865708824142267
AT5G17220	AT1G67330	0.868771230549315
AT5G17220	AT1G74300	0.9045162824326836
AT5G17220	AT2G40230	0.841524868461014
AT5G17220	AT1G75040	0.8642202419122619
AT5G17220	AT3G27660	0.8214971342536876
AT5G17220	AT3G19450	0.804994505276675
AT5G17220	AT1G62540	0.874647285729497
AT5G17220	AT2G37040	0.8295398423804321
AT5G17220	AT3G26590	0.8118574002449318
AT5G17220	AT2G32990	0.8140411794492594
AT5G17220	AT5G59870	0.8355444523169228
AT5G17220	AT5G45960	0.8535434957043331
AT1G67970	AT2G17840	0.9314868062619244
AT1G67970	AT5G14550	0.9048313243499645
AT1G67970	AT1G51940	0.8272870459859399
AT1G67970	AT5G11150	0.8392509423500557
AT1G67970	AT5G02860	0.8634893616786626
AT1G67970	AT1G79440	0.9260350067194305
AT1G67970	AT4G33700	0.8504462730186855
AT1G67970	AT1G27630	0.9039348663283794
AT1G67970	AT1G26665	0.8627182699314618
AT1G67970	245432_at	0.8384208318950437
AT1G67970	AT3G02330	0.8466120091683129
AT1G67970	AT4G02370	0.8976891853959413
AT1G67970	AT5G62720	0.8184558187398328
AT1G67970	AT5G09630	0.8381373868783394
AT1G67970	AT5G63810	0.8807104400156753
AT1G67970	AT1G70820	0.8037555452763979
AT1G67970	AT3G59820	0.8713242785406582
AT1G67970	AT3G50700	0.8235087008146531
AT1G67970	AT5G03240	0.8452180977072324
AT1G67970	AT5G43440	0.8248879950101099
AT1G67970	AT3G55450	0.859924462706397
AT1G67970	AT1G51610	0.9035741685610217
AT1G67970	AT1G48210	0.8905596442610393
AT1G67970	AT5G57630	0.9115445786140389
AT1G67970	AT5G18540	0.9170441647610272
AT1G67970	AT5G25210	0.9389537725462301
AT1G67970	AT4G33960	0.8299850403575862
AT1G67970	AT1G49220	0.8609136334608783
AT1G67970	AT3G57770	0.8286268380006964
AT1G67970	AT2G15970	0.8171465898997348
AT1G67970	AT5G59200	0.8248064617021172
AT1G67970	AT1G31850	0.8574773972536578
AT1G67970	AT1G12710	0.818146392851189
AT1G67970	AT2G27610	0.8274042097368242
AT1G67970	AT1G68050	0.8094496247287284
AT1G67970	AT3G14310	0.884392579253529
AT1G67970	AT2G01170	0.8894201335758654
AT1G67970	AT2G02100	0.863543490860507
AT1G67970	AT5G42500	0.8025726215451965
AT1G67970	AT3G58570	0.9074458281264722
AT1G67970	AT3G16180	0.9073491469696915
AT1G67970	AT3G01310	0.840419228943853
AT1G67970	AT3G26580	0.8153775452857593
AT1G67970	AT1G12845	0.8345176137960576
AT1G67970	AT2G43535	0.8462493730720256
AT1G67970	AT5G50450	0.8340536323220419
AT1G67970	AT3G56720	0.8402169381188851
AT1G67970	AT4G05330	0.8467965254769955
AT1G67970	AT1G21680	0.8415857300104362
AT1G67970	AT1G53035	0.8811854581621854
AT1G67970	AT4G11600	0.8211092483965451
AT1G67970	AT1G75960	0.8675222458375782
AT1G67970	AT4G19390	0.9163790803456657
AT1G67970	AT1G06460	0.8788745988202018
AT1G67970	AT3G46440	0.8424648969223661
AT1G67970	AT5G63420	0.9052818779618585
AT1G67970	AT2G19450	0.9538222152218785
AT1G67970	AT4G33490	0.9185010166841817
AT1G67970	AT4G14230	0.8461412897643591
AT1G67970	AT1G43980	0.8466026857201381
AT1G67970	AT5G27930	0.8885534706575182
AT1G67970	AT3G05800	0.8669135293273836
AT1G19380	AT3G55980	0.8726816272437458
AT1G19380	AT4G02380	0.8967701644570204
AT1G19380	AT1G02660	0.8077331280782539
AT1G19380	AT3G50060	0.806383926897291
AT1G19380	AT1G66160	0.9206237074060025
AT1G19380	AT4G24570	0.9138507663838055
AT1G19380	AT1G76650	0.8156918698847424
AT1G19380	AT4G20860	0.8287536471808604
AT1G19380	AT1G03850	0.8364477137238902
AT1G19380	AT5G05440	0.8181515245666418
AT1G19380	AT4G02330	0.878896950555852
AT5G28430	AT2G41730	0.8316838801213275
AT5G53770	ATMG00270	0.8712856150024498
AT5G53770	ATMG00640	0.8018577707209509
AT5G53770	AT1G07615	0.8571321354262968
AT5G53770	ATMG00650	0.8296438244653711
AT5G53770	AT2G07675	0.8526028464960879
AT5G53770	ATMG00690	0.8483832837764687
AT5G53770	ATMG00060	0.8260997939303826
AT5G53770	AT4G12750	0.8468486142763973
AT5G53770	ATMG00620	0.8096928514502022
AT2G17840	AT5G14550	0.9636316941424488
AT2G17840	AT5G35735	0.879742416354937
AT2G17840	AT1G51940	0.9249853114343712
AT2G17840	AT5G11150	0.8125384868788514
AT2G17840	AT5G02860	0.9686960579449196
AT2G17840	AT1G79440	0.9373007265224684
AT2G17840	AT4G33700	0.8960071911738005
AT2G17840	AT2G06925	0.8370591681075655
AT2G17840	AT1G27630	0.9907430747760319
AT2G17840	AT1G80480	0.8607224665659212
AT2G17840	AT1G26665	0.8781523624976533
AT2G17840	AT5G26340	0.8405509894685701
AT2G17840	245432_at	0.8539820445162735
AT2G17840	AT3G02330	0.882916132962479
AT2G17840	AT4G02370	0.9771460229100747
AT2G17840	AT5G62720	0.8862625721603348
AT2G17840	AT5G09630	0.8373923685115864
AT2G17840	AT5G63810	0.8959016321573896
AT2G17840	AT1G70820	0.8950516265484049
AT2G17840	AT3G59820	0.9089917931756665
AT2G17840	AT3G50700	0.9273683374036791
AT2G17840	AT5G03240	0.9356731498803964
AT2G17840	AT5G43440	0.8977163616665824
AT2G17840	AT4G17140	0.8257276049485125
AT2G17840	AT3G55450	0.8065968365113797
AT2G17840	AT1G51610	0.9347074348931302
AT2G17840	AT1G48210	0.877858770914253
AT2G17840	AT5G57630	0.8439674745139187
AT2G17840	AT5G18540	0.9212208111898623
AT2G17840	AT5G25210	0.890124862617343
AT2G17840	AT1G69830	0.8946586062473886
AT2G17840	AT1G49220	0.8311728483053913
AT2G17840	AT3G57770	0.8140704608666982
AT2G17840	AT2G15970	0.8872516066542994
AT2G17840	AT1G31850	0.8735950638313627
AT2G17840	AT1G12710	0.9022438286426631
AT2G17840	AT3G14310	0.9554915263845685
AT2G17840	AT2G01170	0.9439028584154491
AT2G17840	AT2G39900	0.8960473103679263
AT2G17840	AT2G02100	0.9064833584386184
AT2G17840	AT5G42500	0.8497950823329667
AT2G17840	AT3G58570	0.9541672993213984
AT2G17840	AT3G16180	0.9117894535926538
AT2G17840	AT3G01310	0.9321232630709361
AT2G17840	AT3G26580	0.9418583922860233
AT2G17840	AT1G12845	0.9032002964842066
AT2G17840	AT2G43535	0.849262091740858
AT2G17840	AT4G12750	0.8809523877035823
AT2G17840	AT3G56720	0.9372970800123502
AT2G17840	AT1G70420	0.8654976987170994
AT2G17840	AT4G05330	0.9227075834238004
AT2G17840	AT1G21680	0.9334225907371019
AT2G17840	AT1G53035	0.8669146357345554
AT2G17840	AT4G11600	0.9187475877887892
AT2G17840	AT1G75960	0.8560831076612664
AT2G17840	AT3G16740	0.8786046190789035
AT2G17840	AT4G19390	0.9213716240322105
AT2G17840	AT5G10530	0.8126044015979166
AT2G17840	AT1G06460	0.9191225080787213
AT2G17840	AT1G33970	0.87423858859607
AT2G17840	AT3G46440	0.8698739369509336
AT2G17840	AT3G51660	0.867922288491766
AT2G17840	AT1G13930	0.8835395518325715
AT2G17840	AT5G63420	0.9353665282442303
AT2G17840	AT2G19450	0.948879469071235
AT2G17840	AT5G62350	0.8630378739260234
AT2G17840	AT4G33490	0.954135850352198
AT2G17840	AT4G14230	0.9363429773886902
AT2G17840	AT1G08500	0.8005636998834336
AT2G17840	AT5G27930	0.9144354144156696
AT2G17840	AT3G05800	0.8391320268854771
AT1G78410	AT3G51330	0.8004371693790343
AT1G09680	AT1G61370	0.8495409375997304
AT1G09680	AT3G25060	0.8361916778649483
AT1G09680	AT5G50315	0.8189549599965092
AT1G09680	AT1G68050	0.8005925307914458
AT1G09680	AT4G01030	0.8353000142829548
AT1G09680	AT1G75880	0.8654744145112938
AT1G09680	AT5G58580	0.8316098791980788
AT4G14060	AT5G37990	0.8742682426609321
AT1G47730	AT3G31300	0.8192379506787414
AT1G28135	AT4G08030	0.8556980047112553
AT5G01110	AT2G25700	0.8694429535812095
AT5G01110	AT1G07880	0.8228143365653903
AT5G01110	AT1G30860	0.8531330939404044
AT2G25735	AT1G25400	0.861719942224257
AT2G25735	AT1G66160	0.8591369025633736
AT2G25735	AT1G57990	0.8255599527018987
AT2G25735	AT4G24570	0.801139892404682
AT2G25735	AT1G76650	0.8615096612159945
AT2G25735	AT1G03850	0.8822390795990734
AT2G25735	AT5G67300	0.8333513744882012
ATMG00270	AT5G15250	0.8462636508123994
ATMG00270	ATMG00280	0.8553855549728981
ATMG00270	ATMG00640	0.9287354921889392
ATMG00270	ATMG00650	0.9668569107273494
ATMG00270	AT2G07675	0.9603021469664501
ATMG00270	AT1G01940	0.8559593498894897
ATMG00270	257239_at	0.8473291157410854
ATMG00270	ATMG00690	0.9721868806467964
ATMG00270	ATMG00060	0.975841727428449
ATMG00270	AT2G30000	0.8655849908058365
ATMG00270	ATMG01200	0.8432269437733154
ATMG00270	ATMG00620	0.960633617586085
AT5G65390	AT3G53990	0.8076557501456587
AT5G65390	AT3G23150	0.860745926559297
AT5G65390	AT1G78600	0.8466570147752873
AT5G14550	AT1G51940	0.8320759221498402
AT5G14550	AT5G11150	0.8794624772607786
AT5G14550	AT5G02860	0.9467094097103816
AT5G14550	AT1G79440	0.9257766086437438
AT5G14550	AT4G33700	0.9216169728025366
AT5G14550	AT1G27630	0.9742641625163945
AT5G14550	AT1G80480	0.8456679585056495
AT5G14550	AT1G26665	0.9193594148768068
AT5G14550	245432_at	0.8478829398157827
AT5G14550	AT3G02330	0.8624755451848948
AT5G14550	AT4G02370	0.9103162735943781
AT5G14550	AT5G62720	0.9058838575989889
AT5G14550	AT5G63810	0.8972465760043946
AT5G14550	AT1G70820	0.8570273983820093
AT5G14550	AT3G59820	0.872705374122427
AT5G14550	AT3G50700	0.8483120836731258
AT5G14550	AT5G03240	0.9103011000604477
AT5G14550	AT5G43440	0.8504848826797128
AT5G14550	AT4G17140	0.8598212331231273
AT5G14550	AT3G55450	0.8344930925195004
AT5G14550	AT1G51610	0.9459101875829282
AT5G14550	AT1G48210	0.9347757664569866
AT5G14550	AT5G18540	0.9255717450259806
AT5G14550	AT5G25210	0.8132750433546817
AT5G14550	AT1G69830	0.9068526253652246
AT5G14550	AT1G49220	0.8785025901048947
AT5G14550	AT3G57770	0.8222428774331438
AT5G14550	AT2G15970	0.8708552011384244
AT5G14550	AT1G31850	0.8825824513703774
AT5G14550	AT1G12710	0.8658388969799853
AT5G14550	AT1G68050	0.8568225048511642
AT5G14550	AT3G14310	0.9278952929653245
AT5G14550	AT2G01170	0.9385374234927646
AT5G14550	AT2G39900	0.8735863321148153
AT5G14550	AT2G02100	0.9082239758337551
AT5G14550	AT5G42500	0.8277395136098646
AT5G14550	AT3G58570	0.9411358244437936
AT5G14550	AT3G16180	0.9210703924129161
AT5G14550	AT3G01310	0.9085016108152725
AT5G14550	AT3G26580	0.9137937358977016
AT5G14550	AT1G12845	0.867536701451383
AT5G14550	AT2G43535	0.8144495311048087
AT5G14550	AT4G12750	0.8232874829972707
AT5G14550	AT3G56720	0.8896463401007162
AT5G14550	AT4G05330	0.8704403286503012
AT5G14550	AT1G21680	0.8726995522429266
AT5G14550	AT1G53035	0.8915681731924748
AT5G14550	AT4G11600	0.870370966844294
AT5G14550	AT1G75960	0.8206888468843568
AT5G14550	AT3G16740	0.8004010309817702
AT5G14550	AT4G19390	0.9310742418219873
AT5G14550	AT5G10530	0.8473178721643181
AT5G14550	AT1G06460	0.9360407288638973
AT5G14550	AT3G46440	0.885521010840929
AT5G14550	AT1G13930	0.8683744476408454
AT5G14550	AT5G63420	0.9576041599095629
AT5G14550	AT2G19450	0.9486874512250877
AT5G14550	AT4G33490	0.9829773854445047
AT5G14550	AT4G14230	0.9225595310475659
AT5G14550	AT5G27930	0.9243128890054444
AT5G14550	AT3G05800	0.8635634084484721
AT5G24120	AT5G18670	0.916684426235636
AT5G24120	AT1G68440	0.8671315605622112
AT5G24120	AT3G01550	0.9350942626351615
AT5G24120	AT4G15430	0.9529091223181959
AT5G24120	AT3G56290	0.9115362377845887
AT5G24120	AT2G24540	0.9489310954951843
AT5G24120	AT3G01060	0.9593020686238668
AT5G24120	AT4G38960	0.9011615505308888
AT5G24120	AT3G51920	0.9056507955428619
AT5G24120	AT1G65870	0.8569913130950692
AT5G24120	AT3G14770	0.8209720589253907
AT5G24120	AT5G39660	0.8936206742139955
AT5G24120	AT3G57040	0.9129719299341948
AT5G24120	AT2G04795	0.8561117870590016
AT5G24120	AT3G19450	0.8750144541634308
AT5G24120	AT1G75100	0.8784031158556308
AT5G24120	AT1G70985	0.8558064752144071
AT5G24120	AT3G24170	0.8834933127711412
AT5G24120	AT1G17050	0.8820729715059832
AT5G24120	AT3G01430	0.8056377237968501
AT5G24120	AT5G05860	0.809198774416603
AT5G24120	AT1G07450	0.9127425526739081
AT5G24120	AT1G79270	0.8672398486173886
AT5G24120	AT5G15600	0.8819454817960131
AT5G18670	AT1G68440	0.9152719177604983
AT5G18670	AT3G01550	0.8478894086597827
AT5G18670	AT4G15430	0.9197537751827453
AT5G18670	AT3G56290	0.9530004186111725
AT5G18670	AT5G13930	0.8051180922710636
AT5G18670	AT2G24540	0.9175900300370406
AT5G18670	AT3G01060	0.857947459507332
AT5G18670	AT3G09520	0.8781144792006117
AT5G18670	AT5G15830	0.8083236034711758
AT5G18670	AT1G65870	0.8068640276508888
AT5G18670	AT3G14770	0.8521034440616919
AT5G18670	AT5G39660	0.9591878038439408
AT5G18670	AT5G19240	0.8287986821098678
AT5G18670	AT3G57040	0.8601181478395432
AT5G18670	AT2G04795	0.917281847886472
AT5G18670	AT1G78290	0.837855422294862
AT5G18670	AT3G19450	0.8475470761933328
AT5G18670	AT1G75100	0.8585918878568408
AT5G18670	AT2G32540	0.8970975894324584
AT5G18670	AT3G24170	0.881641500343598
AT5G18670	AT1G17050	0.8713700815980849
AT5G18670	AT2G22240	0.8142685695708834
AT5G18670	AT3G01430	0.8010094448762392
AT5G18670	AT1G07450	0.8072541924260876
AT5G18670	AT1G79270	0.8864624680658866
AT5G18670	AT5G15600	0.889406700105622
AT5G35735	AT1G51940	0.8483668619921328
AT5G35735	AT5G02860	0.809452061131404
AT5G35735	AT1G79440	0.8734447621573047
AT5G35735	AT2G06925	0.8549669059712756
AT5G35735	AT1G27630	0.8458909424979831
AT5G35735	AT5G26340	0.8503695511219853
AT5G35735	AT4G02370	0.9045020760432299
AT5G35735	AT5G09630	0.8162031505570747
AT5G35735	AT3G50700	0.8433304564554989
AT5G35735	AT5G03240	0.8292729073576377
AT5G35735	AT5G18540	0.8091560234213194
AT5G35735	AT1G76590	0.8097611530667503
AT5G35735	AT1G69830	0.8056251916447096
AT5G35735	AT2G15970	0.8030395780610158
AT5G35735	AT3G14310	0.8933902303793825
AT5G35735	AT2G39900	0.8601013523272496
AT5G35735	AT2G02100	0.8579851732192569
AT5G35735	AT5G42500	0.8054328524018515
AT5G35735	AT3G58570	0.8602072367960009
AT5G35735	AT3G16180	0.8447409218516283
AT5G35735	AT3G01310	0.8558411729010953
AT5G35735	AT3G26580	0.8024914259671716
AT5G35735	AT1G12845	0.8263019390765003
AT5G35735	AT2G43535	0.8146787492061138
AT5G35735	AT5G50450	0.8441149554596755
AT5G35735	AT4G05330	0.8667826141485242
AT5G35735	AT1G21680	0.8150961780223059
AT5G35735	AT4G11600	0.8906106501591338
AT5G35735	AT5G46520	0.8111592591197895
AT5G35735	AT3G16740	0.8524425777332173
AT5G35735	AT4G19390	0.8022038574868297
AT5G35735	AT3G51660	0.8504872403510667
AT5G35735	AT5G63420	0.8036338876008178
AT5G35735	AT4G14230	0.8365323315835489
AT5G35735	AT3G05800	0.807859545406732
AT4G36580	AT1G15480	0.8129860806614722
AT5G15250	AT5G27660	0.8651419230358153
AT5G15250	AT3G25650	0.8043511811776256
AT5G15250	ATMG00640	0.822935136203624
AT5G15250	ATMG00650	0.8604436675078497
AT5G15250	AT2G07675	0.8358941589675921
AT5G15250	AT1G01940	0.8802802332082776
AT5G15250	257239_at	0.8484308306684761
AT5G15250	AT4G23885	0.8314992885856918
AT5G15250	ATMG00690	0.8585246806209523
AT5G15250	ATMG00060	0.8635585083290107
AT5G15250	AT2G30000	0.9255198041697205
AT5G15250	ATMG00620	0.8646714251988139
AT5G15250	AT4G26780	0.8702639620888919
AT5G15250	AT5G58787	0.8518646912427745
AT5G15250	AT3G07770	0.8003674998309053
AT1G26840	AT1G19940	0.80134378169469
AT1G26840	AT5G50315	0.8001040161848297
AT1G26840	AT5G10400	0.8344892515851378
AT1G26840	AT5G15770	0.8547813568895324
AT1G26840	AT3G46320	0.8504625178980996
AT1G26840	AT5G10390	0.8842741471924089
AT5G27660	AT5G05410	0.877817598066718
AT5G27660	AT1G01940	0.8877515402275582
AT5G27660	257239_at	0.8366962619692834
AT5G27660	AT4G23885	0.8793020273546694
AT5G27660	AT2G30000	0.9005049837002436
AT5G27660	AT3G23990	0.8350588447803358
AT5G27660	AT2G15790	0.8474486033692442
AT5G27660	AT2G21940	0.854498029533057
AT5G27660	AT5G58590	0.8154465920516502
AT5G27660	AT4G17250	0.8261030462576731
AT5G27660	AT3G03520	0.9284063607280919
AT5G27660	AT2G41160	0.8184831436868041
AT5G27660	AT5G53400	0.821810792774451
AT5G27660	AT3G52830	0.8736064571101523
AT5G27660	AT4G26780	0.9475289371711604
AT5G27660	AT2G36460	0.8177552695913977
AT5G27660	AT5G58787	0.942266962948944
AT5G27660	AT3G07770	0.8508917095663457
AT5G02190	AT5G44210	0.8515324646357433
AT5G02190	AT1G70420	0.8090846960817439
ATMG00280	ATMG00650	0.8175867799095246
ATMG00280	ATMG00690	0.83782401431995
ATMG00280	ATMG00060	0.8487096151470722
ATMG00280	ATMG00620	0.8022978938466647
AT1G51940	AT5G02860	0.9270571893564158
AT1G51940	AT1G79440	0.8140680814486265
AT1G51940	AT1G27630	0.9174584635159267
AT1G51940	AT1G80480	0.8025259058298064
AT1G51940	AT5G26340	0.8852396529712008
AT1G51940	AT1G02300	0.8529152872855246
AT1G51940	AT4G02370	0.9606856778988505
AT1G51940	AT3G53990	0.8511377817024254
AT1G51940	AT5G09630	0.8400526634227901
AT1G51940	AT5G63810	0.813248431392777
AT1G51940	AT1G70820	0.9038547628019243
AT1G51940	AT3G59820	0.8385280748516895
AT1G51940	AT3G50700	0.9873078424837151
AT1G51940	AT5G03240	0.8591756673979646
AT1G51940	AT5G43440	0.9109050287057788
AT1G51940	AT1G51610	0.8203712231698406
AT1G51940	AT5G57630	0.8026136836711304
AT1G51940	AT1G76590	0.8685036433873145
AT1G51940	AT5G25210	0.8809711354201004
AT1G51940	AT4G05150	0.8363375202493208
AT1G51940	AT2G15970	0.8179824764628999
AT1G51940	AT1G12710	0.8738819077274333
AT1G51940	AT3G14310	0.904317210916184
AT1G51940	AT2G01170	0.8391589546541459
AT1G51940	AT2G39900	0.8716820300095361
AT1G51940	AT3G58570	0.8667615663793663
AT1G51940	AT3G01310	0.8801462081752149
AT1G51940	AT3G26580	0.9224918934940194
AT1G51940	AT1G12845	0.8735245764694655
AT1G51940	AT4G12750	0.8827525067922389
AT1G51940	AT3G56720	0.964109100922509
AT1G51940	AT1G70420	0.87162790329696
AT1G51940	AT4G05330	0.8820894546138386
AT1G51940	AT1G21680	0.9030829375757633
AT1G51940	AT4G11600	0.8161863514310412
AT1G51940	AT1G78600	0.8741299319083431
AT1G51940	AT1G75960	0.8144380887638316
AT1G51940	AT3G16740	0.9231866985030419
AT1G51940	AT1G06460	0.8227222537667919
AT1G51940	AT1G33970	0.9362470721263546
AT1G51940	AT3G51660	0.9214930089766924
AT1G51940	AT1G13930	0.8352644585119613
AT1G51940	AT2G19450	0.8210275305306256
AT1G51940	AT5G62350	0.9344810568049541
AT1G51940	AT4G33490	0.8132793514828759
AT1G51940	AT4G14230	0.8765361666050105
AT1G51940	AT1G08500	0.8091022877893977
AT1G51940	AT5G27930	0.8288814003008149
AT5G28280	AT1G54640	0.8256941798726725
AT5G05410	AT2G36030	0.8138546608725467
AT5G05410	AT5G23480	0.8683199784252179
AT5G05410	AT3G12050	0.8715239357853923
AT5G05410	AT3G25230	0.8319711943947212
AT5G05410	AT1G32090	0.8176743785155584
AT5G05410	AT4G23885	0.8048763002243551
AT5G05410	AT3G17611	0.8558774429432061
AT5G05410	AT3G23990	0.8229362795238576
AT5G05410	AT2G15790	0.8246668363730885
AT5G05410	AT1G55530	0.8419399727111935
AT5G05410	AT2G21940	0.9368752956978108
AT5G05410	AT5G58590	0.8158926269774541
AT5G05410	AT4G17250	0.9026023181723015
AT5G05410	AT3G03520	0.9391333934637534
AT5G05410	AT2G41160	0.9101053199823387
AT5G05410	AT5G53400	0.8852802437409819
AT5G05410	AT4G26780	0.8882745525774354
AT5G05410	AT2G36460	0.9642721495584587
AT5G05410	AT5G58787	0.8989060702113745
AT5G11150	AT3G28290	0.8686025692720096
AT5G11150	AT1G79440	0.8867203555298526
AT5G11150	AT4G33700	0.87134558751533
AT5G11150	AT2G06925	0.8246320037435223
AT5G11150	AT1G27630	0.8301283572947425
AT5G11150	AT1G26665	0.8576910229160234
AT5G11150	245432_at	0.8851156960209963
AT5G11150	AT2G43550	0.884251128967807
AT5G11150	AT5G63810	0.8885629805600841
AT5G11150	AT4G17140	0.8760255485020986
AT5G11150	AT3G55450	0.9274420302318716
AT5G11150	AT1G51610	0.907637863945464
AT5G11150	AT1G48210	0.9038863021937259
AT5G11150	AT5G18540	0.8370152668864206
AT5G11150	AT1G69830	0.8873765339865195
AT5G11150	AT1G49220	0.9474217498130537
AT5G11150	AT5G40410	0.8111368634765769
AT5G11150	AT3G57770	0.8230659656569353
AT5G11150	AT2G15970	0.8485173410103852
AT5G11150	AT1G31850	0.9310080906170645
AT5G11150	AT1G68050	0.9457031996067443
AT5G11150	AT3G14310	0.8312210592886413
AT5G11150	AT2G01170	0.898704977780049
AT5G11150	AT2G02100	0.9046208340646095
AT5G11150	AT3G58570	0.8689804330872637
AT5G11150	AT3G16180	0.9365655886605886
AT5G11150	AT3G01310	0.8241166897567841
AT5G11150	AT1G78995	0.9039425494383935
AT5G11150	AT1G12845	0.8097490784500476
AT5G11150	AT2G43535	0.8755848692332742
AT5G11150	AT1G53035	0.9393492499455954
AT5G11150	AT4G11600	0.832363130534019
AT5G11150	AT1G75960	0.8736334983735474
AT5G11150	AT4G19390	0.9430673332276629
AT5G11150	AT5G15770	0.8342521754072633
AT5G11150	AT2G15830	0.8508104613911888
AT5G11150	AT1G06460	0.911788656610152
AT5G11150	AT3G46440	0.9367038208183679
AT5G11150	AT1G13930	0.8320621456232363
AT5G11150	AT5G63420	0.8646058117663261
AT5G11150	AT2G19450	0.8464504535653256
AT5G11150	AT1G69870	0.8886964662494237
AT5G11150	AT4G33490	0.9059219022433237
AT5G11150	AT4G14230	0.8608022912484891
AT5G11150	AT1G75880	0.9172859789810427
AT5G11150	AT5G27930	0.874677810452873
AT5G11150	AT1G20840	0.8016265356834067
AT5G11150	AT3G05800	0.9029262692478459
AT1G61370	AT3G25060	0.8200273484190514
AT1G61370	AT2G39710	0.8087954150435649
AT1G61370	AT3G08820	0.8014169213060078
AT1G61370	AT5G50315	0.820124245540722
AT1G61370	AT1G80970	0.8077584532678748
AT1G61370	AT5G58580	0.8818854391323117
AT5G44420	AT1G14870	0.807461426591216
AT3G25060	AT2G32630	0.8058463838329054
AT3G25060	AT4G01030	0.8411848055732728
AT3G25060	AT5G66500	0.8275508260283383
AT3G25060	AT5G58580	0.8091816676722254
AT2G28120	AT4G17500	0.8377041415163085
AT2G28120	AT5G61590	0.8114932236201132
AT2G28120	AT3G49620	0.8453881551411652
AT2G28120	AT1G76650	0.8154380271112721
AT2G28120	AT5G05440	0.8447579104800429
AT2G28120	AT1G17060	0.8436631547623566
AT4G39180	AT5G50012	0.8396180628665725
AT4G39180	AT2G15830	0.8356196689644899
AT3G25650	AT2G07693	0.8023122405524038
AT3G25650	AT5G58787	0.8375590531222805
AT5G57790	ATMG00640	0.8271829153888336
AT5G45820	AT3G59060	0.9127265406341865
AT5G45820	AT1G66760	0.8880941030361387
AT5G45820	AT5G02810	0.8614772691054589
AT5G45820	AT4G36040	0.8877878910331497
AT5G45820	AT4G38850	0.8816939659874762
AT5G45820	AT2G42870	0.8611809404758609
AT5G45820	AT3G47500	0.8563329977380665
AT5G45820	AT1G29450	0.8344502570507639
AT5G45820	AT5G57660	0.9139844959803253
AT5G45820	AT5G42250	0.8342702885018752
AT5G45820	AT1G71030	0.9353035359700946
AT5G45820	AT5G36910	0.8172082307895472
AT5G45820	AT1G76240	0.8818688881989106
AT3G59060	AT5G59080	0.8638006909401709
AT3G59060	AT1G66760	0.9454129003577835
AT3G59060	AT1G66100	0.9044215721581663
AT3G59060	AT4G36040	0.8548801163007645
AT3G59060	AT1G80820	0.8576392282804673
AT3G59060	AT4G38850	0.9141121657115693
AT3G59060	AT3G15500	0.8343028437592146
AT3G59060	AT3G47500	0.890108467791352
AT3G59060	AT1G29450	0.8944113435207901
AT3G59060	AT5G57660	0.9490340785470494
AT3G59060	AT1G71030	0.8528307969349305
AT3G59060	AT5G36910	0.9062511632785082
AT3G59060	AT1G69570	0.8736847327822067
AT4G02550	AT1G32090	0.8670794835084907
AT4G02550	AT4G38580	0.8307410413809515
AT4G02550	AT1G49560	0.8959593906974312
AT5G19120	AT5G02020	0.8873125150268137
AT5G19120	AT4G08950	0.8461748166945947
AT5G19120	AT3G07350	0.8774098645352002
AT5G19120	AT3G50060	0.8056499717554063
AT5G19120	AT2G36050	0.8295765021185236
AT5G19120	AT5G49450	0.9295710187477972
AT5G19120	AT3G15500	0.846534255229193
AT5G19120	AT4G27410	0.8550653662384339
AT5G19120	AT1G70290	0.9347785917761428
AT5G19120	AT5G51190	0.8054136008083593
AT5G19120	AT3G61060	0.8232595443854234
AT5G19120	AT2G29300	0.9038159329602639
AT5G19120	AT1G73830	0.8454353339292497
AT3G28290	AT1G79440	0.8610863514733896
AT3G28290	AT2G06925	0.843530946185734
AT3G28290	245432_at	0.8511546881227539
AT3G28290	AT2G43550	0.8920424354293454
AT3G28290	AT1G20693	0.8527306536367161
AT3G28290	AT1G59870	0.8373743962148236
AT3G28290	AT5G63810	0.8694111533610548
AT3G28290	AT4G17140	0.8967527451136209
AT3G28290	AT1G69830	0.856832227744179
AT3G28290	AT1G49220	0.8607129692813027
AT3G28290	AT2G15970	0.8498529762652933
AT3G28290	AT1G31850	0.889613252726156
AT3G28290	AT5G03870	0.8070942892964381
AT3G28290	AT3G14310	0.8086724791979354
AT3G28290	AT2G39900	0.8393192409808007
AT3G28290	AT2G02100	0.8870998030073568
AT3G28290	AT3G58570	0.831179000549151
AT3G28290	AT3G16180	0.9067926539845478
AT3G28290	AT3G01310	0.8356338389358609
AT3G28290	AT1G12845	0.8064306134784605
AT3G28290	AT2G43535	0.8568134872037932
AT3G28290	AT1G53035	0.9035849206780325
AT3G28290	AT4G19390	0.8483253182539119
AT3G28290	AT2G15830	0.8756948347188073
AT3G28290	AT3G46440	0.8416758171975898
AT3G28290	AT1G69870	0.83727359091253
AT3G28290	AT4G33490	0.8004493154898775
AT3G28290	AT1G20840	0.9512310137823744
AT3G28290	AT3G05800	0.9145374436160706
AT2G46735	AT3G56290	0.8382394227690271
AT2G46735	AT3G24170	0.8594730634415723
AT2G46735	AT2G29450	0.8413421128404345
AT2G46735	AT3G06020	0.8218473406238802
AT5G02860	AT1G79440	0.8735724775447378
AT5G02860	AT4G33700	0.8831443856313246
AT5G02860	AT1G27630	0.9751869603147999
AT5G02860	AT1G80480	0.8833086466748207
AT5G02860	AT1G26665	0.8520368721039265
AT5G02860	245432_at	0.8119286415800596
AT5G02860	AT3G02330	0.8732406765333244
AT5G02860	AT1G02300	0.8157865973194303
AT5G02860	AT4G02370	0.9554820317870318
AT5G02860	AT5G62720	0.8693315191760664
AT5G02860	AT5G09630	0.8119263411403238
AT5G02860	AT5G63810	0.855229505055196
AT5G02860	AT1G70820	0.9189611271828101
AT5G02860	AT3G59820	0.8874562904851876
AT5G02860	AT3G50700	0.9304833802409419
AT5G02860	AT5G03240	0.9234517152755399
AT5G02860	AT5G43440	0.8964415885451592
AT5G02860	AT4G17140	0.804323012130271
AT5G02860	AT1G51610	0.8835879339922323
AT5G02860	AT1G48210	0.8329073205254955
AT5G02860	AT5G18540	0.8614662743568097
AT5G02860	AT5G25210	0.8113666731710417
AT5G02860	AT1G69830	0.8944107248533197
AT5G02860	AT4G05150	0.815378682172246
AT5G02860	AT2G15970	0.8736663717549144
AT5G02860	AT1G31850	0.8349367973021641
AT5G02860	AT1G12710	0.8824828758089397
AT5G02860	AT3G14310	0.9418481705106933
AT5G02860	AT2G01170	0.9110772906029602
AT5G02860	AT2G39900	0.9006042722712518
AT5G02860	AT2G02100	0.8551740470099521
AT5G02860	AT5G42500	0.8054711177378943
AT5G02860	AT3G58570	0.9221231061741613
AT5G02860	AT3G16180	0.8570808146198086
AT5G02860	AT3G01310	0.9353039581375682
AT5G02860	AT3G26580	0.9790472737918857
AT5G02860	AT1G12845	0.8730228085925615
AT5G02860	AT2G43535	0.8089623567030916
AT5G02860	AT4G12750	0.8944524149759365
AT5G02860	AT3G56720	0.9447428319594241
AT5G02860	AT1G70420	0.8283969976010761
AT5G02860	AT4G05330	0.9336963459880929
AT5G02860	AT1G21680	0.9232632606603063
AT5G02860	AT1G53035	0.8074637200836879
AT5G02860	AT4G11600	0.8813916076897192
AT5G02860	AT3G16740	0.9021362879894438
AT5G02860	AT4G19390	0.8758935387537864
AT5G02860	AT5G10530	0.8254351475349148
AT5G02860	AT1G06460	0.8931614299098729
AT5G02860	AT1G33970	0.8989727467035182
AT5G02860	AT3G46440	0.8294035974205927
AT5G02860	AT3G51660	0.844130342313117
AT5G02860	AT1G13930	0.8710437968651698
AT5G02860	AT5G63420	0.9068295792267235
AT5G02860	AT2G19450	0.8924588037113479
AT5G02860	AT5G62350	0.906693601853753
AT5G02860	AT4G33490	0.9162119166919287
AT5G02860	AT4G14230	0.9116713833893636
AT5G02860	AT5G27930	0.913748555113348
AT4G17500	AT1G25400	0.8007341866261586
AT4G17500	AT5G61600	0.879953542742096
AT4G17500	AT3G52400	0.8475645514689962
AT4G17500	AT1G32920	0.8679869500959607
AT1G79440	AT4G33700	0.8641812620183866
AT1G79440	AT2G06925	0.8788833806938904
AT1G79440	AT1G27630	0.924587648193737
AT1G79440	AT1G26665	0.8923374116777569
AT1G79440	245432_at	0.9043646604900821
AT1G79440	AT3G02330	0.831590378595982
AT1G79440	AT4G02370	0.8985208184553177
AT1G79440	AT1G43080	0.8054936637268509
AT1G79440	AT5G62720	0.8602398449974378
AT1G79440	AT5G63810	0.9351068993972932
AT1G79440	AT1G70820	0.8601643422692373
AT1G79440	AT3G50700	0.8082168425777309
AT1G79440	AT5G03240	0.9088218644184802
AT1G79440	AT5G43440	0.8127280778466479
AT1G79440	AT4G17140	0.9182508190595156
AT1G79440	AT3G55450	0.8594645838918822
AT1G79440	AT1G51610	0.9003557594421312
AT1G79440	AT1G48210	0.8845676041156145
AT1G79440	AT5G57630	0.8411081762962447
AT1G79440	AT5G18540	0.9456501330994164
AT1G79440	AT5G25210	0.8461068327469242
AT1G79440	AT1G69830	0.9018008390687936
AT1G79440	AT1G49220	0.9047933174392899
AT1G79440	AT2G15970	0.9130481026708394
AT1G79440	AT5G59200	0.8146161299354522
AT1G79440	AT1G31850	0.9133173131701338
AT1G79440	AT1G12710	0.8998113975379387
AT1G79440	AT1G68050	0.8179493006432308
AT1G79440	AT3G14310	0.9214625464326338
AT1G79440	AT2G01170	0.909709838334183
AT1G79440	AT2G39900	0.9046689132072259
AT1G79440	AT2G02100	0.9681418811243867
AT1G79440	AT5G42500	0.8034703145724399
AT1G79440	AT3G58570	0.9629210838072783
AT1G79440	AT3G16180	0.9642943604158395
AT1G79440	AT3G01310	0.9191176914539616
AT1G79440	AT3G26580	0.8554824061733988
AT1G79440	AT1G12845	0.9078531340908538
AT1G79440	AT2G43535	0.8868458870386579
AT1G79440	AT5G50450	0.8364453446534088
AT1G79440	AT3G56720	0.819849586159901
AT1G79440	AT1G70420	0.8102889562136275
AT1G79440	AT4G05330	0.9167723388988801
AT1G79440	AT1G21680	0.8732319666570433
AT1G79440	AT1G53035	0.9384721215080258
AT1G79440	AT4G11600	0.9243573295885442
AT1G79440	AT1G75960	0.8556000670024837
AT1G79440	AT3G16740	0.8299397493505011
AT1G79440	AT4G19390	0.9212435112453171
AT1G79440	AT1G06460	0.9282790799089226
AT1G79440	AT3G46440	0.897975346207684
AT1G79440	AT1G13930	0.8524876980875506
AT1G79440	AT5G63420	0.9528719581139188
AT1G79440	AT2G19450	0.9331550774331484
AT1G79440	AT4G33490	0.9630431961019531
AT1G79440	AT4G14230	0.8960504986947139
AT1G79440	AT5G27930	0.8722830047341447
AT1G79440	AT1G20840	0.8199985106090514
AT1G79440	AT3G05800	0.9323443050733247
AT5G45340	AT3G55980	0.8859166378902668
AT5G45340	AT5G61600	0.8038935560844797
AT5G45340	AT1G27730	0.8466693293291233
AT5G45340	AT3G50060	0.9167516396155891
AT5G45340	AT1G32920	0.8121752529937256
AT5G45340	AT4G24570	0.845724605673756
AT5G45340	AT5G51190	0.826317900093651
AT1G17170	AT4G12470	0.8007911918333462
AT1G17170	AT2G05380	0.8803056663984272
AT1G17170	AT2G29480	0.8121264357264614
AT3G53480	AT2G05380	0.8271177179829479
ATMG00640	ATMG00650	0.9789740745603386
ATMG00640	AT2G07675	0.9316923063258544
ATMG00640	AT1G01940	0.8260125994931572
ATMG00640	257239_at	0.8419172499211659
ATMG00640	AT1G76280	0.8481419481867717
ATMG00640	ATMG00690	0.9276690478638946
ATMG00640	ATMG00060	0.9171617853165153
ATMG00640	AT2G30000	0.8400828603434232
ATMG00640	ATMG00620	0.8880590360031222
AT1G68440	AT4G15430	0.8921793386384544
AT1G68440	AT3G56290	0.8909334160813646
AT1G68440	AT2G24540	0.8372268687358622
AT1G68440	AT4G38960	0.8023083938250604
AT1G68440	AT1G65870	0.8092362166882581
AT1G68440	AT3G14770	0.9066883155339719
AT1G68440	AT5G39660	0.9379410545229095
AT1G68440	AT5G19240	0.8404028605489471
AT1G68440	AT2G04795	0.8649051828481955
AT1G68440	AT3G19450	0.8380564762145194
AT1G68440	AT3G24170	0.897792985893264
AT1G68440	AT1G17050	0.8398575140809815
AT1G68440	AT1G79270	0.906604520591899
AT1G68440	AT5G15600	0.8211732120593712
AT2G36030	AT3G28620	0.8692104697560677
AT4G33700	AT1G27630	0.9198317496785674
AT4G33700	AT1G26665	0.9045403703619026
AT4G33700	245432_at	0.8100721478402293
AT4G33700	AT3G02330	0.8441989994070046
AT4G33700	AT2G43550	0.8326010785169662
AT4G33700	AT4G02370	0.8250940856997567
AT4G33700	AT5G62720	0.888696379199134
AT4G33700	AT3G59820	0.8343580889085002
AT4G33700	AT5G03240	0.8422810588489044
AT4G33700	AT4G17140	0.8818849824716601
AT4G33700	AT3G55450	0.9298967054607525
AT4G33700	AT1G51610	0.8957745427840909
AT4G33700	AT1G48210	0.948884326095303
AT4G33700	AT5G18540	0.8998939146990671
AT4G33700	AT1G69830	0.8793050156688631
AT4G33700	AT1G49220	0.8304421806913459
AT4G33700	AT3G57770	0.8674589534719997
AT4G33700	AT1G31850	0.92856969653144
AT4G33700	AT1G68050	0.8810931938001251
AT4G33700	AT3G14310	0.8902969044039101
AT4G33700	AT2G01170	0.897944232466552
AT4G33700	AT2G02100	0.8454378205756208
AT4G33700	AT3G58570	0.8712548388043991
AT4G33700	AT3G16180	0.88144493461387
AT4G33700	AT3G01310	0.8359254512424864
AT4G33700	AT3G26580	0.8422719781426319
AT4G33700	AT2G43535	0.8498135229553242
AT4G33700	AT4G05330	0.8428598684774021
AT4G33700	AT1G21680	0.8225713738554944
AT4G33700	AT1G53035	0.8490452334925876
AT4G33700	AT4G11600	0.8867722946839101
AT4G33700	AT4G19390	0.936351605020329
AT4G33700	AT1G06460	0.869374884059979
AT4G33700	AT3G46440	0.9197175927537052
AT4G33700	AT1G13930	0.8260685034800158
AT4G33700	AT5G63420	0.9315247559293354
AT4G33700	AT2G19450	0.8865892240449781
AT4G33700	AT4G33490	0.9086603011286124
AT4G33700	AT4G14230	0.8491423175626875
AT4G33700	AT1G75880	0.8084740221156342
AT4G33700	AT5G27930	0.8828824439424251
AT2G06925	AT1G27630	0.8277231138093114
AT2G06925	245432_at	0.8789084116672252
AT2G06925	AT4G02370	0.8512902367191965
AT2G06925	AT5G63810	0.9359712777865256
AT2G06925	AT1G70820	0.8515504839621479
AT2G06925	AT4G17140	0.8151412299307951
AT2G06925	AT1G51610	0.8142263898133429
AT2G06925	AT1G69830	0.8868856189679972
AT2G06925	AT4G25480	0.8407799173309487
AT2G06925	AT1G49220	0.805753066280618
AT2G06925	AT4G39260	0.8693859573003507
AT2G06925	AT1G22570	0.8269748318787071
AT2G06925	AT2G15970	0.8942881934957893
AT2G06925	AT1G31850	0.8403070815888161
AT2G06925	AT3G14310	0.8623749817757406
AT2G06925	AT2G01170	0.8830980533222187
AT2G06925	AT2G39900	0.8900259747614817
AT2G06925	AT2G02100	0.9213643240773428
AT2G06925	AT3G58570	0.9030246867395403
AT2G06925	AT3G16180	0.8723835214310552
AT2G06925	AT3G01310	0.9105699806665293
AT2G06925	AT1G12845	0.9203946862109255
AT2G06925	AT2G43535	0.867522456452728
AT2G06925	AT4G05330	0.8215031007447287
AT2G06925	AT1G53035	0.896790455210896
AT2G06925	AT4G11600	0.8966056518708108
AT2G06925	AT1G75960	0.9101455253299371
AT2G06925	AT4G19390	0.8462002539209987
AT2G06925	AT1G06460	0.8704691661879338
AT2G06925	AT3G46440	0.8855608556497194
AT2G06925	AT1G13930	0.8293587675265016
AT2G06925	AT4G33490	0.8363541961837989
AT2G06925	AT4G14230	0.900704058502511
AT2G06925	AT1G20840	0.8513878677143936
AT2G06925	AT3G05800	0.8656275528526575
AT1G27630	AT1G80480	0.871272030152402
AT1G27630	AT1G26665	0.9033097163729684
AT1G27630	245432_at	0.8589071254752267
AT1G27630	AT3G02330	0.8822128160073979
AT1G27630	AT4G02370	0.9626315787586112
AT1G27630	AT5G62720	0.9136696661752608
AT1G27630	AT5G09630	0.8017187328772869
AT1G27630	AT5G63810	0.8903929331787099
AT1G27630	AT1G70820	0.9054969224982282
AT1G27630	AT3G59820	0.900117133865619
AT1G27630	AT3G50700	0.9198463577651358
AT1G27630	AT5G03240	0.9395887788587465
AT1G27630	AT5G43440	0.8902910506139683
AT1G27630	AT4G17140	0.8425483970978962
AT1G27630	AT3G55450	0.8153027691795358
AT1G27630	AT1G51610	0.9393286733066689
AT1G27630	AT1G48210	0.8951594839072956
AT1G27630	AT5G57630	0.8053787717090007
AT1G27630	AT5G18540	0.9160766649470554
AT1G27630	AT5G25210	0.8686700457846162
AT1G27630	AT1G69830	0.9191568457488584
AT1G27630	AT1G49220	0.844038309256421
AT1G27630	AT3G57770	0.8210145209792112
AT1G27630	AT2G15970	0.8933522992320139
AT1G27630	AT1G31850	0.8829240854582104
AT1G27630	AT1G12710	0.9004673600273309
AT1G27630	AT3G14310	0.9612316739584302
AT1G27630	AT2G01170	0.9512733771422527
AT1G27630	AT2G39900	0.902366195208302
AT1G27630	AT2G02100	0.9123415873487952
AT1G27630	AT5G42500	0.8483441342611452
AT1G27630	AT3G58570	0.9581921299728325
AT1G27630	AT3G16180	0.9069962465992745
AT1G27630	AT3G01310	0.9359819323116358
AT1G27630	AT3G26580	0.956313585764446
AT1G27630	AT1G12845	0.8952102083030331
AT1G27630	AT2G43535	0.8531177032517085
AT1G27630	AT4G12750	0.87443441994175
AT1G27630	AT3G56720	0.9397289374002212
AT1G27630	AT1G70420	0.839832480284674
AT1G27630	AT4G05330	0.9157590578069151
AT1G27630	AT1G21680	0.9291282416534932
AT1G27630	AT1G53035	0.8615949086844692
AT1G27630	AT4G11600	0.9176591180391904
AT1G27630	AT1G75960	0.8533563394866414
AT1G27630	AT3G16740	0.85554581451863
AT1G27630	AT4G19390	0.9237532799937861
AT1G27630	AT5G10530	0.858122087237768
AT1G27630	AT1G06460	0.9328439089621495
AT1G27630	AT1G33970	0.8540125267555169
AT1G27630	AT3G46440	0.880637905371827
AT1G27630	AT3G51660	0.8439456390168866
AT1G27630	AT1G13930	0.9005910348989965
AT1G27630	AT5G63420	0.9450513333385168
AT1G27630	AT2G19450	0.9365542256681575
AT1G27630	AT5G62350	0.8701184449494334
AT1G27630	AT4G33490	0.9611869605781148
AT1G27630	AT4G14230	0.9414815376740854
AT1G27630	AT5G27930	0.9240524322899046
AT1G27630	AT3G05800	0.8182378077141338
AT5G59620	AT2G01029	0.8453939454219364
AT5G25990	AT5G37730	0.8603337953134693
AT1G80480	AT1G60340	0.8198692339736102
AT1G80480	AT1G26665	0.8387293084934083
AT1G80480	AT1G02300	0.8693208645909035
AT1G80480	AT4G02370	0.8481752993408881
AT1G80480	AT5G62720	0.8835868185428788
AT1G80480	AT3G59820	0.8561891124875519
AT1G80480	AT3G50700	0.8336980553677465
AT1G80480	AT5G03240	0.9534710514842856
AT1G80480	AT1G32090	0.871911826097852
AT1G80480	AT3G43160	0.8262520975531419
AT1G80480	AT5G18540	0.8395208303763181
AT1G80480	AT4G05150	0.8319518833255429
AT1G80480	AT1G12710	0.9094594736975442
AT1G80480	AT5G42500	0.8454620077049821
AT1G80480	AT4G38580	0.9068328664534944
AT1G80480	AT1G17460	0.9585967120250962
AT1G80480	AT3G58570	0.8022272093280314
AT1G80480	AT1G49560	0.8161152959966603
AT1G80480	AT3G26580	0.9296624672176264
AT1G80480	AT4G12750	0.9333108661945728
AT1G80480	AT3G56720	0.8596705865249454
AT1G80480	AT4G05330	0.8316924529329108
AT1G80480	AT1G21680	0.9481056464291703
AT1G80480	AT3G16740	0.8595475907545901
AT1G80480	AT1G33970	0.8161729839610193
AT1G80480	AT5G63420	0.8713916155540591
AT1G80480	AT5G62350	0.8424534397852005
AT1G80480	AT4G33490	0.8368331283108121
AT1G80480	AT1G08500	0.8126688409735573
AT1G80480	AT1G67370	0.8006188146340506
AT1G80480	AT5G08380	0.9411129656712923
AT5G39110	AT2G05380	0.8451183277412582
AT1G60340	AT4G38580	0.80186188316072
AT1G60340	AT5G49050	0.8038868313977341
AT5G23480	AT3G12050	0.9648676209065123
AT5G23480	AT3G25230	0.9511027887210377
AT5G23480	AT1G56170	0.8875349454450918
AT5G23480	AT5G56030	0.9365366224500351
AT5G23480	AT5G62020	0.8568180554706357
AT5G23480	AT3G14620	0.8441631583427572
AT5G23480	AT4G23885	0.8116623667211171
AT5G23480	AT3G17611	0.9100539329754306
AT5G23480	AT3G23990	0.8863703990497747
AT5G23480	AT5G04340	0.8374961091855245
AT5G23480	AT5G56010	0.8430679318051453
AT5G23480	AT1G55530	0.9594791970229456
AT5G23480	AT2G21940	0.9042604123613842
AT5G23480	AT1G10050	0.873444692933242
AT5G23480	AT5G58590	0.847999385901244
AT5G23480	AT4G17250	0.8956177802525169
AT5G23480	AT3G03520	0.873060570242077
AT5G23480	AT3G15770	0.830548160361022
AT5G23480	AT2G41160	0.9706133524027779
AT5G23480	AT5G53400	0.9620783805545761
AT5G23480	AT3G29810	0.8153639305538808
AT5G23480	AT3G52830	0.8245566961552223
AT5G23480	AT2G47730	0.8524172701325637
AT5G23480	AT4G30490	0.8995223912423806
AT5G23480	AT2G29450	0.8751531293904768
AT5G23480	AT2G36460	0.9410071570863616
AT5G23480	AT5G58787	0.8133112900143484
AT5G23480	AT3G07770	0.8108420894005423
AT5G23480	AT3G57880	0.8848680354013727
AT3G12050	AT3G25230	0.9850280970808794
AT3G12050	AT1G56170	0.8869667651210141
AT3G12050	AT5G56030	0.9383329537670614
AT3G12050	AT5G62020	0.8697306100350554
AT3G12050	AT4G23885	0.8559225029513231
AT3G12050	AT3G17611	0.913133647508445
AT3G12050	AT3G23990	0.9329700134959004
AT3G12050	AT5G04340	0.8053800099763812
AT3G12050	AT5G56010	0.8105030274355125
AT3G12050	AT1G55530	0.9669862114985716
AT3G12050	AT2G21940	0.9357006357874809
AT3G12050	AT1G10050	0.8636241745367533
AT3G12050	AT5G58590	0.9296928980618953
AT3G12050	AT4G17250	0.8746099945199333
AT3G12050	AT3G03520	0.8972209183545694
AT3G12050	AT3G15770	0.8581354899932527
AT3G12050	AT2G41160	0.9842958569797797
AT3G12050	AT5G53400	0.9754136987602159
AT3G12050	AT3G29810	0.8618362056671789
AT3G12050	AT3G52830	0.8479270240927663
AT3G12050	AT4G26780	0.8362620187872638
AT3G12050	AT2G47730	0.8842791347201547
AT3G12050	AT4G30490	0.879701328537268
AT3G12050	AT2G29450	0.8147392575767824
AT3G12050	AT2G36460	0.9349976935001972
AT3G12050	AT5G58787	0.8352756553180755
AT3G12050	AT3G07770	0.8662890998366481
AT3G12050	AT3G57880	0.9458615056662847
AT1G26665	AT3G02330	0.8264313486058558
AT1G26665	AT4G02370	0.833838470848787
AT1G26665	AT5G62720	0.9498072609563407
AT1G26665	AT5G63810	0.8194346865206135
AT1G26665	AT3G59820	0.8125321102458105
AT1G26665	AT5G03240	0.9252907623955711
AT1G26665	AT4G17140	0.9045836404526569
AT1G26665	AT3G55450	0.8631008552860366
AT1G26665	AT1G51610	0.8293059581638756
AT1G26665	AT1G48210	0.9555072397380611
AT1G26665	AT5G18540	0.9125816716460456
AT1G26665	AT1G69830	0.8356158499723563
AT1G26665	AT1G49220	0.8643010682559427
AT1G26665	AT1G31850	0.8539866019637917
AT1G26665	AT1G12710	0.8279130097193198
AT1G26665	AT1G68050	0.841482973175993
AT1G26665	AT3G14310	0.880145088222871
AT1G26665	AT2G01170	0.8415162281344154
AT1G26665	AT2G02100	0.9091788672655753
AT1G26665	AT5G42500	0.8413211146050996
AT1G26665	AT3G58570	0.9018262711005683
AT1G26665	AT3G16180	0.8438471910792744
AT1G26665	AT3G01310	0.8075839918038973
AT1G26665	AT3G26580	0.8538263275203232
AT1G26665	AT4G05330	0.8252999826253855
AT1G26665	AT1G21680	0.8610169776912612
AT1G26665	AT1G53035	0.8223378469753726
AT1G26665	AT4G11600	0.8171302284706429
AT1G26665	AT4G19390	0.8958223998943436
AT1G26665	AT5G10530	0.833664719444282
AT1G26665	AT1G06460	0.8580636853076988
AT1G26665	AT3G46440	0.8298027430915035
AT1G26665	AT5G63420	0.9544207782718818
AT1G26665	AT2G19450	0.8604547466464332
AT1G26665	AT4G33490	0.9319813422440804
AT1G26665	AT5G27930	0.8491274078647351
AT4G38680	263366_at	0.8141942516414171
AT1G73480	AT1G13080	0.8288091771694346
AT1G73480	AT3G15770	0.8373935471155384
AT1G73480	AT2G15110	0.8342942530574659
AT1G73480	AT3G57880	0.8020061529805089
AT1G02700	AT1G01940	0.8164806208647754
AT1G02700	AT1G76280	0.8125938343532457
AT1G02700	AT4G23885	0.8064326286929352
AT1G02700	AT1G80660	0.8169773335166615
AT1G02700	AT3G03520	0.8152581902404143
AT1G02700	AT2G31590	0.8405091953450762
AT1G02700	AT4G26780	0.8153659877229066
AT1G02700	AT3G07770	0.8067405871372256
AT1G21310	AT1G76930	0.8809533722496966
AT1G21310	AT1G02360	0.8014752916751986
AT1G21310	AT2G05380	0.854390394393997
AT1G21310	AT2G29480	0.8117214911363175
AT1G21310	AT2G02000	0.8227820064295513
AT4G34750	AT3G52710	0.8240385116623649
AT3G18070	AT5G50012	0.882703282109752
AT5G08640	AT1G32740	0.804054485904532
AT5G08640	AT3G10150	0.8234476889625391
AT5G08640	AT5G13930	0.8836911180882694
AT5G08640	AT5G05270	0.8780220803162678
AT5G08640	AT5G65870	0.8697870406314561
AT5G08640	AT2G18230	0.8342741635603982
AT5G08640	AT2G47800	0.8404989676425046
AT5G08640	AT1G78290	0.8371436376754147
AT5G08640	AT4G13900	0.8405091875367878
AT5G08640	AT4G04900	0.8347068296286455
AT5G08640	AT2G37040	0.8362405995898348
AT5G08640	AT3G26590	0.9009962596988514
AT5G08640	AT1G72910	0.8482670414034135
AT1G64220	AT1G15480	0.8520978697932001
AT3G25230	AT1G56170	0.9167999254778848
AT3G25230	AT5G56030	0.9260729475421536
AT3G25230	AT5G62020	0.8620311309119444
AT3G25230	AT4G23885	0.8877218275007224
AT3G25230	AT3G17611	0.9047195999775954
AT3G25230	AT3G23990	0.9505886631283336
AT3G25230	AT1G55530	0.9565609466301407
AT3G25230	AT2G21940	0.9170223596408139
AT3G25230	AT1G10050	0.9029643647126121
AT3G25230	AT5G58590	0.9182367615767879
AT3G25230	AT4G17250	0.8479058702733324
AT3G25230	AT3G03520	0.8849778060876757
AT3G25230	AT3G15770	0.8623989981691453
AT3G25230	AT2G41160	0.9689327494593986
AT3G25230	AT5G53400	0.9721476304895896
AT3G25230	AT3G29810	0.8639077109023172
AT3G25230	AT3G52830	0.8520369844448566
AT3G25230	AT4G26780	0.836060084158336
AT3G25230	AT2G47730	0.8895586184091299
AT3G25230	AT4G30490	0.880978735164027
AT3G25230	AT2G29450	0.8158424906294851
AT3G25230	AT2G36460	0.9172478334474019
AT3G25230	AT5G58787	0.8342952900624874
AT3G25230	AT3G07770	0.8976449596365346
AT3G25230	AT3G57880	0.9565803271176122
AT1G32740	AT5G05270	0.8316100286330188
AT1G32740	AT1G67330	0.8243138313376261
AT1G32740	AT3G51920	0.8074714950688628
AT1G32740	AT1G65870	0.8024072716549975
AT1G32740	AT3G19450	0.8596873055627364
AT1G32740	AT1G02220	0.8381941034455879
AT1G32740	AT1G17050	0.844368606627324
AT1G32740	AT2G37040	0.8952336309886457
AT1G25400	AT1G16130	0.800038169299389
AT1G25400	AT1G03850	0.8070908856870842
AT5G26340	AT4G02370	0.8770383040405468
AT5G26340	AT3G53990	0.8031126586533391
AT5G26340	AT5G44210	0.8129711283181126
AT5G26340	AT5G09630	0.868152676178516
AT5G26340	AT1G70820	0.8091123295215321
AT5G26340	AT3G50700	0.8685036738267994
AT5G26340	AT5G43440	0.838344858457749
AT5G26340	AT5G57630	0.8498478834609741
AT5G26340	AT1G76590	0.8631234639670732
AT5G26340	AT5G25210	0.849709113073705
AT5G26340	AT4G25480	0.842314791795592
AT5G26340	AT4G39260	0.849425936197526
AT5G26340	AT1G22570	0.8873143108481174
AT5G26340	AT3G01310	0.8225990191690121
AT5G26340	AT1G12845	0.8680686678524767
AT5G26340	AT3G56720	0.8240751163550563
AT5G26340	AT1G70420	0.9284612646849363
AT5G26340	AT1G78600	0.8069872176591008
AT5G26340	AT1G75960	0.8358842291789986
AT5G26340	AT3G16740	0.8119894948860382
AT5G26340	AT3G05130	0.8213464201321826
AT5G26340	AT1G33970	0.8542682687640196
AT5G26340	AT3G51660	0.9399348898155043
AT5G26340	AT1G13930	0.8045656616309429
AT5G26340	AT4G14230	0.8445696554150686
AT1G56170	AT5G56030	0.8338129669426247
AT1G56170	AT5G62020	0.9202610409699682
AT1G56170	AT1G13080	0.8338311235396365
AT1G56170	AT3G17611	0.8976150071314104
AT1G56170	AT3G23990	0.8405261764119216
AT1G56170	AT1G55530	0.9413481609712885
AT1G56170	AT2G21940	0.8449739411102655
AT1G56170	AT1G10050	0.8716663544119999
AT1G56170	AT3G15770	0.8518666317150312
AT1G56170	AT2G41160	0.8976638672285973
AT1G56170	AT5G53400	0.8850592493465256
AT1G56170	AT2G47730	0.820846689062115
AT1G56170	AT4G30490	0.8983017148154544
AT1G56170	AT2G29450	0.8848389044099756
AT1G56170	AT2G36460	0.8018113769337399
AT1G56170	AT3G57880	0.9198830458659866
AT5G17460	AT3G55450	0.8072051968575907
AT5G17460	AT1G68050	0.8051120747869119
AT5G17460	AT1G78995	0.8127008145911229
AT4G30270	AT2G30600	0.8273141059285885
AT4G30270	AT4G28085	0.8034353932941836
AT4G30270	AT5G05440	0.8044234382336439
AT3G55980	AT1G02660	0.8577397504927436
AT3G55980	AT3G50060	0.8392130982744682
AT3G55980	AT1G66160	0.9129968919035157
AT3G55980	AT4G24570	0.9564384704205315
AT3G55980	AT1G76650	0.8079982747137776
AT3G55980	AT5G51190	0.8385938380862233
AT3G55980	AT4G37610	0.8170718612389906
AT3G55980	AT3G06070	0.8114369714193842
AT3G55980	AT1G24140	0.8026737684624193
AT3G55980	AT4G02330	0.8130053284782612
AT4G14400	AT1G78030	0.819887393123022
AT4G14400	AT5G65870	0.8344259355695922
AT4G14400	AT5G10760	0.8905006219047342
AT4G14400	AT2G32290	0.8277192902169357
AT4G14400	AT3G22231	0.8433559314398134
AT4G14400	AT3G23120	0.9312812503687485
AT4G14400	AT3G46130	0.8248814452663746
AT4G14400	AT3G22240	0.9065496455865003
AT4G14400	AT1G72910	0.8218636667876651
AT4G14400	AT5G15770	0.8842225904892047
AT4G14400	AT1G69870	0.8372374815988768
AT4G14400	AT4G29700	0.8280746478771607
AT4G14400	AT3G25020	0.8375195638536544
AT2G35170	AT1G72910	0.8781376020643948
AT2G35170	AT3G63240	0.8687583619223559
AT2G35170	AT1G53260	0.8999758629509499
AT2G35170	AT3G47090	0.8147526186976219
AT1G15040	AT5G39580	0.8084292534180072
AT3G24300	AT4G27410	0.8311513363811189
AT4G25420	AT1G29450	0.8306711113023658
AT3G56980	AT2G32290	0.8519144287525954
AT1G07615	AT4G12750	0.8459917205882399
AT2G43620	AT1G76930	0.8082871461690806
AT2G39710	AT5G50315	0.8518573680286063
AT2G39710	AT3G25020	0.8682021712095831
AT2G39710	AT5G58580	0.8962510311330154
AT4G12470	AT4G30170	0.8526173786257534
AT4G12470	AT2G05380	0.9103854875908548
AT4G12470	AT3G04070	0.8171583228769126
245432_at	AT2G43550	0.8395110263762364
245432_at	AT4G02370	0.8017171757793773
245432_at	AT5G63810	0.9351805974096008
245432_at	AT1G70820	0.903919453967068
245432_at	AT5G43440	0.811932780824323
245432_at	AT4G17140	0.8125626488750894
245432_at	AT3G55450	0.8075733892944996
245432_at	AT1G51610	0.9111735984492811
245432_at	AT5G57630	0.8348594489964111
245432_at	AT5G18540	0.8423933585070219
245432_at	AT5G25210	0.8038943549851063
245432_at	AT1G69830	0.9290050577328847
245432_at	AT4G25480	0.8423225548622193
245432_at	AT1G49220	0.8702893046534849
245432_at	AT2G15970	0.9475290862224413
245432_at	AT1G31850	0.8956775251958796
245432_at	AT3G14310	0.8400849078257377
245432_at	AT2G01170	0.9340216532761261
245432_at	AT2G39900	0.9080511505369618
245432_at	AT2G02100	0.8906576970755966
245432_at	AT3G58570	0.9203321300325811
245432_at	AT3G16180	0.9356873789875992
245432_at	AT3G01310	0.9294550116777697
245432_at	AT1G78995	0.818092230983357
245432_at	AT1G12845	0.9379127330293733
245432_at	AT2G43535	0.9324530370831954
245432_at	AT1G70420	0.8862888126731142
245432_at	AT4G05330	0.8388260387236908
245432_at	AT1G53035	0.9241869907162926
245432_at	AT4G11600	0.8959105067227301
245432_at	AT1G75960	0.9221985427779046
245432_at	AT4G19390	0.8871530317107746
245432_at	AT5G10530	0.8081553189418904
245432_at	AT1G06460	0.9365921586904735
245432_at	AT3G46440	0.9150749321188518
245432_at	AT1G13930	0.9527292589476142
245432_at	AT5G63420	0.8328312803387015
245432_at	AT2G19450	0.8759560789077631
245432_at	AT4G33490	0.8912307473729033
245432_at	AT4G14230	0.9240559525643192
245432_at	AT1G75880	0.808622530629621
245432_at	AT5G27930	0.8785630291764037
245432_at	AT1G20840	0.8013492987494809
245432_at	AT3G05800	0.8768715836459425
ATMG00650	AT2G07675	0.9650663402390277
ATMG00650	AT1G01940	0.8497128090051342
ATMG00650	257239_at	0.8434398335852193
ATMG00650	AT1G76280	0.8356416556325524
ATMG00650	ATMG00690	0.9531284317983612
ATMG00650	ATMG00060	0.9587764757743189
ATMG00650	AT2G30000	0.870675386911557
ATMG00650	ATMG01200	0.8341758958691842
ATMG00650	ATMG00620	0.9356966726859266
AT3G02330	AT4G02370	0.8184135968746677
AT3G02330	AT5G63810	0.8193719201904065
AT3G02330	AT1G70820	0.801911106062687
AT3G02330	AT3G59820	0.8096544436244322
AT3G02330	AT5G03240	0.8335986823857677
AT3G02330	AT1G51610	0.8609847611252619
AT3G02330	AT1G48210	0.8388194071813506
AT3G02330	AT1G69830	0.8220364269009723
AT3G02330	AT3G57770	0.8099815047915212
AT3G02330	AT2G15970	0.8598129318584291
AT3G02330	AT1G31850	0.8276924062460198
AT3G02330	AT3G14310	0.823011305648591
AT3G02330	AT2G01170	0.8995939592591855
AT3G02330	AT2G02100	0.8067989913387179
AT3G02330	AT3G58570	0.8769744945830097
AT3G02330	AT3G16180	0.8157117832992242
AT3G02330	AT3G01310	0.831889938231343
AT3G02330	AT3G26580	0.8424297944829947
AT3G02330	AT3G56720	0.8032705939895417
AT3G02330	AT1G21680	0.8340042544392278
AT3G02330	AT4G11600	0.8484773366981649
AT3G02330	AT4G19390	0.8739538385388942
AT3G02330	AT1G06460	0.8726435671921331
AT3G02330	AT3G46440	0.8250823567489205
AT3G02330	AT1G13930	0.8282504829569121
AT3G02330	AT5G63420	0.855104965103482
AT3G02330	AT2G19450	0.8054590195957676
AT3G02330	AT4G33490	0.8593473973795362
AT3G02330	AT4G14230	0.8157972702328813
AT3G02330	AT5G27930	0.9126671260374418
AT3G30775	AT1G66160	0.8746235933950591
AT3G30775	AT1G16130	0.8655773562288184
AT5G56030	AT3G17611	0.8458451618493611
AT5G56030	AT3G23990	0.839206896954809
AT5G56030	AT5G04340	0.8359729530864225
AT5G56030	AT5G56010	0.9424181191304236
AT5G56030	AT1G55530	0.9181428855742525
AT5G56030	AT2G21940	0.8394874223221868
AT5G56030	AT1G10050	0.807211241240674
AT5G56030	AT5G58590	0.8354969190491651
AT5G56030	AT3G15770	0.8050590922816974
AT5G56030	AT2G41160	0.8979100407312844
AT5G56030	AT5G53400	0.8871359684097303
AT5G56030	AT2G47730	0.9276375044897699
AT5G56030	AT4G30490	0.8976587924106432
AT5G56030	AT2G29450	0.8644422381026655
AT5G56030	AT2G36460	0.8647825479555598
AT5G56030	AT3G57880	0.8693673218728439
AT2G43550	AT1G20693	0.8085807488347487
AT2G43550	AT4G17140	0.9043971807427034
AT2G43550	AT3G55450	0.8801189136674885
AT2G43550	AT1G69830	0.8858400134933728
AT2G43550	AT1G49220	0.8501784066749734
AT2G43550	AT2G15970	0.8223039892202959
AT2G43550	AT2G42540	0.8138465850304029
AT2G43550	AT1G31850	0.93562463159288
AT2G43550	AT5G03870	0.8148680212885872
AT2G43550	AT1G68050	0.820097159014346
AT2G43550	AT2G02100	0.846839968763556
AT2G43550	AT3G16180	0.8806780979549025
AT2G43550	AT1G78995	0.8862280042889822
AT2G43550	AT2G43535	0.9059072780808821
AT2G43550	AT1G53035	0.8365903805596288
AT2G43550	AT4G11600	0.8325591540584424
AT2G43550	AT4G19390	0.874159449291188
AT2G43550	AT5G15770	0.8696542652423662
AT2G43550	AT2G15830	0.8888356343500722
AT2G43550	AT3G46440	0.8710025446733516
AT2G43550	AT5G63420	0.801908737866546
AT2G43550	AT1G69870	0.9187409904898765
AT2G43550	AT1G75880	0.8154167804293658
AT2G43550	AT4G23600	0.8410229749511149
AT2G43550	AT1G20840	0.8885412006032837
AT4G02380	AT3G03700	0.8396448115693679
AT4G02380	AT1G51820	0.8128407823316677
AT4G13660	AT3G04070	0.8336769645005289
AT5G38040	AT3G22260	0.8162747355029677
AT5G38040	AT3G04980	0.8608503969775979
AT5G38040	AT2G25700	0.8966496326773318
AT1G14870	AT1G26410	0.8014077958653435
AT3G26040	AT1G48390	0.8390575349263729
AT1G66090	AT3G50060	0.8125665941111787
AT1G66090	AT2G44130	0.8519536991256854
AT1G66090	AT3G50560	0.8321243669705768
AT5G59080	AT5G02020	0.8214997755290774
AT5G59080	AT3G03830	0.8280076095516002
AT5G59080	AT1G29450	0.8522941959516418
AT5G59080	AT5G57660	0.8846700431224662
AT5G59080	AT2G29300	0.8314668760663589
AT5G59080	AT5G36910	0.8064957681743267
AT5G59080	AT1G29460	0.8097912800444024
AT3G10150	AT5G05270	0.8545150617298846
AT3G10150	AT5G65870	0.8457162866148685
AT3G10150	AT2G18230	0.9460854302229281
AT3G10150	AT1G74300	0.8594965379641734
AT3G10150	AT2G47800	0.9094286144321236
AT3G10150	AT2G32290	0.8795398131199863
AT3G10150	AT1G60590	0.8332507783360161
AT3G10150	AT1G62540	0.897788084947405
AT3G10150	AT3G26590	0.9100743328481437
AT3G10150	AT3G16910	0.8975318664566478
AT3G10150	AT2G32990	0.8680324533144006
AT3G10150	AT4G15440	0.9128755261879612
AT4G29600	AT1G54890	0.8289630918666681
AT4G29600	AT5G51810	0.8188448812014882
AT1G20693	AT1G59870	0.8719099469030244
AT1G20693	AT5G03870	0.9079310138866604
AT1G20693	AT5G15770	0.8856581631591391
AT1G20693	AT2G15830	0.8222805858349236
AT1G20693	AT1G69870	0.8129066172778637
AT1G20693	AT1G20840	0.8533776168439067
AT2G16730	AT3G25020	0.8386339466881874
AT3G22260	AT3G04980	0.870097704998898
AT3G22260	AT2G25700	0.8508248377212808
AT3G22260	AT3G47090	0.8489011658133591
AT1G66760	AT1G66100	0.867032186062403
AT1G66760	AT4G36040	0.8434422400578689
AT1G66760	AT1G80820	0.818019835968208
AT1G66760	AT4G38850	0.8872930611677325
AT1G66760	AT3G47500	0.9181906580950596
AT1G66760	AT5G57660	0.9006150386439985
AT1G66760	AT1G71030	0.8334127021709855
AT1G66760	AT5G36910	0.8468975409940576
AT3G01550	AT4G15430	0.9375117018794944
AT3G01550	AT3G56290	0.8545086903271817
AT3G01550	AT2G24540	0.8459697636682993
AT3G01550	AT3G01060	0.970791918592462
AT3G01550	AT4G38960	0.876912516248777
AT3G01550	AT1G67330	0.881935606354655
AT3G01550	AT3G51920	0.9129786298538936
AT3G01550	AT1G65870	0.8851504685617143
AT3G01550	AT3G14770	0.8135255544720779
AT3G01550	AT5G39660	0.8455150410360003
AT3G01550	AT3G57040	0.9120863465092304
AT3G01550	AT3G19450	0.9066757694333095
AT3G01550	AT3G24170	0.8967920092454016
AT3G01550	AT1G17050	0.8939200390919521
AT3G01550	AT4G23290	0.8300787524534202
AT3G01550	AT3G01430	0.8094909130307764
AT3G01550	AT5G05860	0.8423937636943504
AT3G01550	AT1G07450	0.9182229024548776
AT3G01550	AT5G15600	0.8938608750442844
AT1G02300	AT4G02370	0.8110684078760593
AT1G02300	AT3G53990	0.8406121746009534
AT1G02300	AT3G59820	0.8462129940884688
AT1G02300	AT3G50700	0.8500862212535882
AT1G02300	AT5G03240	0.8165024307824776
AT1G02300	AT5G43440	0.8724556421593946
AT1G02300	AT3G50720	0.8052382224254928
AT1G02300	AT1G12710	0.8386583582061479
AT1G02300	AT4G38580	0.8121212466355954
AT1G02300	AT1G17460	0.8616546464859622
AT1G02300	AT3G26580	0.8578247915698618
AT1G02300	AT4G12750	0.933894354312121
AT1G02300	AT3G56720	0.8938255429305605
AT1G02300	AT1G21680	0.8632556967139339
AT1G02300	AT1G78600	0.8403584065644198
AT1G02300	AT3G16740	0.8162394014659161
AT1G02300	AT1G33970	0.8783378943843404
AT1G02300	AT3G51660	0.816991717061893
AT1G02300	AT5G62350	0.8731141445806466
AT3G01970	AT3G14620	0.8050983326828474
AT5G61600	AT1G27730	0.8693637830707375
AT5G61600	AT3G07350	0.8842722731352598
AT5G61600	AT5G49450	0.8208015511463566
AT5G61600	AT4G27410	0.8678234780038789
AT5G61600	AT1G32920	0.8100494886719677
AT5G61600	AT5G51190	0.8432524918436731
AT1G59870	AT4G22770	0.8218946825451439
AT1G59870	AT1G21130	0.8128792688645384
AT1G59870	AT3G49210	0.8018697208226148
AT1G59870	AT5G03870	0.8003046790169802
AT1G59870	AT2G15830	0.8610192606073082
AT1G59870	AT1G69870	0.8319189789391541
AT1G59870	AT1G20840	0.8745527452643175
AT4G02370	AT3G53990	0.8016116108891419
AT4G02370	AT5G62720	0.859088375372028
AT4G02370	AT5G09630	0.8365200665885728
AT4G02370	AT5G63810	0.8700894301704927
AT4G02370	AT1G70820	0.8992828683367495
AT4G02370	AT3G59820	0.8878951520142843
AT4G02370	AT3G50700	0.9620467542002077
AT4G02370	AT5G03240	0.9252977633729638
AT4G02370	AT5G43440	0.9080957499750305
AT4G02370	AT1G51610	0.8664627529564464
AT4G02370	AT5G57630	0.8056884110546385
AT4G02370	AT5G18540	0.8738261344252518
AT4G02370	AT1G76590	0.8465097592592284
AT4G02370	AT5G25210	0.8870667142884651
AT4G02370	AT1G69830	0.8561026830166824
AT4G02370	AT4G05150	0.834747141600081
AT4G02370	AT2G15970	0.8468308802807064
AT4G02370	AT1G31850	0.8123866005784594
AT4G02370	AT1G12710	0.8849491713767299
AT4G02370	AT3G14310	0.9548168015224694
AT4G02370	AT2G01170	0.894018062400442
AT4G02370	AT2G39900	0.9019479401338842
AT4G02370	AT2G02100	0.8791363906961961
AT4G02370	AT5G42500	0.8305736492413219
AT4G02370	AT4G38580	0.8371253663207301
AT4G02370	AT3G58570	0.925956997332313
AT4G02370	AT3G16180	0.8562632231954018
AT4G02370	AT3G01310	0.9245420143508877
AT4G02370	AT3G26580	0.937400379340229
AT4G02370	AT1G12845	0.8966809082477902
AT4G02370	AT2G43535	0.8117897964071479
AT4G02370	AT4G12750	0.8821366901950595
AT4G02370	AT3G56720	0.9519503213386616
AT4G02370	AT1G70420	0.8510821379542005
AT4G02370	AT4G05330	0.924166025153975
AT4G02370	AT1G21680	0.9315306255509218
AT4G02370	AT1G53035	0.8065025647712795
AT4G02370	AT4G11600	0.8842428544093052
AT4G02370	AT5G46520	0.8302405708546731
AT4G02370	AT1G78600	0.8010812103418234
AT4G02370	AT1G75960	0.8416292567319416
AT4G02370	AT3G16740	0.9220649574669163
AT4G02370	AT4G19390	0.8663555598876865
AT4G02370	AT1G06460	0.8654742673984729
AT4G02370	AT1G33970	0.9104686919777342
AT4G02370	AT3G46440	0.8104030441604381
AT4G02370	AT3G51660	0.9153707330184205
AT4G02370	AT1G13930	0.8330970115183546
AT4G02370	AT5G63420	0.8792225399900421
AT4G02370	AT2G19450	0.903571228410601
AT4G02370	AT5G62350	0.9143594231120192
AT4G02370	AT4G33490	0.8978355451469316
AT4G02370	AT4G14230	0.9136648657162585
AT4G02370	AT1G08500	0.8286604485295054
AT4G02370	AT5G27930	0.8527065621221855
AT3G19660	AT1G76680	0.8280134172943664
AT1G53345	AT1G21210	0.8088131058292037
AT4G32280	AT5G02810	0.8569905317668417
AT4G32280	AT5G47740	0.8135177049549241
255188_at	AT2G28030	0.8204771650422407
AT5G06610	AT5G50012	0.860734667623483
AT5G06610	AT1G68050	0.8150557940516874
AT5G59270	AT1G18990	0.80437825779514
AT1G76930	AT2G05380	0.8195180936879218
AT1G76930	AT2G32190	0.8120090692540258
AT1G13610	AT3G48920	0.808163897025727
AT1G27730	AT3G07350	0.8101441492187509
AT1G27730	AT5G51190	0.8437013957569764
AT2G12230	AT4G27150	0.8551124266692146
AT2G12230	254244_at	0.802540330936239
AT2G30600	AT2G42870	0.8955153719873471
AT2G30600	AT1G57990	0.8697457532233824
AT2G30600	AT1G73830	0.8305050896083168
AT2G30600	AT5G51810	0.8376339949755197
AT2G30600	AT2G44500	0.8109770803042342
AT5G07820	AT5G50315	0.8459298508877563
AT5G07820	AT3G25020	0.808822111671633
AT5G07820	AT3G47090	0.8324599960236145
AT4G22770	AT3G55450	0.8306972881978025
AT4G22770	AT1G31850	0.851394224852135
AT4G22770	AT4G11600	0.8030751751709166
AT4G22770	AT4G19390	0.8627754535137548
AT4G22770	AT1G69870	0.8012857383081738
AT1G19940	AT5G05270	0.8700190395875946
AT1G19940	AT5G65870	0.810355719478034
AT1G19940	AT1G74300	0.9178443707393326
AT1G19940	AT5G10400	0.9735922158889646
AT1G19940	AT2G37040	0.8055197680147731
AT1G19940	AT3G26590	0.8179577335387124
AT1G19940	AT1G72910	0.8459291001880411
AT1G19940	AT4G00970	0.8025156910574804
AT1G19940	AT2G32990	0.8605274945449265
AT1G19940	AT3G46320	0.9645173240307473
AT1G19940	AT1G53260	0.8690065386141156
AT1G19940	AT4G29700	0.8138272934797253
AT1G19940	AT5G59870	0.9839883325209677
AT1G19940	AT5G10390	0.9415154803574359
AT1G19940	AT5G45960	0.8577565308972153
AT1G19050	AT3G57040	0.857213496896499
AT1G19050	AT5G05860	0.8877965441177564
AT1G19050	AT5G15600	0.8134994417530783
AT3G53990	AT3G50700	0.8588212266338643
AT3G53990	AT5G43440	0.8432370847923318
AT3G53990	AT4G03510	0.8283413303069519
AT3G53990	AT1G76590	0.826662943742948
AT3G53990	AT4G05150	0.840031518516297
AT3G53990	AT3G56720	0.8548974661537025
AT3G53990	AT1G78600	0.9133426079812753
AT3G53990	AT3G16740	0.8552814232766741
AT3G53990	AT1G33970	0.9088106022737018
AT3G53990	AT3G51660	0.9024063877958406
AT3G53990	AT5G62350	0.8944805025539306
AT4G15430	AT3G56290	0.8934805036258703
AT4G15430	AT2G24540	0.9099763859827975
AT4G15430	AT3G01060	0.9441547735693697
AT4G15430	AT4G38960	0.8504611262968417
AT4G15430	AT1G26790	0.8442044534673807
AT4G15430	AT3G51920	0.8539483986214329
AT4G15430	AT1G65870	0.8813570883031839
AT4G15430	AT3G14770	0.8513316939079383
AT4G15430	AT5G39660	0.919154919078659
AT4G15430	AT3G57040	0.8755029546927803
AT4G15430	AT2G04795	0.8110455209645387
AT4G15430	AT3G19450	0.8730470492976323
AT4G15430	AT1G75100	0.8058129588057648
AT4G15430	AT3G24170	0.9078930217462913
AT4G15430	AT1G17050	0.8792809196605658
AT4G15430	AT5G05860	0.8169265607072089
AT4G15430	AT1G07450	0.8823532246743485
AT4G15430	AT1G79270	0.8389696424177971
AT4G15430	AT5G15600	0.9046593848234374
AT2G19640	AT2G23130	0.8319883003619989
AT3G56290	AT5G13930	0.8242828666454663
AT3G56290	AT2G24540	0.9155959488115096
AT3G56290	AT3G01060	0.8700601094561776
AT3G56290	AT3G09520	0.8852077143026786
AT3G56290	AT4G38960	0.8005493377343829
AT3G56290	AT1G65870	0.8052402101827156
AT3G56290	AT3G14770	0.8851076805011695
AT3G56290	AT5G39660	0.8940041901734594
AT3G56290	AT5G19240	0.8555017024565432
AT3G56290	AT2G04795	0.907032049610694
AT3G56290	AT1G78290	0.8692651204301765
AT3G56290	AT3G19450	0.8924864714558377
AT3G56290	AT1G75100	0.8477442393839844
AT3G56290	AT2G32540	0.8971169333876201
AT3G56290	AT1G70985	0.8242063931984768
AT3G56290	AT3G24170	0.9360248874840714
AT3G56290	AT1G17050	0.9249709529837743
AT3G56290	AT1G07450	0.8579072589071869
AT3G56290	AT1G79270	0.8862592358542166
AT3G56290	AT5G15600	0.9144340751551281
AT5G02020	AT4G08950	0.8000423041882149
AT5G02020	AT1G70290	0.8745989937812001
AT5G02020	AT2G29300	0.9108307719903608
AT5G13930	AT2G18230	0.8152012010284202
AT5G13930	AT2G47800	0.8171784787047273
AT5G13930	AT1G78290	0.9581826949802302
AT5G13930	AT4G13900	0.8732042394851023
AT5G13930	AT2G32540	0.8625967098561933
AT5G13930	AT1G17050	0.8075061510518551
AT5G13930	AT3G16910	0.8230043998981911
AT5G05270	AT5G65870	0.9099784865014083
AT5G05270	AT4G14090	0.8115026551228669
AT5G05270	AT2G18230	0.8204548583770022
AT5G05270	AT1G67330	0.8278116928288944
AT5G05270	AT1G74300	0.9254326900604511
AT5G05270	AT2G47800	0.8843864342964868
AT5G05270	AT2G40230	0.8327505937897921
AT5G05270	AT1G65870	0.8470156798680031
AT5G05270	AT1G75040	0.8431457136692136
AT5G05270	AT3G19450	0.8736285062397016
AT5G05270	AT5G10400	0.8448571183615678
AT5G05270	AT1G17050	0.8520772092154422
AT5G05270	AT1G62540	0.8947549416279654
AT5G05270	AT2G37040	0.9393342062067659
AT5G05270	AT3G26590	0.9551274206859847
AT5G05270	AT1G72910	0.883408201079973
AT5G05270	AT2G32990	0.8850846606824819
AT5G05270	AT3G46320	0.8567451152003646
AT5G05270	AT1G53260	0.8594316061453591
AT5G05270	AT5G59870	0.8774076245511917
AT5G05270	AT5G10390	0.8185184131534339
AT5G05270	AT5G45960	0.8407675355543651
AT1G13300	AT3G59930	0.8119863657584085
AT2G24540	AT3G01060	0.8848054521115143
AT2G24540	AT5G15830	0.8366691617571735
AT2G24540	AT4G38960	0.8605732156618485
AT2G24540	AT5G39660	0.8962473426227074
AT2G24540	AT3G57040	0.8336536672294903
AT2G24540	AT2G04795	0.9116728743948225
AT2G24540	AT1G75100	0.945395610967706
AT2G24540	AT2G32540	0.8092011424204509
AT2G24540	AT1G70985	0.8653303962037556
AT2G24540	AT3G24170	0.8191498940758966
AT2G24540	AT2G22240	0.8794857311990308
AT2G24540	AT5G43150	0.8122174001131097
AT2G24540	AT5G05860	0.800524440421702
AT2G24540	AT1G07450	0.8104341630491265
AT2G24540	AT1G79270	0.918374121998229
AT2G24540	AT5G15600	0.87000426913906
AT3G52710	AT2G37130	0.8111644124570687
AT3G01060	AT4G38960	0.90375477050155
AT3G01060	AT1G67330	0.8324011227575774
AT3G01060	AT3G51920	0.9101707720317876
AT3G01060	AT1G65870	0.8537789664268252
AT3G01060	AT5G39660	0.8407792141966104
AT3G01060	AT3G57040	0.8688461275667059
AT3G01060	AT3G19450	0.892137700850313
AT3G01060	AT1G75100	0.8151803131522496
AT3G01060	AT3G24170	0.8928764353400427
AT3G01060	AT1G17050	0.8875744451137182
AT3G01060	AT4G23290	0.8091159643513925
AT3G01060	AT1G07450	0.9345008901071737
AT3G01060	AT5G15600	0.8932051566464362
AT1G78030	AT5G55450	0.8649959118563839
AT1G78030	AT5G50315	0.8104199209342563
AT1G78030	AT1G72910	0.8290984280389215
AT4G08950	AT1G02660	0.8117798718649747
AT4G08950	AT3G50060	0.8900832043040471
AT4G08950	AT5G49450	0.8492557284985571
AT4G08950	AT3G19680	0.8396450585143537
AT4G08950	AT2G29300	0.8248632889092351
AT4G08950	AT3G06070	0.8524671506522015
AT4G08950	AT5G05440	0.804536996080523
AT4G08950	AT1G73830	0.8197286165387991
AT4G08950	AT2G44500	0.8711258351512311
AT5G44210	AT1G70420	0.8023492388461534
AT1G43080	AT5G18540	0.8432915057529194
AT1G43080	AT1G53035	0.8325137651207177
AT1G43080	AT3G46440	0.8519952718460109
AT1G02660	AT3G50060	0.8558468835790775
AT1G02660	AT1G66160	0.8131900798031186
AT1G02660	AT4G28085	0.8050635037848866
AT1G02660	AT3G19680	0.8587882614859488
AT1G02660	AT1G70290	0.8077075328197643
AT1G02660	AT1G57990	0.8600736482902823
AT1G02660	AT1G76650	0.8570144001779343
AT1G02660	AT5G67300	0.8558703828414622
AT1G02660	AT3G06070	0.8086310498384961
AT1G02660	AT1G73830	0.8964901349432872
AT1G02660	AT2G44500	0.9267966535413928
AT5G62020	AT1G13080	0.8422845392308964
AT5G62020	AT3G17611	0.9009174978805398
AT5G62020	AT1G55530	0.9309692543512793
AT5G62020	AT2G21940	0.8259498150581731
AT5G62020	AT4G17250	0.8191373067997868
AT5G62020	AT3G15770	0.8981187797899897
AT5G62020	AT2G41160	0.8877859644100629
AT5G62020	AT5G53400	0.8624025545070072
AT5G62020	AT4G30490	0.9162832614602562
AT5G62020	AT2G29450	0.8824380524682905
AT5G62020	AT3G57880	0.8784447923868391
AT5G62720	AT5G03240	0.9224174989315603
AT5G62720	AT4G17140	0.8603500202837724
AT5G62720	AT3G55450	0.80971494126418
AT5G62720	AT1G48210	0.9185950355892857
AT5G62720	AT5G18540	0.917437164117601
AT5G62720	AT1G69830	0.8528874731598942
AT5G62720	AT1G49220	0.8328556748543455
AT5G62720	AT1G31850	0.8164017410227596
AT5G62720	AT1G12710	0.8371770629856292
AT5G62720	AT3G14310	0.8955834968639074
AT5G62720	AT2G01170	0.8243561061318908
AT5G62720	AT2G39900	0.8120511733402753
AT5G62720	AT2G02100	0.8748269310393201
AT5G62720	AT5G42500	0.895097225978284
AT5G62720	AT4G38580	0.8003432183065335
AT5G62720	AT1G17460	0.8303996334958426
AT5G62720	AT3G58570	0.860836941307741
AT5G62720	AT3G16180	0.8102059179214997
AT5G62720	AT3G01310	0.8194296462683879
AT5G62720	AT3G26580	0.8935972673768218
AT5G62720	AT3G56720	0.8255945098936356
AT5G62720	AT4G05330	0.8451560673075142
AT5G62720	AT1G21680	0.8872233803762491
AT5G62720	AT4G11600	0.8059838108240387
AT5G62720	AT4G19390	0.8510127427215234
AT5G62720	AT5G10530	0.8363703781441738
AT5G62720	AT1G06460	0.8300238423180327
AT5G62720	AT5G63420	0.9457191951559738
AT5G62720	AT2G19450	0.8685866774745938
AT5G62720	AT4G33490	0.9049268718340506
AT5G62720	AT5G08380	0.8557684536427582
AT5G09630	AT3G50700	0.8130075323851795
AT5G09630	AT5G57630	0.8360353666630342
AT5G09630	AT5G25210	0.8614996814378767
AT5G09630	AT3G57770	0.8251363999954682
AT5G09630	AT3G14310	0.8146451955877548
AT5G09630	AT2G43535	0.856679759486676
AT5G09630	AT5G50450	0.8130345028376726
AT5G09630	AT1G70420	0.852036351171986
AT5G09630	AT4G05330	0.8388650314124011
AT5G09630	AT4G11600	0.813480552045319
AT5G09630	AT5G27930	0.8005020201817653
AT5G55450	AT5G65870	0.8453838306864889
AT5G55450	AT5G10760	0.8539053104615709
AT5G55450	AT1G74300	0.8138476032929339
AT5G55450	AT1G72910	0.8666958156073991
AT5G55450	AT3G46320	0.8023256260057126
AT5G55450	AT4G29700	0.8421787694261432
AT2G29470	AT1G66160	0.8176819915164711
AT2G29470	AT4G24570	0.8115350504875566
AT2G29470	AT4G20860	0.801726082496874
AT2G29470	AT4G02330	0.8081004363688304
AT5G17850	AT1G21680	0.8060312749829811
AT5G17850	AT5G08380	0.8069891325811914
AT3G04980	AT5G50315	0.8390434981050165
AT3G04980	AT2G25700	0.8854357016496164
AT3G04980	AT1G07880	0.8311729960488005
AT3G04980	AT4G26680	0.8226942811339523
AT3G04980	AT4G01030	0.846572606991773
AT3G04980	AT3G47090	0.8181193590611212
AT5G63810	AT1G70820	0.911208404749164
AT5G63810	AT5G03240	0.8303914941450674
AT5G63810	AT5G43440	0.8646646534356097
AT5G63810	AT4G17140	0.8381558821559731
AT5G63810	AT1G51610	0.9040852674795128
AT5G63810	AT5G57630	0.8251306765243326
AT5G63810	AT5G18540	0.8460620557325395
AT5G63810	AT5G25210	0.8293679811688403
AT5G63810	AT1G69830	0.9182115239574792
AT5G63810	AT4G25480	0.8480583593502213
AT5G63810	AT1G49220	0.8913291477561808
AT5G63810	AT4G39260	0.8544344943050072
AT5G63810	AT2G15970	0.9524215748872374
AT5G63810	AT5G59200	0.8746057947906087
AT5G63810	AT1G31850	0.8661886742746031
AT5G63810	AT1G12710	0.8296417615691846
AT5G63810	AT3G14310	0.8816643161814344
AT5G63810	AT2G01170	0.9362396728205334
AT5G63810	AT2G39900	0.9219343083585276
AT5G63810	AT2G02100	0.944451273164775
AT5G63810	AT3G58570	0.9544563862279041
AT5G63810	AT3G16180	0.9328171114329317
AT5G63810	AT3G01310	0.943824691730392
AT5G63810	AT3G26580	0.8201762274180454
AT5G63810	AT1G12845	0.9574690970550771
AT5G63810	AT2G43535	0.8816192207091856
AT5G63810	AT3G56720	0.8470220033039841
AT5G63810	AT1G70420	0.844624907993714
AT5G63810	AT4G05330	0.8637442524033501
AT5G63810	AT1G53035	0.9522100841512376
AT5G63810	AT4G11600	0.8781788920448583
AT5G63810	AT1G75960	0.9141397594644324
AT5G63810	AT4G19390	0.8920467224987437
AT5G63810	AT5G10530	0.8387004661929481
AT5G63810	AT1G06460	0.959199926029933
AT5G63810	AT1G33970	0.820150558159346
AT5G63810	AT3G46440	0.8991600675563016
AT5G63810	AT1G13930	0.891645529668801
AT5G63810	AT5G63420	0.8618212997263837
AT5G63810	AT2G19450	0.8806422136191808
AT5G63810	AT4G33490	0.9336249338260771
AT5G63810	AT4G14230	0.928848350643315
AT5G63810	AT1G43980	0.8211896986921589
AT5G63810	AT5G27930	0.893789654236157
AT5G63810	AT1G20840	0.8126823723253074
AT5G63810	AT3G05800	0.9325885618042626
AT1G70820	AT3G50700	0.8879516188687901
AT1G70820	AT5G03240	0.8476554813370998
AT1G70820	AT5G43440	0.9359918749160687
AT1G70820	AT1G51610	0.841403111966249
AT1G70820	AT5G18540	0.8137144595625829
AT1G70820	AT1G69830	0.9308536431221109
AT1G70820	AT4G25480	0.8213331323290806
AT1G70820	AT4G05150	0.8418769162760449
AT1G70820	AT2G15970	0.9317393462820152
AT1G70820	AT1G12710	0.856339022068699
AT1G70820	AT3G14310	0.8865668585221186
AT1G70820	AT2G01170	0.906427018641442
AT1G70820	AT2G39900	0.9662474164238967
AT1G70820	AT2G02100	0.8624850773263564
AT1G70820	AT3G58570	0.9131922847877872
AT1G70820	AT3G16180	0.8448132459552293
AT1G70820	AT3G01310	0.971167541372368
AT1G70820	AT3G26580	0.9247003184039376
AT1G70820	AT1G12845	0.9445684973663573
AT1G70820	AT2G43535	0.8554489004808764
AT1G70820	AT3G56720	0.9246683465508239
AT1G70820	AT1G70420	0.8817953006405561
AT1G70820	AT4G05330	0.9141097449206281
AT1G70820	AT1G21680	0.8338181420885923
AT1G70820	AT1G53035	0.8240917698337841
AT1G70820	AT4G11600	0.8644435830395136
AT1G70820	AT1G75960	0.8493605459766468
AT1G70820	AT3G16740	0.8901579465389159
AT1G70820	AT4G19390	0.8136879764128166
AT1G70820	AT5G10530	0.8838143277561861
AT1G70820	AT1G06460	0.9208275400822145
AT1G70820	AT1G33970	0.9197335254526697
AT1G70820	AT3G46440	0.8164694158045525
AT1G70820	AT3G51660	0.8640482036506645
AT1G70820	AT1G13930	0.9246743082201296
AT1G70820	AT5G63420	0.8334330706034443
AT1G70820	AT2G19450	0.8489003438699535
AT1G70820	AT5G62350	0.9157903773746324
AT1G70820	AT4G33490	0.8715529514097136
AT1G70820	AT4G14230	0.9111885294487411
AT1G70820	AT5G27930	0.8598950583613035
AT3G59820	AT3G50700	0.8451793042901918
AT3G59820	AT5G03240	0.8751027514722224
AT3G59820	AT5G43440	0.8546950165115655
AT3G59820	AT1G51610	0.8481365235547137
AT3G59820	AT1G48210	0.8190853299483492
AT3G59820	AT5G18540	0.8603827405643989
AT3G59820	AT5G25210	0.8343526304016488
AT3G59820	AT1G12710	0.8203625098300334
AT3G59820	AT2G01170	0.8302414413109548
AT3G59820	AT5G42500	0.8173976336527022
AT3G59820	AT1G17460	0.8216889269041613
AT3G59820	AT3G58570	0.8294066668369879
AT3G59820	AT3G26580	0.8646318725742759
AT3G59820	AT4G12750	0.9184851154227832
AT3G59820	AT3G56720	0.8877913891111835
AT3G59820	AT1G21680	0.8853975597825132
AT3G59820	AT1G33970	0.808439162315839
AT3G59820	AT3G51660	0.8049060246341245
AT3G59820	AT5G63420	0.8395480359995946
AT3G59820	AT2G19450	0.8921316494675473
AT3G59820	AT4G33490	0.8533432420664816
AT1G43800	AT1G07190	0.8015545989028996
AT2G35730	AT4G11780	0.801465963126091
AT3G09520	AT3G14770	0.8149251161735837
AT3G09520	AT2G04795	0.8378168838565727
AT3G09520	AT1G78290	0.828821670633129
AT3G09520	AT2G32540	0.8768951155107353
AT3G09520	AT1G17050	0.8247324261036216
AT3G50700	AT5G03240	0.8686453909509847
AT3G50700	AT5G43440	0.9099861919004647
AT3G50700	AT1G51610	0.8104714560382966
AT3G50700	AT1G76590	0.8989730901838726
AT3G50700	AT5G25210	0.8522181862762341
AT3G50700	AT4G05150	0.8367669822102638
AT3G50700	AT1G12710	0.8721713297074288
AT3G50700	AT3G14310	0.8987724570927368
AT3G50700	AT2G01170	0.8236335682158754
AT3G50700	AT2G39900	0.8656848624432895
AT3G50700	AT4G38580	0.8229561772790338
AT3G50700	AT3G58570	0.8547308244520055
AT3G50700	AT3G01310	0.86918679628796
AT3G50700	AT3G26580	0.9315616867335239
AT3G50700	AT1G12845	0.8559999827479635
AT3G50700	AT4G12750	0.9039812313275869
AT3G50700	AT3G56720	0.9704932660987654
AT3G50700	AT1G70420	0.8586239955952091
AT3G50700	AT4G05330	0.8665469397037096
AT3G50700	AT1G21680	0.9143166277260365
AT3G50700	AT1G78600	0.8653992291397389
AT3G50700	AT3G16740	0.9284467306344468
AT3G50700	AT5G10530	0.8007235994005516
AT3G50700	AT1G33970	0.9345438519445279
AT3G50700	AT3G51660	0.9255262580269976
AT3G50700	AT1G13930	0.811845620015125
AT3G50700	AT2G19450	0.8395551095433771
AT3G50700	AT5G62350	0.9427599206109207
AT3G50700	AT4G33490	0.8202933993224303
AT3G50700	AT4G14230	0.8640274602420469
AT3G50700	AT1G08500	0.8307507191736326
AT3G50700	AT5G27930	0.8110738640249994
AT3G07350	AT5G49450	0.8972595197421528
AT3G07350	AT3G15500	0.860041254607829
AT3G07350	AT4G27410	0.9260540309003507
AT3G07350	AT5G51190	0.8634593238772101
AT3G07350	AT2G29300	0.8384156832525332
AT2G07675	AT1G01940	0.8697577737700288
AT2G07675	257239_at	0.8729655571642446
AT2G07675	AT1G76280	0.8093282340218576
AT2G07675	ATMG00690	0.9489164020468743
AT2G07675	ATMG00060	0.9323609608780514
AT2G07675	AT2G30000	0.9086040546796764
AT2G07675	AT2G15790	0.8258874486070275
AT2G07675	ATMG01200	0.8874754334608614
AT2G07675	ATMG00620	0.9172359763541484
AT3G50060	AT5G49450	0.8325404058632553
AT3G50060	AT3G19680	0.8718914520591478
AT3G50060	AT1G32920	0.8101700614599394
AT3G50060	AT5G51190	0.8301427158243898
AT3G50060	AT5G67300	0.8758826513914835
AT3G50060	AT2G29300	0.8014895495390324
AT3G50060	AT5G05440	0.8786837270443065
AT3G50060	AT1G73830	0.8507351404137918
AT3G50060	AT2G44500	0.8850345312737823
AT5G02810	AT4G36040	0.8286114256386475
AT5G02810	AT2G42870	0.818438073009707
AT5G02810	AT1G71030	0.8152720924657265
AT5G02810	AT5G47740	0.8269364019062113
AT5G02810	AT3G25170	0.8018089064208346
AT5G02810	AT3G26290	0.8557312694030073
AT5G03240	AT5G43440	0.8413521302370875
AT5G03240	AT4G17140	0.8515999733052421
AT5G03240	AT1G51610	0.8090280678520605
AT5G03240	AT1G48210	0.8529340584281385
AT5G03240	AT5G18540	0.9154925564520666
AT5G03240	AT1G69830	0.8377081609646028
AT5G03240	AT4G05150	0.8474543270151511
AT5G03240	AT2G15970	0.831260561122728
AT5G03240	AT1G12710	0.9288646965967946
AT5G03240	AT3G14310	0.8940827789763882
AT5G03240	AT2G01170	0.8400205746140864
AT5G03240	AT2G39900	0.8456185338318282
AT5G03240	AT2G02100	0.896461489390763
AT5G03240	AT5G42500	0.8852538089414045
AT5G03240	AT4G38580	0.9094115685524866
AT5G03240	AT1G17460	0.8753689243113284
AT5G03240	AT3G58570	0.9268258106732681
AT5G03240	AT3G16180	0.8147187065472964
AT5G03240	AT3G01310	0.8698598640166095
AT5G03240	AT3G26580	0.9504858239407507
AT5G03240	AT1G12845	0.8063633431184406
AT5G03240	AT4G12750	0.8901897557242932
AT5G03240	AT3G56720	0.8905969640299028
AT5G03240	AT4G05330	0.9082697350363849
AT5G03240	AT1G21680	0.9618827978155131
AT5G03240	AT4G11600	0.8707577181391255
AT5G03240	AT3G16740	0.8912466368184591
AT5G03240	AT4G19390	0.8263265783760364
AT5G03240	AT5G10530	0.8289726943880135
AT5G03240	AT1G06460	0.8512774260549125
AT5G03240	AT1G33970	0.8439866387657436
AT5G03240	AT5G63420	0.9414944108388352
AT5G03240	AT2G19450	0.8690680667264356
AT5G03240	AT5G62350	0.8551816620725422
AT5G03240	AT4G33490	0.9202625904720937
AT5G03240	AT4G14230	0.81097845632424
AT5G03240	AT1G08500	0.8154517900912797
AT5G03240	AT5G27930	0.8160746362599872
AT5G03240	AT5G08380	0.8644217065655133
AT1G56010	AT5G43690	0.8178402247846678
AT5G43440	AT1G51610	0.8459787804792462
AT5G43440	AT5G57630	0.8133989653869218
AT5G43440	AT5G18540	0.8082554754066889
AT5G43440	AT1G69830	0.8175940207779159
AT5G43440	AT4G25480	0.8161067587646014
AT5G43440	AT2G15970	0.8199067384455941
AT5G43440	AT1G12710	0.8527370689356062
AT5G43440	AT3G14310	0.8142068891420211
AT5G43440	AT2G01170	0.8709976956824566
AT5G43440	AT2G39900	0.869449909535881
AT5G43440	AT3G58570	0.8566388810125676
AT5G43440	AT3G01310	0.894089531626605
AT5G43440	AT3G26580	0.9057393776735458
AT5G43440	AT1G12845	0.889934167984601
AT5G43440	AT4G12750	0.869163343033299
AT5G43440	AT3G56720	0.9618169414819225
AT5G43440	AT1G70420	0.8700360217743612
AT5G43440	AT4G05330	0.8173648850363278
AT5G43440	AT1G21680	0.8417469070459573
AT5G43440	AT1G78600	0.8387689351157128
AT5G43440	AT1G75960	0.8230526237604217
AT5G43440	AT3G16740	0.8802462843374425
AT5G43440	AT5G10530	0.8654002576885006
AT5G43440	AT1G06460	0.8876180101713838
AT5G43440	AT1G33970	0.9526312023171483
AT5G43440	AT3G51660	0.8949932743950687
AT5G43440	AT1G13930	0.8713345925463652
AT5G43440	AT2G19450	0.8729220413294579
AT5G43440	AT5G62350	0.9034162276657162
AT5G43440	AT4G33490	0.8488257525991553
AT5G43440	AT4G14230	0.8684452244714121
AT5G43440	AT1G43980	0.8352027809100548
AT5G43440	AT1G08500	0.803910375482259
AT5G43440	AT5G27930	0.8077877193625328
AT4G21990	AT5G48850	0.872451711601101
AT4G21990	AT4G04610	0.9131009804587342
AT4G21990	AT1G04770	0.9188830638767368
AT2G36050	AT3G58120	0.8897055902181118
AT2G36050	AT3G15500	0.86080855676893
AT2G36050	AT2G42870	0.844985941415247
AT2G36050	AT1G70290	0.829353250753193
AT4G13390	266183_at	0.8012928157634288
AT5G49450	AT4G27410	0.8429929731054954
AT5G49450	AT1G70290	0.8540271753236909
AT5G49450	AT1G32920	0.8088053836866343
AT5G49450	AT2G16620	0.8115177643156537
AT5G49450	AT2G29300	0.8398789786658071
AT5G49450	AT5G05440	0.841535980220138
AT5G49450	AT1G73830	0.8004701996753167
AT5G49450	AT2G44500	0.8093000796736951
AT2G42360	AT5G01380	0.8001318174089947
AT3G15630	AT1G21130	0.8065479417896266
AT3G15630	AT4G33960	0.8854638432549381
AT3G15630	AT5G50450	0.8394676928619599
AT5G65870	AT4G14090	0.8158988751932877
AT5G65870	AT5G10760	0.8552528425157078
AT5G65870	AT1G74300	0.9218261715931675
AT5G65870	AT2G47800	0.8102906061705776
AT5G65870	AT2G40230	0.8444160926062165
AT5G65870	AT2G32290	0.8699602173666362
AT5G65870	AT3G27660	0.8172745933040506
AT5G65870	AT4G04900	0.8310259742428473
AT5G65870	AT3G23120	0.8242911272619544
AT5G65870	AT2G37040	0.8652297375398286
AT5G65870	AT3G26590	0.9352235823498949
AT5G65870	AT1G72910	0.9454842457670545
AT5G65870	AT3G46320	0.8464228262231389
AT5G65870	AT1G53260	0.8117143490269603
AT5G65870	AT4G29700	0.8775838688693746
AT5G65870	AT5G59870	0.809831282703798
AT5G65870	AT5G10390	0.8254167478331181
AT1G66160	AT1G16130	0.8436563275330895
AT1G66160	AT4G24570	0.9486064775038012
AT1G66160	AT1G76650	0.8674320290999199
AT1G66160	AT4G20860	0.8726124977836174
AT1G66160	AT1G03850	0.8559985704268885
AT1G66160	AT5G01810	0.8080231397674057
AT1G66160	AT4G02330	0.9151508699840407
AT1G66100	AT4G38850	0.8895602823389562
AT1G66100	AT3G47500	0.896695996943766
AT1G66100	AT1G29450	0.8806734788837887
AT1G66100	AT5G57660	0.8203456806068362
AT1G66100	AT5G36910	0.9489536716682146
AT1G66100	AT1G75250	0.8134194025336122
AT4G17140	AT3G55450	0.8669677076577937
AT4G17140	AT1G48210	0.8739257930366109
AT4G17140	AT5G18540	0.8730193570878589
AT4G17140	AT1G69830	0.8984158411538592
AT4G17140	AT1G49220	0.8656366757505991
AT4G17140	AT2G15970	0.8567124685672924
AT4G17140	AT1G31850	0.9369603595880245
AT4G17140	AT1G68050	0.8220668739111908
AT4G17140	AT3G14310	0.8872520598305068
AT4G17140	AT2G01170	0.8270130668138463
AT4G17140	AT2G39900	0.8406800286909247
AT4G17140	AT2G02100	0.9425231350378412
AT4G17140	AT3G58570	0.8981125462248701
AT4G17140	AT3G16180	0.9107012681790609
AT4G17140	AT3G01310	0.8565335445172868
AT4G17140	AT2G43535	0.8587660943254448
AT4G17140	AT4G05330	0.8769028869919328
AT4G17140	AT1G53035	0.8941702260915347
AT4G17140	AT4G11600	0.897410391653079
AT4G17140	AT4G19390	0.8956972610514446
AT4G17140	AT2G15830	0.8153801167888909
AT4G17140	AT1G06460	0.8400131448735128
AT4G17140	AT3G46440	0.8934128069726656
AT4G17140	AT5G63420	0.9268490216384858
AT4G17140	AT1G69870	0.8344521284871017
AT4G17140	AT4G33490	0.8902473698522048
AT4G17140	AT4G14230	0.8000044433260374
AT4G17140	AT5G27930	0.8002480301835004
AT4G17140	AT1G20840	0.8913606621798641
AT4G17140	AT3G05800	0.8417509705821041
AT3G49790	AT1G32920	0.8643630413562378
AT3G55450	AT1G51610	0.8583522710389649
AT3G55450	AT1G48210	0.9311054704750714
AT3G55450	AT5G18540	0.8616433922773303
AT3G55450	AT1G69830	0.8088613413588109
AT3G55450	AT1G49220	0.8852292340471782
AT3G55450	AT3G57770	0.8958003967733347
AT3G55450	AT1G31850	0.9376852582034854
AT3G55450	AT1G68050	0.9307134576184748
AT3G55450	AT3G14310	0.8253124350340121
AT3G55450	AT2G01170	0.8315487878787813
AT3G55450	AT2G02100	0.8402152148695694
AT3G55450	AT3G58570	0.8168060345326567
AT3G55450	AT3G16180	0.8992341719096879
AT3G55450	AT1G78995	0.8870709304332286
AT3G55450	AT2G43535	0.8804582107632792
AT3G55450	AT1G53035	0.8578017644474776
AT3G55450	AT4G11600	0.8292998951083398
AT3G55450	AT4G19390	0.9389329431669823
AT3G55450	AT5G15770	0.8084032080652103
AT3G55450	AT2G15830	0.8635029134935995
AT3G55450	AT1G06460	0.8147340718514942
AT3G55450	AT3G46440	0.8980266539712322
AT3G55450	AT5G63420	0.8751256212617164
AT3G55450	AT2G19450	0.8427079714917804
AT3G55450	AT1G69870	0.9335405060656301
AT3G55450	AT4G33490	0.8524235805181464
AT3G55450	AT1G75880	0.8575650903191716
AT3G55450	AT5G27930	0.8355404800999614
AT3G55450	AT3G05800	0.8013265792160028
AT4G14090	AT2G40230	0.8181603137250939
AT4G14090	AT3G27660	0.8113072691147253
AT4G14090	AT1G62540	0.826113659368714
AT4G14090	AT3G63240	0.8089609057388508
AT4G28085	AT3G15500	0.9079258279539795
AT4G28085	AT2G43820	0.9021871200566638
AT4G28085	AT1G57990	0.8043710749575618
AT4G28085	AT1G76650	0.8017967596468518
AT4G28085	AT1G73830	0.8082794214165261
AT5G17750	AT1G79270	0.8157679292892686
AT1G01940	257239_at	0.9267458958945959
AT1G01940	AT1G76280	0.8204183034398977
AT1G01940	AT4G23885	0.9042362901374689
AT1G01940	ATMG00690	0.8927318577621146
AT1G01940	ATMG00060	0.8765203039892471
AT1G01940	AT2G30000	0.9367444902715121
AT1G01940	AT3G23990	0.9039369766072588
AT1G01940	AT2G15790	0.8775072903625968
AT1G01940	AT2G21940	0.8142943092471104
AT1G01940	AT5G58590	0.8803771102060711
AT1G01940	AT3G03520	0.9051568939215107
AT1G01940	AT3G29810	0.8358477181073719
AT1G01940	AT3G52830	0.8614311127871729
AT1G01940	ATMG00620	0.8983237488170359
AT1G01940	AT4G26780	0.9493408445382292
AT1G01940	AT5G58787	0.9049914092209406
AT1G01940	AT3G07770	0.9277812916256213
AT1G16130	AT4G02330	0.8261311889989331
AT1G16130	AT1G76680	0.9050049584006842
AT3G20370	AT5G59870	0.8081655910266061
AT1G21130	AT5G25210	0.812965454210103
AT1G21130	AT4G33960	0.8562673190721763
AT1G21130	AT1G22570	0.8000857834621317
AT1G21130	AT2G37130	0.8439609393195158
AT1G21130	AT1G75960	0.8321487489255076
AT1G21130	AT3G50140	0.8332426278298989
AT3G52400	AT5G07440	0.8427873322176144
AT3G52400	AT2G23130	0.8144241723692175
AT3G52400	AT5G25350	0.8698359019536407
AT5G10760	AT2G40230	0.8007818446505455
AT5G10760	AT3G23120	0.8061873275326411
AT5G10760	AT3G22240	0.8026438440372666
AT5G10760	AT1G72910	0.8619367953235553
AT5G10760	AT4G29700	0.9005966939368331
AT5G10760	AT5G10390	0.8076148607231296
AT5G10760	AT3G25020	0.804310419610108
AT5G10760	AT5G58580	0.8035903657923796
AT3G19680	AT1G57990	0.8848692928596177
AT3G19680	AT5G67300	0.8849225779606835
AT3G19680	AT5G05440	0.8555865854584751
AT3G19680	AT1G73830	0.8536385163080419
AT3G19680	AT2G44500	0.9683546970341779
AT1G51610	AT1G48210	0.882142546635457
AT1G51610	AT5G57630	0.8840096255105714
AT1G51610	AT5G18540	0.869663109936612
AT1G51610	AT5G25210	0.8760074845573367
AT1G51610	AT1G69830	0.8850972728698181
AT1G51610	AT1G49220	0.8797966630626161
AT1G51610	AT3G57770	0.8661562146975561
AT1G51610	AT2G15970	0.8780163284944996
AT1G51610	AT5G59200	0.8118456313737985
AT1G51610	AT1G31850	0.884521380035006
AT1G51610	AT1G12710	0.8206896158312673
AT1G51610	AT1G68050	0.8680484947288645
AT1G51610	AT3G14310	0.8784121734560735
AT1G51610	AT2G01170	0.9651786945930613
AT1G51610	AT2G39900	0.8344859775963521
AT1G51610	AT2G02100	0.8691728888638798
AT1G51610	AT3G58570	0.9141568344976041
AT1G51610	AT3G16180	0.925775556545068
AT1G51610	AT3G01310	0.8858289741972774
AT1G51610	AT1G78995	0.8217588013808891
AT1G51610	AT3G26580	0.8302543127996486
AT1G51610	AT1G12845	0.8953294221533356
AT1G51610	AT2G43535	0.8583162322015722
AT1G51610	AT3G56720	0.8531724874891794
AT1G51610	AT1G70420	0.8579083014338182
AT1G51610	AT4G05330	0.8082151724984858
AT1G51610	AT1G53035	0.9032421399068572
AT1G51610	AT4G11600	0.8741555033473598
AT1G51610	AT1G75960	0.9164873452196276
AT1G51610	AT4G19390	0.931655543765214
AT1G51610	AT5G10530	0.8069527147798331
AT1G51610	AT3G05130	0.8498279599267046
AT1G51610	AT1G06460	0.9534872786688223
AT1G51610	AT3G46440	0.9158009521423733
AT1G51610	AT1G13930	0.9391698582289646
AT1G51610	AT5G63420	0.8785537289169112
AT1G51610	AT2G19450	0.9352542234831889
AT1G51610	AT4G33490	0.9444717689159751
AT1G51610	AT4G14230	0.9500944621581684
AT1G51610	AT1G43980	0.8036881640680962
AT1G51610	AT1G75880	0.8496401003527543
AT1G51610	AT5G27930	0.9427502035780658
AT1G51610	AT3G05800	0.8574877401476877
AT4G03510	AT5G61590	0.8591372980768607
AT4G03510	AT3G04060	0.8272843671255536
AT1G32090	AT3G43160	0.8890700597749857
AT1G32090	AT2G30000	0.8203910531936038
AT1G32090	AT4G38580	0.8934959272323636
AT1G32090	AT1G17460	0.9106559615580521
AT1G32090	AT1G49560	0.9084290251142717
AT1G32090	AT5G08380	0.879076235758679
AT1G48210	AT5G18540	0.9295223920282293
AT1G48210	AT1G69830	0.8291637485929442
AT1G48210	AT1G49220	0.875134960395669
AT1G48210	AT3G57770	0.844875438243326
AT1G48210	AT1G31850	0.8804777477469973
AT1G48210	AT1G68050	0.9207128200511283
AT1G48210	AT3G14310	0.8577919414437478
AT1G48210	AT2G01170	0.8623877685330551
AT1G48210	AT2G02100	0.858915124793257
AT1G48210	AT5G42500	0.8478546052475795
AT1G48210	AT3G58570	0.8647512172830757
AT1G48210	AT3G16180	0.8745927214260953
AT1G48210	AT3G26580	0.807389577025418
AT1G48210	AT1G21680	0.8068792790715219
AT1G48210	AT1G53035	0.8480267008693622
AT1G48210	AT4G11600	0.8055963601938769
AT1G48210	AT4G19390	0.9258481763872319
AT1G48210	AT1G06460	0.8652817148134323
AT1G48210	AT3G46440	0.8679542289993314
AT1G48210	AT5G63420	0.955171068184893
AT1G48210	AT2G19450	0.9062071231541186
AT1G48210	AT4G33490	0.9298040712755726
AT1G48210	AT1G75880	0.8045635704768087
AT1G48210	AT5G27930	0.8559783179810784
AT1G35570	AT2G24400	0.8213745849465972
AT5G44620	AT5G24770	0.8080557300719473
AT5G44620	AT5G22430	0.8187930560017984
AT3G45960	AT3G49160	0.8375338155190571
AT3G14620	AT2G36460	0.8200353852435189
AT3G47740	AT1G35647	0.8042960360044016
AT5G48850	AT4G04610	0.8122241075002059
AT5G48850	AT1G04770	0.9023831013636813
AT3G03830	AT1G29450	0.8961969678747589
AT3G03830	246692_at	0.8784967249574198
AT3G03830	AT1G29460	0.9007048555346628
AT3G43160	AT4G38580	0.8495380405646349
AT3G43160	AT1G17460	0.8827158280689589
AT5G57630	AT5G25210	0.9327370650210891
AT5G57630	AT4G33960	0.8020664653226203
AT5G57630	AT2G01170	0.8370890922852192
AT5G57630	AT3G58570	0.8052182638832399
AT5G57630	AT3G16180	0.8212116993164064
AT5G57630	AT1G12845	0.8314977826265512
AT5G57630	AT2G43535	0.8015067128192841
AT5G57630	AT1G70420	0.8639652122993842
AT5G57630	AT1G75960	0.8843658760886729
AT5G57630	AT4G19390	0.8015110186995387
AT5G57630	AT3G05130	0.8416670095249253
AT5G57630	AT1G06460	0.8411983368356227
AT5G57630	AT1G13930	0.8229681986810402
AT5G57630	AT2G19450	0.8675367791098587
AT5G57630	AT4G33490	0.8087652269883984
AT5G57630	AT4G14230	0.8054729623464104
AT5G57630	AT1G43980	0.8317152502081229
AT5G57630	AT5G27930	0.8315905035049926
AT4G36040	AT3G15500	0.9165537460491372
AT4G36040	AT2G43820	0.8095324495897644
AT4G36040	AT2G42870	0.8835225816203135
AT4G36040	AT5G57660	0.91511649966034
AT4G36040	AT1G71030	0.9145125059057543
AT4G36040	AT1G77240	0.8010263877718331
AT4G36040	AT5G15720	0.8294140536509067
AT3G58120	AT2G42870	0.9150983827854133
AT3G58120	AT1G57990	0.8022151320638758
AT5G13330	AT2G05380	0.8181771257711549
AT2G41400	AT2G14950	0.8083866307024254
AT5G34460	AT5G35710	0.8239862443466676
257239_at	AT1G76280	0.8338755469897892
257239_at	AT4G23885	0.8080327533170362
257239_at	ATMG00690	0.9013120930245295
257239_at	ATMG00060	0.8125466791551441
257239_at	AT2G30000	0.9264797940377665
257239_at	AT3G23990	0.815369071571027
257239_at	AT3G52830	0.8026313588236076
257239_at	ATMG00620	0.8170638143691958
257239_at	AT4G26780	0.8895242915664987
257239_at	AT5G58787	0.8160697836822269
257239_at	AT3G07770	0.8659374246416914
AT4G38850	AT3G47500	0.9002843789070253
AT4G38850	AT1G29450	0.9086271343896224
AT4G38850	AT5G57660	0.8475893721902269
AT4G38850	AT5G36910	0.8581916543415684
AT4G38850	AT1G75250	0.8587902557084206
AT4G38850	AT1G76240	0.8236912269171438
AT4G30170	AT2G05380	0.8066201722973074
AT1G32850	AT2G25780	0.8110584884652244
AT4G18450	AT2G38160	0.8099093718657349
AT1G71880	AT3G49210	0.8218188874486555
AT1G71880	AT1G68360	0.8235750041959095
AT1G71880	260919_at	0.8698305270072016
AT3G15500	AT2G43820	0.8743889335525448
AT3G15500	AT2G42870	0.8382915683904235
AT3G15500	AT5G57660	0.8564298883500471
AT3G15500	AT1G71030	0.8208972756006684
AT3G15500	AT3G06070	0.8337354164468174
AT5G15830	AT5G39660	0.854871179678725
AT5G15830	AT3G57040	0.8225223238942306
AT5G15830	AT5G62430	0.8238691169117516
AT5G15830	AT1G75100	0.8877381792535605
AT5G15830	AT5G36910	0.8281750421114048
AT5G15830	AT5G43150	0.8905755885807897
AT5G15830	AT5G05860	0.8364857848104532
AT5G15830	AT1G69570	0.9195984156572397
AT5G15830	AT1G79270	0.8002631276229741
AT4G38960	AT3G51920	0.8681933102563258
AT4G38960	AT5G39660	0.8435816046447113
AT4G38960	AT3G57040	0.8649728866138517
AT4G38960	AT1G75100	0.8740690818019546
AT4G38960	AT5G05860	0.8188189858751241
AT4G38960	AT1G07450	0.8271755324649174
AT4G38960	AT5G15600	0.8760030337074556
AT2G18230	AT2G47800	0.9505347183789209
AT2G18230	AT2G32290	0.8096261432293191
AT2G18230	AT1G60590	0.8405379988568354
AT2G18230	AT1G78290	0.8495730428401176
AT2G18230	AT1G62540	0.8453570588765007
AT2G18230	AT3G26590	0.8961777310192379
AT2G18230	AT3G16910	0.9527977998412638
AT2G18230	AT2G32990	0.8608845522882974
AT2G18230	AT4G15440	0.8864284658821844
AT5G18540	AT5G25210	0.8001821951938687
AT5G18540	AT1G69830	0.856465155351845
AT5G18540	AT1G49220	0.8555963246417765
AT5G18540	AT2G15970	0.8140608073178918
AT5G18540	AT1G31850	0.8566014657330219
AT5G18540	AT1G12710	0.8520285398204085
AT5G18540	AT3G14310	0.8694618237192485
AT5G18540	AT2G01170	0.8777496570276305
AT5G18540	AT2G39900	0.8362864704406526
AT5G18540	AT2G02100	0.8936093451960945
AT5G18540	AT5G42500	0.8981738395570293
AT5G18540	AT3G58570	0.9158416597518598
AT5G18540	AT3G16180	0.8915068774462565
AT5G18540	AT3G01310	0.859479258862909
AT5G18540	AT2G13930	0.8268059000545683
AT5G18540	AT3G26580	0.8593415525072181
AT5G18540	AT1G12845	0.8123147750321054
AT5G18540	AT2G43535	0.8231247658373461
AT5G18540	AT3G56720	0.8147698249897621
AT5G18540	AT4G05330	0.8647747531514388
AT5G18540	AT1G21680	0.8735232267457413
AT5G18540	AT1G53035	0.8744599112878446
AT5G18540	AT4G11600	0.8641918154874046
AT5G18540	AT4G19390	0.8893163945026469
AT5G18540	AT5G10530	0.8090767217033263
AT5G18540	AT1G06460	0.8790031779139481
AT5G18540	AT3G46440	0.859068479825717
AT5G18540	AT5G63420	0.9692369696804297
AT5G18540	AT2G19450	0.9669136043355872
AT5G18540	AT4G33490	0.9507764750574805
AT5G18540	AT4G14230	0.8277600757720521
AT5G18540	AT5G27930	0.8093586566861837
AT5G18540	AT3G05800	0.8331806256996962
AT2G35980	AT4G24570	0.8316938047773388
AT2G35980	AT4G02330	0.8209075506971335
AT5G07440	AT5G14230	0.8463903779409115
AT5G07440	AT1G22570	0.8166220656705244
AT5G07440	AT1G10070	0.8368904209577775
AT5G61590	AT4G37260	0.811555028347921
AT4G27410	AT5G51190	0.8913386916781273
AT1G67330	AT3G51920	0.8205007999301636
AT1G67330	AT1G65870	0.861140292766324
AT1G67330	AT1G75040	0.87507186666795
AT1G67330	AT3G19450	0.8840603002866014
AT1G67330	AT3G24170	0.8279036663851431
AT1G67330	AT1G17050	0.8395711398826301
AT1G67330	AT2G37040	0.900665475057853
AT1G67330	AT4G23290	0.8086103307245753
AT1G67330	AT1G07450	0.8363831426989591
AT1G76590	AT4G05150	0.8121983964560974
AT1G76590	AT4G12750	0.8323302511070589
AT1G76590	AT3G56720	0.8103780237484489
AT1G76590	AT1G21680	0.8387989077608303
AT1G76590	AT1G78600	0.8173890320283116
AT1G76590	AT3G16740	0.8828714943811555
AT1G76590	AT1G33970	0.8532997357075117
AT1G76590	AT3G51660	0.8709502178650064
AT1G76590	AT1G08500	0.8035412276377407
AT1G76280	ATMG00690	0.826850819709448
AT1G76280	ATMG00060	0.8404530521517294
AT1G76280	AT2G30000	0.8397985728109671
AT1G76280	ATMG00620	0.8235566365108882
AT2G43820	AT1G57990	0.8115419989421837
AT2G43820	AT5G05440	0.8083500695870249
AT2G43820	AT1G68880	0.815416156806277
AT2G43820	AT1G73830	0.8040561297159857
AT2G43820	AT1G17060	0.8497689334650005
AT1G74300	AT2G40230	0.8356473318665759
AT1G74300	AT2G32290	0.8334324535436044
AT1G74300	AT1G75040	0.8302297876123303
AT1G74300	AT5G10400	0.8985594208775787
AT1G74300	AT1G62540	0.8640369561648474
AT1G74300	AT2G37040	0.8185419652695172
AT1G74300	AT3G26590	0.8918701779374161
AT1G74300	AT1G72910	0.8890745164221201
AT1G74300	AT2G32990	0.8790185090656445
AT1G74300	AT3G46320	0.8952010447926737
AT1G74300	AT1G53260	0.8120197088692063
AT1G74300	AT4G29700	0.8828403909496424
AT1G74300	AT5G59870	0.9252140341132682
AT1G74300	AT5G10390	0.8711531009188298
AT1G74300	AT5G45960	0.8053495296254257
AT2G42870	AT1G57990	0.8219002745032251
AT2G42870	AT5G57660	0.8387196489132573
AT2G42870	AT5G42250	0.8334051849848724
AT2G42870	AT1G71030	0.850133580001163
AT5G25210	AT4G33960	0.8397606291812569
AT5G25210	AT1G49220	0.8029160748232805
AT5G25210	AT3G57770	0.800145377301655
AT5G25210	AT1G31850	0.8015639110246806
AT5G25210	AT3G14310	0.8643980036654807
AT5G25210	AT2G01170	0.8553788025876472
AT5G25210	AT2G02100	0.8081273803843633
AT5G25210	AT3G58570	0.8593382621690199
AT5G25210	AT3G16180	0.8405144385542441
AT5G25210	AT1G12845	0.8261535619615655
AT5G25210	AT2G43535	0.8353977891086886
AT5G25210	AT3G56720	0.84348099629515
AT5G25210	AT1G70420	0.8184243192953883
AT5G25210	AT1G21680	0.8082539630225057
AT5G25210	AT1G75960	0.9086560331840356
AT5G25210	AT4G19390	0.8532650184425349
AT5G25210	AT3G05130	0.8598050610404875
AT5G25210	AT1G06460	0.827099760022548
AT5G25210	AT2G19450	0.8677103379818191
AT5G25210	AT4G33490	0.8287276933334107
AT5G25210	AT4G14230	0.8384982137795376
AT5G25210	AT5G27930	0.8532040656120851
AT1G70290	AT3G61060	0.8875050872865314
AT1G70290	AT2G29300	0.836271868365043
AT1G70290	AT3G06070	0.8143833798851228
AT1G69830	AT1G49220	0.8712352464401749
AT1G69830	AT2G15970	0.9504313454757142
AT1G69830	AT1G31850	0.9267012152309356
AT1G69830	AT1G12710	0.8001562604464539
AT1G69830	AT3G14310	0.9236327746093397
AT1G69830	AT2G01170	0.9449071534747074
AT1G69830	AT2G39900	0.9524221673969168
AT1G69830	AT2G02100	0.9343184090379583
AT1G69830	AT3G58570	0.9329828124244209
AT1G69830	AT3G16180	0.9289221382491013
AT1G69830	AT3G01310	0.9704200975619396
AT1G69830	AT3G26580	0.877145396917292
AT1G69830	AT1G12845	0.917033089000955
AT1G69830	AT2G43535	0.9158875223867773
AT1G69830	AT3G56720	0.8227037604411644
AT1G69830	AT4G05330	0.8989737789585095
AT1G69830	AT1G53035	0.9096356728474139
AT1G69830	AT4G11600	0.9349268440652506
AT1G69830	AT1G75960	0.8607265008024425
AT1G69830	AT4G19390	0.9159000155321344
AT1G69830	AT5G10530	0.8292618479464812
AT1G69830	AT1G06460	0.9439806069189275
AT1G69830	AT3G46440	0.9301253892690134
AT1G69830	AT1G13930	0.9292958596595055
AT1G69830	AT5G63420	0.8957867626989802
AT1G69830	AT2G19450	0.8564779255939695
AT1G69830	AT5G62350	0.8013648467732433
AT1G69830	AT4G33490	0.9181702109830107
AT1G69830	AT4G14230	0.9405248187533413
AT1G69830	AT1G75880	0.8165516582715088
AT1G69830	AT5G27930	0.8855150538044193
AT1G69830	AT1G20840	0.8153693524658346
AT1G69830	AT3G05800	0.8531001578854015
AT1G57990	AT1G76650	0.8124309776293979
AT1G57990	AT2G23130	0.8036165170458772
AT1G57990	AT5G05440	0.8710029431159695
AT1G57990	AT1G73830	0.8635679228225956
AT1G57990	AT2G44500	0.9163865044183949
AT4G23885	AT3G23990	0.9402556251798209
AT4G23885	AT2G21940	0.8490287337522249
AT4G23885	AT1G10050	0.8797587032237122
AT4G23885	AT5G58590	0.9039841682032015
AT4G23885	AT4G17250	0.8039897448587499
AT4G23885	AT3G03520	0.9237629169145111
AT4G23885	AT2G41160	0.8749527310532343
AT4G23885	AT5G53400	0.9115048442248987
AT4G23885	AT3G29810	0.9138224647460446
AT4G23885	AT3G52830	0.9007109406255667
AT4G23885	AT4G26780	0.9385277643069565
AT4G23885	AT2G36460	0.8367542167364247
AT4G23885	AT5G58787	0.9316068163356399
AT4G23885	AT3G07770	0.9587896773356079
AT4G23885	AT3G57880	0.8510412502339809
AT3G59930	AT1G73260	0.8024672327639657
AT4G33960	AT5G50450	0.8151630503781445
AT4G33960	AT2G15830	0.8107723331579694
AT1G66800	AT2G01024	0.8119251673402662
AT2G15490	AT1G51820	0.8008311289708467
AT3G47500	AT5G36910	0.9069507280040738
AT3G47500	AT1G76240	0.9067023114349094
AT4G25480	AT4G39260	0.9130191463802039
AT4G25480	AT1G22570	0.8808367821678247
AT4G25480	AT2G39900	0.8119763321783563
AT4G25480	AT3G01310	0.8108149394033802
AT4G25480	AT1G12845	0.9110925950827032
AT4G25480	AT1G70420	0.8521320916709587
AT4G25480	AT1G75960	0.8479933385997205
AT4G25480	AT1G13930	0.8111100687915609
AT4G25480	AT4G14230	0.805544155960159
AT2G47800	AT1G60590	0.809463840046468
AT2G47800	AT1G78290	0.8621700870095375
AT2G47800	AT4G13900	0.8196856325971739
AT2G47800	AT1G62540	0.8533048214272966
AT2G47800	AT3G26590	0.9446911703260212
AT2G47800	AT3G16910	0.9237298774275721
AT2G47800	AT2G32990	0.8398018206037354
AT2G47800	AT4G15440	0.8219357669448241
AT1G32920	AT5G05440	0.8243187144469476
AT4G24570	AT1G76650	0.8228158835527557
AT4G24570	AT4G20860	0.8477946383323096
AT4G24570	AT1G03850	0.8565706892567174
AT4G24570	AT5G51190	0.824614598227463
AT4G24570	AT4G02330	0.8966527685193306
ATMG00690	ATMG00060	0.9564566460948499
ATMG00690	AT2G30000	0.9147573949840571
ATMG00690	ATMG01200	0.8127671372750134
ATMG00690	ATMG00620	0.9400408917036203
AT3G49620	AT1G17060	0.8133747988526734
AT2G40230	AT5G10400	0.8414285530582514
AT2G40230	AT2G37040	0.8187562936297527
AT2G40230	AT1G72910	0.8631525127499438
AT2G40230	AT3G63240	0.8281891555167261
AT2G40230	AT3G46320	0.8465284086460845
AT2G40230	AT1G53260	0.8064817798074099
AT2G40230	AT4G29700	0.8008638610369756
AT2G40230	AT5G59870	0.809134470210679
AT2G40230	AT5G10390	0.8582132433992117
AT2G40230	AT4G20990	0.8248454910125144
AT1G76650	AT1G03850	0.8390043434507422
AT1G76650	AT5G67300	0.8008993750469211
AT1G49220	AT2G15970	0.8659749661521868
AT1G49220	AT1G31850	0.9081986935390453
AT1G49220	AT1G68050	0.8809957183777712
AT1G49220	AT3G14310	0.8491159049566984
AT1G49220	AT2G01170	0.8847592720428313
AT1G49220	AT2G39900	0.81290504300962
AT1G49220	AT2G02100	0.9237319340152718
AT1G49220	AT3G58570	0.8793345755319569
AT1G49220	AT3G16180	0.9320699905970959
AT1G49220	AT3G01310	0.8172936818739778
AT1G49220	AT1G78995	0.8228605443828306
AT1G49220	AT1G12845	0.8336102172482684
AT1G49220	AT2G43535	0.8607282863381951
AT1G49220	AT1G53035	0.927216220449525
AT1G49220	AT4G11600	0.812453042488944
AT1G49220	AT1G75960	0.8461167057956805
AT1G49220	AT4G19390	0.9030564233562104
AT1G49220	AT2G15830	0.8270133013393034
AT1G49220	AT1G06460	0.9039053516516962
AT1G49220	AT3G46440	0.8629278457182524
AT1G49220	AT1G13930	0.8005419189467474
AT1G49220	AT5G63420	0.8855383552093764
AT1G49220	AT2G19450	0.8653273119465691
AT1G49220	AT1G69870	0.8201152567330545
AT1G49220	AT4G33490	0.9226250511908969
AT1G49220	AT4G14230	0.8335524241910338
AT1G49220	AT1G75880	0.8042264260487423
AT1G49220	AT5G27930	0.8614897186154661
AT1G49220	AT3G05800	0.9119726484377281
AT1G29450	AT5G57660	0.8627984688896405
AT1G29450	AT5G36910	0.8734019347362879
AT1G29450	AT1G29460	0.9201546778842051
AT1G29450	AT1G75250	0.8664526105262239
AT3G30330	AT5G43400	0.804699443040233
AT5G28120	AT4G03670	0.8046156209280994
ATMG00060	AT2G30000	0.8670828731240878
ATMG00060	ATMG01200	0.8597204715805649
ATMG00060	ATMG00620	0.9854847473593372
AT2G23270	AT3G27660	0.8892802751395074
AT2G32290	AT3G22231	0.8101601507193621
AT2G32290	AT3G23120	0.8328507248257438
AT2G32290	AT3G26590	0.837828313828656
AT2G32290	AT3G22240	0.8179119069849037
AT2G32290	AT1G72910	0.8391274296515933
AT2G32290	AT5G15770	0.8272816664331638
AT2G32290	AT4G15440	0.8469930738147922
AT4G17220	AT1G10690	0.8783443506227911
AT3G51920	AT1G65870	0.8468412271899385
AT3G51920	AT3G14770	0.8275062188072472
AT3G51920	AT5G39660	0.8053471825565338
AT3G51920	AT3G57040	0.9086674251876404
AT3G51920	AT3G19450	0.852664820313423
AT3G51920	AT1G02220	0.8507561122146581
AT3G51920	AT3G24170	0.8149426919982093
AT3G51920	AT1G17050	0.8492564843639091
AT3G51920	AT2G37040	0.8022921318928673
AT3G51920	AT4G23290	0.8980377184032287
AT3G51920	AT3G01430	0.8038422485042748
AT3G51920	AT5G05860	0.8321094762710469
AT3G51920	AT1G07450	0.8264461362383475
AT3G51920	AT5G15600	0.8057671809617163
AT4G39260	AT1G22570	0.8998278608375893
AT4G39260	AT1G12845	0.8763290628619683
AT4G39260	AT1G70420	0.8262154640711437
AT4G39260	AT1G75960	0.8529747963939169
AT4G39260	AT4G14230	0.827469457434234
AT4G39260	AT3G05800	0.8201635952376486
AT2G30000	AT2G15790	0.8542519492609646
AT2G30000	AT1G17460	0.8206074639178869
AT2G30000	AT3G03520	0.8344633372863184
AT2G30000	ATMG00620	0.8750191332158354
AT2G30000	AT4G26780	0.9082070845018229
AT2G30000	AT5G58787	0.8878023123875547
AT2G30000	AT3G07770	0.8139037523090115
AT5G40410	AT3G02010	0.8754992427631679
AT5G40410	AT1G78995	0.8246498844323359
AT5G40410	AT5G15770	0.8101509186336796
AT5G40410	AT4G26680	0.8177585118852957
AT5G40410	AT1G75880	0.8580716634523721
AT4G05150	AT1G12710	0.8452861911598225
AT4G05150	AT2G39900	0.8426292062208628
AT4G05150	AT4G38580	0.9211893544420718
AT4G05150	AT3G01310	0.8106999216640698
AT4G05150	AT1G49560	0.8276359492373349
AT4G05150	AT3G26580	0.8602130078067344
AT4G05150	AT3G56720	0.8188886552866228
AT4G05150	AT4G05330	0.8816310257618972
AT4G05150	AT1G21680	0.847476327008402
AT4G05150	AT1G78600	0.8559219272549764
AT4G05150	AT3G16740	0.9700280077657955
AT4G05150	AT1G33970	0.9038328791325623
AT4G05150	AT3G51660	0.81567477869649
AT4G05150	AT5G62350	0.8866428350909806
AT4G05150	AT1G08500	0.8226002158025664
AT1G65870	AT1G75040	0.810680493492121
AT1G65870	AT3G14770	0.8507727791640576
AT1G65870	AT5G19240	0.8314493429795965
AT1G65870	AT3G19450	0.941569263756016
AT1G65870	AT3G24170	0.8697032168744157
AT1G65870	AT1G17050	0.9202397019289645
AT1G65870	AT2G37040	0.9259256527492861
AT1G65870	AT5G45960	0.8155666463561752
AT1G65870	AT1G07450	0.8555952682050522
AT1G75040	AT3G19450	0.8339006895205885
AT1G75040	AT2G37040	0.8340176072635976
AT1G75040	AT2G32990	0.8172539799534073
AT1G75040	AT5G45960	0.8312006440806209
AT1G13080	AT5G62430	0.8624094229708608
AT1G13080	AT1G75100	0.8496712846156096
AT1G13080	AT3G15770	0.91383834669692
AT1G13080	AT3G50560	0.8374751987090554
AT1G13080	AT2G47730	0.8486307210833874
AT1G13080	AT4G30490	0.8425831538852192
AT1G13080	AT3G57880	0.8804423226969511
AT3G57770	AT1G31850	0.8646539512340096
AT3G57770	AT2G27610	0.8158481596084628
AT3G57770	AT1G68050	0.870001093320382
AT3G57770	AT1G80970	0.8153817076142572
AT3G57770	AT3G14310	0.8129298795148941
AT3G57770	AT2G01170	0.8027957664084908
AT3G57770	AT3G16180	0.8495742064138618
AT3G57770	AT1G78995	0.8986921151473894
AT3G57770	AT2G43535	0.83791060042706
AT3G57770	AT4G19390	0.9057085066941389
AT3G57770	AT1G75880	0.8081855416702147
AT3G57770	AT5G27930	0.9003772463658958
AT1G51820	AT4G20860	0.8040976708714394
AT3G14770	AT5G39660	0.8681943818108064
AT3G14770	AT5G19240	0.8976141638146101
AT3G14770	AT3G19450	0.8890309223505887
AT3G14770	AT3G24170	0.9259655709955489
AT3G14770	AT1G17050	0.9244705427958677
AT3G14770	AT5G15600	0.8411943747491665
AT1G22570	AT1G12845	0.8316390837408304
AT1G22570	AT1G70420	0.8258898810501037
AT1G22570	AT1G75960	0.8092622498407545
AT5G67190	AT3G19030	0.8114633734915677
AT2G15970	AT1G31850	0.8981610659184739
AT2G15970	AT1G12710	0.8378090426821228
AT2G15970	AT3G14310	0.8860551518621365
AT2G15970	AT2G01170	0.9395499704978487
AT2G15970	AT2G39900	0.9336515802316251
AT2G15970	AT2G02100	0.934550795637972
AT2G15970	AT3G58570	0.9529822461600037
AT2G15970	AT3G16180	0.9230701146283108
AT2G15970	AT3G01310	0.9582812412944286
AT2G15970	AT3G26580	0.8490178889935073
AT2G15970	AT1G12845	0.9502160571103988
AT2G15970	AT2G43535	0.9070784882913109
AT2G15970	AT3G56720	0.8289955912109879
AT2G15970	AT1G70420	0.8823853516378631
AT2G15970	AT4G05330	0.8974744384759141
AT2G15970	AT1G53035	0.9082936855820806
AT2G15970	AT4G11600	0.9293389301728181
AT2G15970	AT1G75960	0.8672837304861284
AT2G15970	AT3G16740	0.8006474959647916
AT2G15970	AT4G19390	0.8853743621976776
AT2G15970	AT5G10530	0.8124656501089323
AT2G15970	AT1G06460	0.937556063725689
AT2G15970	AT1G33970	0.8125511817842973
AT2G15970	AT3G46440	0.8841059143179206
AT2G15970	AT1G13930	0.9260764894289504
AT2G15970	AT5G63420	0.8562280764027291
AT2G15970	AT2G19450	0.8288924910997849
AT2G15970	AT4G33490	0.9070038540529883
AT2G15970	AT4G14230	0.921461945925568
AT2G15970	AT5G27930	0.9118009330919015
AT2G15970	AT1G20840	0.8219915864560773
AT2G15970	AT3G05800	0.8640108240592969
AT5G59200	AT3G58570	0.806155449980945
AT5G59200	AT3G16180	0.8100669648858164
AT5G59200	AT1G53035	0.8568893290766579
AT5G59200	AT1G06460	0.8483601805195983
AT5G59200	AT4G33490	0.8106480660985862
AT5G59200	AT1G43980	0.8735138963815074
AT5G59200	AT5G27930	0.8069695048620775
AT5G59200	AT3G05800	0.8256587728282586
AT5G57660	AT1G71030	0.828638540163334
AT5G57660	AT5G36910	0.8286022954208024
AT5G57660	AT1G69570	0.8180491984765573
AT5G39660	AT5G19240	0.8247967082006412
AT5G39660	AT3G57040	0.8891357478167593
AT5G39660	AT2G04795	0.8742635442077682
AT5G39660	AT3G19450	0.8005661432087223
AT5G39660	AT1G75100	0.8640968221048579
AT5G39660	AT3G24170	0.8669519160933117
AT5G39660	AT1G17050	0.8149335350640372
AT5G39660	AT3G01430	0.8249263045383185
AT5G39660	AT5G05860	0.8457222502793986
AT5G39660	AT3G06020	0.8006390762659132
AT5G39660	AT1G79270	0.8770913541281526
AT5G39660	AT5G15600	0.8790022621761123
AT4G20860	AT2G32190	0.8159637077568738
AT4G20860	AT4G02330	0.8901874796514391
AT2G44130	AT5G04340	0.8036413735153286
AT2G44130	AT3G15770	0.8068281251620162
AT2G36090	AT1G80970	0.8098639532921911
AT1G31850	AT1G68050	0.881494774140833
AT1G31850	AT3G14310	0.9206049738626529
AT1G31850	AT2G01170	0.9152949575289497
AT1G31850	AT2G39900	0.8490952240008626
AT1G31850	AT2G02100	0.9246538290946159
AT1G31850	AT3G58570	0.9097469483716986
AT1G31850	AT3G16180	0.9652751198144964
AT1G31850	AT3G01310	0.8867067158249774
AT1G31850	AT1G78995	0.8795572030166552
AT1G31850	AT1G12845	0.8407375050558367
AT1G31850	AT2G43535	0.9400850027212553
AT1G31850	AT4G05330	0.8707712414217378
AT1G31850	AT1G53035	0.9282835266459624
AT1G31850	AT4G11600	0.9334233764753166
AT1G31850	AT1G75960	0.8545921805612627
AT1G31850	AT4G19390	0.9703522023861397
AT1G31850	AT5G15770	0.8063797478574402
AT1G31850	AT2G15830	0.8725971303860012
AT1G31850	AT1G06460	0.8845134717429114
AT1G31850	AT3G46440	0.9516168409250845
AT1G31850	AT1G13930	0.8477935819634714
AT1G31850	AT5G63420	0.8979515533939061
AT1G31850	AT2G19450	0.8498975091281926
AT1G31850	AT1G69870	0.8977115060098583
AT1G31850	AT4G33490	0.8984478953220232
AT1G31850	AT4G14230	0.8911218529148508
AT1G31850	AT1G75880	0.8534793332314726
AT1G31850	AT5G27930	0.8980759677315236
AT1G31850	AT1G20840	0.8816339294919655
AT1G31850	AT3G05800	0.8675385299497608
AT1G60590	AT1G78290	0.8174288512296988
AT1G60590	AT3G16910	0.8305494986315396
AT5G19240	AT3G19450	0.8605435766131126
AT5G19240	AT5G01810	0.8121993549744904
AT5G19240	AT3G24170	0.8530707752229548
AT5G19240	AT1G17050	0.8671279387327003
AT5G19240	AT4G02330	0.819501433371633
AT5G19240	AT5G15600	0.8284089190227264
AT5G42250	AT1G71030	0.888127620981933
AT5G42250	AT1G68880	0.8107682865142173
AT3G17611	AT3G23990	0.8426741238840035
AT3G17611	AT1G55530	0.9539049428681726
AT3G17611	AT2G21940	0.9480661124790949
AT3G17611	AT4G17250	0.8420570121450472
AT3G17611	AT3G03520	0.8364626857187472
AT3G17611	AT2G41160	0.9344459622056731
AT3G17611	AT5G53400	0.9040680168527937
AT3G17611	AT4G30490	0.8506428252254786
AT3G17611	AT2G29450	0.8108130837835973
AT3G17611	AT2G36460	0.9043993952736695
AT3G17611	AT3G57880	0.8431042763634462
AT5G03870	AT5G15770	0.878490150783483
AT5G03870	AT1G20840	0.8315839806659958
AT3G22231	AT3G22240	0.9821945413293706
AT3G22231	AT4G29700	0.8049727400549093
AT3G22231	AT4G15440	0.8248049195521656
AT3G57040	AT1G75100	0.8174592156006312
AT3G57040	AT3G01430	0.9031527082405855
AT3G57040	AT5G05860	0.9192933886413737
AT3G57040	AT5G15600	0.8407288864906715
AT1G12710	AT3G14310	0.8484185073848984
AT1G12710	AT2G01170	0.8270456195936069
AT1G12710	AT2G39900	0.8514738663626269
AT1G12710	AT2G02100	0.8580083886506001
AT1G12710	AT4G38580	0.8416550181126525
AT1G12710	AT1G17460	0.8133867601543954
AT1G12710	AT3G58570	0.877071854685483
AT1G12710	AT3G16180	0.8032838079954365
AT1G12710	AT3G01310	0.8491028463275293
AT1G12710	AT3G26580	0.9051156436848464
AT1G12710	AT1G12845	0.8611055396587796
AT1G12710	AT4G12750	0.8688723087434554
AT1G12710	AT3G56720	0.884332104414082
AT1G12710	AT4G05330	0.8965425288241857
AT1G12710	AT1G21680	0.9542998448582034
AT1G12710	AT4G11600	0.8253649792165335
AT1G12710	AT3G16740	0.8880519090617662
AT1G12710	AT5G10530	0.8196076761037324
AT1G12710	AT1G06460	0.8726390000692734
AT1G12710	AT1G33970	0.8573302707140485
AT1G12710	AT3G51660	0.8037940829638157
AT1G12710	AT1G13930	0.8049647455425174
AT1G12710	AT5G63420	0.8801767587892925
AT1G12710	AT2G19450	0.8541632425953853
AT1G12710	AT5G62350	0.8273301643500467
AT1G12710	AT4G33490	0.8985739293575568
AT1G12710	AT4G14230	0.8098003929237269
AT1G12710	AT1G08500	0.8134375068804555
AT1G12710	AT5G27930	0.8120776451858537
AT1G12710	AT1G67370	0.8039695881965297
AT4G19780	AT5G35600	0.8070724902372988
AT5G50315	AT3G23120	0.8183486929372594
AT5G50315	AT1G78995	0.864960723524432
AT5G50315	AT1G07880	0.8958301533180274
AT5G50315	AT5G15770	0.8299982168746017
AT5G50315	AT4G26680	0.9346533343022945
AT5G50315	AT4G01030	0.9206453387242711
AT5G50315	AT3G25020	0.8958011974818235
AT5G50315	AT3G47090	0.907601667201142
AT5G50315	AT5G58580	0.8510255813523421
AT2G04795	AT1G75100	0.8630157159637704
AT2G04795	AT2G32540	0.8349140456382459
AT2G04795	AT1G70985	0.8790667867750338
AT2G04795	AT2G22240	0.8146378645984186
AT2G04795	AT1G79270	0.9329479471403771
AT3G23990	AT1G55530	0.8700606229254815
AT3G23990	AT2G21940	0.9121807516139704
AT3G23990	AT1G10050	0.8371536510090744
AT3G23990	AT5G58590	0.9555681704388231
AT3G23990	AT4G17250	0.8013710288249188
AT3G23990	AT3G03520	0.9346862784363512
AT3G23990	AT2G41160	0.9248338252761313
AT3G23990	AT5G53400	0.9368141069375545
AT3G23990	AT3G29810	0.8906320393917947
AT3G23990	AT3G52830	0.9070735842751041
AT3G23990	AT4G26780	0.9350910736946101
AT3G23990	AT2G36460	0.8826755244210395
AT3G23990	AT5G58787	0.8937231136664684
AT3G23990	AT3G07770	0.9819719092713566
AT3G23990	AT3G57880	0.9175670260960053
AT5G62430	AT1G75100	0.8742045089490493
AT5G62430	AT5G36910	0.8098758621014525
AT5G62430	AT3G15770	0.8055568234073734
AT5G62430	AT5G43150	0.804731370010083
AT5G62430	AT5G05860	0.8007865664877734
AT2G27610	AT1G80970	0.8014906671678779
AT2G27610	AT5G63690	0.8262790605178756
AT5G35600	AT2G31770	0.8096332022142325
AT5G04340	AT5G56010	0.8378411789522067
AT5G04340	AT3G15770	0.81888556685515
AT5G04340	AT2G47730	0.8087462810033542
AT5G04340	AT4G30490	0.8433140873970482
AT5G04340	AT2G29450	0.8195753152959029
AT1G78290	AT3G19450	0.8596664946429653
AT1G78290	AT4G13900	0.8838517674273578
AT1G78290	AT2G32540	0.8750123532812636
AT1G78290	AT3G24170	0.818270643707506
AT1G78290	AT1G17050	0.8730135005809246
AT1G78290	AT1G62540	0.8140629757498917
AT1G78290	AT3G16910	0.8443785343111359
AT1G71030	AT1G76240	0.806068301834721
AT1G71030	AT5G15720	0.8385817518489385
AT5G44890	AT2G03720	0.8343040874182012
AT1G68050	AT2G01170	0.8193695240573801
AT1G68050	AT2G02100	0.8021659338230029
AT1G68050	AT3G16180	0.8693309593514399
AT1G68050	AT1G78995	0.8747642487720059
AT1G68050	AT1G53035	0.8513110172095931
AT1G68050	AT4G19390	0.9057003237968326
AT1G68050	AT2G45350	0.8374596975589227
AT1G68050	AT5G15770	0.8182360637598783
AT1G68050	AT1G06460	0.8300073471481236
AT1G68050	AT3G46440	0.8583899032446034
AT1G68050	AT4G01030	0.8103610864642437
AT1G68050	AT5G63420	0.8397815026757451
AT1G68050	AT2G19450	0.8056118056688737
AT1G68050	AT1G69870	0.8509265924317289
AT1G68050	AT4G33490	0.861461992019311
AT1G68050	AT1G75880	0.866119556083988
AT1G68050	AT5G27930	0.8677766554438348
AT1G68050	AT3G05800	0.8137938272716373
AT2G15790	AT2G21940	0.8008337411283655
AT2G15790	AT5G58590	0.8520006509210959
AT2G15790	AT3G03520	0.8559867056162095
AT2G15790	ATMG01200	0.8078218905803047
AT2G15790	AT3G29810	0.8498629071361037
AT2G15790	ATMG00620	0.8059577636705779
AT2G15790	AT4G26780	0.8644255994881537
AT2G15790	AT2G36460	0.8005314167877214
AT2G15790	AT2G31730	0.8369499516878101
AT2G15790	ATMG00670	0.8117040309964992
AT2G15790	AT5G58787	0.8543972635420436
AT5G52250	AT1G69570	0.8524020697889594
AT3G19450	AT3G24170	0.9518909289956212
AT3G19450	AT1G17050	0.9806983768976494
AT3G19450	AT2G37040	0.9085883843414908
AT3G19450	AT3G26590	0.8019803428500863
AT3G19450	AT2G32990	0.8018857513731277
AT3G19450	AT5G45960	0.8297736413086835
AT3G19450	AT1G07450	0.9297423299968554
AT3G19450	AT5G15600	0.8435470929166127
AT5G67300	AT5G05440	0.8000798198564189
AT5G67300	AT4G37260	0.8561057437751316
AT5G67300	AT2G44500	0.8701450624094471
AT3G14310	AT2G01170	0.9103853617512134
AT3G14310	AT2G39900	0.9256580808924518
AT3G14310	AT2G02100	0.9347013089975345
AT3G14310	AT5G42500	0.8014476848640766
AT3G14310	AT3G58570	0.93945813590108
AT3G14310	AT3G16180	0.9282196041507165
AT3G14310	AT3G01310	0.9385243424763703
AT3G14310	AT3G26580	0.9109660084583313
AT3G14310	AT1G12845	0.8907030784493447
AT3G14310	AT2G43535	0.8857711900440275
AT3G14310	AT3G56720	0.8799356967037308
AT3G14310	AT4G05330	0.9387509361621278
AT3G14310	AT1G21680	0.8855622607924611
AT3G14310	AT1G53035	0.8616318315182383
AT3G14310	AT4G11600	0.9177166345473908
AT3G14310	AT1G75960	0.8594838090874799
AT3G14310	AT3G16740	0.854848246185824
AT3G14310	AT4G19390	0.9330858379235591
AT3G14310	AT1G06460	0.8884098506578038
AT3G14310	AT1G33970	0.801692793647601
AT3G14310	AT3G46440	0.8753662509545214
AT3G14310	AT3G51660	0.8024601459356208
AT3G14310	AT1G13930	0.8488657520361264
AT3G14310	AT5G63420	0.9154435629409803
AT3G14310	AT2G19450	0.8823071153223626
AT3G14310	AT5G62350	0.8423975624884144
AT3G14310	AT4G33490	0.9153149539418012
AT3G14310	AT4G14230	0.9321990755111919
AT3G14310	AT5G27930	0.893817133288389
AT3G14310	AT3G05800	0.8541300830298282
AT2G01170	AT2G39900	0.8925924427961577
AT2G01170	AT2G02100	0.9070366784000358
AT2G01170	AT3G58570	0.9480790525564773
AT2G01170	AT3G16180	0.9269961982120986
AT2G01170	AT3G01310	0.9451314566086418
AT2G01170	AT3G26580	0.863124824651966
AT2G01170	AT1G12845	0.935020077602256
AT2G01170	AT2G43535	0.886756510470367
AT2G01170	AT3G56720	0.8764770394193385
AT2G01170	AT1G70420	0.8722429888824534
AT2G01170	AT4G05330	0.8606787174389038
AT2G01170	AT1G21680	0.8254605095639512
AT2G01170	AT1G53035	0.9274525088966813
AT2G01170	AT4G11600	0.9226637402243911
AT2G01170	AT1G75960	0.9258712418411966
AT2G01170	AT4G19390	0.9416057538394853
AT2G01170	AT5G10530	0.839737502314916
AT2G01170	AT1G06460	0.9702755471789157
AT2G01170	AT3G46440	0.9382573642121184
AT2G01170	AT3G51660	0.8045097988051465
AT2G01170	AT1G13930	0.9470637970072724
AT2G01170	AT5G63420	0.8921539912358334
AT2G01170	AT2G19450	0.9200627450025554
AT2G01170	AT4G33490	0.9493351777255251
AT2G01170	AT4G14230	0.962753694611935
AT2G01170	AT1G75880	0.8292763343918774
AT2G01170	AT5G27930	0.9384494642149552
AT2G01170	AT3G05800	0.8470638002560509
AT1G73260	AT1G19610	0.9048817607603934
AT4G13900	AT2G32540	0.8152523521878253
AT4G13900	AT1G17050	0.8095516866967373
AT4G13900	AT1G62540	0.805570889727777
AT1G77240	AT3G31460	0.8012010010389593
AT1G75100	AT5G36910	0.8092258413984659
AT1G75100	AT1G70985	0.860998871586924
AT1G75100	AT2G22240	0.8268357230179727
AT1G75100	AT5G43150	0.854045886355369
AT1G75100	AT5G05860	0.8304557296197146
AT1G75100	AT1G69570	0.8113796054520422
AT1G75100	AT1G79270	0.9029534649286065
AT1G75100	AT5G15600	0.8237388550513275
AT2G39900	AT2G02100	0.9152837237656972
AT2G39900	AT3G58570	0.9228429879522856
AT2G39900	AT3G16180	0.9026293635715693
AT2G39900	AT3G01310	0.9816227016425746
AT2G39900	AT3G26580	0.8946091824312334
AT2G39900	AT1G12845	0.958549246729111
AT2G39900	AT2G43535	0.8684518659811649
AT2G39900	AT3G56720	0.8752573575224374
AT2G39900	AT1G70420	0.846021640605591
AT2G39900	AT4G05330	0.9355318442695876
AT2G39900	AT1G21680	0.8175339444691394
AT2G39900	AT1G53035	0.8670438586207859
AT2G39900	AT4G11600	0.8932495707136661
AT2G39900	AT1G75960	0.8441094126756122
AT2G39900	AT3G16740	0.8869702843655755
AT2G39900	AT4G19390	0.8400620366281905
AT2G39900	AT5G10530	0.8337553755979967
AT2G39900	AT1G06460	0.9063705408997886
AT2G39900	AT1G33970	0.8675094830241723
AT2G39900	AT3G46440	0.8422851896874707
AT2G39900	AT3G51660	0.8406760637485869
AT2G39900	AT1G13930	0.8978375988317604
AT2G39900	AT5G63420	0.857124273960831
AT2G39900	AT2G19450	0.8561640807749631
AT2G39900	AT5G62350	0.881737615831512
AT2G39900	AT4G33490	0.8888345865097821
AT2G39900	AT4G14230	0.9326272223299513
AT2G39900	AT5G27930	0.8316360424028609
AT2G39900	AT3G05800	0.8667417663378177
AT2G32540	AT1G17050	0.8049898322786362
AT2G02100	AT3G58570	0.9647422409344439
AT2G02100	AT3G16180	0.9489379279141719
AT2G02100	AT3G01310	0.9258713365241739
AT2G02100	AT3G26580	0.8413588301954522
AT2G02100	AT1G12845	0.9049285424195164
AT2G02100	AT2G43535	0.9011010855236862
AT2G02100	AT3G56720	0.8035014432918093
AT2G02100	AT4G05330	0.9027052063784436
AT2G02100	AT1G21680	0.8320656649967132
AT2G02100	AT1G53035	0.9276735680919475
AT2G02100	AT4G11600	0.9269699766920624
AT2G02100	AT1G75960	0.8589561661557394
AT2G02100	AT4G19390	0.9254915993316617
AT2G02100	AT5G10530	0.8104412634702309
AT2G02100	AT1G06460	0.9200068049755992
AT2G02100	AT3G46440	0.899584633978198
AT2G02100	AT1G13930	0.8398690143474802
AT2G02100	AT5G63420	0.9248380416193098
AT2G02100	AT2G19450	0.8671488077546662
AT2G02100	AT4G33490	0.946792142174925
AT2G02100	AT4G14230	0.8980084666591641
AT2G02100	AT5G27930	0.869679003482773
AT2G02100	AT1G20840	0.8690990952466208
AT2G02100	AT3G05800	0.9220751023920091
AT5G42500	AT4G38580	0.802929316605318
AT5G42500	AT1G17460	0.8381861350314714
AT5G42500	AT3G58570	0.8133126003717931
AT5G42500	AT3G26580	0.8381285867032041
AT5G42500	AT4G12750	0.8059731058939014
AT5G42500	AT1G21680	0.8363134611973814
AT5G42500	AT5G63420	0.8934017729478462
AT5G42500	AT2G19450	0.8345805168969083
AT5G42500	AT4G33490	0.8127107287329254
AT5G42500	AT1G08500	0.8017601909523946
AT5G42500	AT3G10780	0.8163281561236724
AT4G38580	AT1G17460	0.8842084093960655
AT4G38580	AT1G49560	0.8887898739244088
AT4G38580	AT3G26580	0.8733792285569274
AT4G38580	AT4G12750	0.8326898137939518
AT4G38580	AT3G56720	0.8249529705759515
AT4G38580	AT4G05330	0.804459611109388
AT4G38580	AT1G21680	0.8705290638112979
AT4G38580	AT1G78600	0.8271471009560866
AT4G38580	AT3G16740	0.9042843140338405
AT4G38580	AT1G33970	0.8463052088749988
AT4G38580	AT3G51660	0.8049222244697187
AT4G38580	AT5G62350	0.8841496127107997
AT4G38580	AT1G08500	0.8272664495205626
AT4G38580	AT5G08380	0.8332848946087087
AT3G02010	AT1G75880	0.8484034877174558
265202_at	AT3G60940	0.818656285146032
AT3G29640	AT1G75890	0.8195762413111679
AT5G36910	AT5G43150	0.8911148288170313
AT5G36910	AT1G29460	0.8109254399791388
AT5G36910	AT1G69570	0.8197003326881797
AT5G36910	AT1G76240	0.8082995085712479
AT4G04900	AT3G23120	0.8347429837993152
AT4G04900	AT1G72910	0.8390632374525099
AT4G04900	AT3G63240	0.8226380818379069
AT4G04900	AT3G47090	0.8735206092417617
AT1G17460	AT1G49560	0.8049177870915286
AT1G17460	AT3G26580	0.8421280620639582
AT1G17460	AT4G12750	0.8994960238004359
AT1G17460	AT3G56720	0.8011421168743935
AT1G17460	AT1G21680	0.8693751660842225
AT1G17460	AT1G08500	0.8273737019519762
AT1G17460	AT5G08380	0.9358990072266808
AT5G10400	AT1G72910	0.8536755176237217
AT5G10400	AT4G00970	0.8284982714228268
AT5G10400	AT2G32990	0.8170677278708289
AT5G10400	AT3G46320	0.9711788545316946
AT5G10400	AT1G53260	0.8989480345921166
AT5G10400	AT4G29700	0.8419072933662951
AT5G10400	AT5G59870	0.9776348316005253
AT5G10400	AT5G10390	0.9777721525822097
AT5G10400	AT5G45960	0.8036058981029102
AT3G58570	AT3G16180	0.9427444492197904
AT3G58570	AT3G01310	0.9528703552193353
AT3G58570	AT3G26580	0.9033058179875356
AT3G58570	AT1G12845	0.9234803452725981
AT3G58570	AT2G43535	0.9015325704110345
AT3G58570	AT3G56720	0.886247978935494
AT3G58570	AT1G70420	0.8515498776886905
AT3G58570	AT4G05330	0.9151989774662062
AT3G58570	AT1G21680	0.8773750137811709
AT3G58570	AT1G53035	0.9205549102865254
AT3G58570	AT4G11600	0.9393829806276467
AT3G58570	AT1G75960	0.8817526699738545
AT3G58570	AT3G16740	0.8446426449660676
AT3G58570	AT4G19390	0.9289080990501334
AT3G58570	AT5G10530	0.8636487437507452
AT3G58570	AT1G06460	0.9419610187801497
AT3G58570	AT1G33970	0.8334225456919422
AT3G58570	AT3G46440	0.9091564439690311
AT3G58570	AT3G51660	0.8121603555156784
AT3G58570	AT1G13930	0.8938846110456079
AT3G58570	AT5G63420	0.9392240791938069
AT3G58570	AT2G19450	0.9117093602689442
AT3G58570	AT5G62350	0.8177337568943363
AT3G58570	AT4G33490	0.9625671828682206
AT3G58570	AT4G14230	0.9313311527816535
AT3G58570	AT5G27930	0.9127334453547137
AT3G58570	AT1G20840	0.81813546655422
AT3G58570	AT3G05800	0.8805179751105365
AT5G56010	AT1G55530	0.8327226671448912
AT5G56010	AT2G47730	0.8706931075573714
AT5G56010	AT4G30490	0.8942212759061817
AT5G56010	AT2G29450	0.8980195415385239
AT2G06220	AT5G12340	0.8050644034913862
AT1G55530	AT2G21940	0.9244392645581072
AT1G55530	AT1G10050	0.8463005826995214
AT1G55530	AT5G58590	0.8300815487452426
AT1G55530	AT4G17250	0.8634131507128175
AT1G55530	AT3G03520	0.839419826201105
AT1G55530	AT3G15770	0.8684702244196653
AT1G55530	AT2G41160	0.9677785627642504
AT1G55530	AT5G53400	0.9359541375173985
AT1G55530	AT2G47730	0.8416625944160324
AT1G55530	AT4G30490	0.918100041648163
AT1G55530	AT2G29450	0.8949658679146775
AT1G55530	AT2G36460	0.9113895109807364
AT1G55530	AT3G57880	0.9174548444802435
AT3G23120	AT3G46130	0.8043555207747495
AT3G23120	AT3G22240	0.838999154655428
AT3G23120	AT5G15770	0.8220505391137932
AT3G23120	AT4G15440	0.8003508560313733
AT3G23120	AT3G47090	0.8064554252005338
AT3G46130	AT1G78995	0.836601750184915
AT3G46130	AT4G23600	0.8000403701273164
AT5G01810	AT3G01430	0.8176808315861277
AT5G01810	AT4G02330	0.8106147735782989
AT3G16180	AT3G01310	0.9196176470940541
AT3G16180	AT1G78995	0.8420974566461706
AT3G16180	AT3G26580	0.8048420340789799
AT3G16180	AT1G12845	0.9058944509215076
AT3G16180	AT2G43535	0.9315382889675328
AT3G16180	AT5G50450	0.8103425483238029
AT3G16180	AT1G70420	0.807246127591709
AT3G16180	AT4G05330	0.8852113744377612
AT3G16180	AT1G53035	0.9613499594801784
AT3G16180	AT4G11600	0.9211512042207524
AT3G16180	AT1G75960	0.89180347206946
AT3G16180	AT4G19390	0.9579250946655883
AT3G16180	AT2G15830	0.8069330477745035
AT3G16180	AT1G06460	0.9264956429533591
AT3G16180	AT3G46440	0.9374556929948363
AT3G16180	AT1G13930	0.8839493540050445
AT3G16180	AT5G63420	0.916962175626627
AT3G16180	AT2G19450	0.9100369112785247
AT3G16180	AT1G69870	0.8416400796448343
AT3G16180	AT4G33490	0.9392213067362748
AT3G16180	AT4G14230	0.9312485314059359
AT3G16180	AT1G75880	0.8540342667688975
AT3G16180	AT5G27930	0.9068883644372087
AT3G16180	AT1G20840	0.8645670796272462
AT3G16180	AT3G05800	0.9547854941764368
AT1G70985	AT1G79270	0.8564810538896973
AT3G01310	AT3G26580	0.914567141568457
AT3G01310	AT1G12845	0.9651985701862514
AT3G01310	AT2G43535	0.8940707591154826
AT3G01310	AT3G56720	0.8913136826930763
AT3G01310	AT1G70420	0.8810280694603134
AT3G01310	AT4G05330	0.938160648639031
AT3G01310	AT1G21680	0.8398687958337067
AT3G01310	AT1G53035	0.8945707078994299
AT3G01310	AT4G11600	0.9331347137829339
AT3G01310	AT1G75960	0.8796356978424695
AT3G01310	AT3G16740	0.8733086680610986
AT3G01310	AT4G19390	0.8965795921969528
AT3G01310	AT5G10530	0.8337048565308594
AT3G01310	AT1G06460	0.9382836184540041
AT3G01310	AT1G33970	0.8771307920354219
AT3G01310	AT3G46440	0.897282951684333
AT3G01310	AT3G51660	0.852514158686564
AT3G01310	AT1G13930	0.9317951695541311
AT3G01310	AT5G63420	0.8797290444419645
AT3G01310	AT2G19450	0.882100959910723
AT3G01310	AT5G62350	0.8761478644317143
AT3G01310	AT4G33490	0.9176461829640815
AT3G01310	AT4G14230	0.9610876714665945
AT3G01310	AT5G27930	0.8905322260768974
AT3G01310	AT1G20840	0.800136847974841
AT3G01310	AT3G05800	0.8621973458825002
AT3G24170	AT1G17050	0.9444776072891476
AT3G24170	AT5G45960	0.8221183733749299
AT3G24170	AT1G07450	0.9284100078904981
AT3G24170	AT5G15600	0.8647731572513815
AT3G06070	AT1G69570	0.8498822502548652
AT2G21940	AT5G58590	0.8847765199191905
AT2G21940	AT4G17250	0.8909254501050521
AT2G21940	AT3G03520	0.9513772595215058
AT2G21940	AT2G41160	0.9616610614426995
AT2G21940	AT5G53400	0.939172268521289
AT2G21940	AT3G52830	0.8178129991102882
AT2G21940	AT4G26780	0.9104346012079281
AT2G21940	AT2G36460	0.955941233709163
AT2G21940	AT5G58787	0.900942070441905
AT2G21940	AT3G07770	0.8727681030409636
AT2G21940	AT3G57880	0.8530435070780663
AT5G13700	AT1G70870	0.8788448724349672
AT5G13700	AT5G51810	0.8124871769594351
AT2G13930	AT2G19450	0.816715319306773
AT5G05440	AT1G73830	0.8795607516621621
AT5G05440	AT2G44500	0.8576250866748106
AT1G78995	AT2G43535	0.8632142234941174
AT1G78995	AT1G75960	0.8056532674520798
AT1G78995	AT4G19390	0.8742832101375764
AT1G78995	AT5G15770	0.9047544972011508
AT1G78995	AT2G15830	0.8219601571795824
AT1G78995	AT3G46440	0.8462395153061931
AT1G78995	AT4G26680	0.8556554317005737
AT1G78995	AT4G01030	0.8647069282369959
AT1G78995	AT1G69870	0.905001495647815
AT1G78995	AT1G75880	0.8844934436524675
AT1G78995	AT3G25020	0.8383192634692034
AT1G78995	AT5G27930	0.8337220627048586
AT3G26580	AT1G12845	0.8396181099172159
AT3G26580	AT4G12750	0.9141530548687767
AT3G26580	AT3G56720	0.9475059627886863
AT3G26580	AT4G05330	0.9233261832039261
AT3G26580	AT1G21680	0.9410791557276347
AT3G26580	AT4G11600	0.8553052754679119
AT3G26580	AT3G16740	0.923253811243459
AT3G26580	AT4G19390	0.817331168764084
AT3G26580	AT5G10530	0.8544732052601459
AT3G26580	AT1G06460	0.8687634156308883
AT3G26580	AT1G33970	0.9107329020283007
AT3G26580	AT3G51660	0.8421119335013149
AT3G26580	AT1G13930	0.8475918064834189
AT3G26580	AT5G63420	0.9027407933137255
AT3G26580	AT2G19450	0.8616534599864483
AT3G26580	AT5G62350	0.9329699769365738
AT3G26580	AT4G33490	0.892052148426116
AT3G26580	AT4G14230	0.8614979284759134
AT3G26580	AT1G08500	0.8066880054879694
AT3G26580	AT5G27930	0.859675172551933
AT3G26580	AT5G08380	0.8299791078878294
AT1G12845	AT2G43535	0.857407171445285
AT1G12845	AT3G56720	0.8790668292282893
AT1G12845	AT1G70420	0.9204227793338381
AT1G12845	AT4G05330	0.8892842525392708
AT1G12845	AT1G21680	0.8026228354210049
AT1G12845	AT1G53035	0.8954861759154442
AT1G12845	AT4G11600	0.8894582633038237
AT1G12845	AT1G75960	0.9151552182464873
AT1G12845	AT3G16740	0.8380627470839579
AT1G12845	AT4G19390	0.8501315539740996
AT1G12845	AT5G10530	0.8176309134672476
AT1G12845	AT1G06460	0.9353381946765056
AT1G12845	AT1G33970	0.8698651945556053
AT1G12845	AT3G46440	0.8561731585067782
AT1G12845	AT3G51660	0.8652102403342496
AT1G12845	AT1G13930	0.9309185553405346
AT1G12845	AT5G63420	0.8132434914291387
AT1G12845	AT2G19450	0.8715405013335027
AT1G12845	AT5G62350	0.836394115910809
AT1G12845	AT4G33490	0.8982962281576075
AT1G12845	AT4G14230	0.9579421276866454
AT1G12845	AT5G27930	0.8694903048672435
AT1G12845	AT3G05800	0.8853285653949893
AT2G43535	AT1G70420	0.8010844491992873
AT2G43535	AT4G05330	0.876894536133592
AT2G43535	AT1G53035	0.8912203729195161
AT2G43535	AT4G11600	0.9209107086708942
AT2G43535	AT1G75960	0.8902707237996824
AT2G43535	AT4G19390	0.9239942232603707
AT2G43535	AT2G15830	0.8612789949977959
AT2G43535	AT1G06460	0.876633923369148
AT2G43535	AT3G46440	0.9205230174720525
AT2G43535	AT1G13930	0.8795882019239284
AT2G43535	AT5G63420	0.8399679796234748
AT2G43535	AT2G19450	0.8252443845194086
AT2G43535	AT1G69870	0.8568239441259131
AT2G43535	AT4G33490	0.8470240163640494
AT2G43535	AT4G14230	0.8758045124342291
AT2G43535	AT1G75880	0.8307045957734217
AT2G43535	AT5G27930	0.8769810653355805
AT2G43535	AT1G20840	0.8735841139744256
AT2G43535	AT3G05800	0.8418067348678488
AT4G12750	AT3G56720	0.916085752037766
AT4G12750	AT1G21680	0.9283548563517122
AT4G12750	AT1G78600	0.8155751041999475
AT4G12750	AT3G16740	0.8602668958901505
AT4G12750	AT1G33970	0.8818711098592471
AT4G12750	AT3G51660	0.8437258642992437
AT4G12750	AT5G62350	0.8653729514036209
AT4G12750	AT1G08500	0.8241644055132492
AT4G12750	AT5G08380	0.8325004229532211
AT5G50450	AT1G20840	0.8143833053216538
AT3G56720	AT1G70420	0.8564453698788389
AT3G56720	AT4G05330	0.8558038220183302
AT3G56720	AT1G21680	0.902987686092163
AT3G56720	AT1G78600	0.8458455604554035
AT3G56720	AT1G75960	0.8053561909453845
AT3G56720	AT3G16740	0.9058242294167489
AT3G56720	AT5G10530	0.8863409224598304
AT3G56720	AT1G06460	0.8688681857545892
AT3G56720	AT1G33970	0.9511612074304172
AT3G56720	AT3G51660	0.9104980289122894
AT3G56720	AT1G13930	0.8497354765910597
AT3G56720	AT5G63420	0.8287131015779073
AT3G56720	AT2G19450	0.873405912460322
AT3G56720	AT5G62350	0.9512131445974843
AT3G56720	AT4G33490	0.8722295554601209
AT3G56720	AT4G14230	0.8800092507493501
AT3G56720	AT1G08500	0.810752823403194
AT3G56720	AT5G27930	0.8453656660274571
AT5G44415	AT5G59870	0.8262836896076179
AT5G44415	AT5G45960	0.8548273297021721
AT1G70420	AT4G05330	0.8041731475222262
AT1G70420	AT4G11600	0.838918503264458
AT1G70420	AT1G75960	0.8575543682136695
AT1G70420	AT1G06460	0.8298971534656128
AT1G70420	AT1G33970	0.878687923912333
AT1G70420	AT3G51660	0.9011510817045546
AT1G70420	AT1G13930	0.9147232905452145
AT1G70420	AT2G19450	0.8152652709407071
AT1G70420	AT5G62350	0.8064254078272431
AT1G70420	AT4G14230	0.8921478301284453
AT1G70420	AT5G27930	0.834121713868338
AT1G10050	AT5G58590	0.807777305728663
AT1G10050	AT3G03520	0.8208654786606138
AT1G10050	AT3G15770	0.8267772224909423
AT1G10050	AT2G41160	0.8656350156720741
AT1G10050	AT5G53400	0.8986009501211046
AT1G10050	AT3G29810	0.8342133393714705
AT1G10050	AT2G47730	0.8308664778491974
AT1G10050	AT2G36460	0.8332987609694066
AT1G10050	AT3G07770	0.8177477648983058
AT1G10050	AT3G57880	0.8552102713485943
AT5G58590	AT3G03520	0.9168513512097043
AT5G58590	AT2G41160	0.9065089016782139
AT5G58590	AT5G53400	0.9232191631801471
AT5G58590	AT3G29810	0.9338231708390503
AT5G58590	AT3G52830	0.8953280369669637
AT5G58590	AT4G26780	0.8962742733327564
AT5G58590	AT2G47730	0.8084896830436049
AT5G58590	AT2G36460	0.8553893020236096
AT5G58590	AT2G31730	0.8041349381549702
AT5G58590	AT5G58787	0.8519685650460052
AT5G58590	AT3G07770	0.9374044393060647
AT5G58590	AT3G57880	0.9138970592859212
AT4G05330	AT1G21680	0.9045131414244629
AT4G05330	AT1G53035	0.8408624418849177
AT4G05330	AT4G11600	0.9193841559381565
AT4G05330	AT3G16740	0.9150830802277767
AT4G05330	AT4G19390	0.856156634687408
AT4G05330	AT1G06460	0.864318301039782
AT4G05330	AT1G33970	0.8532629750119223
AT4G05330	AT3G46440	0.832512715579548
AT4G05330	AT3G51660	0.8108777303111959
AT4G05330	AT1G13930	0.8275452831266612
AT4G05330	AT5G63420	0.8976159120467982
AT4G05330	AT2G19450	0.8570847337279844
AT4G05330	AT5G62350	0.8589690222109878
AT4G05330	AT4G33490	0.8863236626051627
AT4G05330	AT4G14230	0.8660963147074358
AT4G05330	AT5G27930	0.8544282732186794
AT4G05330	AT3G05800	0.8040446641043635
AT1G17050	AT2G37040	0.8844746924408455
AT1G17050	AT1G07450	0.8892159163962425
AT1G17050	AT5G15600	0.879929816367177
AT5G44120	AT2G13070	0.8155419773289094
AT1G62540	AT3G26590	0.8619667412442669
AT1G62540	AT2G32990	0.9301213156877844
AT1G62540	AT4G15440	0.8049945762096076
AT1G21680	AT4G11600	0.8406932520043436
AT1G21680	AT3G16740	0.9003177578138561
AT1G21680	AT1G06460	0.818575114654771
AT1G21680	AT1G33970	0.855186401513873
AT1G21680	AT3G51660	0.8413673729687848
AT1G21680	AT5G63420	0.8977114878854217
AT1G21680	AT2G19450	0.8578683520927375
AT1G21680	AT5G62350	0.8604813757428266
AT1G21680	AT4G33490	0.8780624720747862
AT1G21680	AT1G08500	0.8115485726957175
AT1G21680	AT5G27930	0.8080749967716555
AT1G21680	AT1G67370	0.824748013571293
AT1G21680	AT5G08380	0.8346084651072937
AT4G19730	ATMG01200	0.8008194609959188
AT2G37040	AT3G26590	0.8810142250809241
AT2G37040	AT1G72910	0.8593912372834462
AT2G37040	AT4G00970	0.8428400069331913
AT2G37040	AT3G46320	0.8324345411591291
AT2G37040	AT1G53260	0.8434210596650887
AT2G37040	AT5G59870	0.8179893295865627
AT1G53035	AT4G11600	0.8922952523878672
AT1G53035	AT1G75960	0.8784899684622753
AT1G53035	AT4G19390	0.9158299929540012
AT1G53035	AT2G15830	0.8063048205330163
AT1G53035	AT1G06460	0.9414858381803458
AT1G53035	AT3G46440	0.956818703204106
AT1G53035	AT1G13930	0.8533468849631318
AT1G53035	AT5G63420	0.8886302484326801
AT1G53035	AT2G19450	0.8897513704141725
AT1G53035	AT1G69870	0.8179576497793727
AT1G53035	AT4G33490	0.93099292931142
AT1G53035	AT4G14230	0.8973280761382366
AT1G53035	AT1G75880	0.8559323252644259
AT1G53035	AT5G27930	0.8632928106542146
AT1G53035	AT1G20840	0.8440186704045324
AT1G53035	AT3G05800	0.9320920878789527
AT4G17250	AT3G03520	0.8920156072713715
AT4G17250	AT2G41160	0.9333511026929302
AT4G17250	AT5G53400	0.9231340782775903
AT4G17250	AT3G52830	0.8316883705306569
AT4G17250	AT4G26780	0.8222837645526048
AT4G17250	AT2G36460	0.9224888717214424
AT4G17250	AT5G58787	0.8998368362251681
AT2G25700	AT4G26680	0.810889994166145
AT2G25700	AT4G01030	0.8021477892433406
AT4G11600	AT1G75960	0.8388499448121806
AT4G11600	AT4G19390	0.9122188848982615
AT4G11600	AT1G06460	0.8901878369218384
AT4G11600	AT3G46440	0.9329976671051149
AT4G11600	AT1G13930	0.8927777344566017
AT4G11600	AT5G63420	0.8869936491275447
AT4G11600	AT2G19450	0.8427202262699587
AT4G11600	AT4G33490	0.8919847918997671
AT4G11600	AT4G14230	0.9168085715526783
AT4G11600	AT5G27930	0.8593025588695414
AT4G11600	AT1G20840	0.8297996493065338
AT4G11600	AT3G05800	0.8150876104007602
AT5G57970	AT5G10800	0.8433557453710592
AT3G26590	AT3G16910	0.8215376190812755
AT3G26590	AT1G72910	0.9038941219279477
AT3G26590	AT2G32990	0.8497732663076326
AT3G26590	AT1G53260	0.8528887806595136
AT3G26590	AT4G29700	0.8025242678621196
AT5G46520	AT3G51660	0.811843214944565
AT1G78600	AT3G16740	0.8822631753271123
AT1G78600	AT1G33970	0.9154987031609395
AT1G78600	AT3G51660	0.8903820497005541
AT1G78600	AT5G62350	0.8832103890849661
AT1G78600	AT1G08500	0.8352165024434649
AT3G03520	AT2G41160	0.9300400202887898
AT3G03520	AT5G53400	0.9324368217668502
AT3G03520	AT3G29810	0.8623780986463903
AT3G03520	AT3G52830	0.8812591508481931
AT3G03520	AT4G26780	0.9717358112397623
AT3G03520	AT2G36460	0.937466123628192
AT3G03520	AT5G58787	0.9565470635664542
AT3G03520	AT3G07770	0.9295076866778879
AT3G03520	AT3G57880	0.80788193119069
AT2G22240	AT1G79270	0.8775595536659413
AT3G22240	AT4G29700	0.8135897648944466
AT3G22240	AT4G15440	0.81901052574292
AT1G07880	AT4G26680	0.8129257555891253
AT1G07880	AT4G01030	0.8967885227344483
AT1G07880	AT3G47090	0.8096511595268033
AT3G15770	AT2G41160	0.8378577019138114
AT3G15770	AT5G53400	0.8353783085211106
AT3G15770	AT3G50560	0.8651364904247852
AT3G15770	AT2G47730	0.8959058514408125
AT3G15770	AT4G30490	0.9146284944065737
AT3G15770	AT2G29450	0.8756091653873878
AT3G15770	AT3G57880	0.8969768473286954
AT1G73830	AT2G44500	0.9063036811481315
AT1G75960	AT4G19390	0.8910224971828627
AT1G75960	AT3G05130	0.8269637354213899
AT1G75960	AT1G06460	0.9053746798496926
AT1G75960	AT3G46440	0.8847917102434296
AT1G75960	AT1G13930	0.9029797948468307
AT1G75960	AT2G19450	0.8526838722988851
AT1G75960	AT4G33490	0.846052335069552
AT1G75960	AT4G14230	0.9298976387232509
AT1G75960	AT1G43980	0.8147185135950803
AT1G75960	AT1G75880	0.8427870336560215
AT1G75960	AT5G27930	0.8623013325152051
AT1G75960	AT3G05800	0.8550128128353299
AT3G02310	AT5G22430	0.825822938007574
AT3G02310	AT5G15800	0.8012449328596263
AT3G16740	AT1G33970	0.9558554140245464
AT3G16740	AT3G51660	0.874232000017223
AT3G16740	AT5G63420	0.8019233039823517
AT3G16740	AT5G62350	0.9224465694540003
AT3G16740	AT1G08500	0.8850121998537464
AT3G16740	AT1G67370	0.8025677159191056
AT3G16910	AT4G15440	0.834397493669984
246692_at	AT1G29460	0.8179937373795887
AT4G19390	AT2G15830	0.840511369445457
AT4G19390	AT1G06460	0.9063960905093563
AT4G19390	AT3G46440	0.9435771251704312
AT4G19390	AT1G13930	0.86097729676263
AT4G19390	AT5G63420	0.913474563118628
AT4G19390	AT2G19450	0.9021967464821479
AT4G19390	AT1G69870	0.854858995125146
AT4G19390	AT4G33490	0.9313858608421742
AT4G19390	AT4G14230	0.9142470392520645
AT4G19390	AT1G75880	0.8860816424387373
AT4G19390	AT5G27930	0.9381438338292039
AT4G19390	AT1G20840	0.8314777972808532
AT4G19390	AT3G05800	0.8828431930411041
AT3G01430	AT5G05860	0.8025711241182215
AT1G72910	AT4G00970	0.8092496870194217
AT1G72910	AT3G63240	0.845739979941037
AT1G72910	AT3G46320	0.8910724433004645
AT1G72910	AT1G53260	0.8881735260997261
AT1G72910	AT4G29700	0.90340159547581
AT1G72910	AT5G59870	0.8299559898544027
AT1G72910	AT5G10390	0.8975119019803434
AT1G72910	AT3G47090	0.8147665167125513
AT5G43150	AT1G29460	0.8640000329250103
AT5G10530	AT1G06460	0.880185981690627
AT5G10530	AT1G13930	0.8193845235754087
AT5G10530	AT5G63420	0.825211327149366
AT5G10530	AT2G19450	0.8237374188129679
AT5G10530	AT5G62350	0.8140768243829376
AT5G10530	AT4G33490	0.8692780628600937
AT5G10530	AT4G14230	0.8007562058515173
ATMG01200	ATMG00620	0.8440579301137857
ATMG01200	ATMG00670	0.8286905323239536
AT2G41160	AT5G53400	0.987888890971943
AT2G41160	AT3G29810	0.8500500469331932
AT2G41160	AT3G52830	0.8667068044463199
AT2G41160	AT4G26780	0.8721796974091303
AT2G41160	AT2G47730	0.8234491937776413
AT2G41160	AT4G30490	0.8704291511455247
AT2G41160	AT2G29450	0.8178916733107106
AT2G41160	AT2G36460	0.9550103601573242
AT2G41160	AT5G58787	0.8916446506612641
AT2G41160	AT3G07770	0.868567926601163
AT2G41160	AT3G57880	0.9186356679368676
AT2G15480	AT1G76680	0.8063841003145822
AT2G45350	AT1G30860	0.8217487477866366
AT4G04610	AT1G04770	0.8489864044362204
261214_at	AT2G24370	0.8117736566446252
AT5G15770	AT2G15830	0.8078457681483208
AT5G15770	AT4G26680	0.8090965961771784
AT5G15770	AT4G01030	0.8140616901070057
AT5G15770	AT1G69870	0.9212699330355156
AT5G15770	AT1G75880	0.8481059796195494
AT5G15770	AT3G25020	0.827613936148334
AT5G15770	AT5G58580	0.8221181363151805
AT2G15830	AT3G46440	0.8174478384666665
AT2G15830	AT1G69870	0.9114725836442797
AT2G15830	AT1G75880	0.8033796895703554
AT2G15830	AT1G20840	0.8768325356392785
AT4G05250	AT3G04410	0.8115104355223065
AT3G05130	AT4G14230	0.8077892044283225
AT5G53400	AT3G29810	0.8999760092651031
AT5G53400	AT3G52830	0.8862518661384154
AT5G53400	AT4G26780	0.8804535026329012
AT5G53400	AT2G47730	0.842393653715636
AT5G53400	AT4G30490	0.8555392214178151
AT5G53400	AT2G36460	0.9422444277017212
AT5G53400	AT5G58787	0.8914210770690559
AT5G53400	AT3G07770	0.8908846104117525
AT5G53400	AT3G57880	0.9236363212131657
AT3G29810	AT3G52830	0.8359854039714298
AT3G29810	AT4G26780	0.8570984820853229
AT3G29810	AT2G36460	0.8113742800463603
AT3G29810	AT2G31730	0.8654205397913297
AT3G29810	AT5G58787	0.8126779541209312
AT3G29810	AT3G07770	0.8873557009327233
AT3G29810	AT3G57880	0.8548416181076179
AT1G06460	AT1G33970	0.8001389621952729
AT1G06460	AT3G46440	0.9255992001290007
AT1G06460	AT1G13930	0.9441641039180036
AT1G06460	AT5G63420	0.907310797433691
AT1G06460	AT2G19450	0.9141255252161185
AT1G06460	AT4G33490	0.9605671030641751
AT1G06460	AT4G14230	0.9378244743974401
AT1G06460	AT1G43980	0.8291560934984251
AT1G06460	AT1G75880	0.8194024891987945
AT1G06460	AT5G27930	0.9268090565076349
AT1G06460	AT3G05800	0.8743683400628449
AT1G33970	AT3G51660	0.924814438190503
AT1G33970	AT1G13930	0.8043487084634835
AT1G33970	AT5G62350	0.9483644612175982
AT1G33970	AT4G14230	0.8229235112383229
AT1G33970	AT1G08500	0.8254833512310605
AT1G54890	AT5G51810	0.8378472415329039
AT3G46440	AT1G13930	0.8878527086596848
AT3G46440	AT5G63420	0.8766489253850684
AT3G46440	AT2G19450	0.8634495713292528
AT3G46440	AT1G69870	0.8536075304482951
AT3G46440	AT4G33490	0.9023394439727417
AT3G46440	AT4G14230	0.9158553558044664
AT3G46440	AT1G75880	0.8982972565701555
AT3G46440	AT5G27930	0.8738688075740481
AT3G46440	AT1G20840	0.8283878388230909
AT3G46440	AT3G05800	0.8479878786944208
AT4G26680	AT4G01030	0.9140761382525918
AT4G26680	AT1G75880	0.8463293394974701
AT4G26680	AT3G25020	0.8189262292870719
AT4G26680	AT3G47090	0.8226711119636863
AT3G51660	AT5G62350	0.9201680358553885
AT3G51660	AT4G14230	0.841052784454373
AT3G15990	AT3G10660	0.8060217213936903
AT1G13930	AT5G63420	0.8111044568414857
AT1G13930	AT2G19450	0.8554335499898853
AT1G13930	AT4G33490	0.8767909727311013
AT1G13930	AT4G14230	0.9540982811423311
AT1G13930	AT5G27930	0.902246815071941
AT3G52830	AT4G26780	0.885370334690631
AT3G52830	AT2G36460	0.8291511702178689
AT3G52830	AT5G58787	0.9110108431687026
AT3G52830	AT3G07770	0.8958559932737911
AT3G52830	AT3G57880	0.8092465372046211
AT3G50560	AT2G47730	0.8330979432381159
AT3G50560	AT4G30490	0.8544025358097636
AT3G50560	AT3G57880	0.8208431786986177
AT4G01030	AT5G66500	0.831230281900058
AT4G01030	AT1G75880	0.8405819789153048
AT4G01030	AT5G58580	0.8046375135546318
AT5G66500	AT1G75880	0.8055697127636713
AT2G20870	AT5G22430	0.9062003198066055
AT2G20870	AT5G15800	0.8002719600119367
AT3G10660	AT1G21890	0.8049726820298188
AT5G63420	AT2G19450	0.9333998507319047
AT5G63420	AT4G33490	0.9678288035586461
AT5G63420	AT4G14230	0.8455178760904107
AT5G63420	AT5G27930	0.8677854276647115
AT5G63420	AT3G05800	0.8409156299754987
AT2G19450	AT4G33490	0.9577528095812775
AT2G19450	AT4G14230	0.8901687673823737
AT2G19450	AT1G43980	0.8171451807060116
AT2G19450	AT5G27930	0.8668661533074693
AT2G19450	AT3G05800	0.8639831938230954
AT5G62350	AT4G14230	0.8200075847548939
AT4G00970	AT3G46320	0.8735939446287444
AT4G00970	AT1G53260	0.8464246671291893
AT4G00970	AT5G59870	0.803783484917287
AT4G00970	AT5G10390	0.8683377376292404
AT4G00970	AT1G76680	0.8211565035502023
AT3G63240	AT1G53260	0.8904652246218797
AT3G63240	AT5G10390	0.806807330292402
AT3G63240	AT3G47090	0.8748608978898391
AT2G32990	AT5G59870	0.849188884719647
AT2G32990	AT5G45960	0.8638478051435826
AT1G69870	AT1G75880	0.8523100078338232
AT1G69870	AT1G20840	0.8455218309265143
AT4G26780	AT2G36460	0.8778039449558389
AT4G26780	AT5G58787	0.9624776624500606
AT4G26780	AT3G07770	0.9541370692087572
AT3G46320	AT1G53260	0.8819390077679781
AT3G46320	AT4G29700	0.8614446257086265
AT3G46320	AT5G59870	0.9638376592981498
AT3G46320	AT5G10390	0.9753841136638808
AT4G33490	AT4G14230	0.913283813708946
AT4G33490	AT5G27930	0.917781542115693
AT4G33490	AT3G05800	0.8935914357618187
AT1G53260	AT5G59870	0.8548712100065557
AT1G53260	AT5G10390	0.9142799462378064
AT5G05860	AT5G15600	0.80340659338852
AT4G14230	AT1G75880	0.8237964663111299
AT4G14230	AT5G27930	0.9064695756387994
AT4G14230	AT3G05800	0.8728344285071896
AT4G29700	AT5G59870	0.8335991704296073
AT4G29700	AT5G10390	0.8557378896879081
AT2G47730	AT4G30490	0.8991212704620379
AT2G47730	AT2G29450	0.8498175358932835
AT2G47730	AT3G57880	0.8967859542775766
AT2G47730	AT1G66690	0.816360360886943
AT1G75880	AT5G27930	0.8079548659160679
AT1G75880	AT3G05800	0.8123423640020027
AT5G59870	AT5G10390	0.9423831163660477
AT5G59870	AT5G45960	0.8660018282279244
AT4G30490	AT2G29450	0.9653954442562565
AT4G30490	AT3G57880	0.873897132655864
AT3G51690	AT2G41580	0.8114582197462895
AT3G25020	AT5G58580	0.8277274422239591
AT3G10912	AT3G47090	0.8055648591981558
AT5G27930	AT3G05800	0.821968289668195
AT1G07450	AT5G15600	0.8141954378377885
AT5G22430	AT5G15800	0.8391389983757894
AT2G36460	AT5G58787	0.8916031938998078
AT2G36460	AT3G07770	0.8365349302961113
AT1G20840	AT3G05800	0.84067432070312
AT5G58787	AT3G07770	0.9031251160568388
AT3G07770	AT3G57880	0.8653160562965111
