Gene1	Gene2	Corr_strength
AT5G59720	AT4G27670	0.9104720609674556
AT5G59720	AT3G09640	0.9406170875681115
AT5G59720	AT1G53540	0.9056816300387988
AT5G59720	AT4G10250	0.9401043601173578
AT4G27670	AT3G09640	0.9079953198913525
AT4G27670	AT2G29500	0.9427549791090675
AT4G27670	AT1G53540	0.9478669512864113
AT4G27670	AT4G10250	0.9863914051994365
AT4G27670	AT3G46230	0.949576699748838
AT4G27670	AT1G72660	0.9209379666114803
AT4G27670	AT2G07675	0.9072638580526242
AT4G27670	257239_at	0.9282115255590143
AT4G27670	ATMG00690	0.9133613216663589
AT4G27670	AT2G30000	0.9676022746217163
AT3G09640	AT2G29500	0.9113577711150337
AT3G09640	AT1G52560	0.9493801057149984
AT3G09640	AT1G53540	0.9358914170972181
AT3G09640	AT4G10250	0.9319208675362203
AT3G09640	AT3G46230	0.9217031454755403
AT3G09640	AT1G72660	0.9360774081562234
AT3G09640	254414_at	0.9261108261687249
AT3G09640	AT2G30000	0.9199008440024019
AT2G26150	AT1G59860	0.90294692974535
AT2G26150	AT1G74310	0.9358436752859609
AT2G26150	AT5G51440	0.9457209767877656
AT2G26150	AT3G16050	0.9373365195960358
AT2G26150	AT5G52640	0.9303709004176945
AT2G26150	AT5G64510	0.9259090350776296
AT2G26150	AT1G30070	0.9103271905522314
AT2G26150	AT3G09350	0.9233623394278798
AT2G26150	AT1G07350	0.9312628629086065
AT2G26150	AT5G09590	0.9131277502775249
AT2G26150	AT3G12050	0.9282600981907232
AT2G26150	AT3G25230	0.9299178812767583
AT2G26150	AT5G56030	0.9053398345604347
AT2G26150	AT3G23990	0.9080984260477574
AT5G12020	AT2G29500	0.9625573950890488
AT5G12020	AT1G52560	0.9018892575216837
AT5G12020	AT1G53540	0.9695372566281809
AT5G12020	AT5G12030	0.9577977599275613
AT5G12020	AT3G46230	0.974325228420691
AT5G12020	AT4G25200	0.9572634678180821
AT5G12020	AT1G59860	0.9143310952862953
AT5G12020	AT4G12400	0.9659956943653047
AT5G12020	AT1G72660	0.9232342298133351
AT5G12020	AT5G48570	0.9369556569329272
AT5G12020	254414_at	0.9253431610075659
AT5G12020	AT5G47830	0.9131292930664747
AT5G12020	AT4G29770	0.9153321859106441
AT5G12020	AT1G01940	0.9100199156923243
AT5G12020	257239_at	0.9188631423350518
AT2G29500	AT1G53540	0.9848644981523118
AT2G29500	AT4G10250	0.9456390412185587
AT2G29500	AT5G12030	0.940059811708932
AT2G29500	AT3G46230	0.9833050758991951
AT2G29500	AT4G25200	0.9228960120868756
AT2G29500	AT4G12400	0.9223562918997301
AT2G29500	AT1G72660	0.9191947380831167
AT2G29500	254414_at	0.9035601455152705
AT2G29500	257239_at	0.9164854617932435
AT2G29500	AT2G30000	0.9053368473108877
AT1G52560	AT1G53540	0.9417318503843156
AT1G52560	AT4G10250	0.9159104825288226
AT1G52560	AT5G12030	0.9133376243769172
AT1G52560	AT3G46230	0.942646709618959
AT1G52560	AT4G25200	0.9497469291217836
AT1G52560	AT1G72660	0.9721205868421793
AT1G52560	254414_at	0.9548915197401977
AT1G52560	AT2G32120	0.9485237102176481
AT1G52560	AT1G17870	0.9305709178396774
AT1G52560	AT5G47830	0.9048752569031016
AT1G52560	AT4G29770	0.9105970141034079
AT1G52560	AT1G59980	0.9300075551178036
AT1G52560	AT5G07330	0.9021056580581658
AT1G52560	AT5G27660	0.9311841781666452
AT1G52560	AT1G01940	0.9004969233315768
AT1G52560	AT4G26780	0.92750445442396
AT1G52560	AT5G58787	0.9423254765096305
AT5G23240	AT2G40080	0.9483844231002498
AT5G23240	AT5G42900	0.9470145488885368
AT5G23240	AT4G33980	0.9650521966339783
AT5G23240	AT2G21660	0.9653874166037388
AT5G23240	AT4G04330	0.9445706901132245
AT5G23240	AT1G17665	0.9268941229122887
AT5G23240	AT1G11210	0.9456896244682352
AT5G23240	AT2G39920	0.9005401223342661
AT5G23240	AT4G30650	0.9069393965517168
AT5G23240	AT4G16146	0.9874153351079231
AT5G23240	AT2G22450	0.9601828795096721
AT5G23240	AT4G30660	0.9290692325278733
AT5G23240	AT1G19370	0.90223498482271
AT5G23240	AT3G46970	0.9478262275141688
AT5G23240	AT2G42530	0.9036056791977443
AT5G23240	AT5G60100	0.9318613480061434
AT5G23240	AT2G28900	0.9063007713268557
AT5G23240	AT4G09020	0.974115732522793
AT5G23240	AT4G12280	0.9351100426803528
AT5G23240	AT4G26670	0.9479215315147408
AT5G23240	AT1G28050	0.9224480708471681
AT5G23240	AT2G25930	0.9271287020632771
AT5G23240	AT4G01130	0.9455897196560314
AT5G23240	AT1G64890	0.9138873007611162
AT5G23240	AT1G10760	0.9537962365510799
AT5G23240	AT3G47860	0.9561372806953766
AT5G23240	AT5G64860	0.9210371516477287
AT5G23240	AT4G32340	0.9661699978625359
AT5G23240	AT5G26570	0.9616769412567829
AT5G23240	AT5G15960	0.939335285767111
AT5G23240	AT5G61380	0.9644726019714027
AT5G23240	AT5G39410	0.9827948229293969
AT5G23240	AT2G25730	0.9622353453840414
AT5G23240	AT2G28840	0.9353274997858645
AT5G23240	AT1G29395	0.9052265270810181
AT5G23240	AT5G23660	0.9500044833388758
AT5G23240	AT5G51570	0.9580329093691874
AT5G23240	AT3G05880	0.9544285378056826
AT5G23240	AT3G10410	0.9716552629303685
AT5G23240	AT5G57110	0.948534803002941
AT5G23240	AT5G27280	0.9090282754708647
AT5G23240	AT2G45560	0.9276770031821585
AT5G23240	AT3G52180	0.9284451954978402
AT5G23240	AT2G29630	0.9552785413032305
AT5G23240	AT1G67660	0.918995295875532
AT5G23240	AT4G18240	0.9465036665828499
AT5G23240	AT2G17840	0.9333874230236933
AT5G23240	AT5G14550	0.9717444714260589
AT5G23240	AT5G02860	0.9163564919838277
AT5G23240	AT1G79440	0.9272217209114141
AT5G23240	AT4G33700	0.9450568409892266
AT5G23240	AT1G27630	0.948914878543696
AT5G23240	AT1G26665	0.9441627507901881
AT5G23240	AT5G62720	0.9233270816511774
AT5G23240	AT5G03240	0.9128220569417095
AT5G23240	AT4G17140	0.912972633426497
AT5G23240	AT1G51610	0.9056166341251874
AT5G23240	AT1G48210	0.9528613021208144
AT5G23240	AT5G18540	0.9534180099565972
AT5G23240	AT1G69830	0.9232198355567058
AT5G23240	AT1G31850	0.9133794617045327
AT5G23240	AT3G14310	0.9084930065745105
AT5G23240	AT2G01170	0.9314998484165365
AT5G23240	AT2G02100	0.9187154878548938
AT5G23240	AT3G58570	0.9467449537209235
AT5G23240	AT3G16180	0.916093364100201
AT5G23240	AT3G01310	0.9050552803321348
AT5G23240	AT4G19390	0.9457465966621358
AT5G23240	AT1G06460	0.9164295957239325
AT5G23240	AT3G46440	0.9047620470778945
AT5G23240	AT5G63420	0.9739730439973115
AT5G23240	AT2G19450	0.9325888450977005
AT5G23240	AT4G33490	0.972256666105394
AT5G23240	AT5G27930	0.9011452980680325
AT1G53540	AT4G10250	0.9638845165806585
AT1G53540	AT5G12030	0.9444050260110637
AT1G53540	AT3G46230	0.9902594176587978
AT1G53540	AT4G25200	0.9435340117999853
AT1G53540	AT4G12400	0.9287015934290487
AT1G53540	AT1G72660	0.9429783250552026
AT1G53540	254414_at	0.9373234460637258
AT1G53540	AT1G01940	0.9004847653210706
AT1G53540	257239_at	0.9349980564115445
AT1G53540	AT2G30000	0.9152145480752892
AT4G10250	AT3G46230	0.9493152890715901
AT4G10250	AT1G72660	0.9188308732569395
AT4G10250	AT2G07675	0.9081696107570693
AT4G10250	257239_at	0.9083613249999116
AT4G10250	AT2G30000	0.9491175911675697
AT5G12030	AT3G46230	0.9603040566667219
AT5G12030	AT4G25200	0.9457992784079697
AT5G12030	AT1G59860	0.9155859575674741
AT5G12030	AT4G12400	0.9318505086571155
AT5G12030	AT1G72660	0.9168331471510599
AT5G12030	AT5G48570	0.9259666886241632
AT5G12030	254414_at	0.925439381114356
AT5G12030	AT5G25450	0.9022951658680705
AT5G12030	AT2G32120	0.9050360178536683
AT5G12030	AT5G47830	0.9032914606999843
AT3G46230	AT4G25200	0.9590514880661297
AT3G46230	AT1G59860	0.9015491531452257
AT3G46230	AT4G12400	0.9578077999578238
AT3G46230	AT1G72660	0.9563011400428916
AT3G46230	AT5G48570	0.9111391416702759
AT3G46230	254414_at	0.9476813184331853
AT3G46230	AT1G17870	0.913900897025458
AT3G46230	AT5G47830	0.922303014916145
AT3G46230	AT4G29770	0.9102260780935589
AT3G46230	AT1G01940	0.923651822787725
AT3G46230	257239_at	0.9406622346489156
AT3G46230	AT2G30000	0.9177064928254053
AT2G40080	AT5G42900	0.9421488243864641
AT2G40080	AT4G33980	0.9551364359661734
AT2G40080	AT1G07050	0.9375167227029675
AT2G40080	AT4G04330	0.9075299782512529
AT2G40080	AT1G17665	0.9179271003105305
AT2G40080	AT1G11210	0.9362411579466506
AT2G40080	AT2G23910	0.9058948387731914
AT2G40080	AT4G30650	0.977633143590958
AT2G40080	AT4G16146	0.9579613373544081
AT2G40080	AT2G22450	0.9341978463760382
AT2G40080	AT4G30660	0.9211846773193216
AT2G40080	AT3G46970	0.9590595787367062
AT2G40080	AT2G42530	0.94987017855282
AT2G40080	AT5G60100	0.9628092724471335
AT2G40080	AT2G28900	0.9741482275401866
AT2G40080	AT4G09020	0.9663646081849208
AT2G40080	AT1G76790	0.9230757419058488
AT2G40080	AT4G12280	0.9539899228245969
AT2G40080	AT3G63160	0.9347182900173366
AT2G40080	AT1G10760	0.9226680719174004
AT2G40080	AT3G47860	0.9257372025748234
AT2G40080	AT4G32340	0.9675373569846137
AT2G40080	AT5G26570	0.9894709176009797
AT2G40080	AT5G15960	0.9086433612029025
AT2G40080	AT5G61380	0.9433587870180423
AT2G40080	AT5G39410	0.9278443206263456
AT2G40080	AT2G25730	0.9210957598752907
AT2G40080	AT2G28840	0.9050044158670199
AT2G40080	AT1G29395	0.9197583611301152
AT2G40080	AT5G23660	0.9376592039040524
AT2G40080	AT5G51570	0.9130006790512015
AT2G40080	AT1G51090	0.9323486051041652
AT2G40080	AT3G05880	0.9175896753118673
AT2G40080	AT3G10410	0.9690668557019753
AT2G40080	AT5G57110	0.9551641043706091
AT2G40080	AT3G52180	0.9547350646813495
AT2G40080	AT4G18240	0.9533094090764327
AT2G40080	AT5G14550	0.9041994946001393
AT2G40080	AT5G11150	0.958342350840925
AT2G40080	AT1G79440	0.9391086191168428
AT2G40080	AT4G33700	0.9184100523203393
AT2G40080	AT1G26665	0.925072236076226
AT2G40080	AT2G43550	0.9177921850746056
AT2G40080	AT4G17140	0.9570402851934832
AT2G40080	AT3G55450	0.9383830945830386
AT2G40080	AT1G48210	0.932310755355591
AT2G40080	AT5G18540	0.9239549304592919
AT2G40080	AT1G69830	0.9222299218977719
AT2G40080	AT1G49220	0.9347193540192048
AT2G40080	AT1G31850	0.9545035927736245
AT2G40080	AT2G02100	0.953837428405986
AT2G40080	AT3G58570	0.9238955472748821
AT2G40080	AT3G16180	0.9471019068118035
AT2G40080	AT2G43535	0.9107686300997311
AT2G40080	AT1G53035	0.9361479021676252
AT2G40080	AT4G11600	0.902942529749204
AT2G40080	AT4G19390	0.9508041630602593
AT2G40080	AT1G06460	0.9037069026814085
AT2G40080	AT3G46440	0.942876683098993
AT2G40080	AT5G63420	0.9420055819900194
AT2G40080	AT4G33490	0.9378152625892376
AT5G42900	AT4G33980	0.958142560594319
AT5G42900	AT2G21660	0.9130001401662509
AT5G42900	AT1G07050	0.9350704276409929
AT5G42900	AT1G17665	0.9786597706577747
AT5G42900	AT1G11210	0.9014593474312124
AT5G42900	AT2G23910	0.9191433805832794
AT5G42900	AT4G30650	0.9022998966660107
AT5G42900	AT4G16146	0.9609669429565731
AT5G42900	AT2G22450	0.9120037183221636
AT5G42900	AT5G60100	0.9226010287883903
AT5G42900	AT4G09020	0.9263424201138983
AT5G42900	AT1G76790	0.9051214125892247
AT5G42900	AT4G12280	0.9135808411904563
AT5G42900	AT2G25930	0.9044229700271049
AT5G42900	AT3G47860	0.9138230343277814
AT5G42900	AT4G32340	0.9388714971462727
AT5G42900	AT5G26570	0.9387316972578781
AT5G42900	AT5G15960	0.928720666031018
AT5G42900	AT5G61380	0.9757781661878261
AT5G42900	AT5G39410	0.9403805698942175
AT5G42900	AT5G48250	0.917706837712525
AT5G42900	AT2G25730	0.9295891881241967
AT5G42900	AT5G23660	0.9622864069655735
AT5G42900	AT5G51570	0.922493422705726
AT5G42900	AT3G05880	0.9235370396726315
AT5G42900	AT3G10410	0.9673309293787261
AT5G42900	AT5G57110	0.9662651585892943
AT5G42900	AT2G29630	0.9243672914798688
AT5G42900	AT4G18240	0.9164986509969301
AT5G42900	AT5G14550	0.9246406581376513
AT5G42900	AT1G79440	0.9372923017813363
AT5G42900	AT4G33700	0.9224883714167947
AT5G42900	AT1G26665	0.946349770345305
AT5G42900	AT4G17140	0.9212063465756205
AT5G42900	AT3G55450	0.9104897493566911
AT5G42900	AT1G48210	0.9577538474963737
AT5G42900	AT5G18540	0.9420002437213183
AT5G42900	AT1G68050	0.9085533304747692
AT5G42900	AT2G02100	0.9043746595844139
AT5G42900	AT3G16180	0.901000406131993
AT5G42900	AT4G19390	0.9143797527369794
AT5G42900	AT5G63420	0.9622767325469065
AT5G42900	AT2G19450	0.9051262832584889
AT5G42900	AT4G33490	0.9513944850534728
AT5G62360	AT4G34950	0.9038765549767076
AT5G62360	AT2G21660	0.9472291792603239
AT5G62360	AT4G04330	0.9131606233268529
AT5G62360	AT5G24470	0.9462797295432026
AT5G62360	AT4G16146	0.9020043851893308
AT5G62360	AT2G22450	0.9156820825273514
AT5G62360	AT3G04010	0.9017218857305095
AT5G62360	AT4G30660	0.9142482098210601
AT5G62360	AT1G19370	0.9106569813454017
AT5G62360	AT3G46970	0.901580982105581
AT5G62360	AT2G47890	0.9451533641558845
AT5G62360	AT5G06690	0.923949042636942
AT5G62360	AT4G09020	0.9089820678367289
AT5G62360	AT1G49720	0.9373910781823046
AT5G62360	AT4G26670	0.9238733096856625
AT5G62360	AT4G01130	0.9080013473408841
AT5G62360	AT1G10760	0.9414196153691494
AT5G62360	AT3G47860	0.9188997598022391
AT5G62360	AT5G64860	0.9288002531750453
AT5G62360	AT5G15960	0.9228619282631939
AT5G62360	AT5G39410	0.938837153000163
AT5G62360	AT5G44010	0.9095495344335521
AT5G62360	AT2G25730	0.9196687041501393
AT5G62360	AT2G28840	0.9505010409171748
AT5G62360	AT5G51570	0.9559891892930119
AT5G62360	AT4G39090	0.9100015113387614
AT5G62360	AT2G31360	0.9287891567666939
AT5G62360	AT3G05880	0.9452206827896393
AT5G62360	AT5G27280	0.9073122819231545
AT5G62360	AT2G45560	0.9294001209926089
AT5G62360	AT2G16660	0.9106182970465885
AT5G62360	AT2G29630	0.9111130711790065
AT5G62360	AT1G67660	0.956081912394358
AT5G62360	AT5G14920	0.9061355622537063
AT5G62360	AT2G17840	0.9613717162938271
AT5G62360	AT5G14550	0.905005319386819
AT5G62360	AT5G02860	0.9329354816645082
AT5G62360	AT1G79440	0.9416070075861259
AT5G62360	AT1G27630	0.9429821401509033
AT5G62360	AT4G02370	0.926762754664883
AT5G62360	AT5G03240	0.9024196286077634
AT5G62360	AT2G15970	0.9198520112390102
AT5G62360	AT3G14310	0.9139930880037561
AT5G62360	AT2G01170	0.9147007810126467
AT5G62360	AT2G39900	0.9058163874751226
AT5G62360	AT3G58570	0.9385667570064666
AT5G62360	AT3G16180	0.9162218631582346
AT5G62360	AT3G01310	0.9380142863356024
AT5G62360	AT3G26580	0.9134851551417541
AT5G62360	AT1G12845	0.9098623217477959
AT5G62360	AT1G70420	0.9049548645592703
AT5G62360	AT4G05330	0.9395842602526808
AT5G62360	AT1G21680	0.9048781241172189
AT5G62360	AT4G11600	0.9550103496282124
AT5G62360	AT1G13930	0.9028476615866547
AT5G62360	AT5G63420	0.9045476940572796
AT5G62360	AT2G19450	0.9000826870953479
AT5G62360	AT4G33490	0.9127214341827681
AT5G62360	AT4G14230	0.9171779891223488
AT4G34950	AT3G46970	0.9108468331861342
AT4G34950	AT2G47890	0.918689903260499
AT4G34950	AT2G28840	0.9263787825975068
AT4G34950	AT4G18240	0.9008492636756321
AT4G34950	AT4G11600	0.9413497090275944
AT1G01060	AT3G02380	0.947392943420287
AT1G01060	AT1G32900	0.9721975270235661
AT1G01060	AT5G13170	0.9449502431384774
AT1G01060	AT3G09600	0.965784656059454
AT1G01060	AT1G07180	0.9482638213471515
AT1G01060	AT1G55960	0.9206457126258972
AT1G01060	AT1G10370	0.9651419992981337
AT1G01060	AT5G15850	0.9221081289519393
AT1G01060	AT4G31870	0.9680808865869206
AT1G01060	AT3G47420	0.9244203347625445
AT1G01060	AT3G17609	0.9066169646160037
AT1G01060	AT5G23730	0.9678366769101705
AT1G01060	AT2G31380	0.9143339145098118
AT1G01060	AT3G27170	0.9193581727751029
AT1G01060	AT4G08300	0.9402461274611589
AT1G01060	AT4G02850	0.9219678419712726
AT1G01060	AT5G24120	0.9505847886733039
AT1G01060	AT5G18670	0.9019119830333953
AT1G01060	AT3G01550	0.9411340181179276
AT1G01060	AT4G15430	0.971279335994003
AT1G01060	AT3G56290	0.908022301204716
AT1G01060	AT2G24540	0.9061518515729818
AT1G01060	AT3G01060	0.9556012305797862
AT1G01060	AT4G38960	0.9061208517502848
AT1G01060	AT3G51920	0.9039200046392298
AT1G01060	AT5G39660	0.9254531812821181
AT1G01060	AT3G24170	0.9309891294981117
AT1G01060	AT5G15600	0.9296608384054685
AT3G07650	AT2G25930	0.9087676162037498
AT3G07650	AT5G61380	0.9238811266616004
AT3G07650	AT5G48250	0.9166182072240725
AT3G07650	AT5G23660	0.906120138219915
AT3G07650	AT3G10410	0.9018484394011271
AT3G07650	AT2G29630	0.9255058389900525
AT3G07650	AT1G26665	0.9004337399107624
AT3G07650	AT5G62720	0.9139895328277076
AT3G07650	AT5G63420	0.9241422586457119
AT4G33980	AT2G21660	0.9249917150287723
AT4G33980	AT1G07050	0.9264669985814462
AT4G33980	AT4G04330	0.9198182845047466
AT4G33980	AT1G17665	0.9602183742580982
AT4G33980	AT1G11210	0.9386522880405446
AT4G33980	AT4G30650	0.9276745983667175
AT4G33980	AT4G16146	0.9676488888713843
AT4G33980	AT2G22450	0.9325428020267047
AT4G33980	AT4G30660	0.9002617830413897
AT4G33980	AT3G46970	0.9238749636567775
AT4G33980	AT2G42530	0.9221904603535281
AT4G33980	AT5G60100	0.9214937588952968
AT4G33980	AT2G28900	0.9038548411729637
AT4G33980	AT4G09020	0.9557547031672123
AT4G33980	AT4G26670	0.9115048165290639
AT4G33980	AT1G28050	0.9113568263092685
AT4G33980	AT4G01130	0.9069824385767069
AT4G33980	AT1G10760	0.9157258320521597
AT4G33980	AT3G47860	0.9178912556372889
AT4G33980	AT4G32340	0.9572502861066721
AT4G33980	AT5G26570	0.9554077069902446
AT4G33980	AT5G15960	0.9228224475948054
AT4G33980	AT5G61380	0.9622476113263585
AT4G33980	AT5G39410	0.9489429792025462
AT4G33980	AT2G25730	0.9055871708969886
AT4G33980	AT1G29395	0.9336810702740533
AT4G33980	AT5G23660	0.9407386579230993
AT4G33980	AT5G51570	0.9012018114096417
AT4G33980	AT3G05880	0.924997895488735
AT4G33980	AT3G10410	0.9569418309433925
AT4G33980	AT5G57110	0.9664374059719641
AT4G33980	AT3G52180	0.9093051498595013
AT4G33980	AT2G29630	0.9139646628669502
AT4G33980	AT4G18240	0.9197334361675061
AT4G33980	AT5G14550	0.9464123462833589
AT4G33980	AT5G11150	0.9201292576882975
AT4G33980	AT1G79440	0.9163975451833568
AT4G33980	AT4G33700	0.9195204360115935
AT4G33980	AT1G26665	0.9461792797793617
AT4G33980	AT5G62720	0.9019423514445294
AT4G33980	AT4G17140	0.9131172517188442
AT4G33980	AT1G48210	0.9409223409441648
AT4G33980	AT5G18540	0.9318437333626761
AT4G33980	AT1G49220	0.9158728580363358
AT4G33980	AT2G02100	0.9201632136042173
AT4G33980	AT3G58570	0.9101607755960268
AT4G33980	AT3G16180	0.9050411135140379
AT4G33980	AT1G53035	0.9127862340180519
AT4G33980	AT4G19390	0.9228423877015745
AT4G33980	AT1G06460	0.9145791529472157
AT4G33980	AT5G63420	0.9457089804675443
AT4G33980	AT2G19450	0.9164069804058868
AT4G33980	AT4G33490	0.9682871665692158
AT4G25200	AT1G59860	0.9467317402205414
AT4G25200	AT4G12400	0.9576966616770506
AT4G25200	AT5G51440	0.9261230314665868
AT4G25200	AT1G72660	0.9716795778699164
AT4G25200	AT5G48570	0.9580308099693801
AT4G25200	254414_at	0.9758688336256632
AT4G25200	AT5G64510	0.9110987845105333
AT4G25200	AT5G25450	0.9547172739542741
AT4G25200	AT2G32120	0.9534061752623135
AT4G25200	AT1G16030	0.9128859639680883
AT4G25200	AT1G17870	0.9719415722786944
AT4G25200	AT1G21550	0.9174967756036344
AT4G25200	AT3G20180	0.9301546770293538
AT4G25200	AT5G47830	0.9712133013632582
AT4G25200	AT4G29770	0.9537206413480862
AT4G25200	AT1G59980	0.9185352060570802
AT4G25200	AT3G07150	0.9024772921978164
AT4G25200	AT3G53230	0.9453392129002692
AT4G25200	AT1G01940	0.9536524034673213
AT4G25200	257239_at	0.9125545755683098
AT4G25200	AT4G23885	0.9160942688131873
AT4G25200	AT3G23990	0.9129265624503521
AT4G25200	AT3G03520	0.9212828350245857
AT4G25200	AT4G26780	0.9596130231044465
AT4G25200	AT5G58787	0.9334442600319032
AT4G25200	AT3G07770	0.9305290401190351
AT1G59860	AT1G74310	0.9456441445699426
AT1G59860	AT4G12400	0.9521968061926713
AT1G59860	AT5G51440	0.9546738333349791
AT1G59860	AT5G48570	0.9821438097611509
AT1G59860	AT5G52640	0.9463444051500534
AT1G59860	AT5G64510	0.9198862084771325
AT1G59860	AT1G54050	0.937799187102793
AT1G59860	AT5G25450	0.9413965459721493
AT1G59860	AT2G32120	0.9144813248863854
AT1G59860	AT1G17870	0.9062575950234664
AT1G59860	AT1G30070	0.9038152201577059
AT1G59860	AT2G19310	0.9145322400071452
AT1G59860	AT1G07350	0.9004100431682857
AT1G59860	AT5G47830	0.9558707419918177
AT1G59860	AT4G29770	0.9100111303179129
AT1G59860	AT5G09590	0.9049995713610713
AT1G59860	AT3G23990	0.9064356622147545
AT1G02820	AT5G54130	0.9147860389735463
AT1G02820	AT3G01550	0.9421449513462495
AT1G02820	AT3G01060	0.9051947536800962
AT1G02820	AT1G67330	0.9090872863440735
AT1G02820	AT3G51920	0.9073355543166013
AT1G73870	AT3G12320	0.9518374085501643
AT1G73870	AT2G46830	0.9430611745920459
AT1G73870	AT2G46790	0.956164080489851
AT1G73870	AT3G54500	0.9628952123299991
AT1G73870	AT5G06980	0.9589182064701715
AT1G73870	AT5G52570	0.9234909352373256
AT1G73870	AT1G16730	0.9041143567355054
AT1G73870	AT5G64170	0.9767084658952883
AT1G73870	AT1G62510	0.902284710571789
AT1G73870	AT3G27690	0.9093587110341864
AT1G73870	AT3G59060	0.93512991417888
AT1G73870	AT1G66100	0.9102187715547039
AT1G73870	AT5G57660	0.9009832205133614
AT1G73870	AT5G36910	0.9637127359673047
AT2G21660	AT4G04330	0.9721848054671751
AT2G21660	AT1G11210	0.9308029625839283
AT2G21660	AT5G24470	0.9523766633949263
AT2G21660	AT2G39920	0.9446575261475844
AT2G21660	AT4G16146	0.9757411965562306
AT2G21660	AT2G22450	0.9685609163216374
AT2G21660	AT4G30660	0.9427084458950105
AT2G21660	AT1G19370	0.9502941820373775
AT2G21660	AT3G46970	0.9376769354656157
AT2G21660	AT2G47890	0.9435182476494217
AT2G21660	AT5G06690	0.949817807086865
AT2G21660	AT4G09020	0.9643891093143613
AT2G21660	AT1G49230	0.9054127694625215
AT2G21660	AT1G49720	0.9520784604402877
AT2G21660	AT4G26670	0.9917801242762081
AT2G21660	AT1G28050	0.9539556368862286
AT2G21660	AT2G25930	0.9499767999907827
AT2G21660	AT4G01130	0.9810456174675444
AT2G21660	AT1G64890	0.9100857968554965
AT2G21660	AT1G10760	0.9725946745502931
AT2G21660	AT3G47860	0.9678216643190135
AT2G21660	AT5G64860	0.9673681519468632
AT2G21660	AT4G32340	0.9435039180030633
AT2G21660	AT5G26570	0.9246377655403031
AT2G21660	AT5G59570	0.911720236077953
AT2G21660	AT5G15960	0.9457770786253185
AT2G21660	AT5G61380	0.9390290583829192
AT2G21660	AT5G54960	0.922686792289257
AT2G21660	AT5G39410	0.9930497164807824
AT2G21660	AT5G44010	0.9105500799570934
AT2G21660	AT2G25730	0.9536617056210537
AT2G21660	AT2G28840	0.9673447133582193
AT2G21660	AT3G26740	0.9347064637696597
AT2G21660	AT5G23660	0.9211350927632874
AT2G21660	AT5G51570	0.9634058513710233
AT2G21660	AT4G39090	0.9461548341272946
AT2G21660	AT3G05880	0.9630262889542497
AT2G21660	AT3G50500	0.9139149993585337
AT2G21660	AT3G10410	0.945643900945109
AT2G21660	AT5G57110	0.9275348259500543
AT2G21660	AT5G27280	0.9585326287233
AT2G21660	AT2G45560	0.9463237975149386
AT2G21660	AT1G49650	0.9467900659396439
AT2G21660	AT2G29630	0.9671105337365737
AT2G21660	AT1G67660	0.9677822452427917
AT2G21660	AT5G14920	0.9090668598492377
AT2G21660	AT4G18520	0.9255277503373068
AT2G21660	AT4G18240	0.9280041632995284
AT2G21660	AT1G67970	0.9043999997035077
AT2G21660	AT2G17840	0.9850543767959401
AT2G21660	AT5G14550	0.9776062497857118
AT2G21660	AT5G02860	0.9697574002895338
AT2G21660	AT1G79440	0.9468841945062699
AT2G21660	AT4G33700	0.9207627440100021
AT2G21660	AT1G27630	0.9923328376432098
AT2G21660	AT1G26665	0.9204014567634425
AT2G21660	AT4G02370	0.956691472307793
AT2G21660	AT5G62720	0.9251643211453603
AT2G21660	AT5G63810	0.9002189727727414
AT2G21660	AT1G70820	0.9074604124064433
AT2G21660	AT3G50700	0.9007236082641383
AT2G21660	AT5G03240	0.9566059984786492
AT2G21660	AT1G51610	0.9253759079230269
AT2G21660	AT1G48210	0.9068664535046579
AT2G21660	AT5G18540	0.9410935396450242
AT2G21660	AT1G69830	0.925489917900763
AT2G21660	AT1G12710	0.9180451220539219
AT2G21660	AT3G14310	0.9559179773449663
AT2G21660	AT2G01170	0.9463633899666387
AT2G21660	AT2G39900	0.9140217058320944
AT2G21660	AT2G02100	0.9292605758176851
AT2G21660	AT3G58570	0.9646160307073773
AT2G21660	AT3G16180	0.9126998777460744
AT2G21660	AT3G01310	0.9450942139138565
AT2G21660	AT3G26580	0.9563397032009435
AT2G21660	AT1G12845	0.9008119438791697
AT2G21660	AT3G56720	0.9233363322588758
AT2G21660	AT4G05330	0.9287793569971422
AT2G21660	AT1G21680	0.9393490926038547
AT2G21660	AT4G11600	0.9209582553772719
AT2G21660	AT4G19390	0.9218942633761277
AT2G21660	AT1G06460	0.9378056285624603
AT2G21660	AT5G63420	0.963292064771546
AT2G21660	AT2G19450	0.9453945465502328
AT2G21660	AT4G33490	0.9751151050303909
AT2G21660	AT4G14230	0.9304041128704306
AT2G21660	AT5G27930	0.9098197732007163
AT3G12320	AT2G46830	0.9595994460610597
AT3G12320	AT3G54500	0.9474645028754571
AT3G12320	AT5G06980	0.9661891464334738
AT3G12320	AT5G52570	0.9283036894785307
AT3G12320	AT1G07180	0.902191138536312
AT3G12320	AT5G64170	0.9319785820721148
AT3G12320	AT5G04190	0.9008105553926157
AT3G12320	AT3G27690	0.9193922136634018
AT3G12320	AT3G59060	0.9172833410543099
AT3G12320	AT1G66100	0.9080251192476838
AT3G12320	AT5G36910	0.9363981062041112
AT1G07050	AT1G17665	0.9179999455831582
AT1G07050	AT2G23910	0.9152283213576933
AT1G07050	AT4G30650	0.9246948613846372
AT1G07050	AT5G60100	0.9119110027222349
AT1G07050	AT4G32340	0.9025226021128576
AT1G07050	AT5G26570	0.9217605656570105
AT1G07050	AT5G61380	0.922387445848994
AT1G07050	AT5G23660	0.9010950817518293
AT1G07050	AT5G56310	0.9011661946244673
AT1G07050	AT3G10410	0.9106172754768164
AT1G07050	AT5G57110	0.914137039919181
AT1G07050	AT5G11150	0.9491128364169326
AT1G07050	AT3G55450	0.9531761429798326
AT1G07050	AT1G48210	0.9327209505486277
AT1G07050	AT1G49220	0.9089638411898582
AT1G07050	AT1G68050	0.9644642632030266
AT2G46830	AT3G02380	0.9318251393936771
AT2G46830	AT1G32900	0.9112287938493144
AT2G46830	AT3G54500	0.9638403803862629
AT2G46830	AT5G25140	0.9408300387715189
AT2G46830	AT5G06980	0.9525680772351811
AT2G46830	AT5G52570	0.9915667246599895
AT2G46830	AT1G16730	0.9530572370032626
AT2G46830	AT1G07180	0.9433713765669055
AT2G46830	AT2G41250	0.9400531576149606
AT2G46830	AT5G15850	0.926488039410763
AT2G46830	AT5G64170	0.9224779057870924
AT2G46830	AT2G31380	0.934532102557632
AT2G46830	AT1G75100	0.9454744427901608
AT1G56300	AT2G21130	0.9460696971435574
AT1G56300	AT3G47160	0.9050194662628657
AT1G56300	AT3G50500	0.9618663800945154
AT1G56300	AT1G80480	0.9234497405431992
AT1G56300	AT1G32090	0.903747633026426
AT1G56300	AT4G05150	0.9089676901553503
AT1G56300	AT4G38580	0.9760457357615948
AT1G56300	AT1G49560	0.92203130378096
AT4G04330	AT1G11210	0.9490808239358864
AT4G04330	AT3G62550	0.9390944438285275
AT4G04330	AT5G24470	0.9437554485454438
AT4G04330	AT2G39920	0.9630735186863909
AT4G04330	AT4G16146	0.9640576264783649
AT4G04330	AT2G22450	0.975742273067667
AT4G04330	AT2G33830	0.9071912658450195
AT4G04330	AT4G30660	0.9753565770260164
AT4G04330	AT1G19370	0.9490623963496846
AT4G04330	AT3G46970	0.9550682409359514
AT4G04330	AT2G47890	0.9200981121097099
AT4G04330	AT2G42530	0.9158921991750105
AT4G04330	AT2G28900	0.9091287817234075
AT4G04330	AT5G06690	0.9568276130838782
AT4G04330	AT4G09020	0.9666587242970052
AT4G04330	AT4G12280	0.9019031744769368
AT4G04330	AT1G49720	0.9406677095851029
AT4G04330	AT4G26670	0.973244247931227
AT4G04330	AT1G28050	0.961239253751054
AT4G04330	AT2G25930	0.9213081884015969
AT4G04330	AT4G01130	0.9815913829270998
AT4G04330	AT1G64890	0.9494285851407732
AT4G04330	AT1G10760	0.9867990064279876
AT4G04330	AT3G47860	0.9478352199868832
AT4G04330	AT5G64860	0.9737158686056768
AT4G04330	AT4G32340	0.9641439965965236
AT4G04330	AT5G26570	0.9409934839486582
AT4G04330	AT5G15960	0.9123135475051819
AT4G04330	AT5G61380	0.9141323802779833
AT4G04330	AT5G39410	0.9736125188085144
AT4G04330	AT5G44010	0.9149346954447838
AT4G04330	AT2G25730	0.921849158939832
AT4G04330	AT2G28840	0.9670730231057784
AT4G04330	AT1G29395	0.9400436143097646
AT4G04330	AT3G26740	0.9666742585326503
AT4G04330	AT5G23660	0.9037535583741636
AT4G04330	AT5G51570	0.9243403479906218
AT4G04330	AT4G39090	0.9442592977441073
AT4G04330	AT3G18080	0.9241683847317343
AT4G04330	AT3G05880	0.9557589386008482
AT4G04330	AT3G10410	0.9420410407847728
AT4G04330	AT5G57110	0.9191864301446988
AT4G04330	AT5G27280	0.961081173891703
AT4G04330	AT2G45560	0.9258176736034995
AT4G04330	AT1G49650	0.9373987229561245
AT4G04330	AT3G52180	0.9260171820548075
AT4G04330	AT2G29630	0.9383538204206847
AT4G04330	AT1G67660	0.9726807027174021
AT4G04330	AT3G53800	0.9258215282842361
AT4G04330	AT4G18520	0.9457950587709341
AT4G04330	AT4G18240	0.9372696904388392
AT4G04330	AT1G67970	0.9022281951237693
AT4G04330	AT2G17840	0.9599422044173649
AT4G04330	AT5G14550	0.9498036829953245
AT4G04330	AT5G02860	0.9582776785547525
AT4G04330	AT1G79440	0.9223022193420117
AT4G04330	AT4G33700	0.9118975043484795
AT4G04330	AT1G27630	0.9761349724867686
AT4G04330	AT1G26665	0.9101239486243279
AT4G04330	AT4G02370	0.9397688520570048
AT4G04330	AT5G62720	0.9110785573659465
AT4G04330	AT5G63810	0.9235549790478412
AT4G04330	AT1G70820	0.9417260926815636
AT4G04330	AT5G03240	0.9152081293560219
AT4G04330	AT1G51610	0.9167115123312423
AT4G04330	AT5G18540	0.9034297620440394
AT4G04330	AT1G69830	0.952633674349354
AT4G04330	AT2G15970	0.9211596407057204
AT4G04330	AT1G31850	0.9066787575891727
AT4G04330	AT3G14310	0.9635581527506618
AT4G04330	AT2G01170	0.9537193759612335
AT4G04330	AT2G39900	0.930007738663875
AT4G04330	AT2G02100	0.932748425018552
AT4G04330	AT3G58570	0.9630893984640582
AT4G04330	AT3G16180	0.917776421760403
AT4G04330	AT3G01310	0.9571517412838636
AT4G04330	AT3G26580	0.9415552003040786
AT4G04330	AT1G12845	0.9076896282731186
AT4G04330	AT2G43535	0.909266852628014
AT4G04330	AT3G56720	0.9191917508656144
AT4G04330	AT4G05330	0.9344724933312367
AT4G04330	AT4G11600	0.9138874778873589
AT4G04330	AT4G19390	0.9343758535745132
AT4G04330	AT1G06460	0.9523415403542943
AT4G04330	AT3G46440	0.9063767599334925
AT4G04330	AT1G13930	0.9040120565275794
AT4G04330	AT5G63420	0.9380840107394597
AT4G04330	AT2G19450	0.9177896915456124
AT4G04330	AT4G33490	0.9521961560781029
AT4G04330	AT4G14230	0.932615033770888
AT4G04330	AT5G27930	0.9325712075606958
AT1G74310	AT5G51440	0.9706900553698232
AT1G74310	AT3G16050	0.9368116415889927
AT1G74310	AT5G48570	0.9251450454915559
AT1G74310	AT5G52640	0.959706054795157
AT1G74310	AT3G12580	0.9100774415319471
AT1G74310	AT2G46240	0.9059854137499552
AT1G74310	AT2G20560	0.9319949643056098
AT1G74310	AT3G24500	0.9422051946084433
AT1G74310	AT5G64510	0.9670405403047347
AT1G74310	AT1G54050	0.9595981487370834
AT1G74310	AT5G25450	0.9535902156522361
AT1G74310	AT2G32120	0.9241571743380264
AT1G74310	AT1G30070	0.9497175850024381
AT1G74310	AT5G18340	0.9180644616776148
AT1G74310	AT2G19310	0.928007053935472
AT1G74310	AT3G09350	0.9469610252954479
AT1G74310	AT1G67360	0.9069858102172383
AT1G74310	AT4G36988	0.9138413730254812
AT1G74310	AT1G26800	0.9056661332508124
AT1G74310	AT1G07350	0.9605596187675163
AT1G74310	AT5G47830	0.9186917395613271
AT1G74310	AT5G35320	0.9386372195289884
AT1G74310	AT3G08970	0.9322745296114284
AT1G74310	AT4G11660	0.9034357810015828
AT1G74310	AT5G09590	0.9564281854296041
AT1G74310	AT3G07150	0.9192440633209531
AT1G74310	AT3G53230	0.9036030953677827
AT1G74310	AT2G25140	0.9228264692299579
AT1G74310	AT3G12050	0.9411044011637781
AT1G74310	AT3G25230	0.9357275829352873
AT1G74310	AT3G17611	0.9080208311691813
AT1G74310	AT3G23990	0.9173439442180283
AT1G74310	AT1G55530	0.925274833327158
AT1G74310	AT2G21940	0.9349994755361541
AT1G74310	AT2G41160	0.9376993454010162
AT1G74310	AT5G53400	0.9192976247336094
AT1G74310	AT2G36460	0.9211501656638786
AT4G12400	AT1G72660	0.9194729261550982
AT4G12400	AT5G48570	0.9578253002453438
AT4G12400	AT5G52640	0.900740855016012
AT4G12400	254414_at	0.9219463958299552
AT4G12400	AT5G25450	0.9129610024123979
AT4G12400	AT2G32120	0.9106639652239846
AT4G12400	AT1G17870	0.9340061065227181
AT4G12400	AT5G47830	0.9614244163645252
AT4G12400	AT4G29770	0.9508644955642107
AT4G12400	AT1G01940	0.9187255681052034
AT4G12400	257239_at	0.9329307373322844
AT1G17665	AT2G23910	0.903685769421639
AT1G17665	AT4G16146	0.9411489393245868
AT1G17665	AT5G40180	0.9240615432748122
AT1G17665	AT4G32340	0.9129668334154322
AT1G17665	AT5G26570	0.9063185032826371
AT1G17665	AT5G61380	0.9760848876544437
AT1G17665	AT5G39410	0.9153620531063298
AT1G17665	AT5G48250	0.9297898128429566
AT1G17665	AT2G25730	0.9076682939397818
AT1G17665	AT5G23660	0.9595108911804431
AT1G17665	AT3G05880	0.9064493853966373
AT1G17665	AT3G10410	0.9456304768243845
AT1G17665	AT5G57110	0.9580584670812664
AT1G17665	AT2G29630	0.9029179988375009
AT1G17665	AT5G14550	0.9079295603492052
AT1G17665	AT1G79440	0.908608414441746
AT1G17665	AT1G26665	0.9473661366909603
AT1G17665	AT1G48210	0.9451052980820192
AT1G17665	AT5G18540	0.9382155958130808
AT1G17665	AT5G63420	0.9415115144893049
AT1G17665	AT2G19450	0.9043156387996635
AT1G17665	AT4G33490	0.9306177034984097
AT5G37670	AT2G46240	0.9450423081308768
AT5G37670	AT4G23493	0.9706884203724006
AT5G37670	AT1G54050	0.9442589257700175
AT5G37670	AT5G25450	0.9280791291167584
AT5G37670	AT2G32120	0.958278958024328
AT5G37670	AT2G19310	0.9227750458642406
AT5G37670	AT1G67360	0.9511194804659205
AT5G37670	AT5G35320	0.9287776621109862
AT5G37670	AT3G07150	0.9380914636724405
AT5G37670	AT2G25140	0.9069754717515311
AT5G37670	AT3G17611	0.9156731942683696
AT5G37670	AT2G21940	0.914953026762126
AT5G37670	AT5G58787	0.9079902336110944
AT1G11210	AT5G24470	0.9168952538673667
AT1G11210	AT4G30650	0.9095165807363708
AT1G11210	AT4G16146	0.9550499097537136
AT1G11210	AT2G22450	0.9734917653805801
AT1G11210	AT2G33830	0.9091891902489984
AT1G11210	AT4G30660	0.9626539725308463
AT1G11210	AT3G46970	0.9524128443887498
AT1G11210	AT2G42530	0.934068808208402
AT1G11210	AT2G28900	0.9188775101623159
AT1G11210	AT4G09020	0.9575803742664114
AT1G11210	AT4G12280	0.9061182012021465
AT1G11210	AT4G26670	0.9290002775733064
AT1G11210	AT1G28050	0.9194316627549052
AT1G11210	AT4G01130	0.9199850263794699
AT1G11210	AT1G64890	0.9492725710889068
AT1G11210	AT1G10760	0.9559795959826863
AT1G11210	AT5G64860	0.9072886481301695
AT1G11210	AT4G32340	0.9747900463387406
AT1G11210	AT5G26570	0.9511819047420188
AT1G11210	AT5G15960	0.9072463265105289
AT1G11210	AT5G61380	0.9106808318397878
AT1G11210	AT5G39410	0.9498128763194551
AT1G11210	AT2G28840	0.9301648872200857
AT1G11210	AT1G29395	0.9393077883174941
AT1G11210	AT5G51570	0.9066008923203778
AT1G11210	AT4G19120	0.9096896786993456
AT1G11210	AT3G18080	0.9500124504286324
AT1G11210	AT3G05880	0.9265616415566941
AT1G11210	AT3G10410	0.9295341086152135
AT1G11210	AT5G57110	0.9169374017426283
AT1G11210	AT3G52180	0.9026074352674017
AT1G11210	AT1G67660	0.9114820590384987
AT1G11210	AT4G18240	0.9135591256176034
AT1G11210	AT1G67970	0.9169593828017502
AT1G11210	AT2G17840	0.9175326800136905
AT1G11210	AT5G14550	0.925363665149654
AT1G11210	AT5G11150	0.9219200928536958
AT1G11210	AT1G79440	0.923358553433482
AT1G11210	AT4G33700	0.9146610985592969
AT1G11210	AT1G27630	0.9233657569235203
AT1G11210	245432_at	0.9382836751219811
AT1G11210	AT5G63810	0.9318199358577316
AT1G11210	AT1G51610	0.9474362537159271
AT1G11210	AT1G48210	0.902162964777743
AT1G11210	AT5G18540	0.9234538148104227
AT1G11210	AT1G69830	0.924398020356136
AT1G11210	AT2G15970	0.9049132108374894
AT1G11210	AT1G31850	0.9119287427797892
AT1G11210	AT2G01170	0.9690145653736578
AT1G11210	AT2G02100	0.9065720982130124
AT1G11210	AT3G58570	0.9419487595851862
AT1G11210	AT3G16180	0.9235521274642956
AT1G11210	AT3G01310	0.9181617617451583
AT1G11210	AT2G43535	0.9112242052178228
AT1G11210	AT1G53035	0.9396693028981932
AT1G11210	AT4G11600	0.9016604204418845
AT1G11210	AT1G75960	0.9095794972438742
AT1G11210	AT4G19390	0.947249616283804
AT1G11210	AT1G06460	0.9633237185193579
AT1G11210	AT3G46440	0.9542888746228081
AT1G11210	AT1G13930	0.911588830659931
AT1G11210	AT5G63420	0.914403251140113
AT1G11210	AT2G19450	0.9395687663342523
AT1G11210	AT4G33490	0.952258602149924
AT1G11210	AT4G14230	0.9119509591931496
AT1G11210	AT5G27930	0.9184584556409474
AT2G23910	AT5G60100	0.9120708517719025
AT2G23910	AT3G20810	0.9517846788853875
AT2G23910	AT5G23660	0.9020494034977121
AT2G23910	AT3G10410	0.9097603604697455
AT2G23910	AT5G57110	0.9031048219618025
AT2G23910	AT4G17140	0.9155400048792576
AT2G23910	AT3G55450	0.9023366029504816
AT2G46790	AT3G54500	0.9111495713743393
AT2G46790	AT5G64170	0.9498263615285795
AT2G46790	AT5G36910	0.9024253974411096
AT3G02380	AT1G32900	0.987427876468148
AT3G02380	AT3G54500	0.9052595832373314
AT3G02380	AT5G13170	0.921960133004366
AT3G02380	AT3G09600	0.9446686768193969
AT3G02380	AT1G01520	0.9257153869044294
AT3G02380	AT5G06980	0.9153814599370922
AT3G02380	AT5G52570	0.9311999559924029
AT3G02380	AT1G16730	0.9215437646770377
AT3G02380	AT1G07180	0.9949419839558616
AT3G02380	AT2G41250	0.9376562089393685
AT3G02380	AT1G55960	0.9576623661571108
AT3G02380	AT1G10370	0.9668689170940068
AT3G02380	AT5G15850	0.9736391921029108
AT3G02380	AT4G31870	0.9463408676568114
AT3G02380	AT3G47420	0.9138675471269513
AT3G02380	AT2G31380	0.9682744760069699
AT3G02380	AT3G27170	0.9489550191744058
AT3G02380	AT5G24120	0.9611388116726579
AT3G02380	AT4G15430	0.914066005960013
AT3G02380	AT2G24540	0.9601805435324073
AT3G02380	AT3G01060	0.9274886459837808
AT3G02380	AT4G38960	0.9348904894011618
AT3G02380	AT5G39660	0.9054435291315246
AT3G02380	AT1G75100	0.9476097966920949
AT3G62550	AT5G24470	0.913928045221473
AT3G62550	AT2G39920	0.9162743368754934
AT3G62550	AT2G22450	0.9276879447514937
AT3G62550	AT2G33830	0.9116169588179548
AT3G62550	AT5G06690	0.942932931000881
AT3G62550	AT4G01130	0.9320587014618014
AT3G62550	AT1G64890	0.9115645994503146
AT3G62550	AT2G15890	0.9451715478550301
AT3G62550	AT1G10760	0.9107244507679455
AT3G62550	AT4G32340	0.9012176438473181
AT3G62550	AT2G28840	0.9124973845386628
AT3G62550	AT3G26740	0.9833653566611611
AT3G62550	AT4G39090	0.9534013835362168
AT3G62550	AT3G05880	0.923915378430672
AT3G62550	AT1G49650	0.9168880103773615
AT3G62550	AT1G67660	0.9169573492852334
AT3G62550	AT3G53800	0.9167714905193896
AT3G62550	AT4G18520	0.9112761422924882
AT3G62550	AT1G67970	0.9199368281651349
AT3G62550	AT2G17840	0.9135520960454071
AT3G62550	AT1G51940	0.9133194688200591
AT3G62550	AT5G02860	0.9067774580154673
AT3G62550	AT1G27630	0.9035487383483104
AT3G62550	AT4G02370	0.9261046954812697
AT3G62550	AT1G70820	0.9037807345386897
AT3G62550	AT5G25210	0.9058024274719652
AT3G62550	AT3G14310	0.9205729618777764
AT3G62550	AT4G05330	0.9242501680680464
AT5G24470	AT2G39920	0.9242163567182394
AT5G24470	AT1G20030	0.923617751653345
AT5G24470	AT2G22450	0.9363402674038752
AT5G24470	AT2G33830	0.9120737045878045
AT5G24470	AT4G30660	0.930955487720685
AT5G24470	AT1G19370	0.9114420251589157
AT5G24470	AT2G47890	0.9389459752328089
AT5G24470	AT5G06690	0.9180079594362419
AT5G24470	AT1G49720	0.9385246250818485
AT5G24470	AT4G26670	0.9584053798660992
AT5G24470	AT1G28050	0.9133499668928292
AT5G24470	AT4G01130	0.9463837338283004
AT5G24470	AT1G64890	0.9036086708044851
AT5G24470	AT2G15890	0.9488147150713789
AT5G24470	AT5G47240	0.9204963000340556
AT5G24470	AT1G10760	0.9398442144967852
AT5G24470	AT4G27440	0.9150769016251692
AT5G24470	AT5G64860	0.9377330971164575
AT5G24470	AT5G39410	0.9317459938175094
AT5G24470	AT2G28840	0.9325457936281871
AT5G24470	AT3G26740	0.9323801554267379
AT5G24470	AT4G39090	0.949171915759754
AT5G24470	AT2G31360	0.9238898170150555
AT5G24470	AT3G05880	0.9103731462084298
AT5G24470	AT5G27280	0.9371276207497496
AT5G24470	AT2G45560	0.9059138618541535
AT5G24470	AT1G49650	0.9114873283183154
AT5G24470	AT1G67660	0.9541660240236639
AT5G24470	AT5G14920	0.9410920110914273
AT5G24470	AT3G53800	0.9460576191769414
AT5G24470	AT4G18520	0.9309281564048747
AT5G24470	AT1G67970	0.9008733223937472
AT5G24470	AT2G17840	0.9661485764179082
AT5G24470	AT5G14550	0.9085499086870867
AT5G24470	AT1G51940	0.9421960971439572
AT5G24470	AT5G02860	0.9350662967248523
AT5G24470	AT1G79440	0.9160398078965902
AT5G24470	AT1G27630	0.9564035294151003
AT5G24470	AT4G02370	0.9559627127195223
AT5G24470	AT5G63810	0.9139128147016343
AT5G24470	AT1G70820	0.9425759444371504
AT5G24470	AT3G50700	0.9295675523824921
AT5G24470	AT5G43440	0.9540872269443528
AT5G24470	AT1G51610	0.9265185930323357
AT5G24470	AT2G15970	0.9010107648067909
AT5G24470	AT1G12710	0.9254182949536482
AT5G24470	AT3G14310	0.9067800564462278
AT5G24470	AT2G01170	0.9404625637494431
AT5G24470	AT2G39900	0.9127285163698485
AT5G24470	AT3G58570	0.9323712476263184
AT5G24470	AT3G01310	0.939623513833628
AT5G24470	AT3G26580	0.9236442170231065
AT5G24470	AT1G12845	0.9480007766354868
AT5G24470	AT3G56720	0.9524986880319195
AT5G24470	AT1G70420	0.9203225738005358
AT5G24470	AT4G05330	0.9084853417473894
AT5G24470	AT1G21680	0.9121865954357622
AT5G24470	AT1G06460	0.9405510182823164
AT5G24470	AT1G33970	0.918526630198733
AT5G24470	AT3G51660	0.9056618319872275
AT5G24470	AT1G13930	0.926423477127486
AT5G24470	AT2G19450	0.9290253471619753
AT5G24470	AT4G33490	0.9234780313580051
AT5G24470	AT4G14230	0.9339238033947452
AT5G51440	AT3G16050	0.9268215832635476
AT5G51440	AT5G48570	0.9493120405780086
AT5G51440	AT5G52640	0.9634116555611815
AT5G51440	AT2G46240	0.9234959548910643
AT5G51440	AT2G20560	0.9051880337172435
AT5G51440	AT5G64510	0.9697297025856064
AT5G51440	AT1G54050	0.9325960189434455
AT5G51440	AT5G25450	0.9709922295922362
AT5G51440	AT2G32120	0.9311253800319221
AT5G51440	AT1G16030	0.9256195266920306
AT5G51440	AT1G17870	0.9045867159533384
AT5G51440	AT1G30070	0.9626249222065766
AT5G51440	AT1G21550	0.9040432712939324
AT5G51440	AT3G20180	0.9178838014107585
AT5G51440	AT5G18340	0.9090135764279492
AT5G51440	AT5G12110	0.9011329265134299
AT5G51440	AT2G19310	0.9252300598931209
AT5G51440	AT3G09350	0.9392988064834945
AT5G51440	AT4G36988	0.9189560653329328
AT5G51440	AT1G07350	0.9497565664640842
AT5G51440	AT5G47830	0.9350546479186264
AT5G51440	AT5G35320	0.9140745339756801
AT5G51440	AT3G08970	0.9300436227777981
AT5G51440	AT5G09590	0.9713823695384035
AT5G51440	AT3G07150	0.9325069150237723
AT5G51440	AT3G53230	0.9418125835453344
AT5G51440	AT3G22090	0.9198637921895712
AT5G51440	AT2G25140	0.9336685010967483
AT5G51440	AT3G12050	0.9454735084648457
AT5G51440	AT3G25230	0.9546481368871926
AT5G51440	AT3G23990	0.9570850597081242
AT5G51440	AT2G21940	0.9344589085739419
AT5G51440	AT5G58590	0.930133158145687
AT5G51440	AT3G03520	0.9092253679850325
AT5G51440	AT2G41160	0.9372118334625431
AT5G51440	AT5G53400	0.9394055405757504
AT5G51440	AT4G26780	0.9027310260801854
AT5G51440	AT2G36460	0.9280323215365142
AT5G51440	AT3G07770	0.9232356966468858
AT3G16050	AT5G52640	0.92274875392112
AT3G16050	AT3G12580	0.9075659260868723
AT3G16050	AT2G20560	0.9627509689966062
AT3G16050	AT3G24500	0.9505438404374056
AT3G16050	AT5G64510	0.9258210163995059
AT3G16050	AT1G30070	0.9258129452256293
AT3G16050	AT1G66080	0.907438652083898
AT3G16050	AT5G18340	0.9297710759233073
AT3G16050	AT3G09350	0.968138907585852
AT3G16050	AT1G67360	0.9209105559071428
AT3G16050	AT4G36988	0.9313154871630339
AT3G16050	AT1G07350	0.9502982948513604
AT3G16050	AT5G35320	0.9369699877723559
AT3G16050	AT3G08970	0.91030711689231
AT3G16050	AT4G11660	0.9505500384302504
AT3G16050	AT1G14200	0.9219158454750597
AT3G16050	AT5G09590	0.9455274205006563
AT3G16050	AT4G23570	0.9254933068454229
AT3G16050	AT3G07090	0.919782278113691
AT3G16050	AT2G25140	0.9082777816178641
AT3G16050	AT5G23480	0.9386308990621949
AT3G16050	AT3G12050	0.9597951483751608
AT3G16050	AT3G25230	0.9642962410703447
AT3G16050	AT5G56030	0.9527955157069656
AT3G16050	AT3G17611	0.9276318110777143
AT3G16050	AT1G55530	0.953918997859047
AT3G16050	AT2G21940	0.902432484508701
AT3G16050	AT2G41160	0.934626233836895
AT3G16050	AT5G53400	0.928018698292414
AT3G16050	AT2G36460	0.9042952895102253
AT3G16050	AT3G57880	0.9063019589998854
AT2G39920	AT4G16146	0.9131813722700262
AT2G39920	AT2G22450	0.9186618232283508
AT2G39920	AT4G30660	0.9218314777674479
AT2G39920	AT1G19370	0.9354522121899076
AT2G39920	AT5G06690	0.9603536349589885
AT2G39920	AT4G09020	0.901673481147043
AT2G39920	AT1G49720	0.9603791062095499
AT2G39920	AT4G26670	0.9522082592712265
AT2G39920	AT1G28050	0.9039637171006307
AT2G39920	AT2G25930	0.9001162297376738
AT2G39920	AT4G01130	0.9682208937284743
AT2G39920	AT1G10760	0.9395390543973281
AT2G39920	AT3G47860	0.9105910045071159
AT2G39920	AT4G27440	0.9107797554853421
AT2G39920	AT5G64860	0.9417300264210366
AT2G39920	AT5G39410	0.9382592822704926
AT2G39920	AT5G44010	0.9209132858547526
AT2G39920	AT2G28840	0.9126000292205008
AT2G39920	AT3G26740	0.9505559033030646
AT2G39920	AT4G39090	0.950952699732522
AT2G39920	AT3G05880	0.9232325358782436
AT2G39920	AT5G27280	0.959705521261133
AT2G39920	AT1G49650	0.9241932519048043
AT2G39920	AT2G29630	0.9232859979518474
AT2G39920	AT1G67660	0.9541640596612623
AT2G39920	AT3G53800	0.9349269500750367
AT2G39920	AT4G18520	0.9065377250546569
AT2G39920	AT2G17840	0.9444937383708809
AT2G39920	AT5G14550	0.921075287263044
AT2G39920	AT1G51940	0.9066440395504243
AT2G39920	AT5G02860	0.9614554181240185
AT2G39920	AT1G27630	0.9526763285256376
AT2G39920	AT4G02370	0.9299329785535635
AT2G39920	AT1G70820	0.9386757081631234
AT2G39920	AT3G50700	0.9068384236038636
AT2G39920	AT5G03240	0.9118349689983916
AT2G39920	AT1G69830	0.9114665657419965
AT2G39920	AT3G14310	0.9260124921470094
AT2G39920	AT2G01170	0.904442239154261
AT2G39920	AT2G39900	0.9141796346339514
AT2G39920	AT3G58570	0.9138368230342333
AT2G39920	AT3G01310	0.928228856984565
AT2G39920	AT3G26580	0.9609436710342798
AT2G39920	AT3G56720	0.9448418375724806
AT2G39920	AT4G05330	0.9230499304334658
AT2G39920	AT1G06460	0.9014479563248687
AT2G39920	AT5G63420	0.9037859782978315
AT2G39920	AT5G62350	0.9169968880416539
AT2G39920	AT4G33490	0.9114270593534145
AT1G72660	254414_at	0.9759511070367648
AT1G72660	AT5G25450	0.918768656538573
AT1G72660	AT2G32120	0.9458381889925145
AT1G72660	AT1G16030	0.9113325842773267
AT1G72660	AT1G17870	0.9634142992339748
AT1G72660	AT1G21550	0.922120049069796
AT1G72660	AT3G20180	0.9310233919223614
AT1G72660	AT5G47830	0.9455098464855908
AT1G72660	AT4G29770	0.9171970806421612
AT1G72660	AT1G59980	0.9024967381957589
AT1G72660	AT1G03070	0.906138639546636
AT1G72660	AT3G53230	0.928497950929232
AT1G72660	AT5G27660	0.9555479855467229
AT1G72660	AT1G01940	0.9532625373064049
AT1G72660	257239_at	0.9261321832227896
AT1G72660	AT4G23885	0.9023375878541222
AT1G72660	AT2G30000	0.9463836672022673
AT1G72660	AT3G03520	0.9201171377483176
AT1G72660	AT4G26780	0.9715498288572398
AT1G72660	AT5G58787	0.9502823560381509
AT1G72660	AT3G07770	0.9042595443884821
AT1G71000	AT2G46240	0.9232508960970784
AT1G71000	AT5G25450	0.9100414886967398
AT1G71000	AT2G32120	0.9028618428564458
AT1G71000	AT1G16030	0.9415650774162458
AT1G71000	AT1G21550	0.9479256517043455
AT1G71000	AT3G63350	0.9097922820417936
AT1G71000	AT3G20180	0.9158811666614238
AT1G71000	AT5G10695	0.9648020886930219
AT1G71000	AT3G10020	0.9057153127246937
AT1G71000	AT4G36988	0.9064137738418875
AT1G71000	AT5G47830	0.9006869180497099
AT1G71000	AT3G17110	0.9385165472850441
AT1G71000	AT3G08970	0.9352636539670801
AT1G71000	AT1G03070	0.9555724318697495
AT1G71000	AT3G07150	0.9364931202884432
AT1G71000	AT3G53230	0.9241516478315248
AT1G71000	AT5G05410	0.9291623472428283
AT1G71000	AT3G12050	0.9143193242998695
AT1G71000	AT2G15790	0.9128794528448241
AT1G71000	AT2G21940	0.9288204961453428
AT1G71000	AT3G03520	0.9185805403590693
AT1G71000	AT2G41160	0.9296140607461835
AT1G71000	AT5G53400	0.9134448757265349
AT1G71000	AT2G36460	0.912543725967355
AT5G48570	AT5G52640	0.9555640446105205
AT5G48570	254414_at	0.9236732829449017
AT5G48570	AT5G64510	0.9257538198492775
AT5G48570	AT5G25450	0.9338799714700486
AT5G48570	AT2G32120	0.9033393738367732
AT5G48570	AT1G17870	0.9261529378259536
AT5G48570	AT1G30070	0.9087577819268698
AT5G48570	AT5G12110	0.9101325390680232
AT5G48570	AT5G47830	0.958864112075016
AT5G48570	AT4G29770	0.9337256457070704
AT5G48570	AT5G09590	0.9018210209810574
AT5G48570	AT3G53230	0.9086958576349247
AT5G48570	AT1G01940	0.915337034390791
AT5G48570	AT3G23990	0.9202181628113055
AT5G48570	AT5G58590	0.904283759253846
AT5G48570	AT3G07770	0.9135164723987924
AT4G12480	AT5G14180	0.9034133077316305
AT4G12480	AT2G05380	0.923807744868757
AT5G52640	AT3G12580	0.9311423827864312
AT5G52640	AT5G64510	0.9651128951016287
AT5G52640	AT1G54050	0.9035001270415193
AT5G52640	AT5G25450	0.9457847962598359
AT5G52640	AT1G30070	0.9468921941076068
AT5G52640	AT5G18340	0.901001580183119
AT5G52640	AT5G12110	0.9478240229568936
AT5G52640	AT2G19310	0.939202008622162
AT5G52640	AT3G09350	0.9014671635545842
AT5G52640	AT1G07350	0.9488538195310384
AT5G52640	AT5G47830	0.9116613543645841
AT5G52640	AT5G09590	0.9426218400657171
AT5G52640	AT3G53230	0.9099565433798327
AT5G52640	AT3G12050	0.9082524402414551
AT5G52640	AT3G25230	0.931351078479521
AT5G52640	AT3G23990	0.948328221830128
AT5G52640	AT5G58590	0.9084159400527743
AT5G52640	AT3G07770	0.9143753836294937
AT5G49700	AT3G50560	0.9043216961345085
AT4G30650	AT4G16146	0.9133796067626602
AT4G30650	AT4G30660	0.9165719465387471
AT4G30650	AT3G46970	0.9442890360931335
AT4G30650	AT2G42530	0.9709251172623737
AT4G30650	AT5G60100	0.9513976165087749
AT4G30650	AT2G28900	0.9755900492891698
AT4G30650	AT4G09020	0.9383132729427737
AT4G30650	AT1G76790	0.9158776427760305
AT4G30650	AT4G12280	0.9073415969329246
AT4G30650	AT3G63160	0.931520809251688
AT4G30650	AT1G10760	0.9031317147734945
AT4G30650	AT4G32340	0.9435129208689138
AT4G30650	AT5G26570	0.976324612771499
AT4G30650	AT5G15960	0.916120630928753
AT4G30650	AT1G29395	0.9135398879397253
AT4G30650	AT1G51090	0.9281062049595052
AT4G30650	AT3G10410	0.931804758191345
AT4G30650	AT5G57110	0.9458284059862182
AT4G30650	AT3G52180	0.9563169751275106
AT4G30650	AT4G18240	0.9364413454071342
AT4G30650	AT5G11150	0.9624544632434983
AT4G30650	AT3G28290	0.9162640055452117
AT4G30650	AT1G79440	0.9204474241200504
AT4G30650	245432_at	0.9184017462992595
AT4G30650	AT2G43550	0.9483569124106778
AT4G30650	AT4G17140	0.9433359347540327
AT4G30650	AT3G55450	0.9121495135950507
AT4G30650	AT1G69830	0.9276846841424617
AT4G30650	AT1G49220	0.9426191123663921
AT4G30650	AT2G15970	0.9014449914020759
AT4G30650	AT1G31850	0.9576131013247647
AT4G30650	AT2G02100	0.9395436886570633
AT4G30650	AT3G16180	0.955041512275376
AT4G30650	AT2G43535	0.9159185631093025
AT4G30650	AT1G53035	0.9398862709803415
AT4G30650	AT4G19390	0.9262864855692037
AT4G30650	AT1G06460	0.9042930190531625
AT4G30650	AT3G46440	0.9301974364451203
AT4G30650	AT4G33490	0.9104080678201438
AT4G30650	AT3G05800	0.9004783591229485
AT2G38465	AT2G25930	0.918819126630674
AT2G38465	AT5G59570	0.947860743556724
AT2G38465	AT3G47160	0.9227842995519087
AT2G38465	AT4G39090	0.9277297809335749
AT2G38465	AT1G80480	0.9430034681198439
AT2G38465	AT5G03240	0.9599112472376643
AT2G38465	AT1G12710	0.9265672041101978
AT2G38465	AT1G17460	0.9099682213284714
AT2G38465	AT3G26580	0.9057474199851507
AT2G38465	AT1G21680	0.956236327480281
AT3G12580	AT2G20560	0.9309401724141204
AT3G12580	AT3G24500	0.9280852143679991
AT3G12580	AT5G64510	0.9334685346954648
AT3G12580	AT1G30070	0.9245931689844628
AT3G12580	AT5G12110	0.947412544261711
AT3G12580	AT1G07350	0.9506699937180179
AT3G12580	AT5G47610	0.9059844200791509
AT3G12580	AT3G25230	0.9148931046775702
AT3G12580	AT1G56170	0.9011158870292505
AT3G12580	AT3G57880	0.9413406977624341
AT3G14200	AT1G66080	0.9213581941698502
AT3G14200	AT3G09440	0.9691920704268129
AT3G14200	AT5G02490	0.9047999200205646
AT3G14200	AT3G07090	0.9241581751283304
AT3G14200	AT5G56030	0.9015784139670452
AT3G14200	AT5G56010	0.9275172756261688
AT3G14200	AT4G30490	0.9039994669468775
AT3G14200	AT2G29450	0.9259390535895504
AT2G07712	AT3G59720	0.9026207104738911
AT2G07712	ATMG00513	0.9140433964519696
AT2G07712	ATMG01200	0.9149643212914091
AT2G46240	AT4G23493	0.9304447126856283
AT2G46240	AT1G54050	0.9408989146626295
AT2G46240	AT5G25450	0.9563202823355865
AT2G46240	AT2G32120	0.9478388524938035
AT2G46240	AT1G16030	0.9473825688001704
AT2G46240	AT1G30070	0.9007759027039662
AT2G46240	AT1G21550	0.9585685524643508
AT2G46240	AT5G10695	0.92662156703334
AT2G46240	AT2G19310	0.9207620443883752
AT2G46240	AT3G09350	0.9021532383072839
AT2G46240	AT1G67360	0.9266888221829489
AT2G46240	AT4G36988	0.9030753471233749
AT2G46240	AT5G35320	0.9266765289766065
AT2G46240	AT3G08970	0.9389751343758461
AT2G46240	AT5G09590	0.9325406800666274
AT2G46240	AT1G03070	0.9408118767882613
AT2G46240	AT3G07150	0.9681697620970029
AT2G46240	AT3G53230	0.9017839268525244
AT2G46240	AT2G25140	0.9193914580703799
AT2G46240	AT5G05410	0.9601272347984783
AT2G46240	AT3G17611	0.9042067341928872
AT2G46240	AT2G21940	0.9557015352965862
AT2G46240	AT4G17250	0.9079503643615782
AT2G46240	AT3G03520	0.9380988426914973
AT2G46240	AT2G41160	0.9305066581425503
AT2G46240	AT5G53400	0.9173986081647222
AT2G46240	AT4G26780	0.9091965850496144
AT2G46240	AT2G36460	0.9705711888217643
AT2G46240	AT5G58787	0.9396048213377622
AT1G20030	AT1G36940	0.9637927261941709
AT1G20030	AT1G49720	0.9258264194870085
AT1G20030	AT4G27440	0.9478672709207253
AT1G20030	AT1G22770	0.9121877997169638
AT1G20030	AT5G27280	0.9014310277719846
AT1G20030	AT3G53800	0.9262567915437774
AT1G20030	AT1G51940	0.9274752951785328
AT1G20030	AT1G70820	0.916994063757175
AT1G20030	AT3G50700	0.9249965056070197
AT1G20030	AT5G43440	0.9436567692456168
AT1G20030	AT3G56720	0.9633880771724053
AT1G20030	AT1G78600	0.9077729242728867
AT1G20030	AT1G33970	0.962305740857816
AT1G20030	AT3G51660	0.9091015264367299
AT1G20030	AT5G62350	0.9460554366224091
AT1G33055	AT2G29300	0.9021693588013305
AT4G17490	AT2G34600	0.9094488617717453
254414_at	AT5G25450	0.9167412944105012
254414_at	AT2G32120	0.9339305740299008
254414_at	AT1G17870	0.9700130171085576
254414_at	AT3G20180	0.9380991647791065
254414_at	AT5G47830	0.9483242085848682
254414_at	AT4G29770	0.9443017960629261
254414_at	AT1G59980	0.9107701630524241
254414_at	AT3G53230	0.9229430398810464
254414_at	AT5G27660	0.9160800447608742
254414_at	AT1G01940	0.9710017153742433
254414_at	257239_at	0.9226610294255676
254414_at	AT4G23885	0.9357060407875774
254414_at	AT2G30000	0.9301585862656786
254414_at	AT3G03520	0.9089640679283927
254414_at	AT3G52830	0.9009137578611173
254414_at	AT4G26780	0.9530475331035135
254414_at	AT5G58787	0.9447092432275516
254414_at	AT3G07770	0.924926267021491
AT4G33985	AT3G55450	0.923747565787508
AT4G08040	AT1G35140	0.9250920620112099
AT4G08040	AT3G55980	0.9345723021138125
AT4G16146	AT2G22450	0.9757563829624262
AT4G16146	AT4G30660	0.9398796492941808
AT4G16146	AT1G19370	0.913659595770773
AT4G16146	AT3G46970	0.9549747015477998
AT4G16146	AT2G42530	0.9192208538680201
AT4G16146	AT5G60100	0.9383620408699684
AT4G16146	AT2G28900	0.9222040629243322
AT4G16146	AT5G06690	0.9125043552184364
AT4G16146	AT4G09020	0.9814068625991723
AT4G16146	AT4G12280	0.9475175572588334
AT4G16146	AT4G26670	0.9634177127247513
AT4G16146	AT1G28050	0.9498583075721526
AT4G16146	AT2G25930	0.941588605624193
AT4G16146	AT4G01130	0.9554912510815041
AT4G16146	AT1G64890	0.9216109257834189
AT4G16146	AT1G10760	0.9626188452052782
AT4G16146	AT3G47860	0.9641679651126623
AT4G16146	AT5G64860	0.9346184463419666
AT4G16146	AT4G32340	0.9806055742476244
AT4G16146	AT5G26570	0.9716683917537026
AT4G16146	AT5G15960	0.947386629570828
AT4G16146	AT5G61380	0.9804056156774943
AT4G16146	AT5G39410	0.9894228871122327
AT4G16146	AT2G25730	0.9613175490323685
AT4G16146	AT2G28840	0.9463523943029719
AT4G16146	AT1G29395	0.9181705103910516
AT4G16146	AT3G26740	0.9135878126828526
AT4G16146	AT5G23660	0.9682676902688596
AT4G16146	AT5G51570	0.9514448280963658
AT4G16146	AT3G18080	0.9017404477970637
AT4G16146	AT3G05880	0.9595015623621053
AT4G16146	AT3G10410	0.9875008969174909
AT4G16146	AT5G57110	0.9615145656046037
AT4G16146	AT5G27280	0.9187411305090154
AT4G16146	AT2G45560	0.9172189448797533
AT4G16146	AT3G52180	0.920957304716728
AT4G16146	AT2G29630	0.9646141914821652
AT4G16146	AT1G67660	0.92869938942106
AT4G16146	AT4G18240	0.9585995177965068
AT4G16146	AT1G67970	0.9158635042237683
AT4G16146	AT2G17840	0.9501070443785072
AT4G16146	AT5G14550	0.9711792474363813
AT4G16146	AT5G11150	0.9066623622333759
AT4G16146	AT5G02860	0.9197874139585676
AT4G16146	AT1G79440	0.9470180761921148
AT4G16146	AT4G33700	0.9575338439203386
AT4G16146	AT1G27630	0.9637638982394
AT4G16146	AT1G26665	0.9629358268832343
AT4G16146	AT5G62720	0.9460909608795269
AT4G16146	AT5G03240	0.9265783677544244
AT4G16146	AT4G17140	0.9203593868382272
AT4G16146	AT3G55450	0.9019364467373017
AT4G16146	AT1G51610	0.9203602611327033
AT4G16146	AT1G48210	0.9656620468395742
AT4G16146	AT5G18540	0.9592173123778355
AT4G16146	AT1G69830	0.9248293368608466
AT4G16146	AT1G49220	0.9058827861006683
AT4G16146	AT1G31850	0.927670745436237
AT4G16146	AT3G14310	0.9347467209462968
AT4G16146	AT2G01170	0.9408560947764047
AT4G16146	AT2G02100	0.9390278899682957
AT4G16146	AT3G58570	0.9507979554842084
AT4G16146	AT3G16180	0.9276337982966936
AT4G16146	AT3G01310	0.905613259021872
AT4G16146	AT1G53035	0.9067609858737058
AT4G16146	AT4G11600	0.9068724998688183
AT4G16146	AT4G19390	0.9562934426115776
AT4G16146	AT1G06460	0.9360760743792624
AT4G16146	AT3G46440	0.9163470753438984
AT4G16146	AT5G63420	0.9834419124094775
AT4G16146	AT2G19450	0.9422350442658717
AT4G16146	AT4G33490	0.9799232821040258
AT4G16146	AT5G27930	0.9112253795701856
AT2G20560	AT3G24500	0.9809088618802375
AT2G20560	AT5G64510	0.9250137615408467
AT2G20560	AT3G51910	0.9102763169495409
AT2G20560	AT1G30070	0.9412258781470969
AT2G20560	AT1G66080	0.9152302624271318
AT2G20560	AT5G18340	0.9344333214735986
AT2G20560	AT3G09350	0.9577265707351261
AT2G20560	AT1G67360	0.9543010042413607
AT2G20560	AT4G36988	0.9500961918585408
AT2G20560	AT1G07350	0.9587853636077089
AT2G20560	AT5G35320	0.9633269041675608
AT2G20560	AT3G08970	0.9169821067511776
AT2G20560	AT4G11660	0.97015533836656
AT2G20560	AT1G14200	0.9111384575718001
AT2G20560	AT5G09590	0.9307493228172531
AT2G20560	AT5G47610	0.9458878669672037
AT2G20560	AT4G23570	0.9267166283209907
AT2G20560	AT3G07090	0.9405711246127993
AT2G20560	AT2G25140	0.9393567166350709
AT2G20560	AT5G23480	0.9359182535420895
AT2G20560	AT3G12050	0.9441139292324676
AT2G20560	AT3G25230	0.9643597752348594
AT2G20560	AT1G56170	0.9539446703975386
AT2G20560	AT5G62020	0.9217860966655507
AT2G20560	AT3G17611	0.9281886978179
AT2G20560	AT1G55530	0.9689648337498008
AT2G20560	AT2G41160	0.941008769795947
AT2G20560	AT5G53400	0.9347570546061331
AT2G20560	AT4G30490	0.9139977198141274
AT2G20560	AT3G57880	0.9264801453162377
AT5G44260	AT2G30600	0.9352322864179117
AT2G22450	AT2G33830	0.9260874578629563
AT2G22450	AT4G30660	0.9639858755944871
AT2G22450	AT1G19370	0.9308215324997166
AT2G22450	AT3G46970	0.9550005613911857
AT2G22450	AT2G47890	0.9086878651891871
AT2G22450	AT2G42530	0.9256557118212104
AT2G22450	AT2G28900	0.9108335498295722
AT2G22450	AT5G06690	0.9286397718070069
AT2G22450	AT4G09020	0.962673437815822
AT2G22450	AT4G12280	0.9171809968901153
AT2G22450	AT1G49720	0.9118745410905534
AT2G22450	AT4G26670	0.9603443376675777
AT2G22450	AT1G28050	0.9354415007385645
AT2G22450	AT2G25930	0.9072450942807037
AT2G22450	AT4G01130	0.9621818363954023
AT2G22450	AT1G64890	0.9300039163690313
AT2G22450	AT1G10760	0.9680572079331492
AT2G22450	AT3G47860	0.9349331495700941
AT2G22450	AT5G64860	0.9466841927157258
AT2G22450	AT4G32340	0.9774253908120258
AT2G22450	AT5G26570	0.9455174551586916
AT2G22450	AT5G15960	0.9075027996098459
AT2G22450	AT5G61380	0.936585113670703
AT2G22450	AT5G39410	0.9751612442205375
AT2G22450	AT2G25730	0.9450113267218367
AT2G22450	AT2G28840	0.9627229381324088
AT2G22450	AT1G29395	0.9357084922683346
AT2G22450	AT3G26740	0.9399816355001804
AT2G22450	AT5G23660	0.9169376714870121
AT2G22450	AT5G51570	0.947599424572483
AT2G22450	AT4G39090	0.9161270697717868
AT2G22450	AT3G18080	0.9107733682887844
AT2G22450	AT3G05880	0.9609756241108932
AT2G22450	AT3G10410	0.9491511429015164
AT2G22450	AT5G57110	0.9315281321399582
AT2G22450	AT5G27280	0.938908883241076
AT2G22450	AT1G49650	0.9062554352364784
AT2G22450	AT3G52180	0.906356838090722
AT2G22450	AT2G29630	0.9170678714831876
AT2G22450	AT1G67660	0.939113482996903
AT2G22450	AT4G18520	0.9171633871130714
AT2G22450	AT4G18240	0.9238917731956945
AT2G22450	AT1G67970	0.9381828079648097
AT2G22450	AT2G17840	0.9561020781876224
AT2G22450	AT5G14550	0.9453548248552716
AT2G22450	AT5G02860	0.9235137589702195
AT2G22450	AT1G79440	0.951825615281202
AT2G22450	AT4G33700	0.9130764983625669
AT2G22450	AT1G27630	0.9575729501791405
AT2G22450	AT1G26665	0.9236872735429584
AT2G22450	AT4G02370	0.9304876401388894
AT2G22450	AT5G62720	0.902620764350407
AT2G22450	AT5G63810	0.9297873405678873
AT2G22450	AT1G70820	0.9054926460585607
AT2G22450	AT5G03240	0.9191715306580679
AT2G22450	AT1G51610	0.9164467665310414
AT2G22450	AT1G48210	0.9186997549575827
AT2G22450	AT5G18540	0.9491812976637005
AT2G22450	AT1G69830	0.929417159355847
AT2G22450	AT1G31850	0.9063872317521191
AT2G22450	AT3G14310	0.9376990307835897
AT2G22450	AT2G01170	0.9502235553969339
AT2G22450	AT2G02100	0.937174664987707
AT2G22450	AT3G58570	0.9656277333061292
AT2G22450	AT3G16180	0.9256860730270112
AT2G22450	AT3G01310	0.9414940909488018
AT2G22450	AT3G26580	0.9057009743117657
AT2G22450	AT4G05330	0.907234370540647
AT2G22450	AT1G53035	0.9168800359993369
AT2G22450	AT4G11600	0.9147225758835399
AT2G22450	AT4G19390	0.9476585952276313
AT2G22450	AT1G06460	0.948341142598075
AT2G22450	AT3G46440	0.9259566053186855
AT2G22450	AT5G63420	0.9537197403403739
AT2G22450	AT2G19450	0.9461780187059471
AT2G22450	AT4G33490	0.9601586313046795
AT2G22450	AT4G14230	0.9127066270254133
AT2G22450	AT5G27930	0.902168521676335
AT1G32900	AT5G13170	0.9386298691785413
AT1G32900	AT3G09600	0.9610480761523018
AT1G32900	AT1G01520	0.9249145399273804
AT1G32900	AT5G52570	0.9099535431476814
AT1G32900	AT1G07180	0.9903092823600068
AT1G32900	AT2G41250	0.911513701260543
AT1G32900	AT1G55960	0.9495149863836138
AT1G32900	AT1G10370	0.9771339814643479
AT1G32900	AT5G15850	0.9601609072742167
AT1G32900	AT4G31870	0.9719447744512314
AT1G32900	AT3G47420	0.9244733210788961
AT1G32900	AT5G23730	0.9228943874820514
AT1G32900	AT2G31380	0.9618257412659595
AT1G32900	AT3G27170	0.9561441917448601
AT1G32900	AT4G08300	0.9115724584929404
AT1G32900	AT5G24120	0.9701965734005883
AT1G32900	AT3G01550	0.9127879780511744
AT1G32900	AT4G15430	0.9440229506084651
AT1G32900	AT2G24540	0.9518876989902374
AT1G32900	AT3G01060	0.9536464254707888
AT1G32900	AT4G38960	0.9315386223341448
AT1G32900	AT1G75100	0.9143782395733048
AT1G32900	AT5G15600	0.9083985811232648
AT2G33830	AT4G30660	0.9058998179174206
AT2G33830	AT2G42530	0.9056043585785085
AT2G33830	AT2G15890	0.9158609630910771
AT2G33830	AT5G47240	0.9639201632728367
AT2G33830	AT2G28840	0.9093385401273903
AT2G33830	AT1G29395	0.9015170527583797
AT2G33830	AT2G31360	0.9019449501068865
AT2G33830	AT3G05880	0.9055656468124816
AT2G33830	AT4G18520	0.937838415996266
AT2G33830	AT1G67970	0.9261318529724745
AT2G33830	AT1G79440	0.9046590127740939
AT2G33830	AT2G06925	0.9109935135373067
AT2G33830	AT4G02370	0.9043273256591685
AT2G33830	AT5G63810	0.9376673181086516
AT2G33830	AT5G25210	0.9052150673899971
AT2G33830	AT3G14310	0.9030483533079056
AT2G33830	AT2G01170	0.9018957651096536
AT2G33830	AT3G16180	0.9125764113616901
AT2G33830	AT3G01310	0.9175299036361447
AT2G33830	AT1G12845	0.929333144219922
AT2G33830	AT1G53035	0.9012903948327187
AT2G33830	AT1G75960	0.9432241649866903
AT2G33830	AT4G19390	0.9002658195191711
AT2G33830	AT4G14230	0.9131390496829498
AT2G33830	AT3G05800	0.9016897121512152
AT4G23493	AT5G25450	0.9146497274938807
AT4G23493	AT2G32120	0.9390075072811054
AT4G23493	AT1G16030	0.9184917784049813
AT4G23493	AT2G19310	0.9241429148108482
AT4G23493	AT1G67360	0.9506279346976942
AT4G23493	AT4G36988	0.9099874684549669
AT4G23493	AT5G35320	0.9163452702843242
AT4G23493	AT1G03070	0.9084012820429581
AT4G23493	AT3G07150	0.9521820606592936
AT4G23493	AT2G25140	0.9143820988844931
AT4G23493	AT2G21940	0.9107091190272779
AT4G23493	AT4G17250	0.9056576643777368
AT4G23493	AT3G03520	0.9037614515261077
AT4G23493	AT2G41160	0.9093814930543379
AT4G23493	AT5G53400	0.9010870903342427
AT4G23493	AT2G36460	0.9060316307477666
AT4G23493	AT5G58787	0.9235684055199045
AT2G20670	AT4G10910	0.9062808244190085
AT2G20670	AT1G80440	0.957487361725572
AT2G20670	AT2G18700	0.9250904179398425
AT2G20670	AT5G19120	0.9587273248589029
AT2G20670	AT3G15500	0.9057078411283805
AT2G20670	AT1G70290	0.9128015644422696
AT2G32690	AT4G38680	0.9251356938203121
AT3G24500	AT5G64510	0.9130854512251348
AT3G24500	AT1G54050	0.917336438284525
AT3G24500	AT3G51910	0.9019178928999003
AT3G24500	AT1G30070	0.918236385902411
AT3G24500	AT1G66080	0.9189305822423046
AT3G24500	AT5G18340	0.9217732323548575
AT3G24500	AT3G09350	0.941267165590873
AT3G24500	AT1G67360	0.9417790155818058
AT3G24500	AT4G36988	0.9146220529697202
AT3G24500	AT1G07350	0.9667064318870147
AT3G24500	AT5G35320	0.9603634198960906
AT3G24500	AT3G08970	0.9048890924811972
AT3G24500	AT4G11660	0.9729869642411134
AT3G24500	AT1G14200	0.9216791305242718
AT3G24500	AT5G09590	0.9171562823932701
AT3G24500	AT5G47610	0.9322360678330157
AT3G24500	AT3G07090	0.9355967846025808
AT3G24500	AT2G25140	0.9088057309180968
AT3G24500	AT5G23480	0.9139763620737918
AT3G24500	AT3G12050	0.9263607649247064
AT3G24500	AT3G25230	0.9358314033128913
AT3G24500	AT1G56170	0.9332514639538715
AT3G24500	AT5G62020	0.9298135105650958
AT3G24500	AT3G17611	0.9399997669643667
AT3G24500	AT1G55530	0.9709633389021065
AT3G24500	AT2G41160	0.9191116785508182
AT3G24500	AT3G57880	0.9062124940988266
AT5G57220	AT1G19380	0.9037603336125899
AT5G57220	AT3G30775	0.9303547851482379
AT5G57220	AT1G66160	0.9270502052836551
AT3G04010	AT2G47890	0.9365782237168632
AT3G04010	AT1G49650	0.9090833694463676
AT3G04010	AT2G17840	0.9284836910516151
AT3G04010	AT5G02860	0.9102760732422246
AT3G04010	AT1G27630	0.9129734458340237
AT3G04010	AT4G02370	0.9172469496692598
AT3G04010	AT3G59820	0.9218845322849551
AT3G04010	AT4G12750	0.9208475440241212
AT3G04010	AT1G21680	0.904100901635783
AT2G27420	AT5G54130	0.9222970485843577
AT2G27420	AT3G17609	0.9076122525373976
AT2G27420	AT3G51240	0.9314405975868152
AT2G27420	AT2G45800	0.9002023633821654
AT2G27420	AT5G15950	0.9270566769629324
AT2G27420	AT4G01080	0.9442521608880383
AT2G27420	AT5G42760	0.9505569314606424
AT2G27420	AT1G65870	0.9065501215057484
AT2G27420	AT1G78290	0.9068312665240765
AT2G27420	AT3G19450	0.9105284072873678
AT4G30660	AT1G19370	0.9147348973324388
AT4G30660	AT3G46970	0.9717556682391522
AT4G30660	AT2G42530	0.9551794623151986
AT4G30660	AT2G28900	0.9367346903460141
AT4G30660	AT5G06690	0.9218256678444348
AT4G30660	AT4G09020	0.9629278993495848
AT4G30660	AT1G49720	0.918850761035012
AT4G30660	AT4G26670	0.9419155691816493
AT4G30660	AT1G28050	0.9277552558375618
AT4G30660	AT4G01130	0.9461554568926672
AT4G30660	AT1G64890	0.9494569968177052
AT4G30660	AT1G10760	0.9852961897458362
AT4G30660	AT3G47860	0.9182228246579335
AT4G30660	AT5G64860	0.9702485540457224
AT4G30660	AT4G32340	0.9597361015538854
AT4G30660	AT5G26570	0.9496792738385735
AT4G30660	AT5G15960	0.9157359297800503
AT4G30660	AT5G39410	0.9449673801628006
AT4G30660	AT2G28840	0.9624580460396776
AT4G30660	AT1G29395	0.9429477725884509
AT4G30660	AT3G26740	0.9317954223351276
AT4G30660	AT5G51570	0.9105851785482085
AT4G30660	AT3G18080	0.9551536226740138
AT4G30660	AT3G05880	0.9388404421020983
AT4G30660	AT3G10410	0.9149352557031589
AT4G30660	AT5G57110	0.9045344051959539
AT4G30660	AT5G27280	0.946520163017659
AT4G30660	AT2G45560	0.932624256151797
AT4G30660	AT3G52180	0.9493855602448608
AT4G30660	AT1G67660	0.9524893829528335
AT4G30660	AT4G18520	0.911164393587246
AT4G30660	AT4G18240	0.9322826169263387
AT4G30660	AT2G17840	0.9218012591350576
AT4G30660	AT5G14550	0.9158490920785175
AT4G30660	AT5G02860	0.9107292359435515
AT4G30660	AT1G79440	0.9236221072688897
AT4G30660	AT2G06925	0.9003243341693338
AT4G30660	AT1G27630	0.939564360503795
AT4G30660	245432_at	0.9546995623012946
AT4G30660	AT5G63810	0.9440073236521318
AT4G30660	AT1G70820	0.9546540093440391
AT4G30660	AT1G51610	0.9175432286524386
AT4G30660	AT1G69830	0.9833105792798833
AT4G30660	AT2G15970	0.9569566812264314
AT4G30660	AT1G31850	0.9217798590529536
AT4G30660	AT3G14310	0.9274965028685362
AT4G30660	AT2G01170	0.968407333134913
AT4G30660	AT2G39900	0.9474771306977756
AT4G30660	AT2G02100	0.9337029083593399
AT4G30660	AT3G58570	0.9590661615698031
AT4G30660	AT3G16180	0.9345937858891468
AT4G30660	AT3G01310	0.9745271958700954
AT4G30660	AT1G12845	0.9356518290451045
AT4G30660	AT2G43535	0.9341150699934129
AT4G30660	AT4G05330	0.907725606510193
AT4G30660	AT1G53035	0.9250764882516105
AT4G30660	AT4G11600	0.934888490555575
AT4G30660	AT1G75960	0.9098182376316242
AT4G30660	AT4G19390	0.9258089899391252
AT4G30660	AT1G06460	0.9712231453654944
AT4G30660	AT3G46440	0.9402408754132877
AT4G30660	AT1G13930	0.9489294005365351
AT4G30660	AT5G63420	0.9102738640659649
AT4G30660	AT4G33490	0.9357790697739695
AT4G30660	AT4G14230	0.9474857449236391
AT4G30660	AT5G27930	0.9118414932296375
AT1G20190	AT5G03870	0.9180450102861495
AT4G27657	AT2G46735	0.9059415208246119
AT4G27657	AT2G29450	0.9008245299946246
AT1G19370	AT3G46970	0.9204646175830697
AT1G19370	AT5G06690	0.9263553516284248
AT1G19370	AT4G09020	0.9185543269082094
AT1G19370	AT1G49720	0.9425339331425313
AT1G19370	AT4G26670	0.9466396035388243
AT1G19370	AT2G25930	0.9176555555715895
AT1G19370	AT4G01130	0.9432851156025877
AT1G19370	AT1G10760	0.9372285127569471
AT1G19370	AT3G47860	0.9324263708785542
AT1G19370	AT5G64860	0.9513060210356588
AT1G19370	AT5G54960	0.9002980509864081
AT1G19370	AT5G39410	0.9397280183767172
AT1G19370	AT2G25730	0.9021208556537952
AT1G19370	AT2G28840	0.9543915801162411
AT1G19370	AT5G51570	0.9110802976361587
AT1G19370	AT4G39090	0.9112209975924039
AT1G19370	AT3G05880	0.9284436771479185
AT1G19370	AT5G27280	0.9425224606295141
AT1G19370	AT1G49650	0.9265309576124199
AT1G19370	AT2G29630	0.905885075046287
AT1G19370	AT1G67660	0.9226247884590837
AT1G19370	AT5G14920	0.9058893737481201
AT1G19370	AT4G18520	0.9326676040096522
AT1G19370	AT2G17840	0.9499478379393154
AT1G19370	AT5G14550	0.9345219770669099
AT1G19370	AT5G02860	0.95004727491982
AT1G19370	AT1G79440	0.9004421314572061
AT1G19370	AT1G27630	0.9512204127674253
AT1G19370	AT4G02370	0.9484758785384613
AT1G19370	AT1G70820	0.9032755478713157
AT1G19370	AT1G69830	0.9111560512046877
AT1G19370	AT3G14310	0.9508664594692224
AT1G19370	AT2G39900	0.9336802752874558
AT1G19370	AT3G58570	0.912030175971855
AT1G19370	AT3G01310	0.9354181251564526
AT1G19370	AT3G26580	0.9347347154873539
AT1G19370	AT3G56720	0.9017952511244139
AT1G19370	AT4G05330	0.9306188539027417
AT1G19370	AT5G63420	0.9162804218967368
AT1G19370	AT2G19450	0.9134733073872041
AT1G19370	AT4G33490	0.911507357265518
AT1G19370	AT4G14230	0.9165868055695806
AT3G46970	AT2G42530	0.9565841071897125
AT3G46970	AT5G60100	0.9127359368106452
AT3G46970	AT2G28900	0.9767970371267104
AT3G46970	AT4G09020	0.9841826039835414
AT3G46970	AT4G12280	0.9441146334574384
AT3G46970	AT4G26670	0.923322397160733
AT3G46970	AT1G28050	0.9295700982040555
AT3G46970	AT4G01130	0.9174225700530795
AT3G46970	AT1G64890	0.9352716107061843
AT3G46970	AT3G63160	0.9067262342179525
AT3G46970	AT1G10760	0.9727894060432535
AT3G46970	AT3G47860	0.9378283349819956
AT3G46970	AT5G64860	0.950312909273279
AT3G46970	AT4G32340	0.9704165498082309
AT3G46970	AT5G26570	0.9742697943407252
AT3G46970	AT5G15960	0.908230162029569
AT3G46970	AT5G61380	0.9075038966553272
AT3G46970	AT5G39410	0.9518023983055335
AT3G46970	AT2G25730	0.916631882666789
AT3G46970	AT2G28840	0.9726128209900943
AT3G46970	AT1G29395	0.9180949441061157
AT3G46970	AT5G23660	0.9000734107951569
AT3G46970	AT5G51570	0.922433240615444
AT3G46970	AT4G19120	0.9046712529863649
AT3G46970	AT1G51090	0.9094002126165762
AT3G46970	AT3G18080	0.9507328924540415
AT3G46970	AT3G05880	0.9361999542044367
AT3G46970	AT3G10410	0.9444550601066167
AT3G46970	AT5G57110	0.9181988381191252
AT3G46970	AT5G27280	0.9080202734146987
AT3G46970	AT2G45560	0.9184399793912517
AT3G46970	AT3G52180	0.9682812230431297
AT3G46970	AT2G29630	0.9048523126080716
AT3G46970	AT1G67660	0.923697775972314
AT3G46970	AT4G18240	0.9622565315091275
AT3G46970	AT2G17840	0.9161084806690248
AT3G46970	AT5G14550	0.9311107188908532
AT3G46970	AT5G11150	0.9318997974304527
AT3G46970	AT1G79440	0.9236086119033865
AT3G46970	AT4G33700	0.9369720955757758
AT3G46970	AT1G27630	0.9337363883157228
AT3G46970	245432_at	0.9213851281682456
AT3G46970	AT5G63810	0.9078817124571705
AT3G46970	AT4G17140	0.9188103550194494
AT3G46970	AT1G51610	0.9220094829663017
AT3G46970	AT1G69830	0.9778047228083171
AT3G46970	AT2G15970	0.9133281271386637
AT3G46970	AT1G31850	0.9626729061433645
AT3G46970	AT3G14310	0.9400091955854017
AT3G46970	AT2G01170	0.9508540962211539
AT3G46970	AT2G39900	0.9107745403118609
AT3G46970	AT2G02100	0.9383084395306099
AT3G46970	AT3G58570	0.9381094969628232
AT3G46970	AT3G16180	0.9559725186080172
AT3G46970	AT3G01310	0.9467975689196017
AT3G46970	AT2G43535	0.9349267771162304
AT3G46970	AT1G53035	0.9292147423361432
AT3G46970	AT4G11600	0.9455181810083689
AT3G46970	AT4G19390	0.9672593331138033
AT3G46970	AT1G06460	0.9384769125812575
AT3G46970	AT3G46440	0.9707016016403366
AT3G46970	AT1G13930	0.9131997518762821
AT3G46970	AT5G63420	0.9210135685988771
AT3G46970	AT4G33490	0.9340819307530082
AT3G46970	AT4G14230	0.945506001922082
AT3G46970	AT5G27930	0.9033651453888575
AT3G54500	AT5G06980	0.970779740866218
AT3G54500	AT5G52570	0.9423949972668955
AT3G54500	AT1G16730	0.9094271401358761
AT3G54500	AT1G07180	0.921896899003873
AT3G54500	AT2G41250	0.9278258380379092
AT3G54500	AT5G64170	0.9551051241103371
AT3G54500	AT3G59060	0.9000047216483972
AT3G54500	AT1G66100	0.9007284253324902
AT3G54500	AT5G36910	0.9052327976157345
AT5G25140	AT5G52570	0.9537264382541346
AT5G25140	AT1G16730	0.9317218325522585
AT5G25140	AT5G17300	0.9024281071697725
AT5G25140	AT2G41250	0.9268871095121592
AT5G25140	AT5G15850	0.9069471542339669
AT5G25140	AT5G22390	0.9149691368866131
AT5G25140	AT2G31380	0.902514832473611
AT5G25140	AT1G13080	0.9154758610178539
AT5G25140	AT1G75100	0.946037505157836
AT2G47890	AT5G06690	0.9053217330519189
AT2G47890	AT4G09020	0.9171543435880222
AT2G47890	AT1G49230	0.9573851488741512
AT2G47890	AT4G26670	0.9341264169825078
AT2G47890	AT1G28050	0.9167369583858848
AT2G47890	AT4G01130	0.9041060521891414
AT2G47890	AT1G10760	0.9369846552988652
AT2G47890	AT3G47860	0.9253694049577638
AT2G47890	AT5G64860	0.9299072235076308
AT2G47890	AT5G39410	0.9300244436048651
AT2G47890	AT2G25730	0.9008824223599801
AT2G47890	AT2G28840	0.9461929574549847
AT2G47890	AT5G51570	0.9165427072841765
AT2G47890	AT4G39090	0.9247117581503885
AT2G47890	AT2G31360	0.9167019669008222
AT2G47890	AT5G27280	0.9081192255967128
AT2G47890	AT2G45560	0.9230038166011443
AT2G47890	AT1G49650	0.9274951528009275
AT2G47890	AT2G16660	0.9168581832337963
AT2G47890	AT2G29630	0.9056488439874468
AT2G47890	AT1G67660	0.9535153889708097
AT2G47890	AT5G14920	0.9092491779828973
AT2G47890	AT2G17840	0.9548004384524057
AT2G47890	AT1G51940	0.9104521286538407
AT2G47890	AT5G02860	0.9185567254415947
AT2G47890	AT1G27630	0.9559961266594879
AT2G47890	AT4G02370	0.9396583196826411
AT2G47890	AT5G03240	0.91028736994499
AT2G47890	AT1G51610	0.9016856051403606
AT2G47890	AT3G14310	0.9272678288512336
AT2G47890	AT2G01170	0.9049875454685076
AT2G47890	AT3G58570	0.9244901122223197
AT2G47890	AT3G01310	0.9028532395229593
AT2G47890	AT3G26580	0.91149129770426
AT2G47890	AT1G21680	0.910485712373873
AT2G47890	AT4G11600	0.9407054661378369
AT2G47890	AT4G14230	0.9173229149157446
AT5G64510	AT1G54050	0.9166746097719072
AT5G64510	AT5G25450	0.9691882332360214
AT5G64510	AT2G32120	0.9440623213392884
AT5G64510	AT1G16030	0.9424707818209501
AT5G64510	AT1G17870	0.9251635284042419
AT5G64510	AT1G30070	0.980428518030556
AT5G64510	AT3G20180	0.93276312539898
AT5G64510	AT5G18340	0.9351977014958461
AT5G64510	AT5G12110	0.940516644834483
AT5G64510	AT2G19310	0.928564915573222
AT5G64510	AT3G09350	0.9369916835520034
AT5G64510	AT1G67360	0.9001649537698329
AT5G64510	AT4G36988	0.9526725099937546
AT5G64510	AT1G07350	0.9635601594140557
AT5G64510	AT5G47830	0.9424524310881741
AT5G64510	AT5G35320	0.9188243835520641
AT5G64510	AT4G29770	0.9007043585045661
AT5G64510	AT3G17110	0.9121354534179595
AT5G64510	AT3G08970	0.9476060957200682
AT5G64510	AT5G09590	0.9708671970297293
AT5G64510	AT1G03070	0.9132834868126479
AT5G64510	AT3G07150	0.9365983179785423
AT5G64510	AT3G53230	0.9502830312027322
AT5G64510	AT5G47610	0.903688237618628
AT5G64510	AT3G22090	0.9041837612963893
AT5G64510	AT2G25140	0.9596679968519451
AT5G64510	AT5G23480	0.9023765434653167
AT5G64510	AT3G12050	0.9553991214617695
AT5G64510	AT3G25230	0.963952939020946
AT5G64510	AT4G23885	0.9066515636772222
AT5G64510	AT3G23990	0.9749582420359953
AT5G64510	AT1G55530	0.9196184701177301
AT5G64510	AT2G21940	0.9402387696798893
AT5G64510	AT5G58590	0.9476195064553307
AT5G64510	AT3G03520	0.9205346628479171
AT5G64510	AT2G41160	0.9553630634490912
AT5G64510	AT5G53400	0.9546706804919083
AT5G64510	AT3G52830	0.9076809874590867
AT5G64510	AT4G26780	0.903829879468719
AT5G64510	AT3G07770	0.9421774372246899
AT5G64510	AT3G57880	0.9370452296000287
AT2G26560	AT4G38550	0.9054232266861526
AT2G26560	AT1G21130	0.9011357650224004
AT5G13170	AT3G09600	0.9212104063966482
AT5G13170	AT1G01520	0.9197223665047108
AT5G13170	AT5G17300	0.900602480368929
AT5G13170	AT1G07180	0.9298159183968436
AT5G13170	AT2G41250	0.9240741918275102
AT5G13170	AT1G55960	0.9149490958004748
AT5G13170	AT1G10370	0.9233616208465077
AT5G13170	AT5G15850	0.9003537527432903
AT5G13170	AT4G31870	0.9463563496102133
AT5G13170	AT3G47420	0.935157652515911
AT5G13170	AT5G23730	0.941840821667261
AT5G13170	AT2G31380	0.9357471782780854
AT5G13170	AT4G08300	0.9204691434012682
AT5G13170	AT4G02850	0.9491755144383324
AT5G13170	AT5G24120	0.9268409012353114
AT5G13170	AT3G01550	0.9024286153176013
AT5G13170	AT4G15430	0.9360278146975124
AT5G13170	AT2G24540	0.9277320509351923
AT2G42530	AT5G60100	0.9054566749598554
AT2G42530	AT2G28900	0.9586458595164951
AT2G42530	AT4G09020	0.9389983387469198
AT2G42530	AT1G28050	0.9026579359513299
AT2G42530	AT1G64890	0.9086151190516975
AT2G42530	AT1G10760	0.9330027679242557
AT2G42530	AT5G64860	0.9261471024574066
AT2G42530	AT4G32340	0.9483294871648092
AT2G42530	AT5G26570	0.9532049841083575
AT2G42530	AT5G15960	0.9249391144385503
AT2G42530	AT5G39410	0.9065355084163544
AT2G42530	AT2G28840	0.9231418951368662
AT2G42530	AT1G29395	0.9405442422875357
AT2G42530	AT4G19120	0.9032757122321653
AT2G42530	AT1G51090	0.9321409892622372
AT2G42530	AT3G18080	0.9254171781931718
AT2G42530	AT3G05880	0.9274042018637974
AT2G42530	AT3G10410	0.9086196859566101
AT2G42530	AT5G57110	0.9432915054621095
AT2G42530	AT3G52180	0.9414912473429334
AT2G42530	AT4G18240	0.9172139005411887
AT2G42530	AT5G11150	0.9378251517572312
AT2G42530	AT3G28290	0.9190217470610456
AT2G42530	AT1G79440	0.9457393599301203
AT2G42530	245432_at	0.9512260967261892
AT2G42530	AT5G63810	0.9373325741563768
AT2G42530	AT4G17140	0.9178860792603288
AT2G42530	AT1G69830	0.9531286272588185
AT2G42530	AT1G49220	0.9232805562218916
AT2G42530	AT2G15970	0.9330434620757189
AT2G42530	AT1G31850	0.9429828112494739
AT2G42530	AT2G01170	0.9235650383418968
AT2G42530	AT2G39900	0.9225611600710777
AT2G42530	AT2G02100	0.9552394221617873
AT2G42530	AT3G58570	0.9247173266981942
AT2G42530	AT3G16180	0.9605554501546052
AT2G42530	AT3G01310	0.9348932686773284
AT2G42530	AT1G12845	0.9241433054988463
AT2G42530	AT2G43535	0.9194866006100133
AT2G42530	AT1G53035	0.9480440057952334
AT2G42530	AT4G11600	0.9045486919672561
AT2G42530	AT4G19390	0.9269196771456545
AT2G42530	AT1G06460	0.9426316289840149
AT2G42530	AT3G46440	0.9317205643261549
AT2G42530	AT4G33490	0.9273513780815453
AT2G42530	AT4G14230	0.9133231620900103
AT2G42530	AT3G05800	0.9218965717455572
AT3G09600	AT1G01520	0.9026625666155388
AT3G09600	AT5G17300	0.909398240778896
AT3G09600	AT1G07180	0.9326734511783848
AT3G09600	AT1G55960	0.9286559743329205
AT3G09600	AT1G10370	0.9718169101517283
AT3G09600	AT5G15850	0.9401245846746538
AT3G09600	AT4G31870	0.9381826443241756
AT3G09600	AT3G17609	0.9215397228871077
AT3G09600	AT5G23730	0.9350515239687079
AT3G09600	AT2G31380	0.9274732374911876
AT3G09600	AT3G27170	0.9199296449718063
AT3G09600	AT4G08300	0.9519098764965888
AT3G09600	AT1G64500	0.9300068193117794
AT3G09600	AT5G24120	0.9543607761047055
AT3G09600	AT5G18670	0.9425461638825333
AT3G09600	AT3G01550	0.9319116066917821
AT3G09600	AT4G15430	0.9463023359026644
AT3G09600	AT3G56290	0.9550087676098189
AT3G09600	AT2G24540	0.9439760409223354
AT3G09600	AT3G01060	0.9405933119204695
AT3G09600	AT4G38960	0.9171382077828115
AT3G09600	AT5G39660	0.9315434145690703
AT3G09600	AT3G24170	0.9201857481662734
AT3G09600	AT5G15600	0.9579907332256844
AT1G54050	AT5G25450	0.9467923153699067
AT1G54050	AT2G32120	0.947556390948611
AT1G54050	AT1G30070	0.9078116227709367
AT1G54050	AT2G19310	0.9456710058614417
AT1G54050	AT1G67360	0.9269330584229106
AT1G54050	AT1G07350	0.9286568411341571
AT1G54050	AT5G47830	0.9100183100378169
AT1G54050	AT5G35320	0.9379802430948212
AT1G54050	AT3G08970	0.9144183884853685
AT1G54050	AT5G09590	0.9275170942150975
AT1G54050	AT3G07150	0.9232006150806218
AT1G54050	AT3G17611	0.929439414759167
AT1G54050	AT2G21940	0.9317025013516219
AT1G54050	AT2G36460	0.9032858905373469
AT1G01520	AT1G16730	0.9069572432145058
AT1G01520	AT1G07180	0.9185233375716558
AT1G01520	AT1G55960	0.919594777840747
AT1G01520	AT1G10370	0.9310153697095427
AT1G01520	AT5G15850	0.9176917982931377
AT1G01520	AT4G31870	0.9097047649490648
AT1G01520	AT2G31380	0.9541084942583479
AT1G01520	AT3G27170	0.9313607757154049
AT1G01520	AT4G08300	0.9014844587093374
AT1G01520	AT2G24540	0.9549017309564827
AT1G01520	AT1G75100	0.9000103259973612
AT1G13700	AT3G15450	0.9119229499718461
AT1G13700	AT2G18700	0.9031558880897459
AT1G13700	AT3G15500	0.9205913853282005
AT3G51910	AT1G66080	0.9531398075688244
AT3G51910	AT3G09350	0.9620102172533593
AT3G51910	AT1G26800	0.9331786083886049
AT3G51910	AT5G35320	0.9402452016621456
AT3G51910	AT3G08970	0.9095964864214219
AT3G51910	AT4G11660	0.9199108576039063
AT3G51910	AT1G14200	0.9425869238202337
AT3G51910	AT4G23570	0.9213361294226823
AT3G51910	AT3G07090	0.93465187576003
AT3G51910	AT2G25140	0.9014059623812128
AT3G51910	AT5G23480	0.9206219969467397
AT3G51910	AT3G12050	0.9127889103003766
AT3G51910	AT3G17611	0.9062711670206832
AT3G51910	AT1G55530	0.9249163848750639
AT3G51910	AT2G41160	0.9175500786350945
AT3G51910	AT4G30490	0.9257539161826587
AT5G25450	AT2G32120	0.9805075249868803
AT5G25450	AT1G16030	0.9574396335810935
AT5G25450	AT1G17870	0.9416157670406244
AT5G25450	AT1G30070	0.9651352799746757
AT5G25450	AT1G21550	0.933096283395663
AT5G25450	AT3G20180	0.9424323928796164
AT5G25450	AT5G18340	0.9043434285012933
AT5G25450	AT5G12110	0.9096472507696682
AT5G25450	AT5G10695	0.9187452656295757
AT5G25450	AT2G19310	0.9486793671935124
AT5G25450	AT3G09350	0.9194105630335346
AT5G25450	AT1G67360	0.9119026516211198
AT5G25450	AT4G36988	0.93768221785488
AT5G25450	AT1G07350	0.924886036606938
AT5G25450	AT5G47830	0.9576999618298587
AT5G25450	AT5G35320	0.9239490284439863
AT5G25450	AT3G17110	0.9091773691780056
AT5G25450	AT3G08970	0.9469596215665983
AT5G25450	AT5G09590	0.9643680305161197
AT5G25450	AT1G59980	0.9152756583114112
AT5G25450	AT1G03070	0.9345169785410825
AT5G25450	AT3G07150	0.9691359319722072
AT5G25450	AT3G53230	0.9572849490320676
AT5G25450	AT1G07500	0.9035188170713709
AT5G25450	AT1G44414	0.9142101685406256
AT5G25450	AT3G22090	0.9197524338683637
AT5G25450	AT2G25140	0.9512030012850253
AT5G25450	AT3G12050	0.923155183775625
AT5G25450	AT3G25230	0.9308846086120891
AT5G25450	AT4G23885	0.9271823153703342
AT5G25450	AT3G23990	0.9523316573662928
AT5G25450	AT2G21940	0.9645503880379397
AT5G25450	AT5G58590	0.9149003366177108
AT5G25450	AT3G03520	0.951563661363506
AT5G25450	AT2G41160	0.9415546888334544
AT5G25450	AT5G53400	0.943467698164526
AT5G25450	AT4G26780	0.9468627509243823
AT5G25450	AT2G36460	0.9355629543539823
AT5G25450	AT5G58787	0.9374183318374589
AT5G25450	AT3G07770	0.9370022231369491
AT5G06980	AT5G52570	0.928934466980107
AT5G06980	AT1G16730	0.9141638245560504
AT5G06980	AT1G07180	0.9299671762066888
AT5G06980	AT2G41250	0.904770366140804
AT5G06980	AT5G64170	0.936004927408162
AT5G06980	AT5G04190	0.9039124047907948
AT5G06980	AT3G59060	0.9318330294973414
AT5G06980	AT1G66100	0.9041610763149719
AT5G06980	AT5G36910	0.9214978622538907
AT5G06980	AT1G69570	0.9183938911230807
AT5G60100	AT2G28900	0.938681739039991
AT5G60100	AT4G09020	0.9330130962079012
AT5G60100	AT4G12280	0.9434679969359543
AT5G60100	AT1G64890	0.9035414909294689
AT5G60100	AT4G32340	0.9419599002288987
AT5G60100	AT5G26570	0.9667066410884971
AT5G60100	AT5G15960	0.913098770860549
AT5G60100	AT5G61380	0.9395759885796058
AT5G60100	AT5G39410	0.9078290564593469
AT5G60100	AT5G23660	0.951612418951134
AT5G60100	AT3G10410	0.9664616636280949
AT5G60100	AT5G57110	0.9403956782334115
AT5G60100	AT3G52180	0.917192013798281
AT5G60100	AT4G18240	0.9336285445344611
AT5G60100	AT5G11150	0.9443414007221678
AT5G60100	AT1G79440	0.9041501023415774
AT5G60100	AT4G33700	0.9010103705855542
AT5G60100	AT1G26665	0.9281231358196331
AT5G60100	AT4G17140	0.9130222147235455
AT5G60100	AT3G55450	0.9302539189126771
AT5G60100	AT1G48210	0.9358939031982666
AT5G60100	AT1G49220	0.9353088853383866
AT5G60100	AT1G31850	0.9337227093443277
AT5G60100	AT1G68050	0.913565269168229
AT5G60100	AT2G02100	0.9180583938903522
AT5G60100	AT3G58570	0.912406026907805
AT5G60100	AT3G16180	0.9254692387928325
AT5G60100	AT4G19390	0.9369414390637321
AT5G60100	AT5G63420	0.9257417099646873
AT5G60100	AT4G33490	0.9200527829544438
AT2G28900	AT4G09020	0.9580323258017173
AT2G28900	AT1G76790	0.926340495273833
AT2G28900	AT4G12280	0.9504133614344286
AT2G28900	AT1G28050	0.9002702342094147
AT2G28900	AT1G64890	0.9141625703028072
AT2G28900	AT3G63160	0.9577328272993034
AT2G28900	AT1G10760	0.9326818788384511
AT2G28900	AT3G47860	0.9060224406592191
AT2G28900	AT5G64860	0.9016648788693491
AT2G28900	AT4G32340	0.9551940245614099
AT2G28900	AT5G26570	0.9788437792540463
AT2G28900	AT5G39410	0.901250844275336
AT2G28900	AT2G28840	0.9276206257138452
AT2G28900	AT4G19120	0.901800249187084
AT2G28900	AT1G51090	0.9174294924822926
AT2G28900	AT3G18080	0.9246857540108783
AT2G28900	AT3G05880	0.904932531624732
AT2G28900	AT3G10410	0.9390930006443764
AT2G28900	AT5G57110	0.9183670712197968
AT2G28900	AT3G52180	0.9674330433291535
AT2G28900	AT4G18240	0.9617963419559267
AT2G28900	AT5G11150	0.9497190280431408
AT2G28900	AT1G79440	0.9103577855066581
AT2G28900	AT4G33700	0.9132311946092792
AT2G28900	245432_at	0.9112073698442099
AT2G28900	AT2G43550	0.953653751700848
AT2G28900	AT4G17140	0.9408282651398697
AT2G28900	AT3G55450	0.932062284024202
AT2G28900	AT1G69830	0.9453622616640618
AT2G28900	AT1G49220	0.9091443289024619
AT2G28900	AT1G31850	0.9827045868934821
AT2G28900	AT3G14310	0.9066411756616141
AT2G28900	AT2G01170	0.9035197158076727
AT2G28900	AT2G02100	0.9386602359871073
AT2G28900	AT3G58570	0.9096148723927464
AT2G28900	AT3G16180	0.9575961663569189
AT2G28900	AT2G43535	0.9546863213521194
AT2G28900	AT1G53035	0.9275521489810084
AT2G28900	AT4G11600	0.928934941521153
AT2G28900	AT4G19390	0.956931320500672
AT2G28900	AT3G46440	0.9626686280021325
AT2G28900	AT1G69870	0.9067743168480382
AT5G06690	AT4G09020	0.9020615986100433
AT5G06690	AT1G49230	0.9012097870645501
AT5G06690	AT1G49720	0.9501980608583762
AT5G06690	AT4G26670	0.9339215905929852
AT5G06690	AT1G28050	0.9110400856577751
AT5G06690	AT2G25930	0.9188044450048967
AT5G06690	AT4G01130	0.9601609292953265
AT5G06690	AT2G15890	0.9133296974452494
AT5G06690	AT1G10760	0.9407983159227074
AT5G06690	AT3G47860	0.9299101945610545
AT5G06690	AT5G64860	0.9579686289321517
AT5G06690	AT5G59570	0.9195977680602374
AT5G06690	AT5G39410	0.9364414835451936
AT5G06690	AT5G44010	0.9278205599800099
AT5G06690	AT2G25730	0.9179817866493754
AT5G06690	AT2G28840	0.9358895369385821
AT5G06690	AT3G26740	0.9688441606411388
AT5G06690	AT5G51570	0.9274568532553581
AT5G06690	AT4G39090	0.9649258218509554
AT5G06690	AT3G05880	0.951443447365864
AT5G06690	AT3G50500	0.9231569069542888
AT5G06690	AT5G27280	0.94989480268141
AT5G06690	AT1G49650	0.9424483938860249
AT5G06690	AT2G29630	0.9321773563342499
AT5G06690	AT1G67660	0.9637892976314276
AT5G06690	AT5G14920	0.9121305036151287
AT5G06690	AT3G53800	0.9105739535667565
AT5G06690	AT4G18520	0.9135086325113925
AT5G06690	AT2G17840	0.940944342764619
AT5G06690	AT5G14550	0.9019165876510963
AT5G06690	AT1G51940	0.9220259071973494
AT5G06690	AT5G02860	0.9522140274995606
AT5G06690	AT1G79440	0.9148416707738568
AT5G06690	AT1G27630	0.9445500097538182
AT5G06690	AT4G02370	0.9458214004229407
AT5G06690	AT1G70820	0.9314301238463275
AT5G06690	AT3G50700	0.9148156417650504
AT5G06690	AT5G03240	0.937161972380252
AT5G06690	AT1G69830	0.9068586984906477
AT5G06690	AT2G15970	0.9119972654439928
AT5G06690	AT1G12710	0.9031584850823875
AT5G06690	AT3G14310	0.9608781880389704
AT5G06690	AT2G39900	0.9343281653052747
AT5G06690	AT2G02100	0.9216878765437049
AT5G06690	AT3G58570	0.9445992343441897
AT5G06690	AT3G01310	0.9423950567921563
AT5G06690	AT3G26580	0.9549833673903245
AT5G06690	AT3G56720	0.9128534780154589
AT5G06690	AT4G05330	0.958164335626171
AT5G06690	AT1G21680	0.9265368294886803
AT5G06690	AT3G16740	0.9326967869955521
AT5G06690	AT5G63420	0.915382037684148
AT5G06690	AT4G33490	0.9042684130176794
AT2G32120	AT1G16030	0.9554747030424497
AT2G32120	AT1G17870	0.9522501943646464
AT2G32120	AT1G30070	0.9333188422785753
AT2G32120	AT1G21550	0.938319029456226
AT2G32120	AT3G20180	0.9319502721321519
AT2G32120	AT5G10695	0.9169317889900118
AT2G32120	AT2G19310	0.940416847647859
AT2G32120	AT1G67360	0.9108655091500808
AT2G32120	AT4G36988	0.9157594334873367
AT2G32120	AT5G47830	0.9524746172560158
AT2G32120	AT5G35320	0.9071468177637749
AT2G32120	AT4G29770	0.913938542314881
AT2G32120	AT3G08970	0.9302706738842024
AT2G32120	AT5G09590	0.9344898703072538
AT2G32120	AT1G59980	0.9275079977928111
AT2G32120	AT1G03070	0.9445682487972128
AT2G32120	AT3G07150	0.9656831253866885
AT2G32120	AT3G53230	0.9345203505273828
AT2G32120	AT1G07500	0.9176216938127267
AT2G32120	AT1G44414	0.9240660975177691
AT2G32120	AT3G22090	0.9173067968648765
AT2G32120	AT2G25140	0.9413877193107434
AT2G32120	AT5G27660	0.9098285187905162
AT2G32120	AT4G23885	0.9261044661512666
AT2G32120	AT3G23990	0.9211526739444272
AT2G32120	AT2G21940	0.9413769479233911
AT2G32120	AT3G03520	0.9357116518305767
AT2G32120	AT2G41160	0.9200666350143444
AT2G32120	AT5G53400	0.9156138452178184
AT2G32120	AT4G26780	0.9466915412853011
AT2G32120	AT5G58787	0.9652820502224445
AT2G32120	AT3G07770	0.91194079364611
AT5G57560	AT1G35140	0.9407695827503952
AT5G57560	AT1G21910	0.960197999151078
AT5G57560	AT4G08950	0.9205559301120351
AT5G57560	AT1G02660	0.9066458603774556
AT5G57560	AT3G50060	0.9091898181980812
AT5G57560	AT1G73830	0.9098873153292717
AT5G57560	AT2G44500	0.9288875842587199
AT1G35140	AT1G21910	0.9612665661459076
AT1G35140	AT1G19380	0.9049333385078331
AT1G35140	AT3G55980	0.9067515902894633
AT1G35140	AT1G02660	0.9010079772853523
AT1G35140	AT3G50060	0.9280534607176186
AT1G16030	AT1G17870	0.9333857638216065
AT1G16030	AT1G30070	0.9296341128626352
AT1G16030	AT1G21550	0.966850480526496
AT1G16030	AT3G63350	0.946492373399757
AT1G16030	AT3G20180	0.9641293521303922
AT1G16030	AT5G18340	0.9116433245719109
AT1G16030	AT5G10695	0.9661663061682046
AT1G16030	AT1G67360	0.9021495146766191
AT1G16030	AT4G36988	0.9469717297226241
AT1G16030	AT5G47830	0.9214539948316629
AT1G16030	AT3G17110	0.9562509547376008
AT1G16030	AT3G08970	0.9556487654052169
AT1G16030	AT5G09590	0.9432307485365523
AT1G16030	AT1G03070	0.9918405445268301
AT1G16030	AT3G07150	0.9778015796738939
AT1G16030	AT3G53230	0.9658652343629253
AT1G16030	AT1G07500	0.9068157474997988
AT1G16030	AT1G44414	0.9485603646591578
AT1G16030	AT3G22090	0.9191366362314123
AT1G16030	AT2G25140	0.9579616234250491
AT1G16030	AT5G27660	0.9226651943053267
AT1G16030	AT5G05410	0.935126304314726
AT1G16030	AT5G23480	0.9016599033456069
AT1G16030	AT3G12050	0.9303621883539931
AT1G16030	AT3G25230	0.919307044391516
AT1G16030	AT4G23885	0.9388123434777623
AT1G16030	AT3G23990	0.9393153407616187
AT1G16030	AT2G21940	0.9517785793287842
AT1G16030	AT5G58590	0.9223052753543671
AT1G16030	AT4G17250	0.9270454178449162
AT1G16030	AT3G03520	0.9819199851464896
AT1G16030	AT2G41160	0.9639696610335086
AT1G16030	AT5G53400	0.9635678958746806
AT1G16030	AT3G52830	0.9120591892997757
AT1G16030	AT4G26780	0.9562254546530041
AT1G16030	AT2G36460	0.9366121920210182
AT1G16030	AT5G58787	0.9664816822199297
AT1G16030	AT3G07770	0.9223886240931687
AT5G52570	AT1G16730	0.9620671614113581
AT5G52570	AT1G07180	0.9413394719735236
AT5G52570	AT2G41250	0.9469417079712933
AT5G52570	AT5G15850	0.9409521664763526
AT5G52570	AT5G64170	0.9021380556789069
AT5G52570	AT2G31380	0.9345646579829348
AT5G52570	AT3G27170	0.9015220280910872
AT5G52570	AT2G24540	0.9113947806226175
AT5G52570	AT1G75100	0.9566137019509288
AT1G36940	AT4G27440	0.9293532451678005
AT1G36940	AT1G51940	0.9277700291590275
AT1G36940	AT3G50700	0.9360798705437449
AT1G36940	AT5G43440	0.9024586168574364
AT1G36940	AT3G56720	0.9533259696589166
AT1G36940	AT1G33970	0.9437131414148678
AT1G36940	AT5G62350	0.9204281666177151
AT4G09020	AT1G76790	0.9003177559372422
AT4G09020	AT4G12280	0.9512378726380414
AT4G09020	AT4G26670	0.9546872353072335
AT4G09020	AT1G28050	0.9466831967561399
AT4G09020	AT2G25930	0.9250115055136455
AT4G09020	AT4G01130	0.9360780322029735
AT4G09020	AT1G64890	0.9274105471244809
AT4G09020	AT1G10760	0.9808051865380011
AT4G09020	AT3G47860	0.9717022894515774
AT4G09020	AT5G64860	0.955007953494524
AT4G09020	AT4G32340	0.9766529319303908
AT4G09020	AT5G26570	0.9828089804861954
AT4G09020	AT5G15960	0.9385925469998757
AT4G09020	AT5G61380	0.9373008801386319
AT4G09020	AT5G39410	0.9791844079632082
AT4G09020	AT2G25730	0.9467623810499965
AT4G09020	AT2G28840	0.9611614989959136
AT4G09020	AT1G29395	0.9283786307107428
AT4G09020	AT5G23660	0.9404525145506546
AT4G09020	AT5G51570	0.9454793185802703
AT4G09020	AT3G18080	0.9448101245917486
AT4G09020	AT3G05880	0.9461278307272243
AT4G09020	AT3G10410	0.9738019775416681
AT4G09020	AT5G57110	0.9383307499327797
AT4G09020	AT5G27280	0.9317667283733543
AT4G09020	AT2G45560	0.9413722929821777
AT4G09020	AT3G52180	0.9579982478931072
AT4G09020	AT2G29630	0.9480053462380208
AT4G09020	AT1G67660	0.9420581868496125
AT4G09020	AT4G18240	0.9773157696047311
AT4G09020	AT2G17840	0.9355048120057745
AT4G09020	AT5G14550	0.9577130001245293
AT4G09020	AT5G11150	0.9201657828103812
AT4G09020	AT5G02860	0.9154624867252663
AT4G09020	AT1G79440	0.9355725688663882
AT4G09020	AT4G33700	0.9554256481130003
AT4G09020	AT1G27630	0.9579457850182204
AT4G09020	AT1G26665	0.9307147862978472
AT4G09020	AT5G62720	0.908719677121051
AT4G09020	AT5G63810	0.9051299677435534
AT4G09020	AT5G03240	0.9028407475069872
AT4G09020	AT4G17140	0.9306068647544388
AT4G09020	AT1G51610	0.9274201947927242
AT4G09020	AT1G48210	0.9264093469818705
AT4G09020	AT5G18540	0.9226936788205123
AT4G09020	AT1G69830	0.9630980125492056
AT4G09020	AT2G15970	0.9138428456595464
AT4G09020	AT1G31850	0.947229479672568
AT4G09020	AT3G14310	0.9362361130415358
AT4G09020	AT2G01170	0.9512646394468023
AT4G09020	AT2G02100	0.9504169252147787
AT4G09020	AT3G58570	0.957578962035703
AT4G09020	AT3G16180	0.9393768773145945
AT4G09020	AT3G01310	0.932716659030249
AT4G09020	AT2G43535	0.9086829779136998
AT4G09020	AT1G53035	0.9201090936195739
AT4G09020	AT4G11600	0.9449976330878768
AT4G09020	AT4G19390	0.9589447342711117
AT4G09020	AT1G06460	0.945436421290361
AT4G09020	AT3G46440	0.9543591819281179
AT4G09020	AT5G63420	0.9552162872495137
AT4G09020	AT2G19450	0.9067710273741971
AT4G09020	AT4G33490	0.9655433367250796
AT4G09020	AT4G14230	0.9246693542883657
AT4G09020	AT5G27930	0.916219156285796
AT2G34600	AT3G55980	0.9100849782052678
AT2G34600	AT1G02660	0.9246929847885615
AT1G17870	AT1G30070	0.9079100773377519
AT1G17870	AT1G21550	0.9036242057608114
AT1G17870	AT3G20180	0.9546436075722301
AT1G17870	AT5G47830	0.9745799386389823
AT1G17870	AT4G29770	0.9459562550702252
AT1G17870	AT1G03070	0.9224040918371103
AT1G17870	AT3G07150	0.9013806379652695
AT1G17870	AT3G53230	0.9405072558945811
AT1G17870	AT1G07500	0.9474830012117049
AT1G17870	AT3G22090	0.9141956809340045
AT1G17870	AT5G27660	0.9128570328213526
AT1G17870	AT1G01940	0.9386726542105436
AT1G17870	257239_at	0.9051879959881026
AT1G17870	AT4G23885	0.9380821655687384
AT1G17870	AT3G23990	0.9366134441125668
AT1G17870	AT5G58590	0.9132616289853498
AT1G17870	AT3G03520	0.9245049903883564
AT1G17870	AT3G52830	0.9073253907226518
AT1G17870	AT4G26780	0.957451351465672
AT1G17870	AT5G58787	0.9371495920118648
AT1G17870	AT3G07770	0.9516136035402581
AT1G49230	AT1G28050	0.9243311822029856
AT1G49230	AT3G47860	0.9022169875442961
AT1G49230	AT5G39410	0.9029216964150607
AT1G49230	AT5G44010	0.9038637764743418
AT1G49230	AT2G28840	0.9120500574572146
AT1G49230	AT1G49650	0.9186800075408358
AT1G49230	AT2G29630	0.9112703042050737
AT1G49230	AT1G67660	0.9281714837119943
AT1G49230	AT2G17840	0.9248625031398664
AT1G49230	AT1G27630	0.9302162327763915
AT1G49230	AT4G02370	0.9005763613641752
AT1G49230	AT3G14310	0.9434102078530326
AT1G49230	AT4G19390	0.9020385195863165
AT1G49230	AT5G27930	0.9019268502580154
AT1G30070	AT3G20180	0.9198129246359944
AT1G30070	AT5G18340	0.9256848351426181
AT1G30070	AT5G12110	0.9331450599353556
AT1G30070	AT2G19310	0.9111226862860874
AT1G30070	AT3G09350	0.9423939638306272
AT1G30070	AT1G67360	0.9106317484358538
AT1G30070	AT4G36988	0.9599271973338402
AT1G30070	AT2G47180	0.9064823192978841
AT1G30070	AT1G07350	0.9601694036662082
AT1G30070	AT5G47830	0.9257879401465966
AT1G30070	AT5G35320	0.9310517361867231
AT1G30070	AT3G17110	0.9049583851359272
AT1G30070	AT3G08970	0.9544852619197604
AT1G30070	AT4G11660	0.9024107257568686
AT1G30070	AT5G09590	0.9697804751505107
AT1G30070	AT1G03070	0.9100218112422187
AT1G30070	AT3G07150	0.9258465579010623
AT1G30070	AT3G53230	0.9203327715938578
AT1G30070	AT5G47610	0.9084020043401181
AT1G30070	AT4G23570	0.9058596808633154
AT1G30070	AT1G07500	0.9066356392049675
AT1G30070	AT3G22090	0.9344555083338121
AT1G30070	AT2G25140	0.9663605491434336
AT1G30070	AT3G12050	0.9595111923933207
AT1G30070	AT3G25230	0.9775220916814759
AT1G30070	AT4G23885	0.9151120293425379
AT1G30070	AT3G23990	0.9585009534234339
AT1G30070	AT1G55530	0.9194575120190358
AT1G30070	AT2G21940	0.925684536501656
AT1G30070	AT5G58590	0.9352398753831815
AT1G30070	AT2G41160	0.9522832000954875
AT1G30070	AT5G53400	0.9601891837524369
AT1G30070	AT2G36460	0.9007141585896705
AT1G30070	AT3G07770	0.9267131234121271
AT1G30070	AT3G57880	0.9507726456029435
AT5G25260	AT4G24110	0.9508589277781647
AT1G76790	AT4G12280	0.9102262045672976
AT1G76790	AT3G63160	0.9420859810589164
AT1G76790	AT4G32340	0.9008872411050893
AT1G76790	AT5G26570	0.9224416000147313
AT1G76790	AT4G19120	0.9225473071052285
AT1G76790	AT4G18240	0.906290807138125
AT1G76790	AT1G79440	0.9125033291771213
AT1G76790	AT3G55450	0.9134842755159178
AT1G76790	AT1G31850	0.9487754085157853
AT1G76790	AT3G16180	0.9278270321043885
AT1G76790	AT1G53035	0.9231867601762194
AT1G76790	AT4G11600	0.9305318790105728
AT1G76790	AT4G19390	0.9209083729410322
AT1G76790	AT3G46440	0.9344469335155727
AT4G12280	AT1G64890	0.9043721913768271
AT4G12280	AT3G63160	0.9247537960224553
AT4G12280	AT1G10760	0.9172769652518601
AT4G12280	AT3G47860	0.9270408031347529
AT4G12280	AT4G32340	0.9545448034096572
AT4G12280	AT5G26570	0.9645749601816204
AT4G12280	AT5G61380	0.927287309356652
AT4G12280	AT5G39410	0.9247788315054724
AT4G12280	AT2G25730	0.9322154283966104
AT4G12280	AT2G28840	0.9151363034919024
AT4G12280	AT5G23660	0.9570298582262734
AT4G12280	AT5G51570	0.9059255657469281
AT4G12280	AT3G10410	0.9705673821195394
AT4G12280	AT3G52180	0.9174611005487548
AT4G12280	AT2G29630	0.9074431588472113
AT4G12280	AT4G18240	0.9662185318555748
AT4G12280	AT5G11150	0.9033702268731605
AT4G12280	AT4G33700	0.9608958954822855
AT4G12280	AT1G26665	0.9127756368598521
AT4G12280	AT4G17140	0.9125856728471411
AT4G12280	AT3G55450	0.9584357148241296
AT4G12280	AT1G48210	0.9418427582693368
AT4G12280	AT1G31850	0.9539507915369744
AT4G12280	AT3G16180	0.9094143846140309
AT4G12280	AT2G43535	0.9055478803061081
AT4G12280	AT4G11600	0.9061632888246888
AT4G12280	AT4G19390	0.9629539533593946
AT4G12280	AT3G46440	0.9240368071715912
AT4G12280	AT5G63420	0.9266974113116682
AT1G49720	AT4G26670	0.9498226269748292
AT1G49720	AT4G01130	0.9546196389628994
AT1G49720	AT1G10760	0.942142823881673
AT1G49720	AT3G47860	0.9143342412366299
AT1G49720	AT4G27440	0.9075157482880388
AT1G49720	AT5G64860	0.9502115788546602
AT1G49720	AT5G39410	0.934976402035707
AT1G49720	AT5G44010	0.9163409085127964
AT1G49720	AT2G28840	0.9265283617352833
AT1G49720	AT3G26740	0.9244292685265052
AT1G49720	AT5G51570	0.919169608984256
AT1G49720	AT4G39090	0.9390140437624259
AT1G49720	AT3G05880	0.922750863269073
AT1G49720	AT3G50500	0.9260440885165461
AT1G49720	AT5G27280	0.9651775805433375
AT1G49720	AT2G45560	0.9357815082840499
AT1G49720	AT1G49650	0.9050458837145963
AT1G49720	AT2G29630	0.9115752996618796
AT1G49720	AT1G67660	0.9654676942604576
AT1G49720	AT5G14920	0.9094007153800067
AT1G49720	AT3G53800	0.9078879131608839
AT1G49720	AT4G18520	0.9260600786262344
AT1G49720	AT2G17840	0.946155868211086
AT1G49720	AT5G14550	0.9210587400160459
AT1G49720	AT1G51940	0.9177345975417647
AT1G49720	AT5G02860	0.972587976199363
AT1G49720	AT1G27630	0.9502626631515886
AT1G49720	AT4G02370	0.9366062485599942
AT1G49720	AT1G70820	0.9567192062048175
AT1G49720	AT3G50700	0.9243992186646168
AT1G49720	AT5G03240	0.9240495386033886
AT1G49720	AT5G43440	0.9291479117382462
AT1G49720	AT1G69830	0.9029557556300999
AT1G49720	AT2G15970	0.9025989632475178
AT1G49720	AT3G14310	0.9042959120812084
AT1G49720	AT2G39900	0.9361928043452747
AT1G49720	AT3G58570	0.9339811696639679
AT1G49720	AT3G01310	0.952279187840183
AT1G49720	AT3G26580	0.977436600961146
AT1G49720	AT3G56720	0.9514292465961499
AT1G49720	AT4G05330	0.9250127922026635
AT1G49720	AT3G16740	0.9341149202793183
AT1G49720	AT1G33970	0.9424102075670927
AT1G49720	AT5G62350	0.9326919287089577
AT1G49720	AT4G33490	0.9080865021208159
AT1G49720	AT4G14230	0.9029803948203128
AT4G26670	AT1G28050	0.9485045908346017
AT4G26670	AT2G25930	0.9380827084706889
AT4G26670	AT4G01130	0.9803374520040503
AT4G26670	AT1G10760	0.9677767694856213
AT4G26670	AT3G47860	0.9535229819855328
AT4G26670	AT5G64860	0.9641862189846574
AT4G26670	AT4G32340	0.9262950004626613
AT4G26670	AT5G26570	0.9049669476128342
AT4G26670	AT5G15960	0.9237988415936481
AT4G26670	AT5G61380	0.91492158991382
AT4G26670	AT5G54960	0.9150374367192301
AT4G26670	AT5G39410	0.9812648859295369
AT4G26670	AT2G25730	0.9270576406963149
AT4G26670	AT2G28840	0.951230624472944
AT4G26670	AT3G26740	0.9273065509018221
AT4G26670	AT5G51570	0.9329486078282268
AT4G26670	AT4G39090	0.9472838674219504
AT4G26670	AT3G18080	0.9078410259001972
AT4G26670	AT3G05880	0.9348281912735117
AT4G26670	AT3G50500	0.912655927897234
AT4G26670	AT3G10410	0.9234913210837079
AT4G26670	AT5G27280	0.9686494392654249
AT4G26670	AT2G45560	0.9413139576165909
AT4G26670	AT1G49650	0.9473616155932664
AT4G26670	AT2G29630	0.9498260339528412
AT4G26670	AT1G67660	0.9599800296548394
AT4G26670	AT5G14920	0.9075876623471185
AT4G26670	AT3G53800	0.9229155427076219
AT4G26670	AT4G18520	0.9167187304616231
AT4G26670	AT4G18240	0.9068945857047469
AT4G26670	AT2G17840	0.9763397600872413
AT4G26670	AT5G14550	0.9667280958933238
AT4G26670	AT5G02860	0.965716596616835
AT4G26670	AT1G79440	0.9166265096970192
AT4G26670	AT4G33700	0.9092015819777093
AT4G26670	AT1G27630	0.9899889994157229
AT4G26670	AT1G26665	0.9060585903915943
AT4G26670	AT4G02370	0.9519194074179376
AT4G26670	AT5G62720	0.9248322325233087
AT4G26670	AT1G70820	0.9163699809157899
AT4G26670	AT3G59820	0.9065249176631965
AT4G26670	AT3G50700	0.9027444045831383
AT4G26670	AT5G03240	0.9488759042884648
AT4G26670	AT5G43440	0.91083897275728
AT4G26670	AT1G51610	0.9217760960077094
AT4G26670	AT5G18540	0.9263226097081371
AT4G26670	AT1G69830	0.9197750225093189
AT4G26670	AT1G12710	0.9150483447527961
AT4G26670	AT3G14310	0.9369892124022029
AT4G26670	AT2G01170	0.9475205893422411
AT4G26670	AT2G39900	0.904790084645394
AT4G26670	AT2G02100	0.905382710694177
AT4G26670	AT3G58570	0.9484930595988499
AT4G26670	AT3G01310	0.9353477646641289
AT4G26670	AT3G26580	0.9589641749901668
AT4G26670	AT3G56720	0.9431083623339196
AT4G26670	AT4G05330	0.9099634624339917
AT4G26670	AT1G21680	0.932736530134794
AT4G26670	AT4G11600	0.9027897626105476
AT4G26670	AT1G06460	0.9417276521248477
AT4G26670	AT5G63420	0.944567175510861
AT4G26670	AT2G19450	0.9372946531800067
AT4G26670	AT4G33490	0.9640901840912213
AT4G26670	AT4G14230	0.9242801899930799
AT1G21550	AT3G63350	0.9165517021546723
AT1G21550	AT3G20180	0.9264450834756336
AT1G21550	AT5G10695	0.9751167650805943
AT1G21550	AT5G47830	0.9124213953997975
AT1G21550	AT3G17110	0.9068371437309317
AT1G21550	AT3G08970	0.9206510091050852
AT1G21550	AT5G09590	0.9083166739069667
AT1G21550	AT1G03070	0.9590462728647362
AT1G21550	AT3G07150	0.9516491659834576
AT1G21550	AT3G53230	0.9375420282071266
AT1G21550	AT1G44414	0.9141698085063578
AT1G21550	AT2G25140	0.9002758190228161
AT1G21550	AT5G27660	0.9280997594308377
AT1G21550	AT5G05410	0.9577898356375564
AT1G21550	AT2G21940	0.9263083712777903
AT1G21550	AT4G17250	0.9091968592157343
AT1G21550	AT3G03520	0.9571282514247116
AT1G21550	AT2G41160	0.9181126501552068
AT1G21550	AT5G53400	0.9113995182378319
AT1G21550	AT4G26780	0.9365677021823543
AT1G21550	AT2G36460	0.9343483384987249
AT1G21550	AT5G58787	0.9539678131151388
AT1G16730	AT1G07180	0.9193367399922745
AT1G16730	AT2G41250	0.9271142618020051
AT1G16730	AT5G15850	0.936465206654029
AT1G16730	AT2G31380	0.9464888985333001
AT1G16730	AT2G24540	0.9167698774356946
AT1G16730	AT1G75100	0.9708617856702777
AT1G28050	AT4G01130	0.9556254054170198
AT1G28050	AT1G64890	0.9308030517625757
AT1G28050	AT1G10760	0.9472958517822379
AT1G28050	AT3G47860	0.9127045223261794
AT1G28050	AT5G64860	0.9295677551746313
AT1G28050	AT4G32340	0.9321197577881991
AT1G28050	AT5G26570	0.9217702943291554
AT1G28050	AT5G15960	0.9035813851909235
AT1G28050	AT5G61380	0.9184356162990979
AT1G28050	AT5G39410	0.9562919999977288
AT1G28050	AT2G28840	0.93779199665445
AT1G28050	AT1G29395	0.907605848182044
AT1G28050	AT3G26740	0.9190706798331413
AT1G28050	AT5G23660	0.9219597554763528
AT1G28050	AT4G39090	0.9014983413479034
AT1G28050	AT3G18080	0.9202211317010692
AT1G28050	AT3G05880	0.9265400369818177
AT1G28050	AT3G10410	0.9326313556215139
AT1G28050	AT5G57110	0.9210348134760321
AT1G28050	AT1G49650	0.9316436704484876
AT1G28050	AT2G29630	0.9136212227065845
AT1G28050	AT1G67660	0.9422926902945647
AT1G28050	AT4G18520	0.9291214848427667
AT1G28050	AT4G18240	0.9168939292186558
AT1G28050	AT2G17840	0.9477588542811278
AT1G28050	AT5G14550	0.9450442669984994
AT1G28050	AT5G02860	0.9198064991649497
AT1G28050	AT1G79440	0.9054326949487019
AT1G28050	AT4G33700	0.908508221935027
AT1G28050	AT1G27630	0.9634171673341774
AT1G28050	AT1G26665	0.9029793633806871
AT1G28050	AT4G02370	0.9213020663597793
AT1G28050	AT1G51610	0.9335410072109295
AT1G28050	AT1G69830	0.9079457039806264
AT1G28050	AT1G31850	0.9193080471545397
AT1G28050	AT3G14310	0.9598829196134595
AT1G28050	AT2G01170	0.9560145014092711
AT1G28050	AT2G02100	0.9270321315175063
AT1G28050	AT3G58570	0.9428981273424595
AT1G28050	AT3G16180	0.9153827619227141
AT1G28050	AT3G01310	0.9097694789932496
AT1G28050	AT4G19390	0.9450183219346786
AT1G28050	AT1G06460	0.9253891858906381
AT1G28050	AT5G63420	0.9031303322850297
AT1G28050	AT4G33490	0.9457532362906637
AT1G28050	AT4G14230	0.936400135455086
AT1G28050	AT5G27930	0.9354010001132108
AT1G66080	AT3G09350	0.9352074762487624
AT1G66080	AT1G67360	0.9250904503643518
AT1G66080	AT5G35320	0.9392358872047155
AT1G66080	AT4G11660	0.9543049690111381
AT1G66080	AT1G14200	0.9248066075327335
AT1G66080	AT3G07090	0.9594633734181922
AT1G66080	AT5G23480	0.9305679803115319
AT1G66080	AT5G62020	0.9121348917730175
AT1G66080	AT3G17611	0.9316531963365832
AT1G66080	AT1G55530	0.9525476690518035
AT1G66080	AT2G41160	0.9035034422663331
AT1G66080	AT4G30490	0.9368722346981979
AT1G66080	AT2G29450	0.9357380572229808
AT2G25930	AT4G01130	0.9183444024141775
AT2G25930	AT1G10760	0.923973201166678
AT2G25930	AT3G47860	0.981960166077727
AT2G25930	AT5G64860	0.9180346966431985
AT2G25930	AT4G32340	0.9003253220918979
AT2G25930	AT5G59570	0.9054786101230831
AT2G25930	AT5G61380	0.9211976825733023
AT2G25930	AT5G54960	0.9513347249349329
AT2G25930	AT5G39410	0.9479344950553773
AT2G25930	AT5G48250	0.9238780391011296
AT2G25930	AT2G25730	0.9670879368775286
AT2G25930	AT2G28840	0.9117146986240073
AT2G25930	AT5G23660	0.9293380971816763
AT2G25930	AT5G51570	0.9395271950987393
AT2G25930	AT4G39090	0.9166161438572282
AT2G25930	AT3G05880	0.9266297650895114
AT2G25930	AT3G50500	0.9049058202615153
AT2G25930	AT3G10410	0.9400400213047163
AT2G25930	AT5G27280	0.9055518729711288
AT2G25930	AT2G45560	0.9038091836725061
AT2G25930	AT1G49650	0.9243233019084051
AT2G25930	AT2G29630	0.9758261961542054
AT2G25930	AT1G67660	0.9092621581694432
AT2G25930	AT4G18240	0.9299995308571989
AT2G25930	AT2G17840	0.9242981305603044
AT2G25930	AT5G14550	0.9149496857768338
AT2G25930	AT5G02860	0.9257515259159201
AT2G25930	AT4G33700	0.9170341067147012
AT2G25930	AT1G27630	0.940049142008873
AT2G25930	AT1G80480	0.9253393738971921
AT2G25930	AT1G26665	0.9286632778342462
AT2G25930	AT5G62720	0.9425366740503737
AT2G25930	AT5G03240	0.9650584706204159
AT2G25930	AT5G18540	0.9233967146264817
AT2G25930	AT3G14310	0.9136242625037754
AT2G25930	AT3G58570	0.9052538766430608
AT2G25930	AT3G26580	0.937411648581826
AT2G25930	AT4G05330	0.9230073789022941
AT2G25930	AT1G21680	0.9366803550206116
AT2G25930	AT5G63420	0.9623331762521861
AT2G25930	AT4G33490	0.9110647131937487
AT2G21130	AT3G50500	0.9175036315544836
AT2G21130	AT1G80480	0.9337793250636884
AT2G21130	AT1G32090	0.9040886372884609
AT2G21130	AT4G38580	0.9337177709483748
AT2G21130	AT1G17460	0.9322697393677403
AT3G63350	AT5G10695	0.9295068819071344
AT3G63350	AT3G17110	0.9312271504244102
AT3G63350	AT3G08970	0.9219974497267904
AT3G63350	AT1G03070	0.9519035530144413
AT3G63350	AT3G07150	0.9007762923220484
AT3G63350	AT2G25140	0.9055308064884218
AT3G63350	AT5G05410	0.9127477776189008
AT3G63350	AT2G21940	0.9017573080283696
AT3G63350	AT4G17250	0.9019567824004434
AT3G63350	AT3G03520	0.9179847722058601
AT3G63350	AT2G41160	0.9084025364531922
AT3G47340	AT4G35770	0.940806443096416
AT3G62950	AT2G18700	0.9220477896860897
AT3G62950	AT3G59060	0.9216268281421999
ATMG01060	ATMG00640	0.9273634747547053
ATMG01060	ATMG00650	0.906431176789909
AT3G20180	AT5G10695	0.9407145337373016
AT3G20180	AT5G47830	0.949546030630329
AT3G20180	AT4G29770	0.909601839575593
AT3G20180	AT3G17110	0.9435903385510019
AT3G20180	AT5G09590	0.9227146326177765
AT3G20180	AT1G03070	0.9590569485150781
AT3G20180	AT3G07150	0.9413215369789577
AT3G20180	AT3G53230	0.9784451454963264
AT3G20180	AT1G07500	0.9079816851365113
AT3G20180	AT1G44414	0.9152347346909929
AT3G20180	AT5G47160	0.9214784838238806
AT3G20180	AT3G22090	0.9229121022514192
AT3G20180	AT5G27660	0.9215710485273294
AT3G20180	AT3G12050	0.9002705721859207
AT3G20180	AT1G01940	0.9412235118653384
AT3G20180	AT4G23885	0.9535260270829449
AT3G20180	AT3G23990	0.9641412371845349
AT3G20180	AT2G21940	0.9085039292286301
AT3G20180	AT5G58590	0.9558229997945613
AT3G20180	AT3G03520	0.9659754753624108
AT3G20180	AT2G41160	0.9100721079433937
AT3G20180	AT5G53400	0.9224016227221518
AT3G20180	AT3G29810	0.90094870359543
AT3G20180	AT3G52830	0.9275232672592293
AT3G20180	AT4G26780	0.9688922794385642
AT3G20180	AT5G58787	0.9433037543136171
AT3G20180	AT3G07770	0.9626006536912153
AT3G09440	AT2G24100	0.9031508440060032
AT3G09440	AT5G02490	0.9496288629374208
AT3G09440	AT3G07090	0.9035282733604671
AT3G09440	AT5G56030	0.9132887593896143
AT3G09440	AT5G56010	0.9725432704667769
AT3G09440	AT4G30490	0.9130347771631588
AT3G09440	AT2G29450	0.9309441251144351
AT5G18340	AT2G19310	0.9411999242228944
AT5G18340	AT3G09350	0.9029605744355603
AT5G18340	AT1G67360	0.9150338876862822
AT5G18340	AT4G36988	0.9302461525495241
AT5G18340	AT1G07350	0.93716574158132
AT5G18340	AT5G35320	0.9099501071490621
AT5G18340	AT3G08970	0.9204566115314156
AT5G18340	AT4G11660	0.9184625091652885
AT5G18340	AT5G09590	0.9630243050451357
AT5G18340	AT3G07150	0.9124459069896619
AT5G18340	AT2G25140	0.915586405034005
AT5G18340	AT5G23480	0.9421099899366293
AT5G18340	AT3G12050	0.9345927163987744
AT5G18340	AT3G25230	0.9478803666002349
AT5G18340	AT3G23990	0.9201031706128818
AT5G18340	AT1G55530	0.9333423818303034
AT5G18340	AT2G41160	0.9401114541002319
AT5G18340	AT5G53400	0.9359040512588721
AT5G18340	AT2G36460	0.9219197026943319
AT1G71060	AT1G56690	0.901651006156674
AT1G71060	AT1G09680	0.9122869091968276
AT1G71060	AT2G39710	0.9010181633582736
AT4G01130	AT1G64890	0.9233155115216332
AT4G01130	AT2G15890	0.9042764225403739
AT4G01130	AT1G10760	0.9646645182989688
AT4G01130	AT3G47860	0.9325936880161696
AT4G01130	AT4G27440	0.9055633344211604
AT4G01130	AT5G64860	0.9647485604312391
AT4G01130	AT4G32340	0.9310736572362692
AT4G01130	AT5G15960	0.9107400698955288
AT4G01130	AT5G61380	0.9167383256336089
AT4G01130	AT5G39410	0.9710194295527504
AT4G01130	AT5G44010	0.9120728082151432
AT4G01130	AT2G25730	0.9204408125515585
AT4G01130	AT2G28840	0.953367017699373
AT4G01130	AT1G29395	0.9094527025579193
AT4G01130	AT3G26740	0.9666318948220627
AT4G01130	AT5G51570	0.9288495771671336
AT4G01130	AT4G39090	0.9593337601801669
AT4G01130	AT3G05880	0.9560474902641725
AT4G01130	AT3G50500	0.903032721628971
AT4G01130	AT3G10410	0.9161295553468337
AT4G01130	AT5G57110	0.9106718196383053
AT4G01130	AT5G27280	0.9558510742966352
AT4G01130	AT2G45560	0.9177795149415996
AT4G01130	AT1G49650	0.9534066197162177
AT4G01130	AT2G29630	0.9394744701059563
AT4G01130	AT1G67660	0.9608396722598641
AT4G01130	AT3G53800	0.943893622100216
AT4G01130	AT4G18520	0.9406131709049952
AT4G01130	AT1G67970	0.9010522244474353
AT4G01130	AT2G17840	0.9673256387829829
AT4G01130	AT5G14550	0.955852134750252
AT4G01130	AT1G51940	0.9104693023580237
AT4G01130	AT5G02860	0.969002185331328
AT4G01130	AT1G79440	0.9106551109719855
AT4G01130	AT1G27630	0.978217772251191
AT4G01130	AT4G02370	0.9568628801876211
AT4G01130	AT5G62720	0.9215400898520247
AT4G01130	AT1G70820	0.9371452810972274
AT4G01130	AT3G50700	0.9208447169398503
AT4G01130	AT5G03240	0.9270750068248739
AT4G01130	AT5G43440	0.9071462299192319
AT4G01130	AT5G18540	0.9117049359957953
AT4G01130	AT1G69830	0.9227063633632295
AT4G01130	AT3G14310	0.9558975224078122
AT4G01130	AT2G01170	0.9413958071774189
AT4G01130	AT2G39900	0.9267273705239023
AT4G01130	AT2G02100	0.9078796609567238
AT4G01130	AT3G58570	0.9507533313659001
AT4G01130	AT3G01310	0.9491326928452588
AT4G01130	AT3G26580	0.9548872008025353
AT4G01130	AT1G12845	0.9055993227071247
AT4G01130	AT3G56720	0.9487498390835681
AT4G01130	AT4G05330	0.9229023645542335
AT4G01130	AT1G21680	0.9193283830194168
AT4G01130	AT4G19390	0.9046375188759331
AT4G01130	AT5G10530	0.9004056617346914
AT4G01130	AT1G06460	0.926540713366942
AT4G01130	AT5G63420	0.9338683603572457
AT4G01130	AT2G19450	0.9319591671424562
AT4G01130	AT4G33490	0.9514495013619083
AT4G01130	AT4G14230	0.9193111999358232
AT4G01130	AT5G27930	0.9070790690441449
AT4G32870	AT3G17609	0.9061927278646225
AT4G32870	AT1G65870	0.9275041260913796
AT4G32870	AT5G19240	0.9003605462926721
AT4G32870	AT3G19450	0.9368524020446469
AT4G32870	AT1G17050	0.931106837612325
AT4G32870	AT2G37040	0.9141113648842207
AT2G40340	AT3G05880	0.9025091340474083
AT5G12110	AT2G19310	0.9163451389732574
AT5G12110	AT1G07350	0.9390721507350214
AT5G12110	AT4G29770	0.9133422825086801
AT5G12110	AT3G23990	0.9287769911161811
AT5G12110	AT3G07770	0.9153296280982228
AT5G10695	AT3G10020	0.9352762893611896
AT5G10695	AT5G47830	0.915753275005487
AT5G10695	AT3G17110	0.9344369718965344
AT5G10695	AT3G08970	0.9219229196314261
AT5G10695	AT1G03070	0.965462205400833
AT5G10695	AT3G07150	0.9370158358963157
AT5G10695	AT3G53230	0.9438785324128952
AT5G10695	AT1G44414	0.9193067401666882
AT5G10695	AT2G25140	0.9041185006489556
AT5G10695	AT5G27660	0.9006418316159633
AT5G10695	AT5G05410	0.9271958521291552
AT5G10695	AT2G15790	0.9244634386138572
AT5G10695	AT2G21940	0.9082912344527581
AT5G10695	AT5G58590	0.9054529312621576
AT5G10695	AT4G17250	0.9319105304492117
AT5G10695	AT3G03520	0.9502589864059491
AT5G10695	AT2G41160	0.9245432895900135
AT5G10695	AT5G53400	0.9203587491655167
AT5G10695	AT3G52830	0.902354638956135
AT5G10695	AT4G26780	0.9215379699087937
AT5G10695	AT2G36460	0.9196389704489151
AT5G10695	AT5G58787	0.9446245508477982
AT2G19310	AT1G67360	0.9054186970772109
AT2G19310	AT1G07350	0.9350689593906747
AT2G19310	AT5G35320	0.9001900074686137
AT2G19310	AT5G09590	0.9446828279133773
AT2G19310	AT3G07150	0.9294886879546402
AT2G19310	AT3G23990	0.9259145273412765
AT2G19310	AT2G21940	0.9130804678741384
AT2G19310	AT3G03520	0.9062396756802931
AT2G19310	AT2G36460	0.9139093037145426
AT2G19310	AT3G07770	0.9002020126459745
AT5G54130	AT3G51240	0.9273351489006091
AT5G54130	AT1G65870	0.9231986980746706
AT5G54130	AT3G19450	0.9263684926472967
AT5G54130	AT1G17050	0.9232376228747864
AT4G22870	AT1G29720	0.9335041456570348
AT4G22870	AT1G62560	0.9315395503381004
AT4G22870	AT5G17220	0.965682119978948
AT4G22870	AT5G05270	0.9353562469796249
AT4G22870	AT1G67330	0.9168399868743502
AT4G22870	AT1G74300	0.9096843792005459
AT4G22870	AT2G37040	0.9108308398458239
AT4G22870	AT5G59870	0.902817981210751
AT4G22870	AT5G45960	0.9015911757247462
AT3G09350	AT1G67360	0.9474536349395198
AT3G09350	AT4G36988	0.964099637531643
AT3G09350	AT1G26800	0.9268839090524058
AT3G09350	AT1G07350	0.9328728327842943
AT3G09350	AT5G35320	0.9744185561167386
AT3G09350	AT3G08970	0.9621437320573599
AT3G09350	AT4G11660	0.9495545213086272
AT3G09350	AT1G14200	0.9392107893501943
AT3G09350	AT5G09590	0.9494693931189989
AT3G09350	AT3G07150	0.9158716640373533
AT3G09350	AT5G47610	0.9102490171264538
AT3G09350	AT4G23570	0.9391773241146252
AT3G09350	AT3G07090	0.9331052115681521
AT3G09350	AT2G25140	0.9610704822347275
AT3G09350	AT5G23480	0.9511888636005197
AT3G09350	AT3G12050	0.9748137744088694
AT3G09350	AT3G25230	0.9653778182482684
AT3G09350	AT5G56030	0.9280939154346225
AT3G09350	AT3G17611	0.953487963926834
AT3G09350	AT1G55530	0.9648897163439355
AT3G09350	AT2G21940	0.9432950159815132
AT3G09350	AT2G41160	0.9724355727048789
AT3G09350	AT5G53400	0.9608002604779203
AT3G09350	AT4G30490	0.9035157453762246
AT3G09350	AT2G36460	0.9354387951336903
AT3G09350	AT3G57880	0.9053100336957333
AT1G64890	AT1G10760	0.955228655159979
AT1G64890	AT5G64860	0.9032929624648524
AT1G64890	AT4G32340	0.9518167026725228
AT1G64890	AT5G26570	0.9334746051291536
AT1G64890	AT5G15960	0.9007561902855143
AT1G64890	AT5G39410	0.9257150270072604
AT1G64890	AT5G44010	0.9109121854617975
AT1G64890	AT2G28840	0.9352059879870249
AT1G64890	AT3G26740	0.9301396177052362
AT1G64890	AT3G18080	0.9127542120855892
AT1G64890	AT5G61800	0.9134011501998902
AT1G64890	AT3G05880	0.9240165428644366
AT1G64890	AT3G10410	0.9142526765190753
AT1G64890	AT2G45560	0.9127908215691439
AT1G64890	AT3G52180	0.9110753887276596
AT1G64890	AT1G67660	0.9359254555241153
AT1G64890	AT4G18520	0.9211146776427306
AT1G64890	AT4G18240	0.9154066414320863
AT1G64890	AT1G67970	0.9116740135184814
AT1G64890	AT2G17840	0.9164147696102506
AT1G64890	AT5G14550	0.9072445537057905
AT1G64890	AT1G27630	0.9253596435943912
AT1G64890	245432_at	0.9380693203990427
AT1G64890	AT1G51610	0.9400302872918967
AT1G64890	AT1G69830	0.9166521697890421
AT1G64890	AT3G57770	0.9010897465349063
AT1G64890	AT2G15970	0.9154514423522621
AT1G64890	AT1G31850	0.9286498342105637
AT1G64890	AT3G14310	0.9083549829601331
AT1G64890	AT2G01170	0.9516101088489285
AT1G64890	AT3G58570	0.9272984222436526
AT1G64890	AT3G16180	0.9337621565602077
AT1G64890	AT3G01310	0.9126485213775245
AT1G64890	AT2G43535	0.9418954527832751
AT1G64890	AT1G75960	0.9112452977922542
AT1G64890	AT4G19390	0.9521183668083484
AT1G64890	AT1G06460	0.9232005245592487
AT1G64890	AT3G46440	0.9016842261914493
AT1G64890	AT1G13930	0.925219497861994
AT1G64890	AT2G19450	0.9097831753999446
AT1G64890	AT4G33490	0.9127235342710939
AT1G64890	AT4G14230	0.9197902367517442
AT1G64890	AT5G27930	0.9595696130816542
AT5G58120	AT3G17609	0.90967806447216
AT5G58120	AT1G78290	0.9363735725864596
AT5G58120	AT3G19450	0.9060424894332609
AT5G58120	AT1G17050	0.9115432815872442
AT5G17300	AT2G41250	0.9021695045559015
AT5G17300	AT2G21320	0.9298182904687169
AT5G17300	AT1G64500	0.9202996371183078
AT5G17300	AT5G18670	0.9005360238819176
AT5G17300	AT2G46735	0.9203049742801347
AT5G17300	AT2G24540	0.9086501030386457
AT5G17300	AT5G39660	0.915392406127
AT3G63160	AT4G32340	0.9038495360016265
AT3G63160	AT5G26570	0.9262827741467166
AT3G63160	AT3G52180	0.9015920774111961
AT3G63160	AT4G18240	0.9293464383659759
AT3G63160	AT2G43550	0.9347642062405872
AT3G63160	AT4G17140	0.9389748009638125
AT3G63160	AT3G55450	0.9203317991654013
AT3G63160	AT1G31850	0.9602995879390376
AT3G63160	AT3G16180	0.9040883801925905
AT3G63160	AT2G43535	0.9136609319708445
AT3G63160	AT4G11600	0.9008831270094854
AT3G63160	AT4G19390	0.9093019909665498
AT3G63160	AT3G46440	0.9189400041943713
AT3G63160	AT1G69870	0.9207238331883355
AT3G63160	AT1G20840	0.9187666678721418
AT2G15890	AT5G47240	0.9246603921441944
AT2G15890	AT4G27440	0.933334418032026
AT2G15890	AT5G59570	0.9224434474562763
AT2G15890	AT3G26740	0.9316186199225206
AT2G15890	AT1G28330	0.9064526983585166
AT2G15890	AT3G47160	0.9290437702873382
AT2G15890	AT4G39090	0.9514125862928133
AT2G15890	AT2G15960	0.9457602846117662
AT2G15890	AT5G14920	0.9469021382160054
AT2G15890	AT3G53800	0.933312989772226
AT2G15890	AT2G17840	0.9031463692452358
AT2G15890	AT1G51940	0.9308363055011533
AT2G15890	AT4G02370	0.9388536774706135
AT2G15890	AT1G70820	0.9012993416529141
AT2G15890	AT3G50700	0.9108453254574699
AT2G15890	AT5G43440	0.9159891951086263
AT2G15890	AT5G25210	0.9010018684968712
AT2G15890	AT3G56720	0.9184761896818536
AT2G15890	AT3G16740	0.9111998077286833
AT2G15890	AT1G33970	0.9099767905335613
AT1G67360	AT4G36988	0.9559337324323568
AT1G67360	AT1G07350	0.9187709182748484
AT1G67360	AT5G35320	0.9866616300709221
AT1G67360	AT3G08970	0.9430186414734707
AT1G67360	AT4G11660	0.9553228575483772
AT1G67360	AT5G09590	0.9265284222530333
AT1G67360	AT3G07150	0.941106303128425
AT1G67360	AT5G47610	0.9433336118388375
AT1G67360	AT3G07090	0.9075016025713875
AT1G67360	AT2G25140	0.9530855876471774
AT1G67360	AT5G23480	0.929340307519645
AT1G67360	AT3G12050	0.9213990978706015
AT1G67360	AT3G25230	0.9235201481983331
AT1G67360	AT1G56170	0.9328090108580676
AT1G67360	AT5G62020	0.9153008003031985
AT1G67360	AT3G17611	0.9766998752794191
AT1G67360	AT1G55530	0.9615410314845816
AT1G67360	AT2G21940	0.943289437401459
AT1G67360	AT4G17250	0.9028181620945678
AT1G67360	AT2G41160	0.9564944459894338
AT1G67360	AT5G53400	0.9360534999764271
AT1G67360	AT2G36460	0.9243287859939378
AT5G58770	AT5G19875	0.9044954621070042
AT3G58590	AT5G61400	0.916956418884292
AT1G07180	AT2G41250	0.9368154305194538
AT1G07180	AT1G55960	0.9492019788934691
AT1G07180	AT1G10370	0.9598508989471781
AT1G07180	AT5G15850	0.9645989142102577
AT1G07180	AT4G31870	0.954017697977904
AT1G07180	AT3G47420	0.913905308520311
AT1G07180	AT2G31380	0.9607961061779788
AT1G07180	AT3G27170	0.9497586615352354
AT1G07180	AT5G24120	0.9525052351511814
AT1G07180	AT4G15430	0.9125592450393694
AT1G07180	AT2G24540	0.9476655309979111
AT1G07180	AT3G01060	0.9227142213312238
AT1G07180	AT4G38960	0.9280306109579035
AT1G07180	AT1G75100	0.9374681006925042
AT5G47240	AT2G31360	0.9148355091230795
AT5G47240	AT2G15960	0.9037478288068684
AT5G47240	AT5G14920	0.9016798837585553
AT5G47240	AT4G18520	0.9121326677170093
AT5G47240	AT2G06925	0.9162320584746738
AT5G47240	AT5G26340	0.9116265808588164
AT5G47240	AT5G63810	0.9233843039462754
AT5G47240	AT1G22570	0.9177716683380864
AT5G47240	AT3G01310	0.9061123744164875
AT5G47240	AT1G12845	0.9320056091620983
AT5G47240	AT1G70420	0.9120759247899839
AT5G47240	AT1G75960	0.9355932762075397
AT1G10760	AT3G47860	0.9620684429041053
AT1G10760	AT5G64860	0.981553115204373
AT1G10760	AT4G32340	0.9667720581149516
AT1G10760	AT5G26570	0.9560884034007111
AT1G10760	AT5G15960	0.9352731106197236
AT1G10760	AT5G61380	0.905693342225116
AT1G10760	AT5G39410	0.9741430409063679
AT1G10760	AT5G44010	0.9154090345114377
AT1G10760	AT2G25730	0.9389591673386746
AT1G10760	AT2G28840	0.9814813314246787
AT1G10760	AT1G29395	0.9208226824313106
AT1G10760	AT3G26740	0.945235109364163
AT1G10760	AT5G51570	0.9457693046586204
AT1G10760	AT4G39090	0.9231879361224441
AT1G10760	AT3G18080	0.9463764999268598
AT1G10760	AT3G05880	0.9597085987926586
AT1G10760	AT3G10410	0.9441021939440344
AT1G10760	AT5G57110	0.9144424908421028
AT1G10760	AT5G27280	0.9542482643499847
AT1G10760	AT2G45560	0.9622807232189423
AT1G10760	AT1G49650	0.9132694754046635
AT1G10760	AT3G52180	0.9468228359473002
AT1G10760	AT2G29630	0.9438742013287909
AT1G10760	AT1G67660	0.976479598738555
AT1G10760	AT4G18520	0.9246579290878957
AT1G10760	AT4G18240	0.9622347145398712
AT1G10760	AT2G17840	0.9544961179259572
AT1G10760	AT5G14550	0.9429686077398788
AT1G10760	AT5G02860	0.9509842387139229
AT1G10760	AT1G79440	0.9302190348317305
AT1G10760	AT4G33700	0.929875648584995
AT1G10760	AT1G27630	0.9722615741882674
AT1G10760	245432_at	0.9258607385268474
AT1G10760	AT4G02370	0.9201979813105472
AT1G10760	AT5G63810	0.914374167244118
AT1G10760	AT1G70820	0.9405752746414444
AT1G10760	AT5G03240	0.9079200569922153
AT1G10760	AT1G51610	0.9248689176540237
AT1G10760	AT5G18540	0.9099212613735158
AT1G10760	AT1G69830	0.9713951619504417
AT1G10760	AT2G15970	0.9421004913093374
AT1G10760	AT1G31850	0.9291594787266597
AT1G10760	AT3G14310	0.9514370494979529
AT1G10760	AT2G01170	0.9627146226992267
AT1G10760	AT2G39900	0.9359387260628007
AT1G10760	AT2G02100	0.9335182607078649
AT1G10760	AT3G58570	0.9681722453203534
AT1G10760	AT3G16180	0.9308664116390671
AT1G10760	AT3G01310	0.9684966765594162
AT1G10760	AT3G26580	0.9349261716282723
AT1G10760	AT1G12845	0.9146330980202099
AT1G10760	AT2G43535	0.926643223347554
AT1G10760	AT4G05330	0.9374694949631851
AT1G10760	AT4G11600	0.9525358252634561
AT1G10760	AT4G19390	0.9391064874606948
AT1G10760	AT1G06460	0.9520197702720726
AT1G10760	AT3G46440	0.9307795065384197
AT1G10760	AT1G13930	0.9365520746536896
AT1G10760	AT5G63420	0.9380672712261742
AT1G10760	AT2G19450	0.9130787880476745
AT1G10760	AT4G33490	0.9500867503037342
AT1G10760	AT4G14230	0.9446715879341984
AT1G10760	AT5G27930	0.9290655151409091
AT3G24460	AT3G17609	0.9068332354719529
AT3G24460	AT5G23730	0.9456138536788324
AT3G24460	AT1G64500	0.913208772592413
AT3G24460	AT5G24120	0.9164447104034222
AT3G24460	AT5G18670	0.9092789255029728
AT3G24460	AT4G15430	0.9220660657555265
AT3G24460	AT3G56290	0.9225741547041701
AT3G24460	AT3G19450	0.9045073144583796
AT3G24460	AT3G24170	0.9229698125547223
AT3G24460	AT1G17050	0.9278271656276271
AT4G36988	AT1G07350	0.9174507659337545
AT4G36988	AT5G35320	0.9548634140231871
AT4G36988	AT3G17110	0.9466523045740625
AT4G36988	AT3G08970	0.9705992378956987
AT4G36988	AT4G11660	0.915338826967562
AT4G36988	AT5G09590	0.9557739991929778
AT4G36988	AT1G03070	0.932003710434426
AT4G36988	AT3G07150	0.9448261268689765
AT4G36988	AT3G53230	0.9046945927201278
AT4G36988	AT5G47610	0.9492505197098349
AT4G36988	AT4G23570	0.9187005597864452
AT4G36988	AT2G25140	0.9844910880339771
AT4G36988	AT5G23480	0.9454025779167409
AT4G36988	AT3G12050	0.9672270722790383
AT4G36988	AT3G25230	0.9665269317390076
AT4G36988	AT1G56170	0.9193468592300654
AT4G36988	AT5G62020	0.9112542109727105
AT4G36988	AT3G17611	0.9291974643884551
AT4G36988	AT3G23990	0.916411416832407
AT4G36988	AT1G55530	0.9527883889963512
AT4G36988	AT2G21940	0.9426145970480803
AT4G36988	AT4G17250	0.9128793104819299
AT4G36988	AT3G03520	0.9097494967767111
AT4G36988	AT2G41160	0.9830271383784335
AT4G36988	AT5G53400	0.9892148788841464
AT4G36988	AT2G36460	0.9203160698349999
AT4G36988	AT3G57880	0.9316903494421457
AT1G26800	AT5G35320	0.9100340123225936
AT1G26800	AT3G08970	0.9357344873227669
AT1G26800	AT4G11660	0.9171863366399337
AT1G26800	AT1G14200	0.9551126483266922
AT1G26800	AT4G23570	0.9234967806513685
AT1G26800	AT5G23480	0.917499309264104
AT1G26800	AT3G12050	0.9350634294296052
AT1G26800	AT3G25230	0.9062935151476577
AT1G26800	AT1G55530	0.924677500397108
AT1G26800	AT2G41160	0.9314518285402591
AT2G41250	AT5G15850	0.9374235857398301
AT2G41250	AT3G47420	0.9064787458261281
AT2G41250	AT5G22390	0.9046856003880188
AT2G41250	AT2G31380	0.9250254807227866
AT2G41250	AT2G24540	0.9152358852445336
AT2G41250	AT5G39660	0.9096237253200216
AT2G41250	AT1G75100	0.939745766347535
AT3G47860	AT5G64860	0.9574446374736397
AT3G47860	AT4G32340	0.9358564989069035
AT3G47860	AT5G26570	0.9438330617877174
AT3G47860	AT5G15960	0.9266866491630353
AT3G47860	AT5G61380	0.9281385631858391
AT3G47860	AT5G54960	0.9472136116652559
AT3G47860	AT5G39410	0.969543375716366
AT3G47860	AT5G48250	0.9108076631004792
AT3G47860	AT2G25730	0.975820252528974
AT3G47860	AT2G28840	0.9496858671851203
AT3G47860	AT5G23660	0.9368462667653168
AT3G47860	AT5G51570	0.960878835753308
AT3G47860	AT4G39090	0.9054243578572895
AT3G47860	AT3G05880	0.9442058657567713
AT3G47860	AT3G50500	0.902159287614906
AT3G47860	AT3G10410	0.9619471926968329
AT3G47860	AT5G57110	0.9156459002354681
AT3G47860	AT5G27280	0.9380582521375965
AT3G47860	AT2G45560	0.9414399856753506
AT3G47860	AT1G49650	0.9147202270750339
AT3G47860	AT3G52180	0.9254823999478429
AT3G47860	AT2G29630	0.9784093248648282
AT3G47860	AT1G67660	0.937814504391941
AT3G47860	AT4G18240	0.9664997190061213
AT3G47860	AT2G17840	0.9370922329024834
AT3G47860	AT5G14550	0.9395730347897672
AT3G47860	AT5G02860	0.9298489694215424
AT3G47860	AT1G79440	0.926761591135912
AT3G47860	AT4G33700	0.93365831156734
AT3G47860	AT1G27630	0.9579221140109632
AT3G47860	AT1G26665	0.9349973893861075
AT3G47860	AT4G02370	0.9009531956940156
AT3G47860	AT5G62720	0.9407700422893018
AT3G47860	AT5G03240	0.9554990603076202
AT3G47860	AT4G17140	0.9289625271495919
AT3G47860	AT1G48210	0.9021584099881453
AT3G47860	AT5G18540	0.9278562122156789
AT3G47860	AT1G69830	0.9231084598646566
AT3G47860	AT1G31850	0.9002273939027222
AT3G47860	AT3G14310	0.9401913393061034
AT3G47860	AT2G02100	0.9320785061077361
AT3G47860	AT3G58570	0.942880714605655
AT3G47860	AT3G01310	0.9073637121875636
AT3G47860	AT3G26580	0.9344462831223673
AT3G47860	AT4G05330	0.9284382598481467
AT3G47860	AT1G21680	0.906717455959992
AT3G47860	AT4G11600	0.933384375322351
AT3G47860	AT4G19390	0.9046338177217705
AT3G47860	AT5G63420	0.9675894796369993
AT3G47860	AT4G33490	0.9406245272066929
AT4G27440	AT3G47160	0.9136439709563217
AT4G27440	AT4G39090	0.9319558402086661
AT4G27440	AT5G27280	0.9059266831952633
AT4G27440	AT2G15960	0.9302984332852885
AT4G27440	AT5G14920	0.9223966043524847
AT4G27440	AT3G53800	0.9721516103640393
AT4G27440	AT1G51940	0.9483711762984236
AT4G27440	AT4G02370	0.9243451907631498
AT4G27440	AT3G53990	0.928833029949138
AT4G27440	AT1G70820	0.9336675941594085
AT4G27440	AT3G50700	0.9449045284714065
AT4G27440	AT5G43440	0.9306852273417863
AT4G27440	AT3G56720	0.9595333624491091
AT4G27440	AT3G16740	0.915328261618005
AT4G27440	AT1G33970	0.9509636658019904
AT4G27440	AT3G51660	0.9282167313281491
AT4G27440	AT5G62350	0.9669515497680831
AT1G21910	AT2G27080	0.9015466473775849
AT1G21910	AT4G25810	0.9162001301417183
AT1G21910	AT3G50060	0.9584051749302046
AT1G21910	AT5G05440	0.9398318387830431
AT1G21910	AT1G73830	0.9029518783812053
AT1G21910	AT2G44500	0.9034936047298862
AT5G42860	AT3G12870	0.9053947055814793
AT2G47180	AT5G47610	0.9149054406535946
AT2G47180	AT1G07500	0.9512209475652577
AT2G47180	AT3G57880	0.905951042029339
AT1G69490	AT4G27450	0.9069856316233017
AT1G69490	AT5G02020	0.9166424222292997
AT1G69490	AT2G29300	0.9126680156784658
AT1G29720	AT1G62560	0.932051285822248
AT1G29720	AT4G10120	0.943813734189156
AT1G29720	AT5G08640	0.9102785951330151
AT1G29720	AT5G05270	0.9595859115584763
AT1G29720	AT5G65870	0.9030793017356157
AT1G29720	AT1G74300	0.9011047983660299
AT1G29720	AT2G37040	0.9300424549810692
AT1G29720	AT3G26590	0.9336442206018141
AT1G29720	AT1G72910	0.9254447957747236
AT1G07350	AT5G35320	0.9409838685517297
AT1G07350	AT3G08970	0.9091039451368896
AT1G07350	AT4G11660	0.936995212027986
AT1G07350	AT5G09590	0.9554883035364984
AT1G07350	AT5G47610	0.9051077077396955
AT1G07350	AT2G25140	0.9292413042157571
AT1G07350	AT5G23480	0.9079933218755253
AT1G07350	AT3G12050	0.937286738954588
AT1G07350	AT3G25230	0.9624123643923821
AT1G07350	AT1G56170	0.9199149864140987
AT1G07350	AT3G17611	0.916760567308394
AT1G07350	AT3G23990	0.9412310721405092
AT1G07350	AT1G55530	0.939563242330353
AT1G07350	AT2G21940	0.9040966352024313
AT1G07350	AT2G41160	0.9265933117878331
AT1G07350	AT5G53400	0.9144783159088767
AT1G07350	AT3G57880	0.9313255059939529
AT5G47830	AT4G29770	0.9436142771815229
AT5G47830	AT5G09590	0.9053085520725793
AT5G47830	AT1G03070	0.9094325413957864
AT5G47830	AT3G07150	0.9123259236940029
AT5G47830	AT3G53230	0.9479676252896186
AT5G47830	AT1G07500	0.9205862145720553
AT5G47830	AT3G22090	0.9159715883756554
AT5G47830	AT1G01940	0.9391408460818594
AT5G47830	257239_at	0.9018512473287741
AT5G47830	AT3G23990	0.9382785316963105
AT5G47830	AT2G21940	0.9038282934094137
AT5G47830	AT5G58590	0.9250558140812233
AT5G47830	AT3G03520	0.9116919269434034
AT5G47830	AT4G26780	0.9402705013813117
AT5G47830	AT5G58787	0.9194903164117112
AT5G47830	AT3G07770	0.9324374777091697
AT1G19640	AT3G51240	0.9128239329971325
AT4G21323	AT3G17611	0.9053828118831557
AT5G35320	AT3G08970	0.9576256974614719
AT5G35320	AT4G11660	0.9689163149213661
AT5G35320	AT1G14200	0.912952933980967
AT5G35320	AT5G09590	0.9400394644511739
AT5G35320	AT3G07150	0.937228727375876
AT5G35320	AT5G47610	0.9374890540850165
AT5G35320	AT3G07090	0.9305566274119259
AT5G35320	AT2G25140	0.9618601903108404
AT5G35320	AT5G23480	0.9412800479379394
AT5G35320	AT3G12050	0.9434776522574011
AT5G35320	AT3G25230	0.9414440842743883
AT5G35320	AT1G56170	0.9183282220880088
AT5G35320	AT5G62020	0.9188571947756082
AT5G35320	AT3G17611	0.9826599150728134
AT5G35320	AT1G55530	0.9699654288372827
AT5G35320	AT2G21940	0.9480904297363708
AT5G35320	AT2G41160	0.9642982160263631
AT5G35320	AT5G53400	0.9418842076204768
AT5G35320	AT2G36460	0.9333378540309293
AT5G64860	AT4G32340	0.9255173204767755
AT5G64860	AT5G26570	0.9175553242520625
AT5G64860	AT5G15960	0.915647191715085
AT5G64860	AT5G39410	0.9515864540832447
AT5G64860	AT2G25730	0.9222166780841845
AT5G64860	AT2G28840	0.9735321372412387
AT5G64860	AT1G29395	0.9090044363799633
AT5G64860	AT3G26740	0.938644680182947
AT5G64860	AT5G51570	0.931838108283627
AT5G64860	AT4G39090	0.9373358665474112
AT5G64860	AT2G31360	0.9028512916588552
AT5G64860	AT3G18080	0.9180855497244449
AT5G64860	AT3G05880	0.9449311750053988
AT5G64860	AT3G50500	0.9199172482093079
AT5G64860	AT3G10410	0.9058618730248068
AT5G64860	AT5G27280	0.974831788930238
AT5G64860	AT2G45560	0.9421604435841076
AT5G64860	AT1G49650	0.9261466603886537
AT5G64860	AT3G52180	0.9322906382009595
AT5G64860	AT2G29630	0.9300879897820995
AT5G64860	AT1G67660	0.9622269479695632
AT5G64860	AT5G14920	0.9021882970338736
AT5G64860	AT3G53800	0.913869118687879
AT5G64860	AT4G18520	0.9126057362219876
AT5G64860	AT4G18240	0.9282299860843728
AT5G64860	AT2G17840	0.9417583505349323
AT5G64860	AT5G14550	0.9220244028285352
AT5G64860	AT5G02860	0.9439453987115913
AT5G64860	AT1G79440	0.9238844488847504
AT5G64860	AT1G27630	0.9605655942919143
AT5G64860	AT4G02370	0.9349829942380292
AT5G64860	AT5G63810	0.906273550322124
AT5G64860	AT1G70820	0.9563306743399302
AT5G64860	AT5G03240	0.9176002451097545
AT5G64860	AT1G69830	0.9685320910118616
AT5G64860	AT2G15970	0.9292257058679542
AT5G64860	AT3G14310	0.9596184065830857
AT5G64860	AT2G01170	0.9281482364285847
AT5G64860	AT2G39900	0.9717307218359146
AT5G64860	AT2G02100	0.9390792991965773
AT5G64860	AT3G58570	0.9539082565082333
AT5G64860	AT3G16180	0.906105670942195
AT5G64860	AT3G01310	0.9780048885284283
AT5G64860	AT3G26580	0.946253237669661
AT5G64860	AT1G12845	0.9298917002938476
AT5G64860	AT3G56720	0.9030716789919291
AT5G64860	AT4G05330	0.9489044105492344
AT5G64860	AT4G11600	0.9356696626804577
AT5G64860	AT1G06460	0.9303137839816191
AT5G64860	AT1G13930	0.9133817912297085
AT5G64860	AT5G63420	0.9180447021460295
AT5G64860	AT4G33490	0.9304017083965792
AT5G64860	AT4G14230	0.9400036335073534
AT1G15550	AT2G29300	0.9226737838957423
AT4G29770	AT1G59980	0.9024349681164119
AT4G29770	AT3G53230	0.9052927738965001
AT4G29770	AT4G19430	0.9254507806326369
AT4G29770	AT1G01940	0.9326213788025047
AT4G29770	257239_at	0.9255162768555214
AT4G29770	AT4G23885	0.903221683610581
AT4G29770	AT3G23990	0.9148812429210393
AT4G29770	AT4G26780	0.9127995831923994
AT4G29770	AT3G07770	0.9337695469899011
AT3G17110	AT3G08970	0.9260023724179939
AT3G17110	AT5G09590	0.905919608944183
AT3G17110	AT1G03070	0.9533171417775931
AT3G17110	AT3G07150	0.9304326379104971
AT3G17110	AT3G53230	0.9456287889705721
AT3G17110	AT1G44414	0.9049792431489941
AT3G17110	AT5G47160	0.9104027721283422
AT3G17110	AT2G25140	0.9290015713829557
AT3G17110	AT3G12050	0.9304998292300314
AT3G17110	AT3G25230	0.9030711696036365
AT3G17110	AT3G23990	0.9154702302669537
AT3G17110	AT2G21940	0.9153222359273778
AT3G17110	AT5G58590	0.9362194346784649
AT3G17110	AT3G03520	0.9420398130017482
AT3G17110	AT2G41160	0.9434584887028503
AT3G17110	AT5G53400	0.9605745923114566
AT3G17110	AT3G29810	0.915358198399635
AT3G17110	AT4G26780	0.9067051359059678
AT5G40180	AT5G48250	0.9073110529787474
AT1G55960	AT1G10370	0.96700285494604
AT1G55960	AT5G15850	0.9307005446618111
AT1G55960	AT4G31870	0.9517521404591259
AT1G55960	AT5G23730	0.913325620885596
AT1G55960	AT2G31380	0.9175513512219584
AT1G55960	AT3G27170	0.9467065852951854
AT1G55960	AT5G66740	0.9008560648129421
AT1G55960	AT5G24120	0.9771917587829124
AT1G55960	AT5G18670	0.9404029176255574
AT1G55960	AT4G15430	0.9348423801271846
AT1G55960	AT2G24540	0.9518197052300448
AT1G55960	AT3G01060	0.908186312781026
AT1G55960	AT5G39660	0.9159836211351149
AT1G55960	AT3G57040	0.9334795675566748
AT1G55960	AT2G04795	0.9020904495134351
AT4G32340	AT5G26570	0.9837386781388672
AT4G32340	AT5G15960	0.9314329244712005
AT4G32340	AT5G61380	0.9541404416537316
AT4G32340	AT5G39410	0.9661613517687245
AT4G32340	AT2G25730	0.9380324495239497
AT4G32340	AT2G28840	0.9489828670504687
AT4G32340	AT1G29395	0.9366647135751333
AT4G32340	AT3G26740	0.9224923856932389
AT4G32340	AT5G23660	0.9443029990143361
AT4G32340	AT5G51570	0.9309277040510974
AT4G32340	AT3G18080	0.9198168929137576
AT4G32340	AT3G05880	0.9590321737988252
AT4G32340	AT3G10410	0.9777666730171898
AT4G32340	AT5G57110	0.95622678600381
AT4G32340	AT3G52180	0.9404042521770598
AT4G32340	AT2G29630	0.9290442402700185
AT4G32340	AT1G67660	0.9237704542909256
AT4G32340	AT4G18240	0.9657276387669496
AT4G32340	AT1G67970	0.9185941893599682
AT4G32340	AT2G17840	0.9208781216703119
AT4G32340	AT5G14550	0.9368861046720383
AT4G32340	AT5G11150	0.9325246425062343
AT4G32340	AT1G79440	0.9420382146834342
AT4G32340	AT4G33700	0.9487684798568936
AT4G32340	AT1G27630	0.9325783015910776
AT4G32340	AT1G26665	0.9321538352157802
AT4G32340	245432_at	0.907093994688516
AT4G32340	AT5G63810	0.9083094995339676
AT4G32340	AT4G17140	0.9242612795142355
AT4G32340	AT3G55450	0.9264386264796524
AT4G32340	AT1G51610	0.9178507945717181
AT4G32340	AT1G48210	0.9413520265715034
AT4G32340	AT5G18540	0.9307385879672407
AT4G32340	AT1G69830	0.9383299399792668
AT4G32340	AT1G49220	0.9080914470244458
AT4G32340	AT2G15970	0.9026448418088274
AT4G32340	AT1G31850	0.9540445188785841
AT4G32340	AT3G14310	0.9234008964199356
AT4G32340	AT2G01170	0.9415484499393584
AT4G32340	AT2G02100	0.936340017319835
AT4G32340	AT3G58570	0.9454096530112577
AT4G32340	AT3G16180	0.9462663296675479
AT4G32340	AT3G01310	0.9164062253780847
AT4G32340	AT2G43535	0.9306897155802016
AT4G32340	AT1G53035	0.9289597316177678
AT4G32340	AT4G11600	0.9130766145159855
AT4G32340	AT4G19390	0.9724287561119824
AT4G32340	AT1G06460	0.9438748481020293
AT4G32340	AT3G46440	0.9467455076931436
AT4G32340	AT5G63420	0.9552504342256303
AT4G32340	AT2G19450	0.9216271503456771
AT4G32340	AT4G33490	0.9551730500169482
AT4G32340	AT5G27930	0.9309613811460024
AT5G26570	AT5G15960	0.9367148330821387
AT5G26570	AT5G61380	0.9475616597235811
AT5G26570	AT5G39410	0.9511046977872797
AT5G26570	AT2G25730	0.9295086569474454
AT5G26570	AT2G28840	0.9306839200710355
AT5G26570	AT1G29395	0.9273112960396898
AT5G26570	AT5G23660	0.94326122632017
AT5G26570	AT5G51570	0.9230442656786272
AT5G26570	AT1G51090	0.9138035161730247
AT5G26570	AT3G18080	0.9204999972205833
AT5G26570	AT3G05880	0.9391013092558266
AT5G26570	AT3G10410	0.98138570700727
AT5G26570	AT5G57110	0.9594012422878093
AT5G26570	AT2G45560	0.9065493242406247
AT5G26570	AT3G52180	0.9681934844235554
AT5G26570	AT2G29630	0.9257799284843433
AT5G26570	AT1G67660	0.9033521903253018
AT5G26570	AT4G18240	0.9779469248652909
AT5G26570	AT5G14550	0.9274139450589005
AT5G26570	AT5G11150	0.9521156830668308
AT5G26570	AT1G79440	0.9382571374929923
AT5G26570	AT4G33700	0.9444424942698151
AT5G26570	AT1G27630	0.9149385091992871
AT5G26570	AT1G26665	0.9242849485755811
AT5G26570	245432_at	0.9083654179994191
AT5G26570	AT2G43550	0.9237171211516466
AT5G26570	AT4G17140	0.9490531371097425
AT5G26570	AT3G55450	0.9365811152176894
AT5G26570	AT1G51610	0.9068008220753736
AT5G26570	AT1G48210	0.9339389667576043
AT5G26570	AT5G18540	0.9180470007069534
AT5G26570	AT1G69830	0.9487484172850584
AT5G26570	AT1G49220	0.9372422460759531
AT5G26570	AT2G15970	0.9081964165946592
AT5G26570	AT1G31850	0.9703954450159475
AT5G26570	AT1G68050	0.9003223481529578
AT5G26570	AT3G14310	0.9103399638776307
AT5G26570	AT2G01170	0.9287542110797401
AT5G26570	AT2G02100	0.9503387973123409
AT5G26570	AT3G58570	0.9394153890342783
AT5G26570	AT3G16180	0.9572463687833397
AT5G26570	AT2G43535	0.9317814174462674
AT5G26570	AT1G53035	0.936976002029912
AT5G26570	AT4G11600	0.923474055995069
AT5G26570	AT4G19390	0.964388745779591
AT5G26570	AT1G06460	0.9310899936542767
AT5G26570	AT3G46440	0.9513089865167743
AT5G26570	AT5G63420	0.9530805968414319
AT5G26570	AT4G33490	0.9507090088210463
AT5G26570	AT5G27930	0.9065981189700939
AT5G59570	AT5G48250	0.9272430951802266
AT5G59570	AT4G39090	0.9314534887397563
AT5G59570	AT3G50500	0.9170359801718047
AT5G59570	AT1G49650	0.9224162604791066
AT5G59570	AT5G14920	0.9230661065816786
AT5G59570	AT2G17840	0.9127706406807261
AT5G59570	AT1G79440	0.9076750413965464
AT5G59570	AT4G02370	0.9353853678443232
AT5G59570	AT5G03240	0.9423883629947178
AT5G59570	AT1G12710	0.9236249832520256
AT5G59570	AT1G21680	0.9523685968310911
AT5G59570	AT3G16740	0.9051668525709823
AT5G14760	AT3G17609	0.9468394334100648
AT5G14760	AT1G64780	0.9196266541036345
AT5G14760	AT1G64500	0.9049661486967363
AT5G14760	AT5G18670	0.9262371151365154
AT5G14760	AT3G56290	0.9483595042364849
AT4G36470	AT3G16910	0.9543658578790962
AT1G10370	AT5G15850	0.9467976136795397
AT1G10370	AT4G31870	0.9680515381860539
AT1G10370	AT3G47420	0.9069863456395714
AT1G10370	AT5G23730	0.9321254405754684
AT1G10370	AT2G31380	0.9275810890221369
AT1G10370	AT3G27170	0.9597375825700672
AT1G10370	AT4G08300	0.9177036367901804
AT1G10370	AT1G64500	0.9132558485377974
AT1G10370	AT5G24120	0.9716617415124642
AT1G10370	AT5G18670	0.9399520194180904
AT1G10370	AT3G01550	0.9358382631687528
AT1G10370	AT4G15430	0.9609288252553694
AT1G10370	AT3G56290	0.928720080248082
AT1G10370	AT2G24540	0.954541703525762
AT1G10370	AT3G01060	0.9596062105803685
AT1G10370	AT5G39660	0.9249431740909063
AT1G10370	AT5G15600	0.9258495084329214
AT5G15850	AT4G31870	0.9198694310760891
AT5G15850	AT3G47420	0.9036016676757567
AT5G15850	AT2G31380	0.9636137335226028
AT5G15850	AT3G27170	0.9536894626704683
AT5G15850	AT1G64500	0.9468570478985462
AT5G15850	AT5G24120	0.931118897553755
AT5G15850	AT5G18670	0.9097224566345442
AT5G15850	AT3G56290	0.9206944422780637
AT5G15850	AT2G24540	0.9651232806629192
AT5G15850	AT2G04795	0.9000566478221783
AT5G15850	AT1G75100	0.9730243980182688
AT5G15850	AT1G70985	0.9077110084120031
AT5G15850	AT1G79270	0.9391264671635723
AT3G53650	AT4G01390	0.9010352325626698
AT3G53650	AT5G36710	0.9184760192454182
AT3G53650	AT1G03780	0.9436577858670442
AT3G53650	AT2G26760	0.9254150581133402
AT3G53650	AT1G19940	0.9797619043972339
AT3G53650	AT1G74300	0.9058429391106935
AT3G53650	AT5G10400	0.9790272346895788
AT3G53650	AT3G46320	0.9561405288421814
AT3G53650	AT5G59870	0.9885577538561784
AT3G53650	AT5G10390	0.9467297567534051
ATMG00630	AT2G07768	0.9392222060962847
ATMG00630	ATMG00160	0.9583683259172115
ATMG00630	ATMG00940	0.902153230064554
ATMG00630	AT2G07749	0.9157316501639453
ATMG00630	ATMG00270	0.9688424392230348
ATMG00630	ATMG00640	0.924381725371842
ATMG00630	ATMG00650	0.9609013382222791
ATMG00630	AT2G07675	0.9762973049823377
ATMG00630	ATMG00690	0.9659856160134883
ATMG00630	ATMG00060	0.965823528173856
ATMG00630	ATMG00620	0.9507039977945841
AT2G26790	ATMG00160	0.9343704186651406
AT3G08970	AT4G11660	0.915460160765468
AT3G08970	AT1G14200	0.9115606547361186
AT3G08970	AT5G09590	0.9654655354685521
AT3G08970	AT1G03070	0.9490364331367365
AT3G08970	AT3G07150	0.9456574517837357
AT3G08970	AT3G53230	0.9003283032045165
AT3G08970	AT5G47610	0.9080073726290812
AT3G08970	AT2G25140	0.9774309278356423
AT3G08970	AT5G05410	0.907562983351862
AT3G08970	AT5G23480	0.9205937777210825
AT3G08970	AT3G12050	0.9559040361233162
AT3G08970	AT3G25230	0.9444839406101398
AT3G08970	AT3G17611	0.9330185073914585
AT3G08970	AT3G23990	0.9016749755627996
AT3G08970	AT1G55530	0.9362222400052216
AT3G08970	AT2G21940	0.9575182359492915
AT3G08970	AT4G17250	0.9237960823956143
AT3G08970	AT3G03520	0.9119478827760483
AT3G08970	AT2G41160	0.9762951265578744
AT3G08970	AT5G53400	0.9656949027082191
AT3G08970	AT2G36460	0.9382337676906903
AT5G15960	AT5G61380	0.9320927288664873
AT5G15960	AT5G39410	0.9489400504568177
AT5G15960	AT5G44010	0.9231696887725549
AT5G15960	AT2G25730	0.905527826505251
AT5G15960	AT2G28840	0.9042346018059091
AT5G15960	AT5G51570	0.9187470181357703
AT5G15960	AT3G05880	0.9314710869442974
AT5G15960	AT3G10410	0.9397475759237082
AT5G15960	AT5G57110	0.9442649585934132
AT5G15960	AT2G45560	0.9404219589975198
AT5G15960	AT2G29630	0.9530355349377889
AT5G15960	AT1G67660	0.9234717668670717
AT5G15960	AT4G18240	0.9280130431314295
AT5G15960	AT2G17840	0.9137009278765019
AT5G15960	AT5G14550	0.9383357763554049
AT5G15960	AT1G79440	0.9431452709183249
AT5G15960	AT1G27630	0.9271164209510093
AT5G15960	AT1G51610	0.9149627007727126
AT5G15960	AT5G18540	0.9077502095037531
AT5G15960	AT1G69830	0.9088407181954177
AT5G15960	AT2G15970	0.9141255907735716
AT5G15960	AT1G12710	0.9149461868037548
AT5G15960	AT2G01170	0.9167667693297622
AT5G15960	AT2G02100	0.9159233094090191
AT5G15960	AT3G58570	0.9236429347784395
AT5G15960	AT3G16180	0.9210541756356608
AT5G15960	AT1G06460	0.9372279618930048
AT5G15960	AT5G63420	0.944107370552029
AT5G15960	AT2G19450	0.9064138886334216
AT5G15960	AT4G33490	0.9629083037383083
AT5G15960	AT5G27930	0.9154197890636624
AT5G61380	AT5G39410	0.9560950563057193
AT5G61380	AT5G48250	0.9215512525802076
AT5G61380	AT2G25730	0.9347198300747818
AT5G61380	AT5G23660	0.9769629845462252
AT5G61380	AT5G51570	0.9175656363315696
AT5G61380	AT3G05880	0.9365469291264149
AT5G61380	AT3G10410	0.978316116178349
AT5G61380	AT5G57110	0.9717195914081869
AT5G61380	AT2G29630	0.9463580645947168
AT5G61380	AT4G18240	0.9240149887352521
AT5G61380	AT1G67970	0.9217650018647822
AT5G61380	AT2G17840	0.9119622524940505
AT5G61380	AT5G14550	0.9504363456498811
AT5G61380	AT1G79440	0.9337385655372922
AT5G61380	AT4G33700	0.9397814785988052
AT5G61380	AT1G27630	0.9209519893950339
AT5G61380	AT1G26665	0.9590062583318915
AT5G61380	AT5G62720	0.9388347696219294
AT5G61380	AT4G17140	0.907441501768028
AT5G61380	AT3G55450	0.9194217010995609
AT5G61380	AT1G48210	0.9795076426739
AT5G61380	AT5G18540	0.957800916485355
AT5G61380	AT1G49220	0.9138479432274588
AT5G61380	AT1G31850	0.9073294561680849
AT5G61380	AT3G14310	0.9028331499973883
AT5G61380	AT2G02100	0.9066187345826182
AT5G61380	AT3G58570	0.904117378792354
AT5G61380	AT3G16180	0.9138105366906057
AT5G61380	AT4G19390	0.9338681485572253
AT5G61380	AT5G63420	0.9772578161889091
AT5G61380	AT2G19450	0.9387021260825783
AT5G61380	AT4G33490	0.9602805611883424
AT4G31870	AT3G47420	0.9177701705643329
AT4G31870	AT5G23730	0.9496642638178237
AT4G31870	AT4G14690	0.9051400956808915
AT4G31870	AT2G31380	0.9183049203289744
AT4G31870	AT3G27170	0.9573360718341464
AT4G31870	AT5G24120	0.9656356074943717
AT4G31870	AT5G18670	0.901598618940501
AT4G31870	AT3G01550	0.9183893162654921
AT4G31870	AT4G15430	0.9618646754693065
AT4G31870	AT2G24540	0.9217889446796891
AT4G31870	AT3G01060	0.9510442792248028
AT5G54960	AT5G39410	0.909366748850731
AT5G54960	AT2G25730	0.9345941688599011
AT5G54960	AT5G51570	0.9158195076642451
AT5G54960	AT4G39090	0.9002391569790391
AT5G54960	AT3G50500	0.9501374042546357
AT5G54960	AT5G27280	0.9103166341417726
AT5G54960	AT1G49650	0.908571694173941
AT5G54960	AT2G29630	0.9252084596423623
AT5G54960	AT5G02860	0.9157488666506161
AT5G54960	AT1G27630	0.9059139341316482
AT5G54960	AT1G80480	0.937651499289351
AT5G54960	AT5G03240	0.9578688606385842
AT5G54960	AT3G26580	0.9399067413541562
AT5G54960	AT1G21680	0.9145547751886258
AT4G10910	AT3G15450	0.922251883804726
AT4G10910	AT1G80440	0.914165140359366
AT4G10910	AT5G19120	0.9294099652405922
AT4G10910	AT5G49450	0.9309845608692124
AT3G42860	AT3G59820	0.9114355399051091
AT5G39410	AT5G44010	0.9102081990129965
AT5G39410	AT2G25730	0.9612333921155237
AT5G39410	AT2G28840	0.9625014809248119
AT5G39410	AT1G29395	0.914923523249255
AT5G39410	AT3G26740	0.9256350238134313
AT5G39410	AT5G23660	0.9451204958898097
AT5G39410	AT5G51570	0.967573654421623
AT5G39410	AT4G39090	0.9223312555682478
AT5G39410	AT3G18080	0.9014572071419777
AT5G39410	AT3G05880	0.9693422085236535
AT5G39410	AT3G10410	0.9689487943110902
AT5G39410	AT5G57110	0.9463920573029316
AT5G39410	AT5G27280	0.9439040560700507
AT5G39410	AT2G45560	0.9396542021767704
AT5G39410	AT1G49650	0.9252530729733819
AT5G39410	AT3G52180	0.9087465478467893
AT5G39410	AT2G29630	0.9697105092171051
AT5G39410	AT1G67660	0.962785224699986
AT5G39410	AT4G18520	0.9205117300545687
AT5G39410	AT4G18240	0.9475119016085399
AT5G39410	AT1G67970	0.9174110652680563
AT5G39410	AT2G17840	0.9782821974093715
AT5G39410	AT5G14550	0.9849506576296444
AT5G39410	AT5G02860	0.9600498069782608
AT5G39410	AT1G79440	0.9492917115031873
AT5G39410	AT4G33700	0.9431812627898492
AT5G39410	AT1G27630	0.9858042441618453
AT5G39410	AT1G26665	0.9391769476483852
AT5G39410	AT4G02370	0.93445306430715
AT5G39410	AT5G62720	0.9237154452920622
AT5G39410	AT5G63810	0.9067816901844711
AT5G39410	AT5G03240	0.945621947826439
AT5G39410	AT1G51610	0.9346505564145241
AT5G39410	AT1G48210	0.9343277979575331
AT5G39410	AT5G18540	0.9463157305813599
AT5G39410	AT1G69830	0.9297683675502871
AT5G39410	AT2G15970	0.9032151309348522
AT5G39410	AT1G31850	0.9132925882687577
AT5G39410	AT3G14310	0.9490602210339657
AT5G39410	AT2G01170	0.9531768732208467
AT5G39410	AT2G02100	0.9359916163047358
AT5G39410	AT3G58570	0.9671063354982848
AT5G39410	AT3G16180	0.9282807603538145
AT5G39410	AT3G01310	0.9347538196804984
AT5G39410	AT3G26580	0.9362965054884649
AT5G39410	AT4G05330	0.9189652636986684
AT5G39410	AT1G21680	0.9126263384544562
AT5G39410	AT1G53035	0.9012510663158869
AT5G39410	AT4G11600	0.9243804373736533
AT5G39410	AT4G19390	0.9490189841858983
AT5G39410	AT1G06460	0.9424769905239233
AT5G39410	AT3G46440	0.9108744794068794
AT5G39410	AT5G63420	0.9736659795056636
AT5G39410	AT2G19450	0.9460905973925865
AT5G39410	AT4G33490	0.9832903372867836
AT5G39410	AT4G14230	0.921899853310822
AT5G39410	AT5G27930	0.9302030539695759
AT4G11660	AT1G14200	0.9496907018301722
AT4G11660	AT5G09590	0.9149184475479889
AT4G11660	AT4G23570	0.9134004981170227
AT4G11660	AT3G07090	0.9547106522472038
AT4G11660	AT2G25140	0.9127209059496506
AT4G11660	AT5G23480	0.9339521369560272
AT4G11660	AT3G12050	0.927211077620451
AT4G11660	AT3G25230	0.9342216979013466
AT4G11660	AT1G56170	0.9271364057814675
AT4G11660	AT5G62020	0.9210331221130383
AT4G11660	AT3G17611	0.9443645746685635
AT4G11660	AT1G55530	0.9667773540097409
AT4G11660	AT2G41160	0.9264863018256575
AT4G11660	AT5G53400	0.901136442121558
AT4G11660	AT4G30490	0.9071056243205347
AT1G14200	AT4G23570	0.9323058554390616
AT1G14200	AT3G07090	0.9379925597627945
AT1G14200	AT3G12050	0.9113163864450835
AT1G14200	AT3G25230	0.9030765754099693
AT1G14200	AT5G56030	0.9058724207913008
AT1G14200	AT1G55530	0.915153827694833
AT5G44010	AT3G26740	0.9384046235803503
AT5G44010	AT4G39090	0.9169468729697
AT5G44010	AT3G05880	0.9063183303481426
AT5G44010	AT2G45560	0.9103753073398521
AT5G44010	AT2G29630	0.9281084964126086
AT5G44010	AT1G67660	0.9603895136045589
AT5G44010	AT2G17840	0.9095878093154416
AT5G44010	AT5G02860	0.9370644537103118
AT5G44010	AT1G27630	0.9192515039072492
AT5G44010	AT2G15970	0.9021171179511149
AT5G44010	AT3G26580	0.921506375165968
AT5G44010	AT4G05330	0.9043890509553424
AT5G44010	AT5G27930	0.9527798699080159
AT3G15450	AT5G22920	0.9416976275348916
AT3G47420	AT5G23730	0.9294171054040071
AT3G47420	AT2G31380	0.9171767042602208
AT3G47420	AT5G24120	0.9095185490366106
AT3G17609	AT5G23730	0.931789266341097
AT3G17609	AT5G15950	0.9033901665821591
AT3G17609	AT5G42760	0.9011242489084055
AT3G17609	AT5G18670	0.9049091698556746
AT3G17609	AT3G56290	0.9601967671613533
AT3G17609	AT3G14770	0.9073606222831284
AT3G17609	AT3G19450	0.9476944851756921
AT3G17609	AT3G24170	0.968018269290236
AT3G17609	AT1G17050	0.9546082758468292
AT3G17609	AT5G15600	0.9004952363392337
AT5G48250	AT2G25730	0.9103735570820893
AT5G48250	AT5G51570	0.9033666952102715
AT5G48250	AT5G57110	0.9141986430412866
AT5G48250	AT2G29630	0.9129422242035193
AT5G48250	AT1G79440	0.913499672811538
AT5G48250	AT1G26665	0.9085716427882198
AT5G48250	AT5G62720	0.9136866359203172
AT5G48250	AT5G03240	0.9288419670012898
AT5G48250	AT5G18540	0.9152768202793686
AT5G48250	AT5G63420	0.9378481088960974
AT5G48250	AT4G33490	0.9043893037989107
AT3G51240	AT2G45800	0.900123970447635
AT3G51240	AT4G01080	0.9315876397464659
AT3G51240	AT5G42760	0.9176816123716802
AT3G51240	AT5G08640	0.9139577472742759
AT3G51240	AT5G13930	0.9627487965268678
AT3G51240	AT1G78290	0.9524956903959239
AT3G51240	AT3G19450	0.9046560825975687
AT3G51240	AT1G17050	0.9034421530701162
AT4G01390	AT5G59870	0.9145114017838594
AT4G26950	AT2G45800	0.9077246995828939
AT1G62300	AT4G37410	0.9133868859940324
AT5G09590	AT1G03070	0.919946083606166
AT5G09590	AT3G07150	0.9396528405059477
AT5G09590	AT3G53230	0.9251673931791259
AT5G09590	AT3G22090	0.9128674151836667
AT5G09590	AT2G25140	0.9568298015277026
AT5G09590	AT5G23480	0.9295836973315081
AT5G09590	AT3G12050	0.953735326691656
AT5G09590	AT3G25230	0.9653686553439195
AT5G09590	AT4G23885	0.9006885968846807
AT5G09590	AT3G17611	0.9147338416398095
AT5G09590	AT3G23990	0.9536434509536968
AT5G09590	AT1G55530	0.9210094057332749
AT5G09590	AT2G21940	0.944586651419319
AT5G09590	AT5G58590	0.9132363982309059
AT5G09590	AT3G03520	0.922140653337586
AT5G09590	AT2G41160	0.9584722285804947
AT5G09590	AT5G53400	0.9643161770735477
AT5G09590	AT3G52830	0.9062842854834507
AT5G09590	AT2G36460	0.947292771220311
AT5G09590	AT3G07770	0.9153930307794887
AT5G23730	AT4G08300	0.9055276716103368
AT5G23730	AT1G64500	0.9013696541865694
AT5G23730	AT5G24120	0.943532497064592
AT5G23730	AT1G68440	0.9016523722953134
AT5G23730	AT3G01550	0.9257627009506244
AT5G23730	AT4G15430	0.9554024744070786
AT5G23730	AT3G56290	0.9257296440672493
AT5G23730	AT3G01060	0.9173397474417134
AT5G23730	AT3G14770	0.9367088737474422
AT5G23730	AT5G39660	0.9040894661869887
AT5G23730	AT3G19450	0.9093460143867681
AT5G23730	AT3G24170	0.9536522335880625
AT5G23730	AT1G17050	0.9251856133762408
AT2G25730	AT2G28840	0.9401051409614248
AT2G25730	AT5G23660	0.9356528394983239
AT2G25730	AT5G51570	0.9843485056351848
AT2G25730	AT3G05880	0.9595019751603033
AT2G25730	AT3G10410	0.9554587554720793
AT2G25730	AT5G57110	0.9148952563203294
AT2G25730	AT5G27280	0.9019332192285946
AT2G25730	AT2G45560	0.9026329562329489
AT2G25730	AT2G29630	0.957221222950209
AT2G25730	AT1G67660	0.9102374861107158
AT2G25730	AT4G18240	0.9491919432256086
AT2G25730	AT2G17840	0.928738763703352
AT2G25730	AT5G14550	0.915901571768914
AT2G25730	AT5G02860	0.9084198314395888
AT2G25730	AT1G79440	0.9307395189825027
AT2G25730	AT4G33700	0.923318799331676
AT2G25730	AT1G27630	0.9319835218863614
AT2G25730	AT1G26665	0.9304822553278221
AT2G25730	AT5G62720	0.9234915887127542
AT2G25730	AT5G03240	0.9521607403546127
AT2G25730	AT4G17140	0.930178496282333
AT2G25730	AT1G48210	0.9085458914743494
AT2G25730	AT5G18540	0.9506718121500142
AT2G25730	AT3G14310	0.9169150981217422
AT2G25730	AT2G02100	0.9142497673727049
AT2G25730	AT3G58570	0.9354818289662004
AT2G25730	AT3G26580	0.9076489638819795
AT2G25730	AT4G05330	0.9173053781690139
AT2G25730	AT1G21680	0.9076105285918717
AT2G25730	AT4G11600	0.9248383352136762
AT2G25730	AT4G19390	0.9097669519010124
AT2G25730	AT5G63420	0.9678009687614016
AT2G25730	AT4G33490	0.9241698522921823
AT5G59670	AT5G58310	0.9348585182478956
AT5G59670	AT4G15440	0.9606394802238305
AT2G28840	AT3G26740	0.9319962372597336
AT2G28840	AT5G51570	0.9516231543708176
AT2G28840	AT4G39090	0.9185620899296909
AT2G28840	AT2G31360	0.9229469059849487
AT2G28840	AT3G18080	0.9208790662778062
AT2G28840	AT3G05880	0.9601923516152295
AT2G28840	AT3G10410	0.9240544945524364
AT2G28840	AT5G27280	0.9284358479695346
AT2G28840	AT2G45560	0.9342856961778654
AT2G28840	AT1G49650	0.9303960254815904
AT2G28840	AT2G16660	0.9099946634328616
AT2G28840	AT3G52180	0.924094460340738
AT2G28840	AT2G29630	0.9245547819749258
AT2G28840	AT1G67660	0.9585644434069415
AT2G28840	AT4G18520	0.9308888801383454
AT2G28840	AT4G18240	0.943740056604077
AT2G28840	AT2G17840	0.9614260069346415
AT2G28840	AT5G14550	0.9321506165748895
AT2G28840	AT5G02860	0.9476265040509048
AT2G28840	AT1G79440	0.931772925621881
AT2G28840	AT4G33700	0.9231609710576283
AT2G28840	AT1G27630	0.9661675927285958
AT2G28840	245432_at	0.9018524231347702
AT2G28840	AT4G02370	0.9446570497265813
AT2G28840	AT1G70820	0.9157686330835771
AT2G28840	AT1G51610	0.9123211291454509
AT2G28840	AT5G18540	0.9049387167783272
AT2G28840	AT1G69830	0.9526611236139767
AT2G28840	AT2G15970	0.9073055055054828
AT2G28840	AT1G31850	0.9317064689937707
AT2G28840	AT3G14310	0.9724390284387867
AT2G28840	AT2G01170	0.9437886162703631
AT2G28840	AT2G39900	0.9357920806081208
AT2G28840	AT2G02100	0.9212784180596681
AT2G28840	AT3G58570	0.9508685093783898
AT2G28840	AT3G16180	0.9372821784704309
AT2G28840	AT3G01310	0.9671347732803564
AT2G28840	AT3G26580	0.9201536155235723
AT2G28840	AT1G12845	0.9095588752567447
AT2G28840	AT2G43535	0.9153787304883018
AT2G28840	AT4G05330	0.9384772556479689
AT2G28840	AT4G11600	0.9557212126330493
AT2G28840	AT4G19390	0.945677722386073
AT2G28840	AT1G06460	0.9169426301680833
AT2G28840	AT3G46440	0.9259103146106713
AT2G28840	AT1G13930	0.9131665748456864
AT2G28840	AT5G63420	0.9221839869930027
AT2G28840	AT2G19450	0.9142669399441371
AT2G28840	AT4G33490	0.9254687615080961
AT2G28840	AT4G14230	0.955761788583048
AT2G28840	AT5G27930	0.9001056091702282
AT1G59980	AT4G23885	0.9004841555320006
AT1G59980	AT4G26780	0.9003633723006534
AT1G29395	AT1G51090	0.910528344665128
AT1G29395	AT3G05880	0.9052798583709247
AT1G29395	AT5G57110	0.9232644987989156
AT1G29395	AT5G27280	0.9177248114700409
AT1G29395	AT3G52180	0.9159969541362656
AT1G29395	AT5G14550	0.9020657751396176
AT1G29395	AT5G11150	0.9115164211138531
AT1G29395	AT1G79440	0.9128966853945304
AT1G29395	245432_at	0.9053263795881852
AT1G29395	AT5G63810	0.9704997712085027
AT1G29395	AT1G69830	0.9280653277123453
AT1G29395	AT1G49220	0.9206853535102519
AT1G29395	AT2G15970	0.9281120571592565
AT1G29395	AT2G01170	0.9199337195659075
AT1G29395	AT2G02100	0.9516244838167112
AT1G29395	AT3G58570	0.9365150978831236
AT1G29395	AT3G16180	0.9087075020209527
AT1G29395	AT3G01310	0.9197116864714786
AT1G29395	AT1G12845	0.9070540082507418
AT1G29395	AT1G53035	0.9256136805015974
AT1G29395	AT4G19390	0.9054095637106889
AT1G29395	AT1G06460	0.9502703854615345
AT1G29395	AT4G33490	0.9401339888997577
AT1G29395	AT3G05800	0.9008168330687372
AT3G21470	AT5G56310	0.9318790256534106
AT1G62560	AT5G17220	0.9193253584745069
AT1G62560	AT5G05270	0.9163580234177356
AT1G62560	AT5G65870	0.9249904205072083
AT1G62560	AT1G74300	0.9643000741363533
AT4G16000	AT5G59080	0.9605758075647989
AT1G64780	AT1G64500	0.9322606825984009
AT1G64780	AT1G65490	0.9154388088657645
AT1G64780	AT3G56290	0.9432435493960705
AT3G26740	AT4G39090	0.9683613519549583
AT3G26740	AT3G05880	0.9398911384299283
AT3G26740	AT5G27280	0.9154989710131888
AT3G26740	AT1G49650	0.9316734643906276
AT3G26740	AT2G29630	0.9116091891192314
AT3G26740	AT1G67660	0.9537671808043087
AT3G26740	AT3G53800	0.9392112149985138
AT3G26740	AT4G18520	0.9212001621836158
AT3G26740	AT2G17840	0.9304759865248137
AT3G26740	AT1G51940	0.9207625197728471
AT3G26740	AT5G02860	0.9410125949678919
AT3G26740	AT1G27630	0.9366767645856042
AT3G26740	AT4G02370	0.9295908716339032
AT3G26740	AT1G70820	0.9390378945655921
AT3G26740	AT3G50700	0.91123052999723
AT3G26740	AT3G14310	0.9398071560285518
AT3G26740	AT2G39900	0.9045242064355946
AT3G26740	AT3G58570	0.9228887690215072
AT3G26740	AT3G01310	0.9257498579437
AT3G26740	AT3G26580	0.936399531965995
AT3G26740	AT3G56720	0.9177486793470031
AT3G26740	AT4G05330	0.9338818461660847
AT3G26740	AT1G21680	0.9067951852245427
AT3G26740	AT5G27930	0.9120923087263728
AT5G23660	AT5G51570	0.906972108654924
AT5G23660	AT3G05880	0.9069892208920528
AT5G23660	AT3G10410	0.9852510138665244
AT5G23660	AT5G57110	0.9374848037560204
AT5G23660	AT2G29630	0.9447582719604384
AT5G23660	AT4G18240	0.9421913281967398
AT5G23660	AT5G14550	0.9291417391148467
AT5G23660	AT4G33700	0.9542020702691087
AT5G23660	AT1G27630	0.9135111549737123
AT5G23660	AT1G26665	0.9765030448731651
AT5G23660	AT5G62720	0.9254882064975594
AT5G23660	AT4G17140	0.9089985597070978
AT5G23660	AT3G55450	0.9306502469728736
AT5G23660	AT1G48210	0.9759497401571795
AT5G23660	AT5G18540	0.91637403944857
AT5G23660	AT1G31850	0.9094290686962603
AT5G23660	AT4G19390	0.9371194902915949
AT5G23660	AT5G63420	0.9556903589747411
AT5G23660	AT4G33490	0.9298646305413344
AT2G45800	AT4G10120	0.9137222265843022
AT4G10120	AT3G10150	0.937508911687428
AT4G10120	AT5G05270	0.9493197795873722
AT4G10120	AT2G18230	0.910356268560263
AT4G10120	AT1G74300	0.905171771506916
AT4G10120	AT2G47800	0.9166377620321388
AT4G10120	AT1G62540	0.9177672519685601
AT4G10120	AT3G26590	0.9682373520346192
AT4G10120	AT2G32990	0.9060355739352981
AT1G03070	AT3G07150	0.9699630743997768
AT1G03070	AT3G53230	0.9474902975339183
AT1G03070	AT1G07500	0.917784625286765
AT1G03070	AT1G44414	0.9378133856086989
AT1G03070	AT3G22090	0.9235158387164351
AT1G03070	AT2G25140	0.9435455994705307
AT1G03070	AT5G27660	0.9302248637407718
AT1G03070	AT5G05410	0.932873456644827
AT1G03070	AT3G12050	0.9151467579474226
AT1G03070	AT4G23885	0.9262869152036451
AT1G03070	AT3G23990	0.9118278633726172
AT1G03070	AT2G21940	0.9363144847360787
AT1G03070	AT5G58590	0.9037821860542219
AT1G03070	AT4G17250	0.9253611933239657
AT1G03070	AT3G03520	0.9638637598970087
AT1G03070	AT2G41160	0.9521008003950399
AT1G03070	AT5G53400	0.947248992257199
AT1G03070	AT4G26780	0.9425427787533476
AT1G03070	AT2G36460	0.9192696192375401
AT1G03070	AT5G58787	0.9619456981247936
AT5G64170	AT3G27690	0.9048624071827994
AT5G64170	AT3G59060	0.9108995219317696
AT5G64170	AT1G66100	0.9251155928016603
AT5G64170	AT5G36910	0.943351380219866
AT5G26260	AT4G12470	0.9089710500763963
AT3G07150	AT3G53230	0.953436480297245
AT3G07150	AT1G44414	0.9525024015945381
AT3G07150	AT3G22090	0.9011109559014243
AT3G07150	AT2G25140	0.9524299560689223
AT3G07150	AT5G05410	0.9415933306805487
AT3G07150	AT5G23480	0.9178475160589548
AT3G07150	AT3G12050	0.9334690991428466
AT3G07150	AT3G25230	0.9204247747123848
AT3G07150	AT4G23885	0.9100015733532647
AT3G07150	AT3G17611	0.9171074188865761
AT3G07150	AT3G23990	0.9275167060666035
AT3G07150	AT1G55530	0.9168988041535647
AT3G07150	AT2G21940	0.9757846364144861
AT3G07150	AT4G17250	0.9165505460015587
AT3G07150	AT3G03520	0.9684456409087585
AT3G07150	AT2G41160	0.9678661429026836
AT3G07150	AT5G53400	0.9528789301560786
AT3G07150	AT4G26780	0.9426898523711152
AT3G07150	AT2G36460	0.9585077486277888
AT3G07150	AT5G58787	0.9514927774914222
AT4G14690	AT3G27170	0.9033579586546217
AT1G18330	AT1G73480	0.9536315974526781
AT5G51570	AT3G05880	0.9756822336226273
AT5G51570	AT3G50500	0.9028427498122125
AT5G51570	AT3G10410	0.9362578556990635
AT5G51570	AT5G57110	0.9255103293385537
AT5G51570	AT5G27280	0.9131479753062854
AT5G51570	AT2G45560	0.9121287517871008
AT5G51570	AT2G29630	0.9390506593058258
AT5G51570	AT1G67660	0.9332983432385437
AT5G51570	AT4G18240	0.9315441601435108
AT5G51570	AT2G17840	0.9511723054089299
AT5G51570	AT5G14550	0.9296958740840218
AT5G51570	AT5G02860	0.9220574482761953
AT5G51570	AT1G79440	0.9558634984420866
AT5G51570	AT1G27630	0.9425082863576449
AT5G51570	AT4G02370	0.919060154282565
AT5G51570	AT5G03240	0.9441472636980193
AT5G51570	AT4G17140	0.9190894776027773
AT5G51570	AT5G18540	0.942607344300764
AT5G51570	AT1G69830	0.9023174342314922
AT5G51570	AT2G15970	0.9003576008644001
AT5G51570	AT1G31850	0.9051500658551381
AT5G51570	AT3G14310	0.9262732156284215
AT5G51570	AT2G01170	0.9049575964312623
AT5G51570	AT2G02100	0.9338702969967584
AT5G51570	AT3G58570	0.9626324812155925
AT5G51570	AT3G16180	0.9172235657646741
AT5G51570	AT3G01310	0.9259727637579979
AT5G51570	AT3G26580	0.9038773139703259
AT5G51570	AT4G05330	0.9314186005693239
AT5G51570	AT1G21680	0.9045874210029778
AT5G51570	AT4G11600	0.9482116166232367
AT5G51570	AT4G19390	0.9191979503604202
AT5G51570	AT5G63420	0.9529655942501586
AT5G51570	AT2G19450	0.9082002713688707
AT5G51570	AT4G33490	0.9418918864179388
AT1G28330	AT2G15960	0.9133352161127202
AT3G47160	AT4G39090	0.924302737831334
AT3G47160	AT3G50500	0.9048694896568805
AT3G47160	AT1G02300	0.9091463215493422
AT3G47160	AT4G05150	0.9003493596393535
AT3G47160	AT4G38580	0.9062683988034413
AT3G47160	AT3G16740	0.9047803978813697
AT5G14180	AT2G05380	0.9190817476144382
AT5G58310	AT4G15440	0.9181263501702013
AT2G40000	AT4G27280	0.9024365698780774
AT2G24100	AT5G02490	0.9056738473267091
AT2G24100	AT4G23570	0.9172026839084922
AT2G24100	AT3G07090	0.9453083427203791
AT2G24100	AT5G62020	0.9121190655000815
AT2G24100	AT1G13080	0.9095962319567146
AT2G24100	AT3G15770	0.9278196253921068
AT2G24100	AT4G30490	0.9702899510504609
AT2G24100	AT2G29450	0.9388351783914224
AT3G53230	AT1G44414	0.9286846931037419
AT3G53230	AT5G47160	0.9065034186215462
AT3G53230	AT3G22090	0.9101332574410843
AT3G53230	AT2G25140	0.9054815348820211
AT3G53230	AT5G27660	0.9032436832192262
AT3G53230	AT3G12050	0.9157134973663417
AT3G53230	AT3G25230	0.9024879430921267
AT3G53230	AT1G01940	0.9384091872774779
AT3G53230	AT4G23885	0.9350744993795382
AT3G53230	AT3G23990	0.9608306739611008
AT3G53230	AT2G21940	0.9294543057555231
AT3G53230	AT5G58590	0.9645119874985864
AT3G53230	AT3G03520	0.9732405597133358
AT3G53230	AT2G41160	0.9244403956117606
AT3G53230	AT5G53400	0.9291905617262504
AT3G53230	AT3G29810	0.9212688712261062
AT3G53230	AT4G26780	0.9683218988594088
AT3G53230	AT2G36460	0.9074873028827156
AT3G53230	AT5G58787	0.9297505399840743
AT3G53230	AT3G07770	0.9546798949496698
AT5G02490	AT5G56010	0.9003233667311796
AT5G02490	AT2G47730	0.9407667980505134
AT4G39090	AT3G05880	0.9183130790941124
AT4G39090	AT3G50500	0.9281412690592835
AT4G39090	AT5G27280	0.9350911729655487
AT4G39090	AT1G49650	0.9689054823023805
AT4G39090	AT2G29630	0.913871412409854
AT4G39090	AT1G67660	0.9478226202497216
AT4G39090	AT5G14920	0.9396133737086458
AT4G39090	AT3G53800	0.9559737552500439
AT4G39090	AT4G18520	0.9041938795702166
AT4G39090	AT2G17840	0.9491783835599366
AT4G39090	AT1G51940	0.9560180595978628
AT4G39090	AT5G02860	0.9558890047865036
AT4G39090	AT1G27630	0.9473192368432942
AT4G39090	AT4G02370	0.9682193184989003
AT4G39090	AT1G70820	0.9197285990927908
AT4G39090	AT3G50700	0.9538483629616725
AT4G39090	AT5G03240	0.9424071901176757
AT4G39090	AT5G43440	0.9021041892355943
AT4G39090	AT1G12710	0.9232472982928991
AT4G39090	AT3G14310	0.9300637279397406
AT4G39090	AT3G58570	0.9059077629284381
AT4G39090	AT3G01310	0.9077300960874283
AT4G39090	AT3G26580	0.965801955024797
AT4G39090	AT3G56720	0.9510543565075273
AT4G39090	AT4G05330	0.9444122124645512
AT4G39090	AT1G21680	0.9647932190880717
AT4G39090	AT3G16740	0.9315190205878204
AT4G39090	AT1G33970	0.9119574318842822
AT4G39090	AT5G62350	0.9281211082116013
AT4G19120	AT5G11150	0.9383536104041954
AT4G19120	245432_at	0.9047455070620344
AT4G19120	AT1G51610	0.9237614814077214
AT4G19120	AT1G31850	0.9077912110223119
AT4G19120	AT2G01170	0.9082309442549393
AT4G19120	AT3G16180	0.940976674699276
AT4G19120	AT1G53035	0.9456858076072889
AT4G19120	AT1G75960	0.9056967695848337
AT4G19120	AT4G19390	0.917695078203041
AT4G19120	AT3G46440	0.9381795528435853
AT4G19120	AT1G75880	0.9061568012895648
AT4G19120	AT3G05800	0.9067301141633004
AT5G05250	AT1G47400	0.9033943566722671
AT5G47610	AT3G07090	0.9092986349288894
AT5G47610	AT5G19875	0.9139501102586227
AT5G47610	AT2G25140	0.9437926386515536
AT5G47610	AT3G25230	0.9057209690654277
AT5G47610	AT1G56170	0.9541070805397797
AT5G47610	AT5G62020	0.9612482709855474
AT5G47610	AT3G17611	0.9216269237392976
AT5G47610	AT1G55530	0.933988584392446
AT5G47610	AT2G41160	0.9179114850612072
AT5G47610	AT5G53400	0.908843762035207
AT5G47610	AT3G57880	0.9220272919885351
AT4G23570	AT3G07090	0.9356041561810154
AT4G23570	AT2G25140	0.9004699325827037
AT4G23570	AT5G23480	0.9315409176133504
AT4G23570	AT3G12050	0.957304472989113
AT4G23570	AT3G25230	0.9463958530380194
AT4G23570	AT5G56030	0.9413149301529733
AT4G23570	AT1G55530	0.9262387699668267
AT4G23570	AT3G15770	0.9277871664474695
AT4G23570	AT2G41160	0.9248208691856916
AT4G23570	AT5G53400	0.9251576740755908
AT4G23570	AT2G47730	0.9544760368198272
AT4G23570	AT4G30490	0.9388417001074738
AT4G23570	AT3G57880	0.939866542666879
AT1G80440	AT5G19120	0.9575470096175236
AT1G80440	AT5G49450	0.9200184127376411
AT1G80440	AT1G70290	0.9188638372704381
AT3G07090	AT5G23480	0.9230697787583616
AT3G07090	AT3G12050	0.9078666666091558
AT3G07090	AT3G25230	0.9135282115162177
AT3G07090	AT1G56170	0.9233926554672984
AT3G07090	AT5G56030	0.912878011100433
AT3G07090	AT5G62020	0.9276567833349106
AT3G07090	AT3G17611	0.9141359585704627
AT3G07090	AT1G55530	0.9482667514358587
AT3G07090	AT4G30490	0.9730563920221634
AT3G07090	AT2G29450	0.9372523712787192
AT2G31360	AT2G16660	0.9324857294119643
AT2G31360	AT1G67660	0.921313131416999
AT2G31360	AT5G14920	0.9399740117045065
AT2G31360	AT4G18520	0.9344712649867833
AT2G31360	AT2G17840	0.925324609144114
AT2G31360	AT5G35735	0.9044403336203233
AT2G31360	AT1G51940	0.9282683231858405
AT2G31360	AT1G27630	0.9044640225966756
AT2G31360	AT5G26340	0.9273835254052606
AT2G31360	AT4G02370	0.9432208836888835
AT2G31360	AT3G50700	0.911998633857324
AT2G31360	AT3G14310	0.9229219326465352
AT2G31360	AT2G39900	0.9128137387921426
AT2G31360	AT3G58570	0.9008389715251998
AT2G31360	AT3G01310	0.9307606986833287
AT2G31360	AT1G12845	0.9428303083956923
AT2G31360	AT1G70420	0.9167806976767447
AT2G31360	AT4G11600	0.9021325897506037
AT2G31360	AT3G51660	0.9117133439134278
AT2G31360	AT4G14230	0.9505574304112748
AT1G51090	AT3G52180	0.9260798346285191
AT1G51090	AT5G11150	0.9123374150614888
AT1G51090	AT1G69830	0.9190217272245055
AT1G51090	AT1G49220	0.9179449913591271
AT1G51090	AT2G02100	0.9209280804957263
AT2G31380	AT3G27170	0.9291018816259035
AT2G31380	AT4G08300	0.9083653532477437
AT2G31380	AT2G21320	0.9034647690373832
AT2G31380	AT5G24120	0.9325101710337473
AT2G31380	AT2G24540	0.9699786285440299
AT2G31380	AT1G75100	0.9532167864877008
AT1G22770	AT4G25480	0.9005777459159734
AT1G22770	AT1G33970	0.915084309771724
AT1G22770	AT3G51660	0.9136476555948931
AT2G41100	AT1G19380	0.9090059709161743
AT3G18080	AT3G52180	0.90082405235629
AT3G18080	AT4G18240	0.9080990429018423
AT3G18080	AT1G27630	0.900148447741554
AT3G18080	245432_at	0.9262861275257418
AT3G18080	AT1G51610	0.9264632705098751
AT3G18080	AT1G69830	0.9422460972211153
AT3G18080	AT2G15970	0.9016544852947777
AT3G18080	AT1G31850	0.9045559620509326
AT3G18080	AT2G01170	0.9605289842075314
AT3G18080	AT3G01310	0.9139075683709843
AT3G18080	AT1G12845	0.9026008174839367
AT3G18080	AT2G43535	0.905381627103939
AT3G18080	AT4G11600	0.9218103250158064
AT3G18080	AT1G75960	0.913209527208363
AT3G18080	AT4G19390	0.9067299856253412
AT3G18080	AT1G06460	0.9419527347227374
AT3G18080	AT3G46440	0.9512803014655018
AT3G18080	AT1G13930	0.9406770454207689
AT3G18080	AT4G14230	0.9346069826916534
AT3G13065	AT5G24120	0.913652730596025
AT5G61800	AT4G18520	0.9030933382705448
AT5G61800	AT1G51610	0.9143771629067685
AT5G61800	AT3G16180	0.9195633870905887
AT5G61800	AT2G19450	0.9047213738696134
AT5G61800	AT4G14230	0.9051542630025879
AT5G36710	AT1G03780	0.9643879420764331
AT5G36710	AT2G26760	0.9667907122379453
AT5G36710	AT1G19940	0.9181033442992087
AT5G36710	AT5G10400	0.9355742077849879
AT5G36710	AT3G46320	0.956250656864971
AT5G36710	AT5G59870	0.926430430570968
AT5G36710	AT5G10390	0.9593596990409434
AT3G05880	AT3G10410	0.9438864971109053
AT3G05880	AT5G57110	0.9610454247680454
AT3G05880	AT5G27280	0.9123643255399677
AT3G05880	AT1G49650	0.9020064310791186
AT3G05880	AT3G52180	0.9148353777247941
AT3G05880	AT2G29630	0.9402957038836421
AT3G05880	AT1G67660	0.9437264716218178
AT3G05880	AT4G18520	0.9196798473206409
AT3G05880	AT4G18240	0.9381585355357003
AT3G05880	AT1G67970	0.9213999490124051
AT3G05880	AT2G17840	0.9514765124816026
AT3G05880	AT5G14550	0.9371762161009947
AT3G05880	AT5G02860	0.9373974769653582
AT3G05880	AT1G79440	0.9612544257469378
AT3G05880	AT4G33700	0.9033650979760499
AT3G05880	AT1G27630	0.9443799277849436
AT3G05880	AT4G02370	0.9229198251685767
AT3G05880	AT5G63810	0.9096728330007493
AT3G05880	AT5G03240	0.9146752354710993
AT3G05880	AT4G17140	0.924074790037383
AT3G05880	AT5G18540	0.9333348124388898
AT3G05880	AT1G69830	0.9249806946067112
AT3G05880	AT2G15970	0.9216247675926461
AT3G05880	AT1G31850	0.932439067403922
AT3G05880	AT3G14310	0.9515568808495307
AT3G05880	AT2G01170	0.9236020098466052
AT3G05880	AT2G39900	0.9221474186194553
AT3G05880	AT2G02100	0.9403100656982736
AT3G05880	AT3G58570	0.9601012460535804
AT3G05880	AT3G16180	0.9450204264367992
AT3G05880	AT3G01310	0.9478340883535099
AT3G05880	AT3G26580	0.9055579391839363
AT3G05880	AT4G05330	0.962606343327087
AT3G05880	AT1G53035	0.9116120297230454
AT3G05880	AT4G11600	0.9277681222362739
AT3G05880	AT4G19390	0.9376032556890961
AT3G05880	AT1G06460	0.9096704469429504
AT3G05880	AT5G63420	0.9548800725605783
AT3G05880	AT2G19450	0.9267032943840482
AT3G05880	AT4G33490	0.9518687459988593
AT3G05880	AT5G27930	0.9058057980782734
AT5G56310	AT5G17460	0.9033651997197483
AT5G56310	AT1G68050	0.9104778544597361
AT3G50500	AT5G27280	0.9413551949761637
AT3G50500	AT1G49650	0.9012161098183938
AT3G50500	AT5G14920	0.9233796937239844
AT3G50500	AT5G02860	0.904623257659929
AT3G50500	AT1G80480	0.9304499037215204
AT3G50500	AT4G02370	0.9115735378780165
AT3G50500	AT5G03240	0.9526715830130512
AT3G50500	AT4G05150	0.9274124589412402
AT3G50500	AT4G38580	0.962819765150305
AT3G50500	AT3G26580	0.9399438658982172
AT3G50500	AT4G05330	0.9125532713137982
AT3G50500	AT1G21680	0.9266714418262761
AT3G50500	AT3G16740	0.9317779590228588
AT3G50500	AT5G62350	0.9164226995573173
AT3G27170	AT5G24120	0.9298084465087184
AT3G27170	AT5G18670	0.9104515259890796
AT3G27170	AT4G15430	0.9022863717208525
AT3G27170	AT2G24540	0.9379782747739853
AT3G27170	AT2G04795	0.907795678063834
AT3G27170	AT1G75100	0.9081586949492508
AT3G27170	AT1G70985	0.9032911777349748
AT3G10410	AT5G57110	0.9627467751220862
AT3G10410	AT2G45560	0.9008859486415932
AT3G10410	AT3G52180	0.9249067080048647
AT3G10410	AT2G29630	0.963177282796048
AT3G10410	AT1G67660	0.910142584406692
AT3G10410	AT4G18240	0.9737671522404384
AT3G10410	AT2G17840	0.9187211379599871
AT3G10410	AT5G14550	0.9469567538481451
AT3G10410	AT5G11150	0.9158291170245715
AT3G10410	AT1G79440	0.9377262287706989
AT3G10410	AT4G33700	0.9594524884063752
AT3G10410	AT1G27630	0.9365861499935887
AT3G10410	AT1G26665	0.9696639488078208
AT3G10410	AT5G62720	0.931701759504402
AT3G10410	AT5G03240	0.9056468365066528
AT3G10410	AT4G17140	0.9406425441134845
AT3G10410	AT3G55450	0.9344316325685675
AT3G10410	AT1G48210	0.9688418979165658
AT3G10410	AT5G18540	0.9353693351613133
AT3G10410	AT1G69830	0.9039519706025683
AT3G10410	AT1G49220	0.9134295183438459
AT3G10410	AT1G31850	0.943826278675998
AT3G10410	AT3G14310	0.9225094691387471
AT3G10410	AT2G01170	0.9057096482533763
AT3G10410	AT2G02100	0.9370258188371039
AT3G10410	AT3G58570	0.936045503431057
AT3G10410	AT3G16180	0.9301738424683895
AT3G10410	AT4G19390	0.9579233100569147
AT3G10410	AT1G06460	0.9067070408160763
AT3G10410	AT3G46440	0.9095720750064837
AT3G10410	AT5G63420	0.9783801558960485
AT3G10410	AT2G19450	0.9032741947393428
AT3G10410	AT4G33490	0.9578965595992354
AT3G10410	AT5G27930	0.90922067272307
AT4G01870	AT2G05380	0.916182258094287
AT5G57110	AT3G52180	0.9091288377340536
AT5G57110	AT2G29630	0.9216899200138027
AT5G57110	AT4G18240	0.9236181258991888
AT5G57110	AT1G67970	0.9154088548642102
AT5G57110	AT2G17840	0.9006621490418572
AT5G57110	AT5G14550	0.9380151568127438
AT5G57110	AT5G11150	0.9180115178417785
AT5G57110	AT1G79440	0.9639399919294515
AT5G57110	AT1G27630	0.9036041005490559
AT5G57110	AT1G26665	0.9260239238861993
AT5G57110	AT5G63810	0.9069699364564529
AT5G57110	AT4G17140	0.9406546345945211
AT5G57110	AT1G48210	0.9237465077302711
AT5G57110	AT5G18540	0.9310167810602276
AT5G57110	AT1G49220	0.9502655104749838
AT5G57110	AT1G31850	0.9351552168266403
AT5G57110	AT3G14310	0.90968054312119
AT5G57110	AT2G02100	0.9510345489156301
AT5G57110	AT3G58570	0.9337853151316187
AT5G57110	AT3G16180	0.9569234605014475
AT5G57110	AT1G53035	0.940170970942862
AT5G57110	AT4G19390	0.934249803875497
AT5G57110	AT1G06460	0.914172307651923
AT5G57110	AT5G63420	0.9604680806657088
AT5G57110	AT2G19450	0.9201907657237266
AT5G57110	AT4G33490	0.9679126109937786
AT5G57110	AT3G05800	0.9176568026969248
AT4G08300	AT4G02850	0.9475092433647139
AT4G08300	AT3G16150	0.9040187873192143
AT4G08300	AT3G01550	0.9238769821576213
AT4G08300	AT4G15430	0.9126033417420298
AT4G08300	AT5G15600	0.9210354086519332
AT2G07768	ATMG00160	0.9410074116942097
AT2G07768	ATMG00270	0.9456336974504038
AT2G07768	ATMG00640	0.9213368864837985
AT2G07768	ATMG00650	0.9249694834804324
AT2G07768	AT2G07675	0.9012215702361873
AT2G07768	ATMG00690	0.9265503904616179
AT2G07768	ATMG00060	0.9254952604133316
AT1G07500	AT5G47160	0.9030869232105402
AT1G07500	AT3G22090	0.9022905720388115
AT1G07500	AT4G23885	0.9050006894623536
AT5G27280	AT2G45560	0.9189079417680814
AT5G27280	AT1G49650	0.9095395822948633
AT5G27280	AT2G29630	0.9115637613895825
AT5G27280	AT1G67660	0.9523330536541516
AT5G27280	AT5G14920	0.9125550688776051
AT5G27280	AT3G53800	0.9134127914171408
AT5G27280	AT2G17840	0.9362618055292486
AT5G27280	AT5G14550	0.920832660760803
AT5G27280	AT5G02860	0.9400855109159058
AT5G27280	AT1G79440	0.9011421125770271
AT5G27280	AT1G27630	0.9521651415695889
AT5G27280	AT4G02370	0.9308321566800632
AT5G27280	AT5G63810	0.9127109879186002
AT5G27280	AT1G70820	0.9528145213163016
AT5G27280	AT5G03240	0.943438765720113
AT5G27280	AT5G43440	0.9175024984851042
AT5G27280	AT1G69830	0.9385527394230708
AT5G27280	AT2G15970	0.9108350671967513
AT5G27280	AT3G14310	0.9172095772403615
AT5G27280	AT2G01170	0.9104301039044479
AT5G27280	AT2G39900	0.9437651228285048
AT5G27280	AT2G02100	0.9197543243174461
AT5G27280	AT3G58570	0.9458085298172758
AT5G27280	AT3G01310	0.9557390064556719
AT5G27280	AT3G26580	0.9588348639191684
AT5G27280	AT1G12845	0.9070604571380658
AT5G27280	AT3G56720	0.9327526612837637
AT5G27280	AT4G05330	0.916422942379551
AT5G27280	AT1G06460	0.9289397276135357
AT5G27280	AT5G63420	0.9092766092761059
AT5G27280	AT5G62350	0.9186652705699436
AT5G27280	AT4G33490	0.9288027144106901
AT5G27280	AT4G14230	0.9066074514804464
AT4G27450	AT5G59080	0.9015998861614442
AT4G27450	AT2G29300	0.9193725725066546
AT2G45560	AT2G29630	0.9375970357917339
AT2G45560	AT1G67660	0.9533523835449955
AT2G45560	AT4G18240	0.9222836859914506
AT2G45560	AT2G17840	0.9222685342456198
AT2G45560	AT5G14550	0.9260530752870112
AT2G45560	AT5G02860	0.926043812849582
AT2G45560	AT1G27630	0.9502157411891711
AT2G45560	AT1G51610	0.9131200309052826
AT2G45560	AT1G69830	0.925671492483995
AT2G45560	AT2G15970	0.9045842874341747
AT2G45560	AT2G01170	0.9211643742013882
AT2G45560	AT3G58570	0.9291504486404207
AT2G45560	AT3G01310	0.9172297105560372
AT2G45560	AT3G26580	0.9269733820251431
AT2G45560	AT4G11600	0.91138763853295
AT2G45560	AT1G06460	0.9113974937092579
AT2G45560	AT1G13930	0.9413299601623072
AT2G45560	AT5G63420	0.9084598990398184
AT2G45560	AT4G33490	0.9201461881812312
AT2G45560	AT4G14230	0.9138803793940161
AT1G44414	AT2G25140	0.9047114696144827
AT1G44414	AT2G21940	0.9109727302899082
AT1G44414	AT3G03520	0.9404410447400489
AT1G44414	AT2G41160	0.9117052420295978
AT1G44414	AT4G26780	0.9400071924331096
AT1G44414	AT5G58787	0.9411471232872826
AT3G27690	AT5G45820	0.9055516148872325
AT3G27690	AT3G59060	0.9439786530877063
AT3G27690	AT1G66760	0.9373347405073917
AT3G27690	AT1G66100	0.9478885793195555
AT3G27690	AT4G38850	0.9155816446349266
AT3G27690	AT3G47500	0.933156175254749
AT3G27690	AT5G36910	0.9256843467561351
AT2G27080	AT3G50060	0.9102753788079636
AT2G21320	AT2G24540	0.91766794475872
ATMG00513	ATMG01190	0.9614811068777723
ATMG00513	ATMG01200	0.9477845522922682
AT2G26020	AT5G44420	0.9035956723404678
AT1G18710	AT5G50315	0.907650601120595
AT4G38550	AT1G21130	0.9116661000382018
AT1G03780	AT3G12870	0.9070707691424533
AT1G03780	AT2G26760	0.9717736316412302
AT1G03780	AT1G19940	0.9263441090434366
AT1G03780	AT5G10400	0.9337216980186552
AT1G03780	AT3G46320	0.9164206666319155
AT1G03780	AT5G59870	0.933497924322054
AT1G03780	AT5G10390	0.9379469026618605
ATMG00160	ATMG00270	0.958809565777874
ATMG00160	ATMG00640	0.951959429318819
ATMG00160	ATMG00650	0.9721799739267564
ATMG00160	AT2G07675	0.9603278940834536
ATMG00160	ATMG00690	0.9529902348595911
ATMG00160	ATMG00060	0.940572584243131
ATMG00160	ATMG00620	0.9126878400148963
AT3G12870	AT1G26840	0.9289661455707173
AT3G12870	AT5G10390	0.9333373183675654
AT4G01080	AT5G42760	0.9266140110109926
AT4G01080	AT5G13930	0.9118352219488515
AT5G47160	AT5G58590	0.9145335434216724
AT5G42760	AT5G13930	0.9188794076980223
AT5G42760	AT1G78290	0.9235507173425926
AT5G22920	AT5G19120	0.9053173016628546
AT5G22920	AT1G70290	0.9075625668353573
AT5G22920	AT3G61060	0.9185035052853682
AT1G64500	AT1G65490	0.9321919163329
AT1G64500	AT5G18670	0.9256809910388113
AT1G64500	AT3G56290	0.9690137886461136
AT1G64500	AT2G24540	0.9366741740132701
AT1G64500	AT1G79270	0.9220956061345476
AT1G49650	AT2G29630	0.9115039101814877
AT1G49650	AT1G67660	0.9305082260786952
AT1G49650	AT5G14920	0.9280810084830019
AT1G49650	AT3G53800	0.9355378118499987
AT1G49650	AT4G18520	0.9096518913848913
AT1G49650	AT2G17840	0.952871848478167
AT1G49650	AT1G51940	0.9454373536485177
AT1G49650	AT5G02860	0.9540653320682009
AT1G49650	AT1G27630	0.9583477882343675
AT1G49650	AT4G02370	0.9757055550605089
AT1G49650	AT3G50700	0.9468449673259083
AT1G49650	AT5G03240	0.9233199556263533
AT1G49650	AT3G14310	0.9591223914883285
AT1G49650	AT3G26580	0.9412926655729813
AT1G49650	AT3G56720	0.9303843459362403
AT1G49650	AT4G05330	0.9103020935977473
AT1G49650	AT1G21680	0.9433935898264483
AT1G49650	AT5G62350	0.9018106501152792
AT5G19875	AT1G56170	0.9234473499861134
AT2G16660	AT5G35735	0.9015770841206765
AT2G16660	AT1G51940	0.900851347011443
AT2G16660	AT5G26340	0.918670953629236
AT2G16660	AT4G02370	0.9077455149360101
AT2G16660	AT3G51660	0.9193305880730451
AT2G15960	AT5G14920	0.9141706658486445
AT2G15960	AT3G53990	0.9334350138369873
AT2G15960	AT1G33970	0.9117081128150678
AT1G06000	AT5G08640	0.95149853039882
AT1G06000	AT5G65870	0.918484339713773
AT4G36670	AT5G07440	0.9049477265466638
AT3G52180	AT4G18240	0.9525082598558234
AT3G52180	AT5G11150	0.9024167324017727
AT3G52180	245432_at	0.9061796741579793
AT3G52180	AT2G43550	0.9498488779352289
AT3G52180	AT4G17140	0.9316275744452754
AT3G52180	AT1G69830	0.9742413997229706
AT3G52180	AT2G15970	0.9155412839309817
AT3G52180	AT1G31850	0.9442767433727294
AT3G52180	AT3G14310	0.9041284463931689
AT3G52180	AT2G39900	0.9078283921317676
AT3G52180	AT2G02100	0.9343646941213648
AT3G52180	AT3G58570	0.917889811275635
AT3G52180	AT3G16180	0.9301031367854623
AT3G52180	AT3G01310	0.9201707141727339
AT3G52180	AT2G43535	0.929663236281816
AT3G52180	AT4G11600	0.908708029825939
AT3G52180	AT4G19390	0.9241880965652955
AT3G52180	AT3G46440	0.9163033185665618
AT3G52180	AT5G63420	0.9007977297876762
AT2G24780	266183_at	0.9051211434950599
AT1G65490	AT5G18670	0.9072469197964244
AT1G65490	AT3G56290	0.9153950355240069
AT1G65490	AT2G04795	0.9037342025526597
AT1G65490	AT1G79270	0.9094604063288481
AT5G35970	AT3G01060	0.9071025658845198
AT3G15310	AT3G56290	0.9069025154118224
AT3G15310	AT1G17050	0.9100169813405212
ATMG00940	ATMG00060	0.9175201286131808
ATMG00940	ATMG00620	0.9167026350815493
AT2G29630	AT1G67660	0.9386985912725154
AT2G29630	AT4G18240	0.9517749006180606
AT2G29630	AT2G17840	0.937820247031094
AT2G29630	AT5G14550	0.9516158501164437
AT2G29630	AT5G02860	0.9436511075034721
AT2G29630	AT1G79440	0.9093474432181207
AT2G29630	AT4G33700	0.934740543004447
AT2G29630	AT1G27630	0.9585604704822169
AT2G29630	AT1G80480	0.9068673760249841
AT2G29630	AT1G26665	0.9383677661601406
AT2G29630	AT5G62720	0.9457372806934756
AT2G29630	AT5G03240	0.9470478440166205
AT2G29630	AT1G48210	0.9198042577228305
AT2G29630	AT5G18540	0.9136777159645074
AT2G29630	AT3G14310	0.9268273294439034
AT2G29630	AT3G58570	0.9172802762887425
AT2G29630	AT3G26580	0.9446556595736373
AT2G29630	AT4G05330	0.9139979719298921
AT2G29630	AT1G21680	0.9300998986195723
AT2G29630	AT5G63420	0.970654763353798
AT2G29630	AT4G33490	0.9431085282268242
AT1G67660	AT5G14920	0.9039643752051559
AT1G67660	AT3G53800	0.9112169501784294
AT1G67660	AT4G18520	0.945767483435988
AT1G67660	AT4G18240	0.9199875330201234
AT1G67660	AT2G17840	0.9673014988359009
AT1G67660	AT5G14550	0.9375749036451285
AT1G67660	AT1G51940	0.9272637516834914
AT1G67660	AT5G02860	0.9744060973230899
AT1G67660	AT1G79440	0.9126091082887388
AT1G67660	AT1G27630	0.9765983745079019
AT1G67660	AT3G02330	0.9063836260913047
AT1G67660	AT4G02370	0.9425510482588207
AT1G67660	AT5G63810	0.911368191205227
AT1G67660	AT1G70820	0.9420957360046556
AT1G67660	AT3G50700	0.9120236224078262
AT1G67660	AT5G03240	0.9196601340588687
AT1G67660	AT1G51610	0.916748241012364
AT1G67660	AT1G69830	0.9315085058553417
AT1G67660	AT2G15970	0.9454103331901963
AT1G67660	AT3G14310	0.9487469079879018
AT1G67660	AT2G01170	0.9457098751889432
AT1G67660	AT2G39900	0.9223335898700252
AT1G67660	AT2G02100	0.9121294570081163
AT1G67660	AT3G58570	0.96563186192481
AT1G67660	AT3G16180	0.9040319173602845
AT1G67660	AT3G01310	0.9585132147408888
AT1G67660	AT3G26580	0.9573969596698155
AT1G67660	AT1G12845	0.9181639924233339
AT1G67660	AT3G56720	0.9302984232243939
AT1G67660	AT4G05330	0.9361385126495226
AT1G67660	AT1G21680	0.9073902834264503
AT1G67660	AT4G11600	0.9311097943569142
AT1G67660	AT4G19390	0.9084409159287014
AT1G67660	AT1G06460	0.934598821642167
AT1G67660	AT1G13930	0.9259758753794505
AT1G67660	AT5G63420	0.9090370041363105
AT1G67660	AT4G33490	0.9325854805614596
AT1G67660	AT4G14230	0.9405451457426671
AT1G67660	AT5G27930	0.9492594287582157
AT5G14920	AT3G53800	0.9127863469418652
AT5G14920	AT4G18520	0.9082950812770878
AT5G14920	AT2G17840	0.9294090201199511
AT5G14920	AT1G51940	0.9422415946968943
AT5G14920	AT5G02860	0.9092269763124587
AT5G14920	AT1G27630	0.9051339450586463
AT5G14920	AT4G02370	0.9737429558334997
AT5G14920	AT3G50700	0.9280766390474803
AT5G14920	AT5G03240	0.9013860567325933
AT5G14920	AT5G43440	0.9057279379342935
AT5G14920	AT3G01310	0.9064389444349054
AT5G14920	AT3G56720	0.9207661640257137
AT5G14920	AT4G05330	0.9078793236849707
AT5G14920	AT1G21680	0.9044863747179581
AT5G14920	AT3G16740	0.9357225584787555
AT5G14920	AT1G33970	0.9320044485365532
AT5G14920	AT3G51660	0.9299771166197203
AT5G14920	AT5G62350	0.9071543426261816
AT2G26760	AT1G19940	0.9098247975579453
AT2G26760	AT5G10400	0.9217062502049087
AT2G26760	AT3G46320	0.9296397271810112
AT2G26760	AT5G59870	0.9296868509842925
AT2G26760	AT5G10390	0.9285534931648071
AT2G18700	AT5G19120	0.90817538160678
AT2G18700	AT3G15500	0.9203075232655233
AT3G53800	AT4G18520	0.9108913377768415
AT3G53800	AT2G17840	0.9097636640240816
AT3G53800	AT1G51940	0.9612478443874969
AT3G53800	AT5G02860	0.9191024920885142
AT3G53800	AT1G27630	0.9153842861460063
AT3G53800	AT4G02370	0.942259419486195
AT3G53800	AT1G70820	0.9382723446801657
AT3G53800	AT3G50700	0.9530856151631469
AT3G53800	AT5G43440	0.9360348065643649
AT3G53800	AT3G01310	0.9002582272135773
AT3G53800	AT3G26580	0.9150599331150412
AT3G53800	AT3G56720	0.9699673888700414
AT3G53800	AT1G33970	0.9131561006244352
AT3G53800	AT3G51660	0.902239892840311
AT3G53800	AT5G62350	0.9423751178913969
AT2G07749	ATMG00270	0.9075649710940914
AT2G07749	ATMG00060	0.9162949083041921
AT2G07749	ATMG00620	0.9099864686911109
AT3G22090	AT2G25140	0.9080473516671494
AT3G22090	AT3G25230	0.9071249130774293
AT3G22090	AT4G23885	0.9449631264311309
AT3G22090	AT3G23990	0.9121594379001016
AT3G22090	AT5G53400	0.9075141852727162
AT4G02850	AT3G16150	0.9339798331315687
AT4G02850	AT3G01550	0.9320054596902295
AT4G02850	AT4G15430	0.918193721569735
AT4G02850	AT3G57040	0.9015634844576901
AT4G18520	AT1G67970	0.9069497139644803
AT4G18520	AT2G17840	0.9428556712078774
AT4G18520	AT5G14550	0.9209718556172046
AT4G18520	AT1G51940	0.9212037229612726
AT4G18520	AT5G02860	0.9461447341805064
AT4G18520	AT1G27630	0.9382851813032324
AT4G18520	AT4G02370	0.9436408843565909
AT4G18520	AT5G63810	0.918948291582615
AT4G18520	AT1G70820	0.9118807009634887
AT4G18520	AT3G50700	0.9079916177145232
AT4G18520	AT1G51610	0.9091691123567858
AT4G18520	AT3G14310	0.936160326670924
AT4G18520	AT2G01170	0.9156312193487578
AT4G18520	AT2G39900	0.9095619692946821
AT4G18520	AT3G58570	0.930005293087275
AT4G18520	AT3G16180	0.9000744785394184
AT4G18520	AT3G01310	0.9342445222548739
AT4G18520	AT1G12845	0.9197498403659368
AT4G18520	AT3G56720	0.9220371650966639
AT4G18520	AT4G05330	0.9008895112098667
AT4G18520	AT1G06460	0.9025937105258012
AT4G18520	AT4G33490	0.9032918081080898
AT4G18520	AT4G14230	0.944291841965507
AT4G18520	AT5G27930	0.9212161202278394
AT3G16150	AT5G24120	0.9255303627699705
AT3G16150	AT3G01550	0.9184165136329864
AT3G16150	AT4G15430	0.9154251274269868
AT3G16150	AT1G07450	0.9212583663507138
AT5G66740	AT5G24120	0.9134699889687898
AT4G18240	AT5G14550	0.9068126426672469
AT4G18240	AT1G79440	0.9080013773337158
AT4G18240	AT4G33700	0.9630017365583458
AT4G18240	AT1G27630	0.9212202499131198
AT4G18240	AT1G26665	0.9146957871649626
AT4G18240	AT2G43550	0.909311909588714
AT4G18240	AT4G17140	0.9477827152960071
AT4G18240	AT3G55450	0.9127842797967899
AT4G18240	AT1G48210	0.9079449792198246
AT4G18240	AT1G69830	0.9384931138555088
AT4G18240	AT1G31850	0.9640596282894429
AT4G18240	AT3G14310	0.9235175873641163
AT4G18240	AT2G01170	0.9046147941304499
AT4G18240	AT2G02100	0.923470359948622
AT4G18240	AT3G58570	0.9218137257590855
AT4G18240	AT3G16180	0.9201433297406036
AT4G18240	AT2G43535	0.9174654187948226
AT4G18240	AT4G05330	0.9041756448414161
AT4G18240	AT4G11600	0.9432355808961805
AT4G18240	AT4G19390	0.9451561785358491
AT4G18240	AT3G46440	0.9274741729119171
AT4G18240	AT5G63420	0.9405220499536395
AT4G18240	AT4G33490	0.9171117057580188
AT2G25140	AT5G23480	0.9289976905201323
AT2G25140	AT3G12050	0.9553925388543003
AT2G25140	AT3G25230	0.9613137323413705
AT2G25140	AT1G56170	0.9051944725038462
AT2G25140	AT3G17611	0.9278520008930948
AT2G25140	AT3G23990	0.92574194965582
AT2G25140	AT1G55530	0.9376756438198353
AT2G25140	AT2G21940	0.9437872084848196
AT2G25140	AT4G17250	0.9233773869286868
AT2G25140	AT3G03520	0.9103980257893604
AT2G25140	AT2G41160	0.9802853526428427
AT2G25140	AT5G53400	0.9803978377775774
AT2G25140	AT2G36460	0.9166146919224538
AT2G25140	AT3G57880	0.9182645728447446
ATMG01190	ATMG01200	0.9318339501038304
AT5G17220	AT1G74300	0.9045162824326836
AT1G67970	AT2G17840	0.9314868062619244
AT1G67970	AT5G14550	0.9048313243499645
AT1G67970	AT1G79440	0.9260350067194305
AT1G67970	AT1G27630	0.9039348663283794
AT1G67970	AT1G51610	0.9035741685610217
AT1G67970	AT5G57630	0.9115445786140389
AT1G67970	AT5G18540	0.9170441647610272
AT1G67970	AT5G25210	0.9389537725462301
AT1G67970	AT3G58570	0.9074458281264722
AT1G67970	AT3G16180	0.9073491469696915
AT1G67970	AT4G19390	0.9163790803456657
AT1G67970	AT5G63420	0.9052818779618585
AT1G67970	AT2G19450	0.9538222152218785
AT1G67970	AT4G33490	0.9185010166841817
AT1G19380	AT1G66160	0.9206237074060025
AT1G19380	AT4G24570	0.9138507663838055
AT2G17840	AT5G14550	0.9636316941424488
AT2G17840	AT1G51940	0.9249853114343712
AT2G17840	AT5G02860	0.9686960579449196
AT2G17840	AT1G79440	0.9373007265224684
AT2G17840	AT1G27630	0.9907430747760319
AT2G17840	AT4G02370	0.9771460229100747
AT2G17840	AT3G59820	0.9089917931756665
AT2G17840	AT3G50700	0.9273683374036791
AT2G17840	AT5G03240	0.9356731498803964
AT2G17840	AT1G51610	0.9347074348931302
AT2G17840	AT5G18540	0.9212208111898623
AT2G17840	AT1G12710	0.9022438286426631
AT2G17840	AT3G14310	0.9554915263845685
AT2G17840	AT2G01170	0.9439028584154491
AT2G17840	AT2G02100	0.9064833584386184
AT2G17840	AT3G58570	0.9541672993213984
AT2G17840	AT3G16180	0.9117894535926538
AT2G17840	AT3G01310	0.9321232630709361
AT2G17840	AT3G26580	0.9418583922860233
AT2G17840	AT1G12845	0.9032002964842066
AT2G17840	AT3G56720	0.9372970800123502
AT2G17840	AT4G05330	0.9227075834238004
AT2G17840	AT1G21680	0.9334225907371019
AT2G17840	AT4G11600	0.9187475877887892
AT2G17840	AT4G19390	0.9213716240322105
AT2G17840	AT1G06460	0.9191225080787213
AT2G17840	AT5G63420	0.9353665282442303
AT2G17840	AT2G19450	0.948879469071235
AT2G17840	AT4G33490	0.954135850352198
AT2G17840	AT4G14230	0.9363429773886902
AT2G17840	AT5G27930	0.9144354144156696
ATMG00270	ATMG00640	0.9287354921889392
ATMG00270	ATMG00650	0.9668569107273494
ATMG00270	AT2G07675	0.9603021469664501
ATMG00270	ATMG00690	0.9721868806467964
ATMG00270	ATMG00060	0.975841727428449
ATMG00270	ATMG00620	0.960633617586085
AT5G14550	AT5G02860	0.9467094097103816
AT5G14550	AT1G79440	0.9257766086437438
AT5G14550	AT4G33700	0.9216169728025366
AT5G14550	AT1G27630	0.9742641625163945
AT5G14550	AT1G26665	0.9193594148768068
AT5G14550	AT4G02370	0.9103162735943781
AT5G14550	AT5G62720	0.9058838575989889
AT5G14550	AT5G03240	0.9103011000604477
AT5G14550	AT1G51610	0.9459101875829282
AT5G14550	AT1G48210	0.9347757664569866
AT5G14550	AT5G18540	0.9255717450259806
AT5G14550	AT1G69830	0.9068526253652246
AT5G14550	AT3G14310	0.9278952929653245
AT5G14550	AT2G01170	0.9385374234927646
AT5G14550	AT2G02100	0.9082239758337551
AT5G14550	AT3G58570	0.9411358244437936
AT5G14550	AT3G16180	0.9210703924129161
AT5G14550	AT3G01310	0.9085016108152725
AT5G14550	AT3G26580	0.9137937358977016
AT5G14550	AT4G19390	0.9310742418219873
AT5G14550	AT1G06460	0.9360407288638973
AT5G14550	AT5G63420	0.9576041599095629
AT5G14550	AT2G19450	0.9486874512250877
AT5G14550	AT4G33490	0.9829773854445047
AT5G14550	AT4G14230	0.9225595310475659
AT5G14550	AT5G27930	0.9243128890054444
AT5G24120	AT5G18670	0.916684426235636
AT5G24120	AT3G01550	0.9350942626351615
AT5G24120	AT4G15430	0.9529091223181959
AT5G24120	AT3G56290	0.9115362377845887
AT5G24120	AT2G24540	0.9489310954951843
AT5G24120	AT3G01060	0.9593020686238668
AT5G24120	AT4G38960	0.9011615505308888
AT5G24120	AT3G51920	0.9056507955428619
AT5G24120	AT3G57040	0.9129719299341948
AT5G24120	AT1G07450	0.9127425526739081
AT5G18670	AT1G68440	0.9152719177604983
AT5G18670	AT4G15430	0.9197537751827453
AT5G18670	AT3G56290	0.9530004186111725
AT5G18670	AT2G24540	0.9175900300370406
AT5G18670	AT5G39660	0.9591878038439408
AT5G18670	AT2G04795	0.917281847886472
AT5G35735	AT4G02370	0.9045020760432299
AT5G15250	AT2G30000	0.9255198041697205
AT5G27660	AT2G30000	0.9005049837002436
AT5G27660	AT3G03520	0.9284063607280919
AT5G27660	AT4G26780	0.9475289371711604
AT5G27660	AT5G58787	0.942266962948944
AT1G51940	AT5G02860	0.9270571893564158
AT1G51940	AT1G27630	0.9174584635159267
AT1G51940	AT4G02370	0.9606856778988505
AT1G51940	AT1G70820	0.9038547628019243
AT1G51940	AT3G50700	0.9873078424837151
AT1G51940	AT5G43440	0.9109050287057788
AT1G51940	AT3G14310	0.904317210916184
AT1G51940	AT3G26580	0.9224918934940194
AT1G51940	AT3G56720	0.964109100922509
AT1G51940	AT1G21680	0.9030829375757633
AT1G51940	AT3G16740	0.9231866985030419
AT1G51940	AT1G33970	0.9362470721263546
AT1G51940	AT3G51660	0.9214930089766924
AT1G51940	AT5G62350	0.9344810568049541
AT5G05410	AT2G21940	0.9368752956978108
AT5G05410	AT4G17250	0.9026023181723015
AT5G05410	AT3G03520	0.9391333934637534
AT5G05410	AT2G41160	0.9101053199823387
AT5G05410	AT2G36460	0.9642721495584587
AT5G11150	AT3G55450	0.9274420302318716
AT5G11150	AT1G51610	0.907637863945464
AT5G11150	AT1G48210	0.9038863021937259
AT5G11150	AT1G49220	0.9474217498130537
AT5G11150	AT1G31850	0.9310080906170645
AT5G11150	AT1G68050	0.9457031996067443
AT5G11150	AT2G02100	0.9046208340646095
AT5G11150	AT3G16180	0.9365655886605886
AT5G11150	AT1G78995	0.9039425494383935
AT5G11150	AT1G53035	0.9393492499455954
AT5G11150	AT4G19390	0.9430673332276629
AT5G11150	AT1G06460	0.911788656610152
AT5G11150	AT3G46440	0.9367038208183679
AT5G11150	AT4G33490	0.9059219022433237
AT5G11150	AT1G75880	0.9172859789810427
AT5G11150	AT3G05800	0.9029262692478459
AT5G45820	AT3G59060	0.9127265406341865
AT5G45820	AT5G57660	0.9139844959803253
AT5G45820	AT1G71030	0.9353035359700946
AT3G59060	AT1G66760	0.9454129003577835
AT3G59060	AT1G66100	0.9044215721581663
AT3G59060	AT4G38850	0.9141121657115693
AT3G59060	AT5G57660	0.9490340785470494
AT3G59060	AT5G36910	0.9062511632785082
AT5G19120	AT5G49450	0.9295710187477972
AT5G19120	AT1G70290	0.9347785917761428
AT5G19120	AT2G29300	0.9038159329602639
AT3G28290	AT3G16180	0.9067926539845478
AT3G28290	AT1G53035	0.9035849206780325
AT3G28290	AT1G20840	0.9512310137823744
AT3G28290	AT3G05800	0.9145374436160706
AT5G02860	AT1G27630	0.9751869603147999
AT5G02860	AT4G02370	0.9554820317870318
AT5G02860	AT1G70820	0.9189611271828101
AT5G02860	AT3G50700	0.9304833802409419
AT5G02860	AT5G03240	0.9234517152755399
AT5G02860	AT3G14310	0.9418481705106933
AT5G02860	AT2G01170	0.9110772906029602
AT5G02860	AT2G39900	0.9006042722712518
AT5G02860	AT3G58570	0.9221231061741613
AT5G02860	AT3G01310	0.9353039581375682
AT5G02860	AT3G26580	0.9790472737918857
AT5G02860	AT3G56720	0.9447428319594241
AT5G02860	AT4G05330	0.9336963459880929
AT5G02860	AT1G21680	0.9232632606603063
AT5G02860	AT3G16740	0.9021362879894438
AT5G02860	AT5G63420	0.9068295792267235
AT5G02860	AT5G62350	0.906693601853753
AT5G02860	AT4G33490	0.9162119166919287
AT5G02860	AT4G14230	0.9116713833893636
AT5G02860	AT5G27930	0.913748555113348
AT1G79440	AT1G27630	0.924587648193737
AT1G79440	245432_at	0.9043646604900821
AT1G79440	AT5G63810	0.9351068993972932
AT1G79440	AT5G03240	0.9088218644184802
AT1G79440	AT4G17140	0.9182508190595156
AT1G79440	AT1G51610	0.9003557594421312
AT1G79440	AT5G18540	0.9456501330994164
AT1G79440	AT1G69830	0.9018008390687936
AT1G79440	AT1G49220	0.9047933174392899
AT1G79440	AT2G15970	0.9130481026708394
AT1G79440	AT1G31850	0.9133173131701338
AT1G79440	AT3G14310	0.9214625464326338
AT1G79440	AT2G01170	0.909709838334183
AT1G79440	AT2G39900	0.9046689132072259
AT1G79440	AT2G02100	0.9681418811243867
AT1G79440	AT3G58570	0.9629210838072783
AT1G79440	AT3G16180	0.9642943604158395
AT1G79440	AT3G01310	0.9191176914539616
AT1G79440	AT1G12845	0.9078531340908538
AT1G79440	AT4G05330	0.9167723388988801
AT1G79440	AT1G53035	0.9384721215080258
AT1G79440	AT4G11600	0.9243573295885442
AT1G79440	AT4G19390	0.9212435112453171
AT1G79440	AT1G06460	0.9282790799089226
AT1G79440	AT5G63420	0.9528719581139188
AT1G79440	AT2G19450	0.9331550774331484
AT1G79440	AT4G33490	0.9630431961019531
AT1G79440	AT3G05800	0.9323443050733247
AT5G45340	AT3G50060	0.9167516396155891
ATMG00640	ATMG00650	0.9789740745603386
ATMG00640	AT2G07675	0.9316923063258544
ATMG00640	ATMG00690	0.9276690478638946
ATMG00640	ATMG00060	0.9171617853165153
AT1G68440	AT3G14770	0.9066883155339719
AT1G68440	AT5G39660	0.9379410545229095
AT1G68440	AT1G79270	0.906604520591899
AT4G33700	AT1G27630	0.9198317496785674
AT4G33700	AT1G26665	0.9045403703619026
AT4G33700	AT3G55450	0.9298967054607525
AT4G33700	AT1G48210	0.948884326095303
AT4G33700	AT1G31850	0.92856969653144
AT4G33700	AT4G19390	0.936351605020329
AT4G33700	AT3G46440	0.9197175927537052
AT4G33700	AT5G63420	0.9315247559293354
AT4G33700	AT4G33490	0.9086603011286124
AT2G06925	AT5G63810	0.9359712777865256
AT2G06925	AT2G02100	0.9213643240773428
AT2G06925	AT3G58570	0.9030246867395403
AT2G06925	AT3G01310	0.9105699806665293
AT2G06925	AT1G12845	0.9203946862109255
AT2G06925	AT1G75960	0.9101455253299371
AT2G06925	AT4G14230	0.900704058502511
AT1G27630	AT1G26665	0.9033097163729684
AT1G27630	AT4G02370	0.9626315787586112
AT1G27630	AT5G62720	0.9136696661752608
AT1G27630	AT1G70820	0.9054969224982282
AT1G27630	AT3G59820	0.900117133865619
AT1G27630	AT3G50700	0.9198463577651358
AT1G27630	AT5G03240	0.9395887788587465
AT1G27630	AT1G51610	0.9393286733066689
AT1G27630	AT5G18540	0.9160766649470554
AT1G27630	AT1G69830	0.9191568457488584
AT1G27630	AT1G12710	0.9004673600273309
AT1G27630	AT3G14310	0.9612316739584302
AT1G27630	AT2G01170	0.9512733771422527
AT1G27630	AT2G39900	0.902366195208302
AT1G27630	AT2G02100	0.9123415873487952
AT1G27630	AT3G58570	0.9581921299728325
AT1G27630	AT3G16180	0.9069962465992745
AT1G27630	AT3G01310	0.9359819323116358
AT1G27630	AT3G26580	0.956313585764446
AT1G27630	AT3G56720	0.9397289374002212
AT1G27630	AT4G05330	0.9157590578069151
AT1G27630	AT1G21680	0.9291282416534932
AT1G27630	AT4G11600	0.9176591180391904
AT1G27630	AT4G19390	0.9237532799937861
AT1G27630	AT1G06460	0.9328439089621495
AT1G27630	AT1G13930	0.9005910348989965
AT1G27630	AT5G63420	0.9450513333385168
AT1G27630	AT2G19450	0.9365542256681575
AT1G27630	AT4G33490	0.9611869605781148
AT1G27630	AT4G14230	0.9414815376740854
AT1G27630	AT5G27930	0.9240524322899046
AT1G80480	AT5G03240	0.9534710514842856
AT1G80480	AT1G12710	0.9094594736975442
AT1G80480	AT4G38580	0.9068328664534944
AT1G80480	AT1G17460	0.9585967120250962
AT1G80480	AT3G26580	0.9296624672176264
AT1G80480	AT4G12750	0.9333108661945728
AT1G80480	AT1G21680	0.9481056464291703
AT1G80480	AT5G08380	0.9411129656712923
AT5G23480	AT3G12050	0.9648676209065123
AT5G23480	AT3G25230	0.9511027887210377
AT5G23480	AT5G56030	0.9365366224500351
AT5G23480	AT3G17611	0.9100539329754306
AT5G23480	AT1G55530	0.9594791970229456
AT5G23480	AT2G21940	0.9042604123613842
AT5G23480	AT2G41160	0.9706133524027779
AT5G23480	AT5G53400	0.9620783805545761
AT5G23480	AT2G36460	0.9410071570863616
AT3G12050	AT3G25230	0.9850280970808794
AT3G12050	AT5G56030	0.9383329537670614
AT3G12050	AT3G17611	0.913133647508445
AT3G12050	AT3G23990	0.9329700134959004
AT3G12050	AT1G55530	0.9669862114985716
AT3G12050	AT2G21940	0.9357006357874809
AT3G12050	AT5G58590	0.9296928980618953
AT3G12050	AT2G41160	0.9842958569797797
AT3G12050	AT5G53400	0.9754136987602159
AT3G12050	AT2G36460	0.9349976935001972
AT3G12050	AT3G57880	0.9458615056662847
AT1G26665	AT5G62720	0.9498072609563407
AT1G26665	AT5G03240	0.9252907623955711
AT1G26665	AT4G17140	0.9045836404526569
AT1G26665	AT1G48210	0.9555072397380611
AT1G26665	AT5G18540	0.9125816716460456
AT1G26665	AT2G02100	0.9091788672655753
AT1G26665	AT3G58570	0.9018262711005683
AT1G26665	AT5G63420	0.9544207782718818
AT1G26665	AT4G33490	0.9319813422440804
AT5G08640	AT3G26590	0.9009962596988514
AT3G25230	AT1G56170	0.9167999254778848
AT3G25230	AT5G56030	0.9260729475421536
AT3G25230	AT3G17611	0.9047195999775954
AT3G25230	AT3G23990	0.9505886631283336
AT3G25230	AT1G55530	0.9565609466301407
AT3G25230	AT2G21940	0.9170223596408139
AT3G25230	AT1G10050	0.9029643647126121
AT3G25230	AT5G58590	0.9182367615767879
AT3G25230	AT2G41160	0.9689327494593986
AT3G25230	AT5G53400	0.9721476304895896
AT3G25230	AT2G36460	0.9172478334474019
AT3G25230	AT3G57880	0.9565803271176122
AT5G26340	AT1G70420	0.9284612646849363
AT5G26340	AT3G51660	0.9399348898155043
AT1G56170	AT5G62020	0.9202610409699682
AT1G56170	AT1G55530	0.9413481609712885
AT1G56170	AT3G57880	0.9198830458659866
AT3G55980	AT1G66160	0.9129968919035157
AT3G55980	AT4G24570	0.9564384704205315
AT4G14400	AT3G23120	0.9312812503687485
AT4G14400	AT3G22240	0.9065496455865003
AT4G12470	AT2G05380	0.9103854875908548
245432_at	AT5G63810	0.9351805974096008
245432_at	AT1G70820	0.903919453967068
245432_at	AT1G51610	0.9111735984492811
245432_at	AT1G69830	0.9290050577328847
245432_at	AT2G15970	0.9475290862224413
245432_at	AT2G01170	0.9340216532761261
245432_at	AT2G39900	0.9080511505369618
245432_at	AT3G58570	0.9203321300325811
245432_at	AT3G16180	0.9356873789875992
245432_at	AT3G01310	0.9294550116777697
245432_at	AT1G12845	0.9379127330293733
245432_at	AT2G43535	0.9324530370831954
245432_at	AT1G53035	0.9241869907162926
245432_at	AT1G75960	0.9221985427779046
245432_at	AT1G06460	0.9365921586904735
245432_at	AT3G46440	0.9150749321188518
245432_at	AT1G13930	0.9527292589476142
245432_at	AT4G14230	0.9240559525643192
ATMG00650	AT2G07675	0.9650663402390277
ATMG00650	ATMG00690	0.9531284317983612
ATMG00650	ATMG00060	0.9587764757743189
ATMG00650	ATMG00620	0.9356966726859266
AT3G02330	AT5G27930	0.9126671260374418
AT5G56030	AT5G56010	0.9424181191304236
AT5G56030	AT1G55530	0.9181428855742525
AT5G56030	AT2G47730	0.9276375044897699
AT2G43550	AT4G17140	0.9043971807427034
AT2G43550	AT1G31850	0.93562463159288
AT2G43550	AT2G43535	0.9059072780808821
AT2G43550	AT1G69870	0.9187409904898765
AT3G10150	AT2G18230	0.9460854302229281
AT3G10150	AT2G47800	0.9094286144321236
AT3G10150	AT3G26590	0.9100743328481437
AT3G10150	AT4G15440	0.9128755261879612
AT1G20693	AT5G03870	0.9079310138866604
AT1G66760	AT3G47500	0.9181906580950596
AT1G66760	AT5G57660	0.9006150386439985
AT3G01550	AT4G15430	0.9375117018794944
AT3G01550	AT3G01060	0.970791918592462
AT3G01550	AT3G51920	0.9129786298538936
AT3G01550	AT3G57040	0.9120863465092304
AT3G01550	AT3G19450	0.9066757694333095
AT3G01550	AT1G07450	0.9182229024548776
AT1G02300	AT4G12750	0.933894354312121
AT4G02370	AT3G50700	0.9620467542002077
AT4G02370	AT5G03240	0.9252977633729638
AT4G02370	AT5G43440	0.9080957499750305
AT4G02370	AT3G14310	0.9548168015224694
AT4G02370	AT2G39900	0.9019479401338842
AT4G02370	AT3G58570	0.925956997332313
AT4G02370	AT3G01310	0.9245420143508877
AT4G02370	AT3G26580	0.937400379340229
AT4G02370	AT3G56720	0.9519503213386616
AT4G02370	AT4G05330	0.924166025153975
AT4G02370	AT1G21680	0.9315306255509218
AT4G02370	AT3G16740	0.9220649574669163
AT4G02370	AT1G33970	0.9104686919777342
AT4G02370	AT3G51660	0.9153707330184205
AT4G02370	AT2G19450	0.903571228410601
AT4G02370	AT5G62350	0.9143594231120192
AT4G02370	AT4G14230	0.9136648657162585
AT1G19940	AT1G74300	0.9178443707393326
AT1G19940	AT5G10400	0.9735922158889646
AT1G19940	AT3G46320	0.9645173240307473
AT1G19940	AT5G59870	0.9839883325209677
AT1G19940	AT5G10390	0.9415154803574359
AT3G53990	AT1G78600	0.9133426079812753
AT3G53990	AT1G33970	0.9088106022737018
AT3G53990	AT3G51660	0.9024063877958406
AT4G15430	AT2G24540	0.9099763859827975
AT4G15430	AT3G01060	0.9441547735693697
AT4G15430	AT5G39660	0.919154919078659
AT4G15430	AT3G24170	0.9078930217462913
AT4G15430	AT5G15600	0.9046593848234374
AT3G56290	AT2G24540	0.9155959488115096
AT3G56290	AT2G04795	0.907032049610694
AT3G56290	AT3G24170	0.9360248874840714
AT3G56290	AT1G17050	0.9249709529837743
AT3G56290	AT5G15600	0.9144340751551281
AT5G02020	AT2G29300	0.9108307719903608
AT5G13930	AT1G78290	0.9581826949802302
AT5G05270	AT5G65870	0.9099784865014083
AT5G05270	AT1G74300	0.9254326900604511
AT5G05270	AT2G37040	0.9393342062067659
AT5G05270	AT3G26590	0.9551274206859847
AT2G24540	AT2G04795	0.9116728743948225
AT2G24540	AT1G75100	0.945395610967706
AT2G24540	AT1G79270	0.918374121998229
AT3G01060	AT4G38960	0.90375477050155
AT3G01060	AT3G51920	0.9101707720317876
AT3G01060	AT1G07450	0.9345008901071737
AT1G02660	AT2G44500	0.9267966535413928
AT5G62020	AT3G17611	0.9009174978805398
AT5G62020	AT1G55530	0.9309692543512793
AT5G62020	AT4G30490	0.9162832614602562
AT5G62720	AT5G03240	0.9224174989315603
AT5G62720	AT1G48210	0.9185950355892857
AT5G62720	AT5G18540	0.917437164117601
AT5G62720	AT5G63420	0.9457191951559738
AT5G62720	AT4G33490	0.9049268718340506
AT5G63810	AT1G70820	0.911208404749164
AT5G63810	AT1G51610	0.9040852674795128
AT5G63810	AT1G69830	0.9182115239574792
AT5G63810	AT2G15970	0.9524215748872374
AT5G63810	AT2G01170	0.9362396728205334
AT5G63810	AT2G39900	0.9219343083585276
AT5G63810	AT2G02100	0.944451273164775
AT5G63810	AT3G58570	0.9544563862279041
AT5G63810	AT3G16180	0.9328171114329317
AT5G63810	AT3G01310	0.943824691730392
AT5G63810	AT1G12845	0.9574690970550771
AT5G63810	AT1G53035	0.9522100841512376
AT5G63810	AT1G75960	0.9141397594644324
AT5G63810	AT1G06460	0.959199926029933
AT5G63810	AT4G33490	0.9336249338260771
AT5G63810	AT4G14230	0.928848350643315
AT5G63810	AT3G05800	0.9325885618042626
AT1G70820	AT5G43440	0.9359918749160687
AT1G70820	AT1G69830	0.9308536431221109
AT1G70820	AT2G15970	0.9317393462820152
AT1G70820	AT2G01170	0.906427018641442
AT1G70820	AT2G39900	0.9662474164238967
AT1G70820	AT3G58570	0.9131922847877872
AT1G70820	AT3G01310	0.971167541372368
AT1G70820	AT3G26580	0.9247003184039376
AT1G70820	AT1G12845	0.9445684973663573
AT1G70820	AT3G56720	0.9246683465508239
AT1G70820	AT4G05330	0.9141097449206281
AT1G70820	AT1G06460	0.9208275400822145
AT1G70820	AT1G33970	0.9197335254526697
AT1G70820	AT1G13930	0.9246743082201296
AT1G70820	AT5G62350	0.9157903773746324
AT1G70820	AT4G14230	0.9111885294487411
AT3G59820	AT4G12750	0.9184851154227832
AT3G50700	AT5G43440	0.9099861919004647
AT3G50700	AT3G26580	0.9315616867335239
AT3G50700	AT4G12750	0.9039812313275869
AT3G50700	AT3G56720	0.9704932660987654
AT3G50700	AT1G21680	0.9143166277260365
AT3G50700	AT3G16740	0.9284467306344468
AT3G50700	AT1G33970	0.9345438519445279
AT3G50700	AT3G51660	0.9255262580269976
AT3G50700	AT5G62350	0.9427599206109207
AT3G07350	AT4G27410	0.9260540309003507
AT2G07675	ATMG00690	0.9489164020468743
AT2G07675	ATMG00060	0.9323609608780514
AT2G07675	AT2G30000	0.9086040546796764
AT2G07675	ATMG00620	0.9172359763541484
AT5G03240	AT5G18540	0.9154925564520666
AT5G03240	AT1G12710	0.9288646965967946
AT5G03240	AT4G38580	0.9094115685524866
AT5G03240	AT3G58570	0.9268258106732681
AT5G03240	AT3G26580	0.9504858239407507
AT5G03240	AT4G05330	0.9082697350363849
AT5G03240	AT1G21680	0.9618827978155131
AT5G03240	AT5G63420	0.9414944108388352
AT5G03240	AT4G33490	0.9202625904720937
AT5G43440	AT3G26580	0.9057393776735458
AT5G43440	AT3G56720	0.9618169414819225
AT5G43440	AT1G33970	0.9526312023171483
AT5G43440	AT5G62350	0.9034162276657162
AT4G21990	AT4G04610	0.9131009804587342
AT4G21990	AT1G04770	0.9188830638767368
AT5G65870	AT1G74300	0.9218261715931675
AT5G65870	AT3G26590	0.9352235823498949
AT5G65870	AT1G72910	0.9454842457670545
AT1G66160	AT4G24570	0.9486064775038012
AT1G66160	AT4G02330	0.9151508699840407
AT1G66100	AT5G36910	0.9489536716682146
AT4G17140	AT1G31850	0.9369603595880245
AT4G17140	AT2G02100	0.9425231350378412
AT4G17140	AT3G16180	0.9107012681790609
AT4G17140	AT5G63420	0.9268490216384858
AT3G55450	AT1G48210	0.9311054704750714
AT3G55450	AT1G31850	0.9376852582034854
AT3G55450	AT1G68050	0.9307134576184748
AT3G55450	AT4G19390	0.9389329431669823
AT3G55450	AT1G69870	0.9335405060656301
AT4G28085	AT3G15500	0.9079258279539795
AT4G28085	AT2G43820	0.9021871200566638
AT1G01940	257239_at	0.9267458958945959
AT1G01940	AT4G23885	0.9042362901374689
AT1G01940	AT2G30000	0.9367444902715121
AT1G01940	AT3G23990	0.9039369766072588
AT1G01940	AT3G03520	0.9051568939215107
AT1G01940	AT4G26780	0.9493408445382292
AT1G01940	AT5G58787	0.9049914092209406
AT1G01940	AT3G07770	0.9277812916256213
AT1G16130	AT1G76680	0.9050049584006842
AT5G10760	AT4G29700	0.9005966939368331
AT3G19680	AT2G44500	0.9683546970341779
AT1G51610	AT2G01170	0.9651786945930613
AT1G51610	AT3G58570	0.9141568344976041
AT1G51610	AT3G16180	0.925775556545068
AT1G51610	AT1G53035	0.9032421399068572
AT1G51610	AT1G75960	0.9164873452196276
AT1G51610	AT4G19390	0.931655543765214
AT1G51610	AT1G06460	0.9534872786688223
AT1G51610	AT3G46440	0.9158009521423733
AT1G51610	AT1G13930	0.9391698582289646
AT1G51610	AT2G19450	0.9352542234831889
AT1G51610	AT4G33490	0.9444717689159751
AT1G51610	AT4G14230	0.9500944621581684
AT1G51610	AT5G27930	0.9427502035780658
AT1G32090	AT1G17460	0.9106559615580521
AT1G32090	AT1G49560	0.9084290251142717
AT1G48210	AT5G18540	0.9295223920282293
AT1G48210	AT1G68050	0.9207128200511283
AT1G48210	AT4G19390	0.9258481763872319
AT1G48210	AT5G63420	0.955171068184893
AT1G48210	AT2G19450	0.9062071231541186
AT1G48210	AT4G33490	0.9298040712755726
AT5G48850	AT1G04770	0.9023831013636813
AT3G03830	AT1G29460	0.9007048555346628
AT5G57630	AT5G25210	0.9327370650210891
AT4G36040	AT3G15500	0.9165537460491372
AT4G36040	AT5G57660	0.91511649966034
AT4G36040	AT1G71030	0.9145125059057543
AT3G58120	AT2G42870	0.9150983827854133
257239_at	ATMG00690	0.9013120930245295
257239_at	AT2G30000	0.9264797940377665
AT4G38850	AT3G47500	0.9002843789070253
AT4G38850	AT1G29450	0.9086271343896224
AT5G15830	AT1G69570	0.9195984156572397
AT2G18230	AT2G47800	0.9505347183789209
AT2G18230	AT3G16910	0.9527977998412638
AT5G18540	AT3G58570	0.9158416597518598
AT5G18540	AT5G63420	0.9692369696804297
AT5G18540	AT2G19450	0.9669136043355872
AT5G18540	AT4G33490	0.9507764750574805
AT1G67330	AT2G37040	0.900665475057853
AT1G74300	AT5G59870	0.9252140341132682
AT5G25210	AT1G75960	0.9086560331840356
AT1G69830	AT2G15970	0.9504313454757142
AT1G69830	AT1G31850	0.9267012152309356
AT1G69830	AT3G14310	0.9236327746093397
AT1G69830	AT2G01170	0.9449071534747074
AT1G69830	AT2G39900	0.9524221673969168
AT1G69830	AT2G02100	0.9343184090379583
AT1G69830	AT3G58570	0.9329828124244209
AT1G69830	AT3G16180	0.9289221382491013
AT1G69830	AT3G01310	0.9704200975619396
AT1G69830	AT1G12845	0.917033089000955
AT1G69830	AT2G43535	0.9158875223867773
AT1G69830	AT1G53035	0.9096356728474139
AT1G69830	AT4G11600	0.9349268440652506
AT1G69830	AT4G19390	0.9159000155321344
AT1G69830	AT1G06460	0.9439806069189275
AT1G69830	AT3G46440	0.9301253892690134
AT1G69830	AT1G13930	0.9292958596595055
AT1G69830	AT4G33490	0.9181702109830107
AT1G69830	AT4G14230	0.9405248187533413
AT1G57990	AT2G44500	0.9163865044183949
AT4G23885	AT3G23990	0.9402556251798209
AT4G23885	AT5G58590	0.9039841682032015
AT4G23885	AT3G03520	0.9237629169145111
AT4G23885	AT5G53400	0.9115048442248987
AT4G23885	AT3G29810	0.9138224647460446
AT4G23885	AT3G52830	0.9007109406255667
AT4G23885	AT4G26780	0.9385277643069565
AT4G23885	AT5G58787	0.9316068163356399
AT4G23885	AT3G07770	0.9587896773356079
AT3G47500	AT5G36910	0.9069507280040738
AT3G47500	AT1G76240	0.9067023114349094
AT4G25480	AT4G39260	0.9130191463802039
AT4G25480	AT1G12845	0.9110925950827032
AT2G47800	AT3G26590	0.9446911703260212
AT2G47800	AT3G16910	0.9237298774275721
ATMG00690	ATMG00060	0.9564566460948499
ATMG00690	AT2G30000	0.9147573949840571
ATMG00690	ATMG00620	0.9400408917036203
AT1G49220	AT1G31850	0.9081986935390453
AT1G49220	AT2G02100	0.9237319340152718
AT1G49220	AT3G16180	0.9320699905970959
AT1G49220	AT1G53035	0.927216220449525
AT1G49220	AT4G19390	0.9030564233562104
AT1G49220	AT1G06460	0.9039053516516962
AT1G49220	AT4G33490	0.9226250511908969
AT1G49220	AT3G05800	0.9119726484377281
AT1G29450	AT1G29460	0.9201546778842051
ATMG00060	ATMG00620	0.9854847473593372
AT3G51920	AT3G57040	0.9086674251876404
AT2G30000	AT4G26780	0.9082070845018229
AT4G05150	AT4G38580	0.9211893544420718
AT4G05150	AT3G16740	0.9700280077657955
AT4G05150	AT1G33970	0.9038328791325623
AT1G65870	AT3G19450	0.941569263756016
AT1G65870	AT1G17050	0.9202397019289645
AT1G65870	AT2G37040	0.9259256527492861
AT1G13080	AT3G15770	0.91383834669692
AT3G57770	AT4G19390	0.9057085066941389
AT3G57770	AT5G27930	0.9003772463658958
AT3G14770	AT3G24170	0.9259655709955489
AT3G14770	AT1G17050	0.9244705427958677
AT2G15970	AT2G01170	0.9395499704978487
AT2G15970	AT2G39900	0.9336515802316251
AT2G15970	AT2G02100	0.934550795637972
AT2G15970	AT3G58570	0.9529822461600037
AT2G15970	AT3G16180	0.9230701146283108
AT2G15970	AT3G01310	0.9582812412944286
AT2G15970	AT1G12845	0.9502160571103988
AT2G15970	AT2G43535	0.9070784882913109
AT2G15970	AT1G53035	0.9082936855820806
AT2G15970	AT4G11600	0.9293389301728181
AT2G15970	AT1G06460	0.937556063725689
AT2G15970	AT1G13930	0.9260764894289504
AT2G15970	AT4G33490	0.9070038540529883
AT2G15970	AT4G14230	0.921461945925568
AT2G15970	AT5G27930	0.9118009330919015
AT1G31850	AT3G14310	0.9206049738626529
AT1G31850	AT2G01170	0.9152949575289497
AT1G31850	AT2G02100	0.9246538290946159
AT1G31850	AT3G58570	0.9097469483716986
AT1G31850	AT3G16180	0.9652751198144964
AT1G31850	AT2G43535	0.9400850027212553
AT1G31850	AT1G53035	0.9282835266459624
AT1G31850	AT4G11600	0.9334233764753166
AT1G31850	AT4G19390	0.9703522023861397
AT1G31850	AT3G46440	0.9516168409250845
AT3G17611	AT1G55530	0.9539049428681726
AT3G17611	AT2G21940	0.9480661124790949
AT3G17611	AT2G41160	0.9344459622056731
AT3G17611	AT5G53400	0.9040680168527937
AT3G17611	AT2G36460	0.9043993952736695
AT3G22231	AT3G22240	0.9821945413293706
AT3G57040	AT3G01430	0.9031527082405855
AT3G57040	AT5G05860	0.9192933886413737
AT1G12710	AT3G26580	0.9051156436848464
AT1G12710	AT1G21680	0.9542998448582034
AT5G50315	AT4G26680	0.9346533343022945
AT5G50315	AT4G01030	0.9206453387242711
AT5G50315	AT3G47090	0.907601667201142
AT2G04795	AT1G79270	0.9329479471403771
AT3G23990	AT2G21940	0.9121807516139704
AT3G23990	AT5G58590	0.9555681704388231
AT3G23990	AT3G03520	0.9346862784363512
AT3G23990	AT2G41160	0.9248338252761313
AT3G23990	AT5G53400	0.9368141069375545
AT3G23990	AT3G52830	0.9070735842751041
AT3G23990	AT4G26780	0.9350910736946101
AT3G23990	AT3G07770	0.9819719092713566
AT3G23990	AT3G57880	0.9175670260960053
AT1G68050	AT4G19390	0.9057003237968326
AT3G19450	AT3G24170	0.9518909289956212
AT3G19450	AT1G17050	0.9806983768976494
AT3G19450	AT2G37040	0.9085883843414908
AT3G19450	AT1G07450	0.9297423299968554
AT3G14310	AT2G01170	0.9103853617512134
AT3G14310	AT2G39900	0.9256580808924518
AT3G14310	AT2G02100	0.9347013089975345
AT3G14310	AT3G58570	0.93945813590108
AT3G14310	AT3G16180	0.9282196041507165
AT3G14310	AT3G01310	0.9385243424763703
AT3G14310	AT3G26580	0.9109660084583313
AT3G14310	AT4G05330	0.9387509361621278
AT3G14310	AT4G11600	0.9177166345473908
AT3G14310	AT4G19390	0.9330858379235591
AT3G14310	AT5G63420	0.9154435629409803
AT3G14310	AT4G33490	0.9153149539418012
AT3G14310	AT4G14230	0.9321990755111919
AT2G01170	AT2G02100	0.9070366784000358
AT2G01170	AT3G58570	0.9480790525564773
AT2G01170	AT3G16180	0.9269961982120986
AT2G01170	AT3G01310	0.9451314566086418
AT2G01170	AT1G12845	0.935020077602256
AT2G01170	AT1G53035	0.9274525088966813
AT2G01170	AT4G11600	0.9226637402243911
AT2G01170	AT1G75960	0.9258712418411966
AT2G01170	AT4G19390	0.9416057538394853
AT2G01170	AT1G06460	0.9702755471789157
AT2G01170	AT3G46440	0.9382573642121184
AT2G01170	AT1G13930	0.9470637970072724
AT2G01170	AT2G19450	0.9200627450025554
AT2G01170	AT4G33490	0.9493351777255251
AT2G01170	AT4G14230	0.962753694611935
AT2G01170	AT5G27930	0.9384494642149552
AT1G73260	AT1G19610	0.9048817607603934
AT1G75100	AT1G79270	0.9029534649286065
AT2G39900	AT2G02100	0.9152837237656972
AT2G39900	AT3G58570	0.9228429879522856
AT2G39900	AT3G16180	0.9026293635715693
AT2G39900	AT3G01310	0.9816227016425746
AT2G39900	AT1G12845	0.958549246729111
AT2G39900	AT4G05330	0.9355318442695876
AT2G39900	AT1G06460	0.9063705408997886
AT2G39900	AT4G14230	0.9326272223299513
AT2G02100	AT3G58570	0.9647422409344439
AT2G02100	AT3G16180	0.9489379279141719
AT2G02100	AT3G01310	0.9258713365241739
AT2G02100	AT1G12845	0.9049285424195164
AT2G02100	AT2G43535	0.9011010855236862
AT2G02100	AT4G05330	0.9027052063784436
AT2G02100	AT1G53035	0.9276735680919475
AT2G02100	AT4G11600	0.9269699766920624
AT2G02100	AT4G19390	0.9254915993316617
AT2G02100	AT1G06460	0.9200068049755992
AT2G02100	AT5G63420	0.9248380416193098
AT2G02100	AT4G33490	0.946792142174925
AT2G02100	AT3G05800	0.9220751023920091
AT4G38580	AT3G16740	0.9042843140338405
AT1G17460	AT5G08380	0.9358990072266808
AT5G10400	AT3G46320	0.9711788545316946
AT5G10400	AT5G59870	0.9776348316005253
AT5G10400	AT5G10390	0.9777721525822097
AT3G58570	AT3G16180	0.9427444492197904
AT3G58570	AT3G01310	0.9528703552193353
AT3G58570	AT3G26580	0.9033058179875356
AT3G58570	AT1G12845	0.9234803452725981
AT3G58570	AT2G43535	0.9015325704110345
AT3G58570	AT4G05330	0.9151989774662062
AT3G58570	AT1G53035	0.9205549102865254
AT3G58570	AT4G11600	0.9393829806276467
AT3G58570	AT4G19390	0.9289080990501334
AT3G58570	AT1G06460	0.9419610187801497
AT3G58570	AT3G46440	0.9091564439690311
AT3G58570	AT5G63420	0.9392240791938069
AT3G58570	AT2G19450	0.9117093602689442
AT3G58570	AT4G33490	0.9625671828682206
AT3G58570	AT4G14230	0.9313311527816535
AT3G58570	AT5G27930	0.9127334453547137
AT1G55530	AT2G21940	0.9244392645581072
AT1G55530	AT2G41160	0.9677785627642504
AT1G55530	AT5G53400	0.9359541375173985
AT1G55530	AT4G30490	0.918100041648163
AT1G55530	AT2G36460	0.9113895109807364
AT1G55530	AT3G57880	0.9174548444802435
AT3G16180	AT3G01310	0.9196176470940541
AT3G16180	AT1G12845	0.9058944509215076
AT3G16180	AT2G43535	0.9315382889675328
AT3G16180	AT1G53035	0.9613499594801784
AT3G16180	AT4G11600	0.9211512042207524
AT3G16180	AT4G19390	0.9579250946655883
AT3G16180	AT1G06460	0.9264956429533591
AT3G16180	AT3G46440	0.9374556929948363
AT3G16180	AT5G63420	0.916962175626627
AT3G16180	AT2G19450	0.9100369112785247
AT3G16180	AT4G33490	0.9392213067362748
AT3G16180	AT4G14230	0.9312485314059359
AT3G16180	AT5G27930	0.9068883644372087
AT3G16180	AT3G05800	0.9547854941764368
AT3G01310	AT3G26580	0.914567141568457
AT3G01310	AT1G12845	0.9651985701862514
AT3G01310	AT4G05330	0.938160648639031
AT3G01310	AT4G11600	0.9331347137829339
AT3G01310	AT1G06460	0.9382836184540041
AT3G01310	AT1G13930	0.9317951695541311
AT3G01310	AT4G33490	0.9176461829640815
AT3G01310	AT4G14230	0.9610876714665945
AT3G24170	AT1G17050	0.9444776072891476
AT3G24170	AT1G07450	0.9284100078904981
AT2G21940	AT3G03520	0.9513772595215058
AT2G21940	AT2G41160	0.9616610614426995
AT2G21940	AT5G53400	0.939172268521289
AT2G21940	AT4G26780	0.9104346012079281
AT2G21940	AT2G36460	0.955941233709163
AT2G21940	AT5G58787	0.900942070441905
AT1G78995	AT5G15770	0.9047544972011508
AT1G78995	AT1G69870	0.905001495647815
AT3G26580	AT4G12750	0.9141530548687767
AT3G26580	AT3G56720	0.9475059627886863
AT3G26580	AT4G05330	0.9233261832039261
AT3G26580	AT1G21680	0.9410791557276347
AT3G26580	AT3G16740	0.923253811243459
AT3G26580	AT1G33970	0.9107329020283007
AT3G26580	AT5G63420	0.9027407933137255
AT3G26580	AT5G62350	0.9329699769365738
AT1G12845	AT1G70420	0.9204227793338381
AT1G12845	AT1G75960	0.9151552182464873
AT1G12845	AT1G06460	0.9353381946765056
AT1G12845	AT1G13930	0.9309185553405346
AT1G12845	AT4G14230	0.9579421276866454
AT2G43535	AT4G11600	0.9209107086708942
AT2G43535	AT4G19390	0.9239942232603707
AT2G43535	AT3G46440	0.9205230174720525
AT4G12750	AT3G56720	0.916085752037766
AT4G12750	AT1G21680	0.9283548563517122
AT3G56720	AT1G21680	0.902987686092163
AT3G56720	AT3G16740	0.9058242294167489
AT3G56720	AT1G33970	0.9511612074304172
AT3G56720	AT3G51660	0.9104980289122894
AT3G56720	AT5G62350	0.9512131445974843
AT1G70420	AT3G51660	0.9011510817045546
AT1G70420	AT1G13930	0.9147232905452145
AT5G58590	AT3G03520	0.9168513512097043
AT5G58590	AT2G41160	0.9065089016782139
AT5G58590	AT5G53400	0.9232191631801471
AT5G58590	AT3G29810	0.9338231708390503
AT5G58590	AT3G07770	0.9374044393060647
AT5G58590	AT3G57880	0.9138970592859212
AT4G05330	AT1G21680	0.9045131414244629
AT4G05330	AT4G11600	0.9193841559381565
AT4G05330	AT3G16740	0.9150830802277767
AT1G62540	AT2G32990	0.9301213156877844
AT1G21680	AT3G16740	0.9003177578138561
AT1G53035	AT4G19390	0.9158299929540012
AT1G53035	AT1G06460	0.9414858381803458
AT1G53035	AT3G46440	0.956818703204106
AT1G53035	AT4G33490	0.93099292931142
AT1G53035	AT3G05800	0.9320920878789527
AT4G17250	AT2G41160	0.9333511026929302
AT4G17250	AT5G53400	0.9231340782775903
AT4G17250	AT2G36460	0.9224888717214424
AT4G11600	AT4G19390	0.9122188848982615
AT4G11600	AT3G46440	0.9329976671051149
AT4G11600	AT4G14230	0.9168085715526783
AT3G26590	AT1G72910	0.9038941219279477
AT1G78600	AT1G33970	0.9154987031609395
AT3G03520	AT2G41160	0.9300400202887898
AT3G03520	AT5G53400	0.9324368217668502
AT3G03520	AT4G26780	0.9717358112397623
AT3G03520	AT2G36460	0.937466123628192
AT3G03520	AT5G58787	0.9565470635664542
AT3G03520	AT3G07770	0.9295076866778879
AT3G15770	AT4G30490	0.9146284944065737
AT1G73830	AT2G44500	0.9063036811481315
AT1G75960	AT1G06460	0.9053746798496926
AT1G75960	AT1G13930	0.9029797948468307
AT1G75960	AT4G14230	0.9298976387232509
AT3G16740	AT1G33970	0.9558554140245464
AT3G16740	AT5G62350	0.9224465694540003
AT4G19390	AT1G06460	0.9063960905093563
AT4G19390	AT3G46440	0.9435771251704312
AT4G19390	AT5G63420	0.913474563118628
AT4G19390	AT2G19450	0.9021967464821479
AT4G19390	AT4G33490	0.9313858608421742
AT4G19390	AT4G14230	0.9142470392520645
AT4G19390	AT5G27930	0.9381438338292039
AT1G72910	AT4G29700	0.90340159547581
AT2G41160	AT5G53400	0.987888890971943
AT2G41160	AT2G36460	0.9550103601573242
AT2G41160	AT3G57880	0.9186356679368676
AT5G15770	AT1G69870	0.9212699330355156
AT2G15830	AT1G69870	0.9114725836442797
AT5G53400	AT2G36460	0.9422444277017212
AT5G53400	AT3G57880	0.9236363212131657
AT1G06460	AT3G46440	0.9255992001290007
AT1G06460	AT1G13930	0.9441641039180036
AT1G06460	AT5G63420	0.907310797433691
AT1G06460	AT2G19450	0.9141255252161185
AT1G06460	AT4G33490	0.9605671030641751
AT1G06460	AT4G14230	0.9378244743974401
AT1G06460	AT5G27930	0.9268090565076349
AT1G33970	AT3G51660	0.924814438190503
AT1G33970	AT5G62350	0.9483644612175982
AT3G46440	AT4G33490	0.9023394439727417
AT3G46440	AT4G14230	0.9158553558044664
AT4G26680	AT4G01030	0.9140761382525918
AT3G51660	AT5G62350	0.9201680358553885
AT1G13930	AT4G14230	0.9540982811423311
AT1G13930	AT5G27930	0.902246815071941
AT3G52830	AT5G58787	0.9110108431687026
AT2G20870	AT5G22430	0.9062003198066055
AT5G63420	AT2G19450	0.9333998507319047
AT5G63420	AT4G33490	0.9678288035586461
AT2G19450	AT4G33490	0.9577528095812775
AT4G26780	AT5G58787	0.9624776624500606
AT4G26780	AT3G07770	0.9541370692087572
AT3G46320	AT5G59870	0.9638376592981498
AT3G46320	AT5G10390	0.9753841136638808
AT4G33490	AT4G14230	0.913283813708946
AT4G33490	AT5G27930	0.917781542115693
AT1G53260	AT5G10390	0.9142799462378064
AT4G14230	AT5G27930	0.9064695756387994
AT5G59870	AT5G10390	0.9423831163660477
AT4G30490	AT2G29450	0.9653954442562565
AT5G58787	AT3G07770	0.9031251160568388
