GeneSet	Regulator	Symbol	CO	PD	PWM_num	PWM_source	PWM_name	rank	p-value	q-value	#hits	hits	PDtargets
1	AT2G36270	ABI5	7	89	PWM2530	JASPAR	MA0931.1	1	1.3226414790371335e-27	2.3714961719135802e-24	81	AT1G01250,AT1G01470,AT1G05100,AT1G09350,AT1G16850,AT1G17590,AT1G19970,AT1G20440,AT1G21790,AT1G29300,AT1G32900,AT1G49450,AT1G51140,AT1G56650,AT1G58340,AT1G60190,AT1G67850,AT1G69260,AT1G69480,AT1G69870,AT1G70640,AT1G72770,AT1G72830,AT1G73480,AT1G78070,AT1G80130,AT1G20450,AT2G01430,AT2G04100,AT2G04350,AT2G22240,AT2G39800,AT2G46270,AT2G46680,AT2G42540,AT3G09910,AT3G11410,AT3G14440,AT3G25870,AT3G27250,AT3G28007,AT3G29575,AT3G46450,AT3G50970,AT3G55580,AT3G56270,AT3G63060,AT4G01985,AT4G03200,AT4G05100,AT4G11350,AT4G12000,AT4G17550,AT4G19230,AT4G21440,AT4G22880,AT4G26080,AT4G27410,AT4G33905,AT4G34000,AT5G01850,AT5G03210,AT5G04250,AT5G05220,AT5G15190,AT5G15500,AT5G23850,AT5G40390,AT5G40800,AT5G42800,AT5G47640,AT5G50240,AT5G54165,AT5G55950,AT5G57610,AT5G66460,AT5G15970,AT5G43150,AT5G59310,AT5G59320,AT5G15960	AT1G01250,AT1G02400,AT1G05100,AT1G13360,AT1G16850,AT1G20440,AT1G21790,AT1G27200,AT1G29300,AT1G32900,AT1G47510,AT1G48000,AT1G49450,AT1G51140,AT1G53470,AT1G54160,AT1G58360,AT1G60190,AT1G62570,AT1G63840,AT1G66390,AT1G69870,AT1G70640,AT1G73480,AT1G78070,AT1G78610,AT1G20450,AT2G01430,AT2G04350,AT2G18160,AT2G23120,AT2G39800,AT2G41190,AT2G44940,AT2G45600,AT2G46680,AT2G47670,AT3G09910,AT3G11410,AT3G14060,AT3G14440,AT3G22550,AT3G25870,AT3G27250,AT3G29575,AT3G46450,AT3G50970,AT3G56270,AT3G61890,AT3G62070,AT3G63010,AT3G63060,AT3G05650,AT4G01985,AT4G03200,AT4G05100,AT4G09820,AT4G11350,AT4G17550,AT4G19230,AT4G21440,AT4G24960,AT4G27410,AT4G33905,AT4G34000,AT4G01060,AT5G01840,AT5G03210,AT5G05220,AT5G11110,AT5G15190,AT5G15500,AT5G17850,AT5G23850,AT5G40390,AT5G40800,AT5G41400,AT5G47640,AT5G50240,AT5G52310,AT5G54165,AT5G57050,AT5G57610,AT5G59220,AT5G66460,AT5G15970,AT5G50720,AT5G59320,AT5G15960
1	AT2G36270	ABI5	7	89	PWM957	CisBP	M0257_1.01	2	1.3226414790371335e-27	2.3714961719135802e-24	81	AT1G01250,AT1G01470,AT1G05100,AT1G09350,AT1G16850,AT1G17590,AT1G19970,AT1G20440,AT1G21790,AT1G29300,AT1G32900,AT1G49450,AT1G51140,AT1G56650,AT1G58340,AT1G60190,AT1G67850,AT1G69260,AT1G69480,AT1G69870,AT1G70640,AT1G72770,AT1G72830,AT1G73480,AT1G78070,AT1G80130,AT1G20450,AT2G01430,AT2G04100,AT2G04350,AT2G22240,AT2G39800,AT2G46270,AT2G46680,AT2G42540,AT3G09910,AT3G11410,AT3G14440,AT3G25870,AT3G27250,AT3G28007,AT3G29575,AT3G46450,AT3G50970,AT3G55580,AT3G56270,AT3G63060,AT4G01985,AT4G03200,AT4G05100,AT4G11350,AT4G12000,AT4G17550,AT4G19230,AT4G21440,AT4G22880,AT4G26080,AT4G27410,AT4G33905,AT4G34000,AT5G01850,AT5G03210,AT5G04250,AT5G05220,AT5G15190,AT5G15500,AT5G23850,AT5G40390,AT5G40800,AT5G42800,AT5G47640,AT5G50240,AT5G54165,AT5G55950,AT5G57610,AT5G66460,AT5G15970,AT5G43150,AT5G59310,AT5G59320,AT5G15960	AT1G01250,AT1G02400,AT1G05100,AT1G13360,AT1G16850,AT1G20440,AT1G21790,AT1G27200,AT1G29300,AT1G32900,AT1G47510,AT1G48000,AT1G49450,AT1G51140,AT1G53470,AT1G54160,AT1G58360,AT1G60190,AT1G62570,AT1G63840,AT1G66390,AT1G69870,AT1G70640,AT1G73480,AT1G78070,AT1G78610,AT1G20450,AT2G01430,AT2G04350,AT2G18160,AT2G23120,AT2G39800,AT2G41190,AT2G44940,AT2G45600,AT2G46680,AT2G47670,AT3G09910,AT3G11410,AT3G14060,AT3G14440,AT3G22550,AT3G25870,AT3G27250,AT3G29575,AT3G46450,AT3G50970,AT3G56270,AT3G61890,AT3G62070,AT3G63010,AT3G63060,AT3G05650,AT4G01985,AT4G03200,AT4G05100,AT4G09820,AT4G11350,AT4G17550,AT4G19230,AT4G21440,AT4G24960,AT4G27410,AT4G33905,AT4G34000,AT4G01060,AT5G01840,AT5G03210,AT5G05220,AT5G11110,AT5G15190,AT5G15500,AT5G17850,AT5G23850,AT5G40390,AT5G40800,AT5G41400,AT5G47640,AT5G50240,AT5G52310,AT5G54165,AT5G57050,AT5G57610,AT5G59220,AT5G66460,AT5G15970,AT5G50720,AT5G59320,AT5G15960
1	AT2G36270	ABI5	7	89	PWM621	AthaMAP	T04543	11	2.6210409800051854e-20	4.272296797408452e-18	71	AT1G01470,AT1G05100,AT1G09350,AT1G16850,AT1G17550,AT1G17590,AT1G19970,AT1G21790,AT1G27910,AT1G29300,AT1G32900,AT1G49450,AT1G50420,AT1G51140,AT1G53470,AT1G58340,AT1G60190,AT1G67850,AT1G69260,AT1G69480,AT1G69870,AT1G70640,AT1G72770,AT1G72830,AT1G78070,AT1G45249,AT2G01430,AT2G04350,AT2G22240,AT2G39800,AT2G41190,AT2G46270,AT2G46680,AT2G42540,AT3G09910,AT3G11410,AT3G14440,AT3G23840,AT3G25870,AT3G27250,AT3G29575,AT3G50970,AT3G55580,AT3G56270,AT3G61890,AT3G63010,AT3G63060,AT4G01985,AT4G03200,AT4G05100,AT4G08570,AT4G11350,AT4G12000,AT4G17550,AT4G24960,AT4G33905,AT4G34000,AT4G01060,AT5G01850,AT5G04250,AT5G05220,AT5G40390,AT5G40800,AT5G47640,AT5G50240,AT5G55950,AT5G57050,AT5G57610,AT5G66460,AT5G15970,AT5G50720	AT1G01250,AT1G02400,AT1G05100,AT1G13360,AT1G16850,AT1G20440,AT1G21790,AT1G27200,AT1G29300,AT1G32900,AT1G47510,AT1G48000,AT1G49450,AT1G51140,AT1G53470,AT1G54160,AT1G58360,AT1G60190,AT1G62570,AT1G63840,AT1G66390,AT1G69870,AT1G70640,AT1G73480,AT1G78070,AT1G78610,AT1G20450,AT2G01430,AT2G04350,AT2G18160,AT2G23120,AT2G39800,AT2G41190,AT2G44940,AT2G45600,AT2G46680,AT2G47670,AT3G09910,AT3G11410,AT3G14060,AT3G14440,AT3G22550,AT3G25870,AT3G27250,AT3G29575,AT3G46450,AT3G50970,AT3G56270,AT3G61890,AT3G62070,AT3G63010,AT3G63060,AT3G05650,AT4G01985,AT4G03200,AT4G05100,AT4G09820,AT4G11350,AT4G17550,AT4G19230,AT4G21440,AT4G24960,AT4G27410,AT4G33905,AT4G34000,AT4G01060,AT5G01840,AT5G03210,AT5G05220,AT5G11110,AT5G15190,AT5G15500,AT5G17850,AT5G23850,AT5G40390,AT5G40800,AT5G41400,AT5G47640,AT5G50240,AT5G52310,AT5G54165,AT5G57050,AT5G57610,AT5G59220,AT5G66460,AT5G15970,AT5G50720,AT5G59320,AT5G15960
1	AT2G36270	ABI5	7	89	PWM2904	DAP-seq	ABI5_col	25	2.0179227395589423e-16	1.4472541888116735e-14	65	AT1G01470,AT1G05100,AT1G09350,AT1G13360,AT1G17550,AT1G19970,AT1G21790,AT1G29300,AT1G32900,AT1G51140,AT1G60190,AT1G62570,AT1G67850,AT1G69480,AT1G69870,AT1G70640,AT1G72770,AT1G72830,AT1G20450,AT2G01430,AT2G04100,AT2G04350,AT2G22240,AT2G39800,AT2G41190,AT2G46270,AT2G46680,AT2G42540,AT3G05030,AT3G14440,AT3G25870,AT3G27250,AT3G29575,AT3G46450,AT3G50970,AT3G56270,AT3G61890,AT3G63010,AT3G63060,AT4G01985,AT4G08570,AT4G09820,AT4G11350,AT4G17550,AT4G21440,AT4G22880,AT4G27410,AT4G34000,AT4G36240,AT5G01850,AT5G03210,AT5G05220,AT5G15190,AT5G15500,AT5G40390,AT5G40800,AT5G41400,AT5G42570,AT5G47640,AT5G50240,AT5G55950,AT5G57610,AT5G66460,AT5G15970,AT5G50720	AT1G01250,AT1G02400,AT1G05100,AT1G13360,AT1G16850,AT1G20440,AT1G21790,AT1G27200,AT1G29300,AT1G32900,AT1G47510,AT1G48000,AT1G49450,AT1G51140,AT1G53470,AT1G54160,AT1G58360,AT1G60190,AT1G62570,AT1G63840,AT1G66390,AT1G69870,AT1G70640,AT1G73480,AT1G78070,AT1G78610,AT1G20450,AT2G01430,AT2G04350,AT2G18160,AT2G23120,AT2G39800,AT2G41190,AT2G44940,AT2G45600,AT2G46680,AT2G47670,AT3G09910,AT3G11410,AT3G14060,AT3G14440,AT3G22550,AT3G25870,AT3G27250,AT3G29575,AT3G46450,AT3G50970,AT3G56270,AT3G61890,AT3G62070,AT3G63010,AT3G63060,AT3G05650,AT4G01985,AT4G03200,AT4G05100,AT4G09820,AT4G11350,AT4G17550,AT4G19230,AT4G21440,AT4G24960,AT4G27410,AT4G33905,AT4G34000,AT4G01060,AT5G01840,AT5G03210,AT5G05220,AT5G11110,AT5G15190,AT5G15500,AT5G17850,AT5G23850,AT5G40390,AT5G40800,AT5G41400,AT5G47640,AT5G50240,AT5G52310,AT5G54165,AT5G57050,AT5G57610,AT5G59220,AT5G66460,AT5G15970,AT5G50720,AT5G59320,AT5G15960
1	AT2G36270	ABI5	7	89	PWM589	AthaMAP	T04543	282	0.0006592048502611184	0.004494122800449374	38	AT1G02400,AT1G09350,AT1G29300,AT1G30500,AT1G33230,AT1G47510,AT1G51140,AT1G60190,AT1G61930,AT1G69260,AT1G70640,AT1G72770,AT1G78070,AT2G21620,AT2G23120,AT2G41190,AT2G44940,AT3G05690,AT3G14440,AT3G23840,AT3G27250,AT3G28007,AT3G55580,AT4G01985,AT4G09820,AT4G34000,AT5G15190,AT5G41400,AT5G43880,AT5G50240,AT5G54165,AT5G55950,AT5G57050,AT5G57610,AT5G15970,AT5G50720,AT5G59310,AT5G59320	AT1G01250,AT1G02400,AT1G05100,AT1G13360,AT1G16850,AT1G20440,AT1G21790,AT1G27200,AT1G29300,AT1G32900,AT1G47510,AT1G48000,AT1G49450,AT1G51140,AT1G53470,AT1G54160,AT1G58360,AT1G60190,AT1G62570,AT1G63840,AT1G66390,AT1G69870,AT1G70640,AT1G73480,AT1G78070,AT1G78610,AT1G20450,AT2G01430,AT2G04350,AT2G18160,AT2G23120,AT2G39800,AT2G41190,AT2G44940,AT2G45600,AT2G46680,AT2G47670,AT3G09910,AT3G11410,AT3G14060,AT3G14440,AT3G22550,AT3G25870,AT3G27250,AT3G29575,AT3G46450,AT3G50970,AT3G56270,AT3G61890,AT3G62070,AT3G63010,AT3G63060,AT3G05650,AT4G01985,AT4G03200,AT4G05100,AT4G09820,AT4G11350,AT4G17550,AT4G19230,AT4G21440,AT4G24960,AT4G27410,AT4G33905,AT4G34000,AT4G01060,AT5G01840,AT5G03210,AT5G05220,AT5G11110,AT5G15190,AT5G15500,AT5G17850,AT5G23850,AT5G40390,AT5G40800,AT5G41400,AT5G47640,AT5G50240,AT5G52310,AT5G54165,AT5G57050,AT5G57610,AT5G59220,AT5G66460,AT5G15970,AT5G50720,AT5G59320,AT5G15960
1	AT1G03970	GBF4	4	0	PWM994	CisBP	M0319_1.01	3	7.880476997408963e-27	4.709898418784756e-24	80	AT1G01470,AT1G02400,AT1G05100,AT1G09350,AT1G17590,AT1G19970,AT1G21790,AT1G29300,AT1G32900,AT1G49450,AT1G50420,AT1G51140,AT1G56650,AT1G58340,AT1G60190,AT1G67850,AT1G69260,AT1G69480,AT1G70640,AT1G72770,AT1G72830,AT1G73480,AT1G78070,AT1G80130,AT1G20450,AT2G01430,AT2G04100,AT2G04350,AT2G22240,AT2G23120,AT2G39800,AT2G42530,AT2G46270,AT2G46680,AT2G42540,AT3G05030,AT3G05690,AT3G09910,AT3G14060,AT3G14440,AT3G25870,AT3G27250,AT3G29575,AT3G46450,AT3G50970,AT3G56270,AT3G63060,AT4G01985,AT4G03200,AT4G05100,AT4G11350,AT4G12000,AT4G17550,AT4G21440,AT4G22880,AT4G24960,AT4G27410,AT4G33905,AT4G34000,AT5G01850,AT5G03210,AT5G04250,AT5G05220,AT5G15190,AT5G23850,AT5G40390,AT5G40800,AT5G42800,AT5G47640,AT5G50240,AT5G54165,AT5G55950,AT5G57610,AT5G59220,AT5G66460,AT5G15970,AT5G43150,AT5G59310,AT5G59320,AT5G15960	
1	AT5G44080	AT5G44080	0	0	PWM995	CisBP	M0319_1.01	4	7.880476997408963e-27	4.709898418784756e-24	80	AT1G01470,AT1G02400,AT1G05100,AT1G09350,AT1G17590,AT1G19970,AT1G21790,AT1G29300,AT1G32900,AT1G49450,AT1G50420,AT1G51140,AT1G56650,AT1G58340,AT1G60190,AT1G67850,AT1G69260,AT1G69480,AT1G70640,AT1G72770,AT1G72830,AT1G73480,AT1G78070,AT1G80130,AT1G20450,AT2G01430,AT2G04100,AT2G04350,AT2G22240,AT2G23120,AT2G39800,AT2G42530,AT2G46270,AT2G46680,AT2G42540,AT3G05030,AT3G05690,AT3G09910,AT3G14060,AT3G14440,AT3G25870,AT3G27250,AT3G29575,AT3G46450,AT3G50970,AT3G56270,AT3G63060,AT4G01985,AT4G03200,AT4G05100,AT4G11350,AT4G12000,AT4G17550,AT4G21440,AT4G22880,AT4G24960,AT4G27410,AT4G33905,AT4G34000,AT5G01850,AT5G03210,AT5G04250,AT5G05220,AT5G15190,AT5G23850,AT5G40390,AT5G40800,AT5G42800,AT5G47640,AT5G50240,AT5G54165,AT5G55950,AT5G57610,AT5G59220,AT5G66460,AT5G15970,AT5G43150,AT5G59310,AT5G59320,AT5G15960	
1	AT1G49720	ABF1	35	64	PWM974	CisBP	M0254_1.01	5	4.5880699686097706e-26	1.6452818907434637e-23	79	AT1G01250,AT1G01470,AT1G05100,AT1G09350,AT1G16850,AT1G17550,AT1G17590,AT1G20440,AT1G29300,AT1G32900,AT1G51140,AT1G56650,AT1G58340,AT1G60190,AT1G61800,AT1G62570,AT1G67850,AT1G68570,AT1G69260,AT1G69480,AT1G69870,AT1G70640,AT1G72770,AT1G72830,AT1G73480,AT1G78070,AT1G80130,AT1G20450,AT2G01430,AT2G04100,AT2G04350,AT2G22240,AT2G23120,AT2G46270,AT2G46680,AT2G42540,AT3G05030,AT3G09910,AT3G14440,AT3G25870,AT3G27250,AT3G28007,AT3G29575,AT3G50970,AT3G55580,AT3G56270,AT3G63010,AT3G63060,AT4G01985,AT4G03200,AT4G05100,AT4G08570,AT4G11350,AT4G12000,AT4G17550,AT4G24960,AT4G26080,AT4G27410,AT4G33905,AT4G34000,AT5G03210,AT5G05220,AT5G11110,AT5G15190,AT5G15500,AT5G40390,AT5G40800,AT5G42800,AT5G47640,AT5G50240,AT5G54165,AT5G55950,AT5G57610,AT5G66460,AT5G15970,AT5G43150,AT5G59310,AT5G59320,AT5G15960	AT1G01470,AT1G02400,AT1G05100,AT1G13360,AT1G20440,AT1G21790,AT1G27200,AT1G29300,AT1G49450,AT1G51140,AT1G60190,AT1G62570,AT1G75370,AT1G78070,AT1G20450,AT2G01430,AT2G18160,AT2G23120,AT2G39800,AT2G44670,AT2G44940,AT2G45600,AT2G46270,AT2G46680,AT3G11410,AT3G14440,AT3G15350,AT3G25870,AT3G27250,AT3G29575,AT3G46450,AT3G56270,AT3G61890,AT3G63010,AT3G63060,AT4G03200,AT4G05100,AT4G11350,AT4G12000,AT4G17550,AT4G19230,AT4G24960,AT4G26080,AT4G33905,AT4G34000,AT4G01060,AT5G03210,AT5G11110,AT5G20885,AT5G23850,AT5G40390,AT5G40800,AT5G41400,AT5G47640,AT5G50240,AT5G52310,AT5G57050,AT5G57610,AT5G59220,AT5G66460,AT5G15970,AT5G43150,AT5G50720,AT5G59320
1	AT1G49720	ABF1	35	64	PWM1495	CisBP	M2233_1.01	47	6.461383714094671e-13	2.464949148802499e-11	59	AT1G01470,AT1G05100,AT1G09350,AT1G13360,AT1G17550,AT1G20440,AT1G21790,AT1G32900,AT1G49450,AT1G51140,AT1G58340,AT1G60190,AT1G66390,AT1G69260,AT1G69480,AT1G70640,AT1G72770,AT1G72830,AT1G73480,AT1G78070,AT1G20450,AT2G01430,AT2G04350,AT2G22240,AT2G44940,AT2G46270,AT2G46680,AT2G42540,AT3G05690,AT3G09910,AT3G14440,AT3G27250,AT3G29575,AT3G46450,AT3G56270,AT3G61890,AT3G63060,AT4G01985,AT4G03200,AT4G05100,AT4G08570,AT4G11350,AT4G12000,AT4G17550,AT4G21440,AT4G34000,AT4G35290,AT5G01850,AT5G04250,AT5G05220,AT5G15500,AT5G40390,AT5G40800,AT5G47640,AT5G47740,AT5G50240,AT5G15970,AT5G59310,AT5G59320	AT1G01470,AT1G02400,AT1G05100,AT1G13360,AT1G20440,AT1G21790,AT1G27200,AT1G29300,AT1G49450,AT1G51140,AT1G60190,AT1G62570,AT1G75370,AT1G78070,AT1G20450,AT2G01430,AT2G18160,AT2G23120,AT2G39800,AT2G44670,AT2G44940,AT2G45600,AT2G46270,AT2G46680,AT3G11410,AT3G14440,AT3G15350,AT3G25870,AT3G27250,AT3G29575,AT3G46450,AT3G56270,AT3G61890,AT3G63010,AT3G63060,AT4G03200,AT4G05100,AT4G11350,AT4G12000,AT4G17550,AT4G19230,AT4G24960,AT4G26080,AT4G33905,AT4G34000,AT4G01060,AT5G03210,AT5G11110,AT5G20885,AT5G23850,AT5G40390,AT5G40800,AT5G41400,AT5G47640,AT5G50240,AT5G52310,AT5G57050,AT5G57610,AT5G59220,AT5G66460,AT5G15970,AT5G43150,AT5G50720,AT5G59320
1	AT1G49720	ABF1	35	64	PWM326	AGRIS		52	6.461383714094671e-13	2.464949148802499e-11	59	AT1G05100,AT1G09350,AT1G29300,AT1G32900,AT1G47510,AT1G51140,AT1G56650,AT1G58340,AT1G60190,AT1G63840,AT1G67850,AT1G69480,AT1G70640,AT1G72770,AT1G72830,AT1G78070,AT1G80130,AT1G20450,AT2G01430,AT2G04350,AT2G22240,AT2G23120,AT2G39800,AT2G42530,AT2G46270,AT2G46680,AT2G42540,AT3G09910,AT3G11410,AT3G14440,AT3G27250,AT3G29575,AT3G50970,AT3G55580,AT3G56270,AT3G61890,AT3G63060,AT4G01985,AT4G08570,AT4G11350,AT4G12000,AT4G24960,AT4G33905,AT4G34000,AT5G03210,AT5G05220,AT5G15190,AT5G15500,AT5G40390,AT5G40800,AT5G42800,AT5G47640,AT5G50240,AT5G54165,AT5G55950,AT5G57610,AT5G66460,AT5G15970,AT5G15960	AT1G01470,AT1G02400,AT1G05100,AT1G13360,AT1G20440,AT1G21790,AT1G27200,AT1G29300,AT1G49450,AT1G51140,AT1G60190,AT1G62570,AT1G75370,AT1G78070,AT1G20450,AT2G01430,AT2G18160,AT2G23120,AT2G39800,AT2G44670,AT2G44940,AT2G45600,AT2G46270,AT2G46680,AT3G11410,AT3G14440,AT3G15350,AT3G25870,AT3G27250,AT3G29575,AT3G46450,AT3G56270,AT3G61890,AT3G63010,AT3G63060,AT4G03200,AT4G05100,AT4G11350,AT4G12000,AT4G17550,AT4G19230,AT4G24960,AT4G26080,AT4G33905,AT4G34000,AT4G01060,AT5G03210,AT5G11110,AT5G20885,AT5G23850,AT5G40390,AT5G40800,AT5G41400,AT5G47640,AT5G50240,AT5G52310,AT5G57050,AT5G57610,AT5G59220,AT5G66460,AT5G15970,AT5G43150,AT5G50720,AT5G59320
1	AT1G49720	ABF1	35	64	PWM2170	JASPAR	MA0570.1	85	2.6044195516275638e-11	6.396882542559208e-10	56	AT1G01470,AT1G05100,AT1G09350,AT1G13360,AT1G20440,AT1G21790,AT1G32900,AT1G49450,AT1G51140,AT1G58340,AT1G60190,AT1G66390,AT1G69260,AT1G69480,AT1G70640,AT1G72770,AT1G72830,AT1G73480,AT1G78070,AT1G20450,AT2G01430,AT2G04350,AT2G22240,AT2G44940,AT2G46270,AT2G46680,AT2G42540,AT3G09910,AT3G14440,AT3G27250,AT3G29575,AT3G46450,AT3G56270,AT3G61890,AT3G63060,AT4G01985,AT4G03200,AT4G05100,AT4G08570,AT4G11350,AT4G12000,AT4G17550,AT4G21440,AT4G34000,AT4G35290,AT5G01850,AT5G05220,AT5G15500,AT5G40390,AT5G40800,AT5G47640,AT5G47740,AT5G50240,AT5G15970,AT5G59310,AT5G59320	AT1G01470,AT1G02400,AT1G05100,AT1G13360,AT1G20440,AT1G21790,AT1G27200,AT1G29300,AT1G49450,AT1G51140,AT1G60190,AT1G62570,AT1G75370,AT1G78070,AT1G20450,AT2G01430,AT2G18160,AT2G23120,AT2G39800,AT2G44670,AT2G44940,AT2G45600,AT2G46270,AT2G46680,AT3G11410,AT3G14440,AT3G15350,AT3G25870,AT3G27250,AT3G29575,AT3G46450,AT3G56270,AT3G61890,AT3G63010,AT3G63060,AT4G03200,AT4G05100,AT4G11350,AT4G12000,AT4G17550,AT4G19230,AT4G24960,AT4G26080,AT4G33905,AT4G34000,AT4G01060,AT5G03210,AT5G11110,AT5G20885,AT5G23850,AT5G40390,AT5G40800,AT5G41400,AT5G47640,AT5G50240,AT5G52310,AT5G57050,AT5G57610,AT5G59220,AT5G66460,AT5G15970,AT5G43150,AT5G50720,AT5G59320
1	AT3G17609	HYH	18	na	PWM1068	CisBP	M2214_1.01	6	7.879197615287393e-24	2.3545668873683823e-21	76	AT1G01470,AT1G05100,AT1G09350,AT1G17550,AT1G17590,AT1G19970,AT1G21790,AT1G29300,AT1G32900,AT1G49450,AT1G50420,AT1G51140,AT1G54160,AT1G58340,AT1G60190,AT1G62570,AT1G67850,AT1G69260,AT1G69480,AT1G70640,AT1G72770,AT1G72830,AT1G73480,AT1G78070,AT1G78610,AT1G80130,AT1G20450,AT2G01430,AT2G04100,AT2G04350,AT2G22240,AT2G39800,AT2G46270,AT2G46680,AT2G42540,AT3G09910,AT3G14440,AT3G25870,AT3G27250,AT3G29575,AT3G46450,AT3G50970,AT3G55580,AT3G56270,AT3G61890,AT3G63060,AT4G01985,AT4G03200,AT4G08570,AT4G11350,AT4G12000,AT4G17550,AT4G24960,AT4G27410,AT4G33905,AT4G34000,AT5G01850,AT5G04250,AT5G05220,AT5G15190,AT5G23850,AT5G40390,AT5G40800,AT5G42800,AT5G47640,AT5G50240,AT5G54165,AT5G55950,AT5G57610,AT5G59220,AT5G66460,AT5G15970,AT5G43150,AT5G59310,AT5G59320,AT5G15960	na
1	AT1G45249	ABF2	8	0	PWM2540	JASPAR	MA0941.1	7	4.180533003445944e-23	1.0708136678826539e-20	75	AT1G01250,AT1G01470,AT1G05100,AT1G16850,AT1G17590,AT1G19970,AT1G20440,AT1G21790,AT1G29300,AT1G49450,AT1G51140,AT1G58340,AT1G60190,AT1G62570,AT1G67850,AT1G69260,AT1G69480,AT1G69870,AT1G70640,AT1G72770,AT1G72830,AT1G73480,AT1G80130,AT1G20450,AT2G01430,AT2G04100,AT2G04350,AT2G22240,AT2G23120,AT2G42530,AT2G44940,AT2G46270,AT2G46680,AT2G42540,AT3G05690,AT3G09910,AT3G11410,AT3G14440,AT3G25870,AT3G29575,AT3G46450,AT3G50970,AT3G56270,AT3G63060,AT4G01985,AT4G05100,AT4G11350,AT4G12000,AT4G17550,AT4G21440,AT4G26080,AT4G27410,AT4G33905,AT4G34000,AT5G01850,AT5G03210,AT5G04250,AT5G05220,AT5G15190,AT5G23850,AT5G40800,AT5G41400,AT5G42570,AT5G42800,AT5G47640,AT5G54060,AT5G55950,AT5G57610,AT5G59220,AT5G66460,AT5G15970,AT5G43150,AT5G59310,AT5G59320,AT5G15960	
1	AT1G45249	ABF2	8	0	PWM1178	CisBP	M0252_1.01	8	2.1668917067330056e-22	4.8565460377153485e-20	74	AT1G01250,AT1G01470,AT1G05100,AT1G16850,AT1G17590,AT1G19970,AT1G20440,AT1G21790,AT1G29300,AT1G49450,AT1G51140,AT1G58340,AT1G60190,AT1G62570,AT1G67850,AT1G69260,AT1G69480,AT1G69870,AT1G70640,AT1G72770,AT1G72830,AT1G73480,AT1G80130,AT1G20450,AT2G01430,AT2G04100,AT2G04350,AT2G22240,AT2G23120,AT2G42530,AT2G44940,AT2G46270,AT2G46680,AT2G42540,AT3G05690,AT3G09910,AT3G11410,AT3G14440,AT3G25870,AT3G29575,AT3G46450,AT3G50970,AT3G56270,AT3G63060,AT4G01985,AT4G05100,AT4G11350,AT4G12000,AT4G17550,AT4G21440,AT4G26080,AT4G27410,AT4G33905,AT4G34000,AT5G01850,AT5G03210,AT5G04250,AT5G05220,AT5G15190,AT5G23850,AT5G40800,AT5G41400,AT5G42570,AT5G42800,AT5G47640,AT5G54060,AT5G55950,AT5G57610,AT5G66460,AT5G15970,AT5G43150,AT5G59310,AT5G59320,AT5G15960	
1	AT1G45249	ABF2	8	0	PWM2903	DAP-seq	ABF2_col	40	4.841800865668245e-14	2.1703372380357907e-12	61	AT1G05100,AT1G09350,AT1G13360,AT1G17550,AT1G20440,AT1G21790,AT1G29300,AT1G32900,AT1G51140,AT1G58340,AT1G60190,AT1G62570,AT1G67850,AT1G69480,AT1G69870,AT1G70640,AT1G72770,AT1G72830,AT1G20450,AT2G01430,AT2G04100,AT2G04350,AT2G22240,AT2G39800,AT2G46270,AT2G46680,AT2G42540,AT3G14440,AT3G25870,AT3G27250,AT3G29575,AT3G46450,AT3G50970,AT3G56270,AT3G63010,AT3G63060,AT4G01985,AT4G09820,AT4G11350,AT4G17550,AT4G21440,AT4G26080,AT4G27410,AT4G33905,AT4G34000,AT5G01850,AT5G03210,AT5G05220,AT5G15190,AT5G15500,AT5G40390,AT5G40800,AT5G41400,AT5G42570,AT5G47640,AT5G50240,AT5G55950,AT5G57610,AT5G66460,AT5G15970,AT5G50720	
1	AT1G45249	ABF2	8	0	PWM654	AthaMAP	T03823	190	0.000002602988309234825	0.000026219988980101353	45	AT1G01250,AT1G01470,AT1G20440,AT1G51140,AT1G58340,AT1G61800,AT1G61930,AT1G62570,AT1G67850,AT1G68570,AT1G72770,AT1G72830,AT1G73480,AT1G75370,AT1G76580,AT1G80130,AT1G20450,AT2G41190,AT2G46270,AT2G46680,AT3G05030,AT3G05690,AT3G09910,AT3G11410,AT3G15350,AT3G23840,AT3G29575,AT3G56270,AT3G63010,AT4G01985,AT4G03200,AT4G05100,AT4G17550,AT4G18280,AT4G19230,AT4G21440,AT4G26080,AT4G27410,AT5G03210,AT5G05220,AT5G47740,AT5G52310,AT5G57610,AT5G59220,AT5G43150	
1	AT1G45249	ABF2	8	0	PWM655	AthaMAP	T03823	191	0.000002602988309234825	0.000026219988980101353	45	AT1G01250,AT1G01470,AT1G20440,AT1G51140,AT1G58340,AT1G61800,AT1G61930,AT1G62570,AT1G67850,AT1G68570,AT1G72770,AT1G72830,AT1G73480,AT1G75370,AT1G76580,AT1G80130,AT1G20450,AT2G41190,AT2G46270,AT2G46680,AT3G05030,AT3G05690,AT3G09910,AT3G11410,AT3G15350,AT3G23840,AT3G29575,AT3G56270,AT3G63010,AT4G01985,AT4G03200,AT4G05100,AT4G17550,AT4G18280,AT4G19230,AT4G21440,AT4G26080,AT4G27410,AT5G03210,AT5G05220,AT5G47740,AT5G52310,AT5G57610,AT5G59220,AT5G43150	
1	AT5G11260	HY5	3	0	PWM2151	JASPAR	MA0551.1	9	2.1668917067330056e-22	4.8565460377153485e-20	74	AT1G01470,AT1G05100,AT1G09350,AT1G17550,AT1G17590,AT1G19970,AT1G21790,AT1G29300,AT1G32900,AT1G49450,AT1G50420,AT1G51140,AT1G54160,AT1G58340,AT1G60190,AT1G62570,AT1G67850,AT1G69260,AT1G69480,AT1G70640,AT1G72770,AT1G72830,AT1G73480,AT1G78070,AT1G78610,AT1G80130,AT1G20450,AT2G01430,AT2G04100,AT2G04350,AT2G22240,AT2G39800,AT2G46270,AT2G46680,AT2G42540,AT3G14440,AT3G25870,AT3G27250,AT3G29575,AT3G46450,AT3G50970,AT3G55580,AT3G56270,AT3G61890,AT3G63060,AT4G01985,AT4G03200,AT4G08570,AT4G11350,AT4G12000,AT4G17550,AT4G24960,AT4G27410,AT4G33905,AT4G34000,AT5G01850,AT5G04250,AT5G05220,AT5G15190,AT5G23850,AT5G40390,AT5G40800,AT5G42800,AT5G47640,AT5G50240,AT5G54165,AT5G55950,AT5G57610,AT5G59220,AT5G66460,AT5G15970,AT5G59310,AT5G59320,AT5G15960	
1	AT5G11260	HY5	3	0	PWM623	AthaMAP	T10638	15	1.2364420383136952e-19	1.5835289819260398e-17	70	AT1G01470,AT1G05100,AT1G09350,AT1G16850,AT1G17550,AT1G17590,AT1G19970,AT1G21790,AT1G27910,AT1G29300,AT1G32900,AT1G49450,AT1G50420,AT1G51140,AT1G53470,AT1G58340,AT1G60190,AT1G67850,AT1G69260,AT1G69480,AT1G69870,AT1G70640,AT1G72770,AT1G72830,AT1G45249,AT2G01430,AT2G04350,AT2G22240,AT2G39800,AT2G41190,AT2G46270,AT2G46680,AT2G42540,AT3G09910,AT3G11410,AT3G14440,AT3G23840,AT3G25870,AT3G27250,AT3G29575,AT3G50970,AT3G55580,AT3G56270,AT3G61890,AT3G63010,AT3G63060,AT4G01985,AT4G03200,AT4G05100,AT4G08570,AT4G11350,AT4G12000,AT4G17550,AT4G24960,AT4G33905,AT4G34000,AT4G01060,AT5G01850,AT5G04250,AT5G05220,AT5G40390,AT5G40800,AT5G47640,AT5G50240,AT5G55950,AT5G57050,AT5G57610,AT5G66460,AT5G15970,AT5G50720	
1	AT5G11260	HY5	3	0	PWM336	AthaMAP	T10638	114	8.316184488895041e-10	1.3313320346954293e-8	53	AT1G05100,AT1G09350,AT1G13360,AT1G20440,AT1G29300,AT1G32900,AT1G51140,AT1G58340,AT1G58360,AT1G60190,AT1G69260,AT1G69480,AT1G69790,AT1G70640,AT1G72770,AT1G72830,AT1G75370,AT1G78070,AT1G78610,AT1G45249,AT2G22240,AT2G41190,AT2G42540,AT3G11410,AT3G14060,AT3G14440,AT3G23840,AT3G27250,AT3G28007,AT3G29575,AT3G50970,AT3G56270,AT3G63010,AT3G63060,AT4G01985,AT4G05100,AT4G08570,AT4G11350,AT4G12000,AT4G24450,AT4G34000,AT5G05220,AT5G15190,AT5G15500,AT5G40390,AT5G40800,AT5G42800,AT5G50240,AT5G54165,AT5G55950,AT5G57610,AT5G15970,AT5G15960	
1	AT5G11260	HY5	3	0	PWM698	AthaMAP	T10638	177	0.0000010493366475964492	0.000011613954377410082	46	AT1G01470,AT1G05100,AT1G09350,AT1G19970,AT1G29300,AT1G50420,AT1G51140,AT1G58340,AT1G60190,AT1G63840,AT1G64890,AT1G69260,AT1G69870,AT1G70640,AT1G72770,AT1G72830,AT1G78070,AT1G80130,AT1G20450,AT1G60470,AT2G04350,AT2G42540,AT3G05030,AT3G14060,AT3G14440,AT3G27250,AT3G28007,AT3G29575,AT3G61890,AT3G63060,AT4G08570,AT4G12000,AT4G34000,AT5G03210,AT5G04250,AT5G15190,AT5G15500,AT5G19470,AT5G42800,AT5G50240,AT5G54165,AT5G57050,AT5G57610,AT5G66460,AT5G15970,AT5G15960	
1	AT5G11260	HY5	3	0	PWM223	AthaMAP	T10638	221	0.0000333850200858232	0.00027971654679383645	42	AT1G01470,AT1G05100,AT1G17590,AT1G19970,AT1G20440,AT1G29300,AT1G32900,AT1G47710,AT1G49450,AT1G50420,AT1G51140,AT1G60190,AT1G67850,AT1G70640,AT1G72770,AT1G72830,AT1G73480,AT1G75370,AT2G04350,AT2G22240,AT2G46270,AT2G46680,AT3G11410,AT3G14440,AT3G27250,AT3G29575,AT3G50970,AT3G56270,AT3G62070,AT3G63060,AT4G05100,AT4G08570,AT4G26080,AT4G34000,AT5G03210,AT5G04250,AT5G05220,AT5G40390,AT5G40800,AT5G57610,AT5G66460,AT5G50720	
1	AT5G11260	HY5	3	0	PWM331	AthaMAP	T10638	348	0.0024317837976165135	0.013540957605982635	36	AT1G05100,AT1G17590,AT1G19630,AT1G19970,AT1G27910,AT1G29300,AT1G30500,AT1G47510,AT1G49450,AT1G51140,AT1G58340,AT1G62570,AT1G63840,AT1G69480,AT1G76580,AT1G20450,AT2G44940,AT2G46270,AT3G05690,AT3G14060,AT3G14440,AT3G25870,AT3G55580,AT3G62070,AT4G08570,AT4G11350,AT4G24450,AT4G16447,AT5G01840,AT5G03210,AT5G15500,AT5G40800,AT5G57610,AT5G59220,AT5G59310,AT5G59320	
1	AT5G11260	HY5	3	0	PWM86	AthaMAP	T10638	434	0.007892603472017722	0.03546726322137287	34	AT1G02400,AT1G05100,AT1G47510,AT1G61800,AT1G61930,AT1G69260,AT2G18160,AT2G21620,AT2G39800,AT2G44940,AT2G46270,AT2G47670,AT3G14440,AT3G22550,AT3G28007,AT3G29575,AT3G55580,AT3G56270,AT3G61890,AT3G16360,AT4G01985,AT4G03200,AT4G08570,AT4G11350,AT4G12000,AT4G18280,AT4G33905,AT4G34000,AT5G05220,AT5G43880,AT5G57610,AT5G59220,AT5G59310,AT5G59320	
1	AT1G75080	BZR1	0	na	PWM2150	JASPAR	MA0550.1	10	5.426159553340157e-21	9.729104079138902e-19	72	AT1G01250,AT1G01470,AT1G05100,AT1G09350,AT1G19970,AT1G29300,AT1G32900,AT1G49450,AT1G50420,AT1G51140,AT1G56650,AT1G58340,AT1G60190,AT1G64890,AT1G67850,AT1G69260,AT1G69480,AT1G69870,AT1G70640,AT1G72770,AT1G72830,AT1G73480,AT1G78070,AT1G80130,AT1G20450,AT2G04100,AT2G04350,AT2G22240,AT2G39800,AT2G42530,AT2G44940,AT2G46270,AT2G46680,AT2G42540,AT3G14440,AT3G25870,AT3G27250,AT3G29575,AT3G46450,AT3G50970,AT3G56270,AT3G63060,AT4G01985,AT4G05100,AT4G08570,AT4G11350,AT4G12000,AT4G17550,AT4G21440,AT4G24960,AT4G27410,AT4G33905,AT4G34000,AT5G01850,AT5G03210,AT5G04250,AT5G05220,AT5G15190,AT5G23850,AT5G40390,AT5G40800,AT5G42800,AT5G47640,AT5G50240,AT5G54165,AT5G57610,AT5G66460,AT5G15970,AT5G43150,AT5G59310,AT5G59320,AT5G15960	na
1	AT1G75080	BZR1	0	na	PWM1390	CisBP	M2213_1.01	14	1.2364420383136952e-19	1.5835289819260398e-17	70	AT1G01250,AT1G01470,AT1G05100,AT1G09350,AT1G19970,AT1G29300,AT1G32900,AT1G49450,AT1G50420,AT1G51140,AT1G58340,AT1G60190,AT1G67850,AT1G69260,AT1G69480,AT1G69870,AT1G70640,AT1G72770,AT1G72830,AT1G73480,AT1G78070,AT1G80130,AT1G20450,AT2G04100,AT2G04350,AT2G22240,AT2G39800,AT2G42530,AT2G44940,AT2G46270,AT2G46680,AT2G42540,AT3G14440,AT3G25870,AT3G27250,AT3G29575,AT3G46450,AT3G50970,AT3G56270,AT3G63060,AT4G01985,AT4G05100,AT4G08570,AT4G11350,AT4G12000,AT4G17550,AT4G21440,AT4G24960,AT4G27410,AT4G33905,AT4G34000,AT5G01850,AT5G03210,AT5G04250,AT5G05220,AT5G15190,AT5G23850,AT5G40390,AT5G40800,AT5G42800,AT5G47640,AT5G50240,AT5G54165,AT5G57610,AT5G66460,AT5G15970,AT5G43150,AT5G59310,AT5G59320,AT5G15960	na
1	AT1G75080	BZR1	0	na	PWM2960	DAP-seq	BZR1_col	155	4.1114242345170845e-7	0.000004849857666111272	47	AT1G01470,AT1G05100,AT1G19970,AT1G47710,AT1G50420,AT1G51140,AT1G62570,AT1G67850,AT1G69870,AT1G70640,AT1G72770,AT1G72830,AT1G73480,AT1G80130,AT2G04100,AT2G04350,AT2G39800,AT2G42530,AT2G44940,AT2G46270,AT2G46680,AT3G14440,AT3G15350,AT3G29575,AT3G29590,AT3G46450,AT3G50970,AT3G56270,AT3G62070,AT4G01985,AT4G03200,AT4G17550,AT4G24960,AT4G27410,AT4G16447,AT5G01840,AT5G03210,AT5G04250,AT5G23850,AT5G40800,AT5G42800,AT5G52310,AT5G54165,AT5G59220,AT5G43150,AT5G59310,AT5G59320	na
1	AT1G32640	ATMYC2	6	0	PWM622	AthaMAP	T05620	12	2.6210409800051854e-20	4.272296797408452e-18	71	AT1G01470,AT1G05100,AT1G09350,AT1G16850,AT1G17550,AT1G17590,AT1G19970,AT1G21790,AT1G27910,AT1G29300,AT1G32900,AT1G49450,AT1G50420,AT1G51140,AT1G53470,AT1G58340,AT1G60190,AT1G67850,AT1G69260,AT1G69480,AT1G69870,AT1G70640,AT1G72770,AT1G72830,AT1G78070,AT1G45249,AT2G01430,AT2G04350,AT2G22240,AT2G39800,AT2G41190,AT2G46270,AT2G46680,AT2G42540,AT3G09910,AT3G11410,AT3G14440,AT3G23840,AT3G25870,AT3G27250,AT3G29575,AT3G50970,AT3G55580,AT3G56270,AT3G61890,AT3G63010,AT3G63060,AT4G01985,AT4G03200,AT4G05100,AT4G08570,AT4G11350,AT4G12000,AT4G17550,AT4G24960,AT4G33905,AT4G34000,AT4G01060,AT5G01850,AT5G04250,AT5G05220,AT5G40390,AT5G40800,AT5G47640,AT5G50240,AT5G55950,AT5G57050,AT5G57610,AT5G66460,AT5G15970,AT5G50720	
1	AT1G32640	ATMYC2	6	0	PWM571	AthaMAP	T05620	128	7.332388397586343e-9	1.0688595444611637e-7	51	AT1G01250,AT1G01470,AT1G16850,AT1G19630,AT1G20440,AT1G49450,AT1G51140,AT1G54160,AT1G58340,AT1G58360,AT1G61930,AT1G62570,AT1G63840,AT1G72770,AT1G76580,AT1G80130,AT2G01430,AT2G21590,AT2G44940,AT2G46270,AT2G46680,AT3G05690,AT3G09910,AT3G15350,AT3G27250,AT3G28007,AT3G29575,AT3G46450,AT3G61890,AT4G01985,AT4G03200,AT4G05100,AT4G09820,AT4G11350,AT4G12000,AT4G18280,AT4G19230,AT4G21440,AT4G26080,AT4G27410,AT4G33905,AT4G36240,AT4G01060,AT4G16447,AT5G15190,AT5G40800,AT5G52310,AT5G54060,AT5G57050,AT5G59310,AT5G59320	
1	AT1G32640	ATMYC2	6	0	PWM1290	CisBP	M0151_1.01	179	0.000002602988309234825	0.000026219988980101353	45	AT1G05100,AT1G13360,AT1G16850,AT1G17590,AT1G19970,AT1G47510,AT1G48000,AT1G49450,AT1G51140,AT1G60190,AT1G61800,AT1G61930,AT1G62570,AT1G67850,AT1G69260,AT1G69480,AT1G69870,AT1G70640,AT1G73480,AT1G80130,AT1G20450,AT2G04100,AT2G04350,AT2G18160,AT2G44940,AT2G46270,AT3G11410,AT3G14440,AT3G25870,AT3G29575,AT3G50970,AT3G63010,AT3G63060,AT4G05100,AT4G17550,AT4G19230,AT4G22880,AT4G27410,AT5G03210,AT5G15500,AT5G42800,AT5G54165,AT5G66460,AT5G67180,AT5G15970	
1	AT1G32640	ATMYC2	6	0	PWM1426	CisBP	M2229_1.01	180	0.000002602988309234825	0.000026219988980101353	45	AT1G05100,AT1G13360,AT1G16850,AT1G17590,AT1G19970,AT1G47510,AT1G48000,AT1G49450,AT1G51140,AT1G60190,AT1G61800,AT1G61930,AT1G62570,AT1G67850,AT1G69260,AT1G69480,AT1G69870,AT1G70640,AT1G73480,AT1G80130,AT1G20450,AT2G04100,AT2G04350,AT2G18160,AT2G44940,AT2G46270,AT3G11410,AT3G14440,AT3G25870,AT3G29575,AT3G50970,AT3G63010,AT3G63060,AT4G05100,AT4G17550,AT4G19230,AT4G22880,AT4G27410,AT5G03210,AT5G15500,AT5G42800,AT5G54165,AT5G66460,AT5G67180,AT5G15970	
1	AT1G32640	ATMYC2	6	0	PWM2166	JASPAR	MA0566.1	181	0.000002602988309234825	0.000026219988980101353	45	AT1G05100,AT1G13360,AT1G16850,AT1G17590,AT1G19970,AT1G47510,AT1G48000,AT1G49450,AT1G51140,AT1G60190,AT1G61800,AT1G61930,AT1G62570,AT1G67850,AT1G69260,AT1G69480,AT1G69870,AT1G70640,AT1G73480,AT1G80130,AT1G20450,AT2G04100,AT2G04350,AT2G18160,AT2G44940,AT2G46270,AT3G11410,AT3G14440,AT3G25870,AT3G29575,AT3G50970,AT3G63010,AT3G63060,AT4G05100,AT4G17550,AT4G19230,AT4G22880,AT4G27410,AT5G03210,AT5G15500,AT5G42800,AT5G54165,AT5G66460,AT5G67180,AT5G15970	
1	AT3G19290	ABF4	0	98	PWM966	CisBP	M0253_1.01	13	2.6210409800051854e-20	4.272296797408452e-18	71	AT1G01470,AT1G05100,AT1G09350,AT1G13360,AT1G16850,AT1G17550,AT1G17590,AT1G19970,AT1G20440,AT1G21790,AT1G29300,AT1G51140,AT1G56650,AT1G58340,AT1G60190,AT1G61800,AT1G67850,AT1G69260,AT1G69480,AT1G69870,AT1G70640,AT1G72770,AT1G72830,AT1G73480,AT1G80130,AT1G20450,AT2G01430,AT2G04100,AT2G04350,AT2G22240,AT2G39800,AT2G44940,AT2G46270,AT2G46680,AT3G09910,AT3G11410,AT3G14440,AT3G22550,AT3G25870,AT3G29575,AT3G50970,AT3G56270,AT3G63010,AT3G63060,AT4G01985,AT4G03200,AT4G05100,AT4G08570,AT4G11350,AT4G17550,AT4G21440,AT4G22880,AT4G26080,AT4G27410,AT4G33905,AT4G34000,AT5G03210,AT5G04250,AT5G05220,AT5G15190,AT5G15500,AT5G40800,AT5G42800,AT5G47640,AT5G55950,AT5G64750,AT5G66460,AT5G15970,AT5G59310,AT5G59320,AT5G15960	AT1G01250,AT1G02400,AT1G05100,AT1G09350,AT1G13360,AT1G16850,AT1G19630,AT1G19970,AT1G20440,AT1G21790,AT1G27200,AT1G29300,AT1G32900,AT1G48000,AT1G49450,AT1G50420,AT1G51140,AT1G53470,AT1G56650,AT1G58340,AT1G58360,AT1G60190,AT1G62570,AT1G63840,AT1G66390,AT1G68570,AT1G69480,AT1G69870,AT1G70640,AT1G78070,AT2G01430,AT2G04100,AT2G04350,AT2G18160,AT2G39800,AT2G41190,AT2G44940,AT2G45600,AT2G46270,AT2G46680,AT2G47670,AT3G05030,AT3G05690,AT3G09910,AT3G11410,AT3G14060,AT3G14440,AT3G15350,AT3G22550,AT3G25870,AT3G27250,AT3G29575,AT3G46450,AT3G56270,AT3G61890,AT3G63010,AT3G63060,AT3G05650,AT4G03200,AT4G05100,AT4G09820,AT4G11350,AT4G12000,AT4G16750,AT4G17550,AT4G19230,AT4G21440,AT4G22880,AT4G24960,AT4G33905,AT4G34000,AT4G01060,AT5G03210,AT5G04250,AT5G05220,AT5G11110,AT5G13200,AT5G15190,AT5G15500,AT5G17850,AT5G20885,AT5G23850,AT5G40390,AT5G40800,AT5G41400,AT5G42570,AT5G47640,AT5G50240,AT5G52310,AT5G54165,AT5G55950,AT5G57610,AT5G59220,AT5G66460,AT5G15970,AT5G50720,AT5G59320,AT5G15960
1	AT3G19290	ABF4	0	98	PWM746	AGRIS		39	1.2766175839003536e-14	6.732280376274512e-13	62	AT1G05100,AT1G09350,AT1G29300,AT1G32900,AT1G47510,AT1G51140,AT1G58340,AT1G60190,AT1G63840,AT1G69260,AT1G69480,AT1G69870,AT1G70640,AT1G72770,AT1G72830,AT1G78070,AT1G20450,AT2G04350,AT2G22240,AT2G23120,AT2G39800,AT2G41190,AT2G42530,AT2G46270,AT2G46680,AT2G47670,AT2G42540,AT3G09910,AT3G11410,AT3G14440,AT3G27250,AT3G29575,AT3G50970,AT3G55580,AT3G56270,AT3G61890,AT3G63060,AT4G01985,AT4G05100,AT4G11350,AT4G12000,AT4G24960,AT4G33905,AT4G34000,AT5G03210,AT5G05220,AT5G15190,AT5G15500,AT5G40390,AT5G40800,AT5G41400,AT5G42800,AT5G47640,AT5G50240,AT5G55950,AT5G57050,AT5G57610,AT5G66460,AT5G15970,AT5G43150,AT5G59310,AT5G15960	AT1G01250,AT1G02400,AT1G05100,AT1G09350,AT1G13360,AT1G16850,AT1G19630,AT1G19970,AT1G20440,AT1G21790,AT1G27200,AT1G29300,AT1G32900,AT1G48000,AT1G49450,AT1G50420,AT1G51140,AT1G53470,AT1G56650,AT1G58340,AT1G58360,AT1G60190,AT1G62570,AT1G63840,AT1G66390,AT1G68570,AT1G69480,AT1G69870,AT1G70640,AT1G78070,AT2G01430,AT2G04100,AT2G04350,AT2G18160,AT2G39800,AT2G41190,AT2G44940,AT2G45600,AT2G46270,AT2G46680,AT2G47670,AT3G05030,AT3G05690,AT3G09910,AT3G11410,AT3G14060,AT3G14440,AT3G15350,AT3G22550,AT3G25870,AT3G27250,AT3G29575,AT3G46450,AT3G56270,AT3G61890,AT3G63010,AT3G63060,AT3G05650,AT4G03200,AT4G05100,AT4G09820,AT4G11350,AT4G12000,AT4G16750,AT4G17550,AT4G19230,AT4G21440,AT4G22880,AT4G24960,AT4G33905,AT4G34000,AT4G01060,AT5G03210,AT5G04250,AT5G05220,AT5G11110,AT5G13200,AT5G15190,AT5G15500,AT5G17850,AT5G20885,AT5G23850,AT5G40390,AT5G40800,AT5G41400,AT5G42570,AT5G47640,AT5G50240,AT5G52310,AT5G54165,AT5G55950,AT5G57610,AT5G59220,AT5G66460,AT5G15970,AT5G50720,AT5G59320,AT5G15960
1	AT4G34000	ABF3	9	104	PWM2529	JASPAR	MA0930.1	16	5.695752246585395e-19	6.382802361329758e-17	69	AT1G02400,AT1G16850,AT1G17550,AT1G17590,AT1G21790,AT1G29300,AT1G32900,AT1G47710,AT1G49450,AT1G51140,AT1G54160,AT1G56650,AT1G58340,AT1G60190,AT1G61800,AT1G61930,AT1G67850,AT1G69260,AT1G69480,AT1G70640,AT1G72770,AT1G72830,AT1G73480,AT1G78610,AT1G80130,AT1G20450,AT2G01430,AT2G04100,AT2G04350,AT2G39800,AT2G42530,AT2G46270,AT2G46680,AT2G42540,AT3G05030,AT3G05690,AT3G09910,AT3G14440,AT3G22550,AT3G25870,AT3G29575,AT3G46450,AT3G50970,AT3G56270,AT3G63060,AT4G01985,AT4G03200,AT4G05100,AT4G11350,AT4G12000,AT4G17550,AT4G19230,AT4G21440,AT4G27410,AT5G01850,AT5G03210,AT5G04250,AT5G05220,AT5G15190,AT5G23850,AT5G40800,AT5G41400,AT5G42800,AT5G52310,AT5G55950,AT5G64750,AT5G15970,AT5G59310,AT5G59320	AT1G02400,AT1G05100,AT1G09350,AT1G13360,AT1G16850,AT1G19630,AT1G19970,AT1G20440,AT1G21790,AT1G27200,AT1G29300,AT1G32900,AT1G49450,AT1G50420,AT1G51140,AT1G53470,AT1G56650,AT1G58340,AT1G58360,AT1G60190,AT1G61800,AT1G62570,AT1G63840,AT1G66390,AT1G68570,AT1G69480,AT1G69870,AT1G70640,AT1G73480,AT1G78070,AT1G80130,AT1G20450,AT1G45249,AT2G01430,AT2G04100,AT2G04350,AT3G05660,AT2G18160,AT2G21620,AT2G39800,AT2G44940,AT2G45600,AT2G46270,AT2G46680,AT2G42540,AT3G05030,AT3G05690,AT3G09910,AT3G11410,AT3G14060,AT3G14440,AT3G15350,AT3G22550,AT3G25870,AT3G27250,AT3G29575,AT3G46450,AT3G56270,AT3G61890,AT3G63010,AT3G63060,AT3G05650,AT3G16360,AT4G03200,AT4G05100,AT4G09820,AT4G11350,AT4G16750,AT4G17550,AT4G19230,AT4G21440,AT4G22880,AT4G24960,AT4G34000,AT4G38580,AT4G39210,AT4G01060,AT5G01840,AT5G03210,AT5G04250,AT5G06510,AT5G11110,AT5G13200,AT5G15190,AT5G15500,AT5G20885,AT5G23850,AT5G40390,AT5G40800,AT5G41400,AT5G42570,AT5G43880,AT5G47640,AT5G50240,AT5G52310,AT5G55950,AT5G57610,AT5G59220,AT5G66460,AT5G67180,AT5G15970,AT5G50720,AT5G59320,AT5G15960
1	AT4G34000	ABF3	9	104	PWM954	CisBP	M0263_1.01	24	4.8226979966800214e-17	3.930498867294217e-15	66	AT1G02400,AT1G05100,AT1G17550,AT1G17590,AT1G21790,AT1G29300,AT1G32900,AT1G47710,AT1G49450,AT1G51140,AT1G54160,AT1G56650,AT1G58340,AT1G60190,AT1G61800,AT1G61930,AT1G67850,AT1G69260,AT1G69480,AT1G70640,AT1G72830,AT1G73480,AT1G78610,AT1G80130,AT1G20450,AT2G01430,AT2G04100,AT2G04350,AT2G39800,AT2G42530,AT2G46270,AT2G46680,AT2G42540,AT3G05030,AT3G05690,AT3G09910,AT3G14440,AT3G22550,AT3G25870,AT3G29575,AT3G46450,AT3G50970,AT3G56270,AT3G63060,AT4G01985,AT4G03200,AT4G05100,AT4G11350,AT4G12000,AT4G17550,AT4G21440,AT4G27410,AT5G01850,AT5G03210,AT5G04250,AT5G15190,AT5G23850,AT5G40800,AT5G41400,AT5G42800,AT5G52310,AT5G55950,AT5G64750,AT5G15970,AT5G59310,AT5G59320	AT1G02400,AT1G05100,AT1G09350,AT1G13360,AT1G16850,AT1G19630,AT1G19970,AT1G20440,AT1G21790,AT1G27200,AT1G29300,AT1G32900,AT1G49450,AT1G50420,AT1G51140,AT1G53470,AT1G56650,AT1G58340,AT1G58360,AT1G60190,AT1G61800,AT1G62570,AT1G63840,AT1G66390,AT1G68570,AT1G69480,AT1G69870,AT1G70640,AT1G73480,AT1G78070,AT1G80130,AT1G20450,AT1G45249,AT2G01430,AT2G04100,AT2G04350,AT3G05660,AT2G18160,AT2G21620,AT2G39800,AT2G44940,AT2G45600,AT2G46270,AT2G46680,AT2G42540,AT3G05030,AT3G05690,AT3G09910,AT3G11410,AT3G14060,AT3G14440,AT3G15350,AT3G22550,AT3G25870,AT3G27250,AT3G29575,AT3G46450,AT3G56270,AT3G61890,AT3G63010,AT3G63060,AT3G05650,AT3G16360,AT4G03200,AT4G05100,AT4G09820,AT4G11350,AT4G16750,AT4G17550,AT4G19230,AT4G21440,AT4G22880,AT4G24960,AT4G34000,AT4G38580,AT4G39210,AT4G01060,AT5G01840,AT5G03210,AT5G04250,AT5G06510,AT5G11110,AT5G13200,AT5G15190,AT5G15500,AT5G20885,AT5G23850,AT5G40390,AT5G40800,AT5G41400,AT5G42570,AT5G43880,AT5G47640,AT5G50240,AT5G52310,AT5G55950,AT5G57610,AT5G59220,AT5G66460,AT5G67180,AT5G15970,AT5G50720,AT5G59320,AT5G15960
1	AT2G43010	AtPIF4	5	32	PWM2161	JASPAR	MA0561.1	17	2.561896373481426e-18	2.7020471750895275e-16	68	AT1G02400,AT1G05100,AT1G09350,AT1G19970,AT1G29300,AT1G32900,AT1G50420,AT1G51140,AT1G58340,AT1G60190,AT1G62570,AT1G64890,AT1G67850,AT1G69260,AT1G69480,AT1G69870,AT1G70640,AT1G72770,AT1G72830,AT1G73480,AT1G78070,AT1G80130,AT1G20450,AT2G01430,AT2G04100,AT2G04350,AT2G22240,AT2G39800,AT2G42530,AT2G44940,AT2G46270,AT2G46680,AT2G42540,AT3G05030,AT3G11410,AT3G14440,AT3G25870,AT3G27250,AT3G28007,AT3G29575,AT3G50970,AT3G56270,AT3G63060,AT4G01985,AT4G03200,AT4G08570,AT4G11350,AT4G12000,AT4G24960,AT4G33905,AT4G34000,AT5G03210,AT5G05220,AT5G15190,AT5G15500,AT5G40390,AT5G40800,AT5G42800,AT5G47640,AT5G50240,AT5G54165,AT5G55950,AT5G57610,AT5G66460,AT5G15970,AT5G59310,AT5G59320,AT5G15960	AT1G02400,AT1G13360,AT1G16850,AT1G27200,AT1G33230,AT1G49450,AT1G56650,AT1G60190,AT1G69260,AT1G78070,AT1G20450,AT2G45600,AT3G11410,AT3G14060,AT3G14440,AT3G22550,AT3G29575,AT3G46450,AT3G61890,AT3G63010,AT3G05650,AT4G05100,AT4G34000,AT4G38580,AT4G39210,AT5G23850,AT5G40390,AT5G47640,AT5G57610,AT5G59220,AT5G67180,AT5G15970
1	AT2G43010	AtPIF4	5	32	PWM818	CisBP	M2224_1.01	23	4.8226979966800214e-17	3.930498867294217e-15	66	AT1G02400,AT1G05100,AT1G09350,AT1G19970,AT1G29300,AT1G32900,AT1G50420,AT1G51140,AT1G58340,AT1G60190,AT1G62570,AT1G64890,AT1G67850,AT1G69260,AT1G69480,AT1G69870,AT1G70640,AT1G72770,AT1G72830,AT1G73480,AT1G78070,AT1G80130,AT1G20450,AT2G04100,AT2G04350,AT2G22240,AT2G39800,AT2G42530,AT2G44940,AT2G46270,AT2G42540,AT3G05030,AT3G11410,AT3G14440,AT3G25870,AT3G27250,AT3G28007,AT3G29575,AT3G50970,AT3G55580,AT3G56270,AT3G63060,AT4G01985,AT4G03200,AT4G11350,AT4G12000,AT4G24960,AT4G33905,AT4G34000,AT5G03210,AT5G05220,AT5G15190,AT5G15500,AT5G40390,AT5G40800,AT5G42800,AT5G47640,AT5G50240,AT5G54165,AT5G55950,AT5G57610,AT5G66460,AT5G15970,AT5G59310,AT5G59320,AT5G15960	AT1G02400,AT1G13360,AT1G16850,AT1G27200,AT1G33230,AT1G49450,AT1G56650,AT1G60190,AT1G69260,AT1G78070,AT1G20450,AT2G45600,AT3G11410,AT3G14060,AT3G14440,AT3G22550,AT3G29575,AT3G46450,AT3G61890,AT3G63010,AT3G05650,AT4G05100,AT4G34000,AT4G38580,AT4G39210,AT5G23850,AT5G40390,AT5G47640,AT5G57610,AT5G59220,AT5G67180,AT5G15970
1	AT4G25490	ATCBF1	0	na	PWM2777	DAP-seq	CBF1_col	18	2.561896373481426e-18	2.7020471750895275e-16	68	AT1G01470,AT1G05100,AT1G09350,AT1G16850,AT1G20440,AT1G21790,AT1G27200,AT1G27910,AT1G33230,AT1G43890,AT1G47510,AT1G47710,AT1G48000,AT1G50420,AT1G51090,AT1G58340,AT1G60190,AT1G62570,AT1G64890,AT1G68570,AT1G69790,AT1G69870,AT1G70640,AT1G72830,AT1G73480,AT1G75370,AT1G76580,AT1G78070,AT1G80130,AT1G20450,AT3G05660,AT2G18160,AT2G23120,AT2G41190,AT2G42530,AT2G44940,AT2G42540,AT3G14060,AT3G14440,AT3G23840,AT3G25870,AT3G29590,AT3G50970,AT3G61890,AT3G05650,AT4G01985,AT4G12000,AT4G17550,AT4G21940,AT4G24960,AT4G26080,AT5G01840,AT5G06510,AT5G11110,AT5G13200,AT5G15190,AT5G20885,AT5G23850,AT5G41400,AT5G42570,AT5G43880,AT5G52310,AT5G57050,AT5G15970,AT5G43150,AT5G50720,AT5G59310,AT5G15960	na
1	AT4G25490	ATCBF1	0	na	PWM1541	CisBP	M0031_1.01	64	7.792989011120047e-12	2.409108499472111e-10	57	AT1G01470,AT1G05100,AT1G09350,AT1G16850,AT1G20440,AT1G21790,AT1G27200,AT1G27910,AT1G33230,AT1G47710,AT1G48000,AT1G51090,AT1G58340,AT1G62570,AT1G64890,AT1G69790,AT1G69870,AT1G70640,AT1G73480,AT1G75370,AT1G76580,AT1G78070,AT1G80130,AT1G20450,AT3G05660,AT2G18160,AT2G41190,AT2G42530,AT2G44940,AT2G46270,AT2G42540,AT3G14440,AT3G23840,AT3G25870,AT3G29590,AT3G50970,AT3G61890,AT4G01985,AT4G05100,AT4G12000,AT4G18280,AT4G21940,AT4G24960,AT4G33905,AT4G38580,AT5G01840,AT5G06510,AT5G11110,AT5G13200,AT5G20885,AT5G40800,AT5G41400,AT5G42570,AT5G43880,AT5G52310,AT5G54060,AT5G50720	na
1	AT4G25490	ATCBF1	0	na	PWM36	AthaMAP	T02636	189	0.000002602988309234825	0.000026219988980101353	45	AT1G09350,AT1G17590,AT1G20440,AT1G21790,AT1G29300,AT1G32900,AT1G49450,AT1G56650,AT1G58360,AT1G62570,AT1G64890,AT1G68570,AT1G69870,AT1G73480,AT1G78070,AT1G20450,AT1G45249,AT2G01430,AT2G18160,AT2G44940,AT3G14440,AT3G23840,AT3G25870,AT3G50970,AT3G63010,AT4G03200,AT4G12000,AT4G21940,AT4G24960,AT4G35290,AT4G39210,AT5G04250,AT5G06510,AT5G11110,AT5G20885,AT5G28910,AT5G40390,AT5G43880,AT5G52310,AT5G66460,AT5G15970,AT5G43150,AT5G59310,AT5G59320,AT5G15960	na
1	AT4G25490	ATCBF1	0	na	PWM413	AGRIS		237	0.00007365880269329446	0.0005767259092972793	41	AT1G09350,AT1G16850,AT1G19630,AT1G20440,AT1G27200,AT1G27910,AT1G33230,AT1G43890,AT1G47710,AT1G48000,AT1G58340,AT1G60190,AT1G62570,AT1G69480,AT1G69790,AT1G70640,AT1G73480,AT1G75370,AT1G76580,AT1G20450,AT2G04100,AT2G42530,AT2G42540,AT3G25870,AT3G27250,AT3G29590,AT3G50970,AT3G61890,AT4G05100,AT4G08570,AT4G16750,AT4G27410,AT4G33905,AT4G16447,AT5G03210,AT5G13210,AT5G23850,AT5G40390,AT5G43880,AT5G57050,AT5G59220	na
1	AT4G25490	ATCBF1	0	na	PWM115	AthaMAP	T02636	335	0.0024317837976165135	0.013540957605982635	36	AT1G09350,AT1G16850,AT1G19630,AT1G33230,AT1G43890,AT1G47710,AT1G48000,AT1G51140,AT1G58340,AT1G62570,AT1G67850,AT1G69790,AT1G69870,AT1G70640,AT1G76580,AT2G42530,AT2G44670,AT2G45600,AT2G42540,AT3G05030,AT3G11410,AT3G14440,AT3G25870,AT3G29575,AT3G50970,AT3G61890,AT4G05100,AT4G08570,AT4G16750,AT4G18280,AT4G27410,AT5G03210,AT5G15190,AT5G43880,AT5G57610,AT5G50720	na
1	AT1G19350	BES1	4	6	PWM1485	CisBP	M2212_1.01	19	1.1250140944869836e-17	1.0616580375869273e-15	67	AT1G05100,AT1G19970,AT1G21790,AT1G29300,AT1G49450,AT1G51140,AT1G56650,AT1G58340,AT1G60190,AT1G62570,AT1G67850,AT1G69260,AT1G69480,AT1G69870,AT1G70640,AT1G72770,AT1G72830,AT1G73480,AT1G20450,AT2G01430,AT2G04100,AT2G04350,AT3G05660,AT2G22240,AT2G39800,AT2G42530,AT2G44940,AT2G46270,AT2G46680,AT2G42540,AT3G09910,AT3G14440,AT3G25870,AT3G28007,AT3G29575,AT3G46450,AT3G50970,AT3G56270,AT3G63060,AT4G01985,AT4G03200,AT4G05100,AT4G11350,AT4G12000,AT4G17550,AT4G19230,AT4G21440,AT4G24960,AT4G27410,AT4G34000,AT5G01850,AT5G03210,AT5G05220,AT5G15190,AT5G23850,AT5G40390,AT5G40800,AT5G42800,AT5G47640,AT5G55950,AT5G57610,AT5G66460,AT5G15970,AT5G43150,AT5G59310,AT5G59320,AT5G15960	AT1G02400,AT1G48000,AT1G80130,AT2G45600,AT3G05650,AT5G03210
1	AT1G19350	BES1	4	6	PWM2149	JASPAR	MA0549.1	20	1.1250140944869836e-17	1.0616580375869273e-15	67	AT1G05100,AT1G19970,AT1G21790,AT1G29300,AT1G49450,AT1G51140,AT1G56650,AT1G58340,AT1G60190,AT1G62570,AT1G67850,AT1G69260,AT1G69480,AT1G69870,AT1G70640,AT1G72770,AT1G72830,AT1G73480,AT1G20450,AT2G01430,AT2G04100,AT2G04350,AT3G05660,AT2G22240,AT2G39800,AT2G42530,AT2G44940,AT2G46270,AT2G46680,AT2G42540,AT3G09910,AT3G14440,AT3G25870,AT3G28007,AT3G29575,AT3G46450,AT3G50970,AT3G56270,AT3G63060,AT4G01985,AT4G03200,AT4G05100,AT4G11350,AT4G12000,AT4G17550,AT4G19230,AT4G21440,AT4G24960,AT4G27410,AT4G34000,AT5G01850,AT5G03210,AT5G05220,AT5G15190,AT5G23850,AT5G40390,AT5G40800,AT5G42800,AT5G47640,AT5G55950,AT5G57610,AT5G66460,AT5G15970,AT5G43150,AT5G59310,AT5G59320,AT5G15960	AT1G02400,AT1G48000,AT1G80130,AT2G45600,AT3G05650,AT5G03210
1	AT3G23210	bHLH34	2	0	PWM2887	DAP-seq	BHLH34_col	21	1.1250140944869836e-17	1.0616580375869273e-15	67	AT1G01470,AT1G05100,AT1G09350,AT1G13360,AT1G17550,AT1G19970,AT1G21790,AT1G27910,AT1G49450,AT1G50420,AT1G51140,AT1G58340,AT1G60190,AT1G62570,AT1G64890,AT1G67850,AT1G69260,AT1G69480,AT1G69870,AT1G70640,AT1G72770,AT1G72830,AT1G73480,AT1G20450,AT2G01430,AT2G04100,AT2G04350,AT2G18160,AT2G22240,AT2G44940,AT2G46270,AT2G46680,AT3G14440,AT3G25870,AT3G29575,AT3G46450,AT3G50970,AT3G56270,AT3G61890,AT3G63060,AT4G01985,AT4G03200,AT4G05100,AT4G12000,AT4G17550,AT4G21440,AT4G22880,AT4G27410,AT4G33905,AT4G34000,AT5G01850,AT5G03210,AT5G04250,AT5G15190,AT5G15500,AT5G40800,AT5G42800,AT5G47640,AT5G54060,AT5G55950,AT5G57610,AT5G66460,AT5G15970,AT5G43150,AT5G59310,AT5G59320,AT5G15960	
1	AT3G23210	bHLH34	2	0	PWM1481	CisBP	M0156_1.01	133	2.0909461797670948e-8	2.8838973079403084e-7	50	AT1G05100,AT1G13360,AT1G19970,AT1G29300,AT1G51140,AT1G60190,AT1G62570,AT1G67850,AT1G69480,AT1G69870,AT1G70640,AT1G72770,AT1G72830,AT1G73480,AT1G78610,AT1G80130,AT1G20450,AT2G04100,AT2G04350,AT2G18160,AT2G39800,AT2G44940,AT2G46270,AT3G11410,AT3G14060,AT3G14440,AT3G25870,AT3G28007,AT3G29575,AT3G61890,AT3G63010,AT3G63060,AT4G05100,AT4G11350,AT4G17550,AT4G19230,AT4G21440,AT4G22880,AT4G27410,AT5G15500,AT5G23850,AT5G42800,AT5G47640,AT5G54060,AT5G55950,AT5G57610,AT5G66460,AT5G67180,AT5G15970,AT5G15960	
1	AT3G23210	bHLH34	2	0	PWM2561	JASPAR	MA0962.1	136	2.0909461797670948e-8	2.8838973079403084e-7	50	AT1G05100,AT1G13360,AT1G19970,AT1G29300,AT1G51140,AT1G60190,AT1G61930,AT1G62570,AT1G66390,AT1G67850,AT1G69480,AT1G69870,AT1G70640,AT1G72830,AT1G73480,AT1G78610,AT1G80130,AT1G20450,AT2G04100,AT2G04350,AT2G18160,AT2G39800,AT2G44940,AT2G46270,AT3G11410,AT3G14060,AT3G14440,AT3G28007,AT3G29575,AT3G61890,AT3G63010,AT3G63060,AT4G05100,AT4G11350,AT4G17550,AT4G19230,AT4G21440,AT4G22880,AT4G27410,AT5G15500,AT5G23850,AT5G42800,AT5G47640,AT5G54060,AT5G55950,AT5G57610,AT5G66460,AT5G67180,AT5G15970,AT5G15960	
1	AT4G25470	ATCBF2	15	0	PWM2779	DAP-seq	CBF2_col	22	4.8226979966800214e-17	3.930498867294217e-15	66	AT1G01470,AT1G05100,AT1G09350,AT1G16850,AT1G20440,AT1G21790,AT1G27200,AT1G27910,AT1G33230,AT1G43890,AT1G47710,AT1G48000,AT1G50420,AT1G51090,AT1G58340,AT1G62570,AT1G64890,AT1G68570,AT1G69790,AT1G69870,AT1G70640,AT1G72830,AT1G73480,AT1G75370,AT1G76580,AT1G78070,AT1G80130,AT1G20450,AT3G05660,AT2G18160,AT2G41190,AT2G42530,AT2G44670,AT2G44940,AT2G42540,AT3G14440,AT3G23840,AT3G25870,AT3G29590,AT3G50970,AT3G61890,AT3G05650,AT4G01985,AT4G12000,AT4G17550,AT4G18280,AT4G21940,AT4G24960,AT4G01060,AT5G01840,AT5G06510,AT5G11110,AT5G13200,AT5G20885,AT5G40390,AT5G40800,AT5G41400,AT5G42570,AT5G43880,AT5G50240,AT5G52310,AT5G15970,AT5G50720,AT5G59310,AT5G59320,AT5G15960	
1	AT4G25470	ATCBF2	15	0	PWM1228	CisBP	M0030_1.01	62	7.792989011120047e-12	2.409108499472111e-10	57	AT1G09350,AT1G20440,AT1G21790,AT1G27200,AT1G27910,AT1G47710,AT1G48000,AT1G50420,AT1G51090,AT1G58340,AT1G60190,AT1G61930,AT1G62570,AT1G64890,AT1G68570,AT1G69790,AT1G70640,AT1G72830,AT1G73480,AT1G75370,AT1G76580,AT1G78070,AT1G80130,AT1G20450,AT2G01430,AT3G05660,AT2G18160,AT2G21620,AT2G44940,AT2G42540,AT3G05690,AT3G14440,AT3G25870,AT3G29575,AT3G50970,AT3G55580,AT3G61890,AT3G05650,AT4G12000,AT4G18280,AT4G21940,AT4G24960,AT4G33905,AT4G38580,AT4G39210,AT5G01840,AT5G06510,AT5G11110,AT5G13200,AT5G20885,AT5G41400,AT5G42570,AT5G43880,AT5G52310,AT5G15970,AT5G50720,AT5G15960	
1	AT4G25470	ATCBF2	15	0	PWM2584	JASPAR	MA0985.1	68	7.792989011120047e-12	2.409108499472111e-10	57	AT1G09350,AT1G20440,AT1G21790,AT1G27200,AT1G27910,AT1G47710,AT1G48000,AT1G50420,AT1G51090,AT1G58340,AT1G60190,AT1G61930,AT1G62570,AT1G64890,AT1G68570,AT1G69790,AT1G70640,AT1G72830,AT1G73480,AT1G75370,AT1G76580,AT1G78070,AT1G80130,AT1G20450,AT3G05660,AT2G18160,AT2G21590,AT2G21620,AT2G44940,AT2G42540,AT3G05690,AT3G14440,AT3G25870,AT3G29575,AT3G50970,AT3G55580,AT3G61890,AT3G05650,AT4G12000,AT4G18280,AT4G21940,AT4G24960,AT4G33905,AT4G38580,AT4G39210,AT5G01840,AT5G06510,AT5G11110,AT5G13200,AT5G20885,AT5G41400,AT5G42570,AT5G43880,AT5G52310,AT5G15970,AT5G50720,AT5G15960	
1	AT4G25470	ATCBF2	15	0	PWM35	AthaMAP	T04824	176	0.0000010493366475964492	0.000011613954377410082	46	AT1G09350,AT1G17590,AT1G20440,AT1G21790,AT1G29300,AT1G32900,AT1G49450,AT1G56650,AT1G58360,AT1G62570,AT1G64890,AT1G66390,AT1G68570,AT1G69870,AT1G73480,AT1G78070,AT1G20450,AT1G45249,AT2G01430,AT2G18160,AT2G44940,AT3G14440,AT3G23840,AT3G25870,AT3G50970,AT3G63010,AT4G03200,AT4G12000,AT4G21940,AT4G24960,AT4G35290,AT4G39210,AT5G04250,AT5G06510,AT5G11110,AT5G20885,AT5G28910,AT5G40390,AT5G43880,AT5G52310,AT5G66460,AT5G15970,AT5G43150,AT5G59310,AT5G59320,AT5G15960	
1	AT4G25470	ATCBF2	15	0	PWM723	AGRIS		192	0.000002602988309234825	0.000026219988980101353	45	AT1G01250,AT1G09350,AT1G16850,AT1G20440,AT1G21790,AT1G27910,AT1G47710,AT1G48000,AT1G49450,AT1G50420,AT1G62570,AT1G64890,AT1G68570,AT1G69790,AT1G69870,AT1G73480,AT1G75370,AT1G78070,AT1G80130,AT1G20450,AT2G18160,AT2G42530,AT2G42540,AT3G14440,AT3G25870,AT3G27250,AT3G55580,AT4G12000,AT4G21440,AT4G24960,AT4G38580,AT4G39210,AT5G06510,AT5G11110,AT5G13200,AT5G40390,AT5G40800,AT5G42570,AT5G43880,AT5G52310,AT5G15970,AT5G50720,AT5G59310,AT5G59320,AT5G15960	
1	AT4G25470	ATCBF2	15	0	PWM543	AGRIS		260	0.0003274298997334974	0.0023389713554667763	39	AT1G09350,AT1G29300,AT1G50420,AT1G51140,AT1G58340,AT1G60190,AT1G62570,AT1G64890,AT1G69870,AT1G70640,AT1G72770,AT1G72830,AT1G78070,AT1G80130,AT1G60470,AT2G04350,AT2G42540,AT3G05030,AT3G14060,AT3G14440,AT3G27250,AT3G28007,AT3G29575,AT3G55580,AT3G63060,AT4G01985,AT4G08570,AT4G12000,AT4G34000,AT5G15190,AT5G15500,AT5G42800,AT5G50240,AT5G54165,AT5G55950,AT5G57610,AT5G64750,AT5G15970,AT5G15960	
1	AT4G25470	ATCBF2	15	0	PWM114	AthaMAP	T04824	334	0.0024317837976165135	0.013540957605982635	36	AT1G09350,AT1G16850,AT1G19630,AT1G33230,AT1G43890,AT1G47710,AT1G48000,AT1G51140,AT1G58340,AT1G62570,AT1G67850,AT1G69790,AT1G69870,AT1G70640,AT1G76580,AT2G42530,AT2G44670,AT2G45600,AT2G42540,AT3G05030,AT3G11410,AT3G14440,AT3G25870,AT3G29575,AT3G50970,AT3G61890,AT4G05100,AT4G08570,AT4G16750,AT4G18280,AT4G27410,AT5G03210,AT5G15190,AT5G43880,AT5G57610,AT5G50720	
1	AT1G32150	AtbZIP68	0	0	PWM1236	CisBP	M0251_1.01	26	8.240334940589915e-16	5.6826617494145064e-14	64	AT1G01250,AT1G01470,AT1G05100,AT1G09350,AT1G20440,AT1G29300,AT1G32900,AT1G47710,AT1G51140,AT1G60190,AT1G64890,AT1G67850,AT1G69260,AT1G69870,AT1G70640,AT1G71710,AT1G72770,AT1G73480,AT1G20450,AT2G01430,AT2G04350,AT2G22240,AT2G44940,AT2G46270,AT2G46680,AT3G05030,AT3G11410,AT3G14440,AT3G25870,AT3G29575,AT3G50970,AT3G55580,AT3G56270,AT3G61890,AT3G62070,AT3G63060,AT4G05100,AT4G08570,AT4G09820,AT4G11350,AT4G17550,AT4G22880,AT4G24960,AT4G26080,AT4G27410,AT4G33905,AT4G34000,AT4G39210,AT5G03210,AT5G05220,AT5G11110,AT5G15190,AT5G15500,AT5G19470,AT5G40390,AT5G42800,AT5G50240,AT5G57610,AT5G15970,AT5G43150,AT5G50720,AT5G59310,AT5G59320,AT5G15960	
1	AT1G32150	AtbZIP68	0	0	PWM2567	JASPAR	MA0968.1	31	3.2836080715351916e-15	1.899196539439548e-13	63	AT1G01250,AT1G01470,AT1G05100,AT1G09350,AT1G20440,AT1G29300,AT1G47710,AT1G51140,AT1G60190,AT1G64890,AT1G67850,AT1G69260,AT1G69870,AT1G70640,AT1G71710,AT1G72770,AT1G73480,AT1G20450,AT2G01430,AT2G04350,AT2G22240,AT2G44940,AT2G46270,AT2G46680,AT3G11410,AT3G14440,AT3G25870,AT3G29575,AT3G50970,AT3G55580,AT3G56270,AT3G61890,AT3G62070,AT3G63060,AT4G05100,AT4G08570,AT4G09820,AT4G11350,AT4G17550,AT4G22880,AT4G24960,AT4G26080,AT4G27410,AT4G33905,AT4G34000,AT4G39210,AT5G03210,AT5G05220,AT5G11110,AT5G15190,AT5G15500,AT5G19470,AT5G40390,AT5G40800,AT5G42800,AT5G50240,AT5G57610,AT5G15970,AT5G43150,AT5G50720,AT5G59310,AT5G59320,AT5G15960	
1	AT1G32150	AtbZIP68	0	0	PWM2927	DAP-seq	BZIP68_col	51	6.461383714094671e-13	2.464949148802499e-11	59	AT1G05100,AT1G09350,AT1G19970,AT1G20440,AT1G21790,AT1G29300,AT1G32900,AT1G51140,AT1G58340,AT1G60190,AT1G67850,AT1G69870,AT1G70640,AT1G72770,AT1G72830,AT1G78070,AT1G20450,AT2G01430,AT2G04100,AT2G04350,AT2G22240,AT2G39800,AT2G41190,AT2G46270,AT2G46680,AT2G42540,AT3G14440,AT3G27250,AT3G29575,AT3G50970,AT3G56270,AT3G61890,AT3G63060,AT4G01985,AT4G09820,AT4G11350,AT4G17550,AT4G22880,AT4G24960,AT4G33905,AT4G34000,AT4G36240,AT5G01850,AT5G03210,AT5G15190,AT5G15500,AT5G40390,AT5G41400,AT5G42570,AT5G47640,AT5G50240,AT5G54165,AT5G55950,AT5G57050,AT5G57610,AT5G66460,AT5G15970,AT5G50720,AT5G15960	
1	AT2G35530	AtbZIP16	0	0	PWM1237	CisBP	M0251_1.01	27	8.240334940589915e-16	5.6826617494145064e-14	64	AT1G01250,AT1G01470,AT1G05100,AT1G09350,AT1G20440,AT1G29300,AT1G32900,AT1G47710,AT1G51140,AT1G60190,AT1G64890,AT1G67850,AT1G69260,AT1G69870,AT1G70640,AT1G71710,AT1G72770,AT1G73480,AT1G20450,AT2G01430,AT2G04350,AT2G22240,AT2G44940,AT2G46270,AT2G46680,AT3G05030,AT3G11410,AT3G14440,AT3G25870,AT3G29575,AT3G50970,AT3G55580,AT3G56270,AT3G61890,AT3G62070,AT3G63060,AT4G05100,AT4G08570,AT4G09820,AT4G11350,AT4G17550,AT4G22880,AT4G24960,AT4G26080,AT4G27410,AT4G33905,AT4G34000,AT4G39210,AT5G03210,AT5G05220,AT5G11110,AT5G15190,AT5G15500,AT5G19470,AT5G40390,AT5G42800,AT5G50240,AT5G57610,AT5G15970,AT5G43150,AT5G50720,AT5G59310,AT5G59320,AT5G15960	
1	AT2G35530	AtbZIP16	0	0	PWM2908	DAP-seq	BZIP16_col	45	1.7910993219701044e-13	7.298729737028176e-12	60	AT1G05100,AT1G09350,AT1G19970,AT1G21790,AT1G29300,AT1G32900,AT1G51140,AT1G58340,AT1G60190,AT1G67850,AT1G68570,AT1G69260,AT1G69870,AT1G70640,AT1G72770,AT1G72830,AT1G78070,AT1G20450,AT2G01430,AT2G04350,AT2G22240,AT2G39800,AT2G41190,AT2G46270,AT2G46680,AT2G42540,AT3G09910,AT3G14440,AT3G25870,AT3G27250,AT3G29575,AT3G50970,AT3G56270,AT3G63010,AT3G63060,AT4G01985,AT4G09820,AT4G11350,AT4G17550,AT4G22880,AT4G24960,AT4G27410,AT4G34000,AT4G36240,AT5G01850,AT5G03210,AT5G05220,AT5G15190,AT5G15500,AT5G40390,AT5G40800,AT5G41400,AT5G42570,AT5G47640,AT5G50240,AT5G54165,AT5G55950,AT5G57610,AT5G66460,AT5G15970	
1	AT4G25480	ATCBF3	24	0	PWM2781	DAP-seq	CBF3_col	28	8.240334940589915e-16	5.6826617494145064e-14	64	AT1G01470,AT1G05100,AT1G09350,AT1G16850,AT1G20440,AT1G21790,AT1G27200,AT1G27910,AT1G33230,AT1G43890,AT1G47510,AT1G47710,AT1G48000,AT1G50420,AT1G51090,AT1G56650,AT1G58340,AT1G62570,AT1G64890,AT1G68570,AT1G69790,AT1G69870,AT1G70640,AT1G72830,AT1G73480,AT1G75370,AT1G76580,AT1G78070,AT1G80130,AT1G20450,AT3G05660,AT2G18160,AT2G23120,AT2G41190,AT2G42540,AT3G14440,AT3G23840,AT3G25870,AT3G29590,AT3G50970,AT3G61890,AT3G05650,AT4G01985,AT4G12000,AT4G17550,AT4G18280,AT4G21940,AT4G24960,AT4G26080,AT4G38580,AT5G01840,AT5G06510,AT5G11110,AT5G13200,AT5G15190,AT5G40390,AT5G40800,AT5G41400,AT5G42570,AT5G43880,AT5G52310,AT5G57050,AT5G50720,AT5G59310	
1	AT4G25480	ATCBF3	24	0	PWM2570	JASPAR	MA0971.1	32	3.2836080715351916e-15	1.899196539439548e-13	63	AT1G05100,AT1G09350,AT1G16850,AT1G20440,AT1G21790,AT1G27200,AT1G27910,AT1G43890,AT1G47710,AT1G48000,AT1G50420,AT1G51090,AT1G58340,AT1G60190,AT1G62570,AT1G64890,AT1G69790,AT1G69870,AT1G70640,AT1G72830,AT1G73480,AT1G75370,AT1G76580,AT1G78070,AT1G80130,AT1G20450,AT2G18160,AT2G21620,AT2G41190,AT2G42530,AT2G44670,AT2G44940,AT2G45600,AT2G42540,AT3G14440,AT3G23840,AT3G25870,AT3G29590,AT3G50970,AT3G61890,AT3G63010,AT4G01985,AT4G12000,AT4G17550,AT4G18280,AT4G21940,AT4G24960,AT4G27410,AT4G33905,AT4G38580,AT5G06510,AT5G11110,AT5G13200,AT5G20885,AT5G40390,AT5G41400,AT5G42570,AT5G43880,AT5G52310,AT5G15970,AT5G43150,AT5G50720,AT5G15960	
1	AT4G25480	ATCBF3	24	0	PWM1540	CisBP	M0031_1.01	37	1.2766175839003536e-14	6.732280376274512e-13	62	AT1G05100,AT1G09350,AT1G16850,AT1G20440,AT1G21790,AT1G27200,AT1G27910,AT1G43890,AT1G47710,AT1G48000,AT1G50420,AT1G51090,AT1G58340,AT1G60190,AT1G62570,AT1G64890,AT1G69790,AT1G69870,AT1G70640,AT1G72830,AT1G73480,AT1G75370,AT1G76580,AT1G78070,AT1G80130,AT1G20450,AT2G18160,AT2G21620,AT2G41190,AT2G42530,AT2G44670,AT2G44940,AT2G45600,AT2G42540,AT3G14440,AT3G23840,AT3G25870,AT3G29590,AT3G50970,AT3G61890,AT3G63010,AT4G01985,AT4G12000,AT4G17550,AT4G18280,AT4G21940,AT4G24960,AT4G27410,AT4G33905,AT4G38580,AT5G06510,AT5G11110,AT5G13200,AT5G20885,AT5G40390,AT5G42570,AT5G43880,AT5G52310,AT5G15970,AT5G43150,AT5G50720,AT5G15960	
1	AT4G25480	ATCBF3	24	0	PWM899	CisBP	M0032_1.01	43	4.841800865668245e-14	2.1703372380357907e-12	61	AT1G05100,AT1G09350,AT1G16850,AT1G20440,AT1G21790,AT1G27200,AT1G27910,AT1G43890,AT1G47710,AT1G48000,AT1G50420,AT1G51090,AT1G58340,AT1G62570,AT1G64890,AT1G69790,AT1G69870,AT1G70640,AT1G72830,AT1G73480,AT1G75370,AT1G76580,AT1G78070,AT1G80130,AT1G20450,AT2G18160,AT2G21620,AT2G41190,AT2G42530,AT2G44670,AT2G44940,AT2G45600,AT2G42540,AT3G14440,AT3G23840,AT3G25870,AT3G29590,AT3G50970,AT3G61890,AT3G63010,AT4G01985,AT4G12000,AT4G17550,AT4G18280,AT4G21940,AT4G24960,AT4G27410,AT4G33905,AT4G38580,AT5G06510,AT5G11110,AT5G13200,AT5G20885,AT5G40390,AT5G42570,AT5G43880,AT5G52310,AT5G15970,AT5G43150,AT5G50720,AT5G15960	
1	AT4G25480	ATCBF3	24	0	PWM33	AthaMAP	T02643	175	0.0000010493366475964492	0.000011613954377410082	46	AT1G09350,AT1G17590,AT1G20440,AT1G21790,AT1G29300,AT1G32900,AT1G49450,AT1G56650,AT1G58360,AT1G62570,AT1G64890,AT1G66390,AT1G68570,AT1G69870,AT1G73480,AT1G78070,AT1G20450,AT1G45249,AT2G01430,AT2G18160,AT2G44940,AT3G14440,AT3G23840,AT3G25870,AT3G50970,AT3G63010,AT4G03200,AT4G12000,AT4G21940,AT4G24960,AT4G35290,AT4G39210,AT5G04250,AT5G06510,AT5G11110,AT5G20885,AT5G28910,AT5G40390,AT5G43880,AT5G52310,AT5G66460,AT5G15970,AT5G43150,AT5G59310,AT5G59320,AT5G15960	
1	AT4G25480	ATCBF3	24	0	PWM160	AthaMAP	T02643	220	0.0000333850200858232	0.00027971654679383645	42	AT1G21790,AT1G33230,AT1G47710,AT1G48000,AT1G58340,AT1G64890,AT1G67850,AT1G69480,AT1G69790,AT1G69870,AT1G71710,AT1G72770,AT1G76580,AT1G78070,AT1G80130,AT1G20450,AT2G21590,AT2G46270,AT2G46680,AT3G05030,AT3G11410,AT3G14440,AT3G23840,AT3G29575,AT3G55580,AT4G12000,AT4G19230,AT4G27410,AT4G33905,AT4G16447,AT5G11930,AT5G15190,AT5G40390,AT5G40800,AT5G42570,AT5G42800,AT5G43880,AT5G47740,AT5G52310,AT5G57610,AT5G43150,AT5G50720	
1	AT4G25480	ATCBF3	24	0	PWM455	AthaMAP	T02643	259	0.0003274298997334974	0.0023389713554667763	39	AT1G05100,AT1G21790,AT1G27910,AT1G33230,AT1G47510,AT1G47710,AT1G48000,AT1G51090,AT1G58360,AT1G62570,AT1G69790,AT1G70640,AT1G71710,AT1G72830,AT1G75370,AT1G76580,AT1G20450,AT1G45249,AT2G18160,AT2G44940,AT2G46680,AT2G42540,AT3G05030,AT3G09910,AT3G22550,AT3G50970,AT3G61890,AT4G12000,AT4G21940,AT4G24960,AT4G33905,AT4G36240,AT5G13200,AT5G20885,AT5G40390,AT5G42570,AT5G42800,AT5G43880,AT5G52310	
1	AT4G25480	ATCBF3	24	0	PWM117	AthaMAP	T02643	290	0.001286303622666079	0.00800813331750097	37	AT1G01250,AT1G05100,AT1G17590,AT1G20440,AT1G21790,AT1G27910,AT1G47710,AT1G48000,AT1G51140,AT1G60190,AT1G69790,AT1G69870,AT1G72830,AT1G76580,AT1G78070,AT1G20450,AT1G45249,AT2G46270,AT2G46680,AT3G09910,AT3G14440,AT3G23840,AT3G29575,AT4G12000,AT4G19230,AT4G27410,AT4G38580,AT5G03210,AT5G11930,AT5G15190,AT5G40390,AT5G40800,AT5G42570,AT5G43880,AT5G52310,AT5G59310,AT5G59320	
1	AT4G25480	ATCBF3	24	0	PWM113	AthaMAP	T02643	333	0.0024317837976165135	0.013540957605982635	36	AT1G09350,AT1G16850,AT1G19630,AT1G33230,AT1G43890,AT1G47710,AT1G48000,AT1G51140,AT1G58340,AT1G62570,AT1G67850,AT1G69790,AT1G69870,AT1G70640,AT1G76580,AT2G42530,AT2G44670,AT2G45600,AT2G42540,AT3G05030,AT3G11410,AT3G14440,AT3G25870,AT3G29575,AT3G50970,AT3G61890,AT4G05100,AT4G08570,AT4G16750,AT4G18280,AT4G27410,AT5G03210,AT5G15190,AT5G43880,AT5G57610,AT5G50720	
1	AT4G25480	ATCBF3	24	0	PWM165	AthaMAP	T02643	340	0.0024317837976165135	0.013540957605982635	36	AT1G27910,AT1G47510,AT1G48000,AT1G58360,AT1G67850,AT1G69790,AT1G72830,AT1G76580,AT2G21620,AT2G42540,AT3G14060,AT3G14440,AT3G15350,AT3G22550,AT3G25870,AT3G28007,AT3G29590,AT3G56270,AT3G61890,AT4G03200,AT4G05100,AT4G08570,AT4G24960,AT4G26080,AT4G16447,AT5G04250,AT5G13210,AT5G20885,AT5G23850,AT5G28910,AT5G41400,AT5G47640,AT5G52310,AT5G55950,AT5G64750,AT5G43150	
1	AT4G25480	ATCBF3	24	0	PWM706	AthaMAP	T02643	433	0.007892603472017722	0.03546726322137287	34	AT1G09350,AT1G21790,AT1G47710,AT1G48000,AT1G62570,AT1G64890,AT1G69790,AT1G69870,AT1G71710,AT1G72830,AT1G73480,AT1G78070,AT1G80130,AT2G44940,AT3G05690,AT3G14020,AT3G14440,AT3G23840,AT3G25870,AT3G29575,AT3G61890,AT4G03200,AT4G05100,AT4G12000,AT5G06510,AT5G11110,AT5G11930,AT5G40390,AT5G40800,AT5G42570,AT5G43880,AT5G52310,AT5G15970,AT5G15960	
1	AT5G51990	CBF4	3	0	PWM2783	DAP-seq	CBF4_col	29	8.240334940589915e-16	5.6826617494145064e-14	64	AT1G01470,AT1G05100,AT1G09350,AT1G16850,AT1G20440,AT1G21790,AT1G27200,AT1G27910,AT1G33230,AT1G43890,AT1G47710,AT1G48000,AT1G50420,AT1G51090,AT1G58340,AT1G62570,AT1G64890,AT1G68570,AT1G69790,AT1G69870,AT1G70640,AT1G72830,AT1G73480,AT1G75370,AT1G76580,AT1G78070,AT1G80130,AT1G20450,AT3G05660,AT2G18160,AT2G41190,AT2G42530,AT2G46270,AT2G42540,AT3G14060,AT3G14440,AT3G23840,AT3G25870,AT3G50970,AT3G61890,AT3G05650,AT4G01985,AT4G12000,AT4G18280,AT4G21940,AT4G24960,AT4G26080,AT4G38580,AT5G01840,AT5G06510,AT5G11110,AT5G13200,AT5G15190,AT5G20885,AT5G23850,AT5G40390,AT5G41400,AT5G42570,AT5G43880,AT5G52310,AT5G15970,AT5G50720,AT5G59310,AT5G15960	
1	AT5G51990	CBF4	3	0	PWM1542	CisBP	M0031_1.01	65	7.792989011120047e-12	2.409108499472111e-10	57	AT1G01470,AT1G05100,AT1G09350,AT1G16850,AT1G20440,AT1G21790,AT1G27200,AT1G27910,AT1G33230,AT1G47710,AT1G48000,AT1G51090,AT1G58340,AT1G62570,AT1G64890,AT1G69790,AT1G69870,AT1G70640,AT1G73480,AT1G75370,AT1G76580,AT1G78070,AT1G80130,AT1G20450,AT3G05660,AT2G18160,AT2G41190,AT2G42530,AT2G44940,AT2G46270,AT2G42540,AT3G14440,AT3G23840,AT3G25870,AT3G29590,AT3G50970,AT3G61890,AT4G01985,AT4G05100,AT4G12000,AT4G18280,AT4G21940,AT4G24960,AT4G33905,AT4G38580,AT5G01840,AT5G06510,AT5G11110,AT5G13200,AT5G20885,AT5G40800,AT5G41400,AT5G42570,AT5G43880,AT5G52310,AT5G54060,AT5G50720	
1	AT4G14410	bHLH104	0	0	PWM2877	DAP-seq	BHLH104_col	30	8.240334940589915e-16	5.6826617494145064e-14	64	AT1G05100,AT1G09350,AT1G16850,AT1G17550,AT1G19970,AT1G21790,AT1G27910,AT1G32900,AT1G49450,AT1G50420,AT1G51140,AT1G60190,AT1G62570,AT1G67850,AT1G69260,AT1G69480,AT1G70640,AT1G72770,AT1G72830,AT1G73480,AT1G78610,AT1G80130,AT1G20450,AT1G45249,AT2G01430,AT2G04350,AT2G18160,AT2G44940,AT3G05690,AT3G11410,AT3G14440,AT3G25870,AT3G27250,AT3G29575,AT3G46450,AT3G56270,AT3G61890,AT3G63010,AT3G63060,AT3G16360,AT4G01985,AT4G03200,AT4G12000,AT4G17550,AT4G19230,AT4G21440,AT4G22880,AT4G33905,AT5G03210,AT5G15190,AT5G23850,AT5G40800,AT5G42800,AT5G47640,AT5G50240,AT5G54060,AT5G55950,AT5G57610,AT5G66460,AT5G15970,AT5G43150,AT5G59310,AT5G59320,AT5G15960	
1	AT4G14410	bHLH104	0	0	PWM2559	JASPAR	MA0960.1	66	7.792989011120047e-12	2.409108499472111e-10	57	AT1G05100,AT1G09350,AT1G13360,AT1G16850,AT1G17590,AT1G19970,AT1G21790,AT1G27910,AT1G32900,AT1G47510,AT1G51140,AT1G56650,AT1G67850,AT1G69480,AT1G69870,AT1G70640,AT1G72770,AT1G73480,AT1G78070,AT2G01430,AT3G05660,AT2G18160,AT2G22240,AT2G41190,AT2G44940,AT2G46270,AT3G05030,AT3G11410,AT3G14440,AT3G23840,AT3G25870,AT3G27250,AT3G28007,AT3G29575,AT3G56270,AT3G61890,AT3G63010,AT3G63060,AT4G01985,AT4G11350,AT4G17550,AT4G19230,AT4G33905,AT4G34000,AT5G01850,AT5G03210,AT5G04250,AT5G05220,AT5G15190,AT5G15500,AT5G40390,AT5G40800,AT5G42800,AT5G50240,AT5G55950,AT5G57610,AT5G15970	
1	AT4G14410	bHLH104	0	0	PWM1300	CisBP	M0158_1.01	130	2.0909461797670948e-8	2.8838973079403084e-7	50	AT1G05100,AT1G09350,AT1G13360,AT1G16850,AT1G19970,AT1G32900,AT1G47510,AT1G51140,AT1G56650,AT1G67850,AT1G69480,AT1G69870,AT1G70640,AT1G72770,AT1G73480,AT1G78070,AT2G01430,AT2G22240,AT2G23120,AT2G41190,AT2G44940,AT3G05030,AT3G11410,AT3G14440,AT3G23840,AT3G25870,AT3G27250,AT3G29575,AT3G46450,AT3G56270,AT3G61890,AT3G63010,AT3G63060,AT4G01985,AT4G03200,AT4G11350,AT4G19230,AT4G34000,AT5G03210,AT5G04250,AT5G05220,AT5G15190,AT5G15500,AT5G40390,AT5G40800,AT5G42800,AT5G47640,AT5G50240,AT5G55950,AT5G57610	
1	AT1G12610	DDF1	3	1	PWM2791	DAP-seq	DDF1_col	33	3.2836080715351916e-15	1.899196539439548e-13	63	AT1G01470,AT1G05100,AT1G09350,AT1G16850,AT1G20440,AT1G21790,AT1G27200,AT1G27910,AT1G33230,AT1G43890,AT1G47710,AT1G48000,AT1G51090,AT1G58340,AT1G58360,AT1G62570,AT1G64890,AT1G67850,AT1G68570,AT1G69260,AT1G69790,AT1G70640,AT1G72830,AT1G73480,AT1G75370,AT1G76580,AT1G78070,AT1G80130,AT1G20450,AT2G04100,AT3G05660,AT2G18160,AT2G44940,AT2G46270,AT2G42540,AT3G09910,AT3G14440,AT3G23840,AT3G25870,AT3G50970,AT3G61890,AT3G05650,AT4G01985,AT4G03200,AT4G08570,AT4G12000,AT4G21940,AT4G24960,AT4G35290,AT5G01840,AT5G06510,AT5G11110,AT5G13200,AT5G20885,AT5G40390,AT5G40800,AT5G41400,AT5G42570,AT5G43880,AT5G50240,AT5G52310,AT5G54060,AT5G50720	AT1G62570
1	AT1G12610	DDF1	3	1	PWM1566	PBM		124	7.332388397586343e-9	1.0688595444611637e-7	51	AT1G09350,AT1G16850,AT1G20440,AT1G21790,AT1G27910,AT1G47710,AT1G48000,AT1G50420,AT1G51090,AT1G58340,AT1G58360,AT1G62570,AT1G64890,AT1G67850,AT1G68570,AT1G69790,AT1G70640,AT1G72830,AT1G73480,AT1G75370,AT1G76580,AT1G78070,AT1G80130,AT1G20450,AT2G18160,AT2G44940,AT2G46270,AT2G42540,AT3G09910,AT3G14440,AT3G25870,AT3G50970,AT4G01985,AT4G12000,AT4G21940,AT4G24960,AT4G35290,AT4G16447,AT5G06510,AT5G11110,AT5G13200,AT5G20885,AT5G40390,AT5G42570,AT5G43880,AT5G52310,AT5G54060,AT5G59220,AT5G15970,AT5G50720,AT5G15960	AT1G62570
1	AT2G20180	PIF1	1	0	PWM1082	CisBP	M0155_1.01	34	1.2766175839003536e-14	6.732280376274512e-13	62	AT1G01470,AT1G05100,AT1G09350,AT1G19630,AT1G19970,AT1G32900,AT1G49450,AT1G51140,AT1G56650,AT1G60190,AT1G61930,AT1G64890,AT1G66390,AT1G67850,AT1G69260,AT1G69480,AT1G69870,AT1G70640,AT1G72770,AT1G72830,AT1G73480,AT1G78070,AT1G20450,AT2G01430,AT2G04100,AT2G04350,AT2G22240,AT2G39800,AT2G46270,AT2G42540,AT3G14440,AT3G25870,AT3G27250,AT3G28007,AT3G29575,AT3G46450,AT3G50970,AT3G56270,AT3G61890,AT3G63060,AT4G01985,AT4G05100,AT4G11350,AT4G12000,AT4G17550,AT4G21440,AT4G34000,AT5G01850,AT5G03210,AT5G04250,AT5G05220,AT5G15500,AT5G23850,AT5G40800,AT5G42800,AT5G54060,AT5G57610,AT5G66460,AT5G15970,AT5G59310,AT5G59320,AT5G15960	
1	AT2G20180	PIF1	1	0	PWM1238	CisBP	M2215_1.01	35	1.2766175839003536e-14	6.732280376274512e-13	62	AT1G01470,AT1G05100,AT1G09350,AT1G19630,AT1G19970,AT1G32900,AT1G49450,AT1G51140,AT1G56650,AT1G60190,AT1G61930,AT1G64890,AT1G66390,AT1G67850,AT1G69260,AT1G69480,AT1G69870,AT1G70640,AT1G72770,AT1G72830,AT1G73480,AT1G78070,AT1G20450,AT2G01430,AT2G04100,AT2G04350,AT2G22240,AT2G39800,AT2G46270,AT2G42540,AT3G14440,AT3G25870,AT3G27250,AT3G28007,AT3G29575,AT3G46450,AT3G50970,AT3G56270,AT3G61890,AT3G63060,AT4G01985,AT4G05100,AT4G11350,AT4G12000,AT4G17550,AT4G21440,AT4G34000,AT5G01850,AT5G03210,AT5G04250,AT5G05220,AT5G15500,AT5G23850,AT5G40800,AT5G42800,AT5G54060,AT5G57610,AT5G66460,AT5G15970,AT5G59310,AT5G59320,AT5G15960	
1	AT2G20180	PIF1	1	0	PWM2152	JASPAR	MA0552.1	38	1.2766175839003536e-14	6.732280376274512e-13	62	AT1G01470,AT1G05100,AT1G09350,AT1G19630,AT1G19970,AT1G32900,AT1G49450,AT1G51140,AT1G56650,AT1G60190,AT1G61930,AT1G64890,AT1G66390,AT1G67850,AT1G69260,AT1G69480,AT1G69870,AT1G70640,AT1G72770,AT1G72830,AT1G73480,AT1G78070,AT1G20450,AT2G01430,AT2G04100,AT2G04350,AT2G22240,AT2G39800,AT2G46270,AT2G42540,AT3G14440,AT3G25870,AT3G27250,AT3G28007,AT3G29575,AT3G46450,AT3G50970,AT3G56270,AT3G61890,AT3G63060,AT4G01985,AT4G05100,AT4G11350,AT4G12000,AT4G17550,AT4G21440,AT4G34000,AT5G01850,AT5G03210,AT5G04250,AT5G05220,AT5G15500,AT5G23850,AT5G40800,AT5G42800,AT5G54060,AT5G57610,AT5G66460,AT5G15970,AT5G59310,AT5G59320,AT5G15960	
1	AT4G36730	AtGBF1	1	1	PWM1292	CisBP	M0264_1.01	36	1.2766175839003536e-14	6.732280376274512e-13	62	AT1G01250,AT1G05100,AT1G09350,AT1G20440,AT1G29300,AT1G47710,AT1G51140,AT1G58340,AT1G60190,AT1G64890,AT1G67850,AT1G69260,AT1G69870,AT1G70640,AT1G71710,AT1G72770,AT1G72830,AT1G73480,AT1G78070,AT1G20450,AT2G04350,AT2G22240,AT2G44940,AT2G46270,AT2G42540,AT3G11410,AT3G14440,AT3G25870,AT3G27250,AT3G29575,AT3G50970,AT3G55580,AT3G56270,AT3G61890,AT3G62070,AT3G63060,AT4G12000,AT4G17550,AT4G24960,AT4G26080,AT4G27410,AT4G33905,AT4G34000,AT4G39210,AT5G01850,AT5G03210,AT5G05220,AT5G15190,AT5G15500,AT5G40390,AT5G41400,AT5G42800,AT5G47640,AT5G50240,AT5G54165,AT5G55950,AT5G57610,AT5G15970,AT5G50720,AT5G59310,AT5G59320,AT5G15960	AT1G62570
1	AT1G59640	bHLH31	6	na	PWM826	CisBP	M0152_1.01	41	4.841800865668245e-14	2.1703372380357907e-12	61	AT1G05100,AT1G13360,AT1G16850,AT1G19970,AT1G33230,AT1G47710,AT1G51140,AT1G56650,AT1G60190,AT1G61930,AT1G62570,AT1G66390,AT1G67850,AT1G69260,AT1G69480,AT1G69870,AT1G70640,AT1G72770,AT1G73480,AT1G20450,AT2G01430,AT2G04100,AT2G04350,AT2G21620,AT2G22240,AT2G44940,AT2G46270,AT3G05030,AT3G11410,AT3G14440,AT3G22550,AT3G25870,AT3G28007,AT3G29575,AT3G50970,AT3G55580,AT3G56270,AT3G61890,AT3G63010,AT3G63060,AT4G03200,AT4G05100,AT4G11350,AT4G12000,AT4G17550,AT4G22880,AT4G27410,AT4G33905,AT4G34000,AT5G03210,AT5G15190,AT5G15500,AT5G42800,AT5G47640,AT5G50240,AT5G54165,AT5G66460,AT5G15970,AT5G59310,AT5G59320,AT5G15960	na
1	AT1G59640	bHLH31	6	na	PWM2886	DAP-seq	BHLH31_col	55	2.2727272424374243e-12	7.688679142811889e-11	58	AT1G05100,AT1G09350,AT1G19970,AT1G21790,AT1G29300,AT1G51140,AT1G60190,AT1G62570,AT1G67850,AT1G69260,AT1G69480,AT1G69870,AT1G70640,AT1G72770,AT1G72830,AT1G73480,AT1G78070,AT1G20450,AT2G01430,AT2G04100,AT2G04350,AT2G22240,AT2G44940,AT2G46270,AT3G14440,AT3G25870,AT3G29575,AT3G46450,AT3G50970,AT3G56270,AT3G61890,AT3G63060,AT4G01985,AT4G03200,AT4G05100,AT4G11350,AT4G12000,AT4G17550,AT4G21440,AT4G22880,AT4G33905,AT4G34000,AT5G01850,AT5G03210,AT5G15190,AT5G15500,AT5G23850,AT5G40800,AT5G42800,AT5G47640,AT5G50240,AT5G54060,AT5G57610,AT5G66460,AT5G15970,AT5G59310,AT5G59320,AT5G15960	na
1	AT5G62610	AT5G62610	0	0	PWM827	CisBP	M0152_1.01	42	4.841800865668245e-14	2.1703372380357907e-12	61	AT1G05100,AT1G13360,AT1G16850,AT1G19970,AT1G33230,AT1G47710,AT1G51140,AT1G56650,AT1G60190,AT1G61930,AT1G62570,AT1G66390,AT1G67850,AT1G69260,AT1G69480,AT1G69870,AT1G70640,AT1G72770,AT1G73480,AT1G20450,AT2G01430,AT2G04100,AT2G04350,AT2G21620,AT2G22240,AT2G44940,AT2G46270,AT3G05030,AT3G11410,AT3G14440,AT3G22550,AT3G25870,AT3G28007,AT3G29575,AT3G50970,AT3G55580,AT3G56270,AT3G61890,AT3G63010,AT3G63060,AT4G03200,AT4G05100,AT4G11350,AT4G12000,AT4G17550,AT4G22880,AT4G27410,AT4G33905,AT4G34000,AT5G03210,AT5G15190,AT5G15500,AT5G42800,AT5G47640,AT5G50240,AT5G54165,AT5G66460,AT5G15970,AT5G59310,AT5G59320,AT5G15960	
1	AT3G56850	AREB3	1	0	PWM2906	DAP-seq	AREB3_col	44	1.7910993219701044e-13	7.298729737028176e-12	60	AT1G05100,AT1G09350,AT1G17550,AT1G19970,AT1G20440,AT1G21790,AT1G29300,AT1G32900,AT1G51140,AT1G58340,AT1G60190,AT1G67850,AT1G69480,AT1G70640,AT1G72830,AT1G20450,AT2G01430,AT2G04100,AT2G04350,AT2G22240,AT2G39800,AT2G41190,AT2G46270,AT2G46680,AT2G42540,AT3G14440,AT3G25870,AT3G27250,AT3G29575,AT3G46450,AT3G50970,AT3G56270,AT3G61890,AT3G63010,AT3G63060,AT4G01985,AT4G08570,AT4G09820,AT4G11350,AT4G17550,AT4G21440,AT4G26080,AT4G27410,AT4G33905,AT4G34000,AT5G01850,AT5G03210,AT5G05220,AT5G15190,AT5G15500,AT5G40390,AT5G40800,AT5G41400,AT5G42570,AT5G47640,AT5G47740,AT5G50240,AT5G55950,AT5G66460,AT5G15970	
1	AT3G10800	bZIP28	0	na	PWM2912	DAP-seq	BZIP28_col	46	1.7910993219701044e-13	7.298729737028176e-12	60	AT1G05100,AT1G09350,AT1G20440,AT1G21790,AT1G29300,AT1G32900,AT1G51140,AT1G58340,AT1G60190,AT1G64890,AT1G67850,AT1G69870,AT1G70640,AT1G72770,AT1G20450,AT2G01430,AT2G04100,AT2G04350,AT2G22240,AT2G41190,AT2G44940,AT2G46270,AT2G46680,AT2G42540,AT3G14440,AT3G25870,AT3G27250,AT3G29575,AT3G50970,AT3G56270,AT3G61890,AT3G63010,AT3G63060,AT4G01985,AT4G09820,AT4G11350,AT4G12000,AT4G17550,AT4G22880,AT4G26080,AT4G27410,AT4G33905,AT4G34000,AT5G01850,AT5G03210,AT5G05220,AT5G15190,AT5G15500,AT5G40390,AT5G40800,AT5G41400,AT5G42570,AT5G42800,AT5G47640,AT5G50240,AT5G55950,AT5G57610,AT5G66460,AT5G15970,AT5G15960	na
1	AT3G10800	bZIP28	0	na	PWM883	CisBP	M0259_1.01	158	4.1114242345170845e-7	0.000004849857666111272	47	AT1G01250,AT1G02400,AT1G05100,AT1G17550,AT1G47710,AT1G51140,AT1G54160,AT1G56650,AT1G60190,AT1G69870,AT1G72770,AT1G73480,AT1G20450,AT2G01430,AT2G39800,AT2G44940,AT2G46270,AT3G11410,AT3G14020,AT3G14440,AT3G22550,AT3G23840,AT3G28007,AT3G29575,AT3G55580,AT3G56270,AT3G61890,AT3G63060,AT4G05100,AT4G11350,AT4G17550,AT4G22880,AT4G26080,AT4G27410,AT4G33905,AT4G34000,AT5G03210,AT5G05220,AT5G15190,AT5G15500,AT5G42570,AT5G42800,AT5G50240,AT5G59220,AT5G64750,AT5G15970,AT5G43150	na
1	AT1G63030	ddf2	0	na	PWM2793	DAP-seq	DDF2_col	48	6.461383714094671e-13	2.464949148802499e-11	59	AT1G05100,AT1G09350,AT1G16850,AT1G20440,AT1G21790,AT1G27910,AT1G47710,AT1G48000,AT1G50420,AT1G51090,AT1G58340,AT1G58360,AT1G62570,AT1G64890,AT1G67850,AT1G68570,AT1G69260,AT1G69790,AT1G70640,AT1G72830,AT1G73480,AT1G75370,AT1G76580,AT1G78070,AT1G80130,AT1G20450,AT3G05660,AT2G18160,AT2G44940,AT2G46270,AT2G42540,AT3G09910,AT3G14440,AT3G23840,AT3G50970,AT3G61890,AT3G05650,AT4G01985,AT4G03200,AT4G08570,AT4G12000,AT4G21940,AT4G24960,AT4G35290,AT5G06510,AT5G11110,AT5G13200,AT5G20885,AT5G40390,AT5G40800,AT5G42570,AT5G43880,AT5G50240,AT5G52310,AT5G54060,AT5G50720,AT5G59310,AT5G59320,AT5G15960	na
1	AT1G63030	ddf2	0	na	PWM1539	CisBP	M0031_1.01	63	7.792989011120047e-12	2.409108499472111e-10	57	AT1G01470,AT1G05100,AT1G09350,AT1G16850,AT1G20440,AT1G21790,AT1G27200,AT1G27910,AT1G33230,AT1G47710,AT1G48000,AT1G51090,AT1G58340,AT1G62570,AT1G64890,AT1G69790,AT1G69870,AT1G70640,AT1G73480,AT1G75370,AT1G76580,AT1G78070,AT1G80130,AT1G20450,AT3G05660,AT2G18160,AT2G41190,AT2G42530,AT2G44940,AT2G46270,AT2G42540,AT3G14440,AT3G23840,AT3G25870,AT3G29590,AT3G50970,AT3G61890,AT4G01985,AT4G05100,AT4G12000,AT4G18280,AT4G21940,AT4G24960,AT4G33905,AT4G38580,AT5G01840,AT5G06510,AT5G11110,AT5G13200,AT5G20885,AT5G40800,AT5G41400,AT5G42570,AT5G43880,AT5G52310,AT5G54060,AT5G50720	na
1	AT1G63030	ddf2	0	na	PWM2577	JASPAR	MA0978.1	86	2.6044195516275638e-11	6.396882542559208e-10	56	AT1G01250,AT1G09350,AT1G16850,AT1G20440,AT1G21790,AT1G27910,AT1G47710,AT1G48000,AT1G50420,AT1G51090,AT1G51140,AT1G58340,AT1G58360,AT1G62570,AT1G64890,AT1G67850,AT1G68570,AT1G69790,AT1G70640,AT1G72830,AT1G73480,AT1G75370,AT1G76580,AT1G78070,AT1G80130,AT1G20450,AT3G05660,AT2G18160,AT2G44940,AT2G46270,AT2G42540,AT3G09910,AT3G14440,AT3G25870,AT3G50970,AT3G61890,AT3G05650,AT4G01985,AT4G12000,AT4G18280,AT4G21940,AT4G24960,AT4G35290,AT4G16447,AT5G06510,AT5G11110,AT5G13200,AT5G20885,AT5G40390,AT5G42570,AT5G43880,AT5G52310,AT5G54060,AT5G15970,AT5G50720,AT5G15960	na
1	AT4G36900	DEAR4	6	0	PWM2849	DAP-seq	RAP210_col	49	6.461383714094671e-13	2.464949148802499e-11	59	AT1G01470,AT1G05100,AT1G09350,AT1G16850,AT1G20440,AT1G21790,AT1G27200,AT1G27910,AT1G33230,AT1G47510,AT1G47710,AT1G48000,AT1G51090,AT1G58340,AT1G60190,AT1G62570,AT1G69790,AT1G70640,AT1G72830,AT1G73480,AT1G75370,AT1G76580,AT1G78070,AT1G80130,AT1G20450,AT3G05660,AT2G18160,AT2G21620,AT2G46270,AT3G14060,AT3G14440,AT3G23840,AT3G25870,AT3G50970,AT4G01985,AT4G12000,AT4G21940,AT4G24960,AT4G26080,AT4G33905,AT4G36240,AT4G01060,AT5G01840,AT5G06510,AT5G11110,AT5G13200,AT5G15190,AT5G20885,AT5G40390,AT5G40800,AT5G41400,AT5G42570,AT5G43880,AT5G52310,AT5G64750,AT5G43150,AT5G50720,AT5G59310,AT5G59320	
1	AT4G36900	DEAR4	6	0	PWM911	CisBP	M0075_1.01	161	4.1114242345170845e-7	0.000004849857666111272	47	AT1G02400,AT1G09350,AT1G27910,AT1G47510,AT1G48000,AT1G50420,AT1G51090,AT1G60190,AT1G62570,AT1G64890,AT1G68570,AT1G69790,AT1G69870,AT1G75370,AT1G76580,AT1G80130,AT1G20450,AT1G45249,AT2G22240,AT2G41190,AT3G14440,AT3G23840,AT3G25870,AT3G28007,AT3G50970,AT3G56270,AT3G63060,AT4G01985,AT4G12000,AT4G21440,AT4G21940,AT4G24960,AT4G26080,AT4G36240,AT4G38580,AT5G05220,AT5G06510,AT5G11110,AT5G15190,AT5G41400,AT5G43880,AT5G52310,AT5G54165,AT5G57050,AT5G64750,AT5G43150,AT5G50720	
1	AT4G36900	DEAR4	6	0	PWM1570	PBM		168	0.0000010493366475964492	0.000011613954377410082	46	AT1G09350,AT1G20440,AT1G21790,AT1G27910,AT1G47510,AT1G47710,AT1G48000,AT1G50420,AT1G51090,AT1G58340,AT1G64890,AT1G68570,AT1G70640,AT1G75370,AT1G76580,AT1G78070,AT1G80130,AT1G20450,AT2G22240,AT2G23120,AT2G41190,AT2G44940,AT3G14440,AT3G23840,AT3G25870,AT3G28007,AT3G50970,AT3G56270,AT3G63060,AT4G01985,AT4G12000,AT4G21440,AT4G21940,AT4G24960,AT4G36240,AT4G38580,AT5G05220,AT5G06510,AT5G11110,AT5G43880,AT5G52310,AT5G54165,AT5G43150,AT5G50720,AT5G59310,AT5G59320	
1	AT4G30980	LRL2	1	na	PWM2890	DAP-seq	BHLH69_col	50	6.461383714094671e-13	2.464949148802499e-11	59	AT1G01470,AT1G05100,AT1G16850,AT1G19630,AT1G19970,AT1G29300,AT1G32900,AT1G50420,AT1G51140,AT1G58340,AT1G67850,AT1G69260,AT1G69480,AT1G69790,AT1G69870,AT1G70640,AT1G72770,AT1G73480,AT1G76580,AT1G20450,AT2G01430,AT2G04350,AT2G44940,AT2G46270,AT2G46680,AT2G42540,AT3G14020,AT3G14440,AT3G22550,AT3G25870,AT3G29575,AT3G29590,AT3G46450,AT3G50970,AT3G61890,AT3G63060,AT4G01985,AT4G03200,AT4G11350,AT4G12000,AT4G21440,AT4G24450,AT4G34000,AT5G01850,AT5G03210,AT5G04250,AT5G06510,AT5G15190,AT5G40800,AT5G42800,AT5G47640,AT5G50240,AT5G54165,AT5G55950,AT5G57610,AT5G59220,AT5G43150,AT5G59310,AT5G59320	na
1	AT4G30980	LRL2	1	na	PWM1025	CisBP	M0247_1.01	118	2.50266382019445e-9	3.9019793300944776e-8	52	AT1G05100,AT1G13360,AT1G16850,AT1G17590,AT1G19970,AT1G29300,AT1G49450,AT1G51140,AT1G56650,AT1G60190,AT1G62570,AT1G67850,AT1G69260,AT1G69480,AT1G69870,AT1G70640,AT1G72770,AT1G72830,AT1G73480,AT1G20450,AT2G04100,AT2G04350,AT2G22240,AT2G44940,AT2G46270,AT2G46680,AT3G11410,AT3G14440,AT3G25870,AT3G28007,AT3G29575,AT3G50970,AT3G55580,AT3G56270,AT3G63060,AT4G05100,AT4G17550,AT4G22880,AT4G27410,AT4G34000,AT5G03210,AT5G15190,AT5G15500,AT5G42800,AT5G47640,AT5G50240,AT5G54060,AT5G54165,AT5G55950,AT5G57610,AT5G15970,AT5G15960	na
1	AT4G01120	ATBZIP54	3	108	PWM1232	CisBP	M0262_1.01	53	2.2727272424374243e-12	7.688679142811889e-11	58	AT1G01250,AT1G01470,AT1G05100,AT1G09350,AT1G20440,AT1G29300,AT1G33230,AT1G47710,AT1G51140,AT1G58340,AT1G60190,AT1G64890,AT1G67850,AT1G69260,AT1G69870,AT1G70640,AT1G71710,AT1G72770,AT1G73480,AT1G20450,AT2G04350,AT2G22240,AT2G44940,AT2G46270,AT2G46680,AT3G05030,AT3G11410,AT3G14440,AT3G28007,AT3G29575,AT3G50970,AT3G55580,AT3G56270,AT3G61890,AT3G62070,AT3G63060,AT4G05100,AT4G08570,AT4G09820,AT4G11350,AT4G12000,AT4G17550,AT4G26080,AT4G27410,AT4G33905,AT4G34000,AT4G39210,AT5G03210,AT5G05220,AT5G15190,AT5G15500,AT5G19470,AT5G42800,AT5G50240,AT5G57610,AT5G15970,AT5G59310,AT5G15960	AT1G01250,AT1G02400,AT1G05100,AT1G09350,AT1G13360,AT1G16850,AT1G19970,AT1G20440,AT1G21790,AT1G27200,AT1G29300,AT1G30500,AT1G32900,AT1G47710,AT1G48000,AT1G49450,AT1G50420,AT1G51090,AT1G51140,AT1G53470,AT1G56650,AT1G58340,AT1G58360,AT1G60190,AT1G62570,AT1G63840,AT1G66390,AT1G68570,AT1G69790,AT1G69870,AT1G70640,AT1G76580,AT1G78070,AT1G20450,AT2G01430,AT2G04100,AT2G04350,AT2G18160,AT2G21620,AT2G39800,AT2G44940,AT2G45600,AT2G46270,AT2G46680,AT2G42540,AT3G05030,AT3G05690,AT3G11410,AT3G14060,AT3G14440,AT3G15350,AT3G22550,AT3G27250,AT3G29575,AT3G29590,AT3G46450,AT3G50970,AT3G56270,AT3G61890,AT3G63010,AT3G63060,AT3G05650,AT3G16360,AT4G03200,AT4G05100,AT4G09820,AT4G11350,AT4G12000,AT4G17550,AT4G19230,AT4G21440,AT4G22880,AT4G24960,AT4G26080,AT4G33905,AT4G34000,AT4G38580,AT4G01060,AT5G01840,AT5G03210,AT5G04250,AT5G05220,AT5G06510,AT5G11110,AT5G11930,AT5G13200,AT5G15190,AT5G15500,AT5G20885,AT5G23850,AT5G40390,AT5G40800,AT5G41400,AT5G42570,AT5G47640,AT5G47740,AT5G50240,AT5G52310,AT5G54165,AT5G55950,AT5G57610,AT5G59220,AT5G66460,AT5G67180,AT5G15970,AT5G50720,AT5G59320,AT5G15960
1	AT1G59750	ARF1	0	0	PWM2541	JASPAR	MA0942.1	54	2.2727272424374243e-12	7.688679142811889e-11	58	AT1G01470,AT1G09350,AT1G16850,AT1G20440,AT1G21790,AT1G27200,AT1G27910,AT1G47710,AT1G48000,AT1G50420,AT1G51090,AT1G60190,AT1G62570,AT1G64890,AT1G68570,AT1G69790,AT1G69870,AT1G72830,AT1G75370,AT1G76580,AT1G78070,AT1G80130,AT1G20450,AT1G45249,AT3G05660,AT2G18160,AT2G21620,AT2G41190,AT2G44940,AT2G42540,AT3G14440,AT3G23840,AT3G25870,AT3G28007,AT3G50970,AT3G56270,AT3G05650,AT4G01985,AT4G12000,AT4G18280,AT4G21940,AT4G24960,AT4G33905,AT5G01840,AT5G06510,AT5G11110,AT5G13210,AT5G20885,AT5G40390,AT5G40800,AT5G41400,AT5G42570,AT5G43880,AT5G52310,AT5G43150,AT5G50720,AT5G59310,AT5G59320	
1	AT1G01260	JAM2	0	0	PWM897	CisBP	M0149_1.01	56	2.2727272424374243e-12	7.688679142811889e-11	58	AT1G02400,AT1G05100,AT1G19970,AT1G29300,AT1G50420,AT1G51140,AT1G56650,AT1G58340,AT1G60190,AT1G61930,AT1G64890,AT1G67850,AT1G69480,AT1G69870,AT1G70640,AT1G72770,AT1G72830,AT1G73480,AT1G78070,AT1G80130,AT1G20450,AT2G04100,AT2G04350,AT2G22240,AT2G23120,AT2G39800,AT2G44940,AT2G46270,AT2G42540,AT3G14440,AT3G27250,AT3G28007,AT3G29575,AT3G50970,AT3G55580,AT3G56270,AT3G63060,AT4G01985,AT4G05100,AT4G11350,AT4G12000,AT4G17550,AT4G19230,AT4G22880,AT4G34000,AT5G03210,AT5G15190,AT5G23850,AT5G42800,AT5G47640,AT5G50240,AT5G54060,AT5G54165,AT5G55950,AT5G57610,AT5G15970,AT5G43150,AT5G15960	
1	AT1G01260	JAM2	0	0	PWM2557	JASPAR	MA0958.1	113	8.316184488895041e-10	1.3313320346954293e-8	53	AT1G05100,AT1G16850,AT1G17590,AT1G19970,AT1G21790,AT1G29300,AT1G48000,AT1G49450,AT1G51140,AT1G56650,AT1G60190,AT1G62570,AT1G67850,AT1G69260,AT1G69480,AT1G69870,AT1G70640,AT1G73480,AT1G80130,AT1G20450,AT2G04100,AT2G04350,AT2G18160,AT2G44940,AT2G46270,AT2G46680,AT3G05030,AT3G05690,AT3G11410,AT3G14440,AT3G25870,AT3G29575,AT3G63060,AT4G01985,AT4G05100,AT4G12000,AT4G17550,AT4G19230,AT4G27410,AT5G03210,AT5G04250,AT5G15500,AT5G23850,AT5G40800,AT5G42800,AT5G54165,AT5G55950,AT5G66460,AT5G67180,AT5G15970,AT5G59310,AT5G59320,AT5G15960	
1	AT5G57150	AT5G57150	0	na	PWM898	CisBP	M0149_1.01	57	2.2727272424374243e-12	7.688679142811889e-11	58	AT1G02400,AT1G05100,AT1G19970,AT1G29300,AT1G50420,AT1G51140,AT1G56650,AT1G58340,AT1G60190,AT1G61930,AT1G64890,AT1G67850,AT1G69480,AT1G69870,AT1G70640,AT1G72770,AT1G72830,AT1G73480,AT1G78070,AT1G80130,AT1G20450,AT2G04100,AT2G04350,AT2G22240,AT2G23120,AT2G39800,AT2G44940,AT2G46270,AT2G42540,AT3G14440,AT3G27250,AT3G28007,AT3G29575,AT3G50970,AT3G55580,AT3G56270,AT3G63060,AT4G01985,AT4G05100,AT4G11350,AT4G12000,AT4G17550,AT4G19230,AT4G22880,AT4G34000,AT5G03210,AT5G15190,AT5G23850,AT5G42800,AT5G47640,AT5G50240,AT5G54060,AT5G54165,AT5G55950,AT5G57610,AT5G15970,AT5G43150,AT5G15960	na
1	AT4G28790	AT4G28790	3	na	PWM1083	CisBP	M0155_1.01	58	7.792989011120047e-12	2.409108499472111e-10	57	AT1G01250,AT1G05100,AT1G09350,AT1G13360,AT1G19970,AT1G29300,AT1G32900,AT1G51140,AT1G56650,AT1G60190,AT1G62570,AT1G66390,AT1G67850,AT1G69480,AT1G69870,AT1G70640,AT1G72770,AT1G72830,AT1G73480,AT1G76580,AT1G78070,AT1G20450,AT2G04100,AT2G04350,AT2G22240,AT2G42530,AT2G46270,AT3G05030,AT3G11410,AT3G14440,AT3G25870,AT3G27250,AT3G28007,AT3G29575,AT3G50970,AT3G55580,AT3G63010,AT3G63060,AT4G03200,AT4G05100,AT4G11350,AT4G22880,AT4G27410,AT4G34000,AT5G03210,AT5G15190,AT5G15500,AT5G23850,AT5G42800,AT5G47640,AT5G50240,AT5G54060,AT5G54165,AT5G55950,AT5G57610,AT5G15970,AT5G15960	na
1	AT4G28800	AT4G28800	0	na	PWM1084	CisBP	M0155_1.01	59	7.792989011120047e-12	2.409108499472111e-10	57	AT1G01250,AT1G05100,AT1G09350,AT1G13360,AT1G19970,AT1G29300,AT1G32900,AT1G51140,AT1G56650,AT1G60190,AT1G62570,AT1G66390,AT1G67850,AT1G69480,AT1G69870,AT1G70640,AT1G72770,AT1G72830,AT1G73480,AT1G76580,AT1G78070,AT1G20450,AT2G04100,AT2G04350,AT2G22240,AT2G42530,AT2G46270,AT3G05030,AT3G11410,AT3G14440,AT3G25870,AT3G27250,AT3G28007,AT3G29575,AT3G50970,AT3G55580,AT3G63010,AT3G63060,AT4G03200,AT4G05100,AT4G11350,AT4G22880,AT4G27410,AT4G34000,AT5G03210,AT5G15190,AT5G15500,AT5G23850,AT5G42800,AT5G47640,AT5G50240,AT5G54060,AT5G54165,AT5G55950,AT5G57610,AT5G15970,AT5G15960	na
1	AT4G28811	AT4G28811	7	na	PWM1085	CisBP	M0155_1.01	60	7.792989011120047e-12	2.409108499472111e-10	57	AT1G01250,AT1G05100,AT1G09350,AT1G13360,AT1G19970,AT1G29300,AT1G32900,AT1G51140,AT1G56650,AT1G60190,AT1G62570,AT1G66390,AT1G67850,AT1G69480,AT1G69870,AT1G70640,AT1G72770,AT1G72830,AT1G73480,AT1G76580,AT1G78070,AT1G20450,AT2G04100,AT2G04350,AT2G22240,AT2G42530,AT2G46270,AT3G05030,AT3G11410,AT3G14440,AT3G25870,AT3G27250,AT3G28007,AT3G29575,AT3G50970,AT3G55580,AT3G63010,AT3G63060,AT4G03200,AT4G05100,AT4G11350,AT4G22880,AT4G27410,AT4G34000,AT5G03210,AT5G15190,AT5G15500,AT5G23850,AT5G42800,AT5G47640,AT5G50240,AT5G54060,AT5G54165,AT5G55950,AT5G57610,AT5G15970,AT5G15960	na
1	AT4G28815	AT4G28815	6	na	PWM1086	CisBP	M0155_1.01	61	7.792989011120047e-12	2.409108499472111e-10	57	AT1G01250,AT1G05100,AT1G09350,AT1G13360,AT1G19970,AT1G29300,AT1G32900,AT1G51140,AT1G56650,AT1G60190,AT1G62570,AT1G66390,AT1G67850,AT1G69480,AT1G69870,AT1G70640,AT1G72770,AT1G72830,AT1G73480,AT1G76580,AT1G78070,AT1G20450,AT2G04100,AT2G04350,AT2G22240,AT2G42530,AT2G46270,AT3G05030,AT3G11410,AT3G14440,AT3G25870,AT3G27250,AT3G28007,AT3G29575,AT3G50970,AT3G55580,AT3G63010,AT3G63060,AT4G03200,AT4G05100,AT4G11350,AT4G22880,AT4G27410,AT4G34000,AT5G03210,AT5G15190,AT5G15500,AT5G23850,AT5G42800,AT5G47640,AT5G50240,AT5G54060,AT5G54165,AT5G55950,AT5G57610,AT5G15970,AT5G15960	na
1	AT5G08130	BIM1	4	0	PWM2563	JASPAR	MA0964.1	67	7.792989011120047e-12	2.409108499472111e-10	57	AT1G05100,AT1G09350,AT1G13360,AT1G16850,AT1G19630,AT1G19970,AT1G32900,AT1G48000,AT1G51140,AT1G56650,AT1G60190,AT1G61800,AT1G62570,AT1G66390,AT1G67850,AT1G69480,AT1G69870,AT1G70640,AT1G73480,AT1G76580,AT1G80130,AT1G20450,AT2G01430,AT2G04100,AT2G04350,AT2G21590,AT2G42530,AT2G46270,AT3G05030,AT3G11410,AT3G14440,AT3G25870,AT3G28007,AT3G29575,AT3G56270,AT3G61890,AT3G63010,AT3G63060,AT4G03200,AT4G05100,AT4G11350,AT4G17550,AT4G21440,AT4G22880,AT4G27410,AT4G33905,AT4G34000,AT5G03210,AT5G15500,AT5G23850,AT5G40800,AT5G42800,AT5G47640,AT5G54060,AT5G57610,AT5G15970,AT5G15960	
1	AT5G08130	BIM1	4	0	PWM918	CisBP	M0162_1.01	72	7.792989011120047e-12	2.409108499472111e-10	57	AT1G05100,AT1G09350,AT1G13360,AT1G16850,AT1G19630,AT1G19970,AT1G32900,AT1G48000,AT1G51140,AT1G56650,AT1G60190,AT1G61800,AT1G62570,AT1G66390,AT1G67850,AT1G69480,AT1G69870,AT1G70640,AT1G73480,AT1G76580,AT1G80130,AT1G20450,AT2G01430,AT2G04100,AT2G04350,AT2G21590,AT2G42530,AT2G46270,AT3G05030,AT3G11410,AT3G14440,AT3G25870,AT3G28007,AT3G29575,AT3G56270,AT3G61890,AT3G63010,AT3G63060,AT4G03200,AT4G05100,AT4G11350,AT4G17550,AT4G21440,AT4G22880,AT4G27410,AT4G33905,AT4G34000,AT5G03210,AT5G15500,AT5G23850,AT5G40800,AT5G42800,AT5G47640,AT5G54060,AT5G57610,AT5G15970,AT5G15960	
1	AT5G08130	BIM1	4	0	PWM2896	DAP-seq	BIM1_col	145	5.8020311910509645e-8	7.274854493394671e-7	49	AT1G01250,AT1G19630,AT1G19970,AT1G48000,AT1G49450,AT1G51140,AT1G56650,AT1G60190,AT1G61930,AT1G64890,AT1G67850,AT1G69260,AT1G69480,AT1G69870,AT1G70640,AT1G73480,AT1G76580,AT1G78610,AT2G01430,AT2G04100,AT2G04350,AT3G05660,AT2G44940,AT3G14440,AT3G22550,AT3G25870,AT3G28007,AT3G29575,AT3G46450,AT3G55580,AT3G61890,AT3G62070,AT3G63060,AT4G01985,AT4G05100,AT4G17550,AT4G21440,AT4G33905,AT4G34000,AT5G03210,AT5G04250,AT5G15500,AT5G23850,AT5G40800,AT5G41400,AT5G42800,AT5G15970,AT5G59310,AT5G59320	
1	AT5G08130	BIM1	4	0	PWM919	CisBP	M0162_1.01	396	0.004452493583430966	0.021872112315319787	35	AT1G02400,AT1G13360,AT1G20440,AT1G21790,AT1G47710,AT1G48000,AT1G51140,AT1G54160,AT1G64890,AT1G69480,AT1G69870,AT2G01430,AT2G04100,AT2G04350,AT2G21590,AT2G39800,AT2G44940,AT2G46680,AT2G47670,AT3G14020,AT3G25870,AT3G29575,AT3G29590,AT3G50970,AT3G55580,AT4G03200,AT4G17550,AT4G34000,AT5G01850,AT5G15190,AT5G42800,AT5G43880,AT5G57050,AT5G57610,AT5G66460	
1	AT4G32800	At4g32800	11	1	PWM2594	JASPAR	MA0996.1	69	7.792989011120047e-12	2.409108499472111e-10	57	AT1G01470,AT1G09350,AT1G16850,AT1G20440,AT1G21790,AT1G27200,AT1G27910,AT1G33230,AT1G47710,AT1G48000,AT1G50420,AT1G51090,AT1G60190,AT1G62570,AT1G64890,AT1G67850,AT1G69790,AT1G69870,AT1G72830,AT1G73480,AT1G75370,AT1G76580,AT1G78070,AT1G80130,AT1G20450,AT2G18160,AT2G41190,AT2G42540,AT3G14440,AT3G23840,AT3G25870,AT3G28007,AT3G50970,AT3G56270,AT4G12000,AT4G21940,AT4G24960,AT4G26080,AT4G33905,AT4G36240,AT4G38580,AT5G01840,AT5G06510,AT5G11110,AT5G13210,AT5G15190,AT5G40390,AT5G40800,AT5G41400,AT5G42570,AT5G43880,AT5G52310,AT5G57050,AT5G43150,AT5G50720,AT5G59310,AT5G59320	AT1G62570
1	AT4G32800	At4g32800	11	1	PWM1146	CisBP	M0034_1.01	101	2.6910136980122176e-10	4.923456694424394e-9	54	AT1G01470,AT1G09350,AT1G16850,AT1G20440,AT1G21790,AT1G27200,AT1G27910,AT1G33230,AT1G47710,AT1G48000,AT1G50420,AT1G51090,AT1G60190,AT1G62570,AT1G64890,AT1G67850,AT1G69790,AT1G69870,AT1G73480,AT1G75370,AT1G76580,AT1G78070,AT1G80130,AT1G20450,AT2G18160,AT2G41190,AT2G42540,AT3G14440,AT3G23840,AT3G25870,AT3G28007,AT3G50970,AT3G56270,AT4G12000,AT4G21940,AT4G24960,AT4G33905,AT4G36240,AT4G38580,AT5G01840,AT5G06510,AT5G11110,AT5G13210,AT5G15190,AT5G40390,AT5G40800,AT5G41400,AT5G42570,AT5G43880,AT5G52310,AT5G43150,AT5G50720,AT5G59310,AT5G59320	AT1G62570
1	AT4G32800	At4g32800	11	1	PWM2771	DAP-seq	AT4G32800_col	153	4.1114242345170845e-7	0.000004849857666111272	47	AT1G09350,AT1G16850,AT1G20440,AT1G21790,AT1G27200,AT1G27910,AT1G43890,AT1G47510,AT1G50420,AT1G68570,AT1G69260,AT1G75370,AT1G76580,AT1G78070,AT1G80130,AT1G20450,AT1G45249,AT2G21590,AT2G41190,AT2G42530,AT2G42540,AT3G15350,AT3G23840,AT3G28007,AT3G50970,AT3G56270,AT4G01985,AT4G21440,AT4G21940,AT4G26080,AT4G27410,AT4G36240,AT5G06510,AT5G11110,AT5G15190,AT5G40390,AT5G40800,AT5G41400,AT5G42570,AT5G43880,AT5G52310,AT5G15970,AT5G43150,AT5G50720,AT5G59310,AT5G59320,AT5G15960	AT1G62570
1	AT1G69010	BIM2	0	0	PWM2898	DAP-seq	BIM2_col	70	7.792989011120047e-12	2.409108499472111e-10	57	AT1G01250,AT1G16850,AT1G19630,AT1G19970,AT1G21790,AT1G32900,AT1G48000,AT1G49450,AT1G50420,AT1G51140,AT1G60190,AT1G61930,AT1G64890,AT1G66390,AT1G67850,AT1G69260,AT1G69480,AT1G69790,AT1G69870,AT1G70640,AT1G72830,AT1G73480,AT1G76580,AT1G20450,AT2G04100,AT2G04350,AT2G18160,AT2G44940,AT3G14440,AT3G25870,AT3G28007,AT3G29575,AT3G46450,AT3G50970,AT3G61890,AT3G63060,AT4G01985,AT4G05100,AT4G11350,AT4G17550,AT4G19230,AT4G21440,AT4G24450,AT4G33905,AT4G34000,AT5G03210,AT5G04250,AT5G15190,AT5G15500,AT5G23850,AT5G40800,AT5G41400,AT5G42800,AT5G47640,AT5G15970,AT5G59310,AT5G59320	
1	AT1G69010	BIM2	0	0	PWM2564	JASPAR	MA0965.1	107	2.6910136980122176e-10	4.923456694424394e-9	54	AT1G01250,AT1G05100,AT1G13360,AT1G19970,AT1G32900,AT1G51140,AT1G56650,AT1G60190,AT1G62570,AT1G66390,AT1G67850,AT1G69260,AT1G69480,AT1G69870,AT1G70640,AT1G72770,AT1G73480,AT1G76580,AT1G20450,AT2G04100,AT2G04350,AT3G05660,AT2G22240,AT2G42530,AT2G44940,AT2G46270,AT2G46680,AT3G05030,AT3G11410,AT3G14440,AT3G25870,AT3G28007,AT3G29575,AT3G50970,AT3G55580,AT3G61890,AT3G63010,AT3G63060,AT4G05100,AT4G11350,AT4G17550,AT4G21440,AT4G22880,AT4G27410,AT4G34000,AT5G03210,AT5G15500,AT5G23850,AT5G42800,AT5G47640,AT5G54060,AT5G54165,AT5G15970,AT5G15960	
1	AT1G69010	BIM2	0	0	PWM1439	CisBP	M0153_1.01	122	2.50266382019445e-9	3.9019793300944776e-8	52	AT1G01250,AT1G05100,AT1G13360,AT1G19970,AT1G32900,AT1G51140,AT1G56650,AT1G60190,AT1G62570,AT1G66390,AT1G67850,AT1G69260,AT1G69480,AT1G69870,AT1G70640,AT1G72770,AT1G73480,AT1G76580,AT1G20450,AT2G04100,AT2G04350,AT3G05660,AT2G22240,AT2G42530,AT2G44940,AT2G46270,AT2G46680,AT3G05030,AT3G11410,AT3G14440,AT3G25870,AT3G28007,AT3G29575,AT3G50970,AT3G61890,AT3G63010,AT3G63060,AT4G05100,AT4G17550,AT4G21440,AT4G22880,AT4G27410,AT4G34000,AT5G03210,AT5G15500,AT5G23850,AT5G42800,AT5G47640,AT5G54060,AT5G54165,AT5G15970,AT5G15960	
1	AT2G46970	PIL1	0	na	PWM902	CisBP	M0150_1.01	71	7.792989011120047e-12	2.409108499472111e-10	57	AT1G01470,AT1G05100,AT1G19970,AT1G49450,AT1G51140,AT1G56650,AT1G60190,AT1G61930,AT1G62570,AT1G66390,AT1G67850,AT1G69260,AT1G69870,AT1G70640,AT1G72770,AT1G73480,AT1G20450,AT2G01430,AT2G04100,AT2G04350,AT2G21590,AT2G22240,AT2G23120,AT2G46270,AT3G05030,AT3G11410,AT3G14020,AT3G14440,AT3G25870,AT3G28007,AT3G29575,AT3G50970,AT3G55580,AT3G56270,AT3G61890,AT3G63010,AT3G63060,AT4G03200,AT4G05100,AT4G11350,AT4G17550,AT4G22880,AT4G27410,AT4G34000,AT5G03210,AT5G05220,AT5G15190,AT5G15500,AT5G40800,AT5G42800,AT5G47640,AT5G50240,AT5G54060,AT5G54165,AT5G66460,AT5G15970,AT5G15960	na
1	AT1G19220	ARF11	1	0	PWM1249	CisBP	M0147_1.01	73	2.6044195516275638e-11	6.396882542559208e-10	56	AT1G01470,AT1G05100,AT1G09350,AT1G13360,AT1G21790,AT1G27200,AT1G27910,AT1G29300,AT1G33230,AT1G48000,AT1G51090,AT1G58360,AT1G60190,AT1G62570,AT1G67850,AT1G68570,AT1G69790,AT1G69870,AT1G70640,AT1G75370,AT1G76580,AT1G80130,AT2G21590,AT2G21620,AT2G44940,AT2G46680,AT2G42540,AT3G11410,AT3G14060,AT3G14440,AT3G23840,AT3G25870,AT3G28007,AT3G29575,AT3G56270,AT3G61890,AT3G63010,AT4G01985,AT4G05100,AT4G12000,AT4G18280,AT4G24960,AT4G33905,AT4G38580,AT5G01840,AT5G11110,AT5G13200,AT5G15190,AT5G23850,AT5G41400,AT5G42570,AT5G43880,AT5G52310,AT5G54060,AT5G50720,AT5G15960	
1	AT1G19850	ARF5	0	0	PWM1250	CisBP	M0147_1.01	74	2.6044195516275638e-11	6.396882542559208e-10	56	AT1G01470,AT1G05100,AT1G09350,AT1G13360,AT1G21790,AT1G27200,AT1G27910,AT1G29300,AT1G33230,AT1G48000,AT1G51090,AT1G58360,AT1G60190,AT1G62570,AT1G67850,AT1G68570,AT1G69790,AT1G69870,AT1G70640,AT1G75370,AT1G76580,AT1G80130,AT2G21590,AT2G21620,AT2G44940,AT2G46680,AT2G42540,AT3G11410,AT3G14060,AT3G14440,AT3G23840,AT3G25870,AT3G28007,AT3G29575,AT3G56270,AT3G61890,AT3G63010,AT4G01985,AT4G05100,AT4G12000,AT4G18280,AT4G24960,AT4G33905,AT4G38580,AT5G01840,AT5G11110,AT5G13200,AT5G15190,AT5G23850,AT5G41400,AT5G42570,AT5G43880,AT5G52310,AT5G54060,AT5G50720,AT5G15960	
1	AT1G19850	ARF5	0	0	PWM2542	JASPAR	MA0943.1	105	2.6910136980122176e-10	4.923456694424394e-9	54	AT1G01470,AT1G05100,AT1G09350,AT1G13360,AT1G16850,AT1G20440,AT1G21790,AT1G27200,AT1G27910,AT1G29300,AT1G33230,AT1G48000,AT1G51090,AT1G58340,AT1G60190,AT1G62570,AT1G64890,AT1G66390,AT1G69790,AT1G69870,AT1G75370,AT1G76580,AT1G78070,AT1G80130,AT2G01430,AT3G05660,AT2G18160,AT2G21620,AT2G44940,AT2G45600,AT2G42540,AT3G05690,AT3G14060,AT3G14440,AT3G23840,AT3G25870,AT3G28007,AT3G50970,AT3G56270,AT4G05100,AT4G11350,AT4G12000,AT4G21940,AT4G24960,AT4G33905,AT4G38580,AT5G01840,AT5G15190,AT5G20885,AT5G40390,AT5G41400,AT5G42570,AT5G52310,AT5G50720	
1	AT1G19850	ARF5	0	0	PWM2861	DAP-seq	MP_col	154	4.1114242345170845e-7	0.000004849857666111272	47	AT1G01470,AT1G05100,AT1G09350,AT1G13360,AT1G16850,AT1G21790,AT1G27200,AT1G27910,AT1G29300,AT1G33230,AT1G48000,AT1G62570,AT1G64890,AT1G67850,AT1G69790,AT1G69870,AT1G73480,AT1G75370,AT1G76580,AT1G80130,AT2G21620,AT2G39800,AT2G46270,AT2G46680,AT2G42540,AT3G11410,AT3G14060,AT3G14440,AT3G23840,AT3G25870,AT3G28007,AT3G29575,AT3G56270,AT3G61890,AT3G63010,AT4G05100,AT4G12000,AT4G21440,AT4G24960,AT4G33905,AT4G39210,AT5G23850,AT5G41400,AT5G42570,AT5G52310,AT5G57050,AT5G50720	
1	AT1G30330	ARF6	0	na	PWM1251	CisBP	M0147_1.01	75	2.6044195516275638e-11	6.396882542559208e-10	56	AT1G01470,AT1G05100,AT1G09350,AT1G13360,AT1G21790,AT1G27200,AT1G27910,AT1G29300,AT1G33230,AT1G48000,AT1G51090,AT1G58360,AT1G60190,AT1G62570,AT1G67850,AT1G68570,AT1G69790,AT1G69870,AT1G70640,AT1G75370,AT1G76580,AT1G80130,AT2G21590,AT2G21620,AT2G44940,AT2G46680,AT2G42540,AT3G11410,AT3G14060,AT3G14440,AT3G23840,AT3G25870,AT3G28007,AT3G29575,AT3G56270,AT3G61890,AT3G63010,AT4G01985,AT4G05100,AT4G12000,AT4G18280,AT4G24960,AT4G33905,AT4G38580,AT5G01840,AT5G11110,AT5G13200,AT5G15190,AT5G23850,AT5G41400,AT5G42570,AT5G43880,AT5G52310,AT5G54060,AT5G50720,AT5G15960	na
1	AT5G20730	ARF7	14	na	PWM1252	CisBP	M0147_1.01	76	2.6044195516275638e-11	6.396882542559208e-10	56	AT1G01470,AT1G05100,AT1G09350,AT1G13360,AT1G21790,AT1G27200,AT1G27910,AT1G29300,AT1G33230,AT1G48000,AT1G51090,AT1G58360,AT1G60190,AT1G62570,AT1G67850,AT1G68570,AT1G69790,AT1G69870,AT1G70640,AT1G75370,AT1G76580,AT1G80130,AT2G21590,AT2G21620,AT2G44940,AT2G46680,AT2G42540,AT3G11410,AT3G14060,AT3G14440,AT3G23840,AT3G25870,AT3G28007,AT3G29575,AT3G56270,AT3G61890,AT3G63010,AT4G01985,AT4G05100,AT4G12000,AT4G18280,AT4G24960,AT4G33905,AT4G38580,AT5G01840,AT5G11110,AT5G13200,AT5G15190,AT5G23850,AT5G41400,AT5G42570,AT5G43880,AT5G52310,AT5G54060,AT5G50720,AT5G15960	na
1	AT5G37020	ARF8	4	0	PWM1253	CisBP	M0147_1.01	77	2.6044195516275638e-11	6.396882542559208e-10	56	AT1G01470,AT1G05100,AT1G09350,AT1G13360,AT1G21790,AT1G27200,AT1G27910,AT1G29300,AT1G33230,AT1G48000,AT1G51090,AT1G58360,AT1G60190,AT1G62570,AT1G67850,AT1G68570,AT1G69790,AT1G69870,AT1G70640,AT1G75370,AT1G76580,AT1G80130,AT2G21590,AT2G21620,AT2G44940,AT2G46680,AT2G42540,AT3G11410,AT3G14060,AT3G14440,AT3G23840,AT3G25870,AT3G28007,AT3G29575,AT3G56270,AT3G61890,AT3G63010,AT4G01985,AT4G05100,AT4G12000,AT4G18280,AT4G24960,AT4G33905,AT4G38580,AT5G01840,AT5G11110,AT5G13200,AT5G15190,AT5G23850,AT5G41400,AT5G42570,AT5G43880,AT5G52310,AT5G54060,AT5G50720,AT5G15960	
1	AT5G37020	ARF8	4	0	PWM2543	JASPAR	MA0944.1	94	8.481627195440854e-11	1.652995387111462e-9	55	AT1G01470,AT1G05100,AT1G09350,AT1G13360,AT1G21790,AT1G27200,AT1G27910,AT1G29300,AT1G33230,AT1G48000,AT1G51090,AT1G58360,AT1G60190,AT1G62570,AT1G67850,AT1G68570,AT1G69790,AT1G69870,AT1G70640,AT1G75370,AT1G76580,AT1G80130,AT2G21590,AT2G21620,AT2G44940,AT2G46680,AT2G42540,AT3G11410,AT3G14060,AT3G14440,AT3G23840,AT3G25870,AT3G28007,AT3G29575,AT3G56270,AT3G61890,AT3G63010,AT4G01985,AT4G05100,AT4G12000,AT4G18280,AT4G24960,AT4G33905,AT4G38580,AT5G01840,AT5G11110,AT5G15190,AT5G23850,AT5G41400,AT5G42570,AT5G43880,AT5G52310,AT5G54060,AT5G50720,AT5G15960	
1	AT5G60450	ARF4	14	na	PWM1254	CisBP	M0147_1.01	78	2.6044195516275638e-11	6.396882542559208e-10	56	AT1G01470,AT1G05100,AT1G09350,AT1G13360,AT1G21790,AT1G27200,AT1G27910,AT1G29300,AT1G33230,AT1G48000,AT1G51090,AT1G58360,AT1G60190,AT1G62570,AT1G67850,AT1G68570,AT1G69790,AT1G69870,AT1G70640,AT1G75370,AT1G76580,AT1G80130,AT2G21590,AT2G21620,AT2G44940,AT2G46680,AT2G42540,AT3G11410,AT3G14060,AT3G14440,AT3G23840,AT3G25870,AT3G28007,AT3G29575,AT3G56270,AT3G61890,AT3G63010,AT4G01985,AT4G05100,AT4G12000,AT4G18280,AT4G24960,AT4G33905,AT4G38580,AT5G01840,AT5G11110,AT5G13200,AT5G15190,AT5G23850,AT5G41400,AT5G42570,AT5G43880,AT5G52310,AT5G54060,AT5G50720,AT5G15960	na
1	AT4G17880	MYC4	5	na	PWM1272	CisBP	M2232_1.01	79	2.6044195516275638e-11	6.396882542559208e-10	56	AT1G05100,AT1G16850,AT1G17590,AT1G19970,AT1G29300,AT1G48000,AT1G49450,AT1G50420,AT1G51140,AT1G56650,AT1G60190,AT1G62570,AT1G67850,AT1G69260,AT1G69480,AT1G69870,AT1G70640,AT1G73480,AT1G80130,AT1G20450,AT2G04100,AT2G04350,AT2G18160,AT2G22240,AT2G44940,AT2G46270,AT3G05030,AT3G05690,AT3G11410,AT3G14440,AT3G25870,AT3G29575,AT3G50970,AT3G56270,AT3G63060,AT4G01985,AT4G05100,AT4G12000,AT4G17550,AT4G19230,AT4G21440,AT4G22880,AT4G27410,AT5G03210,AT5G04250,AT5G15500,AT5G40800,AT5G42800,AT5G54165,AT5G55950,AT5G66460,AT5G67180,AT5G15970,AT5G59310,AT5G59320,AT5G15960	na
1	AT4G17880	MYC4	5	na	PWM2169	JASPAR	MA0569.1	84	2.6044195516275638e-11	6.396882542559208e-10	56	AT1G05100,AT1G16850,AT1G17590,AT1G19970,AT1G29300,AT1G48000,AT1G49450,AT1G50420,AT1G51140,AT1G56650,AT1G60190,AT1G62570,AT1G67850,AT1G69260,AT1G69480,AT1G69870,AT1G70640,AT1G73480,AT1G80130,AT1G20450,AT2G04100,AT2G04350,AT2G18160,AT2G22240,AT2G44940,AT2G46270,AT3G05030,AT3G05690,AT3G11410,AT3G14440,AT3G25870,AT3G29575,AT3G50970,AT3G56270,AT3G63060,AT4G01985,AT4G05100,AT4G12000,AT4G17550,AT4G19230,AT4G21440,AT4G22880,AT4G27410,AT5G03210,AT5G04250,AT5G15500,AT5G40800,AT5G42800,AT5G54165,AT5G55950,AT5G66460,AT5G67180,AT5G15970,AT5G59310,AT5G59320,AT5G15960	na
1	AT4G17880	MYC4	5	na	PWM1468	CisBP	M0159_1.01	131	2.0909461797670948e-8	2.8838973079403084e-7	50	AT1G05100,AT1G13360,AT1G16850,AT1G19970,AT1G33230,AT1G51140,AT1G56650,AT1G60190,AT1G62570,AT1G66390,AT1G67850,AT1G69260,AT1G69480,AT1G69870,AT1G70640,AT1G72770,AT1G73480,AT1G20450,AT2G04100,AT2G04350,AT2G22240,AT2G44940,AT2G46270,AT2G46680,AT3G11410,AT3G14440,AT3G25870,AT3G28007,AT3G29575,AT3G50970,AT3G56270,AT3G63010,AT3G63060,AT4G03200,AT4G05100,AT4G11350,AT4G17550,AT4G19230,AT4G21440,AT4G22880,AT4G27410,AT4G34000,AT5G03210,AT5G42800,AT5G47640,AT5G54060,AT5G54165,AT5G66460,AT5G15970,AT5G15960	na
1	AT4G36930	SPT	7	0	PWM1293	CisBP	M0161_1.01	80	2.6044195516275638e-11	6.396882542559208e-10	56	AT1G05100,AT1G09350,AT1G19970,AT1G29300,AT1G47710,AT1G51140,AT1G56650,AT1G58340,AT1G60190,AT1G67850,AT1G69870,AT1G70640,AT1G72770,AT1G72830,AT1G73480,AT1G78070,AT1G80130,AT1G20450,AT2G04100,AT2G04350,AT2G18160,AT2G21620,AT2G22240,AT2G44940,AT2G46270,AT3G05030,AT3G11410,AT3G14020,AT3G14440,AT3G27250,AT3G29575,AT3G55580,AT3G56270,AT3G63060,AT4G01985,AT4G05100,AT4G11350,AT4G12000,AT4G17550,AT4G22880,AT4G27410,AT4G34000,AT5G03210,AT5G15190,AT5G15500,AT5G40390,AT5G42800,AT5G47640,AT5G50240,AT5G54060,AT5G54165,AT5G55950,AT5G57610,AT5G66460,AT5G15970,AT5G15960	
1	AT4G36930	SPT	7	0	PWM2657	JASPAR	MA1061.1	88	2.6044195516275638e-11	6.396882542559208e-10	56	AT1G05100,AT1G09350,AT1G19970,AT1G29300,AT1G47710,AT1G51140,AT1G56650,AT1G58340,AT1G60190,AT1G67850,AT1G69870,AT1G70640,AT1G72770,AT1G72830,AT1G73480,AT1G78070,AT1G80130,AT1G20450,AT2G04100,AT2G04350,AT2G21620,AT2G22240,AT2G44940,AT2G46270,AT3G05030,AT3G11410,AT3G14020,AT3G14440,AT3G27250,AT3G28007,AT3G29575,AT3G55580,AT3G56270,AT3G63060,AT4G01985,AT4G05100,AT4G11350,AT4G12000,AT4G17550,AT4G22880,AT4G27410,AT4G34000,AT5G03210,AT5G15190,AT5G15500,AT5G40390,AT5G42800,AT5G47640,AT5G50240,AT5G54060,AT5G54165,AT5G55950,AT5G57610,AT5G66460,AT5G15970,AT5G15960	
1	AT5G67110	ALC	1	na	PWM1294	CisBP	M0161_1.01	81	2.6044195516275638e-11	6.396882542559208e-10	56	AT1G05100,AT1G09350,AT1G19970,AT1G29300,AT1G47710,AT1G51140,AT1G56650,AT1G58340,AT1G60190,AT1G67850,AT1G69870,AT1G70640,AT1G72770,AT1G72830,AT1G73480,AT1G78070,AT1G80130,AT1G20450,AT2G04100,AT2G04350,AT2G18160,AT2G21620,AT2G22240,AT2G44940,AT2G46270,AT3G05030,AT3G11410,AT3G14020,AT3G14440,AT3G27250,AT3G29575,AT3G55580,AT3G56270,AT3G63060,AT4G01985,AT4G05100,AT4G11350,AT4G12000,AT4G17550,AT4G22880,AT4G27410,AT4G34000,AT5G03210,AT5G15190,AT5G15500,AT5G40390,AT5G42800,AT5G47640,AT5G50240,AT5G54060,AT5G54165,AT5G55950,AT5G57610,AT5G66460,AT5G15970,AT5G15960	na
1	AT4G16110	ARR2	2	na	PWM1378	CisBP	M1233_1.01	82	2.6044195516275638e-11	6.396882542559208e-10	56	AT1G05100,AT1G09350,AT1G16850,AT1G20440,AT1G21790,AT1G27200,AT1G27910,AT1G47710,AT1G48000,AT1G50420,AT1G51090,AT1G58340,AT1G60190,AT1G64890,AT1G68570,AT1G69790,AT1G70640,AT1G72830,AT1G75370,AT1G76580,AT1G78070,AT1G80130,AT1G20450,AT2G18160,AT2G21620,AT3G14440,AT3G15350,AT3G23840,AT3G25870,AT3G28007,AT3G50970,AT3G56270,AT4G01985,AT4G21940,AT4G24960,AT4G26080,AT4G33905,AT4G36240,AT5G06510,AT5G11110,AT5G15190,AT5G20885,AT5G40390,AT5G40800,AT5G41400,AT5G42570,AT5G43880,AT5G47640,AT5G52310,AT5G57050,AT5G15970,AT5G43150,AT5G50720,AT5G59310,AT5G59320,AT5G15960	na
1	AT1G77200	AT1G77200	0	na	PWM1568	PBM		83	2.6044195516275638e-11	6.396882542559208e-10	56	AT1G05100,AT1G09350,AT1G16850,AT1G20440,AT1G21790,AT1G27200,AT1G27910,AT1G47710,AT1G48000,AT1G50420,AT1G51090,AT1G58340,AT1G60190,AT1G64890,AT1G68570,AT1G69790,AT1G70640,AT1G72830,AT1G75370,AT1G76580,AT1G78070,AT1G80130,AT1G20450,AT2G18160,AT2G21620,AT3G14440,AT3G15350,AT3G23840,AT3G25870,AT3G28007,AT3G50970,AT3G56270,AT4G01985,AT4G21940,AT4G24960,AT4G26080,AT4G33905,AT4G36240,AT5G06510,AT5G11110,AT5G15190,AT5G20885,AT5G40390,AT5G40800,AT5G41400,AT5G42570,AT5G43880,AT5G47640,AT5G52310,AT5G57050,AT5G15970,AT5G43150,AT5G50720,AT5G59310,AT5G59320,AT5G15960	na
1	AT1G77200	AT1G77200	0	na	PWM2752	DAP-seq	AT1G77200_col	109	2.6910136980122176e-10	4.923456694424394e-9	54	AT1G01470,AT1G09350,AT1G16850,AT1G20440,AT1G21790,AT1G27200,AT1G27910,AT1G43890,AT1G47710,AT1G48000,AT1G50420,AT1G58340,AT1G60190,AT1G64890,AT1G69790,AT1G70640,AT1G72830,AT1G73480,AT1G75370,AT1G76580,AT1G78070,AT1G20450,AT2G41190,AT2G42530,AT2G42540,AT3G14440,AT3G15350,AT3G23840,AT3G25870,AT3G28007,AT3G50970,AT3G56270,AT4G01985,AT4G21440,AT4G21940,AT4G26080,AT4G36240,AT5G06510,AT5G11110,AT5G13210,AT5G15190,AT5G20885,AT5G40390,AT5G40800,AT5G41400,AT5G42570,AT5G43880,AT5G52310,AT5G57050,AT5G43150,AT5G50720,AT5G59310,AT5G59320,AT5G15960	na
1	AT1G77200	AT1G77200	0	na	PWM1442	CisBP	M0026_1.01	164	0.0000010493366475964492	0.000011613954377410082	46	AT1G09350,AT1G16850,AT1G20440,AT1G21790,AT1G27200,AT1G27910,AT1G43890,AT1G47710,AT1G48000,AT1G58340,AT1G62570,AT1G69790,AT1G69870,AT1G70640,AT1G76580,AT1G78070,AT1G20450,AT1G45249,AT3G05660,AT2G21620,AT2G23120,AT2G41190,AT3G23840,AT3G25870,AT3G29590,AT3G50970,AT3G56270,AT3G63010,AT4G01985,AT4G17550,AT4G21940,AT4G24960,AT4G34000,AT4G36240,AT4G38580,AT5G04250,AT5G06510,AT5G11110,AT5G15190,AT5G42570,AT5G43880,AT5G52310,AT5G57050,AT5G64750,AT5G43150,AT5G50720	na
1	AT1G74930	ORA47	11	0	PWM2644	JASPAR	MA1048.1	87	2.6044195516275638e-11	6.396882542559208e-10	56	AT1G01250,AT1G09350,AT1G19630,AT1G20440,AT1G27910,AT1G33230,AT1G47510,AT1G48000,AT1G56650,AT1G58340,AT1G58360,AT1G60190,AT1G62570,AT1G64890,AT1G68570,AT1G69870,AT1G76580,AT1G78070,AT1G20450,AT2G01430,AT2G04350,AT2G21590,AT2G22240,AT2G42530,AT2G44670,AT2G45600,AT2G42540,AT3G11410,AT3G14060,AT3G14440,AT3G25870,AT3G28007,AT3G56270,AT3G61890,AT3G62070,AT3G63010,AT4G05100,AT4G11350,AT4G12000,AT4G18280,AT4G21440,AT4G21940,AT4G24960,AT4G27410,AT4G33905,AT4G38580,AT4G01060,AT5G04250,AT5G05220,AT5G15190,AT5G15500,AT5G20885,AT5G54165,AT5G50720,AT5G59310,AT5G59320	
1	AT1G74930	ORA47	11	0	PWM1569	PBM		218	0.0000333850200858232	0.00027971654679383645	42	AT1G01250,AT1G05100,AT1G09350,AT1G17590,AT1G19630,AT1G20440,AT1G27200,AT1G27910,AT1G47510,AT1G48000,AT1G56650,AT1G58340,AT1G58360,AT1G60190,AT1G64890,AT1G68570,AT1G78070,AT1G80130,AT1G20450,AT2G01430,AT2G22240,AT3G14060,AT3G14440,AT3G56270,AT3G61890,AT3G63010,AT3G63060,AT4G05100,AT4G11350,AT4G12000,AT4G18280,AT4G21440,AT4G21940,AT4G24960,AT4G38580,AT4G01060,AT5G05220,AT5G20885,AT5G54165,AT5G50720,AT5G59310,AT5G59320	
1	AT1G09530	PAP3	10	15	PWM841	CisBP	M2732_1.01	89	2.6044195516275638e-11	6.396882542559208e-10	56	AT1G01470,AT1G05100,AT1G09350,AT1G17550,AT1G19630,AT1G19970,AT1G29300,AT1G32900,AT1G47510,AT1G49450,AT1G51140,AT1G60190,AT1G63840,AT1G70640,AT1G72770,AT1G72830,AT1G73480,AT2G04350,AT3G05660,AT2G22240,AT2G44940,AT2G42540,AT3G09910,AT3G14440,AT3G25870,AT3G27250,AT3G28007,AT3G29575,AT3G46450,AT3G50970,AT3G56270,AT3G63060,AT4G01985,AT4G05100,AT4G08570,AT4G11350,AT4G12000,AT4G17550,AT4G21440,AT4G22880,AT4G34000,AT5G03210,AT5G04250,AT5G05220,AT5G15190,AT5G19470,AT5G42800,AT5G50240,AT5G54060,AT5G54165,AT5G59220,AT5G66460,AT5G15970,AT5G59310,AT5G59320,AT5G15960	AT1G09350,AT1G13360,AT1G16850,AT1G62570,AT1G78070,AT2G04350,AT3G14440,AT3G29575,AT3G63010,AT4G05100,AT4G24960,AT4G34000,AT5G11930,AT5G64750,AT5G66460
1	AT1G09530	PAP3	10	15	PWM1019	CisBP	M2223_1.01	92	8.481627195440854e-11	1.652995387111462e-9	55	AT1G02400,AT1G05100,AT1G09350,AT1G29300,AT1G48000,AT1G51140,AT1G60190,AT1G62570,AT1G64890,AT1G67850,AT1G69870,AT1G70640,AT1G72770,AT1G72830,AT1G73480,AT1G78070,AT1G80130,AT1G20450,AT2G04100,AT2G04350,AT2G18160,AT2G42530,AT2G46270,AT2G42540,AT3G05030,AT3G11410,AT3G14060,AT3G14440,AT3G27250,AT3G28007,AT3G29575,AT3G55580,AT3G56270,AT3G63060,AT4G01985,AT4G03200,AT4G12000,AT4G19230,AT4G33905,AT4G34000,AT5G03210,AT5G15190,AT5G15500,AT5G40390,AT5G42800,AT5G47640,AT5G50240,AT5G54060,AT5G54165,AT5G55950,AT5G57610,AT5G59220,AT5G66460,AT5G15970,AT5G15960	AT1G09350,AT1G13360,AT1G16850,AT1G62570,AT1G78070,AT2G04350,AT3G14440,AT3G29575,AT3G63010,AT4G05100,AT4G24960,AT4G34000,AT5G11930,AT5G64750,AT5G66460
1	AT1G09530	PAP3	10	15	PWM2160	JASPAR	MA0560.1	93	8.481627195440854e-11	1.652995387111462e-9	55	AT1G02400,AT1G05100,AT1G09350,AT1G29300,AT1G48000,AT1G51140,AT1G60190,AT1G62570,AT1G64890,AT1G67850,AT1G69870,AT1G70640,AT1G72770,AT1G72830,AT1G73480,AT1G78070,AT1G80130,AT1G20450,AT2G04100,AT2G04350,AT2G18160,AT2G42530,AT2G46270,AT2G42540,AT3G05030,AT3G11410,AT3G14060,AT3G14440,AT3G27250,AT3G28007,AT3G29575,AT3G50970,AT3G56270,AT3G63060,AT4G01985,AT4G03200,AT4G12000,AT4G19230,AT4G33905,AT4G34000,AT5G03210,AT5G15190,AT5G15500,AT5G40390,AT5G42800,AT5G47640,AT5G50240,AT5G54060,AT5G54165,AT5G55950,AT5G57610,AT5G59220,AT5G66460,AT5G15970,AT5G15960	AT1G09350,AT1G13360,AT1G16850,AT1G62570,AT1G78070,AT2G04350,AT3G14440,AT3G29575,AT3G63010,AT4G05100,AT4G24960,AT4G34000,AT5G11930,AT5G64750,AT5G66460
1	AT1G09530	PAP3	10	15	PWM829	AthaMAP	T04492	97	8.481627195440854e-11	1.652995387111462e-9	55	AT1G01470,AT1G05100,AT1G09350,AT1G19970,AT1G29300,AT1G32900,AT1G49450,AT1G51140,AT1G58340,AT1G60190,AT1G69260,AT1G70640,AT1G72770,AT1G72830,AT1G73480,AT2G04350,AT3G05660,AT2G18160,AT2G22240,AT2G44940,AT2G46270,AT2G46680,AT2G42540,AT3G09910,AT3G25870,AT3G27250,AT3G28007,AT3G29575,AT3G46450,AT3G50970,AT3G63060,AT4G01985,AT4G08570,AT4G11350,AT4G12000,AT4G17550,AT4G22880,AT4G34000,AT5G03210,AT5G04250,AT5G05220,AT5G15190,AT5G19470,AT5G23850,AT5G40390,AT5G42800,AT5G50240,AT5G54060,AT5G54165,AT5G59220,AT5G66460,AT5G15970,AT5G59310,AT5G59320,AT5G15960	AT1G09350,AT1G13360,AT1G16850,AT1G62570,AT1G78070,AT2G04350,AT3G14440,AT3G29575,AT3G63010,AT4G05100,AT4G24960,AT4G34000,AT5G11930,AT5G64750,AT5G66460
1	AT1G09530	PAP3	10	15	PWM962	AthaMAP	T04492	150	5.8020311910509645e-8	7.274854493394671e-7	49	AT1G01250,AT1G01470,AT1G02400,AT1G05100,AT1G09350,AT1G19970,AT1G29300,AT1G30500,AT1G51140,AT1G62570,AT1G64890,AT1G67850,AT1G69260,AT1G69480,AT1G69870,AT1G70640,AT1G72770,AT1G72830,AT1G73480,AT1G78070,AT1G20450,AT2G04350,AT2G23120,AT2G46680,AT3G09910,AT3G14060,AT3G14440,AT3G27250,AT3G29575,AT3G56270,AT3G61890,AT3G63060,AT4G01985,AT4G08570,AT4G12000,AT4G34000,AT5G04250,AT5G05220,AT5G15190,AT5G15500,AT5G42800,AT5G47640,AT5G50240,AT5G54165,AT5G55950,AT5G57610,AT5G66460,AT5G15970,AT5G15960	AT1G09350,AT1G13360,AT1G16850,AT1G62570,AT1G78070,AT2G04350,AT3G14440,AT3G29575,AT3G63010,AT4G05100,AT4G24960,AT4G34000,AT5G11930,AT5G64750,AT5G66460
1	AT1G09530	PAP3	10	15	PWM1305	CisBP	M2733_1.01	152	4.1114242345170845e-7	0.000004849857666111272	47	AT1G05100,AT1G09350,AT1G19970,AT1G29300,AT1G30500,AT1G49450,AT1G51140,AT1G62570,AT1G64890,AT1G67850,AT1G69260,AT1G69480,AT1G69870,AT1G70640,AT1G72770,AT1G72830,AT1G78070,AT1G20450,AT2G04350,AT2G23120,AT2G46680,AT3G14060,AT3G14440,AT3G27250,AT3G29575,AT3G56270,AT3G61890,AT3G63060,AT4G01985,AT4G08570,AT4G12000,AT4G34000,AT5G04250,AT5G05220,AT5G13210,AT5G15190,AT5G15500,AT5G40390,AT5G42800,AT5G50240,AT5G54165,AT5G55950,AT5G57050,AT5G57610,AT5G66460,AT5G15970,AT5G15960	AT1G09350,AT1G13360,AT1G16850,AT1G62570,AT1G78070,AT2G04350,AT3G14440,AT3G29575,AT3G63010,AT4G05100,AT4G24960,AT4G34000,AT5G11930,AT5G64750,AT5G66460
1	AT1G09530	PAP3	10	15	PWM1609	PBM		200	0.000006273739945357094	0.00005828401928510503	44	AT1G05100,AT1G09350,AT1G27910,AT1G32900,AT1G49450,AT1G50420,AT1G51140,AT1G62570,AT1G67850,AT1G69260,AT1G69480,AT1G69870,AT1G70640,AT1G72770,AT1G72830,AT1G78070,AT1G80130,AT1G20450,AT2G04350,AT2G39800,AT2G42530,AT3G14060,AT3G14440,AT3G27250,AT3G29575,AT3G50970,AT3G55580,AT3G56270,AT3G63060,AT4G01985,AT4G08570,AT4G11350,AT4G34000,AT5G15190,AT5G15500,AT5G40390,AT5G40800,AT5G42800,AT5G50240,AT5G54165,AT5G55950,AT5G57610,AT5G15970,AT5G15960	AT1G09350,AT1G13360,AT1G16850,AT1G62570,AT1G78070,AT2G04350,AT3G14440,AT3G29575,AT3G63010,AT4G05100,AT4G24960,AT4G34000,AT5G11930,AT5G64750,AT5G66460
1	AT2G46270	GBF3	8	123	PWM951	CisBP	M0260_1.01	90	2.6044195516275638e-11	6.396882542559208e-10	56	AT1G01250,AT1G05100,AT1G09350,AT1G20440,AT1G29300,AT1G47710,AT1G51140,AT1G58340,AT1G60190,AT1G64890,AT1G67850,AT1G69260,AT1G69870,AT1G70640,AT1G71710,AT1G72770,AT1G20450,AT2G04350,AT2G44940,AT2G46270,AT2G46680,AT2G42540,AT3G11410,AT3G14440,AT3G25870,AT3G29575,AT3G46450,AT3G50970,AT3G55580,AT3G56270,AT3G61890,AT3G62070,AT3G63060,AT4G05100,AT4G08570,AT4G17550,AT4G26080,AT4G27410,AT4G33905,AT4G34000,AT4G39210,AT5G03210,AT5G05220,AT5G15190,AT5G15500,AT5G40390,AT5G41400,AT5G42800,AT5G50240,AT5G54165,AT5G57050,AT5G57610,AT5G15970,AT5G59310,AT5G59320,AT5G15960	AT1G01250,AT1G01470,AT1G02400,AT1G05100,AT1G09350,AT1G13360,AT1G16850,AT1G19970,AT1G20440,AT1G21790,AT1G27200,AT1G29300,AT1G30500,AT1G32900,AT1G47510,AT1G47710,AT1G48000,AT1G49450,AT1G51090,AT1G51140,AT1G53470,AT1G56650,AT1G58340,AT1G58360,AT1G60190,AT1G61930,AT1G62570,AT1G63840,AT1G64890,AT1G66390,AT1G68570,AT1G69260,AT1G69790,AT1G69870,AT1G70640,AT1G71710,AT1G73480,AT1G76580,AT1G78070,AT1G80130,AT1G20450,AT1G45249,AT2G01430,AT2G04100,AT3G05660,AT2G18160,AT2G21620,AT2G39800,AT2G44940,AT2G45600,AT2G46680,AT2G42540,AT3G05030,AT3G05690,AT3G09910,AT3G11410,AT3G14060,AT3G14440,AT3G15350,AT3G22550,AT3G23840,AT3G25870,AT3G27250,AT3G29575,AT3G29590,AT3G46450,AT3G50970,AT3G56270,AT3G61890,AT3G62070,AT3G63010,AT3G63060,AT3G05650,AT3G16360,AT4G01985,AT4G05100,AT4G09820,AT4G11350,AT4G12000,AT4G16750,AT4G17550,AT4G19230,AT4G21440,AT4G24960,AT4G33905,AT4G34000,AT4G38580,AT4G01060,AT5G01840,AT5G03210,AT5G04250,AT5G05220,AT5G11110,AT5G11930,AT5G13200,AT5G13210,AT5G15190,AT5G15500,AT5G17220,AT5G20885,AT5G23850,AT5G40390,AT5G40800,AT5G41400,AT5G42570,AT5G42800,AT5G43880,AT5G47640,AT5G47740,AT5G50240,AT5G52310,AT5G54165,AT5G57050,AT5G59220,AT5G64750,AT5G66460,AT5G67180,AT5G15970,AT5G24080,AT5G43150,AT5G50720,AT5G59320,AT5G15960
1	AT2G46270	GBF3	8	123	PWM2930	DAP-seq	GBF3_col	174	0.0000010493366475964492	0.000011613954377410082	46	AT1G05100,AT1G09350,AT1G20440,AT1G32900,AT1G51140,AT1G62570,AT1G67850,AT1G69870,AT1G70640,AT1G72770,AT1G72830,AT1G73480,AT1G20450,AT2G01430,AT2G04350,AT2G39800,AT2G41190,AT2G46270,AT2G46680,AT3G14440,AT3G27250,AT3G29575,AT3G56270,AT3G61890,AT3G63060,AT4G01985,AT4G09820,AT4G11350,AT4G17550,AT4G22880,AT4G34000,AT4G36240,AT5G01850,AT5G03210,AT5G15190,AT5G15500,AT5G40390,AT5G41400,AT5G42570,AT5G47640,AT5G50240,AT5G54165,AT5G55950,AT5G66460,AT5G15970,AT5G50720	AT1G01250,AT1G01470,AT1G02400,AT1G05100,AT1G09350,AT1G13360,AT1G16850,AT1G19970,AT1G20440,AT1G21790,AT1G27200,AT1G29300,AT1G30500,AT1G32900,AT1G47510,AT1G47710,AT1G48000,AT1G49450,AT1G51090,AT1G51140,AT1G53470,AT1G56650,AT1G58340,AT1G58360,AT1G60190,AT1G61930,AT1G62570,AT1G63840,AT1G64890,AT1G66390,AT1G68570,AT1G69260,AT1G69790,AT1G69870,AT1G70640,AT1G71710,AT1G73480,AT1G76580,AT1G78070,AT1G80130,AT1G20450,AT1G45249,AT2G01430,AT2G04100,AT3G05660,AT2G18160,AT2G21620,AT2G39800,AT2G44940,AT2G45600,AT2G46680,AT2G42540,AT3G05030,AT3G05690,AT3G09910,AT3G11410,AT3G14060,AT3G14440,AT3G15350,AT3G22550,AT3G23840,AT3G25870,AT3G27250,AT3G29575,AT3G29590,AT3G46450,AT3G50970,AT3G56270,AT3G61890,AT3G62070,AT3G63010,AT3G63060,AT3G05650,AT3G16360,AT4G01985,AT4G05100,AT4G09820,AT4G11350,AT4G12000,AT4G16750,AT4G17550,AT4G19230,AT4G21440,AT4G24960,AT4G33905,AT4G34000,AT4G38580,AT4G01060,AT5G01840,AT5G03210,AT5G04250,AT5G05220,AT5G11110,AT5G11930,AT5G13200,AT5G13210,AT5G15190,AT5G15500,AT5G17220,AT5G20885,AT5G23850,AT5G40390,AT5G40800,AT5G41400,AT5G42570,AT5G42800,AT5G43880,AT5G47640,AT5G47740,AT5G50240,AT5G52310,AT5G54165,AT5G57050,AT5G59220,AT5G64750,AT5G66460,AT5G67180,AT5G15970,AT5G24080,AT5G43150,AT5G50720,AT5G59320,AT5G15960
1	AT4G36540	BEE2	3	0	PWM964	CisBP	M0160_1.01	91	2.6044195516275638e-11	6.396882542559208e-10	56	AT1G05100,AT1G13360,AT1G16850,AT1G19970,AT1G33230,AT1G47710,AT1G51140,AT1G56650,AT1G60190,AT1G62570,AT1G66390,AT1G67850,AT1G69260,AT1G69480,AT1G69870,AT1G70640,AT1G72770,AT1G73480,AT1G20450,AT2G04100,AT2G04350,AT2G22240,AT2G44940,AT2G46270,AT2G46680,AT3G05030,AT3G11410,AT3G14440,AT3G25870,AT3G28007,AT3G29575,AT3G50970,AT3G55580,AT3G56270,AT3G63010,AT3G63060,AT4G03200,AT4G05100,AT4G11350,AT4G17550,AT4G22880,AT4G27410,AT4G33905,AT4G34000,AT5G03210,AT5G15190,AT5G15500,AT5G40800,AT5G42800,AT5G47640,AT5G54060,AT5G54165,AT5G55950,AT5G66460,AT5G15970,AT5G15960	
1	AT4G36540	BEE2	3	0	PWM2555	JASPAR	MA0956.1	106	2.6910136980122176e-10	4.923456694424394e-9	54	AT1G05100,AT1G13360,AT1G16850,AT1G19970,AT1G33230,AT1G47710,AT1G51140,AT1G56650,AT1G60190,AT1G62570,AT1G66390,AT1G67850,AT1G69260,AT1G69870,AT1G70640,AT1G72770,AT1G73480,AT1G20450,AT2G04100,AT2G04350,AT2G22240,AT2G44940,AT2G46270,AT2G46680,AT3G05030,AT3G11410,AT3G14440,AT3G25870,AT3G28007,AT3G29575,AT3G50970,AT3G55580,AT3G56270,AT3G63010,AT3G63060,AT4G03200,AT4G05100,AT4G11350,AT4G17550,AT4G22880,AT4G27410,AT4G33905,AT4G34000,AT5G03210,AT5G15190,AT5G15500,AT5G40800,AT5G42800,AT5G47640,AT5G54060,AT5G54165,AT5G55950,AT5G15970,AT5G15960	
1	AT3G60490	AT3G60490	1	0	PWM2762	DAP-seq	AT3G60490_col	95	8.481627195440854e-11	1.652995387111462e-9	55	AT1G01470,AT1G09350,AT1G16850,AT1G20440,AT1G21790,AT1G27200,AT1G27910,AT1G43890,AT1G47510,AT1G47710,AT1G48000,AT1G50420,AT1G56650,AT1G58340,AT1G60190,AT1G64890,AT1G68570,AT1G69790,AT1G70640,AT1G72830,AT1G73480,AT1G75370,AT1G76580,AT1G78070,AT1G20450,AT1G45249,AT2G21590,AT2G41190,AT3G14440,AT3G15350,AT3G23840,AT3G25870,AT3G28007,AT3G56270,AT4G21440,AT4G21940,AT4G26080,AT4G36240,AT5G06510,AT5G11110,AT5G15190,AT5G20885,AT5G40390,AT5G40800,AT5G41400,AT5G42570,AT5G43880,AT5G47640,AT5G52310,AT5G15970,AT5G43150,AT5G50720,AT5G59310,AT5G59320,AT5G15960	
1	AT5G01380	GT3a	3	0	PWM3509	DAP-seq	GT3A_col	96	8.481627195440854e-11	1.652995387111462e-9	55	AT1G01250,AT1G02400,AT1G05100,AT1G17590,AT1G19970,AT1G29300,AT1G32900,AT1G49450,AT1G51140,AT1G58340,AT1G60190,AT1G61930,AT1G67850,AT1G69480,AT1G70640,AT1G72830,AT1G78070,AT1G20450,AT2G01430,AT2G04100,AT2G42530,AT2G46680,AT3G14440,AT3G25870,AT3G27250,AT3G28007,AT3G29575,AT3G50970,AT3G56270,AT3G62070,AT3G63060,AT4G01985,AT4G03200,AT4G05100,AT4G11350,AT4G17550,AT4G27410,AT4G34000,AT5G01850,AT5G03210,AT5G04250,AT5G11110,AT5G13200,AT5G15190,AT5G23850,AT5G40390,AT5G40800,AT5G42800,AT5G54060,AT5G55950,AT5G59220,AT5G15970,AT5G59310,AT5G59320,AT5G15960	
1	AT5G46760	MYC3	15	0	PWM1132	CisBP	M2231_1.01	98	2.6910136980122176e-10	4.923456694424394e-9	54	AT1G05100,AT1G13360,AT1G16850,AT1G17590,AT1G19970,AT1G29300,AT1G33230,AT1G48000,AT1G49450,AT1G51140,AT1G60190,AT1G61930,AT1G62570,AT1G67850,AT1G69260,AT1G69480,AT1G69870,AT1G70640,AT1G72770,AT1G72830,AT1G73480,AT1G80130,AT1G20450,AT2G04100,AT2G04350,AT2G18160,AT2G22240,AT2G44940,AT2G46270,AT3G11410,AT3G14440,AT3G25870,AT3G29575,AT3G50970,AT3G56270,AT3G63010,AT3G63060,AT4G05100,AT4G17550,AT4G19230,AT4G22880,AT4G27410,AT4G34000,AT5G03210,AT5G15190,AT5G15500,AT5G42800,AT5G54165,AT5G55950,AT5G57610,AT5G66460,AT5G67180,AT5G15970,AT5G15960	
1	AT5G46760	MYC3	15	0	PWM2168	JASPAR	MA0568.1	104	2.6910136980122176e-10	4.923456694424394e-9	54	AT1G05100,AT1G13360,AT1G16850,AT1G17590,AT1G19970,AT1G29300,AT1G33230,AT1G49450,AT1G51140,AT1G60190,AT1G61930,AT1G62570,AT1G66390,AT1G67850,AT1G69260,AT1G69480,AT1G69870,AT1G70640,AT1G72770,AT1G72830,AT1G73480,AT1G80130,AT1G20450,AT2G04100,AT2G04350,AT2G18160,AT2G22240,AT2G44940,AT2G46270,AT3G11410,AT3G14440,AT3G25870,AT3G29575,AT3G50970,AT3G56270,AT3G63010,AT3G63060,AT4G05100,AT4G17550,AT4G19230,AT4G22880,AT4G27410,AT4G34000,AT5G03210,AT5G15190,AT5G15500,AT5G42800,AT5G54165,AT5G55950,AT5G57610,AT5G66460,AT5G67180,AT5G15970,AT5G15960	
1	AT5G46760	MYC3	15	0	PWM879	CisBP	M0164_1.01	111	2.6910136980122176e-10	4.923456694424394e-9	54	AT1G05100,AT1G13360,AT1G16850,AT1G17590,AT1G19970,AT1G32900,AT1G48000,AT1G51140,AT1G56650,AT1G60190,AT1G61800,AT1G62570,AT1G66390,AT1G67850,AT1G69260,AT1G69870,AT1G70640,AT1G72770,AT1G73480,AT1G20450,AT2G01430,AT2G04100,AT2G04350,AT2G21590,AT2G46270,AT2G47670,AT3G05030,AT3G11410,AT3G14440,AT3G25870,AT3G27250,AT3G28007,AT3G29575,AT3G50970,AT3G56270,AT3G61890,AT3G63010,AT3G63060,AT4G03200,AT4G05100,AT4G11350,AT4G17550,AT4G22880,AT4G27410,AT4G34000,AT5G03210,AT5G15190,AT5G40800,AT5G42800,AT5G47640,AT5G66460,AT5G15970,AT5G43150,AT5G15960	
1	AT2G25820	ESE2	12	0	PWM1144	CisBP	M0034_1.01	99	2.6910136980122176e-10	4.923456694424394e-9	54	AT1G01470,AT1G09350,AT1G16850,AT1G20440,AT1G21790,AT1G27200,AT1G27910,AT1G33230,AT1G47710,AT1G48000,AT1G50420,AT1G51090,AT1G60190,AT1G62570,AT1G64890,AT1G67850,AT1G69790,AT1G69870,AT1G73480,AT1G75370,AT1G76580,AT1G78070,AT1G80130,AT1G20450,AT2G18160,AT2G41190,AT2G42540,AT3G14440,AT3G23840,AT3G25870,AT3G28007,AT3G50970,AT3G56270,AT4G12000,AT4G21940,AT4G24960,AT4G33905,AT4G36240,AT4G38580,AT5G01840,AT5G06510,AT5G11110,AT5G13210,AT5G15190,AT5G40390,AT5G40800,AT5G41400,AT5G42570,AT5G43880,AT5G52310,AT5G43150,AT5G50720,AT5G59310,AT5G59320	
1	AT3G16280	AT3G16280	1	na	PWM1145	CisBP	M0034_1.01	100	2.6910136980122176e-10	4.923456694424394e-9	54	AT1G01470,AT1G09350,AT1G16850,AT1G20440,AT1G21790,AT1G27200,AT1G27910,AT1G33230,AT1G47710,AT1G48000,AT1G50420,AT1G51090,AT1G60190,AT1G62570,AT1G64890,AT1G67850,AT1G69790,AT1G69870,AT1G73480,AT1G75370,AT1G76580,AT1G78070,AT1G80130,AT1G20450,AT2G18160,AT2G41190,AT2G42540,AT3G14440,AT3G23840,AT3G25870,AT3G28007,AT3G50970,AT3G56270,AT4G12000,AT4G21940,AT4G24960,AT4G33905,AT4G36240,AT4G38580,AT5G01840,AT5G06510,AT5G11110,AT5G13210,AT5G15190,AT5G40390,AT5G40800,AT5G41400,AT5G42570,AT5G43880,AT5G52310,AT5G43150,AT5G50720,AT5G59310,AT5G59320	na
1	AT3G16280	AT3G16280	1	na	PWM2759	DAP-seq	AT3G16280_col	203	0.000006273739945357094	0.00005828401928510503	44	AT1G09350,AT1G20440,AT1G21790,AT1G27200,AT1G27910,AT1G30500,AT1G47510,AT1G47710,AT1G50420,AT1G64890,AT1G68570,AT1G69260,AT1G75370,AT1G76580,AT1G78070,AT1G80130,AT1G20450,AT2G41190,AT3G23840,AT3G25870,AT3G28007,AT3G50970,AT3G56270,AT4G01985,AT4G12000,AT4G21440,AT4G21940,AT4G24960,AT4G26080,AT4G35290,AT4G36240,AT5G06510,AT5G11110,AT5G15190,AT5G40390,AT5G40800,AT5G41400,AT5G43880,AT5G52310,AT5G54165,AT5G43150,AT5G50720,AT5G59310,AT5G59320	na
1	AT5G11590	TINY2	3	na	PWM1147	CisBP	M0034_1.01	102	2.6910136980122176e-10	4.923456694424394e-9	54	AT1G01470,AT1G09350,AT1G16850,AT1G20440,AT1G21790,AT1G27200,AT1G27910,AT1G33230,AT1G47710,AT1G48000,AT1G50420,AT1G51090,AT1G60190,AT1G62570,AT1G64890,AT1G67850,AT1G69790,AT1G69870,AT1G73480,AT1G75370,AT1G76580,AT1G78070,AT1G80130,AT1G20450,AT2G18160,AT2G41190,AT2G42540,AT3G14440,AT3G23840,AT3G25870,AT3G28007,AT3G50970,AT3G56270,AT4G12000,AT4G21940,AT4G24960,AT4G33905,AT4G36240,AT4G38580,AT5G01840,AT5G06510,AT5G11110,AT5G13210,AT5G15190,AT5G40390,AT5G40800,AT5G41400,AT5G42570,AT5G43880,AT5G52310,AT5G43150,AT5G50720,AT5G59310,AT5G59320	na
1	AT5G11590	TINY2	3	na	PWM581	AthaMAP	T07771	147	5.8020311910509645e-8	7.274854493394671e-7	49	AT1G05100,AT1G16850,AT1G17590,AT1G21790,AT1G27200,AT1G27910,AT1G47510,AT1G48000,AT1G51140,AT1G58340,AT1G58360,AT1G61930,AT1G62570,AT1G64890,AT1G68570,AT1G69260,AT1G69790,AT1G69870,AT1G70640,AT1G72830,AT1G75370,AT1G76580,AT1G78070,AT1G20450,AT2G01430,AT2G18160,AT2G21620,AT2G44940,AT3G25870,AT3G29575,AT3G61890,AT4G03200,AT4G12000,AT4G18280,AT4G21940,AT4G24450,AT4G24960,AT4G33905,AT4G39210,AT5G03210,AT5G06510,AT5G11110,AT5G13200,AT5G15500,AT5G42570,AT5G52310,AT5G54060,AT5G15970,AT5G15960	na
1	AT5G11590	TINY2	3	na	PWM34	AthaMAP	T07771	188	0.000002602988309234825	0.000026219988980101353	45	AT1G09350,AT1G17590,AT1G20440,AT1G21790,AT1G29300,AT1G32900,AT1G49450,AT1G56650,AT1G58360,AT1G62570,AT1G64890,AT1G66390,AT1G68570,AT1G69870,AT1G73480,AT1G78070,AT1G20450,AT1G45249,AT2G01430,AT2G18160,AT2G44940,AT3G14440,AT3G23840,AT3G25870,AT3G50970,AT3G63010,AT4G03200,AT4G12000,AT4G21940,AT4G24960,AT4G39210,AT5G04250,AT5G06510,AT5G11110,AT5G20885,AT5G28910,AT5G40390,AT5G43880,AT5G52310,AT5G66460,AT5G15970,AT5G43150,AT5G59310,AT5G59320,AT5G15960	na
1	AT5G25810	TINY	2	0	PWM1148	CisBP	M0034_1.01	103	2.6910136980122176e-10	4.923456694424394e-9	54	AT1G01470,AT1G09350,AT1G16850,AT1G20440,AT1G21790,AT1G27200,AT1G27910,AT1G33230,AT1G47710,AT1G48000,AT1G50420,AT1G51090,AT1G60190,AT1G62570,AT1G64890,AT1G67850,AT1G69790,AT1G69870,AT1G73480,AT1G75370,AT1G76580,AT1G78070,AT1G80130,AT1G20450,AT2G18160,AT2G41190,AT2G42540,AT3G14440,AT3G23840,AT3G25870,AT3G28007,AT3G50970,AT3G56270,AT4G12000,AT4G21940,AT4G24960,AT4G33905,AT4G36240,AT4G38580,AT5G01840,AT5G06510,AT5G11110,AT5G13210,AT5G15190,AT5G40390,AT5G40800,AT5G41400,AT5G42570,AT5G43880,AT5G52310,AT5G43150,AT5G50720,AT5G59310,AT5G59320	
1	AT5G25810	TINY	2	0	PWM2860	DAP-seq	TINY_col	126	7.332388397586343e-9	1.0688595444611637e-7	51	AT1G01470,AT1G05100,AT1G09350,AT1G16850,AT1G20440,AT1G21790,AT1G27200,AT1G27910,AT1G47510,AT1G47710,AT1G50420,AT1G51090,AT1G62570,AT1G68570,AT1G70640,AT1G72830,AT1G75370,AT1G76580,AT1G78070,AT1G20450,AT2G41190,AT2G42530,AT2G42540,AT3G15350,AT3G23840,AT3G25870,AT3G28007,AT3G50970,AT4G01985,AT4G21940,AT4G26080,AT4G36240,AT5G01840,AT5G06510,AT5G11110,AT5G13200,AT5G15190,AT5G20885,AT5G40390,AT5G40800,AT5G41400,AT5G42570,AT5G43880,AT5G50240,AT5G52310,AT5G57050,AT5G64750,AT5G43150,AT5G50720,AT5G59310,AT5G59320	
1	AT5G38860	BIM3	0	na	PWM2565	JASPAR	MA0966.1	108	2.6910136980122176e-10	4.923456694424394e-9	54	AT1G05100,AT1G13360,AT1G19970,AT1G47510,AT1G51140,AT1G56650,AT1G60190,AT1G62570,AT1G66390,AT1G67850,AT1G69260,AT1G69480,AT1G69870,AT1G70640,AT1G72770,AT1G73480,AT1G20450,AT2G04100,AT2G04350,AT3G05660,AT2G22240,AT2G23120,AT2G44940,AT2G46270,AT3G05030,AT3G11410,AT3G14440,AT3G25870,AT3G28007,AT3G29575,AT3G50970,AT3G55580,AT3G61890,AT3G63010,AT3G63060,AT4G05100,AT4G11350,AT4G17550,AT4G19230,AT4G22880,AT4G27410,AT4G33905,AT4G34000,AT5G03210,AT5G15190,AT5G15500,AT5G23850,AT5G42800,AT5G47640,AT5G54060,AT5G54165,AT5G55950,AT5G15970,AT5G15960	na
1	AT5G38860	BIM3	0	na	PWM1277	CisBP	M0163_1.01	120	2.50266382019445e-9	3.9019793300944776e-8	52	AT1G05100,AT1G13360,AT1G19970,AT1G47510,AT1G51140,AT1G56650,AT1G60190,AT1G62570,AT1G67850,AT1G69260,AT1G69480,AT1G69870,AT1G70640,AT1G72770,AT1G73480,AT1G20450,AT2G04100,AT2G04350,AT3G05660,AT2G22240,AT2G23120,AT2G44940,AT2G46270,AT3G05030,AT3G11410,AT3G14440,AT3G25870,AT3G28007,AT3G29575,AT3G55580,AT3G61890,AT3G63010,AT3G63060,AT4G05100,AT4G11350,AT4G17550,AT4G19230,AT4G22880,AT4G27410,AT4G33905,AT4G34000,AT5G03210,AT5G15190,AT5G15500,AT5G23850,AT5G42800,AT5G47640,AT5G54060,AT5G54165,AT5G55950,AT5G15970,AT5G15960	na
1	AT5G38860	BIM3	0	na	PWM2900	DAP-seq	BIM3_col	185	0.000002602988309234825	0.000026219988980101353	45	AT1G01250,AT1G09350,AT1G16850,AT1G17590,AT1G21790,AT1G32900,AT1G48000,AT1G50420,AT1G51140,AT1G64890,AT1G67850,AT1G69480,AT1G70640,AT1G72770,AT1G72830,AT1G73480,AT1G76580,AT1G20450,AT2G01430,AT3G05660,AT3G14020,AT3G14440,AT3G25870,AT3G27250,AT3G28007,AT3G29575,AT3G50970,AT3G56270,AT3G61890,AT3G63060,AT4G01985,AT4G05100,AT4G17550,AT4G19230,AT4G21440,AT4G27410,AT4G33905,AT4G34000,AT5G03210,AT5G23850,AT5G40800,AT5G41400,AT5G42800,AT5G47640,AT5G54060	na
1	AT5G61270	PIF7	39	na	PWM2901	DAP-seq	PIF7_col	110	2.6910136980122176e-10	4.923456694424394e-9	54	AT1G01470,AT1G05100,AT1G09350,AT1G19970,AT1G29300,AT1G50420,AT1G51140,AT1G60190,AT1G62570,AT1G64890,AT1G67850,AT1G69260,AT1G69480,AT1G69870,AT1G70640,AT1G72770,AT1G72830,AT1G78070,AT1G80130,AT1G20450,AT2G01430,AT2G04350,AT2G22240,AT2G39800,AT2G42540,AT3G09910,AT3G14060,AT3G14440,AT3G27250,AT3G29575,AT3G50970,AT3G56270,AT3G61890,AT3G63060,AT4G01985,AT4G11350,AT4G12000,AT4G33905,AT4G34000,AT5G04250,AT5G15190,AT5G15500,AT5G40800,AT5G42800,AT5G47640,AT5G50240,AT5G54165,AT5G57610,AT5G66460,AT5G15970,AT5G43150,AT5G59310,AT5G59320,AT5G15960	na
1	AT5G61270	PIF7	39	na	PWM1002	CisBP	M0157_1.01	178	0.000002602988309234825	0.000026219988980101353	45	AT1G05100,AT1G19970,AT1G29300,AT1G50420,AT1G51140,AT1G56650,AT1G60190,AT1G61930,AT1G62570,AT1G64890,AT1G67850,AT1G69480,AT1G69870,AT1G70640,AT1G72770,AT1G73480,AT1G80130,AT1G20450,AT2G04100,AT2G04350,AT3G05660,AT2G18160,AT2G46270,AT3G14440,AT3G28007,AT3G29575,AT3G55580,AT3G61890,AT3G63060,AT4G01985,AT4G12000,AT4G19230,AT4G34000,AT5G03210,AT5G15190,AT5G15500,AT5G23850,AT5G42800,AT5G47640,AT5G54060,AT5G54165,AT5G55950,AT5G57610,AT5G15970,AT5G15960	na
1	AT5G54680	bHLH105	0	1	PWM1375	CisBP	M0166_1.01	112	8.316184488895041e-10	1.3313320346954293e-8	53	AT1G05100,AT1G13360,AT1G16850,AT1G17550,AT1G19970,AT1G48000,AT1G51140,AT1G56650,AT1G60190,AT1G61800,AT1G62570,AT1G67850,AT1G69260,AT1G69480,AT1G69870,AT1G70640,AT1G72770,AT1G73480,AT1G80130,AT1G20450,AT2G01430,AT2G04100,AT2G04350,AT2G22240,AT2G44940,AT2G46270,AT2G46680,AT3G05030,AT3G11410,AT3G14060,AT3G14440,AT3G22550,AT3G25870,AT3G29575,AT3G50970,AT3G56270,AT3G63010,AT3G63060,AT4G05100,AT4G11350,AT4G17550,AT4G21440,AT4G22880,AT4G27410,AT4G34000,AT5G03210,AT5G15190,AT5G15500,AT5G42800,AT5G47640,AT5G66460,AT5G15970,AT5G15960	AT1G62570
1	AT1G03040	AT1G03040	0	na	PWM1022	CisBP	M0247_1.01	115	2.50266382019445e-9	3.9019793300944776e-8	52	AT1G05100,AT1G13360,AT1G16850,AT1G17590,AT1G19970,AT1G29300,AT1G49450,AT1G51140,AT1G56650,AT1G60190,AT1G62570,AT1G67850,AT1G69260,AT1G69480,AT1G69870,AT1G70640,AT1G72770,AT1G72830,AT1G73480,AT1G20450,AT2G04100,AT2G04350,AT2G22240,AT2G44940,AT2G46270,AT2G46680,AT3G11410,AT3G14440,AT3G25870,AT3G28007,AT3G29575,AT3G50970,AT3G55580,AT3G56270,AT3G63060,AT4G05100,AT4G17550,AT4G22880,AT4G27410,AT4G34000,AT5G03210,AT5G15190,AT5G15500,AT5G42800,AT5G47640,AT5G50240,AT5G54060,AT5G54165,AT5G55950,AT5G57610,AT5G15970,AT5G15960	na
1	AT2G24260	LRL1	0	na	PWM1023	CisBP	M0247_1.01	116	2.50266382019445e-9	3.9019793300944776e-8	52	AT1G05100,AT1G13360,AT1G16850,AT1G17590,AT1G19970,AT1G29300,AT1G49450,AT1G51140,AT1G56650,AT1G60190,AT1G62570,AT1G67850,AT1G69260,AT1G69480,AT1G69870,AT1G70640,AT1G72770,AT1G72830,AT1G73480,AT1G20450,AT2G04100,AT2G04350,AT2G22240,AT2G44940,AT2G46270,AT2G46680,AT3G11410,AT3G14440,AT3G25870,AT3G28007,AT3G29575,AT3G50970,AT3G55580,AT3G56270,AT3G63060,AT4G05100,AT4G17550,AT4G22880,AT4G27410,AT4G34000,AT5G03210,AT5G15190,AT5G15500,AT5G42800,AT5G47640,AT5G50240,AT5G54060,AT5G54165,AT5G55950,AT5G57610,AT5G15970,AT5G15960	na
1	AT4G02590	UNE12	0	na	PWM1024	CisBP	M0247_1.01	117	2.50266382019445e-9	3.9019793300944776e-8	52	AT1G05100,AT1G13360,AT1G16850,AT1G17590,AT1G19970,AT1G29300,AT1G49450,AT1G51140,AT1G56650,AT1G60190,AT1G62570,AT1G67850,AT1G69260,AT1G69480,AT1G69870,AT1G70640,AT1G72770,AT1G72830,AT1G73480,AT1G20450,AT2G04100,AT2G04350,AT2G22240,AT2G44940,AT2G46270,AT2G46680,AT3G11410,AT3G14440,AT3G25870,AT3G28007,AT3G29575,AT3G50970,AT3G55580,AT3G56270,AT3G63060,AT4G05100,AT4G17550,AT4G22880,AT4G27410,AT4G34000,AT5G03210,AT5G15190,AT5G15500,AT5G42800,AT5G47640,AT5G50240,AT5G54060,AT5G54165,AT5G55950,AT5G57610,AT5G15970,AT5G15960	na
1	AT5G58010	LRL3	2	0	PWM1026	CisBP	M0247_1.01	119	2.50266382019445e-9	3.9019793300944776e-8	52	AT1G05100,AT1G13360,AT1G16850,AT1G17590,AT1G19970,AT1G29300,AT1G49450,AT1G51140,AT1G56650,AT1G60190,AT1G62570,AT1G67850,AT1G69260,AT1G69480,AT1G69870,AT1G70640,AT1G72770,AT1G72830,AT1G73480,AT1G20450,AT2G04100,AT2G04350,AT2G22240,AT2G44940,AT2G46270,AT2G46680,AT3G11410,AT3G14440,AT3G25870,AT3G28007,AT3G29575,AT3G50970,AT3G55580,AT3G56270,AT3G63060,AT4G05100,AT4G17550,AT4G22880,AT4G27410,AT4G34000,AT5G03210,AT5G15190,AT5G15500,AT5G42800,AT5G47640,AT5G50240,AT5G54060,AT5G54165,AT5G55950,AT5G57610,AT5G15970,AT5G15960	
1	AT4G09820	AtTT8	7	na	PWM1291	CisBP	M0151_1.01	121	2.50266382019445e-9	3.9019793300944776e-8	52	AT1G05100,AT1G13360,AT1G16850,AT1G19970,AT1G33230,AT1G51140,AT1G56650,AT1G60190,AT1G61800,AT1G62570,AT1G66390,AT1G67850,AT1G69260,AT1G69480,AT1G69870,AT1G70640,AT1G72770,AT1G73480,AT1G20450,AT2G04100,AT2G04350,AT2G22240,AT2G44940,AT2G46270,AT2G46680,AT3G11410,AT3G14440,AT3G25870,AT3G28007,AT3G29575,AT3G50970,AT3G56270,AT3G63010,AT3G63060,AT4G03200,AT4G05100,AT4G11350,AT4G17550,AT4G19230,AT4G21440,AT4G22880,AT4G27410,AT4G34000,AT5G03210,AT5G15500,AT5G42800,AT5G47640,AT5G54060,AT5G54165,AT5G66460,AT5G15970,AT5G15960	na
1	AT5G42630	ATS	1	na	PWM1221	CisBP	M1242_1.01	123	7.332388397586343e-9	1.0688595444611637e-7	51	AT1G09350,AT1G16850,AT1G20440,AT1G21790,AT1G27910,AT1G47710,AT1G48000,AT1G50420,AT1G51090,AT1G58340,AT1G58360,AT1G62570,AT1G64890,AT1G67850,AT1G68570,AT1G69790,AT1G70640,AT1G72830,AT1G73480,AT1G75370,AT1G76580,AT1G78070,AT1G80130,AT1G20450,AT2G18160,AT2G44940,AT2G46270,AT2G42540,AT3G09910,AT3G14440,AT3G25870,AT3G50970,AT4G01985,AT4G12000,AT4G21940,AT4G24960,AT4G35290,AT4G16447,AT5G06510,AT5G11110,AT5G13200,AT5G20885,AT5G40390,AT5G42570,AT5G43880,AT5G52310,AT5G54060,AT5G59220,AT5G15970,AT5G50720,AT5G15960	na
1	AT5G42630	ATS	1	na	PWM1559	PBM		407	0.007892603472017722	0.03546726322137287	34	AT1G02400,AT1G05100,AT1G27910,AT1G30500,AT1G33230,AT1G47710,AT1G49450,AT1G51140,AT1G53470,AT1G61800,AT1G62570,AT1G66390,AT1G68570,AT1G69260,AT1G70640,AT1G76580,AT1G45249,AT2G04350,AT2G18160,AT2G39800,AT3G05030,AT3G09910,AT3G14440,AT3G23840,AT4G05100,AT4G01060,AT5G03210,AT5G04250,AT5G13200,AT5G13210,AT5G20885,AT5G52310,AT5G54165,AT5G59220	na
1	AT3G44460	AtbZIP67	3	0	PWM282	AGRIS		125	7.332388397586343e-9	1.0688595444611637e-7	51	AT1G32900,AT1G47710,AT1G48000,AT1G49450,AT1G53470,AT1G54160,AT1G56650,AT1G58340,AT1G60190,AT1G61800,AT1G67850,AT1G69260,AT1G70640,AT1G72830,AT1G73040,AT1G76580,AT1G78610,AT2G01430,AT2G04350,AT2G21590,AT2G21620,AT2G22240,AT2G39800,AT2G41190,AT2G44940,AT3G09910,AT3G14060,AT3G14440,AT3G23840,AT3G25870,AT3G27250,AT3G29575,AT3G50970,AT3G56270,AT3G63060,AT4G05100,AT4G08570,AT4G11350,AT4G16750,AT4G27410,AT4G33905,AT4G34000,AT4G01060,AT5G15190,AT5G19470,AT5G41400,AT5G64750,AT5G15970,AT5G24080,AT5G59310,AT5G59320	
1	AT3G04070	anac047	9	0	PWM3367	DAP-seq	ANAC047_col	127	7.332388397586343e-9	1.0688595444611637e-7	51	AT1G01250,AT1G02400,AT1G05100,AT1G20440,AT1G47710,AT1G50420,AT1G51090,AT1G51140,AT1G56650,AT1G61800,AT1G62570,AT1G64890,AT1G66390,AT1G68570,AT1G69260,AT1G69790,AT1G69870,AT1G72770,AT1G73480,AT1G80130,AT1G20450,AT2G04100,AT2G21620,AT2G46270,AT3G05030,AT3G09910,AT3G11410,AT3G14060,AT3G14440,AT3G25870,AT3G61890,AT3G63010,AT3G63060,AT3G16360,AT4G03200,AT4G24450,AT4G26080,AT4G27410,AT4G16447,AT5G03210,AT5G04250,AT5G05220,AT5G11110,AT5G13210,AT5G15500,AT5G23850,AT5G41400,AT5G42570,AT5G47740,AT5G57050,AT5G59220	
1	AT3G59060	PIF5	10	20	PWM904	CisBP	M2225_1.01	129	7.332388397586343e-9	1.0688595444611637e-7	51	AT1G02400,AT1G05100,AT1G09350,AT1G48000,AT1G50420,AT1G51140,AT1G53470,AT1G60190,AT1G61930,AT1G64890,AT1G66390,AT1G67850,AT1G69870,AT1G70640,AT1G72770,AT1G73480,AT1G78070,AT1G20450,AT2G04100,AT2G04350,AT3G05660,AT2G18160,AT2G21620,AT2G42530,AT2G44940,AT3G05030,AT3G14060,AT3G14440,AT3G27250,AT3G28007,AT3G29575,AT3G55580,AT3G61890,AT3G63010,AT3G63060,AT4G03200,AT4G19230,AT4G34000,AT5G03210,AT5G15190,AT5G15500,AT5G42800,AT5G50240,AT5G54060,AT5G54165,AT5G55950,AT5G57610,AT5G15970,AT5G59310,AT5G59320,AT5G15960	AT1G02400,AT1G16850,AT1G33230,AT1G48000,AT1G49450,AT1G60190,AT1G68570,AT1G78070,AT1G80130,AT2G45600,AT3G14060,AT3G14440,AT3G29575,AT3G61890,AT3G63010,AT3G05650,AT4G05100,AT5G23850,AT5G47640,AT5G64750
1	AT3G59060	PIF5	10	20	PWM2162	JASPAR	MA0562.1	134	2.0909461797670948e-8	2.8838973079403084e-7	50	AT1G02400,AT1G05100,AT1G09350,AT1G48000,AT1G50420,AT1G51140,AT1G53470,AT1G60190,AT1G61930,AT1G64890,AT1G66390,AT1G67850,AT1G69870,AT1G70640,AT1G72770,AT1G73480,AT1G78070,AT1G20450,AT2G04100,AT2G04350,AT3G05660,AT2G18160,AT2G42530,AT2G44940,AT3G05030,AT3G14060,AT3G14440,AT3G27250,AT3G28007,AT3G29575,AT3G55580,AT3G61890,AT3G63010,AT3G63060,AT4G03200,AT4G19230,AT4G34000,AT5G03210,AT5G15190,AT5G15500,AT5G42800,AT5G50240,AT5G54060,AT5G54165,AT5G55950,AT5G57610,AT5G15970,AT5G59310,AT5G59320,AT5G15960	AT1G02400,AT1G16850,AT1G33230,AT1G48000,AT1G49450,AT1G60190,AT1G68570,AT1G78070,AT1G80130,AT2G45600,AT3G14060,AT3G14440,AT3G29575,AT3G61890,AT3G63010,AT3G05650,AT4G05100,AT5G23850,AT5G47640,AT5G64750
1	AT1G51070	bHLH115	1	na	PWM1480	CisBP	M0156_1.01	132	2.0909461797670948e-8	2.8838973079403084e-7	50	AT1G05100,AT1G13360,AT1G19970,AT1G29300,AT1G51140,AT1G60190,AT1G62570,AT1G67850,AT1G69480,AT1G69870,AT1G70640,AT1G72770,AT1G72830,AT1G73480,AT1G78610,AT1G80130,AT1G20450,AT2G04100,AT2G04350,AT2G18160,AT2G39800,AT2G44940,AT2G46270,AT3G11410,AT3G14060,AT3G14440,AT3G25870,AT3G28007,AT3G29575,AT3G61890,AT3G63010,AT3G63060,AT4G05100,AT4G11350,AT4G17550,AT4G19230,AT4G21440,AT4G22880,AT4G27410,AT5G15500,AT5G23850,AT5G42800,AT5G47640,AT5G54060,AT5G55950,AT5G57610,AT5G66460,AT5G67180,AT5G15970,AT5G15960	na
1	AT4G16430	JAM3	0	na	PWM2556	JASPAR	MA0957.1	135	2.0909461797670948e-8	2.8838973079403084e-7	50	AT1G05100,AT1G16850,AT1G17590,AT1G19970,AT1G29300,AT1G48000,AT1G49450,AT1G51140,AT1G56650,AT1G60190,AT1G62570,AT1G67850,AT1G69260,AT1G69480,AT1G69870,AT1G70640,AT1G73480,AT1G80130,AT1G20450,AT2G04100,AT2G04350,AT2G18160,AT2G44940,AT2G46270,AT3G05030,AT3G05690,AT3G11410,AT3G14440,AT3G25870,AT3G29575,AT3G63060,AT4G05100,AT4G17550,AT4G19230,AT4G21440,AT4G22880,AT4G27410,AT5G03210,AT5G04250,AT5G40800,AT5G42800,AT5G47640,AT5G54165,AT5G55950,AT5G66460,AT5G67180,AT5G15970,AT5G59310,AT5G59320,AT5G15960	na
1	AT2G44940	AT2G44940	3	0	PWM2757	DAP-seq	AT2G44940_col	137	2.0909461797670948e-8	2.8838973079403084e-7	50	AT1G01470,AT1G05100,AT1G09350,AT1G16850,AT1G20440,AT1G21790,AT1G27200,AT1G27910,AT1G47510,AT1G47710,AT1G48000,AT1G50420,AT1G62570,AT1G68570,AT1G70640,AT1G72830,AT1G75370,AT1G76580,AT1G78070,AT1G20450,AT2G41190,AT2G42530,AT2G42540,AT3G14440,AT3G23840,AT3G25870,AT3G28007,AT3G50970,AT4G01985,AT4G21940,AT4G26080,AT4G36240,AT4G01060,AT5G01840,AT5G06510,AT5G11110,AT5G13200,AT5G15190,AT5G40390,AT5G40800,AT5G41400,AT5G43880,AT5G50240,AT5G52310,AT5G57050,AT5G64750,AT5G43150,AT5G50720,AT5G59310,AT5G59320	
1	AT2G31220	AT2G31220	0	na	PWM2878	DAP-seq	BHLH10_col	138	2.0909461797670948e-8	2.8838973079403084e-7	50	AT1G09350,AT1G16850,AT1G20440,AT1G21790,AT1G27200,AT1G27910,AT1G47710,AT1G48000,AT1G50420,AT1G58340,AT1G60190,AT1G64890,AT1G70640,AT1G73480,AT1G75370,AT1G76580,AT1G78070,AT1G20450,AT2G41190,AT2G42530,AT2G42540,AT3G15350,AT3G23840,AT3G25870,AT3G28007,AT3G50970,AT3G56270,AT4G01985,AT4G21940,AT4G26080,AT4G36240,AT5G06510,AT5G11110,AT5G13210,AT5G15190,AT5G20885,AT5G40390,AT5G40800,AT5G41400,AT5G42570,AT5G43880,AT5G50240,AT5G52310,AT5G57050,AT5G64750,AT5G43150,AT5G50720,AT5G59310,AT5G59320,AT5G15960	na
1	AT1G64625	AT1G64625	0	na	PWM2883	DAP-seq	BHLH157_col	139	2.0909461797670948e-8	2.8838973079403084e-7	50	AT1G01250,AT1G05100,AT1G16850,AT1G32900,AT1G47510,AT1G48000,AT1G50420,AT1G51090,AT1G51140,AT1G56650,AT1G62570,AT1G66390,AT1G68570,AT1G69260,AT1G72770,AT1G73480,AT1G76580,AT1G20450,AT1G45249,AT2G04100,AT2G21590,AT2G21620,AT2G44940,AT2G46270,AT3G05030,AT3G11410,AT3G14440,AT3G22550,AT3G25870,AT3G29575,AT3G63010,AT3G63060,AT3G16360,AT4G03200,AT4G17550,AT4G19230,AT4G22880,AT4G26080,AT4G27410,AT4G34000,AT5G03210,AT5G05220,AT5G15500,AT5G17220,AT5G23850,AT5G40800,AT5G41400,AT5G42570,AT5G57050,AT5G50720	na
1	AT1G78700	At1g78700	1	na	PWM2954	DAP-seq	AT1G78700_col	140	2.0909461797670948e-8	2.8838973079403084e-7	50	AT1G05100,AT1G19970,AT1G29300,AT1G49450,AT1G51140,AT1G58340,AT1G60190,AT1G62570,AT1G67850,AT1G69870,AT1G70640,AT1G72830,AT1G73480,AT1G80130,AT2G04100,AT2G18160,AT2G39800,AT2G42530,AT2G44940,AT2G46270,AT2G46680,AT2G42540,AT3G05030,AT3G05690,AT3G09910,AT3G11410,AT3G14440,AT3G29575,AT3G46450,AT3G50970,AT3G62070,AT3G63060,AT4G03200,AT4G05100,AT4G12000,AT4G17550,AT4G24960,AT4G27410,AT4G16447,AT5G03210,AT5G04250,AT5G15190,AT5G23850,AT5G40800,AT5G59220,AT5G66460,AT5G15970,AT5G43150,AT5G59310,AT5G59320	na
1	AT4G18890	At4g18890	0	na	PWM2956	DAP-seq	AT4G18890_col	141	2.0909461797670948e-8	2.8838973079403084e-7	50	AT1G01250,AT1G19970,AT1G21790,AT1G29300,AT1G49450,AT1G51140,AT1G58340,AT1G60190,AT1G67850,AT1G69870,AT1G70640,AT1G72770,AT1G72830,AT1G73480,AT1G80130,AT2G01430,AT2G04100,AT2G04350,AT2G39800,AT2G42530,AT2G44940,AT2G46270,AT2G46680,AT2G42540,AT3G09910,AT3G14440,AT3G25870,AT3G29575,AT3G46450,AT3G50970,AT3G56270,AT3G61890,AT3G62070,AT3G63060,AT4G03200,AT4G05100,AT4G12000,AT4G17550,AT4G24960,AT4G27410,AT5G01850,AT5G03210,AT5G04250,AT5G15190,AT5G40800,AT5G66460,AT5G15970,AT5G43150,AT5G59310,AT5G59320	na
1	AT1G33760	AT1G33760	2	0	PWM935	CisBP	M0073_1.01	142	2.0909461797670948e-8	2.8838973079403084e-7	50	AT1G09350,AT1G19630,AT1G20440,AT1G21790,AT1G27910,AT1G43890,AT1G47510,AT1G47710,AT1G48000,AT1G50420,AT1G56650,AT1G58340,AT1G64890,AT1G68570,AT1G69870,AT1G75370,AT1G76580,AT1G78070,AT1G80130,AT1G20450,AT1G45249,AT2G22240,AT2G23120,AT2G41190,AT2G44670,AT3G14440,AT3G23840,AT3G28007,AT3G50970,AT3G56270,AT3G63060,AT4G01985,AT4G12000,AT4G21440,AT4G21940,AT4G24960,AT4G26080,AT4G36240,AT4G38580,AT5G04250,AT5G05220,AT5G06510,AT5G11110,AT5G15190,AT5G40390,AT5G43880,AT5G52310,AT5G54165,AT5G43150,AT5G50720	
1	AT3G15500	ANAC055	10	na	PWM2536	JASPAR	MA0937.1	143	5.8020311910509645e-8	7.274854493394671e-7	49	AT1G01250,AT1G13360,AT1G16850,AT1G27910,AT1G47510,AT1G47710,AT1G48000,AT1G49450,AT1G51140,AT1G56650,AT1G58340,AT1G58360,AT1G62570,AT1G64890,AT1G69260,AT1G69870,AT1G72770,AT1G20450,AT2G01430,AT2G21620,AT2G42530,AT2G44940,AT2G46680,AT3G05690,AT3G11410,AT3G14060,AT3G14440,AT3G28007,AT3G29575,AT3G61890,AT4G01985,AT4G18280,AT4G19230,AT4G21440,AT4G21940,AT4G33905,AT4G36240,AT4G16447,AT5G04250,AT5G05220,AT5G13210,AT5G15190,AT5G15500,AT5G42570,AT5G57610,AT5G59220,AT5G66460,AT5G43150,AT5G15960	na
1	AT3G15500	ANAC055	10	na	PWM1603	PBM		169	0.0000010493366475964492	0.000011613954377410082	46	AT1G01250,AT1G05100,AT1G16850,AT1G20440,AT1G27910,AT1G47510,AT1G51140,AT1G56650,AT1G62570,AT1G64890,AT1G69260,AT1G69870,AT1G72770,AT1G20450,AT2G01430,AT2G18160,AT2G21620,AT2G42530,AT2G44940,AT2G46680,AT3G09910,AT3G11410,AT3G14060,AT3G25870,AT3G28007,AT3G29575,AT3G61890,AT4G18280,AT4G21440,AT4G26080,AT4G33905,AT4G16447,AT5G03210,AT5G04250,AT5G05220,AT5G11110,AT5G13210,AT5G15190,AT5G41400,AT5G42570,AT5G57610,AT5G59220,AT5G66460,AT5G43150,AT5G59310,AT5G15960	na
1	AT3G15500	ANAC055	10	na	PWM1196	PBM		239	0.00015768833163291973	0.00118299237915408	40	AT1G01470,AT1G05100,AT1G29300,AT1G32900,AT1G48000,AT1G49450,AT1G51140,AT1G53470,AT1G54160,AT1G56650,AT1G62570,AT1G68570,AT1G69260,AT1G69870,AT1G72770,AT1G76580,AT1G78070,AT2G01430,AT2G04100,AT2G46680,AT3G14060,AT3G14440,AT3G22550,AT3G25870,AT3G28007,AT3G29575,AT3G50970,AT4G01985,AT4G05100,AT4G08570,AT4G11350,AT4G18280,AT4G24960,AT4G33905,AT4G16447,AT5G04250,AT5G11110,AT5G41400,AT5G42800,AT5G67180	na
1	AT3G15500	ANAC055	10	na	PWM3372	DAP-seq	ANAC055_col	278	0.0006592048502611184	0.004494122800449374	38	AT1G01250,AT1G13360,AT1G32900,AT1G47510,AT1G48000,AT1G51140,AT1G56650,AT1G61800,AT1G62570,AT1G72770,AT1G73480,AT1G78070,AT1G80130,AT2G04100,AT2G21620,AT2G44670,AT2G45600,AT2G46270,AT2G46680,AT3G05030,AT3G11410,AT3G14440,AT3G25870,AT3G29575,AT3G61890,AT3G63010,AT4G21440,AT4G24450,AT4G26080,AT4G16447,AT5G04250,AT5G05220,AT5G06510,AT5G15190,AT5G19470,AT5G42570,AT5G57050,AT5G59220	na
1	AT3G15500	ANAC055	10	na	PWM347	AthaMAP	T07333	354	0.0024317837976165135	0.013540957605982635	36	AT1G20440,AT1G27200,AT1G27910,AT1G29300,AT1G50420,AT1G54160,AT1G56650,AT1G61800,AT1G61930,AT1G69790,AT1G69870,AT1G70640,AT1G73040,AT1G75370,AT1G78070,AT2G18160,AT2G39800,AT2G44670,AT2G44940,AT2G46680,AT3G05030,AT3G11410,AT3G22550,AT3G61890,AT4G18280,AT4G21440,AT4G27410,AT4G34000,AT4G39210,AT4G01060,AT4G16447,AT5G04250,AT5G11110,AT5G11930,AT5G59220,AT5G66460	na
1	AT3G23690	AT3G23690	3	0	PWM2893	DAP-seq	BHLH77_col	144	5.8020311910509645e-8	7.274854493394671e-7	49	AT1G02400,AT1G19970,AT1G29300,AT1G50420,AT1G64890,AT1G67850,AT1G69790,AT1G69870,AT1G70640,AT1G72770,AT1G72830,AT1G73480,AT1G76580,AT1G78610,AT2G04100,AT3G05660,AT2G18160,AT2G39800,AT2G42530,AT2G44940,AT2G46270,AT3G05030,AT3G14440,AT3G25870,AT3G28007,AT3G29575,AT3G50970,AT3G61890,AT3G62070,AT3G63060,AT4G01985,AT4G03200,AT4G11350,AT4G12000,AT4G22880,AT4G33905,AT5G03210,AT5G19470,AT5G23850,AT5G40390,AT5G40800,AT5G42800,AT5G47640,AT5G54060,AT5G55950,AT5G57610,AT5G66460,AT5G15970,AT5G15960	
1	AT3G23690	AT3G23690	3	0	PWM1342	CisBP	M0249_1.01	198	0.000006273739945357094	0.00005828401928510503	44	AT1G02400,AT1G05100,AT1G19970,AT1G29300,AT1G50420,AT1G51140,AT1G60190,AT1G61930,AT1G62570,AT1G64890,AT1G66390,AT1G67850,AT1G69480,AT1G69870,AT1G70640,AT1G72770,AT1G73480,AT1G80130,AT1G20450,AT2G04100,AT2G04350,AT3G05660,AT2G18160,AT3G11410,AT3G14440,AT3G28007,AT3G29575,AT3G61890,AT3G63060,AT4G01985,AT4G12000,AT4G19230,AT5G03210,AT5G15190,AT5G15500,AT5G23850,AT5G42800,AT5G47640,AT5G54060,AT5G54165,AT5G55950,AT5G57610,AT5G15970,AT5G15960	
1	AT4G36780	At4g36780	2	na	PWM2958	DAP-seq	AT4G36780_col	146	5.8020311910509645e-8	7.274854493394671e-7	49	AT1G05100,AT1G19970,AT1G29300,AT1G49450,AT1G51140,AT1G58340,AT1G60190,AT1G62570,AT1G67850,AT1G69870,AT1G70640,AT1G72830,AT1G73480,AT1G80130,AT2G04100,AT2G39800,AT2G42530,AT2G44940,AT2G46270,AT2G46680,AT2G42540,AT3G05030,AT3G09910,AT3G11410,AT3G14440,AT3G29575,AT3G46450,AT3G50970,AT3G62070,AT3G63060,AT4G03200,AT4G05100,AT4G12000,AT4G17550,AT4G24960,AT4G27410,AT4G16447,AT5G03210,AT5G04250,AT5G15190,AT5G23850,AT5G40800,AT5G59220,AT5G64750,AT5G66460,AT5G15970,AT5G43150,AT5G59310,AT5G59320	na
1	AT2G46510	AIB	9	na	PWM845	CisBP	M0148_1.01	148	5.8020311910509645e-8	7.274854493394671e-7	49	AT1G01470,AT1G05100,AT1G19970,AT1G51140,AT1G56650,AT1G60190,AT1G61930,AT1G62570,AT1G66390,AT1G67850,AT1G69260,AT1G69870,AT1G70640,AT1G73480,AT1G80130,AT1G20450,AT2G01430,AT2G04100,AT2G04350,AT2G46270,AT3G05030,AT3G11410,AT3G14440,AT3G22550,AT3G25870,AT3G28007,AT3G29575,AT3G56270,AT3G61890,AT3G63010,AT3G63060,AT4G05100,AT4G11350,AT4G17550,AT4G22880,AT4G27410,AT4G34000,AT5G03210,AT5G15190,AT5G15500,AT5G40800,AT5G42800,AT5G47640,AT5G54165,AT5G55950,AT5G59220,AT5G66460,AT5G15970,AT5G15960	na
1	AT5G46830	ATNIG1	4	na	PWM846	CisBP	M0148_1.01	149	5.8020311910509645e-8	7.274854493394671e-7	49	AT1G01470,AT1G05100,AT1G19970,AT1G51140,AT1G56650,AT1G60190,AT1G61930,AT1G62570,AT1G66390,AT1G67850,AT1G69260,AT1G69870,AT1G70640,AT1G73480,AT1G80130,AT1G20450,AT2G01430,AT2G04100,AT2G04350,AT2G46270,AT3G05030,AT3G11410,AT3G14440,AT3G22550,AT3G25870,AT3G28007,AT3G29575,AT3G56270,AT3G61890,AT3G63010,AT3G63060,AT4G05100,AT4G11350,AT4G17550,AT4G22880,AT4G27410,AT4G34000,AT5G03210,AT5G15190,AT5G15500,AT5G40800,AT5G42800,AT5G47640,AT5G54165,AT5G55950,AT5G59220,AT5G66460,AT5G15970,AT5G15960	na
1	AT5G45300	BAM8	0	na	PWM2875	DAP-seq	BAM8_col	151	1.566166163348961e-7	0.0000018596926694600574	48	AT1G01250,AT1G19970,AT1G21790,AT1G29300,AT1G49450,AT1G51140,AT1G58340,AT1G60190,AT1G67850,AT1G69260,AT1G69480,AT1G69870,AT1G70640,AT1G73480,AT1G20450,AT1G45249,AT2G01430,AT2G04100,AT2G04350,AT2G39800,AT2G42530,AT2G44940,AT2G46270,AT2G46680,AT3G09910,AT3G14440,AT3G25870,AT3G29575,AT3G50970,AT3G62070,AT3G63060,AT4G03200,AT4G05100,AT4G17550,AT4G19230,AT4G24960,AT4G27410,AT5G01850,AT5G03210,AT5G05220,AT5G11930,AT5G15190,AT5G40800,AT5G55950,AT5G66460,AT5G15970,AT5G59310,AT5G59320	na
1	AT5G49450	AtbZIP1	4	0	PWM437	AthaMAP		156	4.1114242345170845e-7	0.000004849857666111272	47	AT1G01470,AT1G09350,AT1G13360,AT1G20440,AT1G29300,AT1G49450,AT1G50420,AT1G51140,AT1G58340,AT1G64890,AT1G68570,AT1G69790,AT1G69870,AT1G70640,AT1G71710,AT1G72770,AT1G72830,AT1G78070,AT1G20450,AT2G04350,AT2G22240,AT2G42540,AT3G14440,AT3G27250,AT3G28007,AT3G56270,AT3G61890,AT3G62070,AT3G63010,AT3G63060,AT4G01985,AT4G05100,AT4G08570,AT4G11350,AT4G12000,AT4G34000,AT5G15190,AT5G15500,AT5G40390,AT5G42800,AT5G50240,AT5G54165,AT5G57050,AT5G57610,AT5G64750,AT5G15970,AT5G15960	
1	AT2G40950	BZIP17	3	0	PWM882	CisBP	M0259_1.01	157	4.1114242345170845e-7	0.000004849857666111272	47	AT1G01250,AT1G02400,AT1G05100,AT1G17550,AT1G47710,AT1G51140,AT1G54160,AT1G56650,AT1G60190,AT1G69870,AT1G72770,AT1G73480,AT1G20450,AT2G01430,AT2G39800,AT2G44940,AT2G46270,AT3G11410,AT3G14020,AT3G14440,AT3G22550,AT3G23840,AT3G28007,AT3G29575,AT3G55580,AT3G56270,AT3G61890,AT3G63060,AT4G05100,AT4G11350,AT4G17550,AT4G22880,AT4G26080,AT4G27410,AT4G33905,AT4G34000,AT5G03210,AT5G05220,AT5G15190,AT5G15500,AT5G42570,AT5G42800,AT5G50240,AT5G59220,AT5G64750,AT5G15970,AT5G43150	
1	AT3G56660	BZIP49	1	na	PWM884	CisBP	M0259_1.01	159	4.1114242345170845e-7	0.000004849857666111272	47	AT1G01250,AT1G02400,AT1G05100,AT1G17550,AT1G47710,AT1G51140,AT1G54160,AT1G56650,AT1G60190,AT1G69870,AT1G72770,AT1G73480,AT1G20450,AT2G01430,AT2G39800,AT2G44940,AT2G46270,AT3G11410,AT3G14020,AT3G14440,AT3G22550,AT3G23840,AT3G28007,AT3G29575,AT3G55580,AT3G56270,AT3G61890,AT3G63060,AT4G05100,AT4G11350,AT4G17550,AT4G22880,AT4G26080,AT4G27410,AT4G33905,AT4G34000,AT5G03210,AT5G05220,AT5G15190,AT5G15500,AT5G42570,AT5G42800,AT5G50240,AT5G59220,AT5G64750,AT5G15970,AT5G43150	na
1	AT4G06746	DEAR5	8	na	PWM910	CisBP	M0075_1.01	160	4.1114242345170845e-7	0.000004849857666111272	47	AT1G02400,AT1G09350,AT1G27910,AT1G47510,AT1G48000,AT1G50420,AT1G51090,AT1G60190,AT1G62570,AT1G64890,AT1G68570,AT1G69790,AT1G69870,AT1G75370,AT1G76580,AT1G80130,AT1G20450,AT1G45249,AT2G22240,AT2G41190,AT3G14440,AT3G23840,AT3G25870,AT3G28007,AT3G50970,AT3G56270,AT3G63060,AT4G01985,AT4G12000,AT4G21440,AT4G21940,AT4G24960,AT4G26080,AT4G36240,AT4G38580,AT5G05220,AT5G06510,AT5G11110,AT5G15190,AT5G41400,AT5G43880,AT5G52310,AT5G54165,AT5G57050,AT5G64750,AT5G43150,AT5G50720	na
1	AT4G06746	DEAR5	8	na	PWM2798	DAP-seq	DEAR5_col	304	0.001286303622666079	0.00800813331750097	37	AT1G02400,AT1G27910,AT1G47510,AT1G50420,AT1G53470,AT1G60190,AT1G62570,AT1G68570,AT1G80130,AT1G20450,AT2G22240,AT2G23120,AT2G41190,AT2G42530,AT2G42540,AT3G14440,AT3G23840,AT3G28007,AT3G50970,AT3G61890,AT4G01985,AT4G09820,AT4G12000,AT4G21440,AT4G21940,AT4G24960,AT4G26080,AT4G35290,AT4G38580,AT4G01060,AT5G04250,AT5G05220,AT5G06510,AT5G15190,AT5G54165,AT5G43150,AT5G50720	na
1	AT3G45150	TCP16	1	0	PWM1180	AthaMAP		162	0.0000010493366475964492	0.000011613954377410082	46	AT1G01250,AT1G20440,AT1G29300,AT1G47510,AT1G51140,AT1G58340,AT1G61930,AT1G69790,AT1G69870,AT1G71710,AT1G72830,AT1G73480,AT1G75370,AT1G76580,AT1G80130,AT2G04100,AT2G21620,AT2G39800,AT2G44940,AT2G45600,AT2G46270,AT3G14440,AT3G22550,AT3G25870,AT3G28007,AT3G29575,AT3G46450,AT3G61890,AT3G63010,AT4G05100,AT4G09820,AT4G11350,AT4G12000,AT4G16750,AT4G17550,AT4G22880,AT4G24960,AT4G27410,AT4G33905,AT4G36240,AT4G39210,AT5G01840,AT5G20885,AT5G43880,AT5G47640,AT5G50720	
1	AT3G45150	TCP16	1	0	PWM2186	JASPAR	MA0587.1	170	0.0000010493366475964492	0.000011613954377410082	46	AT1G01250,AT1G20440,AT1G29300,AT1G47510,AT1G51140,AT1G58340,AT1G61930,AT1G69790,AT1G69870,AT1G71710,AT1G72830,AT1G73480,AT1G75370,AT1G76580,AT1G80130,AT2G04100,AT2G21620,AT2G39800,AT2G44940,AT2G45600,AT2G46270,AT3G14440,AT3G22550,AT3G25870,AT3G28007,AT3G29575,AT3G46450,AT3G61890,AT3G63010,AT4G05100,AT4G09820,AT4G11350,AT4G12000,AT4G16750,AT4G17550,AT4G22880,AT4G24960,AT4G27410,AT4G33905,AT4G36240,AT4G39210,AT5G01840,AT5G20885,AT5G43880,AT5G47640,AT5G50720	
1	AT3G45150	TCP16	1	0	PWM979	CisBP	M2250_1.01	205	0.000006273739945357094	0.00005828401928510503	44	AT1G01250,AT1G20440,AT1G29300,AT1G47510,AT1G51140,AT1G58340,AT1G61930,AT1G69790,AT1G69870,AT1G72830,AT1G73480,AT1G75370,AT1G76580,AT1G78610,AT2G04100,AT2G21620,AT2G39800,AT2G44940,AT2G45600,AT2G46270,AT3G05690,AT3G14440,AT3G22550,AT3G25870,AT3G28007,AT3G46450,AT3G61890,AT3G63010,AT4G05100,AT4G09820,AT4G11350,AT4G12000,AT4G16750,AT4G17550,AT4G24960,AT4G27410,AT4G33905,AT4G36240,AT4G39210,AT5G01840,AT5G20885,AT5G43880,AT5G47640,AT5G50720	
1	AT3G45150	TCP16	1	0	PWM3479	DAP-seq	TCP16_col	213	0.000014687073504211744	0.00012783457666529932	43	AT1G02400,AT1G19970,AT1G20440,AT1G48000,AT1G51140,AT1G61930,AT1G62570,AT1G69790,AT1G69870,AT1G71710,AT1G45249,AT2G01430,AT2G44940,AT2G46270,AT3G05690,AT3G11410,AT3G14440,AT3G28007,AT3G29575,AT3G46450,AT3G63010,AT4G05100,AT4G09820,AT4G12000,AT4G16750,AT4G17550,AT4G24960,AT4G26080,AT4G27410,AT4G36240,AT4G38580,AT4G39210,AT4G16447,AT5G01840,AT5G20885,AT5G40390,AT5G41400,AT5G43880,AT5G47640,AT5G59220,AT5G66460,AT5G59310,AT5G59320	
1	AT5G28770	AtbZIP63	3	na	PWM1427	CisBP	M0268_1.01	163	0.0000010493366475964492	0.000011613954377410082	46	AT1G02400,AT1G05100,AT1G32900,AT1G47710,AT1G51140,AT1G56650,AT1G58340,AT1G60190,AT1G67850,AT1G69870,AT1G70640,AT1G72770,AT1G72830,AT1G73480,AT1G20450,AT2G04350,AT2G39800,AT2G42530,AT2G44940,AT2G46270,AT3G14440,AT3G22550,AT3G28007,AT3G29575,AT3G50970,AT3G56270,AT3G61890,AT3G63060,AT4G01985,AT4G09820,AT4G17550,AT4G22880,AT4G24960,AT4G33905,AT4G34000,AT5G03210,AT5G05220,AT5G15190,AT5G15500,AT5G42570,AT5G42800,AT5G50240,AT5G54060,AT5G59220,AT5G15970,AT5G15960	na
1	AT2G35700	ATERF38	3	0	PWM1443	CisBP	M0026_1.01	165	0.0000010493366475964492	0.000011613954377410082	46	AT1G09350,AT1G16850,AT1G20440,AT1G21790,AT1G27200,AT1G27910,AT1G43890,AT1G47710,AT1G48000,AT1G58340,AT1G62570,AT1G69790,AT1G69870,AT1G70640,AT1G76580,AT1G78070,AT1G20450,AT1G45249,AT3G05660,AT2G21620,AT2G23120,AT2G41190,AT3G23840,AT3G25870,AT3G29590,AT3G50970,AT3G56270,AT3G63010,AT4G01985,AT4G17550,AT4G21940,AT4G24960,AT4G34000,AT4G36240,AT4G38580,AT5G04250,AT5G06510,AT5G11110,AT5G15190,AT5G42570,AT5G43880,AT5G52310,AT5G57050,AT5G64750,AT5G43150,AT5G50720	
1	AT2G35700	ATERF38	3	0	PWM2822	DAP-seq	ERF38_col	232	0.00007365880269329446	0.0005767259092972793	41	AT1G05100,AT1G16850,AT1G20440,AT1G27910,AT1G50420,AT1G53470,AT1G62570,AT1G68570,AT1G72830,AT1G75370,AT1G76580,AT1G78070,AT1G80130,AT1G20450,AT3G05660,AT2G41190,AT2G42530,AT2G42540,AT3G14440,AT3G23840,AT3G50970,AT3G05650,AT4G01985,AT4G21940,AT4G24960,AT4G26080,AT4G33905,AT4G36240,AT4G01060,AT5G01840,AT5G11110,AT5G13200,AT5G15190,AT5G42570,AT5G43880,AT5G50240,AT5G64750,AT5G43150,AT5G50720,AT5G59310,AT5G59320	
1	AT4G16750	At4g16750	3	0	PWM1444	CisBP	M0026_1.01	166	0.0000010493366475964492	0.000011613954377410082	46	AT1G09350,AT1G16850,AT1G20440,AT1G21790,AT1G27200,AT1G27910,AT1G43890,AT1G47710,AT1G48000,AT1G58340,AT1G62570,AT1G69790,AT1G69870,AT1G70640,AT1G76580,AT1G78070,AT1G20450,AT1G45249,AT3G05660,AT2G21620,AT2G23120,AT2G41190,AT3G23840,AT3G25870,AT3G29590,AT3G50970,AT3G56270,AT3G63010,AT4G01985,AT4G17550,AT4G21940,AT4G24960,AT4G34000,AT4G36240,AT4G38580,AT5G04250,AT5G06510,AT5G11110,AT5G15190,AT5G42570,AT5G43880,AT5G52310,AT5G57050,AT5G64750,AT5G43150,AT5G50720	
1	AT4G16750	At4g16750	3	0	PWM2593	JASPAR	MA0995.1	171	0.0000010493366475964492	0.000011613954377410082	46	AT1G09350,AT1G16850,AT1G20440,AT1G21790,AT1G27200,AT1G27910,AT1G43890,AT1G47710,AT1G48000,AT1G58340,AT1G62570,AT1G69790,AT1G69870,AT1G70640,AT1G76580,AT1G78070,AT1G20450,AT1G45249,AT3G05660,AT2G21620,AT2G23120,AT2G41190,AT3G23840,AT3G25870,AT3G29590,AT3G50970,AT3G56270,AT3G63010,AT4G01985,AT4G17550,AT4G21940,AT4G24960,AT4G34000,AT4G36240,AT4G38580,AT5G04250,AT5G06510,AT5G11110,AT5G15190,AT5G42570,AT5G43880,AT5G52310,AT5G57050,AT5G64750,AT5G43150,AT5G50720	
1	AT5G52020	AT5G52020	0	0	PWM1445	CisBP	M0026_1.01	167	0.0000010493366475964492	0.000011613954377410082	46	AT1G09350,AT1G16850,AT1G20440,AT1G21790,AT1G27200,AT1G27910,AT1G43890,AT1G47710,AT1G48000,AT1G58340,AT1G62570,AT1G69790,AT1G69870,AT1G70640,AT1G76580,AT1G78070,AT1G20450,AT1G45249,AT3G05660,AT2G21620,AT2G23120,AT2G41190,AT3G23840,AT3G25870,AT3G29590,AT3G50970,AT3G56270,AT3G63010,AT4G01985,AT4G17550,AT4G21940,AT4G24960,AT4G34000,AT4G36240,AT4G38580,AT5G04250,AT5G06510,AT5G11110,AT5G15190,AT5G42570,AT5G43880,AT5G52310,AT5G57050,AT5G64750,AT5G43150,AT5G50720	
1	AT4G00050	UNE10	12	0	PWM2669	JASPAR	MA1074.1	172	0.0000010493366475964492	0.000011613954377410082	46	AT1G19970,AT1G29300,AT1G50420,AT1G51140,AT1G58340,AT1G60190,AT1G61930,AT1G62570,AT1G64890,AT1G67850,AT1G69480,AT1G69870,AT1G70640,AT1G72770,AT1G73480,AT1G80130,AT1G20450,AT2G04100,AT2G04350,AT3G05660,AT2G18160,AT2G46270,AT2G42540,AT3G14440,AT3G28007,AT3G29575,AT3G55580,AT3G61890,AT3G63060,AT4G01985,AT4G05100,AT4G12000,AT4G19230,AT4G34000,AT5G03210,AT5G15190,AT5G15500,AT5G23850,AT5G42800,AT5G47640,AT5G54060,AT5G54165,AT5G55950,AT5G57610,AT5G15970,AT5G15960	
1	AT4G00050	UNE10	12	0	PWM1001	CisBP	M0157_1.01	193	0.000006273739945357094	0.00005828401928510503	44	AT1G05100,AT1G19970,AT1G29300,AT1G50420,AT1G51140,AT1G56650,AT1G60190,AT1G61930,AT1G62570,AT1G64890,AT1G67850,AT1G69480,AT1G69870,AT1G70640,AT1G72770,AT1G73480,AT1G80130,AT1G20450,AT2G04100,AT2G04350,AT2G18160,AT2G46270,AT3G14440,AT3G28007,AT3G29575,AT3G55580,AT3G61890,AT3G63060,AT4G01985,AT4G12000,AT4G19230,AT4G34000,AT5G03210,AT5G15190,AT5G15500,AT5G23850,AT5G42800,AT5G47640,AT5G54060,AT5G54165,AT5G55950,AT5G57610,AT5G15970,AT5G15960	
1	AT2G22750	AT2G22750	2	na	PWM2884	DAP-seq	BHLH18_col	173	0.0000010493366475964492	0.000011613954377410082	46	AT1G09350,AT1G19630,AT1G21790,AT1G32900,AT1G49450,AT1G51140,AT1G70640,AT1G72830,AT1G73480,AT1G76580,AT1G78070,AT2G01430,AT2G04100,AT2G44940,AT3G14060,AT3G14440,AT3G29575,AT3G46450,AT3G50970,AT3G61890,AT3G63060,AT4G01985,AT4G03200,AT4G05100,AT4G11350,AT4G12000,AT4G21440,AT4G22880,AT4G24450,AT4G24960,AT4G27410,AT4G34000,AT5G01850,AT5G03210,AT5G15190,AT5G15500,AT5G40390,AT5G41400,AT5G42800,AT5G47640,AT5G50240,AT5G54165,AT5G59220,AT5G66460,AT5G15970,AT5G15960	na
1	AT1G52890	ANAC019	8	na	PWM2694	UNIPROBE	UP00570	182	0.000002602988309234825	0.000026219988980101353	45	AT1G01250,AT1G02400,AT1G05100,AT1G13360,AT1G20440,AT1G32900,AT1G47710,AT1G54160,AT1G56650,AT1G58360,AT1G60190,AT1G62570,AT1G69260,AT1G69870,AT1G20450,AT2G04100,AT2G21620,AT2G42530,AT2G46680,AT3G05030,AT3G11410,AT3G14060,AT3G22550,AT3G23840,AT3G25870,AT3G28007,AT3G29575,AT3G55580,AT3G61890,AT4G05100,AT4G21940,AT4G24450,AT4G26080,AT5G03210,AT5G05220,AT5G13210,AT5G15190,AT5G15500,AT5G23850,AT5G40390,AT5G42570,AT5G47640,AT5G57050,AT5G43150,AT5G59310	na
1	AT1G52890	ANAC019	8	na	PWM346	AthaMAP	T06866	353	0.0024317837976165135	0.013540957605982635	36	AT1G20440,AT1G27200,AT1G27910,AT1G29300,AT1G50420,AT1G54160,AT1G56650,AT1G61800,AT1G61930,AT1G69790,AT1G69870,AT1G70640,AT1G73040,AT1G75370,AT1G78070,AT2G18160,AT2G39800,AT2G44670,AT2G44940,AT2G46680,AT3G05030,AT3G11410,AT3G22550,AT3G61890,AT4G18280,AT4G21440,AT4G27410,AT4G34000,AT4G39210,AT4G01060,AT4G16447,AT5G04250,AT5G11110,AT5G11930,AT5G59220,AT5G66460	na
1	AT1G52890	ANAC019	8	na	PWM2695	UNIPROBE	UP00570	378	0.004452493583430966	0.021872112315319787	35	AT1G01250,AT1G05100,AT1G20440,AT1G51140,AT1G56650,AT1G60190,AT1G62570,AT1G64890,AT1G69260,AT1G69790,AT1G69870,AT1G73480,AT1G80130,AT1G20450,AT2G21590,AT2G21620,AT2G46270,AT2G46680,AT3G11410,AT3G14060,AT3G14440,AT3G22550,AT3G61890,AT3G63010,AT4G01985,AT4G05100,AT4G24450,AT4G26080,AT5G13210,AT5G15500,AT5G23850,AT5G47640,AT5G64750,AT5G43150,AT5G59310	na
1	AT5G62000	ARF1-BP	0	na	PWM2863	DAP-seq	ARF2_col	183	0.000002602988309234825	0.000026219988980101353	45	AT1G05100,AT1G09350,AT1G13360,AT1G16850,AT1G27200,AT1G27910,AT1G48000,AT1G51090,AT1G51140,AT1G58360,AT1G62570,AT1G68570,AT1G71710,AT1G73480,AT1G75370,AT1G76580,AT1G80130,AT2G21590,AT2G21620,AT2G46680,AT2G42540,AT3G14060,AT3G14440,AT3G23840,AT3G25870,AT3G28007,AT3G29575,AT3G56270,AT4G01985,AT4G12000,AT4G18280,AT4G21440,AT4G21940,AT4G24450,AT4G24960,AT4G27410,AT5G11110,AT5G13200,AT5G15190,AT5G17850,AT5G41400,AT5G42570,AT5G47640,AT5G52310,AT5G50720	na
1	AT1G10120	AT1G10120	0	0	PWM2891	DAP-seq	BHLH74_col	184	0.000002602988309234825	0.000026219988980101353	45	AT1G09350,AT1G19970,AT1G32900,AT1G48000,AT1G50420,AT1G51140,AT1G64890,AT1G67850,AT1G69480,AT1G69870,AT1G70640,AT1G72770,AT1G73480,AT1G76580,AT1G20450,AT2G04350,AT2G42530,AT3G14440,AT3G22550,AT3G25870,AT3G28007,AT3G29575,AT3G46450,AT3G50970,AT3G56270,AT3G61890,AT3G63060,AT4G01985,AT4G12000,AT4G17550,AT4G21440,AT4G33905,AT4G34000,AT5G03210,AT5G15500,AT5G40800,AT5G41400,AT5G42800,AT5G54060,AT5G57610,AT5G66460,AT5G15970,AT5G59310,AT5G59320,AT5G15960	
1	AT1G10120	AT1G10120	0	0	PWM1338	CisBP	M0249_1.01	194	0.000006273739945357094	0.00005828401928510503	44	AT1G02400,AT1G05100,AT1G19970,AT1G29300,AT1G50420,AT1G51140,AT1G60190,AT1G61930,AT1G62570,AT1G64890,AT1G66390,AT1G67850,AT1G69480,AT1G69870,AT1G70640,AT1G72770,AT1G73480,AT1G80130,AT1G20450,AT2G04100,AT2G04350,AT3G05660,AT2G18160,AT3G11410,AT3G14440,AT3G28007,AT3G29575,AT3G61890,AT3G63060,AT4G01985,AT4G12000,AT4G19230,AT5G03210,AT5G15190,AT5G15500,AT5G23850,AT5G42800,AT5G47640,AT5G54060,AT5G54165,AT5G55950,AT5G57610,AT5G15970,AT5G15960	
1	AT4G27900	AT4G27900	4	na	PWM2961	DAP-seq	AT4G27900_col	186	0.000002602988309234825	0.000026219988980101353	45	AT1G20440,AT1G27910,AT1G32900,AT1G33230,AT1G43890,AT1G47510,AT1G47710,AT1G53470,AT1G58360,AT1G60190,AT1G61800,AT1G61930,AT1G68570,AT1G78070,AT1G20450,AT1G45249,AT3G05660,AT2G21590,AT2G44670,AT2G44940,AT2G46270,AT2G42540,AT3G11410,AT3G25870,AT3G27250,AT3G28007,AT3G29575,AT3G46450,AT3G56270,AT3G63010,AT3G16360,AT4G01985,AT4G08570,AT4G26080,AT4G36240,AT4G38580,AT4G39210,AT4G01060,AT5G04250,AT5G15500,AT5G42800,AT5G47640,AT5G54060,AT5G59220,AT5G66460	na
1	AT5G05410	DREB2	5	0	PWM32	AthaMAP	T02646	187	0.000002602988309234825	0.000026219988980101353	45	AT1G09350,AT1G17590,AT1G20440,AT1G21790,AT1G29300,AT1G32900,AT1G49450,AT1G56650,AT1G58360,AT1G62570,AT1G64890,AT1G66390,AT1G68570,AT1G69870,AT1G73480,AT1G78070,AT1G20450,AT1G45249,AT2G01430,AT2G18160,AT2G44940,AT3G14440,AT3G23840,AT3G25870,AT3G50970,AT3G63010,AT4G03200,AT4G12000,AT4G21940,AT4G24960,AT4G39210,AT5G04250,AT5G06510,AT5G11110,AT5G20885,AT5G28910,AT5G40390,AT5G43880,AT5G52310,AT5G66460,AT5G15970,AT5G43150,AT5G59310,AT5G59320,AT5G15960	
1	AT5G05410	DREB2	5	0	PWM159	AthaMAP	T02646	219	0.0000333850200858232	0.00027971654679383645	42	AT1G21790,AT1G33230,AT1G47710,AT1G48000,AT1G58340,AT1G64890,AT1G67850,AT1G69480,AT1G69790,AT1G69870,AT1G71710,AT1G72770,AT1G76580,AT1G78070,AT1G80130,AT1G20450,AT2G21590,AT2G46270,AT2G46680,AT3G05030,AT3G11410,AT3G14440,AT3G23840,AT3G29575,AT3G55580,AT4G12000,AT4G19230,AT4G27410,AT4G33905,AT4G16447,AT5G11930,AT5G15190,AT5G40390,AT5G40800,AT5G42570,AT5G42800,AT5G43880,AT5G47740,AT5G52310,AT5G57610,AT5G43150,AT5G50720	
1	AT5G05410	DREB2	5	0	PWM454	AthaMAP	T02646	258	0.0003274298997334974	0.0023389713554667763	39	AT1G05100,AT1G21790,AT1G27910,AT1G33230,AT1G47510,AT1G47710,AT1G48000,AT1G51090,AT1G58360,AT1G62570,AT1G69790,AT1G70640,AT1G71710,AT1G72830,AT1G75370,AT1G76580,AT1G20450,AT1G45249,AT2G18160,AT2G44940,AT2G46680,AT2G42540,AT3G05030,AT3G09910,AT3G22550,AT3G50970,AT3G61890,AT4G12000,AT4G21940,AT4G24960,AT4G33905,AT4G36240,AT5G13200,AT5G20885,AT5G40390,AT5G42570,AT5G42800,AT5G43880,AT5G52310	
1	AT5G05410	DREB2	5	0	PWM2803	DAP-seq	DREB2_col	275	0.0006592048502611184	0.004494122800449374	38	AT1G16850,AT1G20440,AT1G27910,AT1G50420,AT1G51090,AT1G53470,AT1G58340,AT1G61800,AT1G62570,AT1G64890,AT1G68570,AT1G80130,AT1G45249,AT3G05660,AT2G18160,AT2G23120,AT2G39800,AT2G41190,AT2G42530,AT2G46680,AT2G42540,AT3G05690,AT3G23840,AT3G50970,AT3G61890,AT3G05650,AT4G01985,AT4G05100,AT4G21940,AT4G24960,AT4G33905,AT5G01850,AT5G06510,AT5G13210,AT5G50240,AT5G52310,AT5G66460,AT5G50720	
1	AT5G05410	DREB2	5	0	PWM116	AthaMAP	T02646	289	0.001286303622666079	0.00800813331750097	37	AT1G01250,AT1G05100,AT1G17590,AT1G20440,AT1G21790,AT1G27910,AT1G47710,AT1G48000,AT1G51140,AT1G60190,AT1G69790,AT1G69870,AT1G72830,AT1G76580,AT1G78070,AT1G20450,AT1G45249,AT2G46270,AT2G46680,AT3G09910,AT3G14440,AT3G23840,AT3G29575,AT4G12000,AT4G19230,AT4G27410,AT4G38580,AT5G03210,AT5G11930,AT5G15190,AT5G40390,AT5G40800,AT5G42570,AT5G43880,AT5G52310,AT5G59310,AT5G59320	
1	AT5G05410	DREB2	5	0	PWM164	AthaMAP	T02646	339	0.0024317837976165135	0.013540957605982635	36	AT1G27910,AT1G47510,AT1G48000,AT1G58360,AT1G67850,AT1G69790,AT1G72830,AT1G76580,AT2G21620,AT2G42540,AT3G14060,AT3G14440,AT3G15350,AT3G22550,AT3G25870,AT3G28007,AT3G29590,AT3G56270,AT3G61890,AT4G03200,AT4G05100,AT4G08570,AT4G24960,AT4G26080,AT4G16447,AT5G04250,AT5G13210,AT5G20885,AT5G23850,AT5G28910,AT5G41400,AT5G47640,AT5G52310,AT5G55950,AT5G64750,AT5G43150	
1	AT5G05410	DREB2	5	0	PWM705	AthaMAP	T02646	432	0.007892603472017722	0.03546726322137287	34	AT1G09350,AT1G21790,AT1G47710,AT1G48000,AT1G62570,AT1G64890,AT1G69790,AT1G69870,AT1G71710,AT1G72830,AT1G73480,AT1G78070,AT1G80130,AT2G44940,AT3G05690,AT3G14020,AT3G14440,AT3G23840,AT3G25870,AT3G29575,AT3G61890,AT4G03200,AT4G05100,AT4G12000,AT5G06510,AT5G11110,AT5G11930,AT5G40390,AT5G40800,AT5G42570,AT5G43880,AT5G52310,AT5G15970,AT5G15960	
1	AT1G25330	CES	5	na	PWM1339	CisBP	M0249_1.01	195	0.000006273739945357094	0.00005828401928510503	44	AT1G02400,AT1G05100,AT1G19970,AT1G29300,AT1G50420,AT1G51140,AT1G60190,AT1G61930,AT1G62570,AT1G64890,AT1G66390,AT1G67850,AT1G69480,AT1G69870,AT1G70640,AT1G72770,AT1G73480,AT1G80130,AT1G20450,AT2G04100,AT2G04350,AT3G05660,AT2G18160,AT3G11410,AT3G14440,AT3G28007,AT3G29575,AT3G61890,AT3G63060,AT4G01985,AT4G12000,AT4G19230,AT5G03210,AT5G15190,AT5G15500,AT5G23850,AT5G42800,AT5G47640,AT5G54060,AT5G54165,AT5G55950,AT5G57610,AT5G15970,AT5G15960	na
1	AT1G26260	CIB5	0	na	PWM1340	CisBP	M0249_1.01	196	0.000006273739945357094	0.00005828401928510503	44	AT1G02400,AT1G05100,AT1G19970,AT1G29300,AT1G50420,AT1G51140,AT1G60190,AT1G61930,AT1G62570,AT1G64890,AT1G66390,AT1G67850,AT1G69480,AT1G69870,AT1G70640,AT1G72770,AT1G73480,AT1G80130,AT1G20450,AT2G04100,AT2G04350,AT3G05660,AT2G18160,AT3G11410,AT3G14440,AT3G28007,AT3G29575,AT3G61890,AT3G63060,AT4G01985,AT4G12000,AT4G19230,AT5G03210,AT5G15190,AT5G15500,AT5G23850,AT5G42800,AT5G47640,AT5G54060,AT5G54165,AT5G55950,AT5G57610,AT5G15970,AT5G15960	na
1	AT1G68920	AT1G68920	0	1	PWM1341	CisBP	M0249_1.01	197	0.000006273739945357094	0.00005828401928510503	44	AT1G02400,AT1G05100,AT1G19970,AT1G29300,AT1G50420,AT1G51140,AT1G60190,AT1G61930,AT1G62570,AT1G64890,AT1G66390,AT1G67850,AT1G69480,AT1G69870,AT1G70640,AT1G72770,AT1G73480,AT1G80130,AT1G20450,AT2G04100,AT2G04350,AT3G05660,AT2G18160,AT3G11410,AT3G14440,AT3G28007,AT3G29575,AT3G61890,AT3G63060,AT4G01985,AT4G12000,AT4G19230,AT5G03210,AT5G15190,AT5G15500,AT5G23850,AT5G42800,AT5G47640,AT5G54060,AT5G54165,AT5G55950,AT5G57610,AT5G15970,AT5G15960	AT1G62570
1	AT4G34530	CIB1	33	na	PWM1343	CisBP	M0249_1.01	199	0.000006273739945357094	0.00005828401928510503	44	AT1G02400,AT1G05100,AT1G19970,AT1G29300,AT1G50420,AT1G51140,AT1G60190,AT1G61930,AT1G62570,AT1G64890,AT1G66390,AT1G67850,AT1G69480,AT1G69870,AT1G70640,AT1G72770,AT1G73480,AT1G80130,AT1G20450,AT2G04100,AT2G04350,AT3G05660,AT2G18160,AT3G11410,AT3G14440,AT3G28007,AT3G29575,AT3G61890,AT3G63060,AT4G01985,AT4G12000,AT4G19230,AT5G03210,AT5G15190,AT5G15500,AT5G23850,AT5G42800,AT5G47640,AT5G54060,AT5G54165,AT5G55950,AT5G57610,AT5G15970,AT5G15960	na
1	AT4G21330	DYT1	0	na	PWM2179	JASPAR	MA0580.1	201	0.000006273739945357094	0.00005828401928510503	44	AT1G09350,AT1G19630,AT1G19970,AT1G20440,AT1G29300,AT1G33230,AT1G47510,AT1G49450,AT1G50420,AT1G61930,AT1G63840,AT1G68570,AT1G73480,AT1G76580,AT1G78070,AT1G78610,AT2G01430,AT2G21590,AT2G22240,AT2G39800,AT2G42530,AT2G44670,AT2G46270,AT2G47670,AT3G05030,AT3G14440,AT3G22550,AT3G23840,AT3G25870,AT3G28007,AT3G29575,AT3G50970,AT3G62070,AT4G05100,AT4G18280,AT4G24960,AT4G34000,AT4G35290,AT5G19470,AT5G23850,AT5G40800,AT5G42800,AT5G57050,AT5G15970	na
1	AT4G21330	DYT1	0	na	PWM981	CisBP	M2243_1.01	287	0.0006592048502611184	0.004494122800449374	38	AT1G19630,AT1G19970,AT1G20440,AT1G33230,AT1G49450,AT1G50420,AT1G68570,AT1G73480,AT1G76580,AT1G78070,AT1G78610,AT2G01430,AT2G21590,AT2G22240,AT2G39800,AT2G42530,AT2G46270,AT2G46680,AT2G47670,AT3G05030,AT3G22550,AT3G23840,AT3G25870,AT3G29575,AT3G61890,AT3G62070,AT4G05100,AT4G18280,AT4G24960,AT4G34000,AT4G35290,AT5G03210,AT5G19470,AT5G28910,AT5G40800,AT5G42800,AT5G57050,AT5G15960	na
1	AT2G18300	HBI1	1	0	PWM2622	JASPAR	MA1025.1	202	0.000006273739945357094	0.00005828401928510503	44	AT1G05100,AT1G13360,AT1G47710,AT1G50420,AT1G51140,AT1G56650,AT1G60190,AT1G62570,AT1G64890,AT1G66390,AT1G67850,AT1G69480,AT1G69870,AT1G70640,AT1G72770,AT1G72830,AT1G73480,AT1G76580,AT1G78070,AT2G04350,AT3G05660,AT2G18160,AT2G44940,AT3G05030,AT3G11410,AT3G14440,AT3G28007,AT3G29575,AT3G61890,AT4G11350,AT4G17550,AT4G19230,AT4G24450,AT4G34000,AT5G03210,AT5G15500,AT5G40390,AT5G42800,AT5G50240,AT5G54060,AT5G54165,AT5G57610,AT5G15970,AT5G15960	
1	AT2G18300	HBI1	1	0	PWM1350	CisBP	M0154_1.01	208	0.000014687073504211744	0.00012783457666529932	43	AT1G05100,AT1G13360,AT1G47710,AT1G50420,AT1G51140,AT1G56650,AT1G60190,AT1G62570,AT1G64890,AT1G66390,AT1G67850,AT1G69480,AT1G69870,AT1G70640,AT1G72770,AT1G73480,AT1G76580,AT1G78070,AT2G04350,AT3G05660,AT2G18160,AT2G44940,AT3G05030,AT3G11410,AT3G14440,AT3G28007,AT3G29575,AT3G61890,AT3G63060,AT4G11350,AT4G17550,AT4G19230,AT4G34000,AT5G03210,AT5G15500,AT5G40390,AT5G42800,AT5G50240,AT5G54060,AT5G54165,AT5G57610,AT5G15970,AT5G15960	
1	AT2G18300	HBI1	1	0	PWM2889	DAP-seq	BHLH64_col	418	0.007892603472017722	0.03546726322137287	34	AT1G09350,AT1G47510,AT1G47710,AT1G48000,AT1G49450,AT1G56650,AT1G62570,AT1G66390,AT1G68570,AT1G70640,AT1G75370,AT1G76580,AT1G78070,AT1G45249,AT2G41190,AT2G44940,AT2G46680,AT3G22550,AT3G28007,AT3G29575,AT4G08570,AT4G12000,AT4G16750,AT4G19230,AT4G36240,AT5G15190,AT5G17220,AT5G40390,AT5G40800,AT5G43880,AT5G52310,AT5G59220,AT5G66460,AT5G15960	
1	AT1G69490	ANAC029	5	na	PWM3410	DAP-seq	NAP_col	204	0.000006273739945357094	0.00005828401928510503	44	AT1G01250,AT1G02400,AT1G05100,AT1G20440,AT1G47710,AT1G56650,AT1G60190,AT1G62570,AT1G64890,AT1G69260,AT1G69870,AT1G73480,AT1G20450,AT2G21620,AT2G42530,AT2G44940,AT2G46270,AT2G46680,AT3G05030,AT3G11410,AT3G14060,AT3G25870,AT3G28007,AT3G61890,AT3G63060,AT4G01985,AT4G05100,AT4G24450,AT4G26080,AT4G27410,AT4G16447,AT5G03210,AT5G04250,AT5G05220,AT5G13210,AT5G15500,AT5G41400,AT5G42570,AT5G55950,AT5G57050,AT5G57610,AT5G59220,AT5G64750,AT5G43150	na
1	AT1G69490	ANAC029	5	na	PWM3	AthaMAP		228	0.0000333850200858232	0.00027971654679383645	42	AT1G09350,AT1G13360,AT1G20440,AT1G30500,AT1G47510,AT1G51140,AT1G58340,AT1G62570,AT1G68570,AT1G75370,AT1G76580,AT1G20450,AT2G04100,AT2G21590,AT2G42530,AT2G46270,AT2G46680,AT2G42540,AT3G05030,AT3G05690,AT3G11410,AT3G14440,AT3G23840,AT3G25870,AT3G28007,AT4G01985,AT4G05100,AT4G14090,AT4G17550,AT4G21440,AT4G24960,AT4G38580,AT5G01840,AT5G15500,AT5G20885,AT5G40390,AT5G42570,AT5G42800,AT5G47740,AT5G57610,AT5G59220,AT5G59310	na
1	AT2G40340	AtERF48	2	na	PWM1150	PBM		206	0.000014687073504211744	0.00012783457666529932	43	AT1G01470,AT1G09350,AT1G21790,AT1G27200,AT1G27910,AT1G47510,AT1G47710,AT1G48000,AT1G50420,AT1G51090,AT1G58340,AT1G64890,AT1G68570,AT1G69790,AT1G70640,AT1G76580,AT1G80130,AT1G20450,AT2G21620,AT2G23120,AT2G41190,AT2G44940,AT3G09910,AT3G14440,AT3G23840,AT3G25870,AT3G28007,AT3G50970,AT3G56270,AT4G01985,AT4G21940,AT4G24960,AT4G36240,AT5G06510,AT5G11110,AT5G20885,AT5G41400,AT5G43880,AT5G52310,AT5G59220,AT5G64750,AT5G43150,AT5G50720	na
1	AT2G40340	AtERF48	2	na	PWM2585	JASPAR	MA0986.1	209	0.000014687073504211744	0.00012783457666529932	43	AT1G09350,AT1G21790,AT1G27200,AT1G27910,AT1G43890,AT1G47510,AT1G47710,AT1G48000,AT1G50420,AT1G51090,AT1G58340,AT1G64890,AT1G69870,AT1G76580,AT1G78070,AT1G80130,AT1G20450,AT1G45249,AT2G23120,AT2G41190,AT2G42540,AT3G05690,AT3G09910,AT3G14440,AT3G23840,AT3G28007,AT3G29590,AT3G50970,AT4G01985,AT4G21440,AT4G21940,AT4G24960,AT4G38580,AT5G06510,AT5G13210,AT5G15190,AT5G42570,AT5G43880,AT5G52310,AT5G57050,AT5G64750,AT5G43150,AT5G50720	na
1	AT2G23340	DEAR3	32	0	PWM1335	PBM		207	0.000014687073504211744	0.00012783457666529932	43	AT1G01250,AT1G05100,AT1G09350,AT1G16850,AT1G27910,AT1G47710,AT1G48000,AT1G58340,AT1G60190,AT1G64890,AT1G68570,AT1G69790,AT1G69870,AT1G76580,AT1G20450,AT1G45249,AT2G04350,AT2G44670,AT2G44940,AT3G05030,AT3G23840,AT3G25870,AT3G50970,AT3G56270,AT3G61890,AT3G62070,AT4G01985,AT4G09820,AT4G21940,AT4G24960,AT4G36240,AT4G38580,AT4G01060,AT5G04250,AT5G06510,AT5G11110,AT5G20885,AT5G41400,AT5G43880,AT5G47640,AT5G52310,AT5G50720,AT5G59310	
1	AT2G23340	DEAR3	32	0	PWM2796	DAP-seq	DEAR3_col	416	0.007892603472017722	0.03546726322137287	34	AT1G02400,AT1G27910,AT1G47510,AT1G50420,AT1G51090,AT1G53470,AT1G60190,AT1G62570,AT1G64890,AT1G70640,AT1G80130,AT1G20450,AT2G22240,AT2G23120,AT2G41190,AT2G42530,AT2G42540,AT3G23840,AT3G28007,AT3G61890,AT4G01985,AT4G12000,AT4G21440,AT4G21940,AT4G24960,AT4G26080,AT4G35290,AT4G01060,AT5G05220,AT5G15190,AT5G54165,AT5G64750,AT5G43150,AT5G50720	
1	AT1G01720	ANAC002	8	na	PWM2696	UNIPROBE	UP00573	210	0.000014687073504211744	0.00012783457666529932	43	AT1G01250,AT1G02400,AT1G16850,AT1G27910,AT1G47510,AT1G50420,AT1G56650,AT1G61800,AT1G62570,AT1G66390,AT1G67850,AT1G68570,AT1G69260,AT1G69790,AT1G72770,AT1G73040,AT1G78610,AT1G80130,AT1G20450,AT1G45249,AT2G04100,AT2G44940,AT3G05030,AT3G05690,AT3G14440,AT3G22550,AT3G29575,AT3G56270,AT3G63010,AT4G03200,AT4G08570,AT4G22880,AT4G24450,AT4G27410,AT4G34000,AT4G38580,AT5G03210,AT5G05220,AT5G23850,AT5G42800,AT5G50240,AT5G57050,AT5G15960	na
1	AT1G01720	ANAC002	8	na	PWM2697	UNIPROBE	UP00573	211	0.000014687073504211744	0.00012783457666529932	43	AT1G01250,AT1G01470,AT1G05100,AT1G16850,AT1G19970,AT1G56650,AT1G61800,AT1G62570,AT1G66390,AT1G69260,AT1G69790,AT1G72770,AT1G72830,AT1G73480,AT1G75370,AT1G78610,AT1G20450,AT2G04100,AT2G44940,AT2G46680,AT3G05690,AT3G14440,AT3G15350,AT3G22550,AT3G29590,AT3G56270,AT3G63010,AT4G03200,AT4G05100,AT4G12000,AT4G19230,AT4G24450,AT4G27410,AT4G38580,AT4G01060,AT5G11110,AT5G41400,AT5G47640,AT5G50240,AT5G57050,AT5G66460,AT5G43150,AT5G15960	na
1	AT1G01720	ANAC002	8	na	PWM3399	DAP-seq	ATAF1_col	314	0.001286303622666079	0.00800813331750097	37	AT1G02400,AT1G13360,AT1G49450,AT1G51140,AT1G54160,AT1G58360,AT1G61800,AT1G69790,AT1G70640,AT1G71710,AT1G72770,AT1G73480,AT1G78610,AT1G80130,AT2G21590,AT2G21620,AT2G44940,AT2G46680,AT2G47670,AT3G09910,AT3G14440,AT3G22550,AT3G28007,AT3G61890,AT4G05100,AT4G17550,AT5G01850,AT5G03210,AT5G04250,AT5G05220,AT5G06510,AT5G15190,AT5G19470,AT5G52310,AT5G57050,AT5G50720,AT5G59320	na
1	AT1G12630	AT1G12630	3	0	PWM2737	DAP-seq	AT1G12630_col	212	0.000014687073504211744	0.00012783457666529932	43	AT1G01250,AT1G01470,AT1G05100,AT1G20440,AT1G21790,AT1G27200,AT1G27910,AT1G48000,AT1G51090,AT1G62570,AT1G72830,AT1G75370,AT1G76580,AT1G78070,AT1G20450,AT3G05660,AT2G18160,AT2G21620,AT2G41190,AT2G42530,AT2G42540,AT3G14440,AT3G23840,AT3G50970,AT3G05650,AT4G12000,AT4G21940,AT4G24960,AT4G26080,AT4G36240,AT4G01060,AT5G01840,AT5G11110,AT5G11930,AT5G13200,AT5G15190,AT5G40800,AT5G42570,AT5G43880,AT5G50240,AT5G43150,AT5G59310,AT5G59320	
1	AT2G22300	CAMTA3	8	na	PWM1171	CisBP	M0516_1.01	214	0.0000333850200858232	0.00027971654679383645	42	AT1G02400,AT1G13360,AT1G16850,AT1G20440,AT1G27200,AT1G29300,AT1G51140,AT1G54160,AT1G60190,AT1G61930,AT1G62570,AT1G69870,AT1G70640,AT1G71710,AT1G75370,AT1G76580,AT1G20450,AT2G01430,AT2G46680,AT3G14440,AT3G15350,AT3G22550,AT3G29575,AT3G61890,AT3G62070,AT3G63060,AT3G16360,AT4G01985,AT4G03200,AT4G05100,AT4G08570,AT4G11350,AT4G22880,AT4G26080,AT4G27410,AT5G03210,AT5G13200,AT5G47640,AT5G64750,AT5G50720,AT5G59310,AT5G59320	na
1	AT2G22300	CAMTA3	8	na	PWM2569	JASPAR	MA0970.1	222	0.0000333850200858232	0.00027971654679383645	42	AT1G02400,AT1G13360,AT1G16850,AT1G20440,AT1G27200,AT1G29300,AT1G51140,AT1G54160,AT1G60190,AT1G61930,AT1G62570,AT1G69870,AT1G70640,AT1G71710,AT1G72770,AT1G75370,AT1G76580,AT1G20450,AT2G01430,AT2G46680,AT3G14440,AT3G15350,AT3G29575,AT3G61890,AT3G62070,AT3G63060,AT3G16360,AT4G01985,AT4G03200,AT4G05100,AT4G08570,AT4G11350,AT4G22880,AT4G26080,AT4G27410,AT5G03210,AT5G13200,AT5G47640,AT5G64750,AT5G50720,AT5G59310,AT5G59320	na
1	AT2G22300	CAMTA3	8	na	PWM353	AthaMAP		431	0.007892603472017722	0.03546726322137287	34	AT1G01250,AT1G05100,AT1G17550,AT1G20440,AT1G32900,AT1G48000,AT1G51140,AT1G56650,AT1G61930,AT1G69790,AT1G73480,AT1G76580,AT1G78070,AT1G20450,AT2G18160,AT2G46680,AT3G05690,AT3G09910,AT3G22550,AT3G28007,AT3G29575,AT3G46450,AT3G61890,AT3G62070,AT4G24450,AT4G26080,AT4G35290,AT4G39210,AT5G04250,AT5G17850,AT5G43880,AT5G57610,AT5G59310,AT5G59320	na
1	AT2G21060	ATCSP4	0	na	PWM1173	CisBP	M0518_1.01	215	0.0000333850200858232	0.00027971654679383645	42	AT1G05100,AT1G13360,AT1G19630,AT1G27910,AT1G29300,AT1G47510,AT1G47710,AT1G61930,AT1G62570,AT1G63840,AT1G66390,AT1G71710,AT1G76580,AT3G05660,AT2G18160,AT2G39800,AT2G44940,AT2G46270,AT3G09910,AT3G22550,AT3G27250,AT3G05650,AT4G01985,AT4G08570,AT4G11350,AT4G21440,AT4G22880,AT4G24450,AT4G26080,AT4G34000,AT4G38580,AT5G13200,AT5G23850,AT5G28910,AT5G47740,AT5G54060,AT5G57050,AT5G57610,AT5G15970,AT5G43150,AT5G59320,AT5G15960	na
1	AT4G38680	ATCSP2	0	na	PWM1174	CisBP	M0518_1.01	216	0.0000333850200858232	0.00027971654679383645	42	AT1G05100,AT1G13360,AT1G19630,AT1G27910,AT1G29300,AT1G47510,AT1G47710,AT1G61930,AT1G62570,AT1G63840,AT1G66390,AT1G71710,AT1G76580,AT3G05660,AT2G18160,AT2G39800,AT2G44940,AT2G46270,AT3G09910,AT3G22550,AT3G27250,AT3G05650,AT4G01985,AT4G08570,AT4G11350,AT4G21440,AT4G22880,AT4G24450,AT4G26080,AT4G34000,AT4G38580,AT5G13200,AT5G23850,AT5G28910,AT5G47740,AT5G54060,AT5G57050,AT5G57610,AT5G15970,AT5G43150,AT5G59320,AT5G15960	na
1	AT1G01250	AT1G01250	4	na	PWM1483	CisBP	M0072_1.01	217	0.0000333850200858232	0.00027971654679383645	42	AT1G02400,AT1G09350,AT1G16850,AT1G27910,AT1G47510,AT1G48000,AT1G50420,AT1G51090,AT1G60190,AT1G62570,AT1G64890,AT1G68570,AT1G69870,AT1G72830,AT1G76580,AT1G78070,AT1G80130,AT1G20450,AT1G45249,AT2G22240,AT2G41190,AT3G14440,AT3G23840,AT3G25870,AT3G28007,AT3G56270,AT3G61890,AT3G63060,AT4G01985,AT4G12000,AT4G21440,AT4G21940,AT4G24960,AT4G38580,AT5G04250,AT5G05220,AT5G06510,AT5G41400,AT5G52310,AT5G54165,AT5G43150,AT5G50720	na
1	AT1G01250	AT1G01250	4	na	PWM2735	DAP-seq	AT1G01250_col	302	0.001286303622666079	0.00800813331750097	37	AT1G09350,AT1G16850,AT1G20440,AT1G27910,AT1G47510,AT1G47710,AT1G50420,AT1G64890,AT1G75370,AT1G76580,AT1G80130,AT1G20450,AT2G23120,AT2G41190,AT2G42530,AT2G42540,AT3G23840,AT3G28007,AT3G50970,AT4G01985,AT4G21440,AT4G21940,AT4G24960,AT4G26080,AT4G36240,AT5G06510,AT5G11110,AT5G15190,AT5G40390,AT5G43880,AT5G50240,AT5G57050,AT5G64750,AT5G43150,AT5G50720,AT5G59310,AT5G59320	na
1	AT2G33860	ARF3	0	na	PWM2606	JASPAR	MA1009.1	223	0.0000333850200858232	0.00027971654679383645	42	AT1G01470,AT1G05100,AT1G09350,AT1G27910,AT1G29300,AT1G33230,AT1G48000,AT1G58360,AT1G62570,AT1G67850,AT1G68570,AT1G69790,AT1G71710,AT1G73480,AT1G75370,AT2G01430,AT2G18160,AT2G44670,AT2G46680,AT3G09910,AT3G23840,AT3G25870,AT3G29575,AT3G55580,AT4G01985,AT4G11350,AT4G12000,AT4G21440,AT4G21940,AT4G24960,AT4G33905,AT4G39210,AT4G16447,AT5G01840,AT5G15190,AT5G23850,AT5G43880,AT5G52310,AT5G57050,AT5G59220,AT5G67180,AT5G50720	na
1	AT2G33860	ARF3	0	na	PWM1601	PBM		409	0.007892603472017722	0.03546726322137287	34	AT1G01470,AT1G05100,AT1G09350,AT1G27200,AT1G27910,AT1G29300,AT1G33230,AT1G43890,AT1G47510,AT1G48000,AT1G58360,AT1G60190,AT1G62570,AT1G69790,AT1G72830,AT1G73480,AT1G80130,AT2G44670,AT2G46270,AT2G46680,AT3G09910,AT3G23840,AT3G29575,AT3G61890,AT4G01985,AT4G21440,AT5G01840,AT5G15190,AT5G23850,AT5G41400,AT5G43880,AT5G57050,AT5G59220,AT5G67180	na
1	AT3G15030	MEE35	1	0	PWM2631	JASPAR	MA1035.1	224	0.0000333850200858232	0.00027971654679383645	42	AT1G13360,AT1G20440,AT1G27910,AT1G48000,AT1G51090,AT1G51140,AT1G58360,AT1G67850,AT1G68570,AT1G69260,AT1G69870,AT1G70640,AT1G73480,AT1G80130,AT2G21590,AT2G44940,AT2G46270,AT2G47670,AT3G05030,AT3G05690,AT3G11410,AT3G22550,AT3G29575,AT3G50970,AT4G05100,AT4G09820,AT4G16750,AT4G17550,AT4G24450,AT4G24960,AT4G34000,AT4G36240,AT4G38580,AT4G01060,AT4G16447,AT5G01840,AT5G03210,AT5G28910,AT5G66460,AT5G15970,AT5G59310,AT5G59320	
1	AT3G15030	MEE35	1	0	PWM1230	CisBP	M1516_1.01	240	0.00015768833163291973	0.00118299237915408	40	AT1G13360,AT1G20440,AT1G48000,AT1G51090,AT1G51140,AT1G58360,AT1G67850,AT1G68570,AT1G69260,AT1G69870,AT1G73480,AT1G75370,AT1G80130,AT2G21590,AT2G44940,AT2G46270,AT2G47670,AT3G05030,AT3G05690,AT3G11410,AT3G22550,AT3G29575,AT4G05100,AT4G09820,AT4G16750,AT4G17550,AT4G24450,AT4G24960,AT4G34000,AT4G36240,AT4G38580,AT4G01060,AT4G16447,AT5G01840,AT5G03210,AT5G28910,AT5G66460,AT5G15970,AT5G59310,AT5G59320	
1	AT5G60200	TMO6	0	0	PWM2667	JASPAR	MA1071.1	225	0.0000333850200858232	0.00027971654679383645	42	AT1G17550,AT1G20440,AT1G27200,AT1G48000,AT1G49450,AT1G50420,AT1G58340,AT1G58360,AT1G62570,AT1G67850,AT1G69790,AT1G72770,AT1G72830,AT1G60470,AT2G04350,AT2G21590,AT2G44670,AT2G46270,AT2G46680,AT3G09910,AT3G22550,AT3G25870,AT3G63010,AT3G63060,AT3G05650,AT3G16360,AT4G01985,AT4G03200,AT4G12000,AT4G16750,AT4G19230,AT4G24960,AT4G27410,AT4G34000,AT4G36240,AT4G39210,AT5G17850,AT5G40390,AT5G40800,AT5G43880,AT5G47740,AT5G50720	
1	AT5G60200	TMO6	0	0	PWM939	CisBP	M0579_1.01	238	0.00007365880269329446	0.0005767259092972793	41	AT1G17550,AT1G20440,AT1G27200,AT1G48000,AT1G49450,AT1G50420,AT1G58340,AT1G58360,AT1G62570,AT1G67850,AT1G69790,AT1G72770,AT1G72830,AT1G60470,AT2G04350,AT2G21590,AT2G44670,AT2G46270,AT2G46680,AT3G09910,AT3G22550,AT3G25870,AT3G63010,AT3G63060,AT3G05650,AT3G16360,AT4G01985,AT4G03200,AT4G12000,AT4G16750,AT4G19230,AT4G24960,AT4G34000,AT4G36240,AT4G39210,AT5G17850,AT5G40390,AT5G40800,AT5G43880,AT5G47740,AT5G50720	
1	AT5G38800	AtbZIP43	3	na	PWM2916	DAP-seq	BZIP43_col	226	0.0000333850200858232	0.00027971654679383645	42	AT1G05100,AT1G09350,AT1G20440,AT1G32900,AT1G47510,AT1G48000,AT1G51140,AT1G53470,AT1G58340,AT1G62570,AT1G69870,AT1G72770,AT1G72830,AT1G73480,AT1G75370,AT1G76580,AT1G20450,AT2G04100,AT2G21620,AT2G44940,AT2G46270,AT2G46680,AT3G05030,AT3G14440,AT3G29590,AT3G50970,AT3G56270,AT3G61890,AT4G11350,AT4G22880,AT4G24450,AT4G33905,AT4G36240,AT5G15500,AT5G19470,AT5G20885,AT5G42570,AT5G42800,AT5G47640,AT5G47740,AT5G50720,AT5G59320	na
1	AT2G04038	AtbZIP48	9	na	PWM2919	DAP-seq	BZIP48_col	227	0.0000333850200858232	0.00027971654679383645	42	AT1G05100,AT1G09350,AT1G20440,AT1G32900,AT1G47510,AT1G58340,AT1G62570,AT1G69870,AT1G72770,AT1G72830,AT1G73480,AT1G75370,AT1G76580,AT1G20450,AT2G04100,AT2G21620,AT2G41190,AT2G44940,AT2G46270,AT2G42540,AT3G05030,AT3G14440,AT3G29590,AT3G50970,AT3G55580,AT3G56270,AT3G61890,AT4G19230,AT4G22880,AT4G24960,AT4G26080,AT4G27410,AT4G35290,AT4G36240,AT5G03210,AT5G15500,AT5G41400,AT5G42570,AT5G47740,AT5G50720,AT5G59310,AT5G59320	na
1	AT1G43160	RAP26	19	0	PWM1103	PBM		229	0.00007365880269329446	0.0005767259092972793	41	AT1G17550,AT1G17590,AT1G21790,AT1G27910,AT1G33230,AT1G47710,AT1G48000,AT1G51090,AT1G61800,AT1G61930,AT1G62570,AT1G66390,AT1G72830,AT1G73480,AT1G75370,AT2G01430,AT3G05660,AT2G18160,AT2G44940,AT2G42540,AT3G14060,AT3G14440,AT3G23840,AT3G25870,AT3G27250,AT3G61890,AT4G05100,AT4G12000,AT4G21440,AT4G24960,AT4G27410,AT5G01840,AT5G06510,AT5G11110,AT5G13200,AT5G17850,AT5G20885,AT5G23850,AT5G42570,AT5G43150,AT5G59310	
1	AT2G36450	HRD	6	na	PWM1273	CisBP	M0019_1.01	230	0.00007365880269329446	0.0005767259092972793	41	AT1G05100,AT1G09350,AT1G20440,AT1G21790,AT1G27200,AT1G27910,AT1G47710,AT1G48000,AT1G58340,AT1G62570,AT1G69790,AT1G70640,AT1G76580,AT1G78070,AT1G80130,AT1G20450,AT3G05660,AT2G18160,AT2G21620,AT2G39800,AT2G41190,AT3G22550,AT3G23840,AT3G25870,AT3G29590,AT3G50970,AT3G61890,AT3G63010,AT4G01985,AT4G11350,AT4G17550,AT4G21940,AT4G24960,AT4G34000,AT5G04250,AT5G11110,AT5G42570,AT5G43880,AT5G52310,AT5G64750,AT5G50720	na
1	AT1G52150	ATHB15	5	0	PWM2623	JASPAR	MA1026.1	231	0.00007365880269329446	0.0005767259092972793	41	AT1G16850,AT1G27910,AT1G32900,AT1G48000,AT1G51140,AT1G60190,AT1G66390,AT1G68570,AT1G69260,AT1G69870,AT1G72830,AT1G60470,AT3G05660,AT2G23120,AT2G39800,AT2G46270,AT2G47670,AT3G11410,AT3G22550,AT3G61890,AT3G05650,AT3G16360,AT4G01985,AT4G09820,AT4G24450,AT4G26080,AT4G34000,AT5G05220,AT5G13200,AT5G13210,AT5G15500,AT5G17850,AT5G20885,AT5G43880,AT5G55950,AT5G57050,AT5G57610,AT5G59220,AT5G66460,AT5G59310,AT5G59320	
1	AT5G15830	AtbZIP3	2	0	PWM2913	DAP-seq	BZIP3_col	233	0.00007365880269329446	0.0005767259092972793	41	AT1G05100,AT1G09350,AT1G20440,AT1G32900,AT1G51140,AT1G58340,AT1G62570,AT1G69870,AT1G70640,AT1G72770,AT1G72830,AT1G73480,AT1G76580,AT1G20450,AT2G21620,AT2G41190,AT2G44940,AT2G46270,AT3G14440,AT3G29575,AT3G29590,AT3G56270,AT3G61890,AT4G01985,AT4G09820,AT4G11350,AT4G22880,AT4G26080,AT4G27410,AT4G34000,AT4G36240,AT5G03210,AT5G15190,AT5G15500,AT5G40390,AT5G41400,AT5G42570,AT5G47640,AT5G50240,AT5G50720,AT5G59310	
1	AT3G30530	ATBZIP42	2	na	PWM2914	DAP-seq	BZIP42_col	234	0.00007365880269329446	0.0005767259092972793	41	AT1G05100,AT1G09350,AT1G20440,AT1G32900,AT1G47510,AT1G48000,AT1G58340,AT1G62570,AT1G69870,AT1G72770,AT1G72830,AT1G73480,AT1G75370,AT1G76580,AT1G20450,AT2G04100,AT2G21620,AT2G41190,AT2G44940,AT2G46270,AT2G46680,AT3G05030,AT3G14440,AT3G29590,AT3G50970,AT3G56270,AT3G61890,AT4G22880,AT4G24960,AT4G26080,AT4G27410,AT4G33905,AT4G35290,AT4G36240,AT5G15500,AT5G42570,AT5G42800,AT5G47740,AT5G50720,AT5G59310,AT5G59320	na
1	AT3G62420	ATBZIP53	0	na	PWM2925	DAP-seq	BZIP53_col	235	0.00007365880269329446	0.0005767259092972793	41	AT1G05100,AT1G09350,AT1G20440,AT1G32900,AT1G47510,AT1G51140,AT1G58340,AT1G62570,AT1G69870,AT1G72770,AT1G72830,AT1G73480,AT1G75370,AT1G76580,AT1G20450,AT2G21620,AT2G41190,AT2G44940,AT2G46270,AT2G42540,AT3G05030,AT3G14440,AT3G29590,AT3G56270,AT3G61890,AT4G22880,AT4G24960,AT4G26080,AT4G27410,AT4G33905,AT4G36240,AT5G03210,AT5G15190,AT5G15500,AT5G41400,AT5G42570,AT5G42800,AT5G47640,AT5G50720,AT5G59310,AT5G59320	na
1	AT4G34590	ATB2	0	0	PWM2934	DAP-seq	GBF6_col	236	0.00007365880269329446	0.0005767259092972793	41	AT1G02400,AT1G05100,AT1G09350,AT1G20440,AT1G32900,AT1G47510,AT1G51140,AT1G58340,AT1G62570,AT1G69870,AT1G72770,AT1G72830,AT1G73480,AT1G75370,AT1G76580,AT1G20450,AT2G21620,AT2G41190,AT2G44940,AT2G46270,AT2G42540,AT3G05030,AT3G14440,AT3G29590,AT3G56270,AT3G61890,AT4G22880,AT4G24960,AT4G26080,AT4G27410,AT4G33905,AT4G36240,AT5G03210,AT5G15500,AT5G41400,AT5G42570,AT5G42800,AT5G47640,AT5G50720,AT5G59310,AT5G59320	
1	AT4G40060	ATHB16	0	na	PWM1270	CisBP	M0770_1.01	241	0.00015768833163291973	0.00118299237915408	40	AT1G01250,AT1G02400,AT1G16850,AT1G27200,AT1G27910,AT1G32900,AT1G48000,AT1G58360,AT1G60190,AT1G61800,AT1G66390,AT1G69260,AT1G69870,AT1G73480,AT1G78070,AT1G60470,AT3G05660,AT2G39800,AT2G46270,AT2G42540,AT3G09910,AT3G25870,AT3G61890,AT3G63010,AT3G05650,AT4G24960,AT4G36240,AT4G16447,AT5G01850,AT5G05220,AT5G06510,AT5G13200,AT5G13210,AT5G15500,AT5G17220,AT5G17850,AT5G43880,AT5G57610,AT5G66460,AT5G67180	na
1	AT4G40060	ATHB16	0	na	PWM2550	JASPAR	MA0951.1	244	0.00015768833163291973	0.00118299237915408	40	AT1G01250,AT1G02400,AT1G16850,AT1G27200,AT1G27910,AT1G32900,AT1G48000,AT1G58360,AT1G60190,AT1G61800,AT1G66390,AT1G69870,AT1G73480,AT1G78070,AT1G60470,AT3G05660,AT2G39800,AT2G46270,AT2G42540,AT3G09910,AT3G25870,AT3G29575,AT3G61890,AT3G63010,AT3G05650,AT4G24960,AT4G36240,AT4G16447,AT5G01850,AT5G05220,AT5G06510,AT5G13200,AT5G13210,AT5G15500,AT5G17220,AT5G17850,AT5G43880,AT5G57610,AT5G66460,AT5G67180	na
1	AT5G51910	AT5G51910	0	0	PWM1310	CisBP	M1519_1.01	242	0.00015768833163291973	0.00118299237915408	40	AT1G02400,AT1G09350,AT1G20440,AT1G29300,AT1G47510,AT1G51140,AT1G61930,AT1G62570,AT1G69790,AT1G69870,AT1G73480,AT1G75370,AT1G80130,AT1G20450,AT2G04100,AT2G21620,AT2G44940,AT2G45600,AT2G46270,AT3G14440,AT3G22550,AT3G63010,AT4G05100,AT4G12000,AT4G16750,AT4G17550,AT4G22880,AT4G26080,AT4G36240,AT4G38580,AT4G39210,AT5G01840,AT5G03210,AT5G19470,AT5G20885,AT5G40390,AT5G41400,AT5G47640,AT5G57050,AT5G15970	
1	AT5G51910	AT5G51910	0	0	PWM2659	JASPAR	MA1063.1	245	0.00015768833163291973	0.00118299237915408	40	AT1G09350,AT1G20440,AT1G29300,AT1G47510,AT1G51140,AT1G61930,AT1G62570,AT1G69790,AT1G69870,AT1G73480,AT1G75370,AT1G80130,AT1G20450,AT2G04100,AT2G21620,AT2G44940,AT2G45600,AT2G46270,AT3G14440,AT3G22550,AT3G27250,AT3G63010,AT4G05100,AT4G12000,AT4G16750,AT4G17550,AT4G22880,AT4G26080,AT4G36240,AT4G38580,AT4G39210,AT5G01840,AT5G03210,AT5G19470,AT5G20885,AT5G40390,AT5G41400,AT5G47640,AT5G57050,AT5G15970	
1	AT1G42990	ATBZIP60	11	0	PWM1447	PBM		243	0.00015768833163291973	0.00118299237915408	40	AT1G05100,AT1G16850,AT1G32900,AT1G47710,AT1G56650,AT1G58340,AT1G68570,AT1G71710,AT1G72770,AT1G73480,AT2G18160,AT2G21620,AT2G39800,AT2G41190,AT2G44940,AT2G46270,AT2G46680,AT3G05030,AT3G14440,AT3G25870,AT3G28007,AT3G29590,AT3G50970,AT3G56270,AT3G61890,AT3G63010,AT4G03200,AT4G22880,AT4G26080,AT4G33905,AT4G35290,AT5G03210,AT5G05220,AT5G11110,AT5G15190,AT5G15500,AT5G20885,AT5G41400,AT5G42570,AT5G50240	
1	AT2G18160	ATBZIP2	1	na	PWM2932	DAP-seq	GBF5_col	246	0.00015768833163291973	0.00118299237915408	40	AT1G05100,AT1G09350,AT1G20440,AT1G32900,AT1G51140,AT1G58340,AT1G62570,AT1G69870,AT1G70640,AT1G72770,AT1G72830,AT1G73480,AT1G76580,AT1G20450,AT2G01430,AT2G41190,AT2G44940,AT2G46270,AT3G05030,AT3G14440,AT3G29590,AT3G56270,AT3G61890,AT4G01985,AT4G09820,AT4G11350,AT4G22880,AT4G26080,AT4G27410,AT4G34000,AT4G36240,AT5G03210,AT5G15190,AT5G15500,AT5G40390,AT5G41400,AT5G42570,AT5G47640,AT5G50240,AT5G50720	na
1	AT3G50700	AtIDD2	5	na	PWM3040	DAP-seq	IDD2_col	247	0.00015768833163291973	0.00118299237915408	40	AT1G16850,AT1G20440,AT1G27200,AT1G30500,AT1G50420,AT1G58360,AT1G61800,AT1G61930,AT1G62570,AT1G67850,AT1G68570,AT1G69480,AT1G69790,AT1G69870,AT1G70640,AT1G72770,AT1G78070,AT1G80130,AT2G21620,AT2G44670,AT2G47670,AT2G42540,AT3G09910,AT3G14060,AT3G14440,AT3G63010,AT4G01985,AT4G08570,AT4G09820,AT4G11350,AT4G19230,AT4G38580,AT4G39210,AT5G03210,AT5G23850,AT5G40390,AT5G54060,AT5G55950,AT5G50720,AT5G15960	na
1	AT4G16150	CAMTA5	3	na	PWM3072	DAP-seq	CAMTA5_col	248	0.00015768833163291973	0.00118299237915408	40	AT1G01470,AT1G16850,AT1G17550,AT1G17590,AT1G20440,AT1G47710,AT1G49450,AT1G51140,AT1G69260,AT1G73480,AT1G78610,AT1G20450,AT2G41190,AT2G44940,AT3G11410,AT3G14440,AT3G22550,AT3G46450,AT3G61890,AT3G63010,AT3G63060,AT4G01985,AT4G03200,AT4G11350,AT4G17550,AT4G18280,AT4G19230,AT4G21440,AT4G22880,AT4G27410,AT4G36240,AT5G03210,AT5G15190,AT5G17850,AT5G20885,AT5G43880,AT5G47640,AT5G57610,AT5G67180,AT5G24080	na
1	AT3G10113	AT3G10113	0	na	PWM3312	DAP-seq	AT3G10113_col	249	0.00015768833163291973	0.00118299237915408	40	AT1G05100,AT1G16850,AT1G19630,AT1G47710,AT1G51140,AT1G61800,AT1G70640,AT1G73480,AT1G80130,AT2G01430,AT2G04100,AT2G39800,AT2G42530,AT2G46680,AT2G42540,AT3G14440,AT3G29575,AT3G29590,AT3G55580,AT3G61890,AT3G62070,AT3G63010,AT3G63060,AT4G18280,AT4G19230,AT4G24450,AT4G38580,AT5G03210,AT5G04250,AT5G05220,AT5G06510,AT5G11930,AT5G15190,AT5G17850,AT5G20885,AT5G40800,AT5G57050,AT5G15970,AT5G43150,AT5G15960	na
1	AT3G10113	AT3G10113	0	na	PWM959	CisBP	M1219_1.01	363	0.0024317837976165135	0.013540957605982635	36	AT1G01470,AT1G13360,AT1G16850,AT1G19630,AT1G29300,AT1G47710,AT1G48000,AT1G53470,AT1G58360,AT1G61800,AT1G70640,AT1G71710,AT1G76580,AT1G80130,AT1G45249,AT1G60470,AT2G39800,AT2G42530,AT2G46680,AT3G05030,AT3G05690,AT3G11410,AT3G29575,AT3G55580,AT4G19230,AT4G24450,AT4G34000,AT4G35290,AT5G01850,AT5G06510,AT5G13200,AT5G13210,AT5G17850,AT5G57050,AT5G15970,AT5G50720	na
1	AT3G21890	BBX31	18	0	PWM3442	DAP-seq	BBX31_col	250	0.00015768833163291973	0.00118299237915408	40	AT1G02400,AT1G13360,AT1G27200,AT1G27910,AT1G29300,AT1G47510,AT1G48000,AT1G58340,AT1G58360,AT1G61800,AT1G62570,AT1G69790,AT1G72770,AT2G01430,AT2G04100,AT2G44940,AT3G05690,AT3G09910,AT3G14020,AT3G22550,AT3G29575,AT3G61890,AT3G62070,AT3G63010,AT3G63060,AT3G05650,AT4G01985,AT4G16750,AT4G19230,AT4G24960,AT4G27410,AT4G34000,AT4G38580,AT4G39210,AT5G01850,AT5G28910,AT5G54060,AT5G57050,AT5G67180,AT5G24080	
1	AT3G01470	ATHB1	2	na	PWM1319	CisBP	M2531_1.01	251	0.0003274298997334974	0.0023389713554667763	39	AT1G01250,AT1G20440,AT1G48000,AT1G51090,AT1G51140,AT1G58360,AT1G60190,AT1G61800,AT1G61930,AT1G69870,AT1G72770,AT1G75370,AT1G78070,AT1G78610,AT1G20450,AT1G45249,AT2G41190,AT2G44670,AT2G46270,AT2G42540,AT3G09910,AT3G14020,AT3G14440,AT3G23840,AT3G28007,AT3G61890,AT3G63010,AT4G05100,AT4G09820,AT4G21440,AT4G26080,AT4G33905,AT4G34000,AT5G03210,AT5G06510,AT5G11110,AT5G13200,AT5G13210,AT5G66460	na
1	AT3G01470	ATHB1	2	na	PWM900	CisBP	M1712_1.01	320	0.001286303622666079	0.00800813331750097	37	AT1G02400,AT1G16850,AT1G48000,AT1G51140,AT1G54160,AT1G58360,AT1G60190,AT1G62570,AT1G66390,AT1G69870,AT1G72830,AT1G75370,AT1G78070,AT1G60470,AT2G01430,AT2G39800,AT2G45600,AT3G09910,AT3G11410,AT3G14440,AT3G28007,AT3G29575,AT3G55580,AT3G63010,AT3G16360,AT4G26080,AT4G36240,AT4G16447,AT5G01850,AT5G06510,AT5G11110,AT5G20885,AT5G28910,AT5G42800,AT5G43880,AT5G57610,AT5G59310	na
1	AT3G01470	ATHB1	2	na	PWM1619	JASPAR	MA0008.2	338	0.0024317837976165135	0.013540957605982635	36	AT1G02400,AT1G16850,AT1G20440,AT1G48000,AT1G51090,AT1G54160,AT1G60190,AT1G61800,AT1G63840,AT1G69870,AT1G72770,AT1G75370,AT1G78070,AT2G46270,AT3G14020,AT3G14440,AT3G23840,AT3G29575,AT3G61890,AT4G05100,AT4G21440,AT4G26080,AT4G33905,AT4G34000,AT4G36240,AT4G16447,AT5G01850,AT5G06510,AT5G11110,AT5G11930,AT5G13200,AT5G13210,AT5G17850,AT5G47640,AT5G66460,AT5G15970	na
1	AT3G01470	ATHB1	2	na	PWM828	CisBP	M2235_1.01	360	0.0024317837976165135	0.013540957605982635	36	AT1G02400,AT1G16850,AT1G20440,AT1G48000,AT1G51090,AT1G54160,AT1G60190,AT1G61800,AT1G69870,AT1G72770,AT1G75370,AT1G78070,AT1G45249,AT2G42540,AT3G05690,AT3G14020,AT3G14440,AT3G23840,AT3G29575,AT3G61890,AT4G05100,AT4G21440,AT4G26080,AT4G33905,AT4G34000,AT4G36240,AT4G16447,AT5G01850,AT5G06510,AT5G11110,AT5G11930,AT5G13200,AT5G13210,AT5G17850,AT5G66460,AT5G15970	na
1	AT3G01470	ATHB1	2	na	PWM3162	DAP-seq	HAT5_col	384	0.004452493583430966	0.021872112315319787	35	AT1G01250,AT1G02400,AT1G20440,AT1G32900,AT1G48000,AT1G56650,AT1G58360,AT1G61930,AT1G64890,AT1G66390,AT1G69870,AT1G72830,AT1G73480,AT1G75370,AT1G78070,AT2G01430,AT2G46270,AT3G05030,AT3G14440,AT3G55580,AT3G61890,AT3G63010,AT4G21440,AT4G34000,AT4G16447,AT5G01850,AT5G03210,AT5G06510,AT5G11110,AT5G11930,AT5G13200,AT5G13210,AT5G28910,AT5G42800,AT5G66460	na
1	AT3G01470	ATHB1	2	na	PWM313	AGRIS		423	0.007892603472017722	0.03546726322137287	34	AT1G02400,AT1G16850,AT1G51140,AT1G56650,AT1G58360,AT1G61800,AT1G61930,AT1G64890,AT1G68570,AT1G69870,AT1G72770,AT1G75370,AT1G78070,AT1G78610,AT2G01430,AT2G04350,AT2G23120,AT2G44670,AT2G46270,AT3G14440,AT3G22550,AT3G23840,AT3G28007,AT3G55580,AT3G61890,AT4G05100,AT4G24960,AT4G34000,AT5G03210,AT5G11110,AT5G11930,AT5G43880,AT5G57050,AT5G66460	na
1	AT5G03790	ATHB51	0	na	PWM1577	PBM		252	0.0003274298997334974	0.0023389713554667763	39	AT1G01250,AT1G02400,AT1G16850,AT1G17550,AT1G51140,AT1G56650,AT1G58360,AT1G61930,AT1G66390,AT1G68570,AT1G69870,AT1G72830,AT1G73480,AT1G75370,AT1G78070,AT1G78610,AT1G60470,AT2G23120,AT2G46270,AT3G14440,AT3G55580,AT3G61890,AT3G63010,AT3G16360,AT4G21440,AT4G24960,AT4G34000,AT4G35290,AT5G01850,AT5G03210,AT5G06510,AT5G11110,AT5G11930,AT5G13200,AT5G13210,AT5G28910,AT5G57050,AT5G57610,AT5G59310	na
1	AT5G03790	ATHB51	0	na	PWM2551	JASPAR	MA0952.1	271	0.0006592048502611184	0.004494122800449374	38	AT1G01250,AT1G02400,AT1G16850,AT1G17550,AT1G48000,AT1G58360,AT1G66390,AT1G69870,AT1G72770,AT1G72830,AT1G73480,AT1G75370,AT1G78070,AT1G60470,AT2G01430,AT2G23120,AT2G44670,AT2G46270,AT3G05030,AT3G05690,AT3G11410,AT3G14440,AT3G28007,AT3G61890,AT3G63010,AT3G16360,AT4G21440,AT4G34000,AT4G16447,AT5G01850,AT5G03210,AT5G05220,AT5G11110,AT5G13200,AT5G13210,AT5G15500,AT5G28910,AT5G59310	na
1	AT2G46590	DAG2	0	na	PWM2576	JASPAR	MA0977.1	253	0.0003274298997334974	0.0023389713554667763	39	AT1G13360,AT1G17550,AT1G29300,AT1G51090,AT1G58360,AT1G61930,AT1G66390,AT1G69870,AT1G76580,AT1G60470,AT2G01430,AT2G18160,AT2G21590,AT2G39800,AT2G46680,AT3G05690,AT3G25870,AT3G62070,AT3G63060,AT4G01985,AT4G08570,AT4G14090,AT4G26080,AT4G34000,AT4G01060,AT4G16447,AT5G01840,AT5G03210,AT5G04250,AT5G11110,AT5G15190,AT5G17850,AT5G20885,AT5G40390,AT5G42570,AT5G47740,AT5G55950,AT5G66460,AT5G67180	na
1	AT5G13180	ANAC083	11	na	PWM2717	UNIPROBE	UP00580	254	0.0003274298997334974	0.0023389713554667763	39	AT1G01250,AT1G02400,AT1G16850,AT1G20440,AT1G21790,AT1G51140,AT1G56650,AT1G58360,AT1G60190,AT1G62570,AT1G68570,AT1G69790,AT1G80130,AT1G20450,AT2G21620,AT2G42530,AT2G46680,AT3G11410,AT3G14020,AT3G14060,AT3G22550,AT3G25870,AT3G29575,AT3G61890,AT3G62070,AT3G16360,AT4G05100,AT4G19230,AT4G21440,AT4G24450,AT4G26080,AT4G27410,AT5G03210,AT5G04250,AT5G13210,AT5G15500,AT5G47640,AT5G57050,AT5G59310	na
1	AT5G13180	ANAC083	11	na	PWM2716	UNIPROBE	UP00580	343	0.0024317837976165135	0.013540957605982635	36	AT1G01250,AT1G05100,AT1G13360,AT1G20440,AT1G32900,AT1G47710,AT1G56650,AT1G60190,AT1G62570,AT1G67850,AT1G69260,AT1G69870,AT1G20450,AT2G04100,AT2G21620,AT2G42530,AT2G46680,AT3G11410,AT3G14060,AT3G25870,AT3G61890,AT4G05100,AT4G21440,AT4G26080,AT4G27410,AT4G34000,AT5G03210,AT5G05220,AT5G11110,AT5G13210,AT5G15500,AT5G23850,AT5G40390,AT5G42570,AT5G59220,AT5G64750	na
1	AT5G13180	ANAC083	11	na	PWM2639	JASPAR	MA1043.1	376	0.004452493583430966	0.021872112315319787	35	AT1G02400,AT1G20440,AT1G49450,AT1G56650,AT1G61930,AT1G62570,AT1G68570,AT1G69870,AT1G70640,AT1G76580,AT1G78610,AT1G20450,AT2G04100,AT2G46270,AT2G46680,AT3G14060,AT3G23840,AT3G28007,AT3G29575,AT3G61890,AT4G01985,AT4G08570,AT4G34000,AT4G16447,AT5G04250,AT5G11110,AT5G13210,AT5G19470,AT5G28910,AT5G40390,AT5G50240,AT5G55950,AT5G59220,AT5G64750,AT5G43150	na
1	AT1G75390	AtbZIP44	7	0	PWM2917	DAP-seq	BZIP44_col	255	0.0003274298997334974	0.0023389713554667763	39	AT1G05100,AT1G09350,AT1G20440,AT1G32900,AT1G47510,AT1G58340,AT1G62570,AT1G72770,AT1G72830,AT1G73480,AT1G75370,AT1G76580,AT1G20450,AT2G21620,AT2G41190,AT2G44940,AT2G46270,AT2G46680,AT2G42540,AT3G11410,AT3G14440,AT3G22550,AT3G29590,AT3G50970,AT3G56270,AT3G61890,AT4G22880,AT4G26080,AT4G27410,AT4G36240,AT5G03210,AT5G15190,AT5G15500,AT5G41400,AT5G42570,AT5G47640,AT5G50720,AT5G59310,AT5G59320	
1	AT3G01220	ATHB20	1	na	PWM3152	DAP-seq	ATHB20_col	256	0.0003274298997334974	0.0023389713554667763	39	AT1G01250,AT1G02400,AT1G16850,AT1G20440,AT1G32900,AT1G48000,AT1G51140,AT1G56650,AT1G58360,AT1G60190,AT1G61930,AT1G64890,AT1G69870,AT1G72830,AT1G73480,AT1G75370,AT1G78070,AT1G78610,AT1G60470,AT2G01430,AT2G46270,AT3G05030,AT3G14440,AT3G55580,AT3G61890,AT3G63010,AT4G11350,AT4G21440,AT4G34000,AT4G16447,AT5G01850,AT5G03210,AT5G06510,AT5G11110,AT5G11930,AT5G13200,AT5G13210,AT5G17850,AT5G66460	na
1	AT5G08330	At5g08330	0	0	PWM3474	DAP-seq	AT5G08330_col	257	0.0003274298997334974	0.0023389713554667763	39	AT1G09350,AT1G29300,AT1G32900,AT1G47510,AT1G48000,AT1G50420,AT1G51140,AT1G61930,AT1G69790,AT1G70640,AT1G73480,AT1G80130,AT2G42530,AT2G44940,AT2G46270,AT2G42540,AT3G14440,AT3G22550,AT3G27250,AT3G56270,AT3G61890,AT3G63010,AT4G05100,AT4G11350,AT4G16750,AT4G17550,AT4G22880,AT4G26080,AT4G35290,AT4G36240,AT4G39210,AT4G01060,AT5G01840,AT5G20885,AT5G40390,AT5G47640,AT5G57050,AT5G66460,AT5G43150	
1	AT1G75240	AtHB33	0	0	PWM587	AGRIS		261	0.0003274298997334974	0.0023389713554667763	39	AT1G02400,AT1G09350,AT1G16850,AT1G17590,AT1G20440,AT1G27200,AT1G47510,AT1G48000,AT1G61930,AT1G63840,AT1G68570,AT1G69870,AT1G72770,AT1G75370,AT1G60470,AT2G18160,AT2G23120,AT2G44940,AT2G46680,AT3G11410,AT3G23840,AT3G61890,AT3G16360,AT4G03200,AT4G08570,AT4G12000,AT4G24960,AT4G33905,AT4G35290,AT5G01850,AT5G05220,AT5G11930,AT5G15500,AT5G43880,AT5G47640,AT5G50240,AT5G57610,AT5G59220,AT5G66460	
1	AT1G75240	AtHB33	0	0	PWM3580	DAP-seq	ATHB33_col	358	0.0024317837976165135	0.013540957605982635	36	AT1G05100,AT1G09350,AT1G19630,AT1G19970,AT1G20440,AT1G27200,AT1G43890,AT1G58340,AT1G69870,AT1G72770,AT1G73480,AT1G76580,AT2G18160,AT2G22240,AT2G44940,AT2G45600,AT3G11410,AT3G14020,AT3G14440,AT3G23840,AT3G28007,AT3G61890,AT4G03200,AT4G05100,AT4G21940,AT4G24960,AT4G33905,AT5G03210,AT5G28910,AT5G42570,AT5G43880,AT5G47640,AT5G57610,AT5G59220,AT5G59310,AT5G59320	
1	AT4G14465	AHL20	1	na	PWM880	PBM		262	0.0003274298997334974	0.0023389713554667763	39	AT1G02400,AT1G13360,AT1G16850,AT1G27910,AT1G47510,AT1G47710,AT1G48000,AT1G58340,AT1G58360,AT1G68570,AT1G20450,AT1G45249,AT3G05660,AT2G18160,AT2G21590,AT2G23120,AT2G44670,AT2G44940,AT2G46680,AT3G14440,AT3G22550,AT3G29575,AT3G62070,AT4G05100,AT4G08570,AT4G18280,AT4G24960,AT4G01060,AT4G16447,AT5G04250,AT5G11110,AT5G11930,AT5G40390,AT5G47640,AT5G52310,AT5G54060,AT5G57610,AT5G66460,AT5G15970	na
1	AT1G62990	IXR11	11	0	PWM1161	CisBP	M0771_1.01	263	0.0006592048502611184	0.004494122800449374	38	AT1G02400,AT1G13360,AT1G19630,AT1G47710,AT1G53470,AT1G54160,AT1G56650,AT1G61800,AT1G69480,AT1G78070,AT2G01430,AT2G18160,AT2G39800,AT2G46680,AT3G09910,AT3G11410,AT3G22550,AT3G25870,AT3G29575,AT4G05100,AT4G08570,AT4G09820,AT4G17550,AT4G21440,AT4G22880,AT4G24960,AT4G26080,AT4G27410,AT4G33905,AT5G03210,AT5G06510,AT5G11930,AT5G47640,AT5G54060,AT5G55950,AT5G57050,AT5G57610,AT5G50720	
1	AT4G32040	KNAT5	6	na	PWM1162	CisBP	M0771_1.01	264	0.0006592048502611184	0.004494122800449374	38	AT1G02400,AT1G13360,AT1G19630,AT1G47710,AT1G53470,AT1G54160,AT1G56650,AT1G61800,AT1G69480,AT1G78070,AT2G01430,AT2G18160,AT2G39800,AT2G46680,AT3G09910,AT3G11410,AT3G22550,AT3G25870,AT3G29575,AT4G05100,AT4G08570,AT4G09820,AT4G17550,AT4G21440,AT4G22880,AT4G24960,AT4G26080,AT4G27410,AT4G33905,AT5G03210,AT5G06510,AT5G11930,AT5G47640,AT5G54060,AT5G55950,AT5G57050,AT5G57610,AT5G50720	na
1	AT5G11060	KNAT4	4	na	PWM1163	CisBP	M0771_1.01	265	0.0006592048502611184	0.004494122800449374	38	AT1G02400,AT1G13360,AT1G19630,AT1G47710,AT1G53470,AT1G54160,AT1G56650,AT1G61800,AT1G69480,AT1G78070,AT2G01430,AT2G18160,AT2G39800,AT2G46680,AT3G09910,AT3G11410,AT3G22550,AT3G25870,AT3G29575,AT4G05100,AT4G08570,AT4G09820,AT4G17550,AT4G21440,AT4G22880,AT4G24960,AT4G26080,AT4G27410,AT4G33905,AT5G03210,AT5G06510,AT5G11930,AT5G47640,AT5G54060,AT5G55950,AT5G57050,AT5G57610,AT5G50720	na
1	AT5G25220	KNAT3	3	na	PWM1164	CisBP	M0771_1.01	266	0.0006592048502611184	0.004494122800449374	38	AT1G02400,AT1G13360,AT1G19630,AT1G47710,AT1G53470,AT1G54160,AT1G56650,AT1G61800,AT1G69480,AT1G78070,AT2G01430,AT2G18160,AT2G39800,AT2G46680,AT3G09910,AT3G11410,AT3G22550,AT3G25870,AT3G29575,AT4G05100,AT4G08570,AT4G09820,AT4G17550,AT4G21440,AT4G22880,AT4G24960,AT4G26080,AT4G27410,AT4G33905,AT5G03210,AT5G06510,AT5G11930,AT5G47640,AT5G54060,AT5G55950,AT5G57050,AT5G57610,AT5G50720	na
1	AT1G13450	GT-1	1	0	PWM1376	CisBP	M1180_1.01	267	0.0006592048502611184	0.004494122800449374	38	AT1G01470,AT1G02400,AT1G20440,AT1G27910,AT1G29300,AT1G47510,AT1G48000,AT1G56650,AT1G63840,AT1G66390,AT1G67850,AT1G69480,AT1G20450,AT1G45249,AT2G01430,AT2G04100,AT2G41190,AT2G45600,AT2G47670,AT3G05690,AT3G14440,AT3G22550,AT3G23840,AT3G29575,AT4G01985,AT4G03200,AT4G08570,AT4G09820,AT4G16750,AT4G19230,AT4G33905,AT4G36240,AT5G01840,AT5G01850,AT5G40390,AT5G52310,AT5G67180,AT5G43150	
1	AT1G13450	GT-1	1	0	PWM2617	JASPAR	MA1020.1	300	0.001286303622666079	0.00800813331750097	37	AT1G01470,AT1G02400,AT1G20440,AT1G27910,AT1G29300,AT1G47510,AT1G48000,AT1G56650,AT1G63840,AT1G66390,AT1G67850,AT1G69480,AT1G20450,AT1G45249,AT2G01430,AT2G04100,AT2G41190,AT2G47670,AT3G05690,AT3G14440,AT3G22550,AT3G23840,AT3G29575,AT4G01985,AT4G03200,AT4G08570,AT4G09820,AT4G16750,AT4G19230,AT4G33905,AT4G36240,AT5G01840,AT5G01850,AT5G40390,AT5G52310,AT5G67180,AT5G43150	
1	AT1G13450	GT-1	1	0	PWM563	AthaMAP	T04454	359	0.0024317837976165135	0.013540957605982635	36	AT1G02400,AT1G05100,AT1G13360,AT1G51140,AT1G58340,AT1G58360,AT1G62570,AT1G63840,AT1G64890,AT1G68570,AT1G71710,AT1G72770,AT1G76580,AT1G60470,AT2G04350,AT2G18160,AT2G41190,AT2G44670,AT2G44940,AT2G45600,AT2G46680,AT3G11410,AT3G25870,AT3G29575,AT3G29590,AT3G63060,AT4G09820,AT4G19230,AT4G39210,AT4G16447,AT5G04250,AT5G11930,AT5G23850,AT5G52310,AT5G57610,AT5G15960	
1	AT1G19210	At1g19210	15	na	PWM1379	CisBP	M0014_1.01	268	0.0006592048502611184	0.004494122800449374	38	AT1G05100,AT1G09350,AT1G20440,AT1G27200,AT1G27910,AT1G43890,AT1G47710,AT1G48000,AT1G58340,AT1G60190,AT1G62570,AT1G66390,AT1G69790,AT1G69870,AT1G70640,AT1G20450,AT2G42530,AT2G45600,AT2G42540,AT3G11410,AT3G14440,AT3G23840,AT3G25870,AT3G27250,AT3G28007,AT3G29590,AT3G61890,AT4G01985,AT4G12000,AT4G21440,AT4G24960,AT4G38580,AT5G04250,AT5G23850,AT5G43880,AT5G64750,AT5G50720,AT5G59310	na
1	AT4G31060	At4g31060	0	0	PWM1380	CisBP	M0014_1.01	269	0.0006592048502611184	0.004494122800449374	38	AT1G05100,AT1G09350,AT1G20440,AT1G27200,AT1G27910,AT1G43890,AT1G47710,AT1G48000,AT1G58340,AT1G60190,AT1G62570,AT1G66390,AT1G69790,AT1G69870,AT1G70640,AT1G20450,AT2G42530,AT2G45600,AT2G42540,AT3G11410,AT3G14440,AT3G23840,AT3G25870,AT3G27250,AT3G28007,AT3G29590,AT3G61890,AT4G01985,AT4G12000,AT4G21440,AT4G24960,AT4G38580,AT5G04250,AT5G23850,AT5G43880,AT5G64750,AT5G50720,AT5G59310	
1	AT5G21960	AT5G21960	14	na	PWM1381	CisBP	M0014_1.01	270	0.0006592048502611184	0.004494122800449374	38	AT1G05100,AT1G09350,AT1G20440,AT1G27200,AT1G27910,AT1G43890,AT1G47710,AT1G48000,AT1G58340,AT1G60190,AT1G62570,AT1G66390,AT1G69790,AT1G69870,AT1G70640,AT1G20450,AT2G42530,AT2G45600,AT2G42540,AT3G11410,AT3G14440,AT3G23840,AT3G25870,AT3G27250,AT3G28007,AT3G29590,AT3G61890,AT4G01985,AT4G12000,AT4G21440,AT4G24960,AT4G38580,AT5G04250,AT5G23850,AT5G43880,AT5G64750,AT5G50720,AT5G59310	na
1	AT5G40350	AtMYB24	5	na	PWM2633	JASPAR	MA1037.1	272	0.0006592048502611184	0.004494122800449374	38	AT1G02400,AT1G05100,AT1G09350,AT1G16850,AT1G30500,AT1G33230,AT1G47510,AT1G47710,AT1G48000,AT1G50420,AT1G56650,AT1G58340,AT1G67850,AT1G69870,AT1G71710,AT1G76580,AT1G20450,AT1G45249,AT2G01430,AT3G05660,AT3G05030,AT3G11410,AT3G23840,AT3G25870,AT3G29590,AT4G09820,AT4G19230,AT4G24960,AT4G35290,AT5G03210,AT5G20885,AT5G43880,AT5G47640,AT5G59220,AT5G15970,AT5G43150,AT5G50720,AT5G15960	na
1	AT5G40350	AtMYB24	5	na	PWM844	CisBP	M1245_1.01	284	0.0006592048502611184	0.004494122800449374	38	AT1G02400,AT1G05100,AT1G09350,AT1G16850,AT1G30500,AT1G33230,AT1G47510,AT1G47710,AT1G48000,AT1G50420,AT1G56650,AT1G58340,AT1G67850,AT1G69870,AT1G71710,AT1G76580,AT1G20450,AT1G45249,AT2G01430,AT3G05660,AT3G05030,AT3G11410,AT3G23840,AT3G25870,AT3G29590,AT4G09820,AT4G19230,AT4G24960,AT4G35290,AT5G03210,AT5G20885,AT5G43880,AT5G47640,AT5G59220,AT5G15970,AT5G43150,AT5G50720,AT5G15960	na
1	AT5G66300	ANAC105	0	0	PWM2714	UNIPROBE	UP00579	273	0.0006592048502611184	0.004494122800449374	38	AT1G02400,AT1G20440,AT1G21790,AT1G51140,AT1G56650,AT1G58360,AT1G60190,AT1G62570,AT1G69790,AT1G80130,AT1G20450,AT2G21620,AT2G42530,AT3G11410,AT3G14020,AT3G14060,AT3G22550,AT3G25870,AT3G29575,AT3G61890,AT3G63060,AT4G01985,AT4G03200,AT4G05100,AT4G21940,AT4G24450,AT4G26080,AT4G27410,AT4G16447,AT5G03210,AT5G04250,AT5G13210,AT5G17850,AT5G23850,AT5G57050,AT5G57610,AT5G59310,AT5G59320	
1	AT5G66300	ANAC105	0	0	PWM2715	UNIPROBE	UP00579	342	0.0024317837976165135	0.013540957605982635	36	AT1G01250,AT1G05100,AT1G13360,AT1G32900,AT1G33230,AT1G51090,AT1G56650,AT1G58360,AT1G60190,AT1G69790,AT1G73480,AT1G80130,AT1G45249,AT2G04100,AT2G18160,AT2G44670,AT2G46680,AT3G11410,AT3G22550,AT3G25870,AT3G61890,AT3G63060,AT4G05100,AT4G21440,AT4G21940,AT4G24450,AT5G15500,AT5G17850,AT5G23850,AT5G40390,AT5G41400,AT5G47640,AT5G57050,AT5G57610,AT5G64750,AT5G59310	
1	AT2G38340	DREB19	5	0	PWM2800	DAP-seq	DREB19_col	274	0.0006592048502611184	0.004494122800449374	38	AT1G16850,AT1G27910,AT1G48000,AT1G50420,AT1G51090,AT1G58340,AT1G61800,AT1G64890,AT1G67850,AT1G68570,AT1G72830,AT1G76580,AT1G80130,AT1G45249,AT3G05660,AT2G23120,AT2G39800,AT2G41190,AT3G05690,AT3G14440,AT3G23840,AT3G29590,AT3G50970,AT3G61890,AT3G05650,AT4G01985,AT4G05100,AT4G18280,AT4G21940,AT4G24960,AT4G35290,AT4G36240,AT5G01850,AT5G05220,AT5G06510,AT5G52310,AT5G64750,AT5G50720	
1	AT3G45610	At3g45610	1	0	PWM2974	DAP-seq	AT3G45610_col	276	0.0006592048502611184	0.004494122800449374	38	AT1G13360,AT1G19630,AT1G27200,AT1G47510,AT1G53470,AT1G58360,AT1G68570,AT1G69790,AT1G72770,AT1G80130,AT2G44940,AT3G05030,AT3G14020,AT3G14440,AT3G22550,AT3G25870,AT3G50970,AT3G62070,AT3G63010,AT4G01985,AT4G03200,AT4G19230,AT4G24960,AT4G33905,AT4G34000,AT4G38580,AT4G16447,AT5G01850,AT5G11110,AT5G17850,AT5G19470,AT5G28910,AT5G47740,AT5G54165,AT5G57050,AT5G66460,AT5G67180,AT5G50720	
1	AT3G45610	At3g45610	1	0	PWM916	CisBP	M0575_1.01	321	0.001286303622666079	0.00800813331750097	37	AT1G13360,AT1G27200,AT1G47710,AT1G48000,AT1G62570,AT1G63840,AT1G69870,AT1G70640,AT1G72770,AT1G75370,AT1G78070,AT1G20450,AT1G60470,AT3G05660,AT2G46270,AT3G11410,AT3G14440,AT3G22550,AT3G25870,AT3G46450,AT3G61890,AT3G05650,AT4G05100,AT4G12000,AT4G22880,AT4G24960,AT4G27410,AT4G34000,AT4G35290,AT5G11930,AT5G15500,AT5G40390,AT5G40800,AT5G43880,AT5G59220,AT5G64750,AT5G15960	
1	AT5G09410	CAMTA1	0	na	PWM3071	DAP-seq	CAMTA1_col	277	0.0006592048502611184	0.004494122800449374	38	AT1G13360,AT1G17550,AT1G19970,AT1G27200,AT1G29300,AT1G49450,AT1G54160,AT1G61800,AT1G61930,AT1G67850,AT1G69870,AT1G71710,AT1G72770,AT1G72830,AT1G73480,AT1G75370,AT1G76580,AT1G78610,AT2G18160,AT2G46680,AT3G14440,AT3G25870,AT3G61890,AT3G63010,AT4G01985,AT4G03200,AT4G11350,AT4G12000,AT4G21440,AT4G24960,AT4G33905,AT4G36240,AT5G03210,AT5G13200,AT5G43880,AT5G47640,AT5G66460,AT5G67180	na
1	AT3G02150	PTF1	14	0	PWM3476	DAP-seq	PTF1_col	279	0.0006592048502611184	0.004494122800449374	38	AT1G01250,AT1G09350,AT1G47510,AT1G47710,AT1G51140,AT1G58340,AT1G61930,AT1G62570,AT1G69790,AT1G69870,AT1G70640,AT1G75370,AT1G78610,AT2G44940,AT2G46270,AT3G27250,AT3G29575,AT3G46450,AT3G61890,AT3G63010,AT3G16360,AT4G05100,AT4G09820,AT4G16750,AT4G17550,AT4G21940,AT4G22880,AT4G24960,AT4G33905,AT4G35290,AT4G36240,AT4G38580,AT4G39210,AT4G01060,AT5G01840,AT5G20885,AT5G40390,AT5G47640	
1	AT3G02150	PTF1	14	0	PWM1210	CisBP	M1533_1.01	370	0.004452493583430966	0.021872112315319787	35	AT1G01250,AT1G20440,AT1G47710,AT1G48000,AT1G51140,AT1G58340,AT1G58360,AT1G68570,AT1G69870,AT1G78610,AT1G80130,AT2G04100,AT2G21590,AT2G46270,AT3G11410,AT3G14440,AT3G25870,AT3G29575,AT4G05100,AT4G09820,AT4G16750,AT4G22880,AT4G24450,AT4G24960,AT4G33905,AT4G34000,AT4G35290,AT4G36240,AT5G01840,AT5G03210,AT5G11930,AT5G28910,AT5G43880,AT5G59310,AT5G59320	
1	AT1G26960	AtHB23	2	0	PWM3573	DAP-seq	ATHB23_col	280	0.0006592048502611184	0.004494122800449374	38	AT1G02400,AT1G09350,AT1G13360,AT1G16850,AT1G17590,AT1G19630,AT1G19970,AT1G27200,AT1G47510,AT1G48000,AT1G58340,AT1G58360,AT1G61930,AT1G62570,AT1G63840,AT1G67850,AT1G71710,AT1G76580,AT1G45249,AT2G18160,AT2G21590,AT3G11410,AT3G25870,AT3G27250,AT3G56270,AT4G05100,AT4G18280,AT4G24960,AT4G33905,AT5G01850,AT5G11110,AT5G11930,AT5G40800,AT5G41400,AT5G42570,AT5G43880,AT5G57610,AT5G66460	
1	AT2G41070	ATBZIP12	5	0	PWM588	AthaMAP	T05618	281	0.0006592048502611184	0.004494122800449374	38	AT1G02400,AT1G09350,AT1G29300,AT1G30500,AT1G33230,AT1G47510,AT1G51140,AT1G60190,AT1G61930,AT1G69260,AT1G70640,AT1G72770,AT1G78070,AT2G21620,AT2G23120,AT2G41190,AT2G44940,AT3G05690,AT3G14440,AT3G23840,AT3G27250,AT3G28007,AT3G55580,AT4G01985,AT4G09820,AT4G34000,AT5G15190,AT5G41400,AT5G43880,AT5G50240,AT5G54165,AT5G55950,AT5G57050,AT5G57610,AT5G15970,AT5G50720,AT5G59310,AT5G59320	
1	AT3G27810	ATMYB21	8	na	PWM843	CisBP	M1245_1.01	283	0.0006592048502611184	0.004494122800449374	38	AT1G02400,AT1G05100,AT1G09350,AT1G16850,AT1G30500,AT1G33230,AT1G47510,AT1G47710,AT1G48000,AT1G50420,AT1G56650,AT1G58340,AT1G67850,AT1G69870,AT1G71710,AT1G76580,AT1G20450,AT1G45249,AT2G01430,AT3G05660,AT3G05030,AT3G11410,AT3G23840,AT3G25870,AT3G29590,AT4G09820,AT4G19230,AT4G24960,AT4G35290,AT5G03210,AT5G20885,AT5G43880,AT5G47640,AT5G59220,AT5G15970,AT5G43150,AT5G50720,AT5G15960	na
1	AT3G18400	anac058	2	0	PWM861	CisBP	M1312_1.01	285	0.0006592048502611184	0.004494122800449374	38	AT1G05100,AT1G20440,AT1G21790,AT1G50420,AT1G51090,AT1G56650,AT1G60190,AT1G61930,AT1G62570,AT1G69870,AT1G73480,AT1G78610,AT2G04100,AT3G05660,AT2G46680,AT3G14060,AT3G22550,AT3G28007,AT3G61890,AT3G63010,AT3G63060,AT4G01985,AT4G05100,AT4G22880,AT4G24960,AT4G27410,AT4G33905,AT4G34000,AT5G11930,AT5G13210,AT5G15500,AT5G17220,AT5G41400,AT5G55950,AT5G59220,AT5G66460,AT5G43150,AT5G15960	
1	AT2G33810	SPL3	0	0	PWM949	CisBP	M2240_1.01	286	0.0006592048502611184	0.004494122800449374	38	AT1G01250,AT1G02400,AT1G09350,AT1G13360,AT1G19630,AT1G21790,AT1G27910,AT1G47510,AT1G54160,AT1G58340,AT1G69790,AT1G72830,AT2G01430,AT2G18160,AT2G44670,AT2G44940,AT2G46680,AT3G05690,AT3G14020,AT3G14440,AT3G25870,AT3G27250,AT3G63010,AT3G63060,AT3G16360,AT4G01985,AT4G05100,AT4G08570,AT4G09820,AT4G16750,AT4G21440,AT4G21940,AT4G26080,AT5G15500,AT5G40390,AT5G40800,AT5G55950,AT5G59310	
1	AT2G33810	SPL3	0	0	PWM2176	JASPAR	MA0577.1	298	0.001286303622666079	0.00800813331750097	37	AT1G01250,AT1G02400,AT1G09350,AT1G13360,AT1G21790,AT1G27910,AT1G47510,AT1G54160,AT1G58340,AT1G69790,AT2G01430,AT2G18160,AT2G44670,AT2G44940,AT2G46680,AT3G05690,AT3G14020,AT3G14440,AT3G25870,AT3G27250,AT3G63010,AT3G63060,AT3G16360,AT4G01985,AT4G05100,AT4G08570,AT4G09820,AT4G16750,AT4G21440,AT4G21940,AT4G26080,AT5G15500,AT5G40390,AT5G40800,AT5G55950,AT5G59310,AT5G15960	
1	AT3G61890	ATHB12	23	1	PWM1106	CisBP	M0765_1.01	288	0.001286303622666079	0.00800813331750097	37	AT1G05100,AT1G09350,AT1G13360,AT1G16850,AT1G27910,AT1G33230,AT1G48000,AT1G51140,AT1G54160,AT1G61930,AT1G64890,AT1G70640,AT1G72770,AT1G72830,AT1G76580,AT3G05660,AT2G23120,AT2G44940,AT2G46270,AT2G46680,AT3G14020,AT3G29575,AT3G05650,AT3G16360,AT4G17550,AT4G18280,AT4G24960,AT4G33905,AT4G34000,AT4G01060,AT5G05220,AT5G11110,AT5G17850,AT5G23850,AT5G43880,AT5G57610,AT5G66460	AT3G61890
1	AT1G01520	ASG4	14	na	PWM1198	CisBP	M1205_1.01	291	0.001286303622666079	0.00800813331750097	37	AT1G16850,AT1G19630,AT1G20440,AT1G47510,AT1G47710,AT1G51140,AT1G61800,AT1G69870,AT1G70640,AT1G71710,AT1G73480,AT1G78610,AT2G18160,AT2G39800,AT3G09910,AT3G29575,AT3G29590,AT3G55580,AT3G61890,AT3G63060,AT3G16360,AT4G12000,AT4G18280,AT4G19230,AT4G24450,AT4G26080,AT4G38580,AT4G01060,AT5G04250,AT5G15500,AT5G17850,AT5G40800,AT5G57050,AT5G15970,AT5G24080,AT5G43150,AT5G15960	na
1	AT3G09600	At3g09600	13	na	PWM1199	CisBP	M1205_1.01	292	0.001286303622666079	0.00800813331750097	37	AT1G16850,AT1G19630,AT1G20440,AT1G47510,AT1G47710,AT1G51140,AT1G61800,AT1G69870,AT1G70640,AT1G71710,AT1G73480,AT1G78610,AT2G18160,AT2G39800,AT3G09910,AT3G29575,AT3G29590,AT3G55580,AT3G61890,AT3G63060,AT3G16360,AT4G12000,AT4G18280,AT4G19230,AT4G24450,AT4G26080,AT4G38580,AT4G01060,AT5G04250,AT5G15500,AT5G17850,AT5G40800,AT5G57050,AT5G15970,AT5G24080,AT5G43150,AT5G15960	na
1	AT3G09600	At3g09600	13	na	PWM3310	DAP-seq	AT3G09600_col	349	0.0024317837976165135	0.013540957605982635	36	AT1G05100,AT1G16850,AT1G17590,AT1G19630,AT1G20440,AT1G47710,AT1G61800,AT1G64890,AT1G69870,AT1G70640,AT1G80130,AT2G39800,AT2G42530,AT2G46680,AT2G42540,AT3G05690,AT3G14440,AT3G29575,AT3G55580,AT3G62070,AT3G63010,AT3G63060,AT4G18280,AT4G19230,AT4G24450,AT4G38580,AT5G01840,AT5G04250,AT5G05220,AT5G15190,AT5G17850,AT5G20885,AT5G43880,AT5G57050,AT5G15970,AT5G15960	na
1	AT4G01280	At4g01280	1	na	PWM1200	CisBP	M1205_1.01	293	0.001286303622666079	0.00800813331750097	37	AT1G16850,AT1G19630,AT1G20440,AT1G47510,AT1G47710,AT1G51140,AT1G61800,AT1G69870,AT1G70640,AT1G71710,AT1G73480,AT1G78610,AT2G18160,AT2G39800,AT3G09910,AT3G29575,AT3G29590,AT3G55580,AT3G61890,AT3G63060,AT3G16360,AT4G12000,AT4G18280,AT4G19230,AT4G24450,AT4G26080,AT4G38580,AT4G01060,AT5G04250,AT5G15500,AT5G17850,AT5G40800,AT5G57050,AT5G15970,AT5G24080,AT5G43150,AT5G15960	na
1	AT4G01280	At4g01280	1	na	PWM3317	DAP-seq	AT4G01280_col	427	0.007892603472017722	0.03546726322137287	34	AT1G01470,AT1G05100,AT1G16850,AT1G17590,AT1G19630,AT1G20440,AT1G47710,AT1G61800,AT1G64890,AT1G69870,AT1G70640,AT1G71710,AT1G80130,AT2G39800,AT2G42530,AT2G46680,AT2G42540,AT3G05690,AT3G14020,AT3G14440,AT3G29575,AT3G55580,AT3G63010,AT3G63060,AT4G18280,AT4G19230,AT4G24450,AT4G38580,AT5G04250,AT5G05220,AT5G15190,AT5G43880,AT5G15970,AT5G43150	na
1	AT5G02840	LCL1	4	0	PWM1201	CisBP	M1205_1.01	294	0.001286303622666079	0.00800813331750097	37	AT1G16850,AT1G19630,AT1G20440,AT1G47510,AT1G47710,AT1G51140,AT1G61800,AT1G69870,AT1G70640,AT1G71710,AT1G73480,AT1G78610,AT2G18160,AT2G39800,AT3G09910,AT3G29575,AT3G29590,AT3G55580,AT3G61890,AT3G63060,AT3G16360,AT4G12000,AT4G18280,AT4G19230,AT4G24450,AT4G26080,AT4G38580,AT4G01060,AT5G04250,AT5G15500,AT5G17850,AT5G40800,AT5G57050,AT5G15970,AT5G24080,AT5G43150,AT5G15960	
1	AT5G02840	LCL1	4	0	PWM3336	DAP-seq	LCL1_col	313	0.001286303622666079	0.00800813331750097	37	AT1G01470,AT1G05100,AT1G16850,AT1G19630,AT1G20440,AT1G47710,AT1G51090,AT1G61800,AT1G62570,AT1G64890,AT1G69790,AT1G69870,AT1G70640,AT1G71710,AT1G80130,AT2G39800,AT2G42530,AT2G46680,AT2G42540,AT3G05690,AT3G14440,AT3G29575,AT3G55580,AT3G63010,AT3G63060,AT4G18280,AT4G19230,AT4G24450,AT4G38580,AT5G04250,AT5G05220,AT5G06510,AT5G15190,AT5G23850,AT5G43880,AT5G57050,AT5G15970	
1	AT5G52660	At5g52660	37	na	PWM1202	CisBP	M1205_1.01	295	0.001286303622666079	0.00800813331750097	37	AT1G16850,AT1G19630,AT1G20440,AT1G47510,AT1G47710,AT1G51140,AT1G61800,AT1G69870,AT1G70640,AT1G71710,AT1G73480,AT1G78610,AT2G18160,AT2G39800,AT3G09910,AT3G29575,AT3G29590,AT3G55580,AT3G61890,AT3G63060,AT3G16360,AT4G12000,AT4G18280,AT4G19230,AT4G24450,AT4G26080,AT4G38580,AT4G01060,AT5G04250,AT5G15500,AT5G17850,AT5G40800,AT5G57050,AT5G15970,AT5G24080,AT5G43150,AT5G15960	na
1	AT5G52660	At5g52660	37	na	PWM3326	DAP-seq	AT5G52660_col	386	0.004452493583430966	0.021872112315319787	35	AT1G01470,AT1G05100,AT1G16850,AT1G17590,AT1G19630,AT1G20440,AT1G47710,AT1G61800,AT1G62570,AT1G64890,AT1G69870,AT1G70640,AT1G71710,AT1G80130,AT2G39800,AT2G42530,AT2G42540,AT3G05690,AT3G14440,AT3G29575,AT3G55580,AT3G63010,AT3G63060,AT4G03200,AT4G18280,AT4G19230,AT4G24450,AT4G38580,AT5G04250,AT5G05220,AT5G15190,AT5G43880,AT5G57050,AT5G15970,AT5G43150	na
1	AT5G64220	CAMTA2	0	0	PWM1479	CisBP	M0517_1.01	296	0.001286303622666079	0.00800813331750097	37	AT1G02400,AT1G13360,AT1G17550,AT1G20440,AT1G29300,AT1G49450,AT1G51090,AT1G54160,AT1G61930,AT1G62570,AT1G72770,AT1G75370,AT1G76580,AT1G78610,AT1G20450,AT2G18160,AT2G46680,AT3G11410,AT3G14440,AT3G22550,AT3G29575,AT3G61890,AT3G62070,AT3G63010,AT4G11350,AT4G21440,AT4G22880,AT4G27410,AT4G36240,AT5G03210,AT5G13200,AT5G47640,AT5G57610,AT5G64750,AT5G67180,AT5G59310,AT5G59320	
1	AT5G64220	CAMTA2	0	0	PWM2568	JASPAR	MA0969.1	299	0.001286303622666079	0.00800813331750097	37	AT1G02400,AT1G13360,AT1G17550,AT1G20440,AT1G29300,AT1G49450,AT1G51090,AT1G54160,AT1G61930,AT1G62570,AT1G67850,AT1G72770,AT1G75370,AT1G76580,AT1G78610,AT1G20450,AT2G18160,AT2G46680,AT3G11410,AT3G14440,AT3G22550,AT3G29575,AT3G61890,AT3G62070,AT3G63010,AT4G11350,AT4G21440,AT4G22880,AT4G27410,AT5G03210,AT5G13200,AT5G47640,AT5G57610,AT5G64750,AT5G67180,AT5G59310,AT5G59320	
1	AT4G35390	AGF1	1	na	PWM1608	PBM		297	0.001286303622666079	0.00800813331750097	37	AT1G02400,AT1G47510,AT1G48000,AT1G54160,AT1G58360,AT1G61930,AT1G64890,AT1G67850,AT1G68570,AT1G73480,AT1G20450,AT2G18160,AT2G21590,AT2G23120,AT2G44940,AT2G46680,AT3G14060,AT3G22550,AT3G27250,AT3G29575,AT3G55580,AT3G62070,AT4G01985,AT4G05100,AT4G08570,AT4G18280,AT4G24960,AT4G16447,AT5G04250,AT5G06510,AT5G11930,AT5G54060,AT5G57610,AT5G66460,AT5G67180,AT5G15970,AT5G43150	na
1	AT3G46640	LUX	1	na	PWM2700	UNIPROBE	UP00552	301	0.001286303622666079	0.00800813331750097	37	AT1G05100,AT1G17590,AT1G19970,AT1G21790,AT1G27200,AT1G27910,AT1G29300,AT1G32900,AT1G47510,AT1G48000,AT1G51090,AT1G54160,AT1G68570,AT1G75370,AT1G76580,AT2G18160,AT2G41190,AT2G44670,AT2G46680,AT2G42540,AT3G63010,AT4G26080,AT4G34000,AT4G39210,AT5G06510,AT5G13210,AT5G20885,AT5G23850,AT5G28910,AT5G40390,AT5G47640,AT5G47740,AT5G54060,AT5G55950,AT5G24080,AT5G43150,AT5G15960	na
1	AT1G36060	At1g36060	0	0	PWM2745	DAP-seq	AT1G36060_col	303	0.001286303622666079	0.00800813331750097	37	AT1G09350,AT1G27200,AT1G27910,AT1G47510,AT1G56650,AT1G60190,AT1G61800,AT1G80130,AT1G20450,AT2G39800,AT2G41190,AT2G42530,AT2G42540,AT3G14440,AT3G23840,AT3G50970,AT3G56270,AT3G61890,AT3G63010,AT3G63060,AT4G01985,AT4G12000,AT4G21440,AT4G21940,AT4G24960,AT4G33905,AT4G36240,AT4G38580,AT4G01060,AT5G04250,AT5G05220,AT5G15190,AT5G50240,AT5G54165,AT5G64750,AT5G43150,AT5G50720	
1	AT1G36060	At1g36060	0	0	PWM1008	CisBP	M0016_1.01	367	0.004452493583430966	0.021872112315319787	35	AT1G05100,AT1G19630,AT1G20440,AT1G27200,AT1G27910,AT1G43890,AT1G47510,AT1G47710,AT1G58340,AT1G60190,AT1G62570,AT1G64890,AT1G69870,AT1G70640,AT1G71710,AT1G75370,AT1G76580,AT1G20450,AT2G01430,AT3G14440,AT3G23840,AT3G28007,AT3G50970,AT3G56270,AT3G61890,AT4G01985,AT4G05100,AT4G12000,AT4G21440,AT4G24960,AT4G38580,AT5G43880,AT5G54165,AT5G64750,AT5G50720	
1	AT1G51700	Adof1	0	0	PWM2964	DAP-seq	ADOF1_col	305	0.001286303622666079	0.00800813331750097	37	AT1G13360,AT1G27200,AT1G27910,AT1G29300,AT1G47510,AT1G50420,AT1G54160,AT1G58340,AT1G58360,AT1G69790,AT1G69870,AT1G71710,AT1G72770,AT2G46270,AT3G09910,AT3G14020,AT3G22550,AT3G63010,AT3G05650,AT3G16360,AT4G01985,AT4G09820,AT4G19230,AT4G24960,AT4G33905,AT4G34000,AT4G38580,AT4G01060,AT5G01850,AT5G11110,AT5G28910,AT5G47640,AT5G47740,AT5G54060,AT5G57050,AT5G67180,AT5G50720	
1	AT1G47655	AT1G47655	0	na	PWM2966	DAP-seq	AT1G47655_col	306	0.001286303622666079	0.00800813331750097	37	AT1G01250,AT1G19630,AT1G27200,AT1G33230,AT1G53470,AT1G58360,AT1G64890,AT1G69260,AT1G69790,AT1G72830,AT1G76580,AT2G04350,AT2G21590,AT2G46680,AT3G05690,AT3G25870,AT3G28007,AT3G29590,AT3G61890,AT3G63010,AT3G16360,AT4G01985,AT4G05100,AT4G08570,AT4G14090,AT4G24960,AT4G26080,AT4G33905,AT4G34000,AT4G01060,AT4G16447,AT5G11110,AT5G15190,AT5G19470,AT5G42570,AT5G67180,AT5G50720	na
1	AT2G38530	cdf3	3	na	PWM2985	DAP-seq	CDF3_col	307	0.001286303622666079	0.00800813331750097	37	AT1G09350,AT1G13360,AT1G19630,AT1G58340,AT1G58360,AT1G69790,AT1G72770,AT1G78610,AT2G21590,AT2G21620,AT2G44940,AT2G46270,AT3G09910,AT3G22550,AT3G29575,AT3G56270,AT3G62070,AT3G63010,AT3G63060,AT3G16360,AT4G01985,AT4G03200,AT4G08570,AT4G24450,AT4G24960,AT4G34000,AT4G38580,AT4G16447,AT5G11110,AT5G19470,AT5G23850,AT5G47640,AT5G54165,AT5G55950,AT5G66460,AT5G67180,AT5G50720	na
1	AT3G13810	AtIDD11	2	na	PWM3037	DAP-seq	ATIDD11_col	308	0.001286303622666079	0.00800813331750097	37	AT1G50420,AT1G54160,AT1G56650,AT1G58340,AT1G58360,AT1G61800,AT1G61930,AT1G69790,AT1G69870,AT1G72770,AT1G75370,AT1G80130,AT2G01430,AT2G21620,AT2G41190,AT2G44670,AT2G47670,AT3G09910,AT3G14020,AT3G22550,AT3G25870,AT3G29575,AT3G63010,AT4G01985,AT4G11350,AT4G19230,AT4G24960,AT4G36240,AT4G01060,AT4G16447,AT5G01850,AT5G03210,AT5G40390,AT5G55950,AT5G66460,AT5G50720,AT5G15960	na
1	AT5G66700	ATHB53	2	na	PWM3136	DAP-seq	ATHB53_col	309	0.001286303622666079	0.00800813331750097	37	AT1G01250,AT1G02400,AT1G16850,AT1G20440,AT1G32900,AT1G56650,AT1G58340,AT1G58360,AT1G61930,AT1G64890,AT1G66390,AT1G68570,AT1G69870,AT1G73480,AT1G75370,AT1G78070,AT1G78610,AT2G01430,AT2G46270,AT3G05690,AT3G14440,AT3G55580,AT3G61890,AT4G21440,AT4G33905,AT4G34000,AT4G16447,AT5G01850,AT5G03210,AT5G06510,AT5G11110,AT5G11930,AT5G13200,AT5G13210,AT5G42800,AT5G57050,AT5G66460	na
1	AT1G69780	ATHB13	0	0	PWM3148	DAP-seq	ATHB13_col	310	0.001286303622666079	0.00800813331750097	37	AT1G01250,AT1G02400,AT1G16850,AT1G20440,AT1G32900,AT1G48000,AT1G56650,AT1G58360,AT1G60190,AT1G66390,AT1G69870,AT1G73480,AT1G75370,AT1G78070,AT1G60470,AT2G01430,AT2G39800,AT3G55580,AT3G63010,AT4G05100,AT4G21440,AT4G24960,AT4G33905,AT4G34000,AT4G36240,AT4G16447,AT5G01850,AT5G03210,AT5G05220,AT5G06510,AT5G11110,AT5G13200,AT5G13210,AT5G15500,AT5G17850,AT5G43880,AT5G66460	
1	AT3G24520	AT-HSFC1	42	0	PWM3183	DAP-seq	HSFC1_col	311	0.001286303622666079	0.00800813331750097	37	AT1G19630,AT1G27910,AT1G33230,AT1G47710,AT1G48000,AT1G50420,AT1G61800,AT1G63840,AT1G67850,AT1G69790,AT1G72770,AT1G72830,AT1G78070,AT1G78610,AT1G20450,AT1G45249,AT2G04350,AT2G21590,AT2G39800,AT2G44670,AT3G05690,AT3G14440,AT3G15350,AT4G18280,AT4G35290,AT4G38580,AT5G03210,AT5G11110,AT5G13200,AT5G13210,AT5G40390,AT5G42800,AT5G43880,AT5G59220,AT5G24080,AT5G59320,AT5G15960	
1	AT1G18330	EPR1	1	na	PWM3334	DAP-seq	EPR1_col	312	0.001286303622666079	0.00800813331750097	37	AT1G05100,AT1G16850,AT1G19630,AT1G20440,AT1G47710,AT1G51090,AT1G61800,AT1G64890,AT1G70640,AT1G71710,AT1G78070,AT1G80130,AT2G39800,AT2G42530,AT2G46680,AT2G42540,AT3G14440,AT3G29575,AT3G55580,AT3G62070,AT3G63010,AT3G63060,AT3G16360,AT4G18280,AT4G19230,AT4G24450,AT4G26080,AT4G38580,AT5G04250,AT5G05220,AT5G13200,AT5G13210,AT5G15190,AT5G57050,AT5G15970,AT5G43150,AT5G15960	na
1	AT1G18330	EPR1	1	na	PWM958	CisBP	M1219_1.01	398	0.004452493583430966	0.021872112315319787	35	AT1G01470,AT1G13360,AT1G16850,AT1G19630,AT1G29300,AT1G47710,AT1G48000,AT1G53470,AT1G58360,AT1G61800,AT1G70640,AT1G71710,AT1G76580,AT1G80130,AT1G45249,AT1G60470,AT2G39800,AT2G42530,AT2G46680,AT3G05030,AT3G05690,AT3G11410,AT3G29575,AT3G55580,AT4G19230,AT4G24450,AT4G34000,AT4G35290,AT5G01850,AT5G13200,AT5G13210,AT5G17850,AT5G57050,AT5G15970,AT5G50720	na
1	AT1G49480	REM19	0	na	PWM3446	DAP-seq	REM19_col	315	0.001286303622666079	0.00800813331750097	37	AT1G01250,AT1G05100,AT1G29300,AT1G33230,AT1G47510,AT1G50420,AT1G58340,AT1G61930,AT1G63840,AT1G70640,AT1G72770,AT1G76580,AT3G05660,AT2G39800,AT2G44940,AT2G46270,AT3G09910,AT3G14020,AT3G15350,AT3G22550,AT3G25870,AT3G62070,AT3G63010,AT3G05650,AT4G11350,AT4G19230,AT4G27410,AT4G34000,AT4G36240,AT4G38580,AT5G01850,AT5G28910,AT5G47740,AT5G54060,AT5G57050,AT5G67180,AT5G59320	na
1	AT1G69690	At1g69690	2	0	PWM3468	DAP-seq	AT1G69690_col	316	0.001286303622666079	0.00800813331750097	37	AT1G09350,AT1G29300,AT1G32900,AT1G47510,AT1G50420,AT1G51140,AT1G58340,AT1G61930,AT1G69790,AT1G70640,AT1G73480,AT1G80130,AT2G44940,AT2G46270,AT3G14440,AT3G27250,AT3G56270,AT3G61890,AT3G62070,AT3G63010,AT4G05100,AT4G11350,AT4G16750,AT4G17550,AT4G19230,AT4G22880,AT4G24960,AT4G26080,AT4G36240,AT4G39210,AT5G01840,AT5G19470,AT5G20885,AT5G40390,AT5G41400,AT5G47640,AT5G57050	
1	AT1G69690	At1g69690	2	0	PWM2658	JASPAR	MA1062.1	377	0.004452493583430966	0.021872112315319787	35	AT1G09350,AT1G19630,AT1G20440,AT1G29300,AT1G51140,AT1G58360,AT1G61930,AT1G62570,AT1G69790,AT1G69870,AT1G80130,AT2G21590,AT2G21620,AT2G45600,AT2G46270,AT2G47670,AT3G46450,AT3G56270,AT3G63010,AT4G05100,AT4G09820,AT4G12000,AT4G16750,AT4G17550,AT4G26080,AT4G27410,AT4G34000,AT4G36240,AT4G39210,AT4G01060,AT4G16447,AT5G01840,AT5G03210,AT5G20885,AT5G47640	
1	AT1G72010	At1g72010	10	0	PWM3470	DAP-seq	AT1G72010_col	317	0.001286303622666079	0.00800813331750097	37	AT1G09350,AT1G20440,AT1G29300,AT1G32900,AT1G47510,AT1G48000,AT1G50420,AT1G51140,AT1G58340,AT1G61930,AT1G69790,AT1G70640,AT1G73480,AT1G80130,AT2G44940,AT2G46270,AT3G14440,AT3G22550,AT3G27250,AT3G56270,AT3G62070,AT3G63010,AT4G05100,AT4G11350,AT4G16750,AT4G17550,AT4G22880,AT4G26080,AT4G35290,AT4G36240,AT4G01060,AT5G01840,AT5G20885,AT5G40390,AT5G47640,AT5G57050,AT5G43150	
1	AT1G53230	TCP3	1	0	PWM3488	DAP-seq	TCP3_col	318	0.001286303622666079	0.00800813331750097	37	AT1G01250,AT1G09350,AT1G20440,AT1G47510,AT1G47710,AT1G48000,AT1G51140,AT1G58340,AT1G58360,AT1G61930,AT1G68570,AT1G69790,AT1G69870,AT1G70640,AT1G75370,AT1G78610,AT2G46270,AT3G11410,AT3G22550,AT3G29575,AT3G46450,AT4G05100,AT4G09820,AT4G16750,AT4G17550,AT4G22880,AT4G24960,AT4G27410,AT4G33905,AT4G35290,AT4G36240,AT4G38580,AT4G39210,AT5G01840,AT5G19470,AT5G20885,AT5G47640	
1	AT1G53230	TCP3	1	0	PWM1520	CisBP	M1515_1.01	337	0.0024317837976165135	0.013540957605982635	36	AT1G01250,AT1G13360,AT1G20440,AT1G47510,AT1G47710,AT1G48000,AT1G51140,AT1G58340,AT1G61930,AT1G66390,AT1G68570,AT1G69790,AT1G69870,AT1G75370,AT1G78610,AT1G80130,AT2G46680,AT3G05030,AT3G11410,AT3G14440,AT3G29575,AT3G63010,AT4G05100,AT4G09820,AT4G16750,AT4G17550,AT4G22880,AT4G24960,AT4G33905,AT4G36240,AT4G38580,AT4G01060,AT5G01840,AT5G03210,AT5G43880,AT5G47740	
1	AT2G45680	At2g45680	4	0	PWM862	CisBP	M1526_1.01	319	0.001286303622666079	0.00800813331750097	37	AT1G09350,AT1G20440,AT1G29300,AT1G47510,AT1G51140,AT1G61930,AT1G69790,AT1G69870,AT1G73480,AT1G75370,AT1G80130,AT2G04100,AT2G21620,AT2G45600,AT2G46270,AT3G14440,AT3G22550,AT3G56270,AT3G62070,AT3G63010,AT4G05100,AT4G12000,AT4G16750,AT4G17550,AT4G22880,AT4G26080,AT4G36240,AT4G38580,AT4G39210,AT4G01060,AT5G01840,AT5G03210,AT5G19470,AT5G20885,AT5G40390,AT5G47640,AT5G57050	
1	AT1G64380	AT1G64380	7	na	PWM1009	CisBP	M0016_1.01	322	0.0024317837976165135	0.013540957605982635	36	AT1G05100,AT1G19630,AT1G20440,AT1G27200,AT1G27910,AT1G43890,AT1G47510,AT1G47710,AT1G58340,AT1G60190,AT1G62570,AT1G64890,AT1G69870,AT1G70640,AT1G71710,AT1G75370,AT1G76580,AT1G20450,AT2G01430,AT3G14440,AT3G23840,AT3G28007,AT3G50970,AT3G56270,AT3G61890,AT4G01985,AT4G05100,AT4G12000,AT4G21440,AT4G24960,AT4G38580,AT5G43880,AT5G54165,AT5G64750,AT5G50720,AT5G59310	na
1	AT1G78080	AtWIND1	0	0	PWM1010	CisBP	M0016_1.01	323	0.0024317837976165135	0.013540957605982635	36	AT1G05100,AT1G19630,AT1G20440,AT1G27200,AT1G27910,AT1G43890,AT1G47510,AT1G47710,AT1G58340,AT1G60190,AT1G62570,AT1G64890,AT1G69870,AT1G70640,AT1G71710,AT1G75370,AT1G76580,AT1G20450,AT2G01430,AT3G14440,AT3G23840,AT3G28007,AT3G50970,AT3G56270,AT3G61890,AT4G01985,AT4G05100,AT4G12000,AT4G21440,AT4G24960,AT4G38580,AT5G43880,AT5G54165,AT5G64750,AT5G50720,AT5G59310	
1	AT2G20880	AtERF53	1	1	PWM1011	CisBP	M0016_1.01	324	0.0024317837976165135	0.013540957605982635	36	AT1G05100,AT1G19630,AT1G20440,AT1G27200,AT1G27910,AT1G43890,AT1G47510,AT1G47710,AT1G58340,AT1G60190,AT1G62570,AT1G64890,AT1G69870,AT1G70640,AT1G71710,AT1G75370,AT1G76580,AT1G20450,AT2G01430,AT3G14440,AT3G23840,AT3G28007,AT3G50970,AT3G56270,AT3G61890,AT4G01985,AT4G05100,AT4G12000,AT4G21440,AT4G24960,AT4G38580,AT5G43880,AT5G54165,AT5G64750,AT5G50720,AT5G59310	AT1G62570
1	AT2G22200	AT2G22200	17	0	PWM1012	CisBP	M0016_1.01	325	0.0024317837976165135	0.013540957605982635	36	AT1G05100,AT1G19630,AT1G20440,AT1G27200,AT1G27910,AT1G43890,AT1G47510,AT1G47710,AT1G58340,AT1G60190,AT1G62570,AT1G64890,AT1G69870,AT1G70640,AT1G71710,AT1G75370,AT1G76580,AT1G20450,AT2G01430,AT3G14440,AT3G23840,AT3G28007,AT3G50970,AT3G56270,AT3G61890,AT4G01985,AT4G05100,AT4G12000,AT4G21440,AT4G24960,AT4G38580,AT5G43880,AT5G54165,AT5G64750,AT5G50720,AT5G59310	
1	AT4G28140	AT4G28140	1	0	PWM1014	CisBP	M0016_1.01	326	0.0024317837976165135	0.013540957605982635	36	AT1G05100,AT1G19630,AT1G20440,AT1G27200,AT1G27910,AT1G43890,AT1G47510,AT1G47710,AT1G58340,AT1G60190,AT1G62570,AT1G64890,AT1G69870,AT1G70640,AT1G71710,AT1G75370,AT1G76580,AT1G20450,AT2G01430,AT3G14440,AT3G23840,AT3G28007,AT3G50970,AT3G56270,AT3G61890,AT4G01985,AT4G05100,AT4G12000,AT4G21440,AT4G24960,AT4G38580,AT5G43880,AT5G54165,AT5G64750,AT5G50720,AT5G59310	
1	AT5G65130	At5g65130	2	0	PWM1016	CisBP	M0016_1.01	327	0.0024317837976165135	0.013540957605982635	36	AT1G05100,AT1G19630,AT1G20440,AT1G27200,AT1G27910,AT1G43890,AT1G47510,AT1G47710,AT1G58340,AT1G60190,AT1G62570,AT1G64890,AT1G69870,AT1G70640,AT1G71710,AT1G75370,AT1G76580,AT1G20450,AT2G01430,AT3G14440,AT3G23840,AT3G28007,AT3G50970,AT3G56270,AT3G61890,AT4G01985,AT4G05100,AT4G12000,AT4G21440,AT4G24960,AT4G38580,AT5G43880,AT5G54165,AT5G64750,AT5G50720,AT5G59310	
1	AT3G21270	ADOF2	0	0	PWM1052	CisBP	M0574_1.01	328	0.0024317837976165135	0.013540957605982635	36	AT1G17550,AT1G20440,AT1G27200,AT1G48000,AT1G49450,AT1G50420,AT1G62570,AT1G67850,AT1G69790,AT1G72770,AT1G72830,AT1G60470,AT2G04350,AT2G44670,AT2G46270,AT3G05690,AT3G09910,AT3G22550,AT3G25870,AT3G56270,AT3G63060,AT3G16360,AT4G03200,AT4G12000,AT4G16750,AT4G19230,AT4G24960,AT4G34000,AT4G36240,AT5G17850,AT5G40390,AT5G40800,AT5G42800,AT5G43880,AT5G47740,AT5G50720	
1	AT5G57620	AtMYB36	1	na	PWM1054	CisBP	M2239_1.01	329	0.0024317837976165135	0.013540957605982635	36	AT1G16850,AT1G17590,AT1G47510,AT1G48000,AT1G53470,AT1G58340,AT1G62570,AT1G67850,AT1G75370,AT1G20450,AT1G45249,AT2G01430,AT2G23120,AT2G39800,AT2G44940,AT2G46270,AT3G05690,AT3G09910,AT3G14020,AT3G14440,AT3G29590,AT3G55580,AT3G63010,AT4G05100,AT4G14090,AT4G21440,AT4G36240,AT4G16447,AT5G04250,AT5G23850,AT5G40390,AT5G43880,AT5G47740,AT5G66460,AT5G24080,AT5G43150	na
1	AT5G65790	ATMYB68	1	0	PWM1055	CisBP	M2239_1.01	330	0.0024317837976165135	0.013540957605982635	36	AT1G16850,AT1G17590,AT1G47510,AT1G48000,AT1G53470,AT1G58340,AT1G62570,AT1G67850,AT1G75370,AT1G20450,AT1G45249,AT2G01430,AT2G23120,AT2G39800,AT2G44940,AT2G46270,AT3G05690,AT3G09910,AT3G14020,AT3G14440,AT3G29590,AT3G55580,AT3G63010,AT4G05100,AT4G14090,AT4G21440,AT4G36240,AT4G16447,AT5G04250,AT5G23850,AT5G40390,AT5G43880,AT5G47740,AT5G66460,AT5G24080,AT5G43150	
1	AT3G49690	ATMYB84	1	0	PWM1056	CisBP	M2239_1.01	331	0.0024317837976165135	0.013540957605982635	36	AT1G16850,AT1G17590,AT1G47510,AT1G48000,AT1G53470,AT1G58340,AT1G62570,AT1G67850,AT1G75370,AT1G20450,AT1G45249,AT2G01430,AT2G23120,AT2G39800,AT2G44940,AT2G46270,AT3G05690,AT3G09910,AT3G14020,AT3G14440,AT3G29590,AT3G55580,AT3G63010,AT4G05100,AT4G14090,AT4G21440,AT4G36240,AT4G16447,AT5G04250,AT5G23850,AT5G40390,AT5G43880,AT5G47740,AT5G66460,AT5G24080,AT5G43150	
1	AT3G49690	ATMYB84	1	0	PWM2175	JASPAR	MA0576.1	341	0.0024317837976165135	0.013540957605982635	36	AT1G16850,AT1G17590,AT1G47510,AT1G48000,AT1G53470,AT1G58340,AT1G62570,AT1G67850,AT1G75370,AT1G20450,AT1G45249,AT2G01430,AT2G23120,AT2G39800,AT2G44940,AT2G46270,AT3G05690,AT3G09910,AT3G14020,AT3G14440,AT3G29590,AT3G55580,AT3G63010,AT4G05100,AT4G14090,AT4G21440,AT4G36240,AT4G16447,AT5G04250,AT5G23850,AT5G40390,AT5G43880,AT5G47740,AT5G66460,AT5G24080,AT5G43150	
1	AT3G22170	CPD45	0	24	PWM1061	CisBP	M2220_1.01	332	0.0024317837976165135	0.013540957605982635	36	AT1G13360,AT1G19970,AT1G27910,AT1G29300,AT1G47710,AT1G49450,AT1G69870,AT1G71710,AT1G72770,AT1G72830,AT1G75370,AT1G76580,AT1G78610,AT3G05660,AT2G18160,AT2G39800,AT2G46680,AT3G14020,AT3G14440,AT3G22550,AT3G25870,AT3G29575,AT3G63010,AT3G63060,AT4G01985,AT4G03200,AT4G11350,AT4G19230,AT4G21440,AT4G33905,AT4G34000,AT4G36240,AT5G42800,AT5G47640,AT5G57610,AT5G67180	AT1G02400,AT1G05100,AT1G13360,AT1G20440,AT1G29300,AT1G49450,AT1G61930,AT1G78610,AT2G18160,AT3G14020,AT3G15350,AT3G25870,AT3G63060,AT4G11350,AT4G14090,AT4G16750,AT4G33905,AT5G11930,AT5G23850,AT5G47640,AT5G57610,AT5G59220,AT5G64750,AT5G67180
1	AT3G22170	CPD45	0	24	PWM2157	JASPAR	MA0557.1	374	0.004452493583430966	0.021872112315319787	35	AT1G13360,AT1G19970,AT1G27910,AT1G29300,AT1G47710,AT1G49450,AT1G69870,AT1G71710,AT1G72770,AT1G72830,AT1G75370,AT1G76580,AT1G78610,AT3G05660,AT2G18160,AT2G39800,AT2G46680,AT3G14020,AT3G22550,AT3G25870,AT3G29575,AT3G63010,AT3G63060,AT4G01985,AT4G03200,AT4G11350,AT4G19230,AT4G21440,AT4G33905,AT4G34000,AT4G36240,AT5G42800,AT5G47640,AT5G57610,AT5G67180	AT1G02400,AT1G05100,AT1G13360,AT1G20440,AT1G29300,AT1G49450,AT1G61930,AT1G78610,AT2G18160,AT3G14020,AT3G15350,AT3G25870,AT3G63060,AT4G11350,AT4G14090,AT4G16750,AT4G33905,AT5G11930,AT5G23850,AT5G47640,AT5G57610,AT5G59220,AT5G64750,AT5G67180
1	AT1G63480	AHL12	0	na	PWM1320	PBM		336	0.0024317837976165135	0.013540957605982635	36	AT1G01250,AT1G02400,AT1G09350,AT1G13360,AT1G19630,AT1G47510,AT1G47710,AT1G48000,AT1G51140,AT1G54160,AT1G58360,AT1G62570,AT1G68570,AT1G72830,AT1G75370,AT2G01430,AT2G21590,AT2G46270,AT3G14020,AT3G14440,AT3G22550,AT3G25870,AT3G55580,AT4G05100,AT4G08570,AT4G22880,AT4G24960,AT4G34000,AT4G38580,AT5G06510,AT5G15500,AT5G40390,AT5G54060,AT5G57610,AT5G59220,AT5G67180	na
1	AT1G76110	AT1G76110	0	0	PWM2867	DAP-seq	AT1G76110_col	344	0.0024317837976165135	0.013540957605982635	36	AT1G02400,AT1G27200,AT1G27910,AT1G29300,AT1G48000,AT1G58360,AT1G61930,AT1G63840,AT1G78070,AT1G20450,AT3G05660,AT2G18160,AT2G21590,AT2G23120,AT2G44670,AT2G44940,AT2G46270,AT3G22550,AT3G25870,AT3G27250,AT3G29575,AT3G56270,AT3G61890,AT3G62070,AT4G01985,AT4G05100,AT4G38580,AT4G01060,AT5G04250,AT5G06510,AT5G11110,AT5G13200,AT5G43880,AT5G54060,AT5G57610,AT5G67180	
1	AT3G44480	cog1	9	na	PWM2987	DAP-seq	COG1_col	345	0.0024317837976165135	0.013540957605982635	36	AT1G02400,AT1G13360,AT1G27200,AT1G58340,AT1G58360,AT1G63840,AT1G69790,AT1G72770,AT1G78610,AT2G21590,AT2G21620,AT2G44670,AT2G46270,AT3G14020,AT3G22550,AT3G29575,AT3G62070,AT3G63010,AT3G05650,AT3G16360,AT4G01985,AT4G08570,AT4G09820,AT4G24960,AT4G34000,AT4G38580,AT4G01060,AT4G16447,AT5G01850,AT5G11110,AT5G28910,AT5G47640,AT5G47740,AT5G66460,AT5G67180,AT5G50720	na
1	AT3G55370	OBP3	1	0	PWM2999	DAP-seq	OBP3_col	346	0.0024317837976165135	0.013540957605982635	36	AT1G19630,AT1G27200,AT1G29300,AT1G47510,AT1G48000,AT1G50420,AT1G58360,AT1G62570,AT1G68570,AT1G72770,AT1G76580,AT2G01430,AT2G04100,AT3G05660,AT2G39800,AT2G46270,AT2G47670,AT3G05030,AT3G09910,AT3G14020,AT3G22550,AT3G63010,AT3G05650,AT4G01985,AT4G19230,AT4G24960,AT4G34000,AT4G38580,AT4G16447,AT5G01850,AT5G28910,AT5G43880,AT5G47740,AT5G54060,AT5G66460,AT5G67180	
1	AT4G24470	GATA25	0	0	PWM3017	DAP-seq	ZIM_col	347	0.0024317837976165135	0.013540957605982635	36	AT1G27910,AT1G32900,AT1G43890,AT1G47710,AT1G53470,AT1G58360,AT1G61800,AT1G61930,AT1G62570,AT1G69480,AT1G69870,AT1G70640,AT1G78610,AT1G45249,AT3G05660,AT2G21590,AT2G44940,AT2G46270,AT2G42540,AT3G11410,AT3G25870,AT3G29575,AT3G46450,AT3G56270,AT3G63010,AT3G16360,AT4G17550,AT4G34000,AT4G36240,AT4G01060,AT5G04250,AT5G15500,AT5G47640,AT5G54060,AT5G55950,AT5G59220	
1	AT1G01060	LHY	14	na	PWM3338	DAP-seq	LHY1_col	350	0.0024317837976165135	0.013540957605982635	36	AT1G05100,AT1G16850,AT1G17590,AT1G19630,AT1G20440,AT1G47710,AT1G51090,AT1G61800,AT1G64890,AT1G69790,AT1G70640,AT1G71710,AT1G80130,AT2G39800,AT2G42530,AT2G46680,AT2G42540,AT3G14440,AT3G29575,AT3G29590,AT3G55580,AT3G62070,AT3G63010,AT3G63060,AT4G18280,AT4G19230,AT4G24450,AT4G38580,AT5G04250,AT5G05220,AT5G06510,AT5G15190,AT5G17850,AT5G43880,AT5G57050,AT5G15970	na
1	AT5G17300	RVE1	28	na	PWM3340	DAP-seq	RVE1_col	351	0.0024317837976165135	0.013540957605982635	36	AT1G05100,AT1G16850,AT1G19630,AT1G47710,AT1G51140,AT1G61800,AT1G69870,AT1G70640,AT1G78070,AT1G80130,AT2G39800,AT2G42530,AT2G46680,AT2G42540,AT3G05690,AT3G14440,AT3G29575,AT3G29590,AT3G55580,AT3G62070,AT3G63010,AT3G63060,AT3G16360,AT4G18280,AT4G19230,AT4G24450,AT4G26080,AT4G38580,AT5G04250,AT5G05220,AT5G17850,AT5G20885,AT5G40800,AT5G57050,AT5G43150,AT5G15960	na
1	AT4G38170	FRS9	0	na	PWM3437	DAP-seq	FRS9_col	352	0.0024317837976165135	0.013540957605982635	36	AT1G13360,AT1G16850,AT1G17590,AT1G19970,AT1G27910,AT1G30500,AT1G54160,AT1G58360,AT1G63840,AT1G69480,AT1G72770,AT1G76580,AT1G78610,AT2G04350,AT2G39800,AT2G46270,AT3G05690,AT3G11410,AT3G27250,AT3G61890,AT3G63010,AT3G16360,AT4G05100,AT4G17550,AT5G01850,AT5G06510,AT5G11930,AT5G20885,AT5G40800,AT5G41400,AT5G47640,AT5G47740,AT5G55950,AT5G57050,AT5G59220,AT5G64750	na
1	AT4G27410	ANAC072	17	79	PWM348	AthaMAP	T07624	355	0.0024317837976165135	0.013540957605982635	36	AT1G20440,AT1G27200,AT1G27910,AT1G29300,AT1G50420,AT1G54160,AT1G56650,AT1G61800,AT1G61930,AT1G69790,AT1G69870,AT1G70640,AT1G73040,AT1G75370,AT1G78070,AT2G18160,AT2G39800,AT2G44670,AT2G44940,AT2G46680,AT3G05030,AT3G11410,AT3G22550,AT3G61890,AT4G18280,AT4G21440,AT4G27410,AT4G34000,AT4G39210,AT4G01060,AT4G16447,AT5G04250,AT5G11110,AT5G11930,AT5G59220,AT5G66460	AT1G02400,AT1G05100,AT1G09350,AT1G13360,AT1G20440,AT1G21790,AT1G27200,AT1G29300,AT1G47510,AT1G48000,AT1G49450,AT1G50420,AT1G51140,AT1G56650,AT1G58360,AT1G60190,AT1G62570,AT1G63840,AT1G66390,AT1G68570,AT1G69480,AT1G69870,AT1G73480,AT1G75370,AT1G76580,AT1G78070,AT1G78610,AT1G20450,AT2G04350,AT2G18160,AT2G21620,AT2G23120,AT2G44670,AT2G44940,AT2G45600,AT2G46680,AT3G05030,AT3G05690,AT3G11410,AT3G14440,AT3G15350,AT3G22550,AT3G25870,AT3G27250,AT3G29575,AT3G46450,AT3G56270,AT3G61890,AT3G62070,AT3G63010,AT3G63060,AT3G05650,AT4G05100,AT4G11350,AT4G16750,AT4G17550,AT4G19230,AT4G24960,AT4G33905,AT4G34000,AT4G38580,AT4G01060,AT5G01840,AT5G03210,AT5G04250,AT5G11110,AT5G11930,AT5G13200,AT5G15190,AT5G20885,AT5G23850,AT5G40390,AT5G41400,AT5G42800,AT5G47640,AT5G57610,AT5G59220,AT5G64750,AT5G67180
1	AT1G30210	ATTCP24	0	0	PWM3486	DAP-seq	TCP24_col	356	0.0024317837976165135	0.013540957605982635	36	AT1G01250,AT1G20440,AT1G47510,AT1G47710,AT1G48000,AT1G51140,AT1G58340,AT1G61930,AT1G62570,AT1G66390,AT1G68570,AT1G69790,AT1G69870,AT1G71710,AT1G75370,AT1G78610,AT2G44940,AT2G46270,AT3G11410,AT3G22550,AT3G23840,AT3G29575,AT3G63010,AT4G05100,AT4G09820,AT4G16750,AT4G17550,AT4G22880,AT4G24960,AT4G33905,AT4G36240,AT4G38580,AT4G01060,AT5G01840,AT5G19470,AT5G20885	
1	AT2G18350	AtHB24	4	0	PWM3575	DAP-seq	ATHB24_col	357	0.0024317837976165135	0.013540957605982635	36	AT1G16850,AT1G19630,AT1G19970,AT1G27200,AT1G51140,AT1G58340,AT1G61930,AT1G62570,AT1G67850,AT1G69870,AT1G72830,AT1G76580,AT1G78070,AT1G80130,AT1G20450,AT2G18160,AT3G05030,AT3G14020,AT3G27250,AT3G46450,AT3G56270,AT3G61890,AT3G63010,AT3G16360,AT4G03200,AT4G05100,AT4G18280,AT4G22880,AT4G24960,AT4G36240,AT5G03210,AT5G40800,AT5G43880,AT5G57610,AT5G59220,AT5G66460	
1	AT5G39660	CDF2	30	0	PWM909	CisBP	M0578_1.01	361	0.0024317837976165135	0.013540957605982635	36	AT1G19630,AT1G27200,AT1G29300,AT1G51140,AT1G53470,AT1G58360,AT1G66390,AT1G69790,AT1G69870,AT1G72770,AT2G01430,AT2G04350,AT2G21590,AT2G46270,AT2G46680,AT3G05690,AT3G22550,AT3G25870,AT3G28007,AT3G61890,AT3G62070,AT3G63060,AT4G01985,AT4G08570,AT4G14090,AT4G33905,AT4G34000,AT4G38580,AT4G01060,AT5G11110,AT5G15190,AT5G17850,AT5G43880,AT5G47740,AT5G67180,AT5G50720	
1	AT5G39660	CDF2	30	0	PWM2572	JASPAR	MA0973.1	413	0.007892603472017722	0.03546726322137287	34	AT1G19630,AT1G27200,AT1G29300,AT1G51140,AT1G53470,AT1G58360,AT1G66390,AT1G69790,AT1G69870,AT1G72770,AT2G01430,AT2G04350,AT2G21590,AT2G46270,AT2G46680,AT3G05690,AT3G22550,AT3G25870,AT3G61890,AT3G62070,AT3G63060,AT4G01985,AT4G08570,AT4G33905,AT4G34000,AT4G38580,AT4G01060,AT5G11110,AT5G15190,AT5G17850,AT5G43880,AT5G47740,AT5G67180,AT5G50720	
1	AT2G30590	WRKY21	2	0	PWM945	CisBP	M1556_1.01	362	0.0024317837976165135	0.013540957605982635	36	AT1G01250,AT1G02400,AT1G51140,AT1G56650,AT1G58360,AT1G60190,AT1G61800,AT1G61930,AT1G64890,AT1G68570,AT1G69870,AT1G72830,AT1G73480,AT1G75370,AT1G78070,AT1G78610,AT2G01430,AT2G39800,AT2G44670,AT2G46270,AT3G14440,AT3G28007,AT3G55580,AT3G61890,AT3G63010,AT4G05100,AT4G08570,AT4G34000,AT4G36240,AT5G01850,AT5G03210,AT5G05220,AT5G11110,AT5G11930,AT5G13200,AT5G13210	
1	AT5G06950	AHBP-1B	0	0	PWM973	CisBP	M0265_1.01	364	0.0024317837976165135	0.013540957605982635	36	AT1G05100,AT1G19630,AT1G32900,AT1G56650,AT1G58340,AT1G61930,AT1G68570,AT1G69870,AT1G73480,AT2G01430,AT2G39800,AT2G44940,AT2G46270,AT2G46680,AT2G47670,AT2G42540,AT3G05030,AT3G23840,AT3G28007,AT3G50970,AT4G01985,AT4G05100,AT4G08570,AT4G09820,AT4G33905,AT4G34000,AT5G05220,AT5G06510,AT5G11110,AT5G11930,AT5G15500,AT5G23850,AT5G52310,AT5G59220,AT5G43150,AT5G59310	
1	AT1G54060	ASIL1	0	0	PWM1003	CisBP	M1492_1.01	365	0.004452493583430966	0.021872112315319787	35	AT1G13360,AT1G27910,AT1G29300,AT1G43890,AT1G47710,AT1G49450,AT1G51140,AT1G53470,AT1G60190,AT1G63840,AT1G64890,AT1G70640,AT1G71710,AT1G75370,AT3G11410,AT3G14440,AT3G22550,AT3G23840,AT3G25870,AT3G27250,AT3G29575,AT3G62070,AT4G16750,AT4G22880,AT4G24960,AT4G26080,AT5G40390,AT5G40800,AT5G41400,AT5G43880,AT5G52310,AT5G57050,AT5G59220,AT5G24080,AT5G50720	
1	AT1G22190	RAP2.4	7	0	PWM1007	CisBP	M0016_1.01	366	0.004452493583430966	0.021872112315319787	35	AT1G05100,AT1G19630,AT1G20440,AT1G27200,AT1G27910,AT1G43890,AT1G47510,AT1G47710,AT1G58340,AT1G60190,AT1G62570,AT1G64890,AT1G69870,AT1G70640,AT1G71710,AT1G75370,AT1G76580,AT1G20450,AT2G01430,AT3G14440,AT3G23840,AT3G28007,AT3G50970,AT3G56270,AT3G61890,AT4G01985,AT4G05100,AT4G12000,AT4G21440,AT4G24960,AT4G38580,AT5G43880,AT5G54165,AT5G64750,AT5G50720	
1	AT4G13620	AT4G13620	1	na	PWM1013	CisBP	M0016_1.01	368	0.004452493583430966	0.021872112315319787	35	AT1G05100,AT1G19630,AT1G20440,AT1G27200,AT1G27910,AT1G43890,AT1G47510,AT1G47710,AT1G58340,AT1G60190,AT1G62570,AT1G64890,AT1G69870,AT1G70640,AT1G71710,AT1G75370,AT1G76580,AT1G20450,AT2G01430,AT3G14440,AT3G23840,AT3G28007,AT3G50970,AT3G56270,AT3G61890,AT4G01985,AT4G05100,AT4G12000,AT4G21440,AT4G24960,AT4G38580,AT5G43880,AT5G54165,AT5G64750,AT5G50720	na
1	AT4G39780	AT4G39780	4	0	PWM1015	CisBP	M0016_1.01	369	0.004452493583430966	0.021872112315319787	35	AT1G05100,AT1G19630,AT1G20440,AT1G27200,AT1G27910,AT1G43890,AT1G47510,AT1G47710,AT1G58340,AT1G60190,AT1G62570,AT1G64890,AT1G69870,AT1G70640,AT1G71710,AT1G75370,AT1G76580,AT1G20450,AT2G01430,AT3G14440,AT3G23840,AT3G28007,AT3G50970,AT3G56270,AT3G61890,AT4G01985,AT4G05100,AT4G12000,AT4G21440,AT4G24960,AT4G38580,AT5G43880,AT5G54165,AT5G64750,AT5G50720	
1	AT1G61110	anac025	2	na	PWM1462	CisBP	M1302_1.01	371	0.004452493583430966	0.021872112315319787	35	AT1G02400,AT1G20440,AT1G32900,AT1G47510,AT1G53470,AT1G56650,AT1G62570,AT1G68570,AT1G69790,AT1G69870,AT1G70640,AT1G72770,AT1G76580,AT2G04100,AT2G42530,AT2G44940,AT3G11410,AT3G14060,AT3G22550,AT3G23840,AT3G25870,AT3G28007,AT3G29575,AT3G61890,AT4G08570,AT4G24960,AT4G27410,AT4G35290,AT4G16447,AT5G04250,AT5G11110,AT5G15500,AT5G41400,AT5G42800,AT5G59220	na
1	AT1G61110	anac025	2	na	PWM2534	JASPAR	MA0935.1	375	0.004452493583430966	0.021872112315319787	35	AT1G02400,AT1G05100,AT1G20440,AT1G32900,AT1G47510,AT1G53470,AT1G62570,AT1G68570,AT1G69790,AT1G69870,AT1G70640,AT1G72770,AT1G76580,AT2G04100,AT2G42530,AT2G46680,AT3G11410,AT3G14060,AT3G22550,AT3G23840,AT3G25870,AT3G28007,AT3G29575,AT3G61890,AT4G08570,AT4G24960,AT4G27410,AT4G35290,AT4G16447,AT5G04250,AT5G11110,AT5G15500,AT5G41400,AT5G42800,AT5G59220	na
1	AT3G15510	ANAC056	13	0	PWM1463	CisBP	M1302_1.01	372	0.004452493583430966	0.021872112315319787	35	AT1G02400,AT1G20440,AT1G32900,AT1G47510,AT1G53470,AT1G56650,AT1G62570,AT1G68570,AT1G69790,AT1G69870,AT1G70640,AT1G72770,AT1G76580,AT2G04100,AT2G42530,AT2G44940,AT3G11410,AT3G14060,AT3G22550,AT3G23840,AT3G25870,AT3G28007,AT3G29575,AT3G61890,AT4G08570,AT4G24960,AT4G27410,AT4G35290,AT4G16447,AT5G04250,AT5G11110,AT5G15500,AT5G41400,AT5G42800,AT5G59220	
1	AT2G45190	AFO	0	na	PWM1590	PBM		373	0.004452493583430966	0.021872112315319787	35	AT1G02400,AT1G13360,AT1G20440,AT1G21790,AT1G47710,AT1G48000,AT1G51140,AT1G54160,AT1G64890,AT1G69480,AT1G69870,AT2G01430,AT2G04100,AT2G04350,AT2G21590,AT2G39800,AT2G44940,AT2G46680,AT2G47670,AT3G14020,AT3G25870,AT3G29575,AT3G29590,AT3G50970,AT3G55580,AT4G03200,AT4G17550,AT4G34000,AT5G01850,AT5G15190,AT5G42800,AT5G43880,AT5G57050,AT5G57610,AT5G66460	na
1	AT1G64620	At1g64620	0	0	PWM2968	DAP-seq	AT1G64620_col	379	0.004452493583430966	0.021872112315319787	35	AT1G01250,AT1G09350,AT1G13360,AT1G27200,AT1G47510,AT1G48000,AT1G58340,AT1G58360,AT1G61800,AT1G68570,AT1G69790,AT1G71710,AT1G72770,AT1G60470,AT2G21590,AT2G46270,AT3G14020,AT3G22550,AT3G29575,AT3G62070,AT3G63010,AT4G01985,AT4G19230,AT4G24960,AT4G33905,AT4G34000,AT4G38580,AT4G01060,AT5G19470,AT5G28910,AT5G40390,AT5G47740,AT5G54165,AT5G57050,AT5G67180	
1	AT5G62940	At5g62940	0	0	PWM2982	DAP-seq	AT5G62940_col	380	0.004452493583430966	0.021872112315319787	35	AT1G13360,AT1G27200,AT1G29300,AT1G47510,AT1G48000,AT1G50420,AT1G58340,AT1G58360,AT1G68570,AT1G69790,AT1G72770,AT2G46270,AT3G14020,AT3G22550,AT3G29575,AT3G50970,AT3G62070,AT3G63010,AT3G16360,AT4G19230,AT4G24960,AT4G33905,AT4G34000,AT4G36240,AT4G38580,AT4G16447,AT5G01850,AT5G20885,AT5G28910,AT5G43880,AT5G47740,AT5G57050,AT5G66460,AT5G67180,AT5G50720	
1	AT5G66940	AT5G66940	0	na	PWM2983	DAP-seq	AT5G66940_col	381	0.004452493583430966	0.021872112315319787	35	AT1G19630,AT1G27200,AT1G29300,AT1G43890,AT1G47510,AT1G50420,AT1G58340,AT1G58360,AT1G69790,AT1G70640,AT1G72770,AT1G76580,AT2G44940,AT2G46270,AT2G46680,AT3G05030,AT3G09910,AT3G14020,AT3G14440,AT3G22550,AT3G62070,AT3G63010,AT3G05650,AT4G11350,AT4G16750,AT4G19230,AT4G24960,AT4G34000,AT4G38580,AT5G01850,AT5G11110,AT5G28910,AT5G57050,AT5G67180,AT5G50720	na
1	AT3G60580	At3g60580	5	0	PWM3030	DAP-seq	AT3G60580_col	382	0.004452493583430966	0.021872112315319787	35	AT1G05100,AT1G09350,AT1G17590,AT1G20440,AT1G49450,AT1G54160,AT1G61800,AT1G67850,AT1G78610,AT1G20450,AT2G04100,AT2G21620,AT2G39800,AT2G44940,AT2G46270,AT2G46680,AT2G47670,AT3G05690,AT3G61890,AT3G62070,AT4G11350,AT4G17550,AT4G19230,AT4G22880,AT4G33905,AT5G01840,AT5G06510,AT5G13200,AT5G15500,AT5G23850,AT5G40390,AT5G57610,AT5G67180,AT5G59310,AT5G59320	
1	AT4G15090	FAR1	0	na	PWM3092	DAP-seq	FAR1_col	383	0.004452493583430966	0.021872112315319787	35	AT1G05100,AT1G13360,AT1G16850,AT1G19970,AT1G27910,AT1G29300,AT1G48000,AT1G49450,AT1G50420,AT1G54160,AT1G71710,AT1G72770,AT1G75370,AT1G78610,AT2G01430,AT2G18160,AT2G39800,AT2G46680,AT3G14020,AT3G14440,AT3G25870,AT3G46450,AT3G63010,AT3G63060,AT4G03200,AT4G11350,AT4G21440,AT4G24960,AT4G33905,AT4G36240,AT5G43880,AT5G47640,AT5G57610,AT5G66460,AT5G67180	na
1	AT3G02990	ATHSFA1E	8	0	PWM3174	DAP-seq	HSFA1E_col	385	0.004452493583430966	0.021872112315319787	35	AT1G13360,AT1G17590,AT1G19630,AT1G27910,AT1G47510,AT1G47710,AT1G72830,AT1G76580,AT1G78610,AT1G45249,AT1G60470,AT2G21590,AT2G39800,AT2G44670,AT3G14440,AT3G25870,AT3G29575,AT3G56270,AT4G18280,AT4G24450,AT4G26080,AT4G34000,AT4G35290,AT4G38580,AT5G01850,AT5G03210,AT5G13200,AT5G13210,AT5G40390,AT5G43880,AT5G54165,AT5G57050,AT5G15970,AT5G24080,AT5G15960	
1	AT1G52880	ANAC018	11	0	PWM3408	DAP-seq	NAM_col	387	0.004452493583430966	0.021872112315319787	35	AT1G32900,AT1G48000,AT1G49450,AT1G51140,AT1G58360,AT1G69790,AT1G69870,AT1G70640,AT1G71710,AT1G73040,AT1G73480,AT1G80130,AT2G44670,AT2G46270,AT2G46680,AT3G05030,AT3G15350,AT3G29575,AT3G61890,AT4G01985,AT4G05100,AT4G12000,AT4G17550,AT4G35290,AT5G05220,AT5G06510,AT5G15190,AT5G17220,AT5G19470,AT5G42570,AT5G52310,AT5G57610,AT5G59220,AT5G59310,AT5G59320	
1	AT5G22220	ATE2FB	0	na	PWM341	AthaMAP	T06393	388	0.004452493583430966	0.021872112315319787	35	AT1G09350,AT1G13360,AT1G16850,AT1G17590,AT1G20440,AT1G27910,AT1G32900,AT1G47510,AT1G47710,AT1G48000,AT1G51140,AT1G61930,AT1G69480,AT3G05660,AT2G18160,AT2G41190,AT3G25870,AT3G28007,AT3G62070,AT3G16360,AT4G01985,AT4G03200,AT4G21940,AT4G26080,AT4G27410,AT4G39210,AT5G04250,AT5G05220,AT5G20885,AT5G23850,AT5G43880,AT5G47740,AT5G57050,AT5G15970,AT5G15960	na
1	AT2G28920	AT2G28920	1	na	PWM3436	DAP-seq	AT2G28920_col	389	0.004452493583430966	0.021872112315319787	35	AT1G05100,AT1G16850,AT1G17590,AT1G19630,AT1G20440,AT1G47710,AT1G51090,AT1G61800,AT1G64890,AT1G69790,AT1G70640,AT1G71710,AT1G80130,AT2G39800,AT2G42530,AT2G46680,AT2G42540,AT3G14440,AT3G29575,AT3G55580,AT3G61890,AT3G62070,AT3G63010,AT3G63060,AT4G18280,AT4G19230,AT4G24450,AT4G38580,AT4G01060,AT5G04250,AT5G05220,AT5G06510,AT5G15190,AT5G43880,AT5G15970	na
1	AT1G76890	AT-GT2	6	na	PWM3507	DAP-seq	GT2_col	390	0.004452493583430966	0.021872112315319787	35	AT1G17550,AT1G19970,AT1G20440,AT1G47710,AT1G50420,AT1G56650,AT1G61930,AT1G62570,AT1G64890,AT1G67850,AT1G68570,AT1G69790,AT1G69870,AT1G70640,AT1G75370,AT1G80130,AT1G20450,AT2G04100,AT2G18160,AT2G21590,AT2G44670,AT2G46680,AT3G05690,AT3G14020,AT3G14440,AT3G29590,AT3G46450,AT3G55580,AT3G61890,AT4G17550,AT4G27410,AT4G16447,AT5G11110,AT5G40390,AT5G67180	na
1	AT1G33240	ATGTL1	5	0	PWM3510	DAP-seq	GTL1_col	391	0.004452493583430966	0.021872112315319787	35	AT1G19630,AT1G20440,AT1G30500,AT1G47510,AT1G50420,AT1G61800,AT1G61930,AT1G64890,AT1G67850,AT1G68570,AT1G69790,AT1G70640,AT1G75370,AT1G80130,AT1G20450,AT2G01430,AT2G04100,AT3G05660,AT2G18160,AT2G44670,AT3G05030,AT3G05690,AT3G14020,AT3G14060,AT3G14440,AT3G27250,AT3G29590,AT4G09820,AT4G27410,AT4G35290,AT5G11110,AT5G57050,AT5G64750,AT5G67180,AT5G24080	
1	AT5G65410	ATHB25	0	0	PWM3577	DAP-seq	ATHB25_col	392	0.004452493583430966	0.021872112315319787	35	AT1G01250,AT1G09350,AT1G16850,AT1G19630,AT1G19970,AT1G27200,AT1G58360,AT1G62570,AT1G67850,AT1G69870,AT1G72830,AT1G76580,AT1G20450,AT2G18160,AT2G21590,AT2G44670,AT2G44940,AT3G05030,AT3G23840,AT3G27250,AT3G56270,AT3G61890,AT4G03200,AT4G05100,AT4G18280,AT4G19230,AT4G24960,AT4G33905,AT5G40800,AT5G43880,AT5G57610,AT5G59220,AT5G66460,AT5G59310,AT5G59320	
1	AT2G22430	ATHB6	2	76	PWM728	AGRIS		393	0.004452493583430966	0.021872112315319787	35	AT1G02400,AT1G05100,AT1G19630,AT1G20440,AT1G27200,AT1G29300,AT1G47510,AT1G47710,AT1G54160,AT1G56650,AT1G60190,AT1G61930,AT1G63840,AT1G71710,AT1G72830,AT1G73480,AT1G20450,AT1G45249,AT2G01430,AT3G05030,AT3G05690,AT3G09910,AT3G11410,AT3G14020,AT3G14440,AT3G25870,AT3G63010,AT4G05100,AT4G11350,AT4G24450,AT4G16447,AT5G01850,AT5G13200,AT5G50720,AT5G59310	AT1G02400,AT1G09350,AT1G13360,AT1G20440,AT1G27200,AT1G29300,AT1G43890,AT1G49450,AT1G50420,AT1G51140,AT1G56650,AT1G58360,AT1G60190,AT1G61800,AT1G63840,AT1G66390,AT1G68570,AT1G69870,AT1G73480,AT1G76580,AT1G78070,AT1G20450,AT1G45249,AT2G01430,AT3G05660,AT2G18160,AT2G21620,AT2G39800,AT2G41190,AT2G44670,AT2G44940,AT2G46680,AT3G05030,AT3G05690,AT3G11410,AT3G14060,AT3G14440,AT3G15350,AT3G22550,AT3G27250,AT3G29575,AT3G61890,AT3G63010,AT3G63060,AT3G05650,AT4G05100,AT4G11350,AT4G12000,AT4G16750,AT4G17550,AT4G19230,AT4G21440,AT4G24450,AT4G24960,AT4G33905,AT4G34000,AT4G38580,AT4G01060,AT5G06510,AT5G11110,AT5G11930,AT5G13200,AT5G15500,AT5G20885,AT5G23850,AT5G40390,AT5G40800,AT5G43880,AT5G47640,AT5G50240,AT5G57050,AT5G57610,AT5G59220,AT5G66460,AT5G67180,AT5G50720
1	AT1G76420	ANAC031	0	0	PWM864	CisBP	M1309_1.01	394	0.004452493583430966	0.021872112315319787	35	AT1G01250,AT1G05100,AT1G16850,AT1G20440,AT1G50420,AT1G51090,AT1G51140,AT1G56650,AT1G60190,AT1G61930,AT1G69870,AT1G72770,AT1G80130,AT1G20450,AT2G21620,AT2G46680,AT3G14060,AT3G14440,AT3G22550,AT3G28007,AT3G29575,AT3G61890,AT3G63010,AT4G01985,AT4G05100,AT4G24960,AT4G33905,AT4G01060,AT5G17220,AT5G23850,AT5G41400,AT5G55950,AT5G59220,AT5G15970,AT5G15960	
1	AT5G39610	ANAC092	7	0	PWM868	CisBP	M1309_1.01	395	0.004452493583430966	0.021872112315319787	35	AT1G01250,AT1G05100,AT1G16850,AT1G20440,AT1G50420,AT1G51090,AT1G51140,AT1G56650,AT1G60190,AT1G61930,AT1G69870,AT1G72770,AT1G80130,AT1G20450,AT2G21620,AT2G46680,AT3G14060,AT3G14440,AT3G22550,AT3G28007,AT3G29575,AT3G61890,AT3G63010,AT4G01985,AT4G05100,AT4G24960,AT4G33905,AT4G01060,AT5G17220,AT5G23850,AT5G41400,AT5G55950,AT5G59220,AT5G15970,AT5G15960	
1	AT4G38000	At4g38000	2	0	PWM941	CisBP	M0577_1.01	397	0.004452493583430966	0.021872112315319787	35	AT1G13360,AT1G17550,AT1G20440,AT1G27200,AT1G48000,AT1G50420,AT1G67850,AT1G69790,AT1G70640,AT1G72770,AT1G72830,AT1G60470,AT2G04350,AT3G05660,AT2G21590,AT2G44670,AT2G46270,AT3G22550,AT3G25870,AT3G63060,AT3G05650,AT3G16360,AT4G03200,AT4G16750,AT4G19230,AT4G24960,AT4G34000,AT5G17850,AT5G20885,AT5G40390,AT5G40800,AT5G42800,AT5G43880,AT5G50720,AT5G15960	
1	AT3G15170	ANAC054	0	0	PWM1095	CisBP	M1310_1.01	399	0.007892603472017722	0.03546726322137287	34	AT1G05100,AT1G20440,AT1G21790,AT1G27200,AT1G50420,AT1G51090,AT1G51140,AT1G56650,AT1G60190,AT1G69870,AT1G73480,AT1G78610,AT1G20450,AT2G21620,AT3G11410,AT3G14060,AT3G22550,AT3G23840,AT3G25870,AT3G28007,AT3G56270,AT3G61890,AT3G63010,AT4G01985,AT4G05100,AT4G27410,AT4G33905,AT4G34000,AT5G17220,AT5G55950,AT5G59220,AT5G66460,AT5G15970,AT5G15960	
1	AT5G61430	ANAC100	1	na	PWM1096	CisBP	M1310_1.01	400	0.007892603472017722	0.03546726322137287	34	AT1G05100,AT1G20440,AT1G21790,AT1G27200,AT1G50420,AT1G51090,AT1G51140,AT1G56650,AT1G60190,AT1G69870,AT1G73480,AT1G78610,AT1G20450,AT2G21620,AT3G11410,AT3G14060,AT3G22550,AT3G23840,AT3G25870,AT3G28007,AT3G56270,AT3G61890,AT3G63010,AT4G01985,AT4G05100,AT4G27410,AT4G33905,AT4G34000,AT5G17220,AT5G55950,AT5G59220,AT5G66460,AT5G15970,AT5G15960	na
1	AT1G50680	AT1G50680	0	na	PWM1169	CisBP	M0079_1.01	401	0.007892603472017722	0.03546726322137287	34	AT1G20440,AT1G51140,AT1G62570,AT1G63840,AT1G69870,AT1G70640,AT1G72770,AT1G78070,AT1G20450,AT2G04100,AT3G05660,AT2G18160,AT2G46680,AT3G05030,AT3G14440,AT3G22550,AT3G27250,AT3G29575,AT3G46450,AT3G05650,AT4G01985,AT4G09820,AT4G12000,AT4G22880,AT4G27410,AT4G35290,AT5G13210,AT5G40800,AT5G43880,AT5G57610,AT5G59220,AT5G64750,AT5G15970,AT5G50720	na
1	AT1G51120	AT1G51120	3	na	PWM1170	CisBP	M0079_1.01	402	0.007892603472017722	0.03546726322137287	34	AT1G20440,AT1G51140,AT1G62570,AT1G63840,AT1G69870,AT1G70640,AT1G72770,AT1G78070,AT1G20450,AT2G04100,AT3G05660,AT2G18160,AT2G46680,AT3G05030,AT3G14440,AT3G22550,AT3G27250,AT3G29575,AT3G46450,AT3G05650,AT4G01985,AT4G09820,AT4G12000,AT4G22880,AT4G27410,AT4G35290,AT5G13210,AT5G40800,AT5G43880,AT5G57610,AT5G59220,AT5G64750,AT5G15970,AT5G50720	na
1	AT4G01680	AtMYB55	3	na	PWM1388	PBM		403	0.007892603472017722	0.03546726322137287	34	AT1G16850,AT1G27200,AT1G27910,AT1G30500,AT1G33230,AT1G47710,AT1G48000,AT1G51140,AT1G58340,AT1G62570,AT1G69790,AT1G70640,AT1G72770,AT1G75370,AT1G78070,AT1G20450,AT1G45249,AT2G01430,AT2G22240,AT2G39800,AT3G09910,AT3G14440,AT3G25870,AT3G29575,AT3G29590,AT4G09820,AT4G14090,AT4G01060,AT5G04250,AT5G17220,AT5G20885,AT5G40390,AT5G42800,AT5G59220	na
1	AT4G01680	AtMYB55	3	na	PWM2637	JASPAR	MA1041.1	414	0.007892603472017722	0.03546726322137287	34	AT1G01470,AT1G05100,AT1G17550,AT1G27200,AT1G30500,AT1G33230,AT1G47710,AT1G58340,AT1G62570,AT1G71710,AT1G75370,AT1G20450,AT2G01430,AT3G05660,AT2G44940,AT3G11410,AT3G23840,AT3G25870,AT3G29575,AT3G29590,AT4G03200,AT4G09820,AT4G14090,AT4G24450,AT4G33905,AT4G35290,AT4G38580,AT5G17220,AT5G20885,AT5G40390,AT5G42800,AT5G43880,AT5G43150,AT5G15960	na
1	AT1G77920	bZIP50	13	0	PWM1420	CisBP	M0255_1.01	404	0.007892603472017722	0.03546726322137287	34	AT1G19630,AT1G29300,AT1G51090,AT1G56650,AT1G61800,AT1G61930,AT1G68570,AT1G72830,AT1G73480,AT2G39800,AT2G46270,AT2G46680,AT2G47670,AT3G05030,AT3G23840,AT3G28007,AT3G61890,AT4G01985,AT4G05100,AT4G08570,AT4G33905,AT4G34000,AT4G36240,AT4G01060,AT5G03210,AT5G05220,AT5G11110,AT5G15500,AT5G42800,AT5G52310,AT5G55950,AT5G59220,AT5G43150,AT5G59310	
1	AT1G29160	COG1	0	0	PWM1494	CisBP	M0571_1.01	405	0.007892603472017722	0.03546726322137287	34	AT1G01250,AT1G17550,AT1G19630,AT1G30500,AT1G47710,AT1G48000,AT1G54160,AT1G62570,AT1G69870,AT1G75370,AT1G80130,AT2G01430,AT3G05660,AT2G44670,AT2G44940,AT2G46270,AT2G46680,AT2G47670,AT3G15350,AT3G61890,AT3G16360,AT4G05100,AT4G24960,AT4G34000,AT4G35290,AT4G36240,AT4G38580,AT5G11930,AT5G17850,AT5G40800,AT5G42570,AT5G43880,AT5G57050,AT5G64750	
1	AT4G00730	AHDP	0	0	PWM1503	CisBP	M0766_1.01	406	0.007892603472017722	0.03546726322137287	34	AT1G02400,AT1G05100,AT1G13360,AT1G47710,AT1G51140,AT1G61930,AT1G62570,AT1G67850,AT1G69480,AT1G78070,AT3G05660,AT2G18160,AT2G39800,AT2G44940,AT3G14060,AT3G14440,AT3G15350,AT3G25870,AT3G27250,AT3G28007,AT3G56270,AT3G61890,AT3G62070,AT3G05650,AT4G03200,AT4G08570,AT4G18280,AT4G01060,AT5G06510,AT5G11110,AT5G11930,AT5G15500,AT5G43880,AT5G66460	
1	AT5G62020	AT-HSFB2A	0	0	PWM1597	PBM		408	0.007892603472017722	0.03546726322137287	34	AT1G02400,AT1G05100,AT1G20440,AT1G27910,AT1G32900,AT1G47710,AT1G61800,AT1G69480,AT1G73480,AT1G20450,AT2G18160,AT2G21590,AT2G39800,AT3G05030,AT3G09910,AT3G23840,AT3G29575,AT3G46450,AT3G56270,AT3G61890,AT4G11350,AT4G16750,AT4G26080,AT4G33905,AT5G11110,AT5G13200,AT5G23850,AT5G40390,AT5G42800,AT5G54060,AT5G57050,AT5G15970,AT5G24080,AT5G15960	
1	AT4G18770	AtMYB98	1	0	PWM194	AthaMAP	T04708	410	0.007892603472017722	0.03546726322137287	34	AT1G01470,AT1G02400,AT1G05100,AT1G27910,AT1G33230,AT1G58340,AT1G60190,AT1G61800,AT1G62570,AT1G67850,AT1G68570,AT1G76580,AT1G78070,AT1G78610,AT1G80130,AT1G60470,AT2G04350,AT3G05660,AT2G21620,AT2G22240,AT2G46270,AT2G46680,AT3G11410,AT3G14060,AT3G14440,AT3G29575,AT3G55580,AT4G08570,AT4G09820,AT4G24960,AT4G39210,AT4G01060,AT5G40390,AT5G42800	
1	AT4G18770	AtMYB98	1	0	PWM330	AthaMAP	T04708	426	0.007892603472017722	0.03546726322137287	34	AT1G01250,AT1G05100,AT1G13360,AT1G32900,AT1G48000,AT1G50420,AT1G58360,AT1G69870,AT1G73480,AT1G45249,AT3G05660,AT2G18160,AT2G21620,AT2G23120,AT2G39800,AT2G41190,AT2G44940,AT3G11410,AT3G25870,AT3G28007,AT3G29575,AT3G55580,AT3G63010,AT3G05650,AT4G12000,AT4G17550,AT4G26080,AT4G34000,AT4G36240,AT5G03210,AT5G15190,AT5G43880,AT5G55950,AT5G57050	
1	AT4G35040	bZIP19	1	0	PWM229	AthaMAP		411	0.007892603472017722	0.03546726322137287	34	AT1G01250,AT1G16850,AT1G21790,AT1G47510,AT1G48000,AT1G51140,AT1G61930,AT1G62570,AT1G67850,AT1G69260,AT1G69790,AT1G69870,AT1G78070,AT1G80130,AT1G45249,AT3G05660,AT2G18160,AT2G44940,AT2G46270,AT3G09910,AT3G28007,AT3G29575,AT3G55580,AT3G05650,AT4G09820,AT4G12000,AT4G24960,AT4G35290,AT4G39210,AT4G16447,AT5G15500,AT5G28910,AT5G40390,AT5G54060	
1	AT2G16770	bZIP23	3	na	PWM230	AthaMAP		412	0.007892603472017722	0.03546726322137287	34	AT1G01250,AT1G16850,AT1G21790,AT1G47510,AT1G48000,AT1G51140,AT1G61930,AT1G62570,AT1G67850,AT1G69260,AT1G69790,AT1G69870,AT1G78070,AT1G80130,AT1G45249,AT3G05660,AT2G18160,AT2G44940,AT2G46270,AT3G09910,AT3G28007,AT3G29575,AT3G55580,AT3G05650,AT4G09820,AT4G12000,AT4G24960,AT4G35290,AT4G39210,AT4G16447,AT5G15500,AT5G28910,AT5G40390,AT5G54060	na
1	AT5G06960	OBF5	5	0	PWM2643	JASPAR	MA1047.1	415	0.007892603472017722	0.03546726322137287	34	AT1G01250,AT1G05100,AT1G32900,AT1G51090,AT1G61930,AT1G68570,AT1G69870,AT1G72770,AT1G73480,AT2G18160,AT2G39800,AT2G44940,AT2G46270,AT3G05030,AT3G14440,AT3G25870,AT3G28007,AT3G63060,AT4G05100,AT4G08570,AT4G22880,AT4G26080,AT4G33905,AT4G16447,AT5G03210,AT5G05220,AT5G11110,AT5G15500,AT5G17220,AT5G20885,AT5G41400,AT5G42570,AT5G55950,AT5G43150	
1	AT5G06960	OBF5	5	0	PWM986	CisBP	M0266_1.01	441	0.007892603472017722	0.03546726322137287	34	AT1G01250,AT1G05100,AT1G32900,AT1G51090,AT1G51140,AT1G61930,AT1G68570,AT1G69870,AT1G72770,AT1G73480,AT2G18160,AT2G39800,AT2G44940,AT2G46270,AT3G05030,AT3G14440,AT3G25870,AT3G28007,AT4G05100,AT4G08570,AT4G22880,AT4G26080,AT4G33905,AT4G16447,AT5G03210,AT5G05220,AT5G11110,AT5G15500,AT5G17220,AT5G20885,AT5G41400,AT5G42570,AT5G55950,AT5G43150	
1	AT2G01930	ATBPC1	0	0	PWM2870	DAP-seq	BPC1_col	417	0.007892603472017722	0.03546726322137287	34	AT1G02400,AT1G13360,AT1G16850,AT1G19970,AT1G27910,AT1G30500,AT1G50420,AT1G54160,AT1G58360,AT1G63840,AT1G69480,AT1G72770,AT1G78610,AT2G04350,AT2G39800,AT2G41190,AT2G46270,AT3G11410,AT3G27250,AT3G63010,AT3G16360,AT4G01985,AT4G05100,AT4G17550,AT5G01850,AT5G06510,AT5G11930,AT5G20885,AT5G47640,AT5G47740,AT5G52310,AT5G55950,AT5G59220,AT5G64750	
1	AT5G10030	OBF4	2	0	PWM2945	DAP-seq	TGA4_col	419	0.007892603472017722	0.03546726322137287	34	AT1G05100,AT1G27200,AT1G32900,AT1G47510,AT1G48000,AT1G68570,AT1G69480,AT1G73480,AT2G21620,AT2G39800,AT2G41190,AT2G44940,AT2G46270,AT3G29590,AT3G56270,AT3G63010,AT4G05100,AT4G08570,AT4G09820,AT4G11350,AT4G22880,AT4G33905,AT4G38580,AT4G39210,AT5G05220,AT5G11110,AT5G11930,AT5G15500,AT5G23850,AT5G28910,AT5G42570,AT5G52310,AT5G59220,AT5G43150	
1	AT2G37590	ATDOF2.4	0	0	PWM2991	DAP-seq	DOF24_col	420	0.007892603472017722	0.03546726322137287	34	AT1G13360,AT1G27200,AT1G48000,AT1G58360,AT1G61800,AT1G72770,AT1G72830,AT1G75370,AT1G76580,AT2G18160,AT2G39800,AT2G41190,AT2G44940,AT3G05030,AT3G05690,AT3G14020,AT3G61890,AT3G62070,AT3G63010,AT3G05650,AT4G01985,AT4G05100,AT4G19230,AT4G24960,AT4G27410,AT4G34000,AT4G38580,AT4G39210,AT5G28910,AT5G55950,AT5G57050,AT5G67180,AT5G15970,AT5G50720	
1	AT5G66730	At5g66730	6	0	PWM3035	DAP-seq	AT5G66730_col	421	0.007892603472017722	0.03546726322137287	34	AT1G16850,AT1G20440,AT1G27200,AT1G30500,AT1G50420,AT1G56650,AT1G58340,AT1G58360,AT1G61930,AT1G68570,AT1G69870,AT1G72770,AT1G73480,AT1G75370,AT2G47670,AT2G42540,AT3G09910,AT3G56270,AT3G63010,AT4G01985,AT4G08570,AT4G11350,AT4G19230,AT4G21440,AT4G24960,AT4G38580,AT5G01850,AT5G03210,AT5G11930,AT5G40390,AT5G55950,AT5G66460,AT5G50720,AT5G15960	
1	AT1G72050	TFIIIA	0	na	PWM3058	DAP-seq	TF3A_col	422	0.007892603472017722	0.03546726322137287	34	AT1G16850,AT1G20440,AT1G27200,AT1G27910,AT1G33230,AT1G47510,AT1G53470,AT1G54160,AT1G61800,AT1G72770,AT1G73480,AT1G76580,AT1G20450,AT1G45249,AT2G22240,AT2G44670,AT2G46270,AT3G09910,AT3G11410,AT3G63010,AT4G22880,AT4G38580,AT5G01840,AT5G11110,AT5G11930,AT5G23850,AT5G28910,AT5G41400,AT5G43880,AT5G47740,AT5G57050,AT5G57610,AT5G64750,AT5G66460	na
1	AT1G74650	ATMYB31	5	na	PWM3214	DAP-seq	ATY13_col	424	0.007892603472017722	0.03546726322137287	34	AT1G13360,AT1G16850,AT1G21790,AT1G27200,AT1G27910,AT1G48000,AT1G53470,AT1G58340,AT1G58360,AT1G62570,AT1G68570,AT1G69790,AT1G72770,AT1G72830,AT2G01430,AT2G18160,AT3G29590,AT3G56270,AT3G62070,AT3G63060,AT4G01985,AT4G08570,AT4G14090,AT4G18280,AT4G24450,AT4G35290,AT5G06510,AT5G17220,AT5G20885,AT5G47640,AT5G47740,AT5G66460,AT5G59310,AT5G59320	na
1	AT5G58850	ATMYB119	0	na	PWM3233	DAP-seq	MYB119_col	425	0.007892603472017722	0.03546726322137287	34	AT1G02400,AT1G54160,AT1G58360,AT1G61800,AT1G61930,AT1G62570,AT1G69870,AT1G75370,AT1G76580,AT1G20450,AT1G45249,AT2G01430,AT2G04350,AT3G05660,AT2G44670,AT2G45600,AT2G46680,AT2G47670,AT3G15350,AT3G22550,AT3G25870,AT3G29590,AT3G61890,AT4G36240,AT4G01060,AT5G01840,AT5G01850,AT5G11110,AT5G15500,AT5G17850,AT5G43880,AT5G59220,AT5G24080,AT5G43150	na
1	AT1G23810	AT1G23810	0	na	PWM3440	DAP-seq	AT1G23810_col	428	0.007892603472017722	0.03546726322137287	34	AT1G05100,AT1G13360,AT1G17590,AT1G27910,AT1G33230,AT1G47510,AT1G47710,AT1G69790,AT1G73040,AT1G73480,AT1G78610,AT1G45249,AT2G01430,AT2G04350,AT2G21590,AT2G39800,AT2G44670,AT3G14440,AT3G61890,AT4G18280,AT4G24450,AT4G26080,AT4G35290,AT4G38580,AT4G01060,AT5G03210,AT5G13200,AT5G13210,AT5G41400,AT5G43880,AT5G54165,AT5G57050,AT5G24080,AT5G15960	na
1	AT3G27010	ATTCP20	0	0	PWM3484	DAP-seq	TCP20_col	429	0.007892603472017722	0.03546726322137287	34	AT1G29300,AT1G32900,AT1G47510,AT1G50420,AT1G51140,AT1G61930,AT1G69790,AT1G69870,AT1G70640,AT1G80130,AT2G39800,AT2G44940,AT2G46270,AT3G14060,AT3G14440,AT3G27250,AT3G61890,AT3G62070,AT3G63010,AT4G05100,AT4G17550,AT4G22880,AT4G26080,AT4G36240,AT4G39210,AT5G01840,AT5G05220,AT5G20885,AT5G40390,AT5G43880,AT5G47640,AT5G57050,AT5G66460,AT5G43150	
1	AT5G23280	TCP7	1	0	PWM3490	DAP-seq	TCP7_col	430	0.007892603472017722	0.03546726322137287	34	AT1G09350,AT1G29300,AT1G47510,AT1G51140,AT1G69870,AT1G70640,AT1G72830,AT1G80130,AT2G39800,AT2G46270,AT3G14020,AT3G14440,AT3G27250,AT3G56270,AT3G61890,AT3G62070,AT3G63010,AT4G05100,AT4G11350,AT4G16750,AT4G17550,AT4G22880,AT4G26080,AT4G36240,AT5G01840,AT5G19470,AT5G20885,AT5G40390,AT5G47640,AT5G47740,AT5G54060,AT5G57050,AT5G66460,AT5G43150	
1	AT3G04060	anac046	4	0	PWM865	CisBP	M1309_1.01	435	0.007892603472017722	0.03546726322137287	34	AT1G01250,AT1G05100,AT1G16850,AT1G20440,AT1G50420,AT1G51090,AT1G51140,AT1G56650,AT1G60190,AT1G61930,AT1G69870,AT1G72770,AT1G80130,AT1G20450,AT2G21620,AT2G46680,AT3G14060,AT3G14440,AT3G22550,AT3G28007,AT3G29575,AT3G61890,AT3G63010,AT4G01985,AT4G05100,AT4G24960,AT4G33905,AT5G17220,AT5G23850,AT5G41400,AT5G55950,AT5G59220,AT5G15970,AT5G15960	
1	AT3G29035	ANAC059	0	na	PWM866	CisBP	M1309_1.01	436	0.007892603472017722	0.03546726322137287	34	AT1G01250,AT1G05100,AT1G16850,AT1G20440,AT1G50420,AT1G51090,AT1G51140,AT1G56650,AT1G60190,AT1G61930,AT1G69870,AT1G72770,AT1G80130,AT1G20450,AT2G21620,AT2G46680,AT3G14060,AT3G14440,AT3G22550,AT3G28007,AT3G29575,AT3G61890,AT3G63010,AT4G01985,AT4G05100,AT4G24960,AT4G33905,AT5G17220,AT5G23850,AT5G41400,AT5G55950,AT5G59220,AT5G15970,AT5G15960	na
1	AT5G18270	ANAC087	10	0	PWM867	CisBP	M1309_1.01	437	0.007892603472017722	0.03546726322137287	34	AT1G01250,AT1G05100,AT1G16850,AT1G20440,AT1G50420,AT1G51090,AT1G51140,AT1G56650,AT1G60190,AT1G61930,AT1G69870,AT1G72770,AT1G80130,AT1G20450,AT2G21620,AT2G46680,AT3G14060,AT3G14440,AT3G22550,AT3G28007,AT3G29575,AT3G61890,AT3G63010,AT4G01985,AT4G05100,AT4G24960,AT4G33905,AT5G17220,AT5G23850,AT5G41400,AT5G55950,AT5G59220,AT5G15970,AT5G15960	
1	AT5G53950	ANAC098	0	0	PWM869	CisBP	M1309_1.01	438	0.007892603472017722	0.03546726322137287	34	AT1G01250,AT1G05100,AT1G16850,AT1G20440,AT1G50420,AT1G51090,AT1G51140,AT1G56650,AT1G60190,AT1G61930,AT1G69870,AT1G72770,AT1G80130,AT1G20450,AT2G21620,AT2G46680,AT3G14060,AT3G14440,AT3G22550,AT3G28007,AT3G29575,AT3G61890,AT3G63010,AT4G01985,AT4G05100,AT4G24960,AT4G33905,AT5G17220,AT5G23850,AT5G41400,AT5G55950,AT5G59220,AT5G15970,AT5G15960	
1	AT4G21895	AT4G21895	1	na	PWM871	CisBP	M0121_1.01	439	0.007892603472017722	0.03546726322137287	34	AT1G17550,AT1G27200,AT1G27910,AT1G33230,AT1G48000,AT1G50420,AT1G51140,AT1G67850,AT1G72770,AT1G72830,AT3G05660,AT2G44940,AT2G46270,AT3G05030,AT3G14020,AT3G22550,AT3G63010,AT3G05650,AT3G16360,AT4G03200,AT4G11350,AT4G19230,AT4G22880,AT4G24450,AT4G24960,AT4G26080,AT4G34000,AT4G38580,AT4G16447,AT5G01850,AT5G04250,AT5G28910,AT5G43880,AT5G67180	na
1	AT5G08070	TCP17	7	na	PWM920	CisBP	M1525_1.01	440	0.007892603472017722	0.03546726322137287	34	AT1G01250,AT1G13360,AT1G20440,AT1G47510,AT1G48000,AT1G51140,AT1G56650,AT1G58340,AT1G58360,AT1G61930,AT1G67850,AT1G69870,AT1G75370,AT2G01430,AT2G44940,AT2G46270,AT3G05690,AT3G09910,AT3G14440,AT3G22550,AT3G63010,AT4G05100,AT4G09820,AT4G16750,AT4G22880,AT4G24960,AT4G33905,AT4G34000,AT4G35290,AT4G36240,AT5G01840,AT5G04250,AT5G11110,AT5G28910	na
2	AT2G35530	AtbZIP16	0	0	PWM2908	DAP-seq	BZIP16_col	1	1.3826850608912554e-19	2.479154314178021e-16	60	AT1G03600,AT1G04420,AT1G06680,AT1G11070,AT1G13650,AT1G15820,AT1G20340,AT1G32060,AT1G32470,AT1G50450,AT1G52230,AT1G61520,AT1G67090,AT1G68010,AT1G74730,AT1G76100,AT1G29930,AT1G44446,AT1G44575,AT1G76450,AT1G29920,AT2G01590,AT2G06520,AT2G13360,AT2G20250,AT2G20260,AT2G21330,AT2G21960,AT2G30790,AT2G35260,AT2G39730,AT2G42220,AT3G06470,AT3G16140,AT3G17040,AT3G21055,AT3G47470,AT3G54050,AT3G55800,AT3G61470,AT3G27690,AT3G50820,AT4G05180,AT4G12800,AT4G15560,AT4G21280,AT4G24090,AT4G28660,AT4G28750,AT5G08050,AT5G19940,AT5G23120,AT5G36120,AT5G38410,AT5G38420,AT5G38520,AT5G51110,AT5G57345,AT5G64940,AT5G66570	
2	AT2G35530	AtbZIP16	0	0	PWM1237	CisBP	M0251_1.01	23	7.050086437491904e-8	0.000005745820446555902	41	AT1G03600,AT1G06680,AT1G13650,AT1G15820,AT1G20340,AT1G32060,AT1G50900,AT1G52230,AT1G61520,AT1G68010,AT1G44446,AT1G44575,AT1G45474,AT2G20250,AT2G20260,AT2G21330,AT2G30790,AT2G34430,AT2G34860,AT2G35260,AT2G39730,AT3G01500,AT3G16140,AT3G17040,AT3G54050,AT3G54890,AT3G55800,AT3G27690,AT3G50820,AT4G05180,AT4G12800,AT4G15560,AT4G21280,AT4G24090,AT4G28660,AT4G28750,AT5G38520,AT5G51110,AT5G57345,AT5G64940,AT5G66570	
2	AT1G45249	ABF2	0	0	PWM2903	DAP-seq	ABF2_col	2	3.984961097591253e-18	3.572517623990558e-15	58	AT1G03600,AT1G04420,AT1G06680,AT1G11070,AT1G13650,AT1G15820,AT1G19150,AT1G20340,AT1G32060,AT1G50450,AT1G52230,AT1G61520,AT1G67090,AT1G68010,AT1G74730,AT1G76100,AT1G29930,AT1G44446,AT1G44575,AT1G76450,AT1G29920,AT2G01590,AT2G06520,AT2G13360,AT2G20250,AT2G20260,AT2G21330,AT2G21960,AT2G30790,AT2G35260,AT2G42220,AT3G06470,AT3G16140,AT3G17040,AT3G21055,AT3G47470,AT3G54050,AT3G54890,AT3G55800,AT3G61470,AT3G27690,AT3G50820,AT4G05180,AT4G15560,AT4G21280,AT4G24090,AT4G28660,AT4G28750,AT5G01530,AT5G08050,AT5G19940,AT5G23120,AT5G36120,AT5G38410,AT5G38420,AT5G51110,AT5G64940,AT5G66570	
2	AT1G45249	ABF2	0	0	PWM2540	JASPAR	MA0941.1	53	0.000030189617082538746	0.001040961219788307	35	AT1G03600,AT1G04420,AT1G06680,AT1G11070,AT1G13650,AT1G15820,AT1G19150,AT1G52230,AT1G68010,AT1G71500,AT1G44446,AT1G76450,AT2G20250,AT2G20260,AT2G21330,AT2G30790,AT2G34430,AT2G34860,AT3G16140,AT3G17040,AT3G21055,AT3G47470,AT3G54050,AT3G55800,AT3G50820,AT4G05180,AT4G21280,AT4G28750,AT4G34190,AT5G08050,AT5G23120,AT5G57345,AT5G64940,AT5G14740,AT5G66570	
2	AT1G45249	ABF2	0	0	PWM1178	CisBP	M0252_1.01	58	0.00007312475816160159	0.002260563644547442	34	AT1G03600,AT1G04420,AT1G06680,AT1G11070,AT1G13650,AT1G15820,AT1G19150,AT1G52230,AT1G68010,AT1G71500,AT1G44446,AT1G76450,AT2G20250,AT2G20260,AT2G21330,AT2G30790,AT2G34430,AT2G34860,AT3G16140,AT3G17040,AT3G21055,AT3G47470,AT3G54050,AT3G50820,AT4G05180,AT4G21280,AT4G28750,AT4G34190,AT5G08050,AT5G23120,AT5G57345,AT5G64940,AT5G14740,AT5G66570	
2	AT3G56850	AREB3	0	0	PWM2906	DAP-seq	AREB3_col	3	2.0454405340117752e-17	1.2224916258277043e-14	57	AT1G03600,AT1G04420,AT1G06680,AT1G11070,AT1G13650,AT1G15820,AT1G19150,AT1G20340,AT1G32060,AT1G50450,AT1G52230,AT1G58290,AT1G61520,AT1G67090,AT1G68010,AT1G74730,AT1G76100,AT1G44446,AT1G44575,AT1G76450,AT2G01590,AT2G06520,AT2G13360,AT2G20250,AT2G20260,AT2G21330,AT2G21960,AT2G30790,AT2G34430,AT2G35260,AT2G42220,AT3G06470,AT3G16140,AT3G17040,AT3G21055,AT3G47470,AT3G54050,AT3G54890,AT3G55800,AT3G61470,AT3G50820,AT4G05180,AT4G15560,AT4G21280,AT4G24090,AT4G28660,AT4G28750,AT5G08050,AT5G19940,AT5G23120,AT5G38410,AT5G38420,AT5G38520,AT5G51110,AT5G57345,AT5G64940,AT5G66570	
2	AT1G32150	AtbZIP68	0	0	PWM2927	DAP-seq	BZIP68_col	4	2.0454405340117752e-17	1.2224916258277043e-14	57	AT1G03600,AT1G04420,AT1G06680,AT1G11070,AT1G13650,AT1G15820,AT1G20340,AT1G32060,AT1G50450,AT1G52230,AT1G61520,AT1G67090,AT1G68010,AT1G74730,AT1G76100,AT1G29930,AT1G44446,AT1G44575,AT1G45474,AT1G29920,AT2G01590,AT2G06520,AT2G13360,AT2G20250,AT2G20260,AT2G21330,AT2G21960,AT2G30790,AT2G39730,AT2G42220,AT3G06470,AT3G16140,AT3G17040,AT3G21055,AT3G54050,AT3G55800,AT3G27690,AT3G50820,AT4G05180,AT4G12800,AT4G15560,AT4G21280,AT4G24090,AT4G24930,AT4G28660,AT4G28750,AT5G08050,AT5G19940,AT5G23120,AT5G36120,AT5G38410,AT5G38420,AT5G38520,AT5G51110,AT5G57345,AT5G64940,AT5G66570	
2	AT1G32150	AtbZIP68	0	0	PWM2567	JASPAR	MA0968.1	21	2.274919234181746e-8	0.0000019423477080418433	42	AT1G03600,AT1G06680,AT1G13650,AT1G15820,AT1G20340,AT1G32060,AT1G50900,AT1G52230,AT1G61520,AT1G68010,AT1G44446,AT1G44575,AT1G45474,AT2G13360,AT2G20250,AT2G20260,AT2G21330,AT2G30790,AT2G34430,AT2G34860,AT2G35260,AT2G39730,AT3G01500,AT3G16140,AT3G17040,AT3G54050,AT3G54890,AT3G55800,AT3G27690,AT3G50820,AT4G05180,AT4G12800,AT4G15560,AT4G21280,AT4G24090,AT4G28660,AT4G28750,AT5G38520,AT5G51110,AT5G57345,AT5G64940,AT5G66570	
2	AT1G32150	AtbZIP68	0	0	PWM1236	CisBP	M0251_1.01	22	7.050086437491904e-8	0.000005745820446555902	41	AT1G03600,AT1G06680,AT1G13650,AT1G15820,AT1G20340,AT1G32060,AT1G50900,AT1G52230,AT1G61520,AT1G68010,AT1G44446,AT1G44575,AT1G45474,AT2G20250,AT2G20260,AT2G21330,AT2G30790,AT2G34430,AT2G34860,AT2G35260,AT2G39730,AT3G01500,AT3G16140,AT3G17040,AT3G54050,AT3G54890,AT3G55800,AT3G27690,AT3G50820,AT4G05180,AT4G12800,AT4G15560,AT4G21280,AT4G24090,AT4G28660,AT4G28750,AT5G38520,AT5G51110,AT5G57345,AT5G64940,AT5G66570	
2	AT2G36270	ABI5	0	40	PWM2904	DAP-seq	ABI5_col	5	4.923644607920119e-16	1.7656189564001545e-13	55	AT1G03600,AT1G04420,AT1G06680,AT1G11070,AT1G13650,AT1G15820,AT1G20340,AT1G32060,AT1G50450,AT1G52230,AT1G58290,AT1G61520,AT1G67090,AT1G68010,AT1G74730,AT1G76100,AT1G44446,AT1G44575,AT1G76450,AT2G01590,AT2G06520,AT2G13360,AT2G20250,AT2G20260,AT2G21960,AT2G30790,AT2G42220,AT3G06470,AT3G16140,AT3G17040,AT3G21055,AT3G47470,AT3G54050,AT3G54890,AT3G55800,AT3G61470,AT3G27690,AT3G50820,AT4G05180,AT4G12800,AT4G15560,AT4G21280,AT4G24090,AT4G28660,AT4G28750,AT5G08050,AT5G19940,AT5G23120,AT5G36120,AT5G38410,AT5G38420,AT5G38520,AT5G51110,AT5G64940,AT5G66570	AT1G03600,AT1G06680,AT1G08380,AT1G13650,AT1G15820,AT1G19150,AT1G30380,AT1G31330,AT1G32060,AT1G50450,AT1G51400,AT1G52230,AT1G61520,AT1G29930,AT1G44446,AT2G06520,AT2G20260,AT2G30570,AT2G34860,AT2G35260,AT2G05100,AT3G08940,AT3G16140,AT3G17040,AT3G54050,AT3G54890,AT3G55800,AT3G61470,AT3G50820,AT4G28660,AT4G28750,AT4G34190,AT5G01530,AT5G04490,AT5G08050,AT5G08330,AT5G23120,AT5G51110,AT5G57345,AT5G64940
2	AT2G36270	ABI5	0	40	PWM2530	JASPAR	MA0931.1	18	7.098418206019476e-9	7.954664902120576e-7	43	AT1G03600,AT1G06680,AT1G11070,AT1G15820,AT1G19150,AT1G32060,AT1G50450,AT1G52230,AT1G55670,AT1G61520,AT1G67090,AT1G68010,AT1G44446,AT1G44575,AT1G76450,AT2G20250,AT2G20260,AT2G21330,AT2G30570,AT2G30790,AT2G35260,AT3G16140,AT3G17040,AT3G21055,AT3G47470,AT3G54050,AT3G54890,AT3G55800,AT3G61470,AT3G27690,AT3G50820,AT4G05180,AT4G21280,AT4G24090,AT4G28750,AT4G34190,AT5G08050,AT5G23120,AT5G38410,AT5G57345,AT5G64940,AT5G14740,AT5G66570	AT1G03600,AT1G06680,AT1G08380,AT1G13650,AT1G15820,AT1G19150,AT1G30380,AT1G31330,AT1G32060,AT1G50450,AT1G51400,AT1G52230,AT1G61520,AT1G29930,AT1G44446,AT2G06520,AT2G20260,AT2G30570,AT2G34860,AT2G35260,AT2G05100,AT3G08940,AT3G16140,AT3G17040,AT3G54050,AT3G54890,AT3G55800,AT3G61470,AT3G50820,AT4G28660,AT4G28750,AT4G34190,AT5G01530,AT5G04490,AT5G08050,AT5G08330,AT5G23120,AT5G51110,AT5G57345,AT5G64940
2	AT2G36270	ABI5	0	40	PWM957	CisBP	M0257_1.01	20	7.098418206019476e-9	7.954664902120576e-7	43	AT1G03600,AT1G06680,AT1G11070,AT1G15820,AT1G19150,AT1G32060,AT1G50450,AT1G52230,AT1G55670,AT1G61520,AT1G67090,AT1G68010,AT1G44446,AT1G44575,AT1G76450,AT2G20250,AT2G20260,AT2G21330,AT2G30570,AT2G30790,AT2G35260,AT3G16140,AT3G17040,AT3G21055,AT3G47470,AT3G54050,AT3G54890,AT3G55800,AT3G61470,AT3G27690,AT3G50820,AT4G05180,AT4G21280,AT4G24090,AT4G28750,AT4G34190,AT5G08050,AT5G23120,AT5G38410,AT5G57345,AT5G64940,AT5G14740,AT5G66570	AT1G03600,AT1G06680,AT1G08380,AT1G13650,AT1G15820,AT1G19150,AT1G30380,AT1G31330,AT1G32060,AT1G50450,AT1G51400,AT1G52230,AT1G61520,AT1G29930,AT1G44446,AT2G06520,AT2G20260,AT2G30570,AT2G34860,AT2G35260,AT2G05100,AT3G08940,AT3G16140,AT3G17040,AT3G54050,AT3G54890,AT3G55800,AT3G61470,AT3G50820,AT4G28660,AT4G28750,AT4G34190,AT5G01530,AT5G04490,AT5G08050,AT5G08330,AT5G23120,AT5G51110,AT5G57345,AT5G64940
2	AT2G36270	ABI5	0	40	PWM621	AthaMAP	T04543	38	0.0000017091215976477324	0.00008755585784521097	38	AT1G03600,AT1G06680,AT1G11070,AT1G13650,AT1G15820,AT1G32060,AT1G50450,AT1G52230,AT1G61520,AT1G68010,AT1G44446,AT1G44575,AT1G76450,AT2G13360,AT2G21330,AT2G30570,AT2G30790,AT2G35260,AT3G08940,AT3G16140,AT3G17040,AT3G21055,AT3G54050,AT3G54890,AT3G55800,AT3G61470,AT3G50820,AT4G05180,AT4G12800,AT4G21280,AT4G24090,AT4G28660,AT4G28750,AT5G01530,AT5G38410,AT5G64940,AT5G14740,AT5G66570	AT1G03600,AT1G06680,AT1G08380,AT1G13650,AT1G15820,AT1G19150,AT1G30380,AT1G31330,AT1G32060,AT1G50450,AT1G51400,AT1G52230,AT1G61520,AT1G29930,AT1G44446,AT2G06520,AT2G20260,AT2G30570,AT2G34860,AT2G35260,AT2G05100,AT3G08940,AT3G16140,AT3G17040,AT3G54050,AT3G54890,AT3G55800,AT3G61470,AT3G50820,AT4G28660,AT4G28750,AT4G34190,AT5G01530,AT5G04490,AT5G08050,AT5G08330,AT5G23120,AT5G51110,AT5G57345,AT5G64940
2	AT2G46270	GBF3	2	86	PWM2930	DAP-seq	GBF3_col	6	4.923644607920119e-16	1.7656189564001545e-13	55	AT1G03600,AT1G04420,AT1G06680,AT1G13650,AT1G15820,AT1G20340,AT1G32060,AT1G50450,AT1G52230,AT1G61520,AT1G67090,AT1G68010,AT1G74730,AT1G76100,AT1G29930,AT1G44446,AT1G44575,AT1G29920,AT2G01590,AT2G06520,AT2G13360,AT2G20250,AT2G20260,AT2G21330,AT2G21960,AT2G30790,AT2G42220,AT2G05100,AT3G06470,AT3G16140,AT3G17040,AT3G21055,AT3G55800,AT3G61470,AT3G27690,AT3G50820,AT4G05180,AT4G10340,AT4G12800,AT4G15560,AT4G21280,AT4G24090,AT4G24930,AT4G28660,AT4G28750,AT5G08050,AT5G19940,AT5G23120,AT5G36120,AT5G38410,AT5G38420,AT5G38520,AT5G51110,AT5G64940,AT5G66570	AT1G03600,AT1G06680,AT1G08380,AT1G11070,AT1G13650,AT1G15820,AT1G15980,AT1G19150,AT1G20340,AT1G30380,AT1G31330,AT1G32060,AT1G32080,AT1G50450,AT1G50900,AT1G51400,AT1G58290,AT1G61520,AT1G67090,AT1G67740,AT1G74730,AT1G76100,AT1G03130,AT1G29930,AT1G44446,AT1G44575,AT1G45474,AT1G76450,AT1G29920,AT2G01590,AT2G06520,AT2G13360,AT2G20260,AT2G21330,AT2G21960,AT2G30570,AT2G35260,AT2G39730,AT2G42220,AT2G47750,AT2G05070,AT2G05100,AT2G42190,AT3G06470,AT3G08940,AT3G16140,AT3G17040,AT3G21055,AT3G24430,AT3G47470,AT3G54050,AT3G54890,AT3G59400,AT3G61080,AT3G61470,AT3G27690,AT3G50820,AT4G02530,AT4G05180,AT5G08320,AT4G10340,AT4G12800,AT4G15560,AT4G21280,AT4G24090,AT4G28660,AT4G28750,AT4G34190,AT4G38970,AT5G01530,AT5G04490,AT5G08050,AT5G19940,AT5G23120,AT5G36120,AT5G38410,AT5G38420,AT5G38520,AT5G45680,AT5G48790,AT5G51110,AT5G57345,AT5G64940,AT5G14740,AT5G66570,AT4G13500
2	AT2G46270	GBF3	2	86	PWM951	CisBP	M0260_1.01	19	7.098418206019476e-9	7.954664902120576e-7	43	AT1G03600,AT1G06680,AT1G13650,AT1G15820,AT1G20340,AT1G32060,AT1G50900,AT1G52230,AT1G61520,AT1G68010,AT1G44446,AT1G44575,AT1G45474,AT2G01590,AT2G13360,AT2G20250,AT2G20260,AT2G21330,AT2G30790,AT2G34430,AT2G35260,AT2G39730,AT2G05070,AT3G01500,AT3G16140,AT3G17040,AT3G54050,AT3G54890,AT3G55800,AT3G27690,AT3G50820,AT4G05180,AT4G15560,AT4G21280,AT4G24090,AT4G28750,AT5G23120,AT5G38520,AT5G51110,AT5G57345,AT5G64940,AT5G38430,AT5G66570	AT1G03600,AT1G06680,AT1G08380,AT1G11070,AT1G13650,AT1G15820,AT1G15980,AT1G19150,AT1G20340,AT1G30380,AT1G31330,AT1G32060,AT1G32080,AT1G50450,AT1G50900,AT1G51400,AT1G58290,AT1G61520,AT1G67090,AT1G67740,AT1G74730,AT1G76100,AT1G03130,AT1G29930,AT1G44446,AT1G44575,AT1G45474,AT1G76450,AT1G29920,AT2G01590,AT2G06520,AT2G13360,AT2G20260,AT2G21330,AT2G21960,AT2G30570,AT2G35260,AT2G39730,AT2G42220,AT2G47750,AT2G05070,AT2G05100,AT2G42190,AT3G06470,AT3G08940,AT3G16140,AT3G17040,AT3G21055,AT3G24430,AT3G47470,AT3G54050,AT3G54890,AT3G59400,AT3G61080,AT3G61470,AT3G27690,AT3G50820,AT4G02530,AT4G05180,AT5G08320,AT4G10340,AT4G12800,AT4G15560,AT4G21280,AT4G24090,AT4G28660,AT4G28750,AT4G34190,AT4G38970,AT5G01530,AT5G04490,AT5G08050,AT5G19940,AT5G23120,AT5G36120,AT5G38410,AT5G38420,AT5G38520,AT5G45680,AT5G48790,AT5G51110,AT5G57345,AT5G64940,AT5G14740,AT5G66570,AT4G13500
2	AT3G10800	bZIP28	1	na	PWM2912	DAP-seq	BZIP28_col	7	4.6296412727126416e-14	1.1858495431391094e-11	52	AT1G03600,AT1G04420,AT1G06680,AT1G11070,AT1G13650,AT1G15820,AT1G20340,AT1G32060,AT1G50450,AT1G52230,AT1G61520,AT1G67090,AT1G68010,AT1G74730,AT1G76100,AT1G44446,AT1G44575,AT1G45474,AT2G01590,AT2G06520,AT2G20250,AT2G20260,AT2G21330,AT2G21960,AT2G30790,AT2G34430,AT2G42220,AT3G06470,AT3G16140,AT3G17040,AT3G21055,AT3G54050,AT3G55800,AT3G27690,AT3G50820,AT4G05180,AT4G12800,AT4G15560,AT4G21280,AT4G24090,AT4G28660,AT4G28750,AT5G08050,AT5G19940,AT5G23120,AT5G36120,AT5G38410,AT5G38420,AT5G38520,AT5G51110,AT5G64940,AT5G66570	na
2	AT3G10800	bZIP28	1	na	PWM883	CisBP	M0259_1.01	50	0.00001201617074640825	0.0004787776477402221	36	AT1G03600,AT1G06680,AT1G13650,AT1G20340,AT1G32060,AT1G50450,AT1G50900,AT1G52230,AT1G67090,AT1G68010,AT1G44446,AT1G44575,AT1G45474,AT2G01590,AT2G13360,AT2G20250,AT2G20260,AT2G21330,AT2G21960,AT2G34430,AT2G39730,AT2G47750,AT3G01500,AT3G16140,AT3G54050,AT3G27690,AT3G50820,AT4G02770,AT4G05180,AT4G15560,AT4G21280,AT4G24090,AT4G28750,AT5G19940,AT5G38520,AT5G51110	na
2	AT4G36730	AtGBF1	1	0	PWM1292	CisBP	M0264_1.01	8	3.2977213184291532e-12	7.39101790492934e-10	49	AT1G03600,AT1G04420,AT1G06680,AT1G13650,AT1G15820,AT1G19150,AT1G20340,AT1G32060,AT1G50450,AT1G50900,AT1G52230,AT1G61520,AT1G68010,AT1G74730,AT1G76100,AT1G44446,AT1G44575,AT1G45474,AT2G01590,AT2G20250,AT2G20260,AT2G21330,AT2G30790,AT2G34430,AT2G34860,AT2G35260,AT2G39730,AT2G05070,AT3G16140,AT3G17040,AT3G21055,AT3G54050,AT3G54890,AT3G55800,AT3G27690,AT3G50820,AT4G05180,AT4G15560,AT4G21280,AT4G24090,AT4G28660,AT4G28750,AT5G23120,AT5G38520,AT5G51110,AT5G57345,AT5G64940,AT5G38430,AT5G66570	
2	AT5G15830	AtbZIP3	0	0	PWM2913	DAP-seq	BZIP3_col	9	3.2977213184291532e-12	7.39101790492934e-10	49	AT1G03600,AT1G04420,AT1G06680,AT1G13650,AT1G20340,AT1G32060,AT1G50450,AT1G52230,AT1G61520,AT1G68010,AT1G74730,AT1G76100,AT1G29930,AT1G44446,AT1G44575,AT1G45474,AT1G29920,AT2G01590,AT2G06520,AT2G20250,AT2G20260,AT2G21960,AT2G34430,AT2G42220,AT3G06470,AT3G16140,AT3G21055,AT3G27690,AT3G50820,AT4G05180,AT5G08320,AT4G10340,AT4G12800,AT4G15560,AT4G21280,AT4G24090,AT4G24930,AT4G28660,AT4G28750,AT4G38970,AT5G08050,AT5G19940,AT5G36120,AT5G38410,AT5G38420,AT5G38520,AT5G51110,AT5G64940,AT5G66570	
2	AT3G17609	HYH	75	na	PWM1068	CisBP	M2214_1.01	10	1.2839634116821698e-11	2.3021463971461306e-9	48	AT1G03600,AT1G06680,AT1G11070,AT1G13650,AT1G15820,AT1G19150,AT1G32060,AT1G50450,AT1G52230,AT1G55670,AT1G61520,AT1G67090,AT1G68010,AT1G44446,AT1G76450,AT2G13360,AT2G20250,AT2G20260,AT2G21330,AT2G30570,AT2G30790,AT2G35260,AT2G39730,AT3G08940,AT3G16140,AT3G17040,AT3G21055,AT3G47470,AT3G54050,AT3G54890,AT3G55800,AT3G61470,AT3G50820,AT4G05180,AT4G21280,AT4G24090,AT4G28660,AT4G28750,AT4G34190,AT5G01530,AT5G08050,AT5G23120,AT5G38410,AT5G38520,AT5G57345,AT5G64940,AT5G14740,AT5G66570	na
2	AT5G11260	HY5	0	0	PWM2151	JASPAR	MA0551.1	11	4.842963957563522e-11	7.89403125082854e-9	47	AT1G03600,AT1G06680,AT1G11070,AT1G13650,AT1G15820,AT1G19150,AT1G32060,AT1G52230,AT1G55670,AT1G61520,AT1G67090,AT1G68010,AT1G44446,AT1G76450,AT2G13360,AT2G20250,AT2G20260,AT2G21330,AT2G30570,AT2G30790,AT2G35260,AT2G39730,AT3G08940,AT3G16140,AT3G17040,AT3G21055,AT3G47470,AT3G54050,AT3G54890,AT3G55800,AT3G61470,AT3G50820,AT4G05180,AT4G21280,AT4G24090,AT4G28660,AT4G28750,AT4G34190,AT5G01530,AT5G08050,AT5G23120,AT5G38410,AT5G38520,AT5G57345,AT5G64940,AT5G14740,AT5G66570	
2	AT5G11260	HY5	0	0	PWM336	AthaMAP	T10638	28	7.050086437491904e-8	0.000005745820446555902	41	AT1G03600,AT1G06680,AT1G11070,AT1G13650,AT1G15820,AT1G50450,AT1G52230,AT1G55670,AT1G61520,AT1G64680,AT1G67090,AT1G68010,AT1G71500,AT1G44446,AT2G13360,AT2G21330,AT2G30790,AT2G34860,AT2G39730,AT2G05070,AT2G05100,AT3G06470,AT3G16140,AT3G17040,AT3G21055,AT3G54050,AT3G54890,AT3G55800,AT3G61470,AT3G27690,AT3G50820,AT4G05180,AT4G21280,AT4G28750,AT4G38970,AT5G38410,AT5G38520,AT5G57345,AT5G64940,AT5G14740,AT5G66570	
2	AT5G11260	HY5	0	0	PWM698	AthaMAP	T10638	33	2.1119622060110803e-7	0.000013057752535785748	40	AT1G06680,AT1G11070,AT1G15820,AT1G52230,AT1G55670,AT1G61520,AT1G67090,AT1G68010,AT1G71500,AT1G72640,AT1G44446,AT1G44575,AT1G45474,AT2G13360,AT2G21330,AT2G30570,AT2G30790,AT2G34860,AT2G35260,AT2G39730,AT3G16140,AT3G17040,AT3G21055,AT3G61470,AT3G50820,AT4G02770,AT4G05180,AT4G12800,AT4G15560,AT4G21280,AT4G24090,AT4G28750,AT4G38970,AT5G01530,AT5G38410,AT5G38520,AT5G57345,AT5G64940,AT5G14740,AT5G66570	
2	AT5G11260	HY5	0	0	PWM623	AthaMAP	T10638	40	0.0000017091215976477324	0.00008755585784521097	38	AT1G03600,AT1G06680,AT1G11070,AT1G13650,AT1G15820,AT1G32060,AT1G50450,AT1G52230,AT1G61520,AT1G68010,AT1G44446,AT1G44575,AT1G76450,AT2G13360,AT2G21330,AT2G30570,AT2G30790,AT2G35260,AT3G08940,AT3G16140,AT3G17040,AT3G21055,AT3G54050,AT3G54890,AT3G55800,AT3G61470,AT3G50820,AT4G05180,AT4G12800,AT4G21280,AT4G24090,AT4G28660,AT4G28750,AT5G01530,AT5G38410,AT5G64940,AT5G14740,AT5G66570	
2	AT5G11260	HY5	0	0	PWM663	AthaMAP	T10638	75	0.0008300939351828244	0.02157041196786673	31	AT1G04420,AT1G06680,AT1G13650,AT1G20340,AT1G50450,AT1G52230,AT1G68010,AT1G74730,AT1G76100,AT1G44575,AT2G01590,AT2G20250,AT2G20260,AT2G21280,AT2G21960,AT2G30790,AT3G16140,AT3G17040,AT3G21055,AT3G59400,AT3G61470,AT3G50820,AT4G05180,AT4G15560,AT4G21280,AT4G28660,AT4G28750,AT5G01530,AT5G19940,AT5G38520,AT5G66570	
2	AT2G18160	ATBZIP2	0	na	PWM2932	DAP-seq	GBF5_col	12	1.7691967674754425e-10	2.6434748367362236e-8	46	AT1G03600,AT1G04420,AT1G06680,AT1G13650,AT1G30380,AT1G32060,AT1G50450,AT1G61520,AT1G68010,AT1G74730,AT1G76100,AT1G29930,AT1G44446,AT1G44575,AT1G45474,AT1G29920,AT2G01590,AT2G06520,AT2G20250,AT2G20260,AT2G21960,AT2G34430,AT2G42220,AT2G05100,AT3G06470,AT3G16140,AT3G21055,AT3G27690,AT3G50820,AT4G05180,AT5G08320,AT4G10340,AT4G12800,AT4G15560,AT4G21280,AT4G24090,AT4G24930,AT4G28750,AT5G19940,AT5G36120,AT5G38410,AT5G38420,AT5G38520,AT5G51110,AT5G64940,AT5G66570	na
2	AT1G03970	GBF4	0	0	PWM994	CisBP	M0319_1.01	13	1.7691967674754425e-10	2.6434748367362236e-8	46	AT1G03600,AT1G04420,AT1G06680,AT1G11070,AT1G13650,AT1G15820,AT1G19150,AT1G32060,AT1G52230,AT1G55670,AT1G61520,AT1G67090,AT1G68010,AT1G71500,AT1G44446,AT1G76450,AT2G20250,AT2G20260,AT2G21330,AT2G30570,AT2G30790,AT2G35260,AT2G39730,AT3G16140,AT3G17040,AT3G21055,AT3G47470,AT3G54050,AT3G54890,AT3G55800,AT3G50820,AT4G05180,AT4G21280,AT4G24090,AT4G28660,AT4G28750,AT4G34190,AT4G38970,AT5G01530,AT5G08050,AT5G23120,AT5G38410,AT5G57345,AT5G64940,AT5G14740,AT5G66570	
2	AT5G44080	AT5G44080	0	0	PWM995	CisBP	M0319_1.01	14	1.7691967674754425e-10	2.6434748367362236e-8	46	AT1G03600,AT1G04420,AT1G06680,AT1G11070,AT1G13650,AT1G15820,AT1G19150,AT1G32060,AT1G52230,AT1G55670,AT1G61520,AT1G67090,AT1G68010,AT1G71500,AT1G44446,AT1G76450,AT2G20250,AT2G20260,AT2G21330,AT2G30570,AT2G30790,AT2G35260,AT2G39730,AT3G16140,AT3G17040,AT3G21055,AT3G47470,AT3G54050,AT3G54890,AT3G55800,AT3G50820,AT4G05180,AT4G21280,AT4G24090,AT4G28660,AT4G28750,AT4G34190,AT4G38970,AT5G01530,AT5G08050,AT5G23120,AT5G38410,AT5G57345,AT5G64940,AT5G14740,AT5G66570	
2	AT3G19290	ABF4	1	68	PWM746	AGRIS		15	6.257868503980612e-10	7.480238818424825e-8	45	AT1G04420,AT1G06680,AT1G11070,AT1G13650,AT1G52230,AT1G55670,AT1G61520,AT1G67090,AT1G67740,AT1G68010,AT1G29930,AT1G44446,AT1G29920,AT2G06520,AT2G13360,AT2G20250,AT2G20260,AT2G21330,AT2G30790,AT2G34860,AT2G42220,AT3G16140,AT3G17040,AT3G21055,AT3G54050,AT3G54890,AT3G55800,AT3G61470,AT3G50820,AT4G05180,AT4G15560,AT4G21280,AT4G24090,AT4G28660,AT4G28750,AT5G01530,AT5G38410,AT5G38420,AT5G38520,AT5G51110,AT5G57345,AT5G64940,AT5G14740,AT5G38430,AT5G66570	AT1G03600,AT1G06680,AT1G08380,AT1G13650,AT1G15980,AT1G19150,AT1G20340,AT1G30380,AT1G31330,AT1G32060,AT1G50450,AT1G51400,AT1G61520,AT1G67090,AT1G68010,AT1G74730,AT1G76100,AT1G29930,AT1G44446,AT1G44575,AT1G45474,AT1G76450,AT2G06520,AT2G13360,AT2G20260,AT2G21330,AT2G21960,AT2G30570,AT2G35260,AT2G39730,AT2G42220,AT2G05070,AT2G05100,AT3G06470,AT3G08940,AT3G16140,AT3G17040,AT3G21055,AT3G24430,AT3G47470,AT3G54050,AT3G54890,AT3G55800,AT3G61470,AT3G27690,AT3G50820,AT4G05180,AT5G08320,AT4G12800,AT4G15560,AT4G21280,AT4G24090,AT4G28660,AT4G28750,AT4G34190,AT4G38970,AT5G01530,AT5G04490,AT5G08330,AT5G19940,AT5G23120,AT5G36120,AT5G38410,AT5G38420,AT5G38520,AT5G51110,AT5G57345,AT5G14740
2	AT1G75080	BZR1	0	na	PWM1390	CisBP	M2213_1.01	16	7.098418206019476e-9	7.954664902120576e-7	43	AT1G03600,AT1G06680,AT1G11070,AT1G15820,AT1G19150,AT1G50450,AT1G52230,AT1G55670,AT1G67090,AT1G68010,AT1G44446,AT1G44575,AT1G45474,AT2G13360,AT2G20250,AT2G20260,AT2G21330,AT2G30570,AT2G30790,AT2G39730,AT2G05070,AT3G16140,AT3G21055,AT3G47470,AT3G54050,AT3G54890,AT3G55800,AT4G05180,AT4G12800,AT4G15560,AT4G21280,AT4G24090,AT4G28660,AT4G28750,AT4G34190,AT5G01530,AT5G08050,AT5G23120,AT5G38410,AT5G38520,AT5G57345,AT5G64940,AT5G14740	na
2	AT1G75080	BZR1	0	na	PWM2150	JASPAR	MA0550.1	17	7.098418206019476e-9	7.954664902120576e-7	43	AT1G03600,AT1G06680,AT1G11070,AT1G15820,AT1G19150,AT1G50450,AT1G52230,AT1G55670,AT1G67090,AT1G68010,AT1G44446,AT1G44575,AT1G45474,AT2G13360,AT2G20250,AT2G20260,AT2G21330,AT2G30570,AT2G30790,AT2G39730,AT2G05070,AT3G16140,AT3G21055,AT3G47470,AT3G54050,AT3G54890,AT3G55800,AT4G05180,AT4G12800,AT4G15560,AT4G21280,AT4G24090,AT4G28660,AT4G28750,AT4G34190,AT5G01530,AT5G08050,AT5G23120,AT5G38410,AT5G38520,AT5G57345,AT5G64940,AT5G14740	na
2	AT5G28770	AtbZIP63	8	na	PWM1427	CisBP	M0268_1.01	24	7.050086437491904e-8	0.000005745820446555902	41	AT1G03600,AT1G04420,AT1G06680,AT1G13650,AT1G20340,AT1G32060,AT1G50450,AT1G52230,AT1G61520,AT1G68010,AT1G74730,AT1G76100,AT1G44446,AT1G44575,AT2G01590,AT2G13360,AT2G20250,AT2G20260,AT2G21330,AT2G21960,AT2G30790,AT2G34430,AT2G05070,AT3G01500,AT3G16140,AT3G59400,AT3G27690,AT3G50820,AT4G05180,AT4G10340,AT4G12800,AT4G15560,AT4G21280,AT4G24090,AT4G28750,AT4G38970,AT5G01530,AT5G36120,AT5G38520,AT5G51110,AT5G66570	na
2	AT1G49720	ABF1	0	27	PWM1495	CisBP	M2233_1.01	25	7.050086437491904e-8	0.000005745820446555902	41	AT1G03600,AT1G04420,AT1G06680,AT1G11070,AT1G13650,AT1G19150,AT1G50450,AT1G52230,AT1G55670,AT1G61520,AT1G67090,AT1G71500,AT1G29930,AT1G44575,AT1G29920,AT2G13360,AT2G21960,AT2G30570,AT2G30790,AT2G42220,AT2G05100,AT3G16140,AT3G17040,AT3G21055,AT3G54050,AT3G54890,AT3G55800,AT3G50820,AT4G05180,AT4G12800,AT4G15560,AT4G21280,AT4G28660,AT4G28750,AT5G08050,AT5G19940,AT5G38410,AT5G38420,AT5G51110,AT5G64940,AT5G66570	AT1G03600,AT1G08380,AT1G19150,AT1G30380,AT1G32060,AT1G51400,AT1G67090,AT1G76100,AT1G29930,AT1G44446,AT1G76450,AT2G20250,AT2G35260,AT3G16140,AT3G17040,AT3G21055,AT3G47470,AT3G54050,AT3G55800,AT4G05180,AT5G08320,AT4G21280,AT4G24090,AT4G28750,AT5G04490,AT5G57345,AT5G14740
2	AT1G49720	ABF1	0	27	PWM326	AGRIS		27	7.050086437491904e-8	0.000005745820446555902	41	AT1G06680,AT1G11070,AT1G15820,AT1G50450,AT1G52230,AT1G55670,AT1G61520,AT1G67090,AT1G67740,AT1G68010,AT1G44446,AT2G13360,AT2G20250,AT2G20260,AT2G21330,AT2G30790,AT2G39730,AT3G16140,AT3G17040,AT3G21055,AT3G54050,AT3G54890,AT3G55800,AT3G61470,AT3G50820,AT4G05180,AT4G12800,AT4G15560,AT4G21280,AT4G24090,AT4G28660,AT4G28750,AT5G01530,AT5G38410,AT5G38420,AT5G38520,AT5G57345,AT5G64940,AT5G14740,AT5G38430,AT5G66570	AT1G03600,AT1G08380,AT1G19150,AT1G30380,AT1G32060,AT1G51400,AT1G67090,AT1G76100,AT1G29930,AT1G44446,AT1G76450,AT2G20250,AT2G35260,AT3G16140,AT3G17040,AT3G21055,AT3G47470,AT3G54050,AT3G55800,AT4G05180,AT5G08320,AT4G21280,AT4G24090,AT4G28750,AT5G04490,AT5G57345,AT5G14740
2	AT1G49720	ABF1	0	27	PWM2170	JASPAR	MA0570.1	29	2.1119622060110803e-7	0.000013057752535785748	40	AT1G03600,AT1G04420,AT1G06680,AT1G11070,AT1G13650,AT1G19150,AT1G50450,AT1G52230,AT1G61520,AT1G68010,AT1G71500,AT1G29930,AT1G44446,AT1G44575,AT1G29920,AT2G13360,AT2G21960,AT2G30570,AT2G30790,AT2G42220,AT2G05100,AT3G16140,AT3G21055,AT3G54050,AT3G54890,AT3G55800,AT3G50820,AT4G05180,AT4G12800,AT4G15560,AT4G21280,AT4G28660,AT4G28750,AT5G08050,AT5G19940,AT5G38410,AT5G38420,AT5G51110,AT5G64940,AT5G66570	AT1G03600,AT1G08380,AT1G19150,AT1G30380,AT1G32060,AT1G51400,AT1G67090,AT1G76100,AT1G29930,AT1G44446,AT1G76450,AT2G20250,AT2G35260,AT3G16140,AT3G17040,AT3G21055,AT3G47470,AT3G54050,AT3G55800,AT4G05180,AT5G08320,AT4G21280,AT4G24090,AT4G28750,AT5G04490,AT5G57345,AT5G14740
2	AT1G49720	ABF1	0	27	PWM974	CisBP	M0254_1.01	57	0.000030189617082538746	0.001040961219788307	35	AT1G03600,AT1G06680,AT1G11070,AT1G15820,AT1G52230,AT1G58290,AT1G61520,AT1G68010,AT1G44446,AT2G20250,AT2G20260,AT2G21330,AT2G30790,AT2G35260,AT2G39730,AT2G05100,AT3G16140,AT3G17040,AT3G21055,AT3G54050,AT3G54890,AT3G55800,AT3G50820,AT4G02770,AT4G05180,AT4G21280,AT4G24090,AT4G28660,AT4G28750,AT4G38970,AT5G23120,AT5G57345,AT5G64940,AT5G14740,AT5G66570	AT1G03600,AT1G08380,AT1G19150,AT1G30380,AT1G32060,AT1G51400,AT1G67090,AT1G76100,AT1G29930,AT1G44446,AT1G76450,AT2G20250,AT2G35260,AT3G16140,AT3G17040,AT3G21055,AT3G47470,AT3G54050,AT3G55800,AT4G05180,AT5G08320,AT4G21280,AT4G24090,AT4G28750,AT5G04490,AT5G57345,AT5G14740
2	AT2G04038	AtbZIP48	0	na	PWM2919	DAP-seq	BZIP48_col	26	7.050086437491904e-8	0.000005745820446555902	41	AT1G04420,AT1G06680,AT1G13650,AT1G15820,AT1G20340,AT1G30380,AT1G32060,AT1G32080,AT1G50450,AT1G68010,AT1G74730,AT1G76100,AT1G29930,AT1G44575,AT1G45474,AT1G29920,AT2G01590,AT2G06520,AT2G20250,AT2G20260,AT2G21960,AT2G34430,AT2G05070,AT3G16140,AT3G47470,AT3G27690,AT3G50820,AT5G08320,AT4G10340,AT4G12800,AT4G15560,AT4G24090,AT4G24930,AT4G28750,AT4G38970,AT5G19940,AT5G36120,AT5G38420,AT5G38520,AT5G51110,AT5G66570	na
2	AT5G61270	PIF7	95	na	PWM2901	DAP-seq	PIF7_col	30	2.1119622060110803e-7	0.000013057752535785748	40	AT1G03600,AT1G06680,AT1G11070,AT1G13650,AT1G15820,AT1G32060,AT1G52230,AT1G55670,AT1G61520,AT1G67090,AT1G67740,AT1G68010,AT1G44446,AT2G21330,AT2G30790,AT2G35260,AT2G39730,AT3G16140,AT3G17040,AT3G21055,AT3G54050,AT3G54890,AT3G55800,AT3G61470,AT3G50820,AT4G02770,AT4G05180,AT4G12800,AT4G21280,AT4G24090,AT4G28660,AT4G28750,AT4G34190,AT5G01530,AT5G38410,AT5G38520,AT5G57345,AT5G64940,AT5G14740,AT5G66570	na
2	AT5G38800	AtbZIP43	0	na	PWM2916	DAP-seq	BZIP43_col	31	2.1119622060110803e-7	0.000013057752535785748	40	AT1G04420,AT1G06680,AT1G13650,AT1G15820,AT1G20340,AT1G30380,AT1G32080,AT1G50450,AT1G68010,AT1G72640,AT1G74730,AT1G76100,AT1G44446,AT1G44575,AT2G01590,AT2G06520,AT2G20250,AT2G20260,AT2G21330,AT2G21960,AT2G05070,AT3G01500,AT3G06470,AT3G16140,AT3G26060,AT3G27690,AT3G50820,AT4G05180,AT5G08320,AT4G10340,AT4G12800,AT4G15560,AT4G24090,AT4G24930,AT5G04490,AT5G19940,AT5G36120,AT5G38420,AT5G51110,AT5G66570	na
2	AT1G75390	AtbZIP44	0	0	PWM2917	DAP-seq	BZIP44_col	32	2.1119622060110803e-7	0.000013057752535785748	40	AT1G04420,AT1G06680,AT1G13650,AT1G15980,AT1G20340,AT1G30380,AT1G32060,AT1G32080,AT1G50450,AT1G55670,AT1G68010,AT1G74730,AT1G76100,AT1G29930,AT1G44575,AT1G29920,AT2G01590,AT2G06520,AT2G20250,AT2G20260,AT2G21960,AT2G34430,AT2G05100,AT3G06470,AT3G12345,AT3G16140,AT3G27690,AT3G50820,AT4G05180,AT5G08320,AT4G10340,AT4G12800,AT4G15560,AT4G24090,AT4G24930,AT4G28660,AT5G19940,AT5G36120,AT5G38420,AT5G51110	
2	AT2G43010	AtPIF4	1	20	PWM818	CisBP	M2224_1.01	34	6.113243413743892e-7	0.00003223836894365528	39	AT1G03600,AT1G06680,AT1G11070,AT1G15820,AT1G52230,AT1G55670,AT1G61520,AT1G67090,AT1G67740,AT1G44446,AT2G20250,AT2G20260,AT2G21330,AT2G30570,AT2G30790,AT2G35260,AT2G39730,AT3G16140,AT3G21055,AT3G54050,AT3G54890,AT3G55800,AT3G61470,AT3G50820,AT4G05180,AT4G12800,AT4G21280,AT4G24090,AT4G28660,AT4G28750,AT5G01530,AT5G38410,AT5G38420,AT5G38520,AT5G57345,AT5G64940,AT5G14740,AT5G38430,AT5G66570	AT1G03600,AT1G06680,AT1G13650,AT1G19150,AT1G20340,AT1G32060,AT1G50450,AT1G76100,AT1G03130,AT3G08940,AT3G61470,AT3G27690,AT4G05180,AT5G08320,AT4G28660,AT5G08330,AT5G19940,AT5G38410,AT5G38420,AT5G38520
2	AT2G43010	AtPIF4	1	20	PWM2161	JASPAR	MA0561.1	42	0.000004613207871597505	0.00020174345643352015	37	AT1G03600,AT1G06680,AT1G11070,AT1G15820,AT1G52230,AT1G55670,AT1G61520,AT1G67090,AT1G67740,AT1G44446,AT2G21330,AT2G30570,AT2G30790,AT2G35260,AT3G16140,AT3G21055,AT3G47470,AT3G54050,AT3G54890,AT3G55800,AT3G61470,AT3G50820,AT4G05180,AT4G12800,AT4G21280,AT4G24090,AT4G28660,AT4G28750,AT5G01530,AT5G38410,AT5G38420,AT5G38520,AT5G57345,AT5G64940,AT5G14740,AT5G38430,AT5G66570	AT1G03600,AT1G06680,AT1G13650,AT1G19150,AT1G20340,AT1G32060,AT1G50450,AT1G76100,AT1G03130,AT3G08940,AT3G61470,AT3G27690,AT4G05180,AT5G08320,AT4G28660,AT5G08330,AT5G19940,AT5G38410,AT5G38420,AT5G38520
2	AT1G09530	PAP3	1	4	PWM1019	CisBP	M2223_1.01	35	0.0000017091215976477324	0.00008755585784521097	38	AT1G03600,AT1G06680,AT1G11070,AT1G15820,AT1G52230,AT1G55670,AT1G61520,AT1G67090,AT1G67740,AT1G44446,AT2G13360,AT2G21330,AT2G30790,AT2G39730,AT2G05100,AT3G01500,AT3G16140,AT3G21055,AT3G54050,AT3G54890,AT3G55800,AT3G61470,AT3G50820,AT4G05180,AT4G12800,AT4G21280,AT4G24090,AT4G28660,AT4G28750,AT5G01530,AT5G38410,AT5G38420,AT5G38520,AT5G57345,AT5G64940,AT5G14740,AT5G38430,AT5G66570	AT1G03600,AT1G50450,AT4G28660,AT5G08330
2	AT1G09530	PAP3	1	4	PWM2160	JASPAR	MA0560.1	41	0.000004613207871597505	0.00020174345643352015	37	AT1G03600,AT1G06680,AT1G11070,AT1G15820,AT1G52230,AT1G55670,AT1G61520,AT1G67090,AT1G67740,AT1G44446,AT2G21330,AT2G30790,AT2G39730,AT2G05100,AT3G01500,AT3G16140,AT3G21055,AT3G54050,AT3G54890,AT3G55800,AT3G61470,AT3G50820,AT4G05180,AT4G12800,AT4G21280,AT4G24090,AT4G28660,AT4G28750,AT5G01530,AT5G38410,AT5G38420,AT5G38520,AT5G57345,AT5G64940,AT5G14740,AT5G38430,AT5G66570	AT1G03600,AT1G50450,AT4G28660,AT5G08330
2	AT1G09530	PAP3	1	4	PWM1609	PBM		52	0.000030189617082538746	0.001040961219788307	35	AT1G06680,AT1G15820,AT1G52230,AT1G55670,AT1G61520,AT1G67090,AT1G67740,AT1G68010,AT1G71500,AT1G44446,AT2G13360,AT2G21330,AT2G30790,AT2G39730,AT2G05100,AT3G16140,AT3G17040,AT3G21055,AT3G54050,AT3G54890,AT3G55800,AT3G61470,AT3G50820,AT4G02770,AT4G05180,AT4G12800,AT4G21280,AT4G28750,AT4G38970,AT5G01530,AT5G38410,AT5G38520,AT5G57345,AT5G64940,AT5G66570	AT1G03600,AT1G50450,AT4G28660,AT5G08330
2	AT1G09530	PAP3	1	4	PWM841	CisBP	M2732_1.01	67	0.0003836466164150798	0.01074809973800372	32	AT1G03600,AT1G06680,AT1G11070,AT1G52230,AT1G61520,AT1G64680,AT1G71500,AT1G44446,AT1G44575,AT1G45474,AT2G13360,AT2G20250,AT2G20260,AT2G21330,AT2G30790,AT2G34860,AT2G39730,AT3G16140,AT3G21055,AT3G54890,AT3G61470,AT4G02530,AT4G12800,AT4G15560,AT4G21280,AT4G28660,AT4G34190,AT5G01530,AT5G57345,AT5G64940,AT5G21430,AT5G66570	AT1G03600,AT1G50450,AT4G28660,AT5G08330
2	AT1G09530	PAP3	1	4	PWM1305	CisBP	M2733_1.01	71	0.0008300939351828244	0.02157041196786673	31	AT1G06680,AT1G15820,AT1G32060,AT1G50450,AT1G52230,AT1G61520,AT1G67090,AT1G44575,AT2G13360,AT2G21330,AT2G30790,AT2G39730,AT3G16140,AT3G17040,AT3G21055,AT3G54890,AT3G55800,AT3G61470,AT3G50820,AT4G05180,AT4G12800,AT4G21280,AT4G25050,AT4G28660,AT4G28750,AT4G38970,AT5G38410,AT5G38420,AT5G38520,AT5G57345,AT5G66570	AT1G03600,AT1G50450,AT4G28660,AT5G08330
2	AT1G09530	PAP3	1	4	PWM829	AthaMAP	T04492	81	0.0017278752395474789	0.04076421453300829	30	AT1G03600,AT1G06680,AT1G52230,AT1G61520,AT1G71500,AT1G44446,AT1G76450,AT2G20250,AT2G20260,AT2G21330,AT2G30790,AT2G39730,AT3G16140,AT3G21055,AT3G54050,AT3G54890,AT3G61470,AT4G05180,AT4G12800,AT4G15560,AT4G21280,AT4G24090,AT4G28660,AT4G28750,AT4G34190,AT5G01530,AT5G57345,AT5G64940,AT5G14740,AT5G66570	AT1G03600,AT1G50450,AT4G28660,AT5G08330
2	AT1G09530	PAP3	1	4	PWM962	AthaMAP	T04492	82	0.0017278752395474789	0.04076421453300829	30	AT1G03600,AT1G06680,AT1G15820,AT1G32060,AT1G52230,AT1G61520,AT1G67090,AT1G03130,AT1G44575,AT2G13360,AT2G21330,AT2G30790,AT2G39730,AT3G16140,AT3G17040,AT3G21055,AT3G54890,AT3G55800,AT3G61470,AT3G50820,AT4G21280,AT4G25050,AT4G28660,AT4G28750,AT4G38970,AT5G38410,AT5G38420,AT5G38520,AT5G57345,AT5G66570	AT1G03600,AT1G50450,AT4G28660,AT5G08330
2	AT4G01120	ATBZIP54	0	74	PWM1232	CisBP	M0262_1.01	36	0.0000017091215976477324	0.00008755585784521097	38	AT1G03600,AT1G06680,AT1G15820,AT1G20340,AT1G32060,AT1G52230,AT1G58290,AT1G61520,AT1G68010,AT1G44446,AT1G44575,AT1G45474,AT2G13360,AT2G20250,AT2G20260,AT2G21330,AT2G30790,AT2G34430,AT2G35260,AT2G39730,AT3G01500,AT3G16140,AT3G17040,AT3G54890,AT3G55800,AT3G27690,AT3G50820,AT4G05180,AT4G12800,AT4G15560,AT4G21280,AT4G24090,AT4G28750,AT5G38520,AT5G51110,AT5G57345,AT5G64940,AT5G66570	AT1G03600,AT1G06680,AT1G08380,AT1G13650,AT1G15980,AT1G20340,AT1G30380,AT1G31330,AT1G32060,AT1G50450,AT1G50900,AT1G51400,AT1G52230,AT1G58290,AT1G61520,AT1G67090,AT1G74730,AT1G76100,AT1G03130,AT1G29930,AT1G44446,AT1G44575,AT1G45474,AT1G76450,AT1G29920,AT2G01590,AT2G06520,AT2G13360,AT2G20260,AT2G21330,AT2G30570,AT2G35260,AT2G39730,AT2G42220,AT2G47750,AT2G05070,AT2G05100,AT3G06470,AT3G08940,AT3G16140,AT3G17040,AT3G21055,AT3G24430,AT3G47470,AT3G54050,AT3G54890,AT3G27690,AT3G50820,AT4G02530,AT4G05180,AT4G10340,AT4G12800,AT4G15560,AT4G21280,AT4G24090,AT4G28660,AT4G28750,AT4G34190,AT4G38970,AT5G01530,AT5G04490,AT5G08330,AT5G19940,AT5G23120,AT5G36120,AT5G38410,AT5G38420,AT5G38520,AT5G45680,AT5G51110,AT5G57345,AT5G64940,AT5G14740,AT4G13500
2	AT1G42990	ATBZIP60	0	0	PWM1447	PBM		37	0.0000017091215976477324	0.00008755585784521097	38	AT1G04420,AT1G06680,AT1G13650,AT1G20340,AT1G31330,AT1G32060,AT1G32080,AT1G50450,AT1G50900,AT1G67090,AT1G68010,AT1G74730,AT1G76100,AT1G44575,AT2G01590,AT2G20250,AT2G20260,AT2G21960,AT2G34430,AT2G05070,AT3G08940,AT3G12345,AT3G16140,AT3G47470,AT3G59400,AT3G61470,AT3G27690,AT3G50820,AT4G05180,AT5G08320,AT4G15560,AT4G24090,AT4G28660,AT4G28750,AT5G01530,AT5G19940,AT5G36120,AT5G51110	
2	AT1G32640	ATMYC2	0	0	PWM622	AthaMAP	T05620	39	0.0000017091215976477324	0.00008755585784521097	38	AT1G03600,AT1G06680,AT1G11070,AT1G13650,AT1G15820,AT1G32060,AT1G50450,AT1G52230,AT1G61520,AT1G68010,AT1G44446,AT1G44575,AT1G76450,AT2G13360,AT2G21330,AT2G30570,AT2G30790,AT2G35260,AT3G08940,AT3G16140,AT3G17040,AT3G21055,AT3G54050,AT3G54890,AT3G55800,AT3G61470,AT3G50820,AT4G05180,AT4G12800,AT4G21280,AT4G24090,AT4G28660,AT4G28750,AT5G01530,AT5G38410,AT5G64940,AT5G14740,AT5G66570	
2	AT3G62420	ATBZIP53	0	na	PWM2925	DAP-seq	BZIP53_col	43	0.000004613207871597505	0.00020174345643352015	37	AT1G04420,AT1G06680,AT1G13650,AT1G15980,AT1G20340,AT1G21500,AT1G30380,AT1G32060,AT1G50450,AT1G68010,AT1G74730,AT1G76100,AT1G29930,AT1G44575,AT1G29920,AT2G01590,AT2G06520,AT2G20250,AT2G20260,AT2G21960,AT2G34430,AT2G05100,AT3G16140,AT3G27690,AT3G50820,AT4G05180,AT5G08320,AT4G10340,AT4G12800,AT4G15560,AT4G24090,AT4G24930,AT4G28750,AT5G19940,AT5G36120,AT5G38420,AT5G51110	na
2	AT5G58900	AT5G58900	0	na	PWM3330	DAP-seq	AT5G58900_col	44	0.000004613207871597505	0.00020174345643352015	37	AT1G03600,AT1G05385,AT1G13650,AT1G20340,AT1G30380,AT1G32060,AT1G42970,AT1G50450,AT1G52230,AT1G64680,AT1G64860,AT1G67090,AT1G72640,AT1G76100,AT1G49975,AT2G06520,AT2G21330,AT2G21960,AT2G42190,AT3G01500,AT3G08940,AT3G12345,AT3G16140,AT3G21055,AT3G54050,AT3G61470,AT4G02770,AT4G05180,AT4G12800,AT4G24090,AT5G01530,AT5G09660,AT5G38410,AT5G38420,AT5G64940,AT5G14740,AT5G38430	na
2	AT2G20180	PIF1	0	0	PWM1082	CisBP	M0155_1.01	45	0.00001201617074640825	0.0004787776477402221	36	AT1G03600,AT1G06680,AT1G11070,AT1G15820,AT1G19150,AT1G32060,AT1G50450,AT1G52230,AT1G67090,AT1G68010,AT1G44446,AT1G44575,AT2G20250,AT2G20260,AT2G21330,AT2G30570,AT2G30790,AT3G16140,AT3G21055,AT3G54050,AT3G54890,AT3G55800,AT3G50820,AT4G05180,AT4G12800,AT4G21280,AT4G24090,AT4G28660,AT4G28750,AT4G34190,AT5G01530,AT5G08050,AT5G38410,AT5G38520,AT5G64940,AT5G66570	
2	AT2G20180	PIF1	0	0	PWM1238	CisBP	M2215_1.01	46	0.00001201617074640825	0.0004787776477402221	36	AT1G03600,AT1G06680,AT1G11070,AT1G15820,AT1G32060,AT1G50450,AT1G52230,AT1G61520,AT1G67090,AT1G68010,AT1G44446,AT1G44575,AT2G20250,AT2G20260,AT2G21330,AT2G30570,AT2G30790,AT3G16140,AT3G21055,AT3G54050,AT3G54890,AT3G55800,AT3G50820,AT4G05180,AT4G12800,AT4G21280,AT4G24090,AT4G28660,AT4G28750,AT4G34190,AT5G01530,AT5G08050,AT5G38410,AT5G38520,AT5G64940,AT5G66570	
2	AT2G20180	PIF1	0	0	PWM2152	JASPAR	MA0552.1	47	0.00001201617074640825	0.0004787776477402221	36	AT1G03600,AT1G06680,AT1G11070,AT1G15820,AT1G32060,AT1G50450,AT1G52230,AT1G67090,AT1G68010,AT1G44446,AT1G44575,AT2G01590,AT2G20250,AT2G20260,AT2G21330,AT2G30570,AT2G30790,AT3G16140,AT3G21055,AT3G54050,AT3G54890,AT3G55800,AT3G50820,AT4G05180,AT4G12800,AT4G21280,AT4G24090,AT4G28660,AT4G28750,AT4G34190,AT5G01530,AT5G08050,AT5G38410,AT5G38520,AT5G64940,AT5G66570	
2	AT1G49010	At1g49010	95	0	PWM3303	DAP-seq	AT1G49010_col	48	0.00001201617074640825	0.0004787776477402221	36	AT1G03600,AT1G11070,AT1G13650,AT1G20340,AT1G32060,AT1G42970,AT1G50450,AT1G52230,AT1G61520,AT1G64680,AT1G72640,AT1G03130,AT1G49975,AT2G06520,AT2G35260,AT2G42190,AT3G01500,AT3G08940,AT3G16140,AT3G21055,AT3G26060,AT3G54890,AT3G61470,AT4G02770,AT4G05180,AT5G08320,AT4G21280,AT4G24090,AT4G25050,AT5G01530,AT5G38410,AT5G38420,AT5G38520,AT5G14740,AT5G38430,AT4G13500	
2	AT2G40950	BZIP17	0	0	PWM882	CisBP	M0259_1.01	49	0.00001201617074640825	0.0004787776477402221	36	AT1G03600,AT1G06680,AT1G13650,AT1G20340,AT1G32060,AT1G50450,AT1G50900,AT1G52230,AT1G67090,AT1G68010,AT1G44446,AT1G44575,AT1G45474,AT2G01590,AT2G13360,AT2G20250,AT2G20260,AT2G21330,AT2G21960,AT2G34430,AT2G39730,AT2G47750,AT3G01500,AT3G16140,AT3G54050,AT3G27690,AT3G50820,AT4G02770,AT4G05180,AT4G15560,AT4G21280,AT4G24090,AT4G28750,AT5G19940,AT5G38520,AT5G51110	
2	AT3G56660	BZIP49	0	na	PWM884	CisBP	M0259_1.01	51	0.00001201617074640825	0.0004787776477402221	36	AT1G03600,AT1G06680,AT1G13650,AT1G20340,AT1G32060,AT1G50450,AT1G50900,AT1G52230,AT1G67090,AT1G68010,AT1G44446,AT1G44575,AT1G45474,AT2G01590,AT2G13360,AT2G20250,AT2G20260,AT2G21330,AT2G21960,AT2G34430,AT2G39730,AT2G47750,AT3G01500,AT3G16140,AT3G54050,AT3G27690,AT3G50820,AT4G02770,AT4G05180,AT4G15560,AT4G21280,AT4G24090,AT4G28750,AT5G19940,AT5G38520,AT5G51110	na
2	AT4G14410	bHLH104	0	0	PWM2877	DAP-seq	BHLH104_col	54	0.000030189617082538746	0.001040961219788307	35	AT1G03600,AT1G06680,AT1G11070,AT1G13650,AT1G19150,AT1G50450,AT1G52230,AT1G61520,AT1G67090,AT1G68010,AT1G44446,AT2G13360,AT2G20250,AT2G20260,AT2G21330,AT2G30790,AT2G05070,AT3G16140,AT3G17040,AT3G21055,AT3G54890,AT3G55800,AT3G61470,AT3G50820,AT4G05180,AT4G21280,AT4G25050,AT4G28750,AT4G34190,AT5G01530,AT5G08050,AT5G23120,AT5G38410,AT5G14740,AT5G66570	
2	AT4G14410	bHLH104	0	0	PWM2559	JASPAR	MA0960.1	73	0.0008300939351828244	0.02157041196786673	31	AT1G03600,AT1G06680,AT1G50450,AT1G52230,AT1G55670,AT1G61520,AT1G64680,AT1G67090,AT1G68010,AT1G71500,AT1G44446,AT1G76450,AT2G13360,AT2G21330,AT2G30790,AT3G16140,AT3G17040,AT3G21055,AT3G54050,AT3G54890,AT3G55800,AT3G61470,AT3G50820,AT4G05180,AT4G21280,AT5G38410,AT5G38420,AT5G38520,AT5G57345,AT5G64940,AT5G66570	
2	AT4G14410	bHLH104	0	0	PWM1300	CisBP	M0158_1.01	77	0.0017278752395474789	0.04076421453300829	30	AT1G03600,AT1G06680,AT1G50450,AT1G52230,AT1G61520,AT1G64680,AT1G68010,AT1G71500,AT1G44446,AT1G76450,AT2G13360,AT2G21330,AT2G30790,AT2G35260,AT3G16140,AT3G17040,AT3G21055,AT3G54050,AT3G54890,AT3G55800,AT3G61470,AT3G50820,AT4G05180,AT4G21280,AT5G38410,AT5G38420,AT5G38520,AT5G57345,AT5G64940,AT5G66570	
2	AT3G30530	ATBZIP42	0	na	PWM2914	DAP-seq	BZIP42_col	55	0.000030189617082538746	0.001040961219788307	35	AT1G04420,AT1G06680,AT1G13650,AT1G30380,AT1G31330,AT1G32060,AT1G32080,AT1G50450,AT1G64680,AT1G68010,AT1G72640,AT1G74730,AT1G76100,AT2G01590,AT2G06520,AT2G20250,AT2G20260,AT2G21960,AT2G05070,AT3G16140,AT3G27690,AT3G50820,AT5G08320,AT4G10340,AT4G12800,AT4G15560,AT4G24090,AT4G24930,AT4G28750,AT4G34190,AT5G19940,AT5G36120,AT5G38420,AT5G51110,AT5G66570	na
2	AT4G34590	ATB2	0	0	PWM2934	DAP-seq	GBF6_col	56	0.000030189617082538746	0.001040961219788307	35	AT1G04420,AT1G06680,AT1G13650,AT1G15980,AT1G20340,AT1G21500,AT1G30380,AT1G32060,AT1G50450,AT1G68010,AT1G74730,AT1G76100,AT1G29930,AT1G44575,AT1G29920,AT2G01590,AT2G06520,AT2G20250,AT2G20260,AT2G21960,AT2G34430,AT3G16140,AT3G27690,AT3G50820,AT4G05180,AT5G08320,AT4G10340,AT4G12800,AT4G15560,AT4G24090,AT4G24930,AT5G19940,AT5G36120,AT5G38420,AT5G51110	
2	AT5G65210	TGA1	0	0	PWM498	AGRIS		59	0.00007312475816160159	0.002260563644547442	34	AT1G04420,AT1G06680,AT1G13650,AT1G20340,AT1G31330,AT1G50900,AT1G67090,AT1G68010,AT1G74730,AT1G76100,AT1G44575,AT1G45474,AT2G01590,AT2G20250,AT2G20260,AT2G21280,AT2G21330,AT2G21960,AT2G05070,AT3G16140,AT3G47470,AT3G54050,AT3G59400,AT3G61470,AT3G27690,AT4G05180,AT5G08320,AT4G12800,AT4G15560,AT4G24090,AT4G28750,AT4G38970,AT5G19940,AT5G36120	
2	AT5G65210	TGA1	0	0	PWM1386	CisBP	M2251_1.01	64	0.0003836466164150798	0.01074809973800372	32	AT1G04420,AT1G15980,AT1G21500,AT1G32060,AT1G50450,AT1G64770,AT1G67090,AT1G68010,AT1G29930,AT1G44446,AT1G44575,AT1G29920,AT2G01590,AT2G20250,AT2G20260,AT2G21960,AT3G01500,AT3G16140,AT3G59400,AT3G27690,AT3G50820,AT4G10340,AT4G24090,AT4G28660,AT4G28750,AT4G34190,AT4G38970,AT5G01530,AT5G36120,AT5G51110,AT5G58260,AT5G14740	
2	AT5G65210	TGA1	0	0	PWM2187	JASPAR	MA0588.1	72	0.0008300939351828244	0.02157041196786673	31	AT1G15980,AT1G21500,AT1G32060,AT1G50450,AT1G64770,AT1G67090,AT1G68010,AT1G29930,AT1G44446,AT1G44575,AT1G29920,AT2G01590,AT2G20250,AT2G20260,AT2G21960,AT3G01500,AT3G16140,AT3G59400,AT3G27690,AT3G50820,AT4G15560,AT4G24090,AT4G28660,AT4G28750,AT4G34190,AT4G38970,AT5G01530,AT5G36120,AT5G51110,AT5G58260,AT5G14740	
2	AT1G59640	bHLH31	0	na	PWM2886	DAP-seq	BHLH31_col	60	0.00017067319123533333	0.005100283864749211	33	AT1G03600,AT1G04420,AT1G06680,AT1G13650,AT1G52230,AT1G68010,AT1G71500,AT1G44446,AT1G76450,AT2G20250,AT2G20260,AT2G21330,AT2G30790,AT3G16140,AT3G21055,AT3G54050,AT3G54890,AT3G55800,AT3G61470,AT3G50820,AT4G02770,AT4G05180,AT4G12800,AT4G21280,AT4G28660,AT4G28750,AT4G34190,AT5G01530,AT5G38410,AT5G38520,AT5G57345,AT5G64940,AT5G66570	na
2	AT3G23210	bHLH34	0	0	PWM2887	DAP-seq	BHLH34_col	61	0.00017067319123533333	0.005100283864749211	33	AT1G03600,AT1G06680,AT1G19150,AT1G52230,AT1G64680,AT1G67090,AT1G67740,AT1G68010,AT1G44446,AT1G76450,AT2G21330,AT2G30790,AT2G05070,AT3G16140,AT3G21055,AT3G54050,AT3G54890,AT3G55800,AT3G61470,AT3G50820,AT4G05180,AT4G21280,AT4G28660,AT4G28750,AT4G34190,AT5G01530,AT5G08050,AT5G23120,AT5G38410,AT5G38520,AT5G57345,AT5G64940,AT5G66570	
2	AT5G49450	AtbZIP1	0	0	PWM437	AthaMAP		62	0.00017067319123533333	0.005100283864749211	33	AT1G03600,AT1G06680,AT1G15820,AT1G52230,AT1G55670,AT1G61520,AT1G67090,AT1G67740,AT1G68010,AT1G71500,AT1G72640,AT1G44446,AT1G44575,AT2G13360,AT2G21330,AT2G30790,AT2G39730,AT3G06470,AT3G16140,AT3G17040,AT3G21055,AT3G54890,AT3G61470,AT3G50820,AT4G15560,AT4G21280,AT4G25050,AT4G28750,AT4G38970,AT5G38410,AT5G57345,AT5G64940,AT5G66570	
2	AT5G49450	AtbZIP1	0	0	PWM311	AthaMAP		79	0.0017278752395474789	0.04076421453300829	30	AT1G03600,AT1G04420,AT1G06680,AT1G13650,AT1G20340,AT1G67090,AT1G68010,AT1G74730,AT1G76100,AT1G29930,AT1G29920,AT2G01590,AT2G06520,AT2G20250,AT2G20260,AT2G21280,AT2G21960,AT2G47750,AT2G05070,AT3G16140,AT3G59400,AT3G27690,AT4G10340,AT4G12800,AT4G15560,AT4G24090,AT4G24930,AT4G28660,AT5G19940,AT5G36120	
2	AT4G25470	ATCBF2	66	0	PWM543	AGRIS		63	0.00017067319123533333	0.005100283864749211	33	AT1G06680,AT1G11070,AT1G15820,AT1G50450,AT1G52230,AT1G55670,AT1G61520,AT1G67090,AT1G68010,AT1G71500,AT2G13360,AT2G21330,AT2G30790,AT2G34860,AT2G39730,AT2G05100,AT3G16140,AT3G17040,AT3G21055,AT3G61470,AT3G50820,AT4G02770,AT4G05180,AT4G12800,AT4G21280,AT4G25050,AT4G28750,AT4G38970,AT5G01530,AT5G38410,AT5G57345,AT5G21430,AT5G66570	
2	AT5G08520	At5g08520	0	0	PWM3322	DAP-seq	AT5G08520_col	65	0.0003836466164150798	0.01074809973800372	32	AT1G03600,AT1G13650,AT1G20340,AT1G21500,AT1G30380,AT1G32060,AT1G42970,AT1G50450,AT1G52230,AT1G61520,AT1G64860,AT1G67090,AT1G72640,AT1G76100,AT1G49975,AT2G21330,AT2G42190,AT3G01500,AT3G08940,AT3G21055,AT3G61470,AT4G02530,AT4G02770,AT4G05180,AT4G12800,AT5G01530,AT5G09660,AT5G23120,AT5G38410,AT5G38420,AT5G14740,AT5G38430	
2	AT5G04760	AT5G04760	0	70	PWM820	CisBP	M1238_1.01	66	0.0003836466164150798	0.01074809973800372	32	AT1G03600,AT1G04420,AT1G06680,AT1G13650,AT1G20340,AT1G50450,AT1G52230,AT1G61520,AT1G67090,AT1G72640,AT2G20250,AT2G35260,AT2G30170,AT3G01500,AT3G08940,AT3G16140,AT3G21055,AT3G61470,AT3G50820,AT4G02770,AT4G05180,AT4G21280,AT4G25050,AT5G01530,AT5G09660,AT5G38410,AT5G38420,AT5G38520,AT5G64940,AT5G14740,AT5G38430,AT5G66570	AT1G03600,AT1G06680,AT1G08380,AT1G15980,AT1G19150,AT1G20340,AT1G21500,AT1G30380,AT1G31330,AT1G32060,AT1G50450,AT1G50900,AT1G51400,AT1G58290,AT1G61520,AT1G64680,AT1G67090,AT1G67740,AT1G68010,AT1G71500,AT1G72640,AT1G74730,AT1G76100,AT1G03130,AT1G44446,AT1G44575,AT1G49975,AT2G06520,AT2G20260,AT2G30570,AT2G35260,AT2G39730,AT2G05070,AT2G05100,AT2G42190,AT3G01500,AT3G06470,AT3G08940,AT3G12345,AT3G16140,AT3G17040,AT3G21055,AT3G24430,AT3G26060,AT3G47470,AT3G54050,AT3G54890,AT3G61080,AT3G50820,AT4G02770,AT4G05180,AT4G10340,AT4G12800,AT4G15560,AT4G21280,AT4G25050,AT4G28750,AT5G01530,AT5G04490,AT5G08330,AT5G09660,AT5G19940,AT5G36120,AT5G38410,AT5G38420,AT5G38520,AT5G51110,AT5G54270,AT5G57345,AT5G14740
2	AT5G47390	At5g47390	1	na	PWM948	CisBP	M1246_1.01	68	0.0003836466164150798	0.01074809973800372	32	AT1G03600,AT1G13650,AT1G30380,AT1G50450,AT1G52230,AT1G61520,AT1G64680,AT1G67090,AT1G72640,AT1G44575,AT1G45474,AT2G21280,AT2G21330,AT2G30570,AT2G30170,AT2G42190,AT3G01500,AT3G08940,AT3G21055,AT3G54890,AT3G61470,AT4G02770,AT4G15560,AT4G21280,AT5G01530,AT5G23120,AT5G38410,AT5G38420,AT5G38520,AT5G48790,AT5G64940,AT5G14740	na
2	AT4G36930	SPT	0	0	PWM1293	CisBP	M0161_1.01	69	0.0008300939351828244	0.02157041196786673	31	AT1G03600,AT1G06680,AT1G11070,AT1G52230,AT1G55670,AT1G61520,AT1G67740,AT1G68010,AT1G44446,AT2G13360,AT2G20250,AT2G20260,AT2G21330,AT2G30790,AT2G39730,AT3G01500,AT3G16140,AT3G17040,AT3G21055,AT3G54050,AT3G55800,AT3G61470,AT3G50820,AT4G05180,AT4G12800,AT4G21280,AT4G24090,AT4G28750,AT5G57345,AT5G14740,AT5G66570	
2	AT4G36930	SPT	0	0	PWM2657	JASPAR	MA1061.1	74	0.0008300939351828244	0.02157041196786673	31	AT1G03600,AT1G06680,AT1G11070,AT1G52230,AT1G55670,AT1G61520,AT1G67740,AT1G68010,AT1G44446,AT2G13360,AT2G20250,AT2G20260,AT2G21330,AT2G30790,AT2G39730,AT3G01500,AT3G16140,AT3G17040,AT3G21055,AT3G54050,AT3G55800,AT3G61470,AT3G50820,AT4G05180,AT4G12800,AT4G21280,AT4G24090,AT4G28750,AT5G57345,AT5G14740,AT5G66570	
2	AT5G67110	ALC	0	na	PWM1294	CisBP	M0161_1.01	70	0.0008300939351828244	0.02157041196786673	31	AT1G03600,AT1G06680,AT1G11070,AT1G52230,AT1G55670,AT1G61520,AT1G67740,AT1G68010,AT1G44446,AT2G13360,AT2G20250,AT2G20260,AT2G21330,AT2G30790,AT2G39730,AT3G01500,AT3G16140,AT3G17040,AT3G21055,AT3G54050,AT3G55800,AT3G61470,AT3G50820,AT4G05180,AT4G12800,AT4G21280,AT4G24090,AT4G28750,AT5G57345,AT5G14740,AT5G66570	na
2	AT3G16350	AT3G16350	0	0	PWM1194	CisBP	M1216_1.01	76	0.0017278752395474789	0.04076421453300829	30	AT1G03600,AT1G13650,AT1G32080,AT1G61520,AT1G67090,AT1G72640,AT1G44575,AT1G45474,AT2G01590,AT2G13360,AT2G21280,AT2G30570,AT2G30790,AT2G35260,AT2G39730,AT2G05100,AT2G42190,AT3G01500,AT3G08940,AT3G21055,AT3G54890,AT3G61470,AT4G15560,AT5G01530,AT5G08330,AT5G23120,AT5G38410,AT5G38420,AT5G48790,AT5G14740	
2	AT3G07220	AtFHA2	0	na	PWM3094	DAP-seq	FHA2_col	78	0.0017278752395474789	0.04076421453300829	30	AT1G06680,AT1G11070,AT1G20340,AT1G32470,AT1G52230,AT1G55670,AT1G67090,AT1G71500,AT1G44446,AT1G44575,AT1G29910,AT1G29920,AT2G21280,AT2G35260,AT2G42220,AT2G30170,AT3G47470,AT3G47650,AT3G55800,AT3G50820,AT4G25050,AT4G38970,AT5G04490,AT5G19940,AT5G38420,AT5G54270,AT5G58260,AT5G64940,AT5G14740,AT5G38430	na
2	AT5G01380	GT3a	0	0	PWM3509	DAP-seq	GT3A_col	80	0.0017278752395474789	0.04076421453300829	30	AT1G03600,AT1G04420,AT1G06680,AT1G11070,AT1G15820,AT1G19150,AT1G52230,AT1G44446,AT1G76450,AT2G30570,AT2G35260,AT2G39730,AT2G05070,AT3G16140,AT3G17040,AT3G47470,AT3G54050,AT3G61080,AT3G61470,AT3G50820,AT4G05180,AT4G12800,AT4G21280,AT4G24090,AT4G28660,AT4G28750,AT5G57345,AT5G64940,AT5G14740,AT5G66570	
3	AT5G65210	TGA1	6	0	PWM498	AGRIS		1	1.0130727123198569e-8	0.000018164393731895033	57	AT1G04600,AT1G13340,AT1G20350,AT1G21520,AT1G21750,AT1G31290,AT1G42480,AT1G56330,AT1G09210,AT1G09932,AT1G13470,AT1G14360,AT1G56340,AT2G17040,AT2G18690,AT2G25460,AT2G34250,AT2G40520,AT2G44660,AT2G45760,AT2G46400,AT2G47470,AT2G02810,AT3G07520,AT3G17690,AT3G23110,AT3G23120,AT3G24090,AT3G25510,AT3G25882,AT3G28540,AT3G47480,AT3G57240,AT4G03450,AT4G04500,AT4G11170,AT4G11890,AT4G14390,AT4G16660,AT4G23150,AT4G24190,AT4G28390,AT4G34630,AT4G30500,AT5G03720,AT5G17760,AT5G22570,AT5G35735,AT5G42020,AT5G52760,AT5G58710,AT5G61790,AT5G64510,AT3G25010,AT3G46080,AT4G23140,AT5G28540	
3	AT5G65210	TGA1	6	0	PWM1386	CisBP	M2251_1.01	71	0.0001116189217337155	0.0030323140404326042	46	AT1G01340,AT1G01680,AT1G02450,AT1G04980,AT1G19960,AT1G21750,AT1G42480,AT1G09932,AT1G13470,AT1G14360,AT1G56340,AT2G13810,AT2G40750,AT2G41490,AT2G46400,AT2G14610,AT2G26400,AT2G32140,AT2G45070,AT3G02840,AT3G13100,AT3G23250,AT3G25882,AT3G28510,AT3G56710,AT3G61280,AT3G22231,AT3G60540,AT4G04490,AT4G11890,AT4G16660,AT4G29520,AT5G01900,AT5G03350,AT5G03720,AT5G17760,AT5G22570,AT5G42020,AT5G52760,AT5G57510,AT5G64510,AT5G64810,AT3G25010,AT3G46080,AT3G22235,AT5G28540	
3	AT5G65210	TGA1	6	0	PWM1248	CisBP	M0269_1.01	88	0.00022319053508029866	0.004599777349413511	45	AT1G01340,AT1G02450,AT1G19960,AT1G21750,AT1G28480,AT1G35230,AT1G73805,AT1G09210,AT1G09932,AT1G29310,AT1G56340,AT2G03120,AT2G13810,AT2G18690,AT2G40750,AT2G46400,AT2G14610,AT2G26400,AT2G32190,AT3G01080,AT3G23250,AT3G25882,AT3G28510,AT3G51980,AT3G56400,AT3G56710,AT3G61280,AT3G22231,AT3G60540,AT4G01360,AT4G04490,AT4G04500,AT4G11890,AT4G30500,AT5G03350,AT5G03720,AT5G22380,AT5G22570,AT5G42020,AT5G57510,AT5G64510,AT5G64810,AT3G46080,AT3G22235,AT5G28540	
3	AT5G65210	TGA1	6	0	PWM2187	JASPAR	MA0588.1	92	0.00022319053508029866	0.004599777349413511	45	AT1G01340,AT1G01680,AT1G02450,AT1G04980,AT1G19960,AT1G21750,AT1G28480,AT1G13470,AT1G14360,AT1G56340,AT2G13810,AT2G40750,AT2G41490,AT2G46400,AT2G14610,AT2G26400,AT2G32140,AT2G45070,AT3G02840,AT3G13100,AT3G23250,AT3G25882,AT3G28510,AT3G56710,AT3G61280,AT3G22231,AT3G60540,AT4G04490,AT4G11890,AT4G16660,AT4G29520,AT5G01900,AT5G03350,AT5G03720,AT5G17760,AT5G22570,AT5G42020,AT5G52760,AT5G57510,AT5G64510,AT5G64810,AT3G25010,AT3G46080,AT3G22235,AT5G28540	
3	AT5G65210	TGA1	6	0	PWM2939	DAP-seq	TGA1_col	214	0.004752569385621393	0.0434763107572406	40	AT1G01010,AT1G02450,AT1G19960,AT1G20310,AT1G28480,AT1G61790,AT1G73805,AT1G09210,AT1G09932,AT2G29110,AT2G40520,AT2G40750,AT2G46400,AT2G46430,AT2G14610,AT2G26400,AT2G32140,AT2G32190,AT2G32200,AT3G21080,AT3G23250,AT3G25882,AT3G28510,AT3G50770,AT3G52430,AT3G56400,AT3G56710,AT3G61280,AT3G22231,AT3G60540,AT4G04490,AT4G17420,AT4G18250,AT4G29520,AT5G03350,AT5G35735,AT5G45630,AT5G57510,AT5G64810,AT3G22235	
3	AT3G10800	bZIP28	0	na	PWM883	CisBP	M0259_1.01	2	2.6700506915349023e-8	0.0000239370044496104	56	AT1G01680,AT1G02450,AT1G04980,AT1G09070,AT1G09080,AT1G20350,AT1G21750,AT1G30040,AT1G44130,AT1G56330,AT1G09210,AT1G14360,AT1G56340,AT2G25460,AT2G32680,AT2G34250,AT2G41490,AT2G46400,AT2G47470,AT2G02810,AT2G26400,AT2G32190,AT3G01513,AT3G01830,AT3G23250,AT3G25882,AT3G28210,AT3G44326,AT3G47540,AT3G51980,AT3G54960,AT3G56710,AT3G62600,AT3G12220,AT3G22231,AT3G60540,AT4G03450,AT4G04490,AT4G16660,AT4G23210,AT4G24190,AT4G34630,AT4G30500,AT5G03160,AT5G03350,AT5G22570,AT5G25250,AT5G42020,AT5G45630,AT5G52760,AT5G64510,AT5G64810,AT3G25010,AT3G46080,AT3G22235,AT5G28540	na
3	AT3G10800	bZIP28	0	na	PWM2912	DAP-seq	BZIP28_col	75	0.0001116189217337155	0.0030323140404326042	46	AT1G01680,AT1G04600,AT1G09080,AT1G20350,AT1G21750,AT1G31290,AT1G56330,AT1G61790,AT1G09210,AT1G29310,AT1G56340,AT2G03120,AT2G25110,AT2G25460,AT2G34250,AT2G41490,AT2G44660,AT2G46400,AT2G47470,AT2G02810,AT3G01513,AT3G07520,AT3G17690,AT3G22910,AT3G23120,AT3G47540,AT3G50920,AT3G51980,AT3G54960,AT3G57240,AT3G62600,AT3G60540,AT4G11170,AT4G16660,AT4G23210,AT4G24190,AT4G34630,AT5G03160,AT5G17760,AT5G47420,AT5G52760,AT5G58710,AT5G61790,AT5G64510,AT5G64810,AT5G28540	na
3	AT3G56660	BZIP49	0	na	PWM884	CisBP	M0259_1.01	3	2.6700506915349023e-8	0.0000239370044496104	56	AT1G01680,AT1G02450,AT1G04980,AT1G09070,AT1G09080,AT1G20350,AT1G21750,AT1G30040,AT1G44130,AT1G56330,AT1G09210,AT1G14360,AT1G56340,AT2G25460,AT2G32680,AT2G34250,AT2G41490,AT2G46400,AT2G47470,AT2G02810,AT2G26400,AT2G32190,AT3G01513,AT3G01830,AT3G23250,AT3G25882,AT3G28210,AT3G44326,AT3G47540,AT3G51980,AT3G54960,AT3G56710,AT3G62600,AT3G12220,AT3G22231,AT3G60540,AT4G03450,AT4G04490,AT4G16660,AT4G23210,AT4G24190,AT4G34630,AT4G30500,AT5G03160,AT5G03350,AT5G22570,AT5G25250,AT5G42020,AT5G45630,AT5G52760,AT5G64510,AT5G64810,AT3G25010,AT3G46080,AT3G22235,AT5G28540	na
3	AT2G40950	BZIP17	3	0	PWM882	CisBP	M0259_1.01	4	6.871076095025275e-8	0.000030799598595950796	55	AT1G01680,AT1G02450,AT1G04980,AT1G09080,AT1G20350,AT1G21750,AT1G30040,AT1G44130,AT1G56330,AT1G09210,AT1G14360,AT1G56340,AT2G25460,AT2G32680,AT2G34250,AT2G41490,AT2G46400,AT2G47470,AT2G02810,AT2G26400,AT2G32190,AT3G01513,AT3G01830,AT3G23250,AT3G25882,AT3G28210,AT3G44326,AT3G47540,AT3G51980,AT3G54960,AT3G56710,AT3G62600,AT3G12220,AT3G22231,AT3G60540,AT4G03450,AT4G04490,AT4G16660,AT4G23210,AT4G24190,AT4G34630,AT4G30500,AT5G03160,AT5G03350,AT5G22570,AT5G25250,AT5G42020,AT5G45630,AT5G52760,AT5G64510,AT5G64810,AT3G25010,AT3G46080,AT3G22235,AT5G28540	
3	AT4G04450	AtWRKY42	0	na	PWM3546	DAP-seq	WRKY42_col	5	1.7260733749103274e-7	0.00006189699122428434	54	AT1G02450,AT1G04600,AT1G09070,AT1G09080,AT1G19250,AT1G21520,AT1G21550,AT1G23840,AT1G34180,AT1G66090,AT1G78920,AT1G13470,AT1G14360,AT2G13810,AT2G17040,AT2G18690,AT2G25110,AT2G25460,AT2G34250,AT2G46400,AT2G46430,AT2G04450,AT2G32210,AT3G01080,AT3G01513,AT3G01830,AT3G21080,AT3G22910,AT3G23120,AT3G25510,AT3G28540,AT3G48640,AT3G50470,AT3G50920,AT3G54960,AT3G56710,AT3G12220,AT4G04500,AT4G11890,AT4G14365,AT4G23130,AT4G38560,AT4G39030,AT5G22380,AT5G25250,AT5G35735,AT5G40230,AT5G60900,AT5G62520,AT5G64810,AT5G66640,AT5G25260,AT5G43910,AT4G23140	na
3	AT4G04450	AtWRKY42	0	na	PWM1329	CisBP	M1561_1.01	44	0.00002579634338334182	0.0011563210921582971	48	AT1G01010,AT1G02450,AT1G04600,AT1G15010,AT1G19250,AT1G23840,AT1G34180,AT1G61790,AT1G69720,AT1G75040,AT1G58225,AT2G13810,AT2G23200,AT2G25460,AT2G46400,AT2G46430,AT2G04450,AT2G04495,AT3G01513,AT3G22910,AT3G23120,AT3G23250,AT3G25510,AT3G28540,AT3G48640,AT3G50470,AT3G54960,AT3G56710,AT3G57240,AT5G09290,AT4G11170,AT4G11890,AT4G14365,AT4G18250,AT4G23130,AT4G38560,AT4G39030,AT5G11920,AT5G22380,AT5G35735,AT5G40230,AT5G47420,AT5G47850,AT5G60900,AT5G64810,AT5G66640,AT5G43910,AT4G23140	na
3	AT2G21900	ATWRKY59	13	na	PWM1137	CisBP	M1559_1.01	6	4.231777276301194e-7	0.00012645961094013403	53	AT1G04600,AT1G19250,AT1G21520,AT1G23840,AT1G34180,AT1G61790,AT1G69720,AT1G75040,AT1G13470,AT1G77510,AT2G04430,AT2G13810,AT2G17040,AT2G18690,AT2G25460,AT2G46400,AT2G04450,AT2G32210,AT3G01513,AT3G01830,AT3G02840,AT3G21080,AT3G22910,AT3G23120,AT3G23250,AT3G25510,AT3G44326,AT3G48640,AT3G50470,AT3G50920,AT3G52430,AT3G54960,AT3G12220,AT4G04500,AT4G11170,AT4G11890,AT4G23130,AT4G39030,AT5G11920,AT5G22380,AT5G25250,AT5G35735,AT5G40230,AT5G42020,AT5G57510,AT5G60900,AT5G62520,AT5G64810,AT5G66640,AT5G25260,AT5G43910,AT3G22235,AT4G23140	na
3	AT2G47260	ATWRKY23	0	0	PWM1138	CisBP	M1559_1.01	7	4.231777276301194e-7	0.00012645961094013403	53	AT1G04600,AT1G19250,AT1G21520,AT1G23840,AT1G34180,AT1G61790,AT1G69720,AT1G75040,AT1G13470,AT1G77510,AT2G04430,AT2G13810,AT2G17040,AT2G18690,AT2G25460,AT2G46400,AT2G04450,AT2G32210,AT3G01513,AT3G01830,AT3G02840,AT3G21080,AT3G22910,AT3G23120,AT3G23250,AT3G25510,AT3G44326,AT3G48640,AT3G50470,AT3G50920,AT3G52430,AT3G54960,AT3G12220,AT4G04500,AT4G11170,AT4G11890,AT4G23130,AT4G39030,AT5G11920,AT5G22380,AT5G25250,AT5G35735,AT5G40230,AT5G42020,AT5G57510,AT5G60900,AT5G62520,AT5G64810,AT5G66640,AT5G25260,AT5G43910,AT3G22235,AT4G23140	
3	AT2G47260	ATWRKY23	0	0	PWM2675	JASPAR	MA1080.1	22	0.00001192772163537786	0.0011256002574859213	49	AT1G04600,AT1G19250,AT1G21520,AT1G23840,AT1G34180,AT1G61790,AT1G69720,AT1G75040,AT1G09210,AT1G13470,AT1G77510,AT2G04430,AT2G13810,AT2G18690,AT2G25460,AT2G46400,AT2G04450,AT2G32210,AT3G01513,AT3G01830,AT3G02840,AT3G21080,AT3G22910,AT3G23250,AT3G25510,AT3G44326,AT3G50470,AT3G50920,AT3G54960,AT3G12220,AT4G04500,AT4G11170,AT4G11890,AT4G23130,AT4G39030,AT5G11920,AT5G22380,AT5G25250,AT5G35735,AT5G40230,AT5G42020,AT5G57510,AT5G60900,AT5G62520,AT5G64810,AT5G66640,AT5G25260,AT5G43910,AT4G23140	
3	AT3G62340	AtWRKY68	3	na	PWM1139	CisBP	M1559_1.01	8	4.231777276301194e-7	0.00012645961094013403	53	AT1G04600,AT1G19250,AT1G21520,AT1G23840,AT1G34180,AT1G61790,AT1G69720,AT1G75040,AT1G13470,AT1G77510,AT2G04430,AT2G13810,AT2G17040,AT2G18690,AT2G25460,AT2G46400,AT2G04450,AT2G32210,AT3G01513,AT3G01830,AT3G02840,AT3G21080,AT3G22910,AT3G23120,AT3G23250,AT3G25510,AT3G44326,AT3G48640,AT3G50470,AT3G50920,AT3G52430,AT3G54960,AT3G12220,AT4G04500,AT4G11170,AT4G11890,AT4G23130,AT4G39030,AT5G11920,AT5G22380,AT5G25250,AT5G35735,AT5G40230,AT5G42020,AT5G57510,AT5G60900,AT5G62520,AT5G64810,AT5G66640,AT5G25260,AT5G43910,AT3G22235,AT4G23140	na
3	AT4G36730	AtGBF1	4	0	PWM1292	CisBP	M0264_1.01	9	0.0000010123067966849014	0.00020167400960622537	52	AT1G01680,AT1G04600,AT1G04980,AT1G09080,AT1G13340,AT1G20350,AT1G31290,AT1G56330,AT1G61790,AT1G65040,AT1G72540,AT1G09210,AT1G14360,AT1G18260,AT1G29310,AT1G56340,AT2G25110,AT2G25460,AT2G41490,AT2G44660,AT2G47470,AT2G02810,AT3G01513,AT3G22910,AT3G23120,AT3G25882,AT3G44326,AT3G50920,AT3G51980,AT3G54960,AT3G57240,AT3G62600,AT3G12220,AT3G60540,AT4G11170,AT4G14390,AT4G16660,AT4G17420,AT4G23310,AT4G23320,AT4G24190,AT4G34630,AT5G03160,AT5G03720,AT5G17760,AT5G25250,AT5G45630,AT5G47420,AT5G52760,AT5G58710,AT5G61790,AT5G64810	
3	AT1G42990	ATBZIP60	72	0	PWM1447	PBM		10	0.0000010123067966849014	0.00020167400960622537	52	AT1G01680,AT1G04600,AT1G20350,AT1G21750,AT1G31290,AT1G42480,AT1G56330,AT1G09210,AT1G13470,AT1G14360,AT1G18260,AT1G56340,AT2G03120,AT2G25460,AT2G32680,AT2G41490,AT2G44660,AT2G45760,AT2G46400,AT2G47470,AT2G02810,AT3G07520,AT3G23120,AT3G24090,AT3G25882,AT3G47540,AT3G54960,AT3G57240,AT3G60540,AT4G03450,AT4G04500,AT4G11170,AT4G11890,AT4G14390,AT4G16660,AT4G23210,AT4G24190,AT4G34630,AT4G13890,AT4G30500,AT5G03720,AT5G17760,AT5G35735,AT5G42020,AT5G45630,AT5G52760,AT5G58710,AT5G61790,AT5G64510,AT3G25010,AT3G22235,AT5G28540	
3	AT1G42990	ATBZIP60	72	0	PWM2566	JASPAR	MA0967.1	145	0.0015184730993904113	0.019173396247936673	42	AT1G02450,AT1G19960,AT1G56330,AT1G73805,AT1G09210,AT1G09932,AT2G13810,AT2G40520,AT2G40750,AT2G46400,AT2G14610,AT2G26400,AT2G32190,AT3G01080,AT3G17690,AT3G21080,AT3G23120,AT3G23250,AT3G25882,AT3G28510,AT3G45130,AT3G54960,AT3G56400,AT3G56710,AT3G61280,AT3G12220,AT3G22231,AT4G01360,AT4G04540,AT4G11890,AT4G16660,AT4G23150,AT4G29520,AT4G39030,AT5G03350,AT5G22380,AT5G22570,AT5G40230,AT5G64810,AT3G22235,AT4G23140,AT5G28540	
3	AT1G42990	ATBZIP60	72	0	PWM1600	PBM		204	0.004752569385621393	0.0434763107572406	40	AT1G02450,AT1G19960,AT1G35230,AT1G56330,AT1G73805,AT1G09210,AT1G09932,AT2G13810,AT2G40750,AT2G46400,AT2G14610,AT2G26400,AT2G32140,AT2G32190,AT2G32200,AT3G21080,AT3G23250,AT3G25882,AT3G28510,AT3G56400,AT3G56710,AT3G61280,AT3G62600,AT3G12220,AT3G22231,AT4G01360,AT4G04500,AT4G14390,AT4G16660,AT4G29520,AT5G03350,AT5G17760,AT5G22570,AT5G42020,AT5G42380,AT5G64510,AT5G64810,AT3G25010,AT3G22235,AT5G28540	
3	AT1G80840	ATWRKY40	44	na	PWM1516	CisBP	M1551_1.01	11	0.000002362223718570551	0.00038504246612699984	51	AT1G02450,AT1G19250,AT1G35230,AT1G44130,AT1G69720,AT1G72540,AT1G73805,AT1G76650,AT1G14360,AT1G58225,AT2G13810,AT2G18690,AT2G23200,AT2G25460,AT2G31865,AT2G46430,AT2G04450,AT2G14610,AT3G01080,AT3G02840,AT3G08970,AT3G17690,AT3G22910,AT3G23120,AT3G28540,AT3G44326,AT3G48640,AT3G54960,AT3G62600,AT4G04490,AT5G09290,AT4G11890,AT4G14390,AT4G23130,AT4G23320,AT4G26120,AT4G28390,AT4G38560,AT4G30500,AT5G17760,AT5G22380,AT5G22570,AT5G25250,AT5G39670,AT5G52760,AT5G64810,AT5G66640,AT5G25260,AT5G43910,AT5G52750,AT3G22235	na
3	AT1G80840	ATWRKY40	44	na	PWM2679	JASPAR	MA1085.1	48	0.00002579634338334182	0.0011563210921582971	48	AT1G02450,AT1G19250,AT1G35230,AT1G44130,AT1G69720,AT1G72540,AT1G73805,AT1G76650,AT1G14360,AT1G58225,AT2G13810,AT2G18690,AT2G23200,AT2G25460,AT2G31865,AT2G46430,AT2G14610,AT3G01080,AT3G02840,AT3G17690,AT3G22910,AT3G23120,AT3G28540,AT3G44326,AT3G48640,AT3G54960,AT4G04490,AT5G09290,AT4G11890,AT4G14390,AT4G23130,AT4G23320,AT4G26120,AT4G28390,AT4G38560,AT4G30500,AT5G17760,AT5G22380,AT5G22570,AT5G25250,AT5G39670,AT5G52760,AT5G64810,AT5G66640,AT5G25260,AT5G43910,AT5G52750,AT3G22235	na
3	AT1G80840	ATWRKY40	44	na	PWM3544	DAP-seq	WRKY40_col	191	0.002724031035035362	0.02996434138538898	41	AT1G01010,AT1G02450,AT1G09070,AT1G09080,AT1G21520,AT1G23840,AT1G35230,AT1G13470,AT1G58225,AT2G13810,AT2G18690,AT2G23200,AT2G25460,AT2G46430,AT2G04495,AT2G32210,AT3G01080,AT3G01830,AT3G02840,AT3G17690,AT3G23110,AT3G45130,AT3G48640,AT3G50470,AT3G50920,AT3G61280,AT4G04500,AT4G11170,AT4G11890,AT4G14390,AT4G23130,AT4G23210,AT4G28390,AT4G39030,AT4G13890,AT4G30500,AT5G25250,AT5G62520,AT5G25260,AT5G43910,AT4G23140	na
3	AT5G22570	ATWRKY38	91	0	PWM2678	JASPAR	MA1084.1	12	0.000002362223718570551	0.00038504246612699984	51	AT1G01010,AT1G01340,AT1G02450,AT1G04600,AT1G19250,AT1G21520,AT1G23840,AT1G34180,AT1G69720,AT1G75040,AT1G01560,AT1G09210,AT1G14360,AT2G17040,AT2G23200,AT2G25110,AT2G25460,AT2G46400,AT2G46430,AT2G04450,AT2G32210,AT3G01513,AT3G02840,AT3G21080,AT3G22910,AT3G23120,AT3G23250,AT3G25510,AT3G28540,AT3G44326,AT3G48640,AT3G50470,AT3G54960,AT3G12220,AT5G09290,AT4G11890,AT4G23130,AT4G39030,AT5G11920,AT5G22380,AT5G40230,AT5G47420,AT5G57510,AT5G60900,AT5G62520,AT5G64810,AT5G64870,AT5G66640,AT5G43910,AT3G22235,AT4G23140	
3	AT5G22570	ATWRKY38	91	0	PWM1152	CisBP	M1565_1.01	69	0.0001116189217337155	0.0030323140404326042	46	AT1G02450,AT1G04600,AT1G19250,AT1G21550,AT1G34180,AT1G72540,AT1G75040,AT1G01560,AT1G09210,AT1G14360,AT2G13810,AT2G17040,AT2G25110,AT2G25460,AT2G46400,AT2G46430,AT2G02810,AT2G04450,AT3G01513,AT3G02840,AT3G13100,AT3G21080,AT3G22910,AT3G23120,AT3G23250,AT3G25510,AT3G28540,AT3G44326,AT3G48640,AT3G50470,AT3G12220,AT5G09290,AT4G14365,AT4G23130,AT4G39030,AT5G11920,AT5G22380,AT5G35735,AT5G47850,AT5G57510,AT5G60900,AT5G64810,AT5G64870,AT5G66640,AT5G43910,AT4G23140	
3	AT5G22570	ATWRKY38	91	0	PWM1583	PBM		73	0.0001116189217337155	0.0030323140404326042	46	AT1G02450,AT1G04600,AT1G19250,AT1G21550,AT1G34180,AT1G72540,AT1G75040,AT1G01560,AT1G09210,AT1G14360,AT2G13810,AT2G17040,AT2G25110,AT2G25460,AT2G46400,AT2G46430,AT2G02810,AT2G04450,AT3G01513,AT3G02840,AT3G13100,AT3G21080,AT3G22910,AT3G23120,AT3G23250,AT3G25510,AT3G28540,AT3G44326,AT3G48640,AT3G50470,AT3G12220,AT5G09290,AT4G14365,AT4G23130,AT4G39030,AT5G11920,AT5G22380,AT5G35735,AT5G47850,AT5G57510,AT5G60900,AT5G64810,AT5G64870,AT5G66640,AT5G43910,AT4G23140	
3	AT2G40740	ATWRKY55	92	0	PWM3558	DAP-seq	WRKY55_col	13	0.000002362223718570551	0.00038504246612699984	51	AT1G02450,AT1G04600,AT1G09070,AT1G09080,AT1G21520,AT1G23840,AT1G69720,AT1G13470,AT2G13810,AT2G17040,AT2G18690,AT2G23200,AT2G25460,AT2G46400,AT2G46430,AT2G04450,AT2G04495,AT2G32210,AT3G01080,AT3G01513,AT3G01830,AT3G22910,AT3G23120,AT3G25510,AT3G28540,AT3G48640,AT3G50470,AT3G50920,AT3G54960,AT3G56710,AT3G57240,AT3G61280,AT3G12220,AT4G04500,AT4G04540,AT4G11170,AT4G11890,AT4G14365,AT4G23130,AT4G23210,AT4G39030,AT5G11920,AT5G35735,AT5G40230,AT5G57510,AT5G60900,AT5G62520,AT5G64810,AT5G66640,AT5G43910,AT4G23140	
3	AT2G40740	ATWRKY55	92	0	PWM888	CisBP	M1567_1.01	34	0.00001192772163537786	0.0011256002574859213	49	AT1G01010,AT1G02450,AT1G04600,AT1G19250,AT1G21520,AT1G28480,AT1G34180,AT1G69720,AT1G58225,AT2G13810,AT2G17040,AT2G23200,AT2G25110,AT2G25460,AT2G46400,AT2G46430,AT2G04450,AT2G04495,AT2G32210,AT3G01513,AT3G01830,AT3G21080,AT3G22910,AT3G23120,AT3G28540,AT3G48640,AT3G50470,AT3G54960,AT3G56710,AT3G12220,AT4G04540,AT5G09290,AT4G11890,AT4G14365,AT4G23130,AT4G38560,AT4G39030,AT5G22380,AT5G26690,AT5G35735,AT5G40230,AT5G57510,AT5G60900,AT5G62520,AT5G64810,AT5G64870,AT5G66640,AT5G43910,AT4G23140	
3	AT1G62300	ATWRKY6	2	0	PWM3562	DAP-seq	WRKY6_col	14	0.000002362223718570551	0.00038504246612699984	51	AT1G01680,AT1G02450,AT1G21520,AT1G34180,AT1G61790,AT1G72540,AT1G75040,AT1G09210,AT1G13470,AT2G18690,AT2G23200,AT2G25460,AT2G46400,AT2G46430,AT2G04450,AT3G01513,AT3G02840,AT3G08970,AT3G17690,AT3G21080,AT3G22910,AT3G25510,AT3G28540,AT3G44326,AT3G48640,AT3G50470,AT3G54960,AT3G57260,AT3G61280,AT3G12220,AT4G04500,AT5G09290,AT4G11170,AT4G11890,AT4G14365,AT4G23130,AT4G39030,AT5G11920,AT5G22380,AT5G24200,AT5G25250,AT5G35735,AT5G40230,AT5G57510,AT5G60900,AT5G62520,AT5G64810,AT5G66640,AT5G25260,AT5G43910,AT4G23140	
3	AT1G62300	ATWRKY6	2	0	PWM1325	CisBP	M1561_1.01	177	0.002724031035035362	0.02996434138538898	41	AT1G01340,AT1G02450,AT1G09070,AT1G19250,AT1G21520,AT1G21550,AT1G21750,AT1G72540,AT1G56120,AT2G29110,AT2G40750,AT2G46430,AT3G01830,AT3G21080,AT3G23250,AT3G25510,AT3G28510,AT3G48640,AT3G50930,AT3G54960,AT3G57240,AT3G57260,AT3G22231,AT5G10760,AT4G18250,AT4G23130,AT4G39030,AT4G30500,AT5G03720,AT5G11920,AT5G13320,AT5G22570,AT5G25250,AT5G35735,AT5G47420,AT5G47850,AT5G64870,AT5G25260,AT5G43910,AT3G22235,AT4G23140	
3	AT1G62300	ATWRKY6	2	0	PWM423	AthaMAP	T05354	193	0.002724031035035362	0.02996434138538898	41	AT1G01340,AT1G02450,AT1G09070,AT1G19250,AT1G21520,AT1G21550,AT1G21750,AT1G72540,AT1G56120,AT2G29110,AT2G40750,AT2G46430,AT3G01830,AT3G21080,AT3G23250,AT3G25510,AT3G28510,AT3G48640,AT3G50930,AT3G54960,AT3G57240,AT3G57260,AT3G22231,AT5G10760,AT4G18250,AT4G23130,AT4G39030,AT4G30500,AT5G03720,AT5G11920,AT5G13320,AT5G22570,AT5G25250,AT5G35735,AT5G47420,AT5G47850,AT5G64870,AT5G25260,AT5G43910,AT3G22235,AT4G23140	
3	AT5G10030	OBF4	0	0	PWM1040	CisBP	M0267_1.01	15	0.000005375763780354403	0.000642582963878363	50	AT1G01340,AT1G02450,AT1G04980,AT1G09070,AT1G19960,AT1G28480,AT1G31290,AT1G73805,AT1G09210,AT1G09932,AT1G13470,AT1G14360,AT1G56340,AT2G13810,AT2G29110,AT2G40750,AT2G46400,AT2G02810,AT2G14610,AT2G26400,AT2G32190,AT2G32200,AT3G13100,AT3G23250,AT3G25882,AT3G28510,AT3G51980,AT3G56400,AT3G56710,AT3G61280,AT3G22231,AT4G03450,AT4G04490,AT4G11890,AT4G14390,AT4G18250,AT4G29520,AT5G03350,AT5G03720,AT5G17760,AT5G22570,AT5G35735,AT5G42020,AT5G52760,AT5G57510,AT5G64810,AT5G52750,AT3G46080,AT3G22235,AT5G28540	
3	AT5G10030	OBF4	0	0	PWM2945	DAP-seq	TGA4_col	80	0.0001116189217337155	0.0030323140404326042	46	AT1G01680,AT1G02450,AT1G04600,AT1G04980,AT1G19960,AT1G42480,AT1G09210,AT1G09932,AT1G13470,AT1G56340,AT2G13810,AT2G29110,AT2G40750,AT2G46400,AT2G14610,AT2G26400,AT2G32190,AT2G45070,AT2G32200,AT3G21080,AT3G23250,AT3G25882,AT3G28510,AT3G56400,AT3G56710,AT3G61280,AT3G60540,AT4G04490,AT4G14390,AT4G16660,AT4G18250,AT4G29520,AT5G03350,AT5G03720,AT5G17760,AT5G22570,AT5G35735,AT5G42020,AT5G45630,AT5G57510,AT5G61790,AT5G62520,AT5G64510,AT5G64810,AT5G52750,AT5G28540	
3	AT3G01970	ATWRKY45	65	0	PWM2681	JASPAR	MA1087.1	16	0.000005375763780354403	0.000642582963878363	50	AT1G01010,AT1G04600,AT1G19250,AT1G21520,AT1G23840,AT1G34180,AT1G61790,AT1G75040,AT1G01560,AT1G09210,AT1G13470,AT1G77510,AT2G04430,AT2G13810,AT2G17040,AT2G18690,AT2G23200,AT2G25460,AT2G46400,AT2G46430,AT2G04450,AT2G32210,AT3G01513,AT3G01830,AT3G02840,AT3G21080,AT3G22910,AT3G23120,AT3G25510,AT3G28540,AT3G48640,AT3G50470,AT3G50920,AT3G54960,AT3G12220,AT4G04500,AT5G09290,AT4G11890,AT4G23130,AT4G39030,AT5G11920,AT5G35735,AT5G40230,AT5G57510,AT5G60900,AT5G62520,AT5G64810,AT5G66640,AT5G43910,AT4G23140	
3	AT3G01970	ATWRKY45	65	0	PWM1582	PBM		72	0.0001116189217337155	0.0030323140404326042	46	AT1G02450,AT1G04600,AT1G19250,AT1G20350,AT1G21520,AT1G23840,AT1G34180,AT1G75040,AT1G09210,AT2G13810,AT2G25110,AT2G25460,AT2G46400,AT2G46430,AT2G04450,AT2G32210,AT3G01513,AT3G01830,AT3G21080,AT3G22910,AT3G23120,AT3G23250,AT3G25510,AT3G28540,AT3G48640,AT3G50470,AT3G50920,AT3G54960,AT3G12220,AT4G04500,AT5G09290,AT4G14365,AT4G23130,AT4G30430,AT4G39030,AT5G11920,AT5G35735,AT5G40230,AT5G42380,AT5G47850,AT5G60900,AT5G62520,AT5G64810,AT5G66640,AT5G43910,AT4G23140	
3	AT3G01970	ATWRKY45	65	0	PWM1347	CisBP	M1566_1.01	89	0.00022319053508029866	0.004599777349413511	45	AT1G02450,AT1G04600,AT1G19250,AT1G20350,AT1G21520,AT1G23840,AT1G34180,AT1G75040,AT1G09210,AT2G13810,AT2G25110,AT2G25460,AT2G46400,AT2G46430,AT2G04450,AT2G32210,AT3G01513,AT3G01830,AT3G21080,AT3G22910,AT3G23120,AT3G23250,AT3G25510,AT3G28540,AT3G48640,AT3G50470,AT3G50920,AT3G54960,AT3G12220,AT4G04500,AT5G09290,AT4G14365,AT4G23130,AT4G30430,AT4G39030,AT5G11920,AT5G35735,AT5G40230,AT5G47850,AT5G60900,AT5G62520,AT5G64810,AT5G66640,AT5G43910,AT4G23140	
3	AT5G15830	AtbZIP3	9	0	PWM2913	DAP-seq	BZIP3_col	17	0.000005375763780354403	0.000642582963878363	50	AT1G01680,AT1G04600,AT1G04980,AT1G08050,AT1G09080,AT1G13340,AT1G20350,AT1G21750,AT1G31290,AT1G42480,AT1G56330,AT1G09210,AT1G56340,AT2G03120,AT2G25460,AT2G34250,AT2G41490,AT2G44660,AT2G46400,AT2G47470,AT2G02810,AT2G45070,AT3G07520,AT3G08970,AT3G23120,AT3G25882,AT3G28540,AT3G51980,AT3G54960,AT3G56710,AT3G57240,AT3G60540,AT4G11170,AT4G16660,AT4G17420,AT4G23210,AT4G24190,AT4G30430,AT4G34630,AT5G03160,AT5G03720,AT5G17760,AT5G42020,AT5G47420,AT5G52760,AT5G58710,AT5G61790,AT5G64510,AT5G64810,AT5G28540	
3	AT4G22070	ATWRKY31	0	na	PWM3540	DAP-seq	WRKY31_col	18	0.000005375763780354403	0.000642582963878363	50	AT1G01680,AT1G02450,AT1G09070,AT1G09080,AT1G34180,AT1G61790,AT1G75040,AT1G09210,AT1G13470,AT2G04430,AT2G13810,AT2G17040,AT2G18690,AT2G23200,AT2G25460,AT2G46400,AT2G04450,AT3G01513,AT3G08970,AT3G21080,AT3G23120,AT3G25510,AT3G28540,AT3G44326,AT3G48640,AT3G50470,AT3G50920,AT3G54960,AT3G57260,AT3G12220,AT4G04500,AT5G09290,AT4G11170,AT4G11890,AT4G23130,AT4G39030,AT5G11920,AT5G22380,AT5G25250,AT5G35735,AT5G40230,AT5G57510,AT5G60900,AT5G62520,AT5G64810,AT5G66640,AT5G25260,AT5G43910,AT3G22235,AT4G23140	na
3	AT4G22070	ATWRKY31	0	na	PWM1330	CisBP	M1561_1.01	45	0.00002579634338334182	0.0011563210921582971	48	AT1G01010,AT1G02450,AT1G04600,AT1G15010,AT1G19250,AT1G23840,AT1G34180,AT1G61790,AT1G69720,AT1G75040,AT1G58225,AT2G13810,AT2G23200,AT2G25460,AT2G46400,AT2G46430,AT2G04450,AT2G04495,AT3G01513,AT3G22910,AT3G23120,AT3G23250,AT3G25510,AT3G28540,AT3G48640,AT3G50470,AT3G54960,AT3G56710,AT3G57240,AT5G09290,AT4G11170,AT4G11890,AT4G14365,AT4G18250,AT4G23130,AT4G38560,AT4G39030,AT5G11920,AT5G22380,AT5G35735,AT5G40230,AT5G47420,AT5G47850,AT5G60900,AT5G64810,AT5G66640,AT5G43910,AT4G23140	na
3	AT1G64000	ATWRKY56	3	na	PWM1346	CisBP	M1566_1.01	19	0.00001192772163537786	0.0011256002574859213	49	AT1G01010,AT1G02450,AT1G04600,AT1G19250,AT1G21550,AT1G23840,AT1G69720,AT1G72540,AT1G58225,AT1G77510,AT1G57630,AT2G13810,AT2G25460,AT2G44240,AT2G46400,AT2G46430,AT2G04450,AT2G32210,AT3G01080,AT3G02840,AT3G07520,AT3G13100,AT3G22910,AT3G23120,AT3G23250,AT3G28540,AT3G44326,AT3G48640,AT3G50470,AT3G60540,AT4G04500,AT5G09290,AT4G11170,AT4G11890,AT4G14365,AT4G14370,AT4G23130,AT4G38560,AT4G39030,AT5G22380,AT5G25250,AT5G35735,AT5G47850,AT5G57510,AT5G64810,AT5G25260,AT5G43910,AT3G22235,AT4G23140	na
3	AT5G13080	ATWRKY75	77	na	PWM1348	CisBP	M1566_1.01	20	0.00001192772163537786	0.0011256002574859213	49	AT1G01010,AT1G02450,AT1G04600,AT1G19250,AT1G21550,AT1G23840,AT1G69720,AT1G72540,AT1G58225,AT1G77510,AT1G57630,AT2G13810,AT2G25460,AT2G44240,AT2G46400,AT2G46430,AT2G04450,AT2G32210,AT3G01080,AT3G02840,AT3G07520,AT3G13100,AT3G22910,AT3G23120,AT3G23250,AT3G28540,AT3G44326,AT3G48640,AT3G50470,AT3G60540,AT4G04500,AT5G09290,AT4G11170,AT4G11890,AT4G14365,AT4G14370,AT4G23130,AT4G38560,AT4G39030,AT5G22380,AT5G25250,AT5G35735,AT5G47850,AT5G57510,AT5G64810,AT5G25260,AT5G43910,AT3G22235,AT4G23140	na
3	AT5G13080	ATWRKY75	77	na	PWM2687	JASPAR	MA1093.1	96	0.00022319053508029866	0.004599777349413511	45	AT1G01010,AT1G02450,AT1G04600,AT1G19250,AT1G21550,AT1G23840,AT1G69720,AT1G72540,AT1G77510,AT1G57630,AT2G13810,AT2G25460,AT2G44240,AT2G46400,AT2G46430,AT2G02810,AT2G04450,AT2G32210,AT3G01080,AT3G02840,AT3G07520,AT3G22910,AT3G23120,AT3G23250,AT3G28540,AT3G44326,AT3G48640,AT3G50470,AT4G04500,AT5G09290,AT4G11170,AT4G11890,AT4G14365,AT4G23130,AT4G38560,AT4G39030,AT5G22380,AT5G25250,AT5G35735,AT5G47850,AT5G57510,AT5G64810,AT5G25260,AT3G22235,AT4G23140	na
3	AT5G13080	ATWRKY75	77	na	PWM3566	DAP-seq	WRKY75_col	118	0.0004345259911519388	0.0075641272051983136	44	AT1G01010,AT1G02450,AT1G04600,AT1G09070,AT1G09080,AT1G21520,AT1G23840,AT1G13470,AT2G13810,AT2G18690,AT2G23200,AT2G25460,AT2G46430,AT2G04450,AT2G04495,AT2G32210,AT3G01080,AT3G01830,AT3G17690,AT3G25510,AT3G48640,AT3G50470,AT3G50920,AT3G54960,AT3G61280,AT4G04500,AT4G11170,AT4G11890,AT4G14390,AT4G23130,AT4G23210,AT4G28390,AT4G39030,AT5G25250,AT5G35735,AT5G40230,AT5G57510,AT5G60900,AT5G62520,AT5G64810,AT5G66640,AT5G25260,AT5G43910,AT4G23140	na
3	AT5G41570	ATWRKY24	10	na	PWM1349	CisBP	M1566_1.01	21	0.00001192772163537786	0.0011256002574859213	49	AT1G01010,AT1G02450,AT1G04600,AT1G19250,AT1G21550,AT1G23840,AT1G69720,AT1G72540,AT1G58225,AT1G77510,AT1G57630,AT2G13810,AT2G25460,AT2G44240,AT2G46400,AT2G46430,AT2G04450,AT2G32210,AT3G01080,AT3G02840,AT3G07520,AT3G13100,AT3G22910,AT3G23120,AT3G23250,AT3G28540,AT3G44326,AT3G48640,AT3G50470,AT3G60540,AT4G04500,AT5G09290,AT4G11170,AT4G11890,AT4G14365,AT4G14370,AT4G23130,AT4G38560,AT4G39030,AT5G22380,AT5G25250,AT5G35735,AT5G47850,AT5G57510,AT5G64810,AT5G25260,AT5G43910,AT3G22235,AT4G23140	na
3	AT5G41570	ATWRKY24	10	na	PWM3526	DAP-seq	WRKY24_col	63	0.00005436567565538947	0.001874570316348333	47	AT1G01680,AT1G02450,AT1G09070,AT1G09080,AT1G21520,AT1G23840,AT1G13470,AT2G04430,AT2G13810,AT2G18690,AT2G23200,AT2G25460,AT2G46400,AT2G46430,AT2G32210,AT3G01080,AT3G01830,AT3G08970,AT3G21080,AT3G22910,AT3G25510,AT3G48640,AT3G50470,AT3G50920,AT3G54960,AT3G61280,AT4G04500,AT4G11170,AT4G11890,AT4G14390,AT4G23130,AT4G23210,AT4G28390,AT4G39030,AT5G11920,AT5G22380,AT5G25250,AT5G35735,AT5G40230,AT5G57510,AT5G60900,AT5G62520,AT5G64810,AT5G66640,AT5G25260,AT5G43910,AT4G23140	na
3	AT5G46350	ATWRKY8	4	na	PWM2721	UNIPROBE	UP00582	23	0.00001192772163537786	0.0011256002574859213	49	AT1G04600,AT1G19250,AT1G21520,AT1G23840,AT1G34180,AT1G75040,AT1G01560,AT1G09210,AT1G13470,AT2G13810,AT2G17040,AT2G18690,AT2G25110,AT2G25460,AT2G29110,AT2G46400,AT2G46430,AT2G04450,AT2G04495,AT2G32210,AT2G45070,AT3G01513,AT3G01830,AT3G08970,AT3G13100,AT3G22910,AT3G25510,AT3G28540,AT3G48640,AT3G50470,AT3G54960,AT3G12220,AT5G09290,AT4G11890,AT4G14365,AT4G23130,AT4G30430,AT4G39030,AT4G13890,AT5G11920,AT5G22380,AT5G35735,AT5G40230,AT5G57510,AT5G60900,AT5G62520,AT5G64810,AT5G66640,AT4G23140	na
3	AT5G46350	ATWRKY8	4	na	PWM1090	CisBP	M1568_1.01	121	0.0008234440579488954	0.012407018452961088	43	AT1G01010,AT1G02450,AT1G19250,AT1G35230,AT1G69720,AT1G72540,AT1G14360,AT1G58225,AT2G13810,AT2G23200,AT2G25460,AT2G31865,AT2G46400,AT2G46430,AT2G02810,AT2G04450,AT3G01080,AT3G21080,AT3G22910,AT3G23120,AT3G23250,AT3G28540,AT3G44326,AT3G48640,AT3G50470,AT4G04500,AT5G09290,AT4G11890,AT4G23130,AT4G26120,AT4G38560,AT4G39030,AT5G17760,AT5G22380,AT5G25250,AT5G35735,AT5G62520,AT5G64810,AT5G66640,AT5G25260,AT5G43910,AT3G22235,AT4G23140	na
3	AT5G46350	ATWRKY8	4	na	PWM2688	JASPAR	MA1094.1	133	0.0008234440579488954	0.012407018452961088	43	AT1G01010,AT1G02450,AT1G19250,AT1G35230,AT1G69720,AT1G72540,AT1G14360,AT1G58225,AT2G13810,AT2G23200,AT2G25460,AT2G31865,AT2G46400,AT2G46430,AT2G02810,AT2G04450,AT3G01080,AT3G21080,AT3G22910,AT3G23120,AT3G23250,AT3G28540,AT3G44326,AT3G48640,AT3G50470,AT4G04500,AT5G09290,AT4G11890,AT4G23130,AT4G26120,AT4G38560,AT4G39030,AT5G17760,AT5G22380,AT5G25250,AT5G35735,AT5G62520,AT5G64810,AT5G66640,AT5G25260,AT5G43910,AT3G22235,AT4G23140	na
3	AT5G46350	ATWRKY8	4	na	PWM3570	DAP-seq	WRKY8_col	192	0.002724031035035362	0.02996434138538898	41	AT1G01010,AT1G01680,AT1G02450,AT1G09070,AT1G09080,AT1G21520,AT1G23840,AT1G66090,AT2G04430,AT2G13810,AT2G18690,AT2G23200,AT2G46430,AT3G01080,AT3G07520,AT3G17690,AT3G25510,AT3G48640,AT3G50470,AT3G50920,AT3G54960,AT3G22231,AT4G04500,AT4G11170,AT4G11890,AT4G14390,AT4G23130,AT4G23210,AT4G28390,AT4G39030,AT5G24200,AT5G25250,AT5G35735,AT5G40230,AT5G57510,AT5G60900,AT5G62520,AT5G25260,AT5G43910,AT3G22235,AT4G23140	na
3	AT1G75390	AtbZIP44	5	0	PWM2917	DAP-seq	BZIP44_col	24	0.00001192772163537786	0.0011256002574859213	49	AT1G01680,AT1G04600,AT1G04980,AT1G09080,AT1G20350,AT1G21750,AT1G31290,AT1G42480,AT1G56330,AT1G66090,AT1G09210,AT1G18260,AT1G56340,AT2G25460,AT2G32920,AT2G34250,AT2G40750,AT2G41490,AT2G46400,AT2G47470,AT2G02810,AT2G45070,AT3G07520,AT3G23120,AT3G25882,AT3G50930,AT3G51980,AT3G57240,AT3G12220,AT3G60540,AT4G04500,AT4G11170,AT4G14390,AT4G16660,AT4G23210,AT4G30430,AT4G34630,AT4G30500,AT5G01900,AT5G03160,AT5G03720,AT5G17760,AT5G22570,AT5G42020,AT5G47420,AT5G52760,AT5G61790,AT5G64510,AT5G28540	
3	AT1G32150	AtbZIP68	0	0	PWM2927	DAP-seq	BZIP68_col	25	0.00001192772163537786	0.0011256002574859213	49	AT1G04600,AT1G08050,AT1G09080,AT1G13340,AT1G20350,AT1G31290,AT1G56330,AT1G61790,AT1G72540,AT1G09210,AT1G29310,AT1G56340,AT2G03120,AT2G25110,AT2G25460,AT2G34250,AT2G41490,AT2G44660,AT2G47470,AT2G02810,AT3G01513,AT3G07520,AT3G08970,AT3G23120,AT3G28540,AT3G50920,AT3G51980,AT3G54960,AT3G56710,AT3G57240,AT3G62600,AT3G60540,AT4G11170,AT4G16660,AT4G23210,AT4G23310,AT4G23320,AT4G24190,AT4G34630,AT4G30500,AT5G03160,AT5G03720,AT5G17760,AT5G35080,AT5G47420,AT5G52760,AT5G58710,AT5G64810,AT5G28540	
3	AT1G32150	AtbZIP68	0	0	PWM1236	CisBP	M0251_1.01	53	0.00005436567565538947	0.001874570316348333	47	AT1G04980,AT1G09080,AT1G20310,AT1G20350,AT1G30040,AT1G31290,AT1G56330,AT1G61790,AT1G65040,AT1G66090,AT1G72540,AT1G09210,AT1G14360,AT1G18260,AT1G29310,AT1G56340,AT2G25110,AT2G25460,AT2G34250,AT2G41490,AT2G44660,AT2G47470,AT2G02810,AT3G01513,AT3G22910,AT3G25882,AT3G44326,AT3G50920,AT3G51980,AT3G54960,AT3G62600,AT3G12220,AT3G60540,AT4G14370,AT4G14390,AT4G16660,AT4G24190,AT4G34630,AT5G03160,AT5G17760,AT5G22570,AT5G25250,AT5G35735,AT5G45630,AT5G47420,AT5G58710,AT5G61790	
3	AT1G32150	AtbZIP68	0	0	PWM2567	JASPAR	MA0968.1	55	0.00005436567565538947	0.001874570316348333	47	AT1G04980,AT1G09080,AT1G20310,AT1G20350,AT1G30040,AT1G31290,AT1G56330,AT1G61790,AT1G65040,AT1G66090,AT1G72540,AT1G09210,AT1G14360,AT1G18260,AT1G29310,AT1G56340,AT2G25110,AT2G25460,AT2G34250,AT2G41490,AT2G44660,AT2G47470,AT2G02810,AT3G01513,AT3G22910,AT3G25882,AT3G44326,AT3G50920,AT3G51980,AT3G54960,AT3G62600,AT3G12220,AT3G60540,AT4G14370,AT4G14390,AT4G16660,AT4G24190,AT4G34630,AT5G03160,AT5G17760,AT5G22570,AT5G25250,AT5G35735,AT5G45630,AT5G47420,AT5G58710,AT5G61790	
3	AT2G18060	ANAC037	2	0	PWM3424	DAP-seq	VND1_col	26	0.00001192772163537786	0.0011256002574859213	49	AT1G01680,AT1G20350,AT1G21520,AT1G30040,AT1G66960,AT1G72540,AT1G74710,AT1G13470,AT1G29310,AT1G56120,AT1G57630,AT2G03120,AT2G18660,AT2G29110,AT2G46400,AT2G32140,AT3G01080,AT3G01513,AT3G17690,AT3G21080,AT3G23120,AT3G28510,AT3G45130,AT3G50930,AT3G52430,AT3G56710,AT3G57260,AT4G04490,AT4G04500,AT4G11890,AT4G14370,AT4G23130,AT4G23150,AT4G23210,AT4G23310,AT4G23320,AT4G25070,AT4G38560,AT4G39030,AT5G11920,AT5G35735,AT5G39670,AT5G57510,AT5G61790,AT5G62520,AT5G64810,AT5G52750,AT4G23140,AT5G28540	
3	AT1G12260	ANAC007	1	0	PWM3429	DAP-seq	VND4_col	27	0.00001192772163537786	0.0011256002574859213	49	AT1G01680,AT1G09070,AT1G09080,AT1G19960,AT1G20350,AT1G31290,AT1G44130,AT1G73805,AT1G75040,AT1G29310,AT1G56120,AT1G58225,AT1G57630,AT2G03120,AT2G18660,AT2G23200,AT2G29110,AT2G46400,AT2G32190,AT3G01513,AT3G17690,AT3G22910,AT3G23120,AT3G28210,AT3G28510,AT3G45130,AT3G48640,AT3G50930,AT3G62600,AT3G12220,AT4G01360,AT4G03450,AT4G04500,AT5G10760,AT4G11890,AT4G23130,AT4G23150,AT4G23210,AT4G23310,AT4G23320,AT4G34630,AT4G38560,AT4G39030,AT4G13890,AT5G35735,AT5G45630,AT5G62520,AT5G64810,AT5G66640	
3	AT5G62380	ANAC101	1	na	PWM3431	DAP-seq	VND6_col	28	0.00001192772163537786	0.0011256002574859213	49	AT1G04600,AT1G09080,AT1G20350,AT1G23840,AT1G33960,AT1G34180,AT1G66960,AT1G73805,AT1G74710,AT1G75040,AT1G13470,AT1G57630,AT2G25460,AT2G29110,AT2G31865,AT2G41490,AT2G46430,AT2G32140,AT3G01513,AT3G17690,AT3G22910,AT3G23250,AT3G28210,AT3G28510,AT3G45130,AT3G48640,AT3G50930,AT3G52430,AT3G61280,AT3G22231,AT4G01360,AT4G04490,AT4G04500,AT4G23130,AT4G23150,AT4G23210,AT4G23320,AT4G25070,AT4G28390,AT4G38560,AT4G39030,AT4G13890,AT5G10380,AT5G11920,AT5G22380,AT5G25250,AT5G64810,AT3G22235,AT4G23140	na
3	AT5G07100	WRKY26	26	na	PWM3530	DAP-seq	WRKY26_col	29	0.00001192772163537786	0.0011256002574859213	49	AT1G01010,AT1G01680,AT1G02450,AT1G09070,AT1G09080,AT1G21520,AT1G23840,AT1G61790,AT1G66090,AT1G72540,AT2G18690,AT2G23200,AT2G25460,AT2G46400,AT2G46430,AT2G04450,AT2G32210,AT3G01080,AT3G01830,AT3G02840,AT3G25510,AT3G48640,AT3G50470,AT3G50920,AT3G54960,AT3G61280,AT3G22231,AT4G04500,AT4G11170,AT4G11890,AT4G14370,AT4G14390,AT4G23130,AT4G23210,AT4G28390,AT4G39030,AT5G13320,AT5G25250,AT5G35735,AT5G40230,AT5G57510,AT5G60900,AT5G62520,AT5G64810,AT5G66640,AT5G25260,AT5G43910,AT3G22235,AT4G23140	na
3	AT2G03340	WRKY3	0	0	PWM3543	DAP-seq	WRKY3_col	30	0.00001192772163537786	0.0011256002574859213	49	AT1G01010,AT1G02450,AT1G04600,AT1G09070,AT1G09080,AT1G21520,AT1G23840,AT1G35230,AT1G77510,AT2G18690,AT2G23200,AT2G25460,AT2G46400,AT2G46430,AT2G04450,AT2G32210,AT3G01080,AT3G02840,AT3G17690,AT3G21080,AT3G25510,AT3G45130,AT3G48640,AT3G50470,AT3G50920,AT3G54960,AT3G22231,AT4G04500,AT4G11170,AT4G11890,AT4G14390,AT4G23130,AT4G23310,AT4G28390,AT4G39030,AT4G30500,AT5G24200,AT5G25250,AT5G40230,AT5G42020,AT5G42380,AT5G60900,AT5G62520,AT5G64810,AT5G66640,AT5G25260,AT5G43910,AT3G22235,AT4G23140	
3	AT2G03340	WRKY3	0	0	PWM1280	CisBP	M1571_1.01	172	0.002724031035035362	0.02996434138538898	41	AT1G02450,AT1G19250,AT1G20350,AT1G35230,AT1G44130,AT1G69720,AT1G72540,AT1G73805,AT1G01560,AT1G14360,AT1G77510,AT2G13810,AT2G25460,AT2G46400,AT2G46430,AT2G02810,AT2G04450,AT3G01080,AT3G02840,AT3G21080,AT3G22910,AT3G23120,AT3G23250,AT3G28540,AT3G44326,AT3G48640,AT4G01360,AT5G09290,AT4G11890,AT4G14365,AT4G23130,AT4G38560,AT4G39030,AT5G22380,AT5G47850,AT5G52760,AT5G57510,AT5G64810,AT5G66640,AT3G22235,AT4G23140	
3	AT4G01720	AtWRKY47	15	0	PWM3554	DAP-seq	WRKY47_col	31	0.00001192772163537786	0.0011256002574859213	49	AT1G01680,AT1G02450,AT1G04600,AT1G19250,AT1G20350,AT1G21520,AT1G23840,AT1G34180,AT1G35230,AT1G75040,AT1G76650,AT1G01560,AT1G13470,AT1G14360,AT2G04430,AT2G13810,AT2G17040,AT2G18660,AT2G18690,AT2G23200,AT2G25460,AT2G04495,AT2G32210,AT3G01513,AT3G01830,AT3G21080,AT3G22910,AT3G23120,AT3G25510,AT3G45130,AT3G48640,AT3G50470,AT3G54960,AT3G56710,AT3G61280,AT3G12220,AT4G04500,AT4G23130,AT4G23320,AT4G30430,AT4G39030,AT5G03350,AT5G11920,AT5G40230,AT5G60900,AT5G62520,AT5G66640,AT5G43910,AT4G23140	
3	AT4G01720	AtWRKY47	15	0	PWM1328	CisBP	M1561_1.01	43	0.00002579634338334182	0.0011563210921582971	48	AT1G01010,AT1G02450,AT1G04600,AT1G15010,AT1G19250,AT1G23840,AT1G34180,AT1G61790,AT1G69720,AT1G75040,AT1G58225,AT2G13810,AT2G23200,AT2G25460,AT2G46400,AT2G46430,AT2G04450,AT2G04495,AT3G01513,AT3G22910,AT3G23120,AT3G23250,AT3G25510,AT3G28540,AT3G48640,AT3G50470,AT3G54960,AT3G56710,AT3G57240,AT5G09290,AT4G11170,AT4G11890,AT4G14365,AT4G18250,AT4G23130,AT4G38560,AT4G39030,AT5G11920,AT5G22380,AT5G35735,AT5G40230,AT5G47420,AT5G47850,AT5G60900,AT5G64810,AT5G66640,AT5G43910,AT4G23140	
3	AT3G42860	AT3G42860	0	na	PWM3572	DAP-seq	AT3G42860_col	32	0.00001192772163537786	0.0011256002574859213	49	AT1G02450,AT1G04600,AT1G09070,AT1G09080,AT1G21520,AT1G21750,AT1G23840,AT1G61790,AT1G13470,AT2G04430,AT2G13810,AT2G18690,AT2G23200,AT2G25460,AT2G46400,AT2G46430,AT2G04450,AT3G01080,AT3G01513,AT3G01830,AT3G21080,AT3G23120,AT3G25510,AT3G48640,AT3G50470,AT3G50920,AT3G54960,AT3G56710,AT3G57240,AT3G61280,AT4G04540,AT4G11170,AT4G11890,AT4G14390,AT4G23130,AT4G23210,AT4G28390,AT4G39030,AT5G25250,AT5G35735,AT5G40230,AT5G47420,AT5G57510,AT5G60900,AT5G62520,AT5G64810,AT5G25260,AT5G43910,AT4G23140	na
3	AT3G24520	AT-HSFC1	0	0	PWM839	PBM		33	0.00001192772163537786	0.0011256002574859213	49	AT1G04600,AT1G13340,AT1G14480,AT1G19250,AT1G21520,AT1G21550,AT1G34180,AT1G42480,AT1G44130,AT1G56330,AT1G66090,AT1G72540,AT1G73805,AT1G75040,AT1G56060,AT1G56120,AT2G03120,AT2G13810,AT2G17040,AT2G18660,AT2G18690,AT2G40520,AT2G04495,AT2G26400,AT2G32140,AT2G32190,AT3G01080,AT3G01830,AT3G02840,AT3G08970,AT3G17690,AT3G22910,AT3G44326,AT3G48640,AT3G50930,AT3G56710,AT5G09290,AT4G16660,AT4G23150,AT4G24190,AT4G38560,AT4G30500,AT5G07340,AT5G42380,AT5G52760,AT5G66640,AT3G25010,AT4G23140,AT5G28540	
3	AT2G40750	ATWRKY54	70	na	PWM889	CisBP	M1567_1.01	35	0.00001192772163537786	0.0011256002574859213	49	AT1G01010,AT1G02450,AT1G04600,AT1G19250,AT1G21520,AT1G28480,AT1G34180,AT1G69720,AT1G58225,AT2G13810,AT2G17040,AT2G23200,AT2G25110,AT2G25460,AT2G46400,AT2G46430,AT2G04450,AT2G04495,AT2G32210,AT3G01513,AT3G01830,AT3G21080,AT3G22910,AT3G23120,AT3G28540,AT3G48640,AT3G50470,AT3G54960,AT3G56710,AT3G12220,AT4G04540,AT5G09290,AT4G11890,AT4G14365,AT4G23130,AT4G38560,AT4G39030,AT5G22380,AT5G26690,AT5G35735,AT5G40230,AT5G57510,AT5G60900,AT5G62520,AT5G64810,AT5G64870,AT5G66640,AT5G43910,AT4G23140	na
3	AT2G46400	ATWRKY46	34	0	PWM890	CisBP	M1567_1.01	36	0.00001192772163537786	0.0011256002574859213	49	AT1G01010,AT1G02450,AT1G04600,AT1G19250,AT1G21520,AT1G28480,AT1G34180,AT1G69720,AT1G58225,AT2G13810,AT2G17040,AT2G23200,AT2G25110,AT2G25460,AT2G46400,AT2G46430,AT2G04450,AT2G04495,AT2G32210,AT3G01513,AT3G01830,AT3G21080,AT3G22910,AT3G23120,AT3G28540,AT3G48640,AT3G50470,AT3G54960,AT3G56710,AT3G12220,AT4G04540,AT5G09290,AT4G11890,AT4G14365,AT4G23130,AT4G38560,AT4G39030,AT5G22380,AT5G26690,AT5G35735,AT5G40230,AT5G57510,AT5G60900,AT5G62520,AT5G64810,AT5G64870,AT5G66640,AT5G43910,AT4G23140	
3	AT4G11070	AtWRKY41	0	0	PWM892	CisBP	M1567_1.01	37	0.00001192772163537786	0.0011256002574859213	49	AT1G01010,AT1G02450,AT1G04600,AT1G19250,AT1G21520,AT1G28480,AT1G34180,AT1G69720,AT1G58225,AT2G13810,AT2G17040,AT2G23200,AT2G25110,AT2G25460,AT2G46400,AT2G46430,AT2G04450,AT2G04495,AT2G32210,AT3G01513,AT3G01830,AT3G21080,AT3G22910,AT3G23120,AT3G28540,AT3G48640,AT3G50470,AT3G54960,AT3G56710,AT3G12220,AT4G04540,AT5G09290,AT4G11890,AT4G14365,AT4G23130,AT4G38560,AT4G39030,AT5G22380,AT5G26690,AT5G35735,AT5G40230,AT5G57510,AT5G60900,AT5G62520,AT5G64810,AT5G64870,AT5G66640,AT5G43910,AT4G23140	
3	AT4G23810	ATWRKY53	90	na	PWM893	CisBP	M1567_1.01	38	0.00001192772163537786	0.0011256002574859213	49	AT1G01010,AT1G02450,AT1G04600,AT1G19250,AT1G21520,AT1G28480,AT1G34180,AT1G69720,AT1G58225,AT2G13810,AT2G17040,AT2G23200,AT2G25110,AT2G25460,AT2G46400,AT2G46430,AT2G04450,AT2G04495,AT2G32210,AT3G01513,AT3G01830,AT3G21080,AT3G22910,AT3G23120,AT3G28540,AT3G48640,AT3G50470,AT3G54960,AT3G56710,AT3G12220,AT4G04540,AT5G09290,AT4G11890,AT4G14365,AT4G23130,AT4G38560,AT4G39030,AT5G22380,AT5G26690,AT5G35735,AT5G40230,AT5G57510,AT5G60900,AT5G62520,AT5G64810,AT5G64870,AT5G66640,AT5G43910,AT4G23140	na
3	AT5G24110	ATWRKY30	10	na	PWM894	CisBP	M1567_1.01	39	0.00001192772163537786	0.0011256002574859213	49	AT1G01010,AT1G02450,AT1G04600,AT1G19250,AT1G21520,AT1G28480,AT1G34180,AT1G69720,AT1G58225,AT2G13810,AT2G17040,AT2G23200,AT2G25110,AT2G25460,AT2G46400,AT2G46430,AT2G04450,AT2G04495,AT2G32210,AT3G01513,AT3G01830,AT3G21080,AT3G22910,AT3G23120,AT3G28540,AT3G48640,AT3G50470,AT3G54960,AT3G56710,AT3G12220,AT4G04540,AT5G09290,AT4G11890,AT4G14365,AT4G23130,AT4G38560,AT4G39030,AT5G22380,AT5G26690,AT5G35735,AT5G40230,AT5G57510,AT5G60900,AT5G62520,AT5G64810,AT5G64870,AT5G66640,AT5G43910,AT4G23140	na
3	AT5G24110	ATWRKY30	10	na	PWM2677	JASPAR	MA1083.1	47	0.00002579634338334182	0.0011563210921582971	48	AT1G01010,AT1G02450,AT1G04600,AT1G19250,AT1G21520,AT1G28480,AT1G34180,AT1G69720,AT1G58225,AT2G13810,AT2G17040,AT2G23200,AT2G25110,AT2G25460,AT2G46400,AT2G46430,AT2G04450,AT2G04495,AT2G32210,AT3G01513,AT3G01830,AT3G22910,AT3G23120,AT3G28540,AT3G48640,AT3G50470,AT3G54960,AT3G56710,AT3G12220,AT4G04540,AT5G09290,AT4G11890,AT4G14365,AT4G23130,AT4G38560,AT4G39030,AT5G22380,AT5G26690,AT5G35735,AT5G40230,AT5G57510,AT5G60900,AT5G62520,AT5G64810,AT5G64870,AT5G66640,AT5G43910,AT4G23140	na
3	AT5G24110	ATWRKY30	10	na	PWM3538	DAP-seq	WRKY30_col	158	0.0015184730993904113	0.019173396247936673	42	AT1G01010,AT1G02450,AT1G09070,AT1G09080,AT1G21520,AT1G23840,AT1G13470,AT2G04430,AT2G13810,AT2G18690,AT2G23200,AT2G25460,AT2G46430,AT2G04450,AT3G01080,AT3G01513,AT3G01830,AT3G23120,AT3G25510,AT3G28540,AT3G48640,AT3G50470,AT3G50920,AT3G54960,AT3G56710,AT3G61280,AT4G04540,AT4G11170,AT4G11890,AT4G14365,AT4G23130,AT4G39030,AT4G13890,AT4G30500,AT5G35735,AT5G40230,AT5G57510,AT5G60900,AT5G62520,AT5G64810,AT5G43910,AT4G23140	na
3	AT1G18860	ATWRKY61	72	na	PWM1324	CisBP	M1561_1.01	40	0.00002579634338334182	0.0011563210921582971	48	AT1G01010,AT1G02450,AT1G04600,AT1G15010,AT1G19250,AT1G23840,AT1G34180,AT1G61790,AT1G69720,AT1G75040,AT1G58225,AT2G13810,AT2G23200,AT2G25460,AT2G46400,AT2G46430,AT2G04450,AT2G04495,AT3G01513,AT3G22910,AT3G23120,AT3G23250,AT3G25510,AT3G28540,AT3G48640,AT3G50470,AT3G54960,AT3G56710,AT3G57240,AT5G09290,AT4G11170,AT4G11890,AT4G14365,AT4G18250,AT4G23130,AT4G38560,AT4G39030,AT5G11920,AT5G22380,AT5G35735,AT5G40230,AT5G47420,AT5G47850,AT5G60900,AT5G64810,AT5G66640,AT5G43910,AT4G23140	na
3	AT1G68150	ATWRKY9	7	na	PWM1326	CisBP	M1561_1.01	41	0.00002579634338334182	0.0011563210921582971	48	AT1G01010,AT1G02450,AT1G04600,AT1G15010,AT1G19250,AT1G23840,AT1G34180,AT1G61790,AT1G69720,AT1G75040,AT1G58225,AT2G13810,AT2G23200,AT2G25460,AT2G46400,AT2G46430,AT2G04450,AT2G04495,AT3G01513,AT3G22910,AT3G23120,AT3G23250,AT3G25510,AT3G28540,AT3G48640,AT3G50470,AT3G54960,AT3G56710,AT3G57240,AT5G09290,AT4G11170,AT4G11890,AT4G14365,AT4G18250,AT4G23130,AT4G38560,AT4G39030,AT5G11920,AT5G22380,AT5G35735,AT5G40230,AT5G47420,AT5G47850,AT5G60900,AT5G64810,AT5G66640,AT5G43910,AT4G23140	na
3	AT1G69810	ATWRKY36	7	na	PWM1327	CisBP	M1561_1.01	42	0.00002579634338334182	0.0011563210921582971	48	AT1G01010,AT1G02450,AT1G04600,AT1G15010,AT1G19250,AT1G23840,AT1G34180,AT1G61790,AT1G69720,AT1G75040,AT1G58225,AT2G13810,AT2G23200,AT2G25460,AT2G46400,AT2G46430,AT2G04450,AT2G04495,AT3G01513,AT3G22910,AT3G23120,AT3G23250,AT3G25510,AT3G28540,AT3G48640,AT3G50470,AT3G54960,AT3G56710,AT3G57240,AT5G09290,AT4G11170,AT4G11890,AT4G14365,AT4G18250,AT4G23130,AT4G38560,AT4G39030,AT5G11920,AT5G22380,AT5G35735,AT5G40230,AT5G47420,AT5G47850,AT5G60900,AT5G64810,AT5G66640,AT5G43910,AT4G23140	na
3	AT5G15130	ATWRKY72	9	na	PWM1331	CisBP	M1561_1.01	46	0.00002579634338334182	0.0011563210921582971	48	AT1G01010,AT1G02450,AT1G04600,AT1G15010,AT1G19250,AT1G23840,AT1G34180,AT1G61790,AT1G69720,AT1G75040,AT1G58225,AT2G13810,AT2G23200,AT2G25460,AT2G46400,AT2G46430,AT2G04450,AT2G04495,AT3G01513,AT3G22910,AT3G23120,AT3G23250,AT3G25510,AT3G28540,AT3G48640,AT3G50470,AT3G54960,AT3G56710,AT3G57240,AT5G09290,AT4G11170,AT4G11890,AT4G14365,AT4G18250,AT4G23130,AT4G38560,AT4G39030,AT5G11920,AT5G22380,AT5G35735,AT5G40230,AT5G47420,AT5G47850,AT5G60900,AT5G64810,AT5G66640,AT5G43910,AT4G23140	na
3	AT5G09410	CAMTA1	0	na	PWM3071	DAP-seq	CAMTA1_col	49	0.00002579634338334182	0.0011563210921582971	48	AT1G09070,AT1G13340,AT1G15010,AT1G20350,AT1G30040,AT1G44130,AT1G09210,AT1G56060,AT1G58225,AT2G13810,AT2G17040,AT2G25460,AT2G29110,AT2G34250,AT2G41490,AT2G44240,AT2G46400,AT2G02810,AT2G32140,AT2G32190,AT2G32210,AT2G32200,AT3G04640,AT3G08970,AT3G17690,AT3G23250,AT3G28210,AT3G44326,AT3G56710,AT4G01360,AT4G14370,AT4G23150,AT4G23210,AT4G30430,AT5G03350,AT5G20230,AT5G22380,AT5G22570,AT5G25250,AT5G35735,AT5G40230,AT5G45630,AT5G47850,AT5G52760,AT5G64870,AT5G66640,AT3G46080,AT4G23140	na
3	AT1G29280	ATWRKY65	9	na	PWM3560	DAP-seq	WRKY65_col	50	0.00002579634338334182	0.0011563210921582971	48	AT1G01680,AT1G02450,AT1G04600,AT1G09070,AT1G09080,AT1G19250,AT1G21520,AT1G23840,AT1G13470,AT2G04430,AT2G13810,AT2G17040,AT2G18690,AT2G23200,AT2G25460,AT2G46400,AT2G46430,AT2G04450,AT2G32210,AT3G01080,AT3G01830,AT3G21080,AT3G22910,AT3G25510,AT3G48640,AT3G50470,AT3G50920,AT3G54960,AT4G04500,AT4G11170,AT4G11890,AT4G14390,AT4G23130,AT4G23210,AT4G28390,AT4G39030,AT5G11920,AT5G25250,AT5G35735,AT5G40230,AT5G57510,AT5G60900,AT5G62520,AT5G64810,AT5G66640,AT5G25260,AT5G43910,AT4G23140	na
3	AT1G29280	ATWRKY65	9	na	PWM1257	CisBP	M1548_1.01	165	0.002724031035035362	0.02996434138538898	41	AT1G01010,AT1G02450,AT1G19250,AT1G69720,AT1G72540,AT1G14360,AT1G58225,AT2G13810,AT2G17040,AT2G23200,AT2G25460,AT2G46400,AT2G46430,AT2G02810,AT2G04450,AT3G01513,AT3G21080,AT3G22910,AT3G23120,AT3G28540,AT3G44326,AT3G48640,AT3G50470,AT3G54960,AT3G56710,AT4G04500,AT5G09290,AT4G11170,AT4G11890,AT4G14365,AT4G23130,AT4G26120,AT4G38560,AT4G39030,AT5G22380,AT5G35735,AT5G64810,AT5G66640,AT5G43910,AT3G22235,AT4G23140	na
3	AT2G46270	GBF3	1	115	PWM951	CisBP	M0260_1.01	51	0.00002579634338334182	0.0011563210921582971	48	AT1G04980,AT1G09080,AT1G13340,AT1G20350,AT1G30040,AT1G56330,AT1G61790,AT1G65040,AT1G72540,AT1G09210,AT1G14360,AT1G18260,AT1G29310,AT1G56340,AT2G18660,AT2G25110,AT2G25460,AT2G41490,AT2G44660,AT2G47470,AT2G02810,AT3G01513,AT3G22910,AT3G25882,AT3G28540,AT3G44326,AT3G50920,AT3G51980,AT3G54960,AT3G62600,AT3G12220,AT3G60540,AT4G04540,AT4G11170,AT4G16660,AT4G17420,AT4G24190,AT4G34630,AT4G30500,AT5G03160,AT5G03720,AT5G17760,AT5G25250,AT5G45630,AT5G47420,AT5G52760,AT5G58710,AT5G61790	AT1G01680,AT1G02450,AT1G04600,AT1G04980,AT1G09080,AT1G15010,AT1G19960,AT1G20310,AT1G21520,AT1G21750,AT1G23840,AT1G28480,AT1G30040,AT1G31290,AT1G34180,AT1G42480,AT1G43910,AT1G44130,AT1G56330,AT1G61790,AT1G65040,AT1G72540,AT1G73805,AT1G74710,AT1G76650,AT1G09210,AT1G13470,AT1G14360,AT1G18260,AT1G29310,AT1G56340,AT1G77510,AT2G03120,AT2G18660,AT2G18690,AT2G20142,AT2G25110,AT2G25460,AT2G32920,AT2G40520,AT2G40750,AT2G41490,AT2G44660,AT2G45760,AT2G46400,AT2G47470,AT2G02810,AT2G32190,AT2G32210,AT2G45070,AT2G32200,AT3G01513,AT3G02840,AT3G08970,AT3G21080,AT3G22910,AT3G23120,AT3G23250,AT3G25510,AT3G25882,AT3G28210,AT3G44326,AT3G45130,AT3G47540,AT3G50470,AT3G50920,AT3G50930,AT3G51980,AT3G52430,AT3G54960,AT3G56400,AT3G56710,AT3G57240,AT3G57260,AT3G62600,AT3G60540,AT4G01360,AT4G03450,AT5G10760,AT4G11170,AT4G14365,AT4G16660,AT4G17420,AT4G24190,AT4G25070,AT4G26120,AT4G29520,AT4G30430,AT4G39030,AT4G39670,AT4G30500,AT5G01900,AT5G03160,AT5G03720,AT5G07340,AT5G11920,AT5G17760,AT5G20230,AT5G22570,AT5G25250,AT5G35080,AT5G35735,AT5G42020,AT5G42380,AT5G45630,AT5G47420,AT5G52760,AT5G57510,AT5G58710,AT5G60800,AT5G62520,AT5G64810,AT5G43910,AT5G52750,AT5G28540
3	AT2G46270	GBF3	1	115	PWM2930	DAP-seq	GBF3_col	58	0.00005436567565538947	0.001874570316348333	47	AT1G04600,AT1G08050,AT1G09080,AT1G13340,AT1G20350,AT1G31290,AT1G56330,AT1G61790,AT1G09210,AT1G56340,AT2G03120,AT2G25110,AT2G25460,AT2G34250,AT2G41490,AT2G44660,AT2G47470,AT2G02810,AT3G01513,AT3G07520,AT3G08970,AT3G23120,AT3G25882,AT3G28540,AT3G47540,AT3G50920,AT3G51980,AT3G54960,AT3G57240,AT3G62600,AT3G60540,AT4G11170,AT4G16660,AT4G23210,AT4G24190,AT4G30430,AT4G34630,AT4G30500,AT5G03160,AT5G03720,AT5G17760,AT5G42020,AT5G47420,AT5G52760,AT5G64510,AT5G64810,AT5G28540	AT1G01680,AT1G02450,AT1G04600,AT1G04980,AT1G09080,AT1G15010,AT1G19960,AT1G20310,AT1G21520,AT1G21750,AT1G23840,AT1G28480,AT1G30040,AT1G31290,AT1G34180,AT1G42480,AT1G43910,AT1G44130,AT1G56330,AT1G61790,AT1G65040,AT1G72540,AT1G73805,AT1G74710,AT1G76650,AT1G09210,AT1G13470,AT1G14360,AT1G18260,AT1G29310,AT1G56340,AT1G77510,AT2G03120,AT2G18660,AT2G18690,AT2G20142,AT2G25110,AT2G25460,AT2G32920,AT2G40520,AT2G40750,AT2G41490,AT2G44660,AT2G45760,AT2G46400,AT2G47470,AT2G02810,AT2G32190,AT2G32210,AT2G45070,AT2G32200,AT3G01513,AT3G02840,AT3G08970,AT3G21080,AT3G22910,AT3G23120,AT3G23250,AT3G25510,AT3G25882,AT3G28210,AT3G44326,AT3G45130,AT3G47540,AT3G50470,AT3G50920,AT3G50930,AT3G51980,AT3G52430,AT3G54960,AT3G56400,AT3G56710,AT3G57240,AT3G57260,AT3G62600,AT3G60540,AT4G01360,AT4G03450,AT5G10760,AT4G11170,AT4G14365,AT4G16660,AT4G17420,AT4G24190,AT4G25070,AT4G26120,AT4G29520,AT4G30430,AT4G39030,AT4G39670,AT4G30500,AT5G01900,AT5G03160,AT5G03720,AT5G07340,AT5G11920,AT5G17760,AT5G20230,AT5G22570,AT5G25250,AT5G35080,AT5G35735,AT5G42020,AT5G42380,AT5G45630,AT5G47420,AT5G52760,AT5G57510,AT5G58710,AT5G60800,AT5G62520,AT5G64810,AT5G43910,AT5G52750,AT5G28540
3	AT1G69490	ANAC029	33	na	PWM1073	CisBP	M1303_1.01	52	0.00005436567565538947	0.001874570316348333	47	AT1G19250,AT1G23840,AT1G35230,AT1G69720,AT1G72540,AT1G73805,AT1G76650,AT1G09210,AT1G14360,AT1G58225,AT2G13810,AT2G23200,AT2G25460,AT2G31865,AT2G46430,AT2G02810,AT3G01080,AT3G02840,AT3G17690,AT3G22910,AT3G23120,AT3G28540,AT3G44326,AT3G48640,AT3G50930,AT3G54960,AT3G61280,AT3G62600,AT4G04500,AT5G09290,AT4G11890,AT4G23130,AT4G23320,AT4G28390,AT4G38560,AT4G39030,AT4G30500,AT5G17760,AT5G22380,AT5G22570,AT5G25250,AT5G39670,AT5G52760,AT5G64810,AT5G25260,AT5G43910,AT3G22235	na
3	AT2G35530	AtbZIP16	0	0	PWM1237	CisBP	M0251_1.01	54	0.00005436567565538947	0.001874570316348333	47	AT1G04980,AT1G09080,AT1G20310,AT1G20350,AT1G30040,AT1G31290,AT1G56330,AT1G61790,AT1G65040,AT1G66090,AT1G72540,AT1G09210,AT1G14360,AT1G18260,AT1G29310,AT1G56340,AT2G25110,AT2G25460,AT2G34250,AT2G41490,AT2G44660,AT2G47470,AT2G02810,AT3G01513,AT3G22910,AT3G25882,AT3G44326,AT3G50920,AT3G51980,AT3G54960,AT3G62600,AT3G12220,AT3G60540,AT4G14370,AT4G14390,AT4G16660,AT4G24190,AT4G34630,AT5G03160,AT5G17760,AT5G22570,AT5G25250,AT5G35735,AT5G45630,AT5G47420,AT5G58710,AT5G61790	
3	AT2G35530	AtbZIP16	0	0	PWM2908	DAP-seq	BZIP16_col	134	0.0008234440579488954	0.012407018452961088	43	AT1G01680,AT1G04600,AT1G09080,AT1G20350,AT1G31290,AT1G56330,AT1G61790,AT1G74710,AT1G09210,AT1G29310,AT2G25110,AT2G25460,AT2G32680,AT2G34250,AT2G41490,AT2G44660,AT2G47470,AT2G02810,AT2G45070,AT3G01513,AT3G07520,AT3G08970,AT3G23120,AT3G50920,AT3G51980,AT3G54960,AT3G57240,AT3G62600,AT3G60540,AT4G11170,AT4G16660,AT4G23210,AT4G24190,AT4G30430,AT4G34630,AT4G30500,AT5G03160,AT5G03720,AT5G17760,AT5G35080,AT5G52760,AT5G58710,AT5G64810	
3	AT1G66600	ABO3	9	0	PWM2686	JASPAR	MA1092.1	56	0.00005436567565538947	0.001874570316348333	47	AT1G01340,AT1G02450,AT1G19250,AT1G20350,AT1G35230,AT1G44130,AT1G69720,AT1G72540,AT1G01560,AT1G14360,AT1G57630,AT2G13810,AT2G23200,AT2G25110,AT2G25460,AT2G31865,AT2G46400,AT2G46430,AT2G02810,AT2G04450,AT3G01080,AT3G02840,AT3G17690,AT3G22910,AT3G23120,AT3G23250,AT3G28540,AT3G44326,AT3G48640,AT5G09290,AT4G11890,AT4G14365,AT4G23130,AT4G24190,AT4G38560,AT5G03350,AT5G17760,AT5G22380,AT5G22570,AT5G25250,AT5G40230,AT5G57510,AT5G64810,AT5G66640,AT5G25260,AT3G22235,AT4G23140	
3	AT2G42400	ATVOZ2	0	na	PWM2719	UNIPROBE	UP00581	57	0.00005436567565538947	0.001874570316348333	47	AT1G02450,AT1G04600,AT1G19250,AT1G21520,AT1G23840,AT1G34180,AT1G61790,AT1G75040,AT1G09210,AT1G13470,AT2G04430,AT2G13810,AT2G17040,AT2G18690,AT2G25460,AT2G46400,AT2G46430,AT2G04450,AT2G32210,AT3G01080,AT3G01513,AT3G01830,AT3G21080,AT3G22910,AT3G23120,AT3G25510,AT3G28540,AT3G48640,AT3G50470,AT3G50920,AT3G54960,AT3G12220,AT4G04540,AT4G14365,AT4G23130,AT4G39030,AT4G13890,AT5G11920,AT5G35735,AT5G40230,AT5G57510,AT5G60900,AT5G62520,AT5G64810,AT5G66640,AT5G43910,AT4G23140	na
3	AT5G39610	ANAC092	70	0	PWM3390	DAP-seq	ANAC092_col	59	0.00005436567565538947	0.001874570316348333	47	AT1G01680,AT1G04600,AT1G09080,AT1G20350,AT1G34180,AT1G66960,AT1G74710,AT1G75040,AT1G29310,AT1G58225,AT1G57630,AT2G03120,AT2G18660,AT2G29110,AT2G04450,AT2G32140,AT3G01080,AT3G01513,AT3G17690,AT3G22910,AT3G28510,AT3G45130,AT3G50930,AT3G52430,AT3G57260,AT3G62600,AT3G12220,AT4G04500,AT4G14370,AT4G23130,AT4G23150,AT4G23210,AT4G23310,AT4G23320,AT4G25070,AT4G38560,AT4G39030,AT4G13890,AT5G11920,AT5G35735,AT5G57510,AT5G62520,AT5G64810,AT5G66640,AT5G52750,AT3G22235,AT4G23140	
3	AT2G46770	ANAC043	2	na	PWM3412	DAP-seq	NST1_col	60	0.00005436567565538947	0.001874570316348333	47	AT1G01680,AT1G09080,AT1G20350,AT1G23840,AT1G33960,AT1G66960,AT1G73805,AT1G75040,AT1G78920,AT1G13470,AT1G58225,AT1G57630,AT2G03120,AT2G25460,AT2G29110,AT2G46430,AT3G01513,AT3G17690,AT3G23120,AT3G28210,AT3G28510,AT3G45130,AT3G48640,AT3G50930,AT3G52430,AT3G12220,AT3G22231,AT4G01360,AT4G03450,AT4G04490,AT4G04500,AT5G10760,AT4G23130,AT4G23150,AT4G23210,AT4G23320,AT4G38560,AT4G39030,AT4G13890,AT5G10380,AT5G11920,AT5G22380,AT5G47850,AT5G64810,AT5G66640,AT3G22235,AT4G23140	na
3	AT4G31800	ATWRKY18	55	na	PWM3519	DAP-seq	WRKY18_col	61	0.00005436567565538947	0.001874570316348333	47	AT1G02450,AT1G04600,AT1G09070,AT1G09080,AT1G19250,AT1G21520,AT1G23840,AT1G35230,AT1G13470,AT1G58225,AT1G57630,AT2G13810,AT2G18690,AT2G23200,AT2G25460,AT2G46400,AT2G46430,AT2G04450,AT2G32210,AT3G01080,AT3G02840,AT3G17690,AT3G21080,AT3G22910,AT3G23110,AT3G23250,AT3G25510,AT3G48640,AT3G50470,AT4G04500,AT4G11170,AT4G11890,AT4G23130,AT4G38560,AT4G39030,AT4G30500,AT5G17760,AT5G25250,AT5G35735,AT5G40230,AT5G60900,AT5G62520,AT5G64810,AT5G25260,AT5G43910,AT3G22235,AT4G23140	na
3	AT4G31800	ATWRKY18	55	na	PWM1114	CisBP	M1564_1.01	87	0.00022319053508029866	0.004599777349413511	45	AT1G01010,AT1G02450,AT1G04600,AT1G19250,AT1G35230,AT1G69720,AT1G72540,AT1G01560,AT1G14360,AT1G58225,AT1G57630,AT2G23200,AT2G25460,AT2G46400,AT2G46430,AT2G02810,AT2G04450,AT3G01080,AT3G02840,AT3G17690,AT3G22910,AT3G23110,AT3G23120,AT3G23250,AT3G28540,AT3G44326,AT3G48640,AT3G50470,AT3G61280,AT4G01360,AT4G04500,AT5G09290,AT4G11890,AT4G23130,AT4G38560,AT4G39030,AT5G17760,AT5G22380,AT5G22570,AT5G40230,AT5G60900,AT5G64810,AT5G66640,AT3G22235,AT4G23140	na
3	AT4G31800	ATWRKY18	55	na	PWM2672	JASPAR	MA1077.1	146	0.0015184730993904113	0.019173396247936673	42	AT1G01010,AT1G04600,AT1G19250,AT1G35230,AT1G69720,AT1G72540,AT1G01560,AT1G14360,AT1G58225,AT1G57630,AT2G23200,AT2G25460,AT2G46400,AT2G46430,AT2G02810,AT2G04450,AT3G01080,AT3G02840,AT3G17690,AT3G22910,AT3G23110,AT3G23120,AT3G23250,AT3G28540,AT3G44326,AT3G48640,AT3G61280,AT4G04500,AT5G09290,AT4G11890,AT4G23130,AT4G38560,AT4G39030,AT5G17760,AT5G22380,AT5G22570,AT5G40230,AT5G60900,AT5G64810,AT5G66640,AT3G22235,AT4G23140	na
3	AT2G30590	WRKY21	0	0	PWM3522	DAP-seq	WRKY21_col	62	0.00005436567565538947	0.001874570316348333	47	AT1G01010,AT1G02450,AT1G09070,AT1G09080,AT1G21520,AT1G23840,AT1G66090,AT1G13470,AT2G04430,AT2G13810,AT2G18690,AT2G23200,AT2G25460,AT2G46430,AT2G04450,AT2G32210,AT3G01080,AT3G17690,AT3G25510,AT3G48640,AT3G50470,AT3G50920,AT3G54960,AT3G22231,AT4G04500,AT4G11170,AT4G11890,AT4G14390,AT4G23130,AT4G23210,AT4G23310,AT4G28390,AT4G39030,AT4G30500,AT5G24200,AT5G25250,AT5G35735,AT5G40230,AT5G42380,AT5G57510,AT5G60900,AT5G62520,AT5G64810,AT5G25260,AT5G43910,AT3G22235,AT4G23140	
3	AT2G30590	WRKY21	0	0	PWM2674	JASPAR	MA1079.1	74	0.0001116189217337155	0.0030323140404326042	46	AT1G01010,AT1G02450,AT1G19250,AT1G23840,AT1G35230,AT1G69720,AT1G01560,AT1G09210,AT1G14360,AT1G29310,AT1G58225,AT2G13810,AT2G17040,AT2G23200,AT2G25460,AT2G34250,AT2G46400,AT2G46430,AT2G02810,AT2G04450,AT3G01080,AT3G01513,AT3G08970,AT3G22910,AT3G23120,AT3G28540,AT3G44326,AT3G48640,AT3G50470,AT3G54960,AT4G04500,AT5G09290,AT4G11170,AT4G11890,AT4G23130,AT4G38560,AT4G39030,AT5G22380,AT5G47420,AT5G60900,AT5G62520,AT5G64810,AT5G66640,AT5G43910,AT3G22235,AT4G23140	
3	AT2G30590	WRKY21	0	0	PWM944	CisBP	M1556_1.01	85	0.0001116189217337155	0.0030323140404326042	46	AT1G01010,AT1G02450,AT1G19250,AT1G23840,AT1G35230,AT1G69720,AT1G01560,AT1G09210,AT1G14360,AT1G29310,AT1G58225,AT2G13810,AT2G17040,AT2G23200,AT2G25460,AT2G34250,AT2G46400,AT2G46430,AT2G02810,AT2G04450,AT3G01080,AT3G01513,AT3G08970,AT3G22910,AT3G23120,AT3G28540,AT3G44326,AT3G48640,AT3G50470,AT3G54960,AT4G04500,AT5G09290,AT4G11170,AT4G11890,AT4G23130,AT4G38560,AT4G39030,AT5G22380,AT5G47420,AT5G60900,AT5G62520,AT5G64810,AT5G66640,AT5G43910,AT3G22235,AT4G23140	
3	AT2G38470	ATWRKY33	74	42	PWM3542	DAP-seq	WRKY33_col	64	0.00005436567565538947	0.001874570316348333	47	AT1G01010,AT1G02450,AT1G09070,AT1G09080,AT1G21520,AT1G23840,AT1G77510,AT2G18690,AT2G23200,AT2G25460,AT2G46400,AT2G46430,AT2G04450,AT2G32210,AT3G01080,AT3G01830,AT3G02840,AT3G17690,AT3G21080,AT3G25510,AT3G45130,AT3G48640,AT3G50470,AT3G50920,AT3G54960,AT4G04500,AT4G11170,AT4G11890,AT4G14390,AT4G23130,AT4G23310,AT4G28390,AT4G39030,AT4G30500,AT5G24200,AT5G25250,AT5G40230,AT5G42020,AT5G42380,AT5G60900,AT5G62520,AT5G64810,AT5G66640,AT5G25260,AT5G43910,AT3G22235,AT4G23140	AT1G09070,AT1G19250,AT1G20310,AT1G21240,AT1G01560,AT1G58225,AT1G57630,AT2G13810,AT2G18660,AT2G18690,AT2G20142,AT2G31865,AT2G32680,AT2G46430,AT2G02810,AT2G32140,AT3G01830,AT3G02840,AT3G04640,AT3G23250,AT3G48640,AT3G50930,AT3G56710,AT3G57260,AT4G01360,AT4G04490,AT4G14365,AT4G14370,AT4G23320,AT4G39670,AT5G22380,AT5G22570,AT5G39670,AT5G42380,AT5G45630,AT5G47850,AT5G57510,AT5G60900,AT5G66640,AT5G25260,AT5G52750,AT4G23140
3	AT2G38470	ATWRKY33	74	42	PWM1175	CisBP	M1557_1.01	105	0.0004345259911519388	0.0075641272051983136	44	AT1G01010,AT1G02450,AT1G19250,AT1G33960,AT1G69720,AT1G72540,AT1G76650,AT1G09210,AT1G14360,AT1G58225,AT2G13810,AT2G23200,AT2G25460,AT2G46430,AT2G02810,AT2G26400,AT3G01080,AT3G08970,AT3G17690,AT3G22910,AT3G23120,AT3G23250,AT3G28540,AT3G44326,AT3G48640,AT3G50930,AT4G01360,AT4G04500,AT5G09290,AT4G11170,AT4G11890,AT4G23130,AT4G38560,AT4G39030,AT5G03720,AT5G17760,AT5G25250,AT5G35735,AT5G52760,AT5G57510,AT5G64810,AT5G25260,AT5G43910,AT3G22235	AT1G09070,AT1G19250,AT1G20310,AT1G21240,AT1G01560,AT1G58225,AT1G57630,AT2G13810,AT2G18660,AT2G18690,AT2G20142,AT2G31865,AT2G32680,AT2G46430,AT2G02810,AT2G32140,AT3G01830,AT3G02840,AT3G04640,AT3G23250,AT3G48640,AT3G50930,AT3G56710,AT3G57260,AT4G01360,AT4G04490,AT4G14365,AT4G14370,AT4G23320,AT4G39670,AT5G22380,AT5G22570,AT5G39670,AT5G42380,AT5G45630,AT5G47850,AT5G57510,AT5G60900,AT5G66640,AT5G25260,AT5G52750,AT4G23140
3	AT4G01250	AtWRKY22	17	na	PWM832	CisBP	M1560_1.01	65	0.00005436567565538947	0.001874570316348333	47	AT1G01010,AT1G01680,AT1G02450,AT1G21750,AT1G23840,AT1G31290,AT1G69720,AT1G72540,AT1G76650,AT1G01560,AT1G09210,AT1G14360,AT1G58225,AT1G77510,AT2G13810,AT2G23200,AT2G25460,AT2G29110,AT2G34250,AT2G02810,AT2G04450,AT3G01080,AT3G01513,AT3G08970,AT3G23120,AT3G23250,AT3G28210,AT3G28510,AT3G28540,AT3G44326,AT3G48640,AT3G50930,AT3G56710,AT3G12220,AT4G01360,AT5G09290,AT4G11170,AT4G11890,AT4G39030,AT5G17760,AT5G25250,AT5G35735,AT5G42020,AT5G64810,AT5G43910,AT3G22235,AT5G28540	na
3	AT4G01250	AtWRKY22	17	na	PWM3524	DAP-seq	WRKY22_col	116	0.0004345259911519388	0.0075641272051983136	44	AT1G01010,AT1G02450,AT1G09070,AT1G09080,AT1G21520,AT1G23840,AT1G66090,AT2G04430,AT2G13810,AT2G18690,AT2G23200,AT2G25460,AT2G46430,AT2G04450,AT3G01080,AT3G17690,AT3G21080,AT3G25510,AT3G48640,AT3G50470,AT3G50920,AT3G54960,AT3G22231,AT4G04500,AT4G11170,AT4G11890,AT4G14390,AT4G23130,AT4G23210,AT4G25070,AT4G28390,AT4G39030,AT4G30500,AT5G25250,AT5G35735,AT5G40230,AT5G57510,AT5G60900,AT5G62520,AT5G64810,AT5G25260,AT5G43910,AT3G22235,AT4G23140	na
3	AT1G66550	ATWRKY67	5	na	PWM1133	CisBP	M1549_1.01	66	0.0001116189217337155	0.0030323140404326042	46	AT1G01340,AT1G02450,AT1G19250,AT1G20350,AT1G35230,AT1G44130,AT1G69720,AT1G72540,AT1G01560,AT1G14360,AT1G57630,AT2G13810,AT2G23200,AT2G25110,AT2G25460,AT2G31865,AT2G46400,AT2G46430,AT2G02810,AT2G04450,AT3G01080,AT3G02840,AT3G22910,AT3G23120,AT3G23250,AT3G28540,AT3G44326,AT3G48640,AT5G09290,AT4G11890,AT4G14365,AT4G23130,AT4G24190,AT4G38560,AT5G03350,AT5G17760,AT5G22380,AT5G22570,AT5G25250,AT5G40230,AT5G57510,AT5G64810,AT5G66640,AT5G25260,AT3G22235,AT4G23140	na
3	AT1G66560	ATWRKY64	88	na	PWM1134	CisBP	M1549_1.01	67	0.0001116189217337155	0.0030323140404326042	46	AT1G01340,AT1G02450,AT1G19250,AT1G20350,AT1G35230,AT1G44130,AT1G69720,AT1G72540,AT1G01560,AT1G14360,AT1G57630,AT2G13810,AT2G23200,AT2G25110,AT2G25460,AT2G31865,AT2G46400,AT2G46430,AT2G02810,AT2G04450,AT3G01080,AT3G02840,AT3G22910,AT3G23120,AT3G23250,AT3G28540,AT3G44326,AT3G48640,AT5G09290,AT4G11890,AT4G14365,AT4G23130,AT4G24190,AT4G38560,AT5G03350,AT5G17760,AT5G22380,AT5G22570,AT5G25250,AT5G40230,AT5G57510,AT5G64810,AT5G66640,AT5G25260,AT3G22235,AT4G23140	na
3	AT1G80590	ATWRKY66	12	na	PWM1135	CisBP	M1549_1.01	68	0.0001116189217337155	0.0030323140404326042	46	AT1G01340,AT1G02450,AT1G19250,AT1G20350,AT1G35230,AT1G44130,AT1G69720,AT1G72540,AT1G01560,AT1G14360,AT1G57630,AT2G13810,AT2G23200,AT2G25110,AT2G25460,AT2G31865,AT2G46400,AT2G46430,AT2G02810,AT2G04450,AT3G01080,AT3G02840,AT3G22910,AT3G23120,AT3G23250,AT3G28540,AT3G44326,AT3G48640,AT5G09290,AT4G11890,AT4G14365,AT4G23130,AT4G24190,AT4G38560,AT5G03350,AT5G17760,AT5G22380,AT5G22570,AT5G25250,AT5G40230,AT5G57510,AT5G64810,AT5G66640,AT5G25260,AT3G22235,AT4G23140	na
3	AT4G25470	ATCBF2	0	0	PWM1229	CisBP	M0030_1.01	70	0.0001116189217337155	0.0030323140404326042	46	AT1G02450,AT1G04600,AT1G19250,AT1G21550,AT1G34180,AT1G72540,AT1G75040,AT1G01560,AT1G09210,AT1G14360,AT2G13810,AT2G17040,AT2G25110,AT2G25460,AT2G46400,AT2G46430,AT2G02810,AT2G04450,AT3G01513,AT3G02840,AT3G13100,AT3G21080,AT3G22910,AT3G23120,AT3G23250,AT3G25510,AT3G28540,AT3G44326,AT3G48640,AT3G50470,AT3G12220,AT5G09290,AT4G14365,AT4G23130,AT4G39030,AT5G11920,AT5G22380,AT5G35735,AT5G47850,AT5G57510,AT5G60900,AT5G64810,AT5G64870,AT5G66640,AT5G43910,AT4G23140	
3	AT5G38800	AtbZIP43	3	na	PWM2916	DAP-seq	BZIP43_col	76	0.0001116189217337155	0.0030323140404326042	46	AT1G01680,AT1G04600,AT1G04980,AT1G08050,AT1G09080,AT1G20350,AT1G31290,AT1G42480,AT1G09210,AT1G56340,AT2G03120,AT2G23200,AT2G25110,AT2G25460,AT2G32920,AT2G34250,AT2G40750,AT2G41490,AT2G44660,AT2G46400,AT2G02810,AT2G45070,AT3G07520,AT3G23120,AT3G25882,AT3G28540,AT3G50930,AT3G51980,AT3G56710,AT3G12220,AT3G60540,AT4G04500,AT4G14390,AT4G16660,AT4G30430,AT4G34630,AT5G03160,AT5G03720,AT5G17760,AT5G22570,AT5G42020,AT5G47420,AT5G52760,AT5G64510,AT5G64810,AT5G28540	na
3	AT2G04038	AtbZIP48	4	na	PWM2919	DAP-seq	BZIP48_col	77	0.0001116189217337155	0.0030323140404326042	46	AT1G01680,AT1G04600,AT1G04980,AT1G08050,AT1G09080,AT1G13340,AT1G20350,AT1G21750,AT1G30040,AT1G42480,AT1G56330,AT1G09210,AT1G56340,AT2G03120,AT2G25460,AT2G32920,AT2G34250,AT2G46400,AT2G47470,AT2G02810,AT2G45070,AT3G07520,AT3G23120,AT3G25882,AT3G51980,AT3G57240,AT3G12220,AT3G60540,AT4G04500,AT4G14390,AT4G16660,AT4G17420,AT4G23210,AT4G30430,AT4G34630,AT5G03160,AT5G03720,AT5G17760,AT5G22570,AT5G42020,AT5G47420,AT5G52760,AT5G58710,AT5G61790,AT5G64510,AT5G28540	na
3	AT3G62420	ATBZIP53	5	na	PWM2925	DAP-seq	BZIP53_col	78	0.0001116189217337155	0.0030323140404326042	46	AT1G01680,AT1G04600,AT1G04980,AT1G09080,AT1G20350,AT1G21750,AT1G30040,AT1G42480,AT1G56330,AT1G09210,AT1G56340,AT2G03120,AT2G25460,AT2G32920,AT2G34250,AT2G46400,AT2G47470,AT2G02810,AT2G26400,AT2G45070,AT3G07520,AT3G23120,AT3G25882,AT3G28540,AT3G50770,AT3G51980,AT3G57240,AT3G12220,AT3G60540,AT4G04500,AT4G14390,AT4G16660,AT4G23210,AT4G24190,AT4G30430,AT4G34630,AT5G03160,AT5G03720,AT5G17760,AT5G22570,AT5G42020,AT5G47420,AT5G52760,AT5G61790,AT5G64510,AT5G28540	na
3	AT2G18160	ATBZIP2	2	na	PWM2932	DAP-seq	GBF5_col	79	0.0001116189217337155	0.0030323140404326042	46	AT1G01680,AT1G04600,AT1G04980,AT1G08050,AT1G09080,AT1G13340,AT1G31290,AT1G56330,AT1G09210,AT1G56340,AT2G03120,AT2G25460,AT2G32920,AT2G34250,AT2G41490,AT2G44660,AT2G47470,AT2G02810,AT2G45070,AT3G07520,AT3G08970,AT3G23120,AT3G25882,AT3G28540,AT3G51980,AT3G54960,AT3G56710,AT3G57240,AT3G62600,AT3G12220,AT3G60540,AT4G16660,AT4G23210,AT4G24190,AT4G30430,AT4G34630,AT4G13890,AT5G03160,AT5G03720,AT5G17760,AT5G42020,AT5G47420,AT5G52760,AT5G64510,AT5G64810,AT5G28540	na
3	AT4G10350	ANAC070	6	na	PWM3379	DAP-seq	ANAC070_col	81	0.0001116189217337155	0.0030323140404326042	46	AT1G04600,AT1G09080,AT1G20350,AT1G23840,AT1G33960,AT1G34180,AT1G66960,AT1G73805,AT1G75040,AT1G13470,AT1G57630,AT2G25460,AT2G29110,AT2G41490,AT2G46430,AT2G32140,AT3G01080,AT3G01513,AT3G17690,AT3G22910,AT3G23250,AT3G28210,AT3G28510,AT3G45130,AT3G48640,AT3G50930,AT3G52430,AT3G61280,AT3G22231,AT4G01360,AT4G04490,AT4G04500,AT4G23150,AT4G23210,AT4G25070,AT4G28390,AT4G38560,AT4G39670,AT4G13890,AT5G10380,AT5G11920,AT5G22380,AT5G60900,AT5G64810,AT3G22235,AT4G23140	na
3	AT5G13180	ANAC083	3	na	PWM3386	DAP-seq	ANAC083_col	82	0.0001116189217337155	0.0030323140404326042	46	AT1G04600,AT1G09080,AT1G20350,AT1G23840,AT1G34180,AT1G66960,AT1G75040,AT1G13470,AT1G56120,AT1G58225,AT1G57630,AT2G18660,AT2G25460,AT2G29110,AT2G41490,AT2G46430,AT2G32140,AT3G01513,AT3G17690,AT3G28210,AT3G28510,AT3G45130,AT3G48640,AT3G50930,AT3G52430,AT3G61280,AT3G62600,AT4G01360,AT4G04490,AT4G04500,AT4G11170,AT4G23130,AT4G23150,AT4G23210,AT4G25070,AT4G28390,AT4G38560,AT4G39030,AT4G39670,AT4G13890,AT5G11920,AT5G45630,AT5G57510,AT5G62520,AT5G66640,AT4G23140	na
3	AT4G01540	ANAC068	37	na	PWM3415	DAP-seq	NTM1_col	83	0.0001116189217337155	0.0030323140404326042	46	AT1G01010,AT1G01680,AT1G04600,AT1G21520,AT1G23840,AT1G30040,AT1G42480,AT1G65040,AT1G73805,AT1G74710,AT1G29310,AT1G56120,AT2G03120,AT2G13810,AT2G17040,AT2G18660,AT2G18690,AT2G29110,AT2G46400,AT3G17690,AT3G28210,AT3G28510,AT3G45130,AT3G50470,AT3G57240,AT3G12220,AT4G01360,AT5G10760,AT4G11170,AT4G11890,AT4G23130,AT4G23150,AT4G23210,AT4G39030,AT5G11920,AT5G13320,AT5G17760,AT5G35735,AT5G60900,AT5G62520,AT5G66640,AT5G52750,AT3G46080,AT3G22235,AT4G23140,AT5G28540	na
3	AT5G49520	ATWRKY48	20	na	PWM817	CisBP	M1569_1.01	84	0.0001116189217337155	0.0030323140404326042	46	AT1G02450,AT1G19250,AT1G30040,AT1G69720,AT1G72540,AT1G76650,AT1G09210,AT1G14360,AT1G58225,AT2G13810,AT2G18690,AT2G23200,AT2G25460,AT2G46430,AT2G02810,AT2G04450,AT3G01080,AT3G08970,AT3G13100,AT3G17690,AT3G22910,AT3G23120,AT3G28210,AT3G28540,AT3G44326,AT3G48640,AT3G50930,AT4G01360,AT4G04500,AT5G09290,AT4G11890,AT4G23130,AT4G38560,AT4G39030,AT5G03720,AT5G17760,AT5G22570,AT5G25250,AT5G35735,AT5G47850,AT5G52760,AT5G64810,AT5G25260,AT5G43910,AT3G22235,AT4G23140	na
3	AT5G49520	ATWRKY48	20	na	PWM2682	JASPAR	MA1088.1	131	0.0008234440579488954	0.012407018452961088	43	AT1G02450,AT1G19250,AT1G30040,AT1G69720,AT1G72540,AT1G76650,AT1G09210,AT1G14360,AT1G58225,AT2G13810,AT2G18690,AT2G23200,AT2G25460,AT2G46430,AT2G02810,AT2G04450,AT3G01080,AT3G08970,AT3G13100,AT3G17690,AT3G22910,AT3G23120,AT3G28210,AT3G28540,AT3G44326,AT3G48640,AT3G50930,AT4G01360,AT4G04500,AT5G09290,AT4G11890,AT4G23130,AT4G38560,AT4G39030,AT5G03720,AT5G17760,AT5G22570,AT5G25250,AT5G52760,AT5G64810,AT5G25260,AT5G43910,AT3G22235	na
3	AT5G06960	OBF5	21	0	PWM986	CisBP	M0266_1.01	86	0.0001116189217337155	0.0030323140404326042	46	AT1G02450,AT1G04980,AT1G19960,AT1G21750,AT1G28480,AT1G42480,AT1G43910,AT1G66090,AT1G73805,AT1G09210,AT1G09932,AT1G13470,AT1G56340,AT2G13810,AT2G46400,AT2G46430,AT2G14610,AT2G26400,AT2G32190,AT2G32200,AT3G01080,AT3G07520,AT3G21080,AT3G23250,AT3G25882,AT3G28510,AT3G56400,AT3G56710,AT3G61280,AT3G22231,AT4G04490,AT4G04500,AT4G23310,AT5G03350,AT5G17760,AT5G22570,AT5G35735,AT5G42020,AT5G45630,AT5G57510,AT5G64510,AT5G64810,AT3G25010,AT3G46080,AT3G22235,AT5G28540	
3	AT5G06960	OBF5	21	0	PWM2643	JASPAR	MA1047.1	94	0.00022319053508029866	0.004599777349413511	45	AT1G02450,AT1G04980,AT1G19960,AT1G21750,AT1G28480,AT1G42480,AT1G43910,AT1G66090,AT1G73805,AT1G09210,AT1G09932,AT1G13470,AT1G56340,AT2G13810,AT2G46400,AT2G46430,AT2G02810,AT2G14610,AT2G26400,AT2G32190,AT2G32200,AT3G01080,AT3G07520,AT3G21080,AT3G25882,AT3G28510,AT3G56400,AT3G56710,AT3G61280,AT3G22231,AT4G04490,AT4G04500,AT5G03350,AT5G17760,AT5G22570,AT5G35735,AT5G42020,AT5G45630,AT5G57510,AT5G64510,AT5G64810,AT3G25010,AT3G46080,AT3G22235,AT5G28540	
3	AT1G02065	SPL8	1	na	PWM1362	CisBP	M2241_1.01	90	0.00022319053508029866	0.004599777349413511	45	AT1G02450,AT1G04600,AT1G19250,AT1G20350,AT1G21520,AT1G23840,AT1G34180,AT1G75040,AT1G09210,AT2G13810,AT2G25110,AT2G25460,AT2G46400,AT2G46430,AT2G04450,AT2G32210,AT3G01513,AT3G01830,AT3G21080,AT3G22910,AT3G23120,AT3G23250,AT3G25510,AT3G28540,AT3G48640,AT3G50470,AT3G50920,AT3G54960,AT3G12220,AT4G04500,AT5G09290,AT4G14365,AT4G23130,AT4G30430,AT4G39030,AT5G11920,AT5G35735,AT5G40230,AT5G47850,AT5G60900,AT5G62520,AT5G64810,AT5G66640,AT5G43910,AT4G23140	na
3	AT5G64220	CAMTA2	0	0	PWM1479	CisBP	M0517_1.01	91	0.00022319053508029866	0.004599777349413511	45	AT1G02450,AT1G09070,AT1G15010,AT1G20350,AT1G30040,AT1G33960,AT1G44130,AT1G74710,AT1G09210,AT1G09932,AT1G58225,AT2G18690,AT2G25460,AT2G44240,AT2G46400,AT2G02810,AT2G32140,AT2G32190,AT2G32210,AT2G32200,AT3G02840,AT3G04640,AT3G08970,AT3G17690,AT3G23250,AT3G50920,AT3G60540,AT4G01360,AT4G04490,AT4G11170,AT4G14370,AT4G30430,AT5G20230,AT5G22570,AT5G25250,AT5G35735,AT5G39670,AT5G45630,AT5G47850,AT5G57510,AT5G60800,AT5G60900,AT5G64870,AT5G66640,AT3G46080	
3	AT5G64220	CAMTA2	0	0	PWM2568	JASPAR	MA0969.1	93	0.00022319053508029866	0.004599777349413511	45	AT1G02450,AT1G09070,AT1G15010,AT1G20350,AT1G30040,AT1G33960,AT1G44130,AT1G74710,AT1G09210,AT1G09932,AT1G58225,AT2G18690,AT2G25460,AT2G44240,AT2G46400,AT2G02810,AT2G32140,AT2G32190,AT2G32210,AT2G32200,AT3G02840,AT3G04640,AT3G08970,AT3G17690,AT3G23250,AT3G50920,AT3G60540,AT4G01360,AT4G04490,AT4G11170,AT4G14370,AT4G30430,AT5G20230,AT5G22570,AT5G25250,AT5G35735,AT5G39670,AT5G45630,AT5G47850,AT5G57510,AT5G60800,AT5G60900,AT5G64870,AT5G66640,AT3G46080	
3	AT2G44745	AtWRKY12	3	na	PWM2670	JASPAR	MA1075.1	95	0.00022319053508029866	0.004599777349413511	45	AT1G01010,AT1G01340,AT1G19250,AT1G34180,AT1G69720,AT1G75040,AT1G01560,AT1G09210,AT1G14360,AT1G77510,AT2G04430,AT2G17040,AT2G23200,AT2G25110,AT2G25460,AT2G40520,AT2G46400,AT2G04450,AT3G01830,AT3G02840,AT3G21080,AT3G22910,AT3G23120,AT3G23250,AT3G28540,AT3G44326,AT3G48640,AT3G54960,AT3G61280,AT3G12220,AT5G09290,AT4G11890,AT4G23130,AT4G39030,AT5G11920,AT5G22380,AT5G26690,AT5G40230,AT5G57510,AT5G60900,AT5G62520,AT5G64810,AT5G66640,AT5G43910,AT4G23140	na
3	AT2G44745	AtWRKY12	3	na	PWM1581	PBM		109	0.0004345259911519388	0.0075641272051983136	44	AT1G01010,AT1G19250,AT1G21550,AT1G34180,AT1G69720,AT1G72540,AT1G75040,AT1G01560,AT1G09210,AT2G04430,AT2G17040,AT2G23200,AT2G25110,AT2G25460,AT2G46400,AT2G46430,AT2G02810,AT2G04450,AT3G01513,AT3G01830,AT3G02840,AT3G21080,AT3G22910,AT3G23120,AT3G25510,AT3G28540,AT3G44326,AT3G48640,AT3G54960,AT3G12220,AT5G09290,AT4G14365,AT4G23130,AT4G39030,AT5G11920,AT5G22380,AT5G26690,AT5G35735,AT5G47850,AT5G60900,AT5G64810,AT5G66640,AT5G43910,AT4G23140	na
3	AT2G44745	AtWRKY12	3	na	PWM1099	CisBP	M1550_1.01	124	0.0008234440579488954	0.012407018452961088	43	AT1G01010,AT1G02450,AT1G19250,AT1G69720,AT1G72540,AT1G14360,AT1G58225,AT2G13810,AT2G23200,AT2G25460,AT2G34250,AT2G46400,AT2G46430,AT2G02810,AT2G04450,AT3G01080,AT3G01830,AT3G07520,AT3G17690,AT3G22910,AT3G23120,AT3G28540,AT3G48640,AT3G50470,AT3G56710,AT4G01360,AT4G04500,AT5G09290,AT4G11170,AT4G11890,AT4G23130,AT4G23210,AT4G38560,AT4G39030,AT5G25250,AT5G35735,AT5G62520,AT5G64810,AT5G66640,AT5G25260,AT5G43910,AT3G22235,AT4G23140	na
3	AT4G34590	ATB2	0	0	PWM2934	DAP-seq	GBF6_col	97	0.00022319053508029866	0.004599777349413511	45	AT1G01680,AT1G04600,AT1G04980,AT1G09080,AT1G20350,AT1G21750,AT1G30040,AT1G42480,AT1G56330,AT1G09210,AT1G56340,AT2G03120,AT2G25460,AT2G32920,AT2G34250,AT2G46400,AT2G47470,AT2G02810,AT2G45070,AT3G07520,AT3G23120,AT3G25882,AT3G28540,AT3G50770,AT3G51980,AT3G57240,AT3G12220,AT3G60540,AT4G04500,AT4G14390,AT4G16660,AT4G23210,AT4G24190,AT4G30430,AT4G34630,AT5G03160,AT5G03720,AT5G17760,AT5G22570,AT5G42020,AT5G47420,AT5G52760,AT5G61790,AT5G64510,AT5G28540	
3	AT5G06950	AHBP-1B	0	0	PWM2941	DAP-seq	TGA2_col	98	0.00022319053508029866	0.004599777349413511	45	AT1G01010,AT1G02450,AT1G19960,AT1G28480,AT1G61790,AT1G73805,AT1G09210,AT1G09932,AT2G13810,AT2G29110,AT2G40520,AT2G40750,AT2G46400,AT2G14610,AT2G26400,AT2G32140,AT2G32190,AT2G32200,AT3G01080,AT3G21080,AT3G23250,AT3G25882,AT3G28510,AT3G52430,AT3G56400,AT3G56710,AT3G61280,AT3G22231,AT3G60540,AT4G01360,AT4G04490,AT4G17420,AT4G18250,AT4G23130,AT4G25070,AT4G29520,AT5G03350,AT5G22380,AT5G35735,AT5G42020,AT5G45630,AT5G57510,AT5G64810,AT3G22235,AT5G28540	
3	AT5G06950	AHBP-1B	0	0	PWM1599	PBM		128	0.0008234440579488954	0.012407018452961088	43	AT1G02450,AT1G19960,AT1G28480,AT1G35230,AT1G56330,AT1G61790,AT1G73805,AT1G09210,AT1G09932,AT2G29110,AT2G40520,AT2G40750,AT2G46400,AT2G14610,AT2G26400,AT2G32140,AT2G32190,AT2G32200,AT3G21080,AT3G23250,AT3G25882,AT3G28510,AT3G48640,AT3G56400,AT3G56710,AT3G61280,AT3G62600,AT3G22231,AT4G01360,AT4G04490,AT4G16660,AT4G29520,AT5G03350,AT5G22570,AT5G24200,AT5G35735,AT5G40230,AT5G42380,AT5G45630,AT5G57510,AT5G64810,AT3G22235,AT5G28540	
3	AT5G06950	AHBP-1B	0	0	PWM1448	PBM		203	0.004752569385621393	0.0434763107572406	40	AT1G02450,AT1G04980,AT1G19960,AT1G42480,AT1G66090,AT1G09932,AT1G13470,AT1G56340,AT2G25460,AT2G46400,AT2G46430,AT2G14610,AT2G26400,AT2G32190,AT2G32200,AT3G02840,AT3G21080,AT3G23250,AT3G25882,AT3G28510,AT3G45130,AT3G56400,AT3G56710,AT3G61280,AT3G22231,AT4G04490,AT4G04500,AT4G18250,AT4G29520,AT5G03350,AT5G03720,AT5G17760,AT5G22570,AT5G35735,AT5G42020,AT5G57510,AT5G64510,AT5G64810,AT3G22235,AT5G28540	
3	AT5G06950	AHBP-1B	0	0	PWM2664	JASPAR	MA1068.1	209	0.004752569385621393	0.0434763107572406	40	AT1G02450,AT1G04980,AT1G42480,AT1G09210,AT1G13470,AT1G56340,AT2G25460,AT2G46400,AT2G46430,AT2G14610,AT2G26400,AT2G32190,AT2G32200,AT3G02840,AT3G23250,AT3G25882,AT3G28510,AT3G45130,AT3G51980,AT3G56400,AT3G56710,AT3G61280,AT3G22231,AT3G60540,AT4G04490,AT4G04500,AT4G29520,AT5G01900,AT5G03350,AT5G03720,AT5G17760,AT5G22570,AT5G42020,AT5G45630,AT5G52760,AT5G57510,AT5G64510,AT5G64810,AT3G22235,AT5G28540	
3	AT5G06950	AHBP-1B	0	0	PWM973	CisBP	M0265_1.01	224	0.004752569385621393	0.0434763107572406	40	AT1G02450,AT1G19960,AT1G28480,AT1G56330,AT1G73805,AT1G09932,AT1G56340,AT2G03120,AT2G13810,AT2G40750,AT2G46400,AT2G46430,AT2G14610,AT2G26400,AT2G32190,AT3G07520,AT3G25882,AT3G28510,AT3G28540,AT3G51980,AT3G56400,AT3G56710,AT3G61280,AT3G22231,AT3G60540,AT4G04490,AT4G04500,AT4G11890,AT4G14390,AT4G16660,AT5G03350,AT5G03720,AT5G22570,AT5G57510,AT5G64510,AT5G64810,AT3G25010,AT3G46080,AT3G22235,AT5G28540	
3	AT4G31550	ATWRKY11	5	0	PWM3512	DAP-seq	WRKY11_col	99	0.00022319053508029866	0.004599777349413511	45	AT1G01010,AT1G02450,AT1G09070,AT1G09080,AT1G21520,AT1G23840,AT1G66090,AT2G04430,AT2G13810,AT2G18690,AT2G23200,AT2G25460,AT2G46430,AT2G04450,AT2G32210,AT3G01080,AT3G17690,AT3G25510,AT3G48640,AT3G50470,AT3G50920,AT3G54960,AT3G61280,AT3G22231,AT4G01360,AT4G04500,AT4G04540,AT4G11170,AT4G11890,AT4G14390,AT4G23130,AT4G23210,AT4G25070,AT4G28390,AT4G39030,AT4G30500,AT5G24200,AT5G35735,AT5G40230,AT5G57510,AT5G62520,AT5G64810,AT5G43910,AT3G22235,AT4G23140	
3	AT4G31550	ATWRKY11	5	0	PWM1154	CisBP	M1563_1.01	103	0.0004345259911519388	0.0075641272051983136	44	AT1G01010,AT1G02450,AT1G19250,AT1G34180,AT1G69720,AT1G72540,AT1G14360,AT1G58225,AT2G13810,AT2G17040,AT2G23200,AT2G25460,AT2G34250,AT2G46400,AT2G46430,AT2G02810,AT2G04450,AT3G01830,AT3G07520,AT3G21080,AT3G22910,AT3G23120,AT3G23250,AT3G28540,AT3G48640,AT3G50470,AT3G54960,AT3G56710,AT4G04500,AT5G09290,AT4G11890,AT4G14390,AT4G18250,AT4G23130,AT4G23210,AT4G38560,AT4G39030,AT5G35735,AT5G47420,AT5G64810,AT5G66640,AT5G43910,AT3G22235,AT4G23140	
3	AT1G30650	AR411	2	na	PWM3513	DAP-seq	WRKY14_col	100	0.00022319053508029866	0.004599777349413511	45	AT1G01010,AT1G02450,AT1G09070,AT1G09080,AT1G21520,AT1G23840,AT1G13470,AT2G04430,AT2G13810,AT2G18690,AT2G23200,AT2G25460,AT2G46400,AT2G46430,AT2G04450,AT2G32210,AT3G01080,AT3G01830,AT3G21080,AT3G25510,AT3G48640,AT3G50470,AT3G50920,AT3G54960,AT3G61280,AT4G04500,AT4G04540,AT4G11170,AT4G11890,AT4G14390,AT4G23130,AT4G23210,AT4G39030,AT4G30500,AT5G25250,AT5G35735,AT5G40230,AT5G57510,AT5G60900,AT5G62520,AT5G64810,AT5G66640,AT5G25260,AT5G43910,AT4G23140	na
3	AT1G30650	AR411	2	na	PWM1258	CisBP	M1548_1.01	166	0.002724031035035362	0.02996434138538898	41	AT1G01010,AT1G02450,AT1G19250,AT1G69720,AT1G72540,AT1G14360,AT1G58225,AT2G13810,AT2G17040,AT2G23200,AT2G25460,AT2G46400,AT2G46430,AT2G02810,AT2G04450,AT3G01513,AT3G21080,AT3G22910,AT3G23120,AT3G28540,AT3G44326,AT3G48640,AT3G50470,AT3G54960,AT3G56710,AT4G04500,AT5G09290,AT4G11170,AT4G11890,AT4G14365,AT4G23130,AT4G26120,AT4G38560,AT4G39030,AT5G22380,AT5G35735,AT5G64810,AT5G66640,AT5G43910,AT3G22235,AT4G23140	na
3	AT3G56400	ATWRKY70	64	na	PWM3564	DAP-seq	WRKY70_col	101	0.00022319053508029866	0.004599777349413511	45	AT1G01010,AT1G02450,AT1G09070,AT1G09080,AT1G21520,AT1G23840,AT1G66090,AT1G78920,AT1G13470,AT2G04430,AT2G13810,AT2G18690,AT2G23200,AT2G25460,AT2G46430,AT2G04450,AT2G04495,AT2G32210,AT3G01080,AT3G01513,AT3G01830,AT3G21080,AT3G25510,AT3G48640,AT3G50470,AT3G50920,AT3G54960,AT3G57240,AT4G04540,AT4G11170,AT4G11890,AT4G14390,AT4G23130,AT4G23210,AT4G28390,AT4G39030,AT4G30500,AT5G35735,AT5G40230,AT5G57510,AT5G60900,AT5G62520,AT5G64810,AT5G43910,AT4G23140	na
3	AT4G23550	ATWRKY29	9	na	PWM913	CisBP	M1562_1.01	102	0.00022319053508029866	0.004599777349413511	45	AT1G01010,AT1G02450,AT1G23840,AT1G69720,AT1G72540,AT1G76650,AT1G09210,AT1G14360,AT1G58225,AT2G13810,AT2G23200,AT2G25460,AT2G29110,AT2G46430,AT2G02810,AT2G04450,AT3G01080,AT3G01830,AT3G08970,AT3G22910,AT3G23120,AT3G23250,AT3G28210,AT3G28510,AT3G28540,AT3G44326,AT3G48640,AT3G50930,AT4G01360,AT5G09290,AT4G11170,AT4G11890,AT4G14370,AT4G23130,AT4G26120,AT4G38560,AT4G39030,AT5G17760,AT5G25250,AT5G35735,AT5G57510,AT5G62520,AT5G64810,AT5G43910,AT3G22235	na
3	AT4G23550	ATWRKY29	9	na	PWM3536	DAP-seq	WRKY29_col	139	0.0008234440579488954	0.012407018452961088	43	AT1G02450,AT1G09070,AT1G09080,AT1G21520,AT1G23840,AT1G77510,AT2G04430,AT2G13810,AT2G18690,AT2G23200,AT2G25460,AT2G46430,AT2G04450,AT2G32210,AT3G01080,AT3G21080,AT3G23250,AT3G25510,AT3G48640,AT3G50470,AT3G50920,AT3G54960,AT3G57260,AT4G04500,AT4G11170,AT4G11890,AT4G14390,AT4G23130,AT4G23210,AT4G28390,AT4G39030,AT4G30500,AT5G24200,AT5G25250,AT5G35735,AT5G40230,AT5G57510,AT5G60900,AT5G62520,AT5G64810,AT5G25260,AT5G43910,AT4G23140	na
3	AT2G22300	CAMTA3	23	na	PWM1171	CisBP	M0516_1.01	104	0.0004345259911519388	0.0075641272051983136	44	AT1G04980,AT1G09070,AT1G15010,AT1G30040,AT1G33960,AT1G44130,AT1G74710,AT1G09210,AT2G03120,AT2G17040,AT2G18690,AT2G25460,AT2G40520,AT2G44240,AT2G46400,AT2G02810,AT2G32140,AT2G32190,AT2G32210,AT2G32200,AT3G02840,AT3G04640,AT3G17690,AT3G23250,AT3G28210,AT3G45130,AT3G48640,AT3G60540,AT4G01360,AT4G04540,AT4G30430,AT4G39670,AT5G20230,AT5G22380,AT5G22570,AT5G25250,AT5G35735,AT5G45630,AT5G52760,AT5G57510,AT5G60900,AT5G64870,AT5G66640,AT3G46080	na
3	AT2G22300	CAMTA3	23	na	PWM2569	JASPAR	MA0970.1	110	0.0004345259911519388	0.0075641272051983136	44	AT1G04980,AT1G09070,AT1G15010,AT1G30040,AT1G33960,AT1G44130,AT1G74710,AT1G09210,AT2G03120,AT2G17040,AT2G18690,AT2G25460,AT2G40520,AT2G44240,AT2G46400,AT2G02810,AT2G32140,AT2G32190,AT2G32210,AT2G32200,AT3G02840,AT3G04640,AT3G17690,AT3G23250,AT3G28210,AT3G45130,AT3G48640,AT3G60540,AT4G01360,AT4G04540,AT4G30430,AT4G39670,AT5G20230,AT5G22380,AT5G22570,AT5G25250,AT5G35735,AT5G45630,AT5G52760,AT5G57510,AT5G60900,AT5G64870,AT5G66640,AT3G46080	na
3	AT2G22300	CAMTA3	23	na	PWM353	AthaMAP		138	0.0008234440579488954	0.012407018452961088	43	AT1G09070,AT1G33960,AT1G35230,AT1G43910,AT1G66090,AT1G75040,AT1G78920,AT2G25460,AT2G34250,AT2G46430,AT2G02810,AT2G32140,AT2G32190,AT2G45070,AT3G02840,AT3G13100,AT3G17690,AT3G22910,AT3G28540,AT3G44326,AT3G45130,AT3G48640,AT3G50920,AT3G54960,AT4G04500,AT4G04540,AT4G14365,AT4G18250,AT4G23130,AT4G23210,AT4G23310,AT4G39670,AT4G13890,AT5G13320,AT5G35735,AT5G39670,AT5G40230,AT5G45630,AT5G60900,AT5G64870,AT5G43910,AT5G52750,AT5G28540	na
3	AT4G30935	ATWRKY32	4	0	PWM1177	CisBP	M1557_1.01	106	0.0004345259911519388	0.0075641272051983136	44	AT1G01010,AT1G02450,AT1G19250,AT1G33960,AT1G69720,AT1G72540,AT1G76650,AT1G09210,AT1G14360,AT1G58225,AT2G13810,AT2G23200,AT2G25460,AT2G46430,AT2G02810,AT2G26400,AT3G01080,AT3G08970,AT3G17690,AT3G22910,AT3G23120,AT3G23250,AT3G28540,AT3G44326,AT3G48640,AT3G50930,AT4G01360,AT4G04500,AT5G09290,AT4G11170,AT4G11890,AT4G23130,AT4G38560,AT4G39030,AT5G03720,AT5G17760,AT5G25250,AT5G35735,AT5G52760,AT5G57510,AT5G64810,AT5G25260,AT5G43910,AT3G22235	
3	AT4G01120	ATBZIP54	2	90	PWM1232	CisBP	M0262_1.01	107	0.0004345259911519388	0.0075641272051983136	44	AT1G04980,AT1G09070,AT1G09080,AT1G20310,AT1G20350,AT1G21750,AT1G30040,AT1G56330,AT1G61790,AT1G66090,AT1G72540,AT1G09210,AT1G14360,AT1G18260,AT1G29310,AT1G56340,AT2G25110,AT2G25460,AT2G41490,AT2G44660,AT2G47470,AT2G02810,AT3G01513,AT3G22910,AT3G25882,AT3G44326,AT3G50920,AT3G51980,AT3G54960,AT3G62600,AT3G12220,AT3G60540,AT4G04540,AT4G14370,AT4G14390,AT4G16660,AT4G24190,AT4G34630,AT5G03160,AT5G22570,AT5G25250,AT5G45630,AT5G58710,AT5G61790	AT1G01680,AT1G02450,AT1G04600,AT1G04980,AT1G08050,AT1G09080,AT1G14880,AT1G20310,AT1G21520,AT1G21750,AT1G30040,AT1G31290,AT1G42480,AT1G44130,AT1G56330,AT1G61790,AT1G65040,AT1G73805,AT1G74710,AT1G76650,AT1G09210,AT1G13470,AT1G14360,AT1G18260,AT1G29310,AT1G56340,AT1G77510,AT2G03120,AT2G18690,AT2G25110,AT2G25460,AT2G32680,AT2G32920,AT2G34250,AT2G40750,AT2G41490,AT2G44660,AT2G47470,AT2G32210,AT2G45070,AT3G01513,AT3G08970,AT3G22910,AT3G23120,AT3G23250,AT3G25510,AT3G25882,AT3G28210,AT3G44326,AT3G47540,AT3G50470,AT3G50920,AT3G51980,AT3G52430,AT3G54960,AT3G57260,AT3G62600,AT3G60540,AT5G10760,AT4G14365,AT4G16660,AT4G17420,AT4G24190,AT4G26120,AT4G29520,AT4G34630,AT4G39030,AT4G30500,AT5G03160,AT5G03350,AT5G03720,AT5G07340,AT5G17760,AT5G20230,AT5G22570,AT5G25250,AT5G35080,AT5G35735,AT5G42020,AT5G42380,AT5G45630,AT5G47420,AT5G52760,AT5G58710,AT5G60800,AT5G61790,AT5G62520,AT5G64810,AT5G52750,AT5G28540
3	AT1G76580	AT1G76580	1	na	PWM1289	CisBP	M1441_1.01	108	0.0004345259911519388	0.0075641272051983136	44	AT1G01010,AT1G19250,AT1G21550,AT1G34180,AT1G69720,AT1G72540,AT1G75040,AT1G01560,AT1G09210,AT2G04430,AT2G17040,AT2G23200,AT2G25110,AT2G25460,AT2G46400,AT2G46430,AT2G02810,AT2G04450,AT3G01513,AT3G01830,AT3G02840,AT3G21080,AT3G22910,AT3G23120,AT3G25510,AT3G28540,AT3G44326,AT3G48640,AT3G54960,AT3G12220,AT5G09290,AT4G14365,AT4G23130,AT4G39030,AT5G11920,AT5G22380,AT5G26690,AT5G35735,AT5G47850,AT5G60900,AT5G64810,AT5G66640,AT5G43910,AT4G23140	na
3	AT1G45249	ABF2	0	0	PWM2903	DAP-seq	ABF2_col	111	0.0004345259911519388	0.0075641272051983136	44	AT1G01680,AT1G04600,AT1G09080,AT1G20350,AT1G31290,AT1G56330,AT1G65040,AT1G74710,AT1G09210,AT1G18260,AT1G29310,AT2G25110,AT2G25460,AT2G34250,AT2G41490,AT2G44660,AT2G02810,AT3G01513,AT3G08970,AT3G17690,AT3G22910,AT3G23120,AT3G47540,AT3G48640,AT3G50920,AT3G51980,AT3G54960,AT3G56710,AT3G57240,AT3G62600,AT3G60540,AT4G11170,AT4G16660,AT4G23210,AT4G24190,AT4G34630,AT4G30500,AT5G03160,AT5G17760,AT5G45630,AT5G47420,AT5G52760,AT5G64810,AT5G28540	
3	AT1G45249	ABF2	0	0	PWM2540	JASPAR	MA0941.1	130	0.0008234440579488954	0.012407018452961088	43	AT1G04980,AT1G09080,AT1G44130,AT1G56330,AT1G61790,AT1G65040,AT1G74710,AT1G09210,AT1G18260,AT1G29310,AT2G25110,AT2G25460,AT2G41490,AT2G44660,AT2G47470,AT2G02810,AT2G32140,AT3G01513,AT3G08970,AT3G17690,AT3G22910,AT3G25882,AT3G28540,AT3G44326,AT3G50920,AT3G54960,AT3G56710,AT3G62600,AT3G12220,AT3G60540,AT4G01360,AT4G16660,AT4G17420,AT4G23310,AT4G23320,AT4G24190,AT4G30500,AT5G03160,AT5G22570,AT5G42380,AT5G45630,AT5G47420,AT5G64870	
3	AT1G45249	ABF2	0	0	PWM1178	CisBP	M0252_1.01	142	0.0015184730993904113	0.019173396247936673	42	AT1G09080,AT1G44130,AT1G56330,AT1G61790,AT1G65040,AT1G74710,AT1G09210,AT1G18260,AT1G29310,AT2G25110,AT2G25460,AT2G41490,AT2G44660,AT2G47470,AT2G02810,AT2G32140,AT3G01513,AT3G08970,AT3G17690,AT3G22910,AT3G25882,AT3G28540,AT3G44326,AT3G50920,AT3G54960,AT3G56710,AT3G62600,AT3G12220,AT3G60540,AT4G01360,AT4G16660,AT4G17420,AT4G23310,AT4G23320,AT4G24190,AT4G30500,AT5G03160,AT5G22570,AT5G42380,AT5G45630,AT5G47420,AT5G64870	
3	AT2G36270	ABI5	2	39	PWM2904	DAP-seq	ABI5_col	112	0.0004345259911519388	0.0075641272051983136	44	AT1G01680,AT1G04600,AT1G09080,AT1G20350,AT1G31290,AT1G56330,AT1G09210,AT1G29310,AT2G25110,AT2G25460,AT2G34250,AT2G41490,AT2G44660,AT2G47470,AT2G02810,AT3G01513,AT3G07520,AT3G17690,AT3G22910,AT3G23120,AT3G47540,AT3G50920,AT3G51980,AT3G54960,AT3G56710,AT3G57240,AT3G62600,AT3G60540,AT4G16660,AT4G23210,AT4G23310,AT4G23320,AT4G24190,AT4G30430,AT4G34630,AT4G13890,AT4G30500,AT5G03160,AT5G03720,AT5G17760,AT5G45630,AT5G52760,AT5G64810,AT5G28540	AT1G09080,AT1G21750,AT1G56330,AT1G61790,AT1G65040,AT1G73805,AT1G74710,AT1G09210,AT1G29310,AT1G56340,AT1G77510,AT2G18690,AT2G25110,AT2G25460,AT2G41490,AT2G44660,AT2G47470,AT2G02810,AT2G32210,AT3G01513,AT3G22910,AT3G24090,AT3G44326,AT3G50920,AT3G54960,AT3G56710,AT3G62600,AT3G60540,AT4G16660,AT4G24190,AT4G39670,AT4G30500,AT5G07340,AT5G17760,AT5G42380,AT5G45630,AT5G47420,AT5G58710,AT5G61790
3	AT2G36270	ABI5	2	39	PWM2530	JASPAR	MA0931.1	129	0.0008234440579488954	0.012407018452961088	43	AT1G04980,AT1G09080,AT1G21750,AT1G44130,AT1G56330,AT1G61790,AT1G65040,AT1G74710,AT1G75040,AT1G09210,AT1G18260,AT1G29310,AT2G03120,AT2G25110,AT2G25460,AT2G41490,AT2G44660,AT2G02810,AT3G01513,AT3G17690,AT3G22910,AT3G25882,AT3G47540,AT3G50920,AT3G54960,AT3G56710,AT3G62600,AT3G12220,AT3G22231,AT3G60540,AT4G16660,AT4G17420,AT4G23310,AT4G23320,AT4G24190,AT4G30500,AT5G03160,AT5G42380,AT5G45630,AT5G47420,AT5G64810,AT5G64870,AT3G22235	AT1G09080,AT1G21750,AT1G56330,AT1G61790,AT1G65040,AT1G73805,AT1G74710,AT1G09210,AT1G29310,AT1G56340,AT1G77510,AT2G18690,AT2G25110,AT2G25460,AT2G41490,AT2G44660,AT2G47470,AT2G02810,AT2G32210,AT3G01513,AT3G22910,AT3G24090,AT3G44326,AT3G50920,AT3G54960,AT3G56710,AT3G62600,AT3G60540,AT4G16660,AT4G24190,AT4G39670,AT4G30500,AT5G07340,AT5G17760,AT5G42380,AT5G45630,AT5G47420,AT5G58710,AT5G61790
3	AT2G36270	ABI5	2	39	PWM957	CisBP	M0257_1.01	162	0.0015184730993904113	0.019173396247936673	42	AT1G04980,AT1G09080,AT1G21750,AT1G44130,AT1G56330,AT1G61790,AT1G65040,AT1G74710,AT1G75040,AT1G09210,AT1G18260,AT1G29310,AT2G03120,AT2G25110,AT2G25460,AT2G41490,AT2G44660,AT2G02810,AT3G01513,AT3G17690,AT3G22910,AT3G25882,AT3G47540,AT3G50920,AT3G54960,AT3G56710,AT3G62600,AT3G12220,AT3G22231,AT3G60540,AT4G16660,AT4G23310,AT4G23320,AT4G24190,AT4G30500,AT5G03160,AT5G42380,AT5G45630,AT5G47420,AT5G64810,AT5G64870,AT3G22235	AT1G09080,AT1G21750,AT1G56330,AT1G61790,AT1G65040,AT1G73805,AT1G74710,AT1G09210,AT1G29310,AT1G56340,AT1G77510,AT2G18690,AT2G25110,AT2G25460,AT2G41490,AT2G44660,AT2G47470,AT2G02810,AT2G32210,AT3G01513,AT3G22910,AT3G24090,AT3G44326,AT3G50920,AT3G54960,AT3G56710,AT3G62600,AT3G60540,AT4G16660,AT4G24190,AT4G39670,AT4G30500,AT5G07340,AT5G17760,AT5G42380,AT5G45630,AT5G47420,AT5G58710,AT5G61790
3	AT3G18400	anac058	11	0	PWM3375	DAP-seq	ANAC058_col	113	0.0004345259911519388	0.0075641272051983136	44	AT1G04600,AT1G09080,AT1G20350,AT1G23840,AT1G31290,AT1G34180,AT1G44130,AT1G66960,AT1G13470,AT1G29310,AT1G56060,AT2G03120,AT2G18660,AT2G29110,AT2G46430,AT2G04450,AT2G32140,AT3G01080,AT3G01513,AT3G17690,AT3G28510,AT3G45130,AT3G50930,AT3G52430,AT3G57260,AT4G04490,AT4G04500,AT5G10760,AT4G11890,AT4G23130,AT4G23150,AT4G23210,AT4G25070,AT4G38560,AT4G39030,AT4G13890,AT5G11920,AT5G13320,AT5G39670,AT5G57510,AT5G62520,AT5G66640,AT3G46080,AT4G23140	
3	AT1G79580	ANAC033	6	na	PWM3418	DAP-seq	SMB_col	114	0.0004345259911519388	0.0075641272051983136	44	AT1G04600,AT1G09080,AT1G20350,AT1G23840,AT1G33960,AT1G34180,AT1G66960,AT1G73805,AT1G75040,AT1G13470,AT1G57630,AT2G25460,AT2G29110,AT2G31865,AT2G46430,AT2G32140,AT3G01513,AT3G17690,AT3G22910,AT3G23250,AT3G28210,AT3G28510,AT3G45130,AT3G48640,AT3G50930,AT3G52430,AT3G61280,AT3G22231,AT4G01360,AT4G04490,AT4G04500,AT4G11170,AT4G23150,AT4G23210,AT4G25070,AT4G28390,AT4G38560,AT4G39670,AT4G13890,AT5G10380,AT5G11920,AT5G22380,AT3G22235,AT4G23140	na
3	AT4G26640	AtWRKY20	0	0	PWM3521	DAP-seq	WRKY20_col	115	0.0004345259911519388	0.0075641272051983136	44	AT1G01010,AT1G02450,AT1G19250,AT1G20350,AT1G21520,AT1G09210,AT2G18690,AT2G25460,AT2G46400,AT2G46430,AT2G04450,AT2G32210,AT3G01830,AT3G02840,AT3G21080,AT3G22910,AT3G23120,AT3G25510,AT3G48640,AT3G50470,AT3G54960,AT3G61280,AT3G12220,AT4G01360,AT4G04500,AT5G09290,AT4G11170,AT4G11890,AT4G23130,AT4G24190,AT4G30430,AT4G39030,AT5G11920,AT5G22380,AT5G25250,AT5G35735,AT5G42020,AT5G60900,AT5G62520,AT5G64810,AT5G66640,AT5G25260,AT5G43910,AT4G23140	
3	AT4G26640	AtWRKY20	0	0	PWM1283	CisBP	M1571_1.01	175	0.002724031035035362	0.02996434138538898	41	AT1G02450,AT1G19250,AT1G20350,AT1G35230,AT1G44130,AT1G69720,AT1G72540,AT1G73805,AT1G01560,AT1G14360,AT1G77510,AT2G13810,AT2G25460,AT2G46400,AT2G46430,AT2G02810,AT2G04450,AT3G01080,AT3G02840,AT3G21080,AT3G22910,AT3G23120,AT3G23250,AT3G28540,AT3G44326,AT3G48640,AT4G01360,AT5G09290,AT4G11890,AT4G14365,AT4G23130,AT4G38560,AT4G39030,AT5G22380,AT5G47850,AT5G52760,AT5G57510,AT5G64810,AT5G66640,AT3G22235,AT4G23140	
3	AT5G52830	ATWRKY27	6	na	PWM3532	DAP-seq	WRKY27_col	117	0.0004345259911519388	0.0075641272051983136	44	AT1G01010,AT1G02450,AT1G09070,AT1G09080,AT1G21520,AT1G23840,AT1G66090,AT2G04430,AT2G13810,AT2G18690,AT2G23200,AT2G46430,AT2G04450,AT3G01080,AT3G17690,AT3G21080,AT3G23250,AT3G25510,AT3G48640,AT3G50470,AT3G50920,AT3G54960,AT3G57260,AT3G22231,AT4G01360,AT4G04500,AT4G11170,AT4G11890,AT4G14390,AT4G23130,AT4G23210,AT4G25070,AT4G28390,AT4G39030,AT4G30500,AT5G35735,AT5G40230,AT5G57510,AT5G60900,AT5G62520,AT5G64810,AT5G43910,AT3G22235,AT4G23140	na
3	AT1G29860	ATWRKY71	63	na	PWM1088	CisBP	M1568_1.01	119	0.0008234440579488954	0.012407018452961088	43	AT1G01010,AT1G02450,AT1G19250,AT1G35230,AT1G69720,AT1G72540,AT1G14360,AT1G58225,AT2G13810,AT2G23200,AT2G25460,AT2G31865,AT2G46400,AT2G46430,AT2G02810,AT2G04450,AT3G01080,AT3G21080,AT3G22910,AT3G23120,AT3G23250,AT3G28540,AT3G44326,AT3G48640,AT3G50470,AT4G04500,AT5G09290,AT4G11890,AT4G23130,AT4G26120,AT4G38560,AT4G39030,AT5G17760,AT5G22380,AT5G25250,AT5G35735,AT5G62520,AT5G64810,AT5G66640,AT5G25260,AT5G43910,AT3G22235,AT4G23140	na
3	AT1G29860	ATWRKY71	63	na	PWM3565	DAP-seq	WRKY71_col	159	0.0015184730993904113	0.019173396247936673	42	AT1G01010,AT1G02450,AT1G09070,AT1G09080,AT1G21520,AT1G23840,AT1G66090,AT1G77510,AT2G04430,AT2G18690,AT2G23200,AT2G25460,AT2G46430,AT2G32210,AT3G01080,AT3G17690,AT3G25510,AT3G48640,AT3G50470,AT3G50920,AT3G22231,AT4G04500,AT4G11170,AT4G11890,AT4G14370,AT4G14390,AT4G23130,AT4G23210,AT4G23310,AT4G28390,AT4G39030,AT4G30500,AT5G24200,AT5G25250,AT5G40230,AT5G42380,AT5G57510,AT5G62520,AT5G25260,AT5G43910,AT3G22235,AT4G23140	na
3	AT4G18170	ATWRKY28	13	na	PWM1089	CisBP	M1568_1.01	120	0.0008234440579488954	0.012407018452961088	43	AT1G01010,AT1G02450,AT1G19250,AT1G35230,AT1G69720,AT1G72540,AT1G14360,AT1G58225,AT2G13810,AT2G23200,AT2G25460,AT2G31865,AT2G46400,AT2G46430,AT2G02810,AT2G04450,AT3G01080,AT3G21080,AT3G22910,AT3G23120,AT3G23250,AT3G28540,AT3G44326,AT3G48640,AT3G50470,AT4G04500,AT5G09290,AT4G11890,AT4G23130,AT4G26120,AT4G38560,AT4G39030,AT5G17760,AT5G22380,AT5G25250,AT5G35735,AT5G62520,AT5G64810,AT5G66640,AT5G25260,AT5G43910,AT3G22235,AT4G23140	na
3	AT4G18170	ATWRKY28	13	na	PWM3534	DAP-seq	WRKY28_col	157	0.0015184730993904113	0.019173396247936673	42	AT1G01010,AT1G02450,AT1G09070,AT1G09080,AT1G21520,AT1G23840,AT1G66090,AT1G77510,AT2G18690,AT2G23200,AT2G25460,AT2G46430,AT2G04450,AT2G32210,AT3G01080,AT3G17690,AT3G21080,AT3G25510,AT3G48640,AT3G50470,AT3G50920,AT3G54960,AT3G61280,AT4G04500,AT4G11170,AT4G11890,AT4G14390,AT4G23130,AT4G23210,AT4G39030,AT4G30500,AT5G24200,AT5G25250,AT5G35735,AT5G40230,AT5G42020,AT5G57510,AT5G64810,AT5G66640,AT5G25260,AT5G43910,AT4G23140	na
3	AT1G55600	ATWRKY10	1	na	PWM1097	CisBP	M1550_1.01	122	0.0008234440579488954	0.012407018452961088	43	AT1G01010,AT1G02450,AT1G19250,AT1G69720,AT1G72540,AT1G14360,AT1G58225,AT2G13810,AT2G23200,AT2G25460,AT2G34250,AT2G46400,AT2G46430,AT2G02810,AT2G04450,AT3G01080,AT3G01830,AT3G07520,AT3G17690,AT3G22910,AT3G23120,AT3G28540,AT3G48640,AT3G50470,AT3G56710,AT4G01360,AT4G04500,AT5G09290,AT4G11170,AT4G11890,AT4G23130,AT4G23210,AT4G38560,AT4G39030,AT5G25250,AT5G35735,AT5G62520,AT5G64810,AT5G66640,AT5G25260,AT5G43910,AT3G22235,AT4G23140	na
3	AT1G69310	ATWRKY57	65	0	PWM1098	CisBP	M1550_1.01	123	0.0008234440579488954	0.012407018452961088	43	AT1G01010,AT1G02450,AT1G19250,AT1G69720,AT1G72540,AT1G14360,AT1G58225,AT2G13810,AT2G23200,AT2G25460,AT2G34250,AT2G46400,AT2G46430,AT2G02810,AT2G04450,AT3G01080,AT3G01830,AT3G07520,AT3G17690,AT3G22910,AT3G23120,AT3G28540,AT3G48640,AT3G50470,AT3G56710,AT4G01360,AT4G04500,AT5G09290,AT4G11170,AT4G11890,AT4G23130,AT4G23210,AT4G38560,AT4G39030,AT5G25250,AT5G35735,AT5G62520,AT5G64810,AT5G66640,AT5G25260,AT5G43910,AT3G22235,AT4G23140	
3	AT1G69310	ATWRKY57	65	0	PWM2683	JASPAR	MA1089.1	132	0.0008234440579488954	0.012407018452961088	43	AT1G01010,AT1G02450,AT1G19250,AT1G69720,AT1G72540,AT1G14360,AT1G58225,AT2G13810,AT2G18690,AT2G23200,AT2G25460,AT2G31865,AT2G34250,AT2G46400,AT2G46430,AT2G02810,AT2G04450,AT3G01080,AT3G01830,AT3G17690,AT3G22910,AT3G23120,AT3G28540,AT3G48640,AT3G50470,AT3G56710,AT4G04500,AT5G09290,AT4G11170,AT4G11890,AT4G23130,AT4G23210,AT4G38560,AT4G39030,AT5G25250,AT5G35735,AT5G62520,AT5G64810,AT5G66640,AT5G25260,AT5G43910,AT3G22235,AT4G23140	
3	AT4G39410	ATWRKY13	3	na	PWM1100	CisBP	M1550_1.01	125	0.0008234440579488954	0.012407018452961088	43	AT1G01010,AT1G02450,AT1G19250,AT1G69720,AT1G72540,AT1G14360,AT1G58225,AT2G13810,AT2G23200,AT2G25460,AT2G34250,AT2G46400,AT2G46430,AT2G02810,AT2G04450,AT3G01080,AT3G01830,AT3G07520,AT3G17690,AT3G22910,AT3G23120,AT3G28540,AT3G48640,AT3G50470,AT3G56710,AT4G01360,AT4G04500,AT5G09290,AT4G11170,AT4G11890,AT4G23130,AT4G23210,AT4G38560,AT4G39030,AT5G25250,AT5G35735,AT5G62520,AT5G64810,AT5G66640,AT5G25260,AT5G43910,AT3G22235,AT4G23140	na
3	AT5G43290	ATWRKY49	13	0	PWM1101	CisBP	M1550_1.01	126	0.0008234440579488954	0.012407018452961088	43	AT1G01010,AT1G02450,AT1G19250,AT1G69720,AT1G72540,AT1G14360,AT1G58225,AT2G13810,AT2G23200,AT2G25460,AT2G34250,AT2G46400,AT2G46430,AT2G02810,AT2G04450,AT3G01080,AT3G01830,AT3G07520,AT3G17690,AT3G22910,AT3G23120,AT3G28540,AT3G48640,AT3G50470,AT3G56710,AT4G01360,AT4G04500,AT5G09290,AT4G11170,AT4G11890,AT4G23130,AT4G23210,AT4G38560,AT4G39030,AT5G25250,AT5G35735,AT5G62520,AT5G64810,AT5G66640,AT5G25260,AT5G43910,AT3G22235,AT4G23140	
3	AT4G12020	ATWRKY19	2	na	PWM1176	CisBP	M1557_1.01	127	0.0008234440579488954	0.012407018452961088	43	AT1G01010,AT1G02450,AT1G19250,AT1G33960,AT1G69720,AT1G72540,AT1G76650,AT1G09210,AT1G14360,AT1G58225,AT2G13810,AT2G23200,AT2G25460,AT2G46430,AT2G02810,AT2G26400,AT3G01080,AT3G08970,AT3G17690,AT3G22910,AT3G23120,AT3G23250,AT3G28540,AT3G44326,AT3G48640,AT3G50930,AT4G01360,AT4G04500,AT5G09290,AT4G11170,AT4G11890,AT4G23130,AT4G38560,AT4G39030,AT5G17760,AT5G25250,AT5G35735,AT5G52760,AT5G57510,AT5G64810,AT5G25260,AT5G43910,AT3G22235	na
3	AT2G24430	ANAC038	15	0	PWM3360	DAP-seq	ANAC038_col	135	0.0008234440579488954	0.012407018452961088	43	AT1G04600,AT1G09080,AT1G20350,AT1G23840,AT1G34180,AT1G44130,AT1G66960,AT1G13470,AT1G56060,AT2G03120,AT2G18660,AT2G25460,AT2G29110,AT2G46430,AT2G04450,AT2G32140,AT3G01513,AT3G17690,AT3G28510,AT3G45130,AT3G50930,AT3G51980,AT3G52430,AT4G03450,AT4G04490,AT4G04500,AT5G10760,AT4G11890,AT4G14370,AT4G23130,AT4G23150,AT4G23210,AT4G25070,AT4G38560,AT4G39030,AT4G13890,AT5G11920,AT5G13320,AT5G25250,AT5G57510,AT5G62520,AT5G66640,AT4G23140	
3	AT4G36160	ANAC076	2	0	PWM3425	DAP-seq	VND2_col	136	0.0008234440579488954	0.012407018452961088	43	AT1G01680,AT1G09070,AT1G09080,AT1G19960,AT1G20350,AT1G21520,AT1G33960,AT1G44130,AT1G73805,AT1G75040,AT1G29310,AT1G56120,AT1G57630,AT2G03120,AT2G18660,AT2G29110,AT2G40520,AT2G46400,AT3G01080,AT3G01513,AT3G17690,AT3G22910,AT3G23120,AT3G28210,AT3G28510,AT3G45130,AT3G50930,AT3G57260,AT3G12220,AT4G04500,AT5G10760,AT4G11890,AT4G23130,AT4G23210,AT4G23310,AT4G23320,AT4G25070,AT4G38560,AT4G39030,AT4G13890,AT5G62520,AT5G64810,AT5G66640	
3	AT2G23320	AtWRKY15	21	0	PWM3515	DAP-seq	WRKY15_col	137	0.0008234440579488954	0.012407018452961088	43	AT1G02450,AT1G09070,AT1G09080,AT1G19250,AT1G21520,AT1G23840,AT1G13470,AT1G77510,AT2G04430,AT2G13810,AT2G18690,AT2G23200,AT2G25460,AT2G46430,AT2G04450,AT2G32210,AT3G01080,AT3G21080,AT3G25510,AT3G48640,AT3G50470,AT3G50920,AT3G54960,AT4G04500,AT4G11170,AT4G11890,AT4G14390,AT4G23130,AT4G23210,AT4G28390,AT4G39030,AT4G30500,AT5G24200,AT5G25250,AT5G35735,AT5G40230,AT5G57510,AT5G60900,AT5G62520,AT5G64810,AT5G25260,AT5G43910,AT4G23140	
3	AT2G46130	ATWRKY43	0	na	PWM3548	DAP-seq	WRKY43_col	140	0.0008234440579488954	0.012407018452961088	43	AT1G02450,AT1G09070,AT1G09080,AT1G21520,AT1G23840,AT1G61790,AT2G04430,AT2G18690,AT2G23200,AT2G25460,AT2G46430,AT2G32210,AT3G01080,AT3G01830,AT3G17690,AT3G25510,AT3G48640,AT3G50920,AT3G54960,AT3G61280,AT3G22231,AT4G04500,AT4G04540,AT4G11170,AT4G11890,AT4G14390,AT4G23130,AT4G23210,AT4G28390,AT4G39030,AT5G24200,AT5G25250,AT5G35735,AT5G40230,AT5G57510,AT5G60900,AT5G62520,AT5G64810,AT5G66640,AT5G25260,AT5G43910,AT3G22235,AT4G23140	na
3	AT2G46130	ATWRKY43	0	na	PWM2680	JASPAR	MA1086.1	149	0.0015184730993904113	0.019173396247936673	42	AT1G02450,AT1G04600,AT1G19250,AT1G69720,AT1G72540,AT1G14360,AT1G58225,AT2G13810,AT2G23200,AT2G25460,AT2G46430,AT2G02810,AT2G04450,AT3G01080,AT3G22910,AT3G23120,AT3G28540,AT3G48640,AT3G50470,AT3G56710,AT3G60540,AT4G01360,AT4G04500,AT5G09290,AT4G11170,AT4G11890,AT4G14365,AT4G14370,AT4G18250,AT4G23130,AT4G24190,AT4G38560,AT4G39030,AT4G30500,AT5G22380,AT5G35735,AT5G57510,AT5G64810,AT5G66640,AT5G43910,AT3G22235,AT4G23140	na
3	AT2G46130	ATWRKY43	0	na	PWM1511	CisBP	M1558_1.01	179	0.002724031035035362	0.02996434138538898	41	AT1G02450,AT1G04600,AT1G19250,AT1G69720,AT1G72540,AT1G14360,AT1G58225,AT2G13810,AT2G23200,AT2G25460,AT2G46430,AT2G02810,AT2G04450,AT3G01080,AT3G22910,AT3G23120,AT3G28540,AT3G48640,AT3G50470,AT3G56710,AT3G60540,AT4G04500,AT5G09290,AT4G11170,AT4G11890,AT4G14365,AT4G14370,AT4G18250,AT4G23130,AT4G24190,AT4G38560,AT4G39030,AT4G30500,AT5G22380,AT5G35735,AT5G57510,AT5G64810,AT5G66640,AT5G43910,AT3G22235,AT4G23140	na
3	AT4G24240	ATWRKY7	0	na	PWM3568	DAP-seq	WRKY7_col	141	0.0008234440579488954	0.012407018452961088	43	AT1G01010,AT1G02450,AT1G09070,AT1G09080,AT1G21520,AT1G23840,AT1G66090,AT2G04430,AT2G13810,AT2G18690,AT2G23200,AT2G25460,AT2G46430,AT2G04450,AT3G01080,AT3G07520,AT3G17690,AT3G25510,AT3G48640,AT3G50920,AT3G54960,AT3G22231,AT4G04500,AT4G11170,AT4G11890,AT4G14390,AT4G23130,AT4G23210,AT4G25070,AT4G28390,AT4G39030,AT4G30500,AT5G24200,AT5G25250,AT5G35735,AT5G40230,AT5G57510,AT5G60900,AT5G62520,AT5G64810,AT5G43910,AT3G22235,AT4G23140	na
3	AT5G26170	ATWRKY50	1	na	PWM1351	CisBP	M1572_1.01	143	0.0015184730993904113	0.019173396247936673	42	AT1G01010,AT1G02450,AT1G19250,AT1G23840,AT1G35230,AT1G69720,AT1G72540,AT1G76650,AT1G14360,AT1G58225,AT2G13810,AT2G23200,AT2G25460,AT2G31865,AT2G46430,AT2G02810,AT2G04450,AT3G01080,AT3G08970,AT3G17690,AT3G22910,AT3G23120,AT3G23250,AT3G28540,AT3G44326,AT3G48640,AT3G50470,AT3G50930,AT4G04500,AT5G09290,AT4G11170,AT4G11890,AT4G23130,AT4G26120,AT4G38560,AT4G39030,AT5G35735,AT5G62520,AT5G64810,AT5G43910,AT5G52750,AT3G22235	na
3	AT5G64810	ATWRKY51	89	na	PWM1352	CisBP	M1572_1.01	144	0.0015184730993904113	0.019173396247936673	42	AT1G01010,AT1G02450,AT1G19250,AT1G23840,AT1G35230,AT1G69720,AT1G72540,AT1G76650,AT1G14360,AT1G58225,AT2G13810,AT2G23200,AT2G25460,AT2G31865,AT2G46430,AT2G02810,AT2G04450,AT3G01080,AT3G08970,AT3G17690,AT3G22910,AT3G23120,AT3G23250,AT3G28540,AT3G44326,AT3G48640,AT3G50470,AT3G50930,AT4G04500,AT5G09290,AT4G11170,AT4G11890,AT4G23130,AT4G26120,AT4G38560,AT4G39030,AT5G35735,AT5G62520,AT5G64810,AT5G43910,AT5G52750,AT3G22235	na
3	AT5G56270	ATWRKY2	3	0	PWM2673	JASPAR	MA1078.1	147	0.0015184730993904113	0.019173396247936673	42	AT1G02450,AT1G19250,AT1G20350,AT1G35230,AT1G44130,AT1G69720,AT1G72540,AT1G73805,AT1G01560,AT1G14360,AT1G77510,AT1G57630,AT2G13810,AT2G25460,AT2G46400,AT2G46430,AT2G02810,AT2G04450,AT3G01080,AT3G02840,AT3G21080,AT3G22910,AT3G23120,AT3G23250,AT3G28540,AT3G44326,AT3G48640,AT4G01360,AT5G09290,AT4G11890,AT4G14365,AT4G23130,AT4G38560,AT4G39030,AT5G22380,AT5G47850,AT5G52760,AT5G57510,AT5G64810,AT5G66640,AT3G22235,AT4G23140	
3	AT5G56270	ATWRKY2	3	0	PWM1284	CisBP	M1571_1.01	176	0.002724031035035362	0.02996434138538898	41	AT1G02450,AT1G19250,AT1G20350,AT1G35230,AT1G44130,AT1G69720,AT1G72540,AT1G73805,AT1G01560,AT1G14360,AT1G77510,AT2G13810,AT2G25460,AT2G46400,AT2G46430,AT2G02810,AT2G04450,AT3G01080,AT3G02840,AT3G21080,AT3G22910,AT3G23120,AT3G23250,AT3G28540,AT3G44326,AT3G48640,AT4G01360,AT5G09290,AT4G11890,AT4G14365,AT4G23130,AT4G38560,AT4G39030,AT5G22380,AT5G47850,AT5G52760,AT5G57510,AT5G64810,AT5G66640,AT3G22235,AT4G23140	
3	AT2G30250	ATWRKY25	56	na	PWM2676	JASPAR	MA1081.1	148	0.0015184730993904113	0.019173396247936673	42	AT1G01340,AT1G02450,AT1G04600,AT1G19250,AT1G20350,AT1G21550,AT1G44130,AT1G69720,AT1G75040,AT1G01560,AT1G14360,AT1G57630,AT2G13810,AT2G25110,AT2G25460,AT2G46400,AT2G46430,AT2G02810,AT2G04450,AT2G45070,AT3G01080,AT3G02840,AT3G21080,AT3G22910,AT3G23120,AT3G23250,AT3G28540,AT3G44326,AT3G48640,AT5G09290,AT4G14365,AT4G39030,AT5G03350,AT5G11920,AT5G22380,AT5G25250,AT5G47850,AT5G57510,AT5G64810,AT5G66640,AT5G25260,AT3G22235	na
3	AT2G30250	ATWRKY25	56	na	PWM3528	DAP-seq	WRKY25_col	156	0.0015184730993904113	0.019173396247936673	42	AT1G01010,AT1G02450,AT1G04600,AT1G21520,AT1G23840,AT1G13470,AT1G77510,AT2G18690,AT2G25460,AT2G46400,AT2G46430,AT2G04450,AT2G32210,AT3G01080,AT3G01830,AT3G02840,AT3G21080,AT3G22910,AT3G25510,AT3G48640,AT3G50470,AT3G50920,AT3G54960,AT4G04500,AT4G11170,AT4G11890,AT4G14390,AT4G23130,AT4G39030,AT5G11920,AT5G13320,AT5G25250,AT5G35735,AT5G40230,AT5G42020,AT5G60900,AT5G62520,AT5G64810,AT5G66640,AT5G25260,AT5G43910,AT4G23140	na
3	AT2G30250	ATWRKY25	56	na	PWM1225	CisBP	M1555_1.01	164	0.002724031035035362	0.02996434138538898	41	AT1G01340,AT1G02450,AT1G04600,AT1G19250,AT1G20350,AT1G21550,AT1G44130,AT1G69720,AT1G75040,AT1G01560,AT1G14360,AT1G57630,AT2G13810,AT2G25110,AT2G25460,AT2G46400,AT2G46430,AT2G02810,AT2G04450,AT2G45070,AT3G02840,AT3G21080,AT3G22910,AT3G23120,AT3G23250,AT3G28540,AT3G44326,AT3G48640,AT5G09290,AT4G14365,AT4G39030,AT5G03350,AT5G11920,AT5G22380,AT5G25250,AT5G47850,AT5G57510,AT5G64810,AT5G66640,AT5G25260,AT3G22235	na
3	AT1G64625	AT1G64625	0	na	PWM2883	DAP-seq	BHLH157_col	150	0.0015184730993904113	0.019173396247936673	42	AT1G01680,AT1G02450,AT1G15010,AT1G20350,AT1G21520,AT1G75040,AT1G14360,AT1G18260,AT2G18690,AT2G25460,AT2G29110,AT2G45760,AT2G46400,AT2G47470,AT2G14610,AT3G08970,AT3G21080,AT3G45130,AT3G48640,AT3G50770,AT3G54960,AT3G57260,AT3G60540,AT4G01360,AT4G04490,AT4G11170,AT4G11890,AT4G23150,AT4G39670,AT4G13890,AT4G30500,AT5G11920,AT5G13320,AT5G17760,AT5G22570,AT5G24200,AT5G52760,AT5G62520,AT5G66640,AT5G43910,AT3G25010,AT3G46080	na
3	AT1G49720	ABF1	1	34	PWM326	AGRIS		151	0.0015184730993904113	0.019173396247936673	42	AT1G02450,AT1G14880,AT1G20310,AT1G21750,AT1G30040,AT1G31290,AT1G44130,AT1G56330,AT1G61790,AT1G72540,AT1G74710,AT1G18260,AT1G29310,AT2G25460,AT2G41490,AT2G44660,AT2G02810,AT3G01513,AT3G17690,AT3G24090,AT3G44326,AT3G47480,AT3G47540,AT3G50920,AT3G51980,AT3G54960,AT3G56710,AT3G62600,AT3G12220,AT3G60540,AT4G11170,AT4G14390,AT4G16660,AT4G24190,AT5G03160,AT5G22570,AT5G35735,AT5G52760,AT5G58710,AT5G61790,AT5G64810,AT5G64870	AT1G09080,AT1G21750,AT1G56330,AT1G65040,AT1G73805,AT1G76650,AT1G78920,AT1G09210,AT1G29310,AT1G77510,AT2G25110,AT2G25460,AT2G41490,AT2G47470,AT2G02810,AT2G45070,AT3G01830,AT3G08970,AT3G24090,AT3G50920,AT3G51980,AT3G54960,AT3G60540,AT4G16660,AT4G34630,AT4G30500,AT5G03160,AT5G03350,AT5G03720,AT5G17760,AT5G35080,AT5G47420,AT5G58710,AT5G61790
3	AT1G49720	ABF1	1	34	PWM974	CisBP	M0254_1.01	225	0.004752569385621393	0.0434763107572406	40	AT1G09080,AT1G30040,AT1G44130,AT1G56330,AT1G61790,AT1G65040,AT1G72540,AT1G09210,AT1G14360,AT1G18260,AT1G29310,AT2G13810,AT2G25110,AT2G25460,AT2G32680,AT2G41490,AT2G44660,AT2G02810,AT3G01513,AT3G08970,AT3G17690,AT3G25882,AT3G44326,AT3G47540,AT3G50920,AT3G54960,AT3G56710,AT3G62600,AT3G12220,AT3G60540,AT4G16660,AT4G24190,AT4G30500,AT5G03160,AT5G22570,AT5G35735,AT5G42380,AT5G45630,AT5G64810,AT5G64870	AT1G09080,AT1G21750,AT1G56330,AT1G65040,AT1G73805,AT1G76650,AT1G78920,AT1G09210,AT1G29310,AT1G77510,AT2G25110,AT2G25460,AT2G41490,AT2G47470,AT2G02810,AT2G45070,AT3G01830,AT3G08970,AT3G24090,AT3G50920,AT3G51980,AT3G54960,AT3G60540,AT4G16660,AT4G34630,AT4G30500,AT5G03160,AT5G03350,AT5G03720,AT5G17760,AT5G35080,AT5G47420,AT5G58710,AT5G61790
3	AT2G02450	ANAC034	0	na	PWM3359	DAP-seq	ANAC034_col	152	0.0015184730993904113	0.019173396247936673	42	AT1G01340,AT1G19250,AT1G20350,AT1G33960,AT1G66090,AT1G66960,AT1G74710,AT1G75040,AT1G76650,AT1G13470,AT1G56120,AT2G13810,AT2G40520,AT2G40750,AT2G46430,AT2G04450,AT3G01513,AT3G07520,AT3G23120,AT3G24090,AT3G28510,AT3G45130,AT3G50930,AT3G52430,AT3G56710,AT3G57240,AT3G57260,AT3G62600,AT3G60540,AT4G04490,AT4G04500,AT4G11170,AT4G11890,AT4G23150,AT4G23210,AT4G23310,AT4G29520,AT4G13890,AT5G25250,AT5G57510,AT5G62520,AT5G28540	na
3	AT2G43000	ANAC042	78	na	PWM3362	DAP-seq	ANAC042_col	153	0.0015184730993904113	0.019173396247936673	42	AT1G02450,AT1G20310,AT1G20350,AT1G21550,AT1G78920,AT1G18260,AT1G56120,AT2G18660,AT2G25110,AT2G40750,AT2G46400,AT2G04450,AT2G32190,AT2G32200,AT3G01080,AT3G04640,AT3G08970,AT3G23110,AT3G23120,AT3G45130,AT3G50920,AT3G50930,AT3G51980,AT3G56710,AT3G62600,AT3G60540,AT4G01360,AT4G03450,AT4G04490,AT4G11170,AT4G14390,AT4G23150,AT4G28390,AT5G01900,AT5G22380,AT5G22570,AT5G25250,AT5G35735,AT5G42020,AT5G47850,AT5G60900,AT5G62520	na
3	AT3G15500	ANAC055	9	na	PWM3372	DAP-seq	ANAC055_col	154	0.0015184730993904113	0.019173396247936673	42	AT1G01680,AT1G04980,AT1G09080,AT1G20350,AT1G21520,AT1G21550,AT1G31290,AT1G66090,AT1G74710,AT1G75040,AT1G13470,AT1G56120,AT2G03120,AT2G13810,AT2G18690,AT2G04450,AT2G45070,AT3G01080,AT3G01513,AT3G22910,AT3G23120,AT3G28510,AT3G45130,AT3G57240,AT3G62600,AT3G60540,AT4G04490,AT4G04500,AT4G11170,AT4G11890,AT4G23150,AT4G23320,AT4G24190,AT4G13890,AT4G30500,AT5G24200,AT5G35080,AT5G35735,AT5G52760,AT5G57510,AT5G62520,AT3G46080	na
3	AT2G24570	ATWRKY17	1	0	PWM3517	DAP-seq	WRKY17_col	155	0.0015184730993904113	0.019173396247936673	42	AT1G01010,AT1G01680,AT1G02450,AT1G09070,AT1G09080,AT1G21520,AT1G23840,AT1G35230,AT1G66090,AT1G72540,AT2G04430,AT2G13810,AT2G18690,AT2G23200,AT2G46430,AT3G01080,AT3G07520,AT3G17690,AT3G25510,AT3G48640,AT3G50470,AT3G50920,AT3G61280,AT3G22231,AT4G04500,AT4G04540,AT4G11170,AT4G11890,AT4G14370,AT4G14390,AT4G23130,AT4G23210,AT4G28390,AT4G39030,AT5G24200,AT5G35735,AT5G40230,AT5G57510,AT5G62520,AT5G43910,AT3G22235,AT4G23140	
3	AT2G24570	ATWRKY17	1	0	PWM1371	CisBP	M1553_1.01	178	0.002724031035035362	0.02996434138538898	41	AT1G01010,AT1G02450,AT1G19250,AT1G34180,AT1G69720,AT1G72540,AT1G14360,AT1G58225,AT2G13810,AT2G17040,AT2G23200,AT2G25460,AT2G34250,AT2G46400,AT2G46430,AT2G02810,AT2G04450,AT3G01080,AT3G01830,AT3G07520,AT3G22910,AT3G23120,AT3G28540,AT3G48640,AT3G50470,AT4G01360,AT4G04500,AT5G09290,AT4G11170,AT4G11890,AT4G23130,AT4G23210,AT4G38560,AT4G39030,AT5G25250,AT5G62520,AT5G64810,AT5G25260,AT5G43910,AT3G22235,AT4G23140	
3	AT2G46970	PIL1	0	na	PWM902	CisBP	M0150_1.01	160	0.0015184730993904113	0.019173396247936673	42	AT1G19250,AT1G30040,AT1G33960,AT1G61790,AT1G65040,AT1G75040,AT1G09210,AT1G14360,AT1G56340,AT2G25460,AT2G32680,AT2G41490,AT2G44660,AT2G46400,AT2G02810,AT2G14610,AT3G01080,AT3G01513,AT3G08970,AT3G24090,AT3G25882,AT3G47540,AT3G54960,AT3G56710,AT3G12220,AT3G60540,AT4G11170,AT4G16660,AT4G17420,AT4G23150,AT4G23310,AT4G23320,AT4G24190,AT4G30500,AT5G03160,AT5G22570,AT5G42380,AT5G45630,AT5G52760,AT5G64870,AT3G25010,AT4G23140	na
3	AT1G08000	GATA10	0	na	PWM914	CisBP	M0679_1.01	161	0.0015184730993904113	0.019173396247936673	42	AT1G02450,AT1G04600,AT1G09070,AT1G15010,AT1G21750,AT1G30040,AT1G56330,AT1G66090,AT1G75040,AT1G76650,AT1G78920,AT1G01560,AT1G09210,AT1G29310,AT2G03120,AT2G25110,AT2G29110,AT2G34250,AT2G02810,AT2G26400,AT2G45070,AT3G01080,AT3G44326,AT3G50470,AT3G50920,AT3G51980,AT3G54960,AT3G62600,AT4G04500,AT4G14365,AT4G24190,AT4G29520,AT4G34630,AT5G01900,AT5G22380,AT5G40230,AT5G42020,AT5G47420,AT5G58710,AT5G61790,AT5G64810,AT5G28540	na
3	AT5G01900	ATWRKY62	87	na	PWM1151	CisBP	M1565_1.01	163	0.002724031035035362	0.02996434138538898	41	AT1G01010,AT1G01340,AT1G02450,AT1G19250,AT1G21550,AT1G35230,AT1G01560,AT1G14360,AT1G77510,AT2G04430,AT2G13810,AT2G20142,AT2G25110,AT2G25460,AT2G34250,AT2G41490,AT2G46430,AT3G01080,AT3G02840,AT3G13100,AT3G22910,AT3G23120,AT3G23250,AT3G44326,AT3G45130,AT3G48640,AT4G04500,AT5G09290,AT4G11890,AT4G38560,AT4G39030,AT5G11920,AT5G22380,AT5G25250,AT5G42380,AT5G47850,AT5G57510,AT5G66640,AT5G25260,AT5G43910,AT3G46080	na
3	AT2G34830	AtWRKY35	5	na	PWM1259	CisBP	M1548_1.01	167	0.002724031035035362	0.02996434138538898	41	AT1G01010,AT1G02450,AT1G19250,AT1G69720,AT1G72540,AT1G14360,AT1G58225,AT2G13810,AT2G17040,AT2G23200,AT2G25460,AT2G46400,AT2G46430,AT2G02810,AT2G04450,AT3G01513,AT3G21080,AT3G22910,AT3G23120,AT3G28540,AT3G44326,AT3G48640,AT3G50470,AT3G54960,AT3G56710,AT4G04500,AT5G09290,AT4G11170,AT4G11890,AT4G14365,AT4G23130,AT4G26120,AT4G38560,AT4G39030,AT5G22380,AT5G35735,AT5G64810,AT5G66640,AT5G43910,AT3G22235,AT4G23140	na
3	AT3G58710	ATWRKY69	1	0	PWM1260	CisBP	M1548_1.01	168	0.002724031035035362	0.02996434138538898	41	AT1G01010,AT1G02450,AT1G19250,AT1G69720,AT1G72540,AT1G14360,AT1G58225,AT2G13810,AT2G17040,AT2G23200,AT2G25460,AT2G46400,AT2G46430,AT2G02810,AT2G04450,AT3G01513,AT3G21080,AT3G22910,AT3G23120,AT3G28540,AT3G44326,AT3G48640,AT3G50470,AT3G54960,AT3G56710,AT4G04500,AT5G09290,AT4G11170,AT4G11890,AT4G14365,AT4G23130,AT4G26120,AT4G38560,AT4G39030,AT5G22380,AT5G35735,AT5G64810,AT5G66640,AT5G43910,AT3G22235,AT4G23140	
3	AT5G45050	ATWRKY16	0	na	PWM1261	CisBP	M1548_1.01	169	0.002724031035035362	0.02996434138538898	41	AT1G01010,AT1G02450,AT1G19250,AT1G69720,AT1G72540,AT1G14360,AT1G58225,AT2G13810,AT2G17040,AT2G23200,AT2G25460,AT2G46400,AT2G46430,AT2G02810,AT2G04450,AT3G01513,AT3G21080,AT3G22910,AT3G23120,AT3G28540,AT3G44326,AT3G48640,AT3G50470,AT3G54960,AT3G56710,AT4G04500,AT5G09290,AT4G11170,AT4G11890,AT4G14365,AT4G23130,AT4G26120,AT4G38560,AT4G39030,AT5G22380,AT5G35735,AT5G64810,AT5G66640,AT5G43910,AT3G22235,AT4G23140	na
3	AT5G45260	ATWRKY52	1	na	PWM1262	CisBP	M1548_1.01	170	0.002724031035035362	0.02996434138538898	41	AT1G01010,AT1G02450,AT1G19250,AT1G69720,AT1G72540,AT1G14360,AT1G58225,AT2G13810,AT2G17040,AT2G23200,AT2G25460,AT2G46400,AT2G46430,AT2G02810,AT2G04450,AT3G01513,AT3G21080,AT3G22910,AT3G23120,AT3G28540,AT3G44326,AT3G48640,AT3G50470,AT3G54960,AT3G56710,AT4G04500,AT5G09290,AT4G11170,AT4G11890,AT4G14365,AT4G23130,AT4G26120,AT4G38560,AT4G39030,AT5G22380,AT5G35735,AT5G64810,AT5G66640,AT5G43910,AT3G22235,AT4G23140	na
3	AT1G13960	WRKY4	3	0	PWM1279	CisBP	M1571_1.01	171	0.002724031035035362	0.02996434138538898	41	AT1G02450,AT1G19250,AT1G20350,AT1G35230,AT1G44130,AT1G69720,AT1G72540,AT1G73805,AT1G01560,AT1G14360,AT1G77510,AT2G13810,AT2G25460,AT2G46400,AT2G46430,AT2G02810,AT2G04450,AT3G01080,AT3G02840,AT3G21080,AT3G22910,AT3G23120,AT3G23250,AT3G28540,AT3G44326,AT3G48640,AT4G01360,AT5G09290,AT4G11890,AT4G14365,AT4G23130,AT4G38560,AT4G39030,AT5G22380,AT5G47850,AT5G52760,AT5G57510,AT5G64810,AT5G66640,AT3G22235,AT4G23140	
3	AT3G01080	ATWRKY58	83	na	PWM1281	CisBP	M1571_1.01	173	0.002724031035035362	0.02996434138538898	41	AT1G02450,AT1G19250,AT1G20350,AT1G35230,AT1G44130,AT1G69720,AT1G72540,AT1G73805,AT1G01560,AT1G14360,AT1G77510,AT2G13810,AT2G25460,AT2G46400,AT2G46430,AT2G02810,AT2G04450,AT3G01080,AT3G02840,AT3G21080,AT3G22910,AT3G23120,AT3G23250,AT3G28540,AT3G44326,AT3G48640,AT4G01360,AT5G09290,AT4G11890,AT4G14365,AT4G23130,AT4G38560,AT4G39030,AT5G22380,AT5G47850,AT5G52760,AT5G57510,AT5G64810,AT5G66640,AT3G22235,AT4G23140	na
3	AT4G26440	ATWRKY34	2	0	PWM1282	CisBP	M1571_1.01	174	0.002724031035035362	0.02996434138538898	41	AT1G02450,AT1G19250,AT1G20350,AT1G35230,AT1G44130,AT1G69720,AT1G72540,AT1G73805,AT1G01560,AT1G14360,AT1G77510,AT2G13810,AT2G25460,AT2G46400,AT2G46430,AT2G02810,AT2G04450,AT3G01080,AT3G02840,AT3G21080,AT3G22910,AT3G23120,AT3G23250,AT3G28540,AT3G44326,AT3G48640,AT4G01360,AT5G09290,AT4G11890,AT4G14365,AT4G23130,AT4G38560,AT4G39030,AT5G22380,AT5G47850,AT5G52760,AT5G57510,AT5G64810,AT5G66640,AT3G22235,AT4G23140	
3	AT5G62020	AT-HSFB2A	2	0	PWM1597	PBM		180	0.002724031035035362	0.02996434138538898	41	AT1G04600,AT1G13340,AT1G14480,AT1G20310,AT1G21520,AT1G21550,AT1G34180,AT1G42480,AT1G73805,AT1G14360,AT2G03120,AT2G13810,AT2G17040,AT2G18660,AT2G29110,AT2G31865,AT2G40520,AT2G46400,AT2G04495,AT2G32140,AT2G32190,AT2G45070,AT3G01830,AT3G02840,AT3G08970,AT3G13100,AT3G17690,AT3G22910,AT3G23110,AT3G48640,AT3G62600,AT4G03450,AT4G23150,AT4G30500,AT5G07340,AT5G52760,AT5G66640,AT3G25010,AT3G46080,AT4G23140,AT5G28540	
3	AT5G45300	BAM8	0	na	PWM2875	DAP-seq	BAM8_col	181	0.002724031035035362	0.02996434138538898	41	AT1G01680,AT1G09080,AT1G21750,AT1G44130,AT1G56330,AT1G65040,AT1G75040,AT1G76650,AT1G09210,AT1G14360,AT1G18260,AT1G29310,AT1G56340,AT2G25110,AT2G41490,AT2G44660,AT2G46400,AT2G02810,AT3G01080,AT3G01513,AT3G08970,AT3G22910,AT3G23250,AT3G28540,AT3G54960,AT3G56710,AT3G57260,AT3G62600,AT3G12220,AT3G60540,AT4G01360,AT4G11170,AT4G16660,AT4G30500,AT5G01900,AT5G22380,AT5G22570,AT5G42020,AT5G45630,AT5G47420,AT5G64810	na
3	AT3G30530	ATBZIP42	5	na	PWM2914	DAP-seq	BZIP42_col	182	0.002724031035035362	0.02996434138538898	41	AT1G01680,AT1G04980,AT1G08050,AT1G09080,AT1G21750,AT1G42480,AT1G56330,AT1G09210,AT1G56340,AT2G03120,AT2G23200,AT2G25110,AT2G25460,AT2G32920,AT2G34250,AT2G40750,AT2G46400,AT2G47470,AT2G02810,AT2G45070,AT3G07520,AT3G23120,AT3G50930,AT3G51980,AT3G12220,AT3G60540,AT4G04500,AT4G14390,AT4G16660,AT4G30430,AT4G34630,AT4G30500,AT5G03160,AT5G03720,AT5G17760,AT5G42020,AT5G47420,AT5G52760,AT5G58710,AT5G64510,AT5G28540	na
3	AT1G77920	bZIP50	41	0	PWM2921	DAP-seq	BZIP50_col	183	0.002724031035035362	0.02996434138538898	41	AT1G01010,AT1G02450,AT1G19960,AT1G20310,AT1G61790,AT1G73805,AT1G09210,AT1G09932,AT1G56060,AT2G29110,AT2G40520,AT2G40750,AT2G46400,AT2G46430,AT2G14610,AT2G26400,AT2G32140,AT2G32190,AT2G32200,AT3G21080,AT3G23250,AT3G25882,AT3G52430,AT3G56400,AT3G56710,AT3G61280,AT3G22231,AT4G01360,AT4G04490,AT4G16660,AT4G17420,AT4G18250,AT4G29520,AT5G03350,AT5G22570,AT5G35735,AT5G42020,AT5G45630,AT5G57510,AT5G64810,AT3G22235	
3	AT4G18890	At4g18890	1	na	PWM2956	DAP-seq	AT4G18890_col	184	0.002724031035035362	0.02996434138538898	41	AT1G01680,AT1G13340,AT1G44130,AT1G56330,AT1G65040,AT1G75040,AT1G09210,AT1G14360,AT1G29310,AT1G56340,AT1G77510,AT2G03120,AT2G13810,AT2G25110,AT2G25460,AT2G41490,AT2G44660,AT2G46400,AT2G02810,AT2G32140,AT3G01513,AT3G28540,AT3G47540,AT3G54960,AT3G56710,AT3G57260,AT3G62600,AT3G12220,AT3G60540,AT4G01360,AT4G11170,AT4G16660,AT4G17420,AT5G03160,AT5G22380,AT5G22570,AT5G42020,AT5G45630,AT5G47420,AT5G64810,AT5G64870	na
3	AT1G34180	anac016	1	0	PWM3353	DAP-seq	ANAC016_col	185	0.002724031035035362	0.02996434138538898	41	AT1G20310,AT1G20350,AT1G30040,AT1G33960,AT1G34180,AT1G66960,AT1G13470,AT1G56060,AT1G56120,AT1G57630,AT2G03120,AT2G18660,AT2G29110,AT2G32140,AT3G01080,AT3G17690,AT3G21080,AT3G28210,AT3G28510,AT3G45130,AT3G50930,AT3G52430,AT3G57260,AT5G09290,AT4G11170,AT4G14370,AT4G23130,AT4G23150,AT4G23210,AT4G23320,AT4G25070,AT4G38560,AT4G39030,AT4G13890,AT5G11920,AT5G39670,AT5G57510,AT5G62520,AT5G66640,AT4G23140,AT5G28540	
3	AT3G10480	ANAC050	0	na	PWM3368	DAP-seq	ANAC050_col	186	0.002724031035035362	0.02996434138538898	41	AT1G04600,AT1G09080,AT1G20310,AT1G20350,AT1G23840,AT1G30040,AT1G34180,AT1G44130,AT1G66960,AT1G13470,AT1G29310,AT1G56060,AT1G57630,AT2G03120,AT2G29110,AT2G46430,AT2G32140,AT3G01080,AT3G17690,AT3G28510,AT3G45130,AT3G50930,AT3G52430,AT3G57260,AT4G04500,AT4G14370,AT4G23130,AT4G23150,AT4G23210,AT4G25070,AT4G38560,AT4G39030,AT4G13890,AT5G11920,AT5G13320,AT5G39670,AT5G57510,AT5G62520,AT5G66640,AT3G46080,AT4G23140	na
3	AT3G17730	anac057	1	na	PWM3373	DAP-seq	ANAC057_col	187	0.002724031035035362	0.02996434138538898	41	AT1G04600,AT1G09080,AT1G20350,AT1G23840,AT1G30040,AT1G34180,AT1G66960,AT1G74710,AT1G13470,AT1G29310,AT1G58225,AT1G57630,AT2G03120,AT2G29110,AT2G46430,AT2G32140,AT3G01080,AT3G17690,AT3G28210,AT3G28510,AT3G45130,AT3G50930,AT3G52430,AT3G57260,AT4G04490,AT4G04500,AT4G14370,AT4G23130,AT4G23150,AT4G23210,AT4G23320,AT4G25070,AT4G38560,AT4G39030,AT4G13890,AT5G11920,AT5G13320,AT5G57510,AT5G62520,AT5G66640,AT5G28540	na
3	AT5G18270	ANAC087	44	0	PWM3388	DAP-seq	ANAC087_col	188	0.002724031035035362	0.02996434138538898	41	AT1G04600,AT1G09080,AT1G20350,AT1G23840,AT1G34180,AT1G66960,AT1G75040,AT1G13470,AT1G57630,AT2G18660,AT2G25460,AT2G29110,AT2G46430,AT2G32140,AT3G01513,AT3G17690,AT3G28210,AT3G28510,AT3G45130,AT3G48640,AT3G50930,AT3G52430,AT3G61280,AT4G01360,AT4G04490,AT4G04500,AT4G11170,AT4G23130,AT4G23150,AT4G23210,AT4G25070,AT4G28390,AT4G38560,AT4G39030,AT4G13890,AT5G11920,AT5G25250,AT5G57510,AT5G66640,AT5G25260,AT4G23140	
3	AT3G15170	ANAC054	1	0	PWM3400	DAP-seq	CUC1_col	189	0.002724031035035362	0.02996434138538898	41	AT1G04600,AT1G09080,AT1G20310,AT1G20350,AT1G23840,AT1G34180,AT1G44130,AT1G66960,AT1G75040,AT1G13470,AT1G57630,AT2G03120,AT2G18660,AT2G29110,AT2G46430,AT2G04450,AT2G32140,AT3G01513,AT3G17690,AT3G28510,AT3G45130,AT3G50930,AT3G52430,AT3G56710,AT3G57260,AT3G61280,AT4G04490,AT4G04500,AT4G23130,AT4G23150,AT4G23210,AT4G25070,AT4G38560,AT4G39030,AT4G13890,AT5G11920,AT5G39670,AT5G57510,AT5G62520,AT5G64810,AT4G23140	
3	AT1G52880	ANAC018	2	0	PWM3408	DAP-seq	NAM_col	190	0.002724031035035362	0.02996434138538898	41	AT1G02450,AT1G09080,AT1G20350,AT1G66090,AT1G74710,AT1G75040,AT1G09932,AT1G13470,AT1G56120,AT1G58225,AT2G41490,AT2G04450,AT2G32190,AT2G45070,AT3G01080,AT3G01513,AT3G22910,AT3G23120,AT3G28510,AT3G45130,AT3G48640,AT3G50770,AT3G50930,AT3G57260,AT3G62600,AT3G12220,AT4G04490,AT4G04500,AT4G11170,AT4G23150,AT4G23320,AT4G24190,AT4G38560,AT4G13890,AT5G22380,AT5G35735,AT5G47850,AT5G57510,AT5G62520,AT4G23140,AT5G28540	
3	AT2G03500	At2g03500	4	na	PWM906	CisBP	M1265_1.01	194	0.002724031035035362	0.02996434138538898	41	AT1G04600,AT1G04980,AT1G08050,AT1G09070,AT1G43910,AT1G61790,AT1G75040,AT1G09210,AT1G09932,AT1G29310,AT1G56120,AT1G56340,AT2G03120,AT2G04430,AT2G18660,AT2G23200,AT2G31865,AT2G02810,AT2G26400,AT2G45070,AT3G01080,AT3G13100,AT3G17690,AT3G24090,AT3G25510,AT3G44326,AT3G50770,AT3G56400,AT3G60540,AT4G01360,AT4G16660,AT4G23150,AT4G34630,AT5G22570,AT5G35080,AT5G42020,AT5G60800,AT5G60900,AT5G61790,AT5G64810,AT5G28540	na
3	AT2G41940	ZFP8	1	na	PWM988	CisBP	M0351_1.01	195	0.002724031035035362	0.02996434138538898	41	AT1G04600,AT1G09070,AT1G13340,AT1G21240,AT1G21750,AT1G23840,AT1G43910,AT1G44130,AT1G56330,AT1G74710,AT1G56120,AT1G77510,AT2G31865,AT2G34250,AT2G40520,AT3G07520,AT3G13100,AT3G17690,AT3G22910,AT3G23110,AT3G23120,AT3G25510,AT3G28510,AT3G28540,AT3G62600,AT4G03450,AT4G11170,AT4G14370,AT4G18250,AT4G23130,AT4G23310,AT4G25070,AT5G03160,AT5G03720,AT5G10380,AT5G13320,AT5G25250,AT5G60800,AT5G60900,AT5G64870,AT3G25010	na
3	AT4G36930	SPT	1	0	PWM1293	CisBP	M0161_1.01	196	0.004752569385621393	0.0434763107572406	40	AT1G09070,AT1G19250,AT1G21750,AT1G30040,AT1G56330,AT1G61790,AT1G72540,AT1G74710,AT1G75040,AT1G09932,AT1G14360,AT1G29310,AT1G56340,AT2G25460,AT2G41490,AT2G44660,AT3G01513,AT3G08970,AT3G25882,AT3G28540,AT3G44326,AT3G47480,AT3G47540,AT3G50920,AT3G54960,AT3G56710,AT3G62600,AT3G12220,AT3G60540,AT4G11170,AT4G16660,AT4G17420,AT4G24190,AT4G26120,AT5G03160,AT5G22570,AT5G25250,AT5G52760,AT5G64810,AT5G64870	
3	AT4G36930	SPT	1	0	PWM2657	JASPAR	MA1061.1	208	0.004752569385621393	0.0434763107572406	40	AT1G09070,AT1G19250,AT1G21750,AT1G30040,AT1G56330,AT1G61790,AT1G72540,AT1G74710,AT1G75040,AT1G09932,AT1G14360,AT1G29310,AT1G56340,AT2G25460,AT2G41490,AT2G44660,AT3G01513,AT3G08970,AT3G25882,AT3G28540,AT3G44326,AT3G47480,AT3G47540,AT3G50920,AT3G54960,AT3G56710,AT3G62600,AT3G12220,AT3G60540,AT4G11170,AT4G16660,AT4G17420,AT4G24190,AT4G26120,AT5G03160,AT5G22570,AT5G25250,AT5G52760,AT5G64810,AT5G64870	
3	AT5G67110	ALC	1	na	PWM1294	CisBP	M0161_1.01	197	0.004752569385621393	0.0434763107572406	40	AT1G09070,AT1G19250,AT1G21750,AT1G30040,AT1G56330,AT1G61790,AT1G72540,AT1G74710,AT1G75040,AT1G09932,AT1G14360,AT1G29310,AT1G56340,AT2G25460,AT2G41490,AT2G44660,AT3G01513,AT3G08970,AT3G25882,AT3G28540,AT3G44326,AT3G47480,AT3G47540,AT3G50920,AT3G54960,AT3G56710,AT3G62600,AT3G12220,AT3G60540,AT4G11170,AT4G16660,AT4G17420,AT4G24190,AT4G26120,AT5G03160,AT5G22570,AT5G25250,AT5G52760,AT5G64810,AT5G64870	na
3	AT1G08320	bZIP21	0	0	PWM1405	CisBP	M0261_1.01	198	0.004752569385621393	0.0434763107572406	40	AT1G02450,AT1G19960,AT1G28480,AT1G43910,AT1G66090,AT1G73805,AT1G09932,AT1G13470,AT2G13810,AT2G40520,AT2G46400,AT2G46430,AT2G14610,AT2G26400,AT2G32190,AT2G32200,AT3G01080,AT3G21080,AT3G25882,AT3G28510,AT3G45130,AT3G51980,AT3G56400,AT3G56710,AT3G61280,AT3G22231,AT4G04490,AT4G04500,AT4G18250,AT4G23310,AT4G29520,AT5G03350,AT5G22570,AT5G35735,AT5G42020,AT5G57510,AT5G64810,AT5G43910,AT3G25010,AT3G22235	
3	AT1G68640	PAN	1	na	PWM1406	CisBP	M0261_1.01	199	0.004752569385621393	0.0434763107572406	40	AT1G02450,AT1G19960,AT1G28480,AT1G43910,AT1G66090,AT1G73805,AT1G09932,AT1G13470,AT2G13810,AT2G40520,AT2G46400,AT2G46430,AT2G14610,AT2G26400,AT2G32190,AT2G32200,AT3G01080,AT3G21080,AT3G25882,AT3G28510,AT3G45130,AT3G51980,AT3G56400,AT3G56710,AT3G61280,AT3G22231,AT4G04490,AT4G04500,AT4G18250,AT4G23310,AT4G29520,AT5G03350,AT5G22570,AT5G35735,AT5G42020,AT5G57510,AT5G64810,AT5G43910,AT3G25010,AT3G22235	na
3	AT3G12250	BZIP45	1	0	PWM1407	CisBP	M0261_1.01	200	0.004752569385621393	0.0434763107572406	40	AT1G02450,AT1G19960,AT1G28480,AT1G43910,AT1G66090,AT1G73805,AT1G09932,AT1G13470,AT2G13810,AT2G40520,AT2G46400,AT2G46430,AT2G14610,AT2G26400,AT2G32190,AT2G32200,AT3G01080,AT3G21080,AT3G25882,AT3G28510,AT3G45130,AT3G51980,AT3G56400,AT3G56710,AT3G61280,AT3G22231,AT4G04490,AT4G04500,AT4G18250,AT4G23310,AT4G29520,AT5G03350,AT5G22570,AT5G35735,AT5G42020,AT5G57510,AT5G64810,AT5G43910,AT3G25010,AT3G22235	
3	AT3G12250	BZIP45	1	0	PWM2665	JASPAR	MA1069.1	210	0.004752569385621393	0.0434763107572406	40	AT1G02450,AT1G19960,AT1G28480,AT1G43910,AT1G66090,AT1G73805,AT1G09932,AT1G13470,AT2G13810,AT2G40520,AT2G46400,AT2G46430,AT2G14610,AT2G26400,AT2G32190,AT2G32200,AT3G01080,AT3G21080,AT3G25882,AT3G28510,AT3G45130,AT3G51980,AT3G56400,AT3G56710,AT3G61280,AT3G22231,AT4G04490,AT4G04500,AT4G18250,AT4G23310,AT4G29520,AT5G03350,AT5G22570,AT5G35735,AT5G42020,AT5G57510,AT5G64810,AT5G43910,AT3G25010,AT3G22235	
3	AT5G06839	bZIP65	0	0	PWM1408	CisBP	M0261_1.01	201	0.004752569385621393	0.0434763107572406	40	AT1G02450,AT1G19960,AT1G28480,AT1G43910,AT1G66090,AT1G73805,AT1G09932,AT1G13470,AT2G13810,AT2G40520,AT2G46400,AT2G46430,AT2G14610,AT2G26400,AT2G32190,AT2G32200,AT3G01080,AT3G21080,AT3G25882,AT3G28510,AT3G45130,AT3G51980,AT3G56400,AT3G56710,AT3G61280,AT3G22231,AT4G04490,AT4G04500,AT4G18250,AT4G23310,AT4G29520,AT5G03350,AT5G22570,AT5G35735,AT5G42020,AT5G57510,AT5G64810,AT5G43910,AT3G25010,AT3G22235	
3	AT5G06839	bZIP65	0	0	PWM2937	DAP-seq	TGA10_col	213	0.004752569385621393	0.0434763107572406	40	AT1G01010,AT1G02450,AT1G19960,AT1G35230,AT1G42480,AT1G09210,AT1G09932,AT1G13470,AT1G56340,AT2G13810,AT2G29110,AT2G40750,AT2G46400,AT2G26400,AT2G32190,AT2G32200,AT3G01080,AT3G21080,AT3G23250,AT3G25882,AT3G28510,AT3G50770,AT3G56400,AT3G56710,AT3G61280,AT3G22231,AT3G60540,AT4G04490,AT4G14390,AT4G17420,AT4G18250,AT4G29520,AT5G03350,AT5G17760,AT5G22570,AT5G35735,AT5G45630,AT5G57510,AT5G64810,AT3G22235	
3	AT5G28770	AtbZIP63	3	na	PWM1427	CisBP	M0268_1.01	202	0.004752569385621393	0.0434763107572406	40	AT1G04600,AT1G04980,AT1G20350,AT1G31290,AT1G56330,AT1G61790,AT1G09210,AT1G09932,AT1G56340,AT2G03120,AT2G25460,AT2G34250,AT2G41490,AT2G46400,AT2G47470,AT2G02810,AT3G01513,AT3G25882,AT3G28540,AT3G47480,AT3G47540,AT3G54960,AT3G56710,AT3G57240,AT3G62600,AT3G12220,AT3G60540,AT4G11170,AT4G11890,AT4G16660,AT4G23320,AT4G24190,AT4G28390,AT5G03160,AT5G03720,AT5G17760,AT5G22570,AT5G52760,AT5G64510,AT5G64810	na
3	AT4G35390	AGF1	4	na	PWM2533	JASPAR	MA0934.1	205	0.004752569385621393	0.0434763107572406	40	AT1G01010,AT1G01680,AT1G02450,AT1G14880,AT1G19250,AT1G30040,AT1G33960,AT1G42480,AT1G78920,AT1G29310,AT2G13810,AT2G25460,AT2G32680,AT2G40750,AT2G46400,AT2G14610,AT2G32200,AT3G01080,AT3G25882,AT3G50920,AT3G50930,AT3G56400,AT3G57260,AT3G61280,AT3G22231,AT3G60540,AT4G03450,AT4G11170,AT4G14370,AT4G16660,AT5G01900,AT5G25250,AT5G35735,AT5G42020,AT5G47420,AT5G47850,AT5G58710,AT5G64870,AT5G52750,AT3G22235	na
3	AT3G04060	anac046	2	0	PWM2535	JASPAR	MA0936.1	206	0.004752569385621393	0.0434763107572406	40	AT1G01010,AT1G02450,AT1G04980,AT1G09080,AT1G13340,AT1G21520,AT1G35230,AT1G01560,AT1G09210,AT1G09932,AT1G56340,AT2G18690,AT2G25460,AT2G46400,AT2G47470,AT2G02810,AT2G04450,AT2G04495,AT3G01080,AT3G17690,AT3G23110,AT3G23120,AT3G28510,AT3G50930,AT3G62600,AT4G01360,AT4G03450,AT4G04500,AT5G09290,AT4G11170,AT4G17420,AT4G30500,AT5G20230,AT5G25250,AT5G35735,AT5G45630,AT5G47850,AT5G62520,AT5G66640,AT5G28540	
3	AT5G08130	BIM1	0	0	PWM2563	JASPAR	MA0964.1	207	0.004752569385621393	0.0434763107572406	40	AT1G09070,AT1G09080,AT1G19250,AT1G30040,AT1G61790,AT1G65040,AT1G72540,AT1G75040,AT1G56340,AT2G03120,AT2G25110,AT2G25460,AT2G41490,AT2G44660,AT2G02810,AT2G32210,AT2G32200,AT3G01513,AT3G08970,AT3G24090,AT3G25882,AT3G44326,AT3G47540,AT3G54960,AT3G56710,AT3G12220,AT3G60540,AT4G01360,AT4G11170,AT4G16660,AT4G23310,AT4G23320,AT4G26120,AT5G03160,AT5G22570,AT5G25250,AT5G45630,AT5G64870,AT3G46080,AT3G22235	
3	AT2G25000	ATWRKY60	66	na	PWM2684	JASPAR	MA1090.1	211	0.004752569385621393	0.0434763107572406	40	AT1G01010,AT1G01340,AT1G04600,AT1G19250,AT1G21520,AT1G34180,AT1G69720,AT1G01560,AT1G09210,AT2G13810,AT2G25110,AT2G25460,AT2G34250,AT2G46400,AT2G46430,AT2G02810,AT2G04450,AT3G02840,AT3G22910,AT3G23120,AT3G23250,AT3G25510,AT3G28540,AT3G44326,AT3G48640,AT3G12220,AT4G01360,AT4G04500,AT5G09290,AT4G38560,AT4G39030,AT5G11920,AT5G22380,AT5G42380,AT5G57510,AT5G60900,AT5G64810,AT5G66640,AT3G46080,AT3G22235	na
3	AT2G25000	ATWRKY60	66	na	PWM999	CisBP	M1554_1.01	226	0.004752569385621393	0.0434763107572406	40	AT1G01010,AT1G01340,AT1G04600,AT1G19250,AT1G21520,AT1G34180,AT1G69720,AT1G01560,AT1G09210,AT2G13810,AT2G25110,AT2G25460,AT2G34250,AT2G46400,AT2G46430,AT2G02810,AT2G04450,AT3G02840,AT3G22910,AT3G23120,AT3G23250,AT3G25510,AT3G28540,AT3G44326,AT3G48640,AT3G12220,AT4G01360,AT4G04500,AT5G09290,AT4G38560,AT4G39030,AT5G11920,AT5G22380,AT5G42380,AT5G57510,AT5G60900,AT5G64810,AT5G66640,AT3G46080,AT3G22235	na
3	AT3G56850	AREB3	0	0	PWM2906	DAP-seq	AREB3_col	212	0.004752569385621393	0.0434763107572406	40	AT1G01680,AT1G04600,AT1G09080,AT1G20350,AT1G31290,AT1G56330,AT1G74710,AT1G09210,AT1G29310,AT2G25110,AT2G25460,AT2G32680,AT2G34250,AT2G41490,AT2G44660,AT2G47470,AT2G02810,AT3G01513,AT3G07520,AT3G17690,AT3G22910,AT3G23120,AT3G47540,AT3G50920,AT3G51980,AT3G54960,AT3G57240,AT3G62600,AT3G60540,AT4G11170,AT4G16660,AT4G23210,AT4G24190,AT4G30430,AT4G34630,AT4G13890,AT4G30500,AT5G17760,AT5G35080,AT5G64810	
3	AT1G54330	ANAC020	0	0	PWM3357	DAP-seq	ANAC020_col	215	0.004752569385621393	0.0434763107572406	40	AT1G04600,AT1G09080,AT1G20350,AT1G23840,AT1G34180,AT1G66960,AT1G75040,AT1G57630,AT2G25460,AT2G29110,AT2G46430,AT2G32140,AT3G17690,AT3G22910,AT3G28210,AT3G28510,AT3G45130,AT3G50930,AT3G52430,AT3G57240,AT3G61280,AT4G01360,AT4G04490,AT4G04500,AT4G11170,AT4G23150,AT4G23210,AT4G25070,AT4G28390,AT4G38560,AT4G39030,AT4G39670,AT4G13890,AT5G11920,AT5G22380,AT5G25250,AT5G57510,AT5G60900,AT5G25260,AT4G23140	
3	AT5G07680	ANAC079	4	0	PWM3384	DAP-seq	ANAC079_col	216	0.004752569385621393	0.0434763107572406	40	AT1G04600,AT1G09080,AT1G20350,AT1G23840,AT1G34180,AT1G44130,AT1G66960,AT1G75040,AT1G13470,AT2G18660,AT2G25460,AT2G29110,AT2G46430,AT2G32140,AT3G01513,AT3G17690,AT3G28210,AT3G28510,AT3G45130,AT3G50930,AT3G52430,AT3G61280,AT4G01360,AT4G04490,AT4G04500,AT4G11170,AT4G23150,AT4G23210,AT4G25070,AT4G28390,AT4G38560,AT4G39030,AT4G39670,AT4G13890,AT5G11920,AT5G25250,AT5G57510,AT5G25260,AT3G22235,AT4G23140	
3	AT5G53950	ANAC098	0	0	PWM3402	DAP-seq	CUC2_col	217	0.004752569385621393	0.0434763107572406	40	AT1G04600,AT1G09080,AT1G20310,AT1G20350,AT1G23840,AT1G33960,AT1G34180,AT1G66960,AT1G75040,AT1G13470,AT1G29310,AT2G18660,AT2G29110,AT2G46430,AT2G32140,AT3G01080,AT3G01513,AT3G01830,AT3G17690,AT3G28510,AT3G45130,AT3G50930,AT3G52430,AT3G56710,AT3G57260,AT3G61280,AT4G01360,AT4G04490,AT4G04500,AT4G23150,AT4G23210,AT4G25070,AT4G38560,AT4G39030,AT4G13890,AT5G11920,AT5G39670,AT5G57510,AT5G62520,AT5G64870	
3	AT3G47620	AtTCP14	0	0	PWM3478	DAP-seq	TCP14_col	218	0.004752569385621393	0.0434763107572406	40	AT1G01010,AT1G01340,AT1G01680,AT1G02450,AT1G04600,AT1G04980,AT1G08050,AT1G09070,AT1G09080,AT1G56330,AT1G61790,AT1G74710,AT1G01560,AT1G09210,AT1G09932,AT1G18260,AT1G29310,AT1G56120,AT2G17040,AT2G25460,AT2G46400,AT2G32200,AT3G01080,AT3G01513,AT3G07520,AT3G22910,AT3G23120,AT3G25510,AT3G25882,AT3G28210,AT3G50930,AT3G54960,AT3G56710,AT3G57260,AT3G12220,AT4G25070,AT5G03720,AT5G35735,AT5G40230,AT5G64870	
3	AT5G11260	HY5	0	0	PWM663	AthaMAP	T10638	219	0.004752569385621393	0.0434763107572406	40	AT1G01340,AT1G01680,AT1G04600,AT1G20350,AT1G21750,AT1G31290,AT1G56330,AT1G66090,AT1G72540,AT1G18260,AT1G56060,AT1G56340,AT2G13810,AT2G32680,AT2G41490,AT2G46400,AT2G47470,AT3G07520,AT3G23120,AT3G25510,AT3G47540,AT3G48640,AT3G56710,AT3G57240,AT3G60540,AT4G04500,AT4G11170,AT4G11890,AT4G14390,AT4G23210,AT4G34630,AT4G13890,AT5G17760,AT5G35080,AT5G52760,AT5G58710,AT5G61790,AT5G64510,AT3G25010,AT3G46080	
3	AT5G11260	HY5	0	0	PWM800	AthaMAP	T10638	221	0.004752569385621393	0.0434763107572406	40	AT1G01680,AT1G15010,AT1G19960,AT1G28480,AT1G66960,AT1G73805,AT2G13810,AT2G17040,AT2G31865,AT2G44240,AT2G46400,AT2G26400,AT2G32210,AT2G32200,AT3G01080,AT3G13100,AT3G21080,AT3G22910,AT3G23250,AT3G25882,AT3G28510,AT3G44326,AT3G54960,AT3G56710,AT3G57240,AT3G61280,AT3G62600,AT4G04540,AT5G10760,AT4G14365,AT4G16660,AT4G17420,AT4G23130,AT4G23150,AT4G29520,AT5G22570,AT5G57510,AT3G46080,AT4G23140,AT5G28540	
3	AT3G19290	ABF4	1	73	PWM746	AGRIS		220	0.004752569385621393	0.0434763107572406	40	AT1G04600,AT1G08050,AT1G14880,AT1G20310,AT1G21750,AT1G30040,AT1G31290,AT1G35230,AT1G56330,AT1G61790,AT1G72540,AT1G74710,AT1G09210,AT1G18260,AT1G29310,AT2G25460,AT2G40520,AT2G41490,AT2G44660,AT2G47470,AT2G02810,AT3G08970,AT3G17690,AT3G44326,AT3G50920,AT3G51980,AT3G54960,AT3G56710,AT3G62600,AT3G60540,AT4G11170,AT4G14390,AT4G23210,AT4G24190,AT4G34630,AT4G13890,AT5G03160,AT5G22380,AT5G61790,AT5G64810	AT1G01680,AT1G04600,AT1G04980,AT1G08050,AT1G09080,AT1G20310,AT1G21750,AT1G31290,AT1G42480,AT1G56330,AT1G65040,AT1G73805,AT1G74710,AT1G76650,AT1G09210,AT1G14360,AT1G18260,AT1G29310,AT1G56340,AT1G77510,AT2G03120,AT2G18690,AT2G25110,AT2G25460,AT2G32920,AT2G34250,AT2G41490,AT2G44660,AT2G45760,AT2G47470,AT2G02810,AT2G32140,AT2G45070,AT3G01513,AT3G08970,AT3G22910,AT3G23120,AT3G23250,AT3G24090,AT3G25882,AT3G44326,AT3G50470,AT3G50920,AT3G51980,AT3G54960,AT3G62600,AT3G60540,AT4G01360,AT4G14365,AT4G16660,AT4G17420,AT4G24190,AT4G29520,AT4G39030,AT4G39670,AT4G30500,AT5G03160,AT5G03350,AT5G03720,AT5G07340,AT5G17760,AT5G20230,AT5G35080,AT5G35735,AT5G42020,AT5G42380,AT5G45630,AT5G47420,AT5G58710,AT5G61790,AT5G64810,AT5G64870,AT5G28540
3	AT1G01260	JAM2	0	0	PWM897	CisBP	M0149_1.01	222	0.004752569385621393	0.0434763107572406	40	AT1G19250,AT1G21750,AT1G61790,AT1G65040,AT1G72540,AT1G74710,AT1G75040,AT1G14360,AT1G29310,AT1G77510,AT2G25460,AT2G41490,AT2G44660,AT2G46400,AT2G02810,AT3G01513,AT3G17690,AT3G25882,AT3G28540,AT3G47480,AT3G47540,AT3G50920,AT3G50930,AT3G54960,AT3G56710,AT3G62600,AT3G12220,AT3G60540,AT4G11170,AT4G16660,AT4G17420,AT4G23320,AT4G24190,AT4G39030,AT4G30500,AT5G03160,AT5G22380,AT5G22570,AT5G64810,AT5G64870	
3	AT5G57150	AT5G57150	0	na	PWM898	CisBP	M0149_1.01	223	0.004752569385621393	0.0434763107572406	40	AT1G19250,AT1G21750,AT1G61790,AT1G65040,AT1G72540,AT1G74710,AT1G75040,AT1G14360,AT1G29310,AT1G77510,AT2G25460,AT2G41490,AT2G44660,AT2G46400,AT2G02810,AT3G01513,AT3G17690,AT3G25882,AT3G28540,AT3G47480,AT3G47540,AT3G50920,AT3G50930,AT3G54960,AT3G56710,AT3G62600,AT3G12220,AT3G60540,AT4G11170,AT4G16660,AT4G17420,AT4G23320,AT4G24190,AT4G39030,AT4G30500,AT5G03160,AT5G22380,AT5G22570,AT5G64810,AT5G64870	na
