GeneSet	Regulator	Symbol	CO	PD	PWM_num	PWM_source	PWM_name	rank	p-value	q-value	#hits	hits	PDtargets
1	AT1G01060	LHY	4	na	PWM3338	DAP-seq	LHY1_col	1	4.675659242839417e-7	0.0008383457022411074	134	AT5G42900,AT2G40080,AT2G23910,AT3G42090,AT4G33980,AT3G07650,AT4G33985,AT1G07050,AT4G34950,AT1G11210,AT4G33990,AT3G58590,AT5G40180,AT2G01390,AT4G07840,AT2G28085,AT2G02120,AT4G14640,AT3G45090,AT4G04330,AT4G36560,AT5G02340,AT2G26560,AT4G30650,AT2G22450,AT1G16850,AT4G16146,AT1G28050,AT1G76790,AT3G50120,AT2G33830,AT3G05790,AT3G25610,AT3G05630,AT3G49580,AT3G56260,AT5G44010,AT3G20810,AT4G11650,AT3G05130,AT1G17600,AT3G25020,AT1G43080,AT5G06510,AT4G25950,AT5G52850,AT2G46130,AT2G36270,AT5G52340,AT1G64890,AT5G37260,AT1G47400,AT1G43840,AT5G26731,AT4G21270,AT4G02750,AT3G03170,AT2G40230,AT1G14680,AT3G22830,AT4G26660,AT2G16750,AT4G18850,AT3G59750,AT4G04900,AT2G29330,AT5G46820,AT3G24310,AT4G09020,AT2G42530,AT1G67970,AT2G17845,AT5G57080,AT4G10120,AT5G45200,AT1G10690,AT5G08640,AT4G27560,AT2G29940,AT2G43570,AT5G57220,AT5G49640,AT5G40010,AT1G12490,AT2G39710,AT5G51470,AT4G03800,AT2G44550,AT5G25210,AT5G02580,AT2G19250,AT5G63690,AT4G08450,AT2G06005,AT1G66830,AT5G02570,AT4G15340,AT3G30310,AT1G49220,AT5G26070,AT5G02190,AT1G70010,AT4G24650,AT1G07680,AT4G30660,AT1G76270,AT3G46970,AT1G71490,AT5G02220,AT2G06390,AT4G14400,AT5G32610,AT5G61380,AT5G27870,AT1G52840,AT5G57630,AT3G57520,AT4G31840,AT3G43210,AT5G46050,AT5G56700,AT1G75880,AT4G19120,AT2G10010,AT2G15830,AT3G44960,AT1G22275,AT5G06610,AT1G79450,AT4G21420,AT4G08680,AT5G11150,AT3G46500,AT3G53910	na
1	AT3G09600	At3g09600	5	na	PWM3310	DAP-seq	AT3G09600_col	2	0.000002153616147180307	0.0019307168759471452	131	AT5G42900,AT2G40080,AT2G23910,AT3G42090,AT4G33980,AT1G17665,AT3G07650,AT4G33985,AT1G07050,AT1G71060,AT4G34950,AT1G11210,AT4G33990,AT3G58590,AT5G40180,AT2G01390,AT2G28085,AT4G00160,AT2G02120,AT4G14640,AT3G45090,AT5G36710,AT4G04330,AT4G36560,AT2G26560,AT4G30650,AT2G22450,AT1G16850,AT4G16146,AT1G28050,AT1G76790,AT2G33830,AT3G05790,AT3G25610,AT3G05630,AT2G04310,AT3G49580,AT1G09680,AT3G56260,AT5G44010,AT2G11220,AT3G20810,AT3G05130,AT1G17600,AT3G25020,AT1G43080,AT4G25950,AT5G52850,AT2G46130,AT1G15480,AT2G36270,AT5G52340,AT1G64890,AT5G37260,AT1G47400,AT5G26731,AT4G02750,AT2G40230,AT1G14680,AT3G22830,AT4G26660,AT2G16750,AT4G18850,AT3G59750,AT4G04900,AT2G29330,AT3G24310,AT4G09020,AT5G51610,AT2G42530,AT1G67970,AT5G57080,AT5G45200,AT1G10690,AT5G08640,AT4G27560,AT2G43570,AT5G57220,AT2G32290,AT5G40010,AT1G12490,AT2G39710,AT5G51470,AT4G03800,AT2G44550,AT5G25210,AT5G02580,AT2G19250,AT4G08450,AT2G06005,AT5G45240,AT1G66830,AT5G02570,AT4G15340,AT3G30310,AT1G49220,AT5G26070,AT5G02190,AT1G70010,AT1G61950,AT4G24650,AT1G07680,AT4G30660,AT1G76270,AT3G46970,AT1G71490,AT5G02220,AT1G16800,AT2G06390,AT5G32610,AT5G61380,AT5G61350,AT5G27870,AT3G48360,AT5G57630,AT3G57520,AT4G31840,AT3G43210,AT5G46050,AT5G56700,AT4G19120,AT2G10010,AT2G15830,AT3G44960,AT5G06610,AT1G79450,AT2G34100,AT4G08680,AT5G11150,AT3G46500,AT3G53910	na
1	AT5G02840	LCL1	0	0	PWM3336	DAP-seq	LCL1_col	3	0.000022814978883111662	0.013635752379139736	126	AT5G42900,AT2G40080,AT2G23910,AT3G42090,AT4G33980,AT3G07650,AT4G33985,AT1G07050,AT1G71060,AT4G34950,AT1G11210,AT4G33990,AT3G58590,AT5G40180,AT2G01390,AT4G07840,AT2G28085,AT4G00160,AT2G02120,AT4G14640,AT3G45090,AT4G04330,AT4G36560,AT2G26560,AT4G30650,AT2G22450,AT1G16850,AT4G16146,AT1G28050,AT2G33830,AT3G05790,AT3G25610,AT3G05630,AT5G17460,AT3G49580,AT1G09680,AT3G56260,AT5G44010,AT2G11220,AT3G20810,AT3G05130,AT3G25020,AT1G43080,AT5G06510,AT4G25950,AT5G52850,AT2G46130,AT1G15480,AT2G36270,AT4G34750,AT5G52340,AT1G64890,AT5G37260,AT5G26731,AT1G66440,AT3G03170,AT2G40230,AT1G14680,AT3G22830,AT4G26660,AT2G16750,AT3G59750,AT4G04900,AT2G29330,AT3G24310,AT4G09020,AT2G42530,AT5G47240,AT1G67970,AT5G57080,AT4G10120,AT5G45200,AT1G10690,AT4G27560,AT1G56010,AT5G57220,AT5G49640,AT5G40010,AT1G12490,AT2G39710,AT5G51470,AT4G03800,AT2G44550,AT5G25210,AT5G02580,AT2G19250,AT4G08450,AT2G06005,AT1G66830,AT5G02570,AT4G15340,AT3G30310,AT1G49220,AT5G26070,AT5G02190,AT1G70010,AT1G61950,AT5G51870,AT4G24650,AT4G30660,AT1G76270,AT3G46970,AT1G71490,AT5G02220,AT2G06390,AT5G32610,AT5G61380,AT5G27870,AT3G48360,AT1G52840,AT5G57630,AT4G31840,AT3G43210,AT5G46050,AT5G56700,AT4G19120,AT2G10010,AT2G15830,AT3G44960,AT1G22275,AT5G06610,AT1G79450,AT4G21420,AT4G08680,AT5G11150,AT3G53910	
1	AT2G28920	AT2G28920	10	na	PWM3436	DAP-seq	AT2G28920_col	4	0.000022814978883111662	0.013635752379139736	126	AT5G42900,AT2G40080,AT2G23910,AT3G42090,AT4G33980,AT3G07650,AT4G33985,AT1G07050,AT4G34950,AT1G11210,AT4G33990,AT3G58590,AT5G40180,AT2G01390,AT4G07840,AT2G28085,AT3G59370,AT2G02120,AT3G45090,AT4G04330,AT4G36560,AT5G02340,AT2G26560,AT4G30650,AT1G31690,AT2G33710,AT2G22450,AT1G16850,AT4G16146,AT1G28050,AT1G76790,AT2G33830,AT3G05790,AT3G05630,AT3G49580,AT3G56260,AT5G44010,AT3G20810,AT4G11650,AT3G05130,AT1G17600,AT3G25020,AT1G43080,AT5G06510,AT4G25950,AT5G52850,AT2G46130,AT5G52340,AT1G64890,AT5G37260,AT1G47400,AT1G43840,AT5G26731,AT1G70920,AT4G21270,AT4G02750,AT3G03170,AT2G40230,AT1G14680,AT3G22830,AT4G26660,AT2G16750,AT4G18850,AT3G59750,AT4G04900,AT2G29330,AT5G46820,AT3G24310,AT4G09020,AT5G51610,AT2G42530,AT1G67970,AT5G57080,AT4G10120,AT5G45200,AT1G10690,AT5G08640,AT4G27560,AT5G57220,AT5G49640,AT1G12490,AT2G39710,AT5G51470,AT4G03800,AT2G44550,AT5G25210,AT5G02580,AT2G19250,AT5G63690,AT4G08450,AT2G06005,AT1G66830,AT5G02570,AT4G15340,AT3G30310,AT1G49220,AT5G26070,AT2G15930,AT5G02190,AT1G70010,AT4G24650,AT4G30660,AT1G76270,AT3G46970,AT1G71490,AT5G02220,AT2G06390,AT4G14400,AT5G32610,AT5G61380,AT5G27870,AT1G52840,AT5G57630,AT4G31840,AT3G43210,AT5G56700,AT1G75880,AT4G19120,AT2G10010,AT2G15830,AT3G44960,AT1G22275,AT1G79450,AT5G11150,AT3G46500,AT3G53910	na
2	AT3G10113	AT3G10113	21	na	PWM3312	DAP-seq	AT3G10113_col	1	6.044627891593652e-9	0.000010838017809627418	41	AT5G62360,AT3G53250,AT3G42860,AT2G15880,AT2G38465,AT5G24470,AT2G07440,AT2G39920,AT1G20030,AT1G69940,AT2G21660,AT1G66310,AT4G33310,AT1G56300,AT3G62550,AT3G28870,ATMG00280,ATMG01220,AT1G49720,AT5G46520,AT5G44210,AT5G09630,AT5G16560,AT1G28330,AT4G01130,AT5G67480,AT5G44830,AT5G06690,ATMG00650,AT5G17850,AT3G04060,AT5G59570,AT2G21130,AT5G51570,AT4G26670,AT5G48250,AT1G67370,AT4G03680,AT1G76590,AT2G21640,AT2G25730	na
2	AT3G10113	AT3G10113	21	na	PWM959	CisBP	M1219_1.01	4	6.044627891593652e-9	0.000010838017809627418	41	AT1G48720,AT5G62360,AT3G53250,AT4G26800,AT3G59720,AT5G24470,AT2G07440,AT2G40340,AT2G39920,AT1G19370,AT1G20030,AT2G21660,AT1G66310,AT1G56300,AT3G62550,AT3G28870,ATMG00280,AT5G46520,AT5G44210,AT5G09630,AT1G28330,AT4G01130,AT4G01340,AT5G06690,AT5G17850,AT5G59570,AT2G21130,AT3G59820,AT5G03720,AT5G33380,AT5G51570,AT4G26670,AT2G15890,AT5G26020,AT5G48250,AT5G51860,AT1G67370,AT1G76590,AT2G21640,AT2G25730,ATMG00640	na
2	AT5G17300	RVE1	1	na	PWM3340	DAP-seq	RVE1_col	2	6.044627891593652e-9	0.000010838017809627418	41	AT5G62360,AT3G53250,AT2G15880,AT2G38465,AT5G24470,AT2G07440,AT2G39920,AT1G20030,AT1G69940,AT2G21660,AT1G66310,AT4G33310,AT1G56300,AT3G62550,AT3G28870,ATMG00280,ATMG01220,AT1G49720,AT5G44210,AT5G09630,AT1G28330,AT4G01130,AT5G67480,AT5G44830,AT5G06690,ATMG00650,AT5G17850,AT5G59570,AT2G21130,AT3G59820,AT5G03720,AT5G51570,AT4G26670,AT2G15890,AT5G48250,AT1G67370,AT4G03680,AT1G76590,AT2G21640,AT2G25730,AT3G10780	na
2	AT5G17300	RVE1	1	na	PWM1556	PBM		6	6.517594590147036e-8	0.000019476745166889393	39	AT1G53903,AT5G62360,AT3G53250,AT2G15880,AT1G36940,AT2G07440,AT2G40340,AT1G19370,AT1G20030,AT1G69940,AT2G37580,AT2G21660,AT4G33310,AT1G56300,AT3G62550,AT3G28870,AT1G49720,AT2G25930,AT5G44210,AT5G09630,AT1G28330,AT4G01130,AT5G67480,AT5G44830,AT5G06690,AT3G04060,AT5G59570,AT2G21130,AT3G59820,AT5G33380,AT4G26670,AT2G15890,AT5G48250,AT1G67370,AT1G76590,AT2G48150,AT5G61650,AT2G25730,AT3G04130	na
2	AT1G18330	EPR1	15	na	PWM958	CisBP	M1219_1.01	3	6.044627891593652e-9	0.000010838017809627418	41	AT1G48720,AT5G62360,AT3G53250,AT4G26800,AT3G59720,AT5G24470,AT2G07440,AT2G40340,AT2G39920,AT1G19370,AT1G20030,AT2G21660,AT1G66310,AT1G56300,AT3G62550,AT3G28870,ATMG00280,AT5G46520,AT5G44210,AT5G09630,AT1G28330,AT4G01130,AT4G01340,AT5G06690,AT5G17850,AT5G59570,AT2G21130,AT3G59820,AT5G03720,AT5G33380,AT5G51570,AT4G26670,AT2G15890,AT5G26020,AT5G48250,AT5G51860,AT1G67370,AT1G76590,AT2G21640,AT2G25730,ATMG00640	na
2	AT1G18330	EPR1	15	na	PWM3334	DAP-seq	EPR1_col	14	0.00008403149333902784	0.01076203339691978	32	AT5G62360,AT2G15880,AT5G24470,AT1G36940,AT2G07440,AT1G20030,AT1G69940,AT2G21660,AT4G33310,AT1G56300,AT3G62550,AT3G28870,ATMG00280,AT1G49720,AT1G28330,AT4G01130,AT5G67480,AT5G44830,AT5G06690,AT3G04060,AT5G59570,AT2G21130,AT5G03720,AT4G26670,AT2G15890,AT5G48250,AT1G67370,AT4G03680,AT1G76590,AT2G48150,AT2G25730,AT3G10780	na
2	AT3G09600	At3g09600	1	na	PWM3310	DAP-seq	AT3G09600_col	5	2.0205918131113827e-8	0.0000072458422418174185	40	AT1G53903,AT5G62360,AT3G53250,AT2G15880,AT5G24470,AT1G36940,AT2G07440,AT2G39920,AT1G20030,AT1G69940,AT2G21660,AT4G33310,AT1G56300,AT3G62550,AT3G28870,ATMG00280,ATMG01220,AT1G49720,AT5G44210,AT5G09630,AT1G28330,AT4G01130,AT5G67480,AT5G44830,AT5G06690,AT5G17850,AT3G04060,AT5G59570,AT2G21130,AT3G59820,AT5G03720,AT5G51570,AT4G26670,AT2G15890,AT5G48250,AT1G67370,AT4G03680,AT1G76590,AT2G21640,AT2G25730	na
2	AT4G01280	At4g01280	11	na	PWM3317	DAP-seq	AT4G01280_col	7	6.517594590147036e-8	0.000019476745166889393	39	AT5G62360,AT3G53250,AT2G15880,AT5G24470,AT1G36940,AT2G07440,AT2G39920,AT1G20030,AT1G69940,AT2G21660,AT1G56300,AT3G62550,AT3G28870,ATMG00280,AT1G49720,AT2G25930,AT5G44210,AT5G09630,AT1G28330,AT4G01130,AT5G67480,AT5G44830,AT5G06690,AT3G04060,AT5G59570,AT2G21130,AT3G59820,AT5G03720,AT5G33380,AT5G51570,AT4G26670,AT2G15890,AT5G48250,AT1G67370,AT4G03680,AT1G76590,AT2G21640,AT2G25730,AT3G10780	na
2	AT1G01060	LHY	1	na	PWM3338	DAP-seq	LHY1_col	8	6.517594590147036e-8	0.000019476745166889393	39	AT5G62360,AT3G53250,AT2G15880,AT5G24470,AT1G36940,AT2G07440,AT2G39920,AT1G19370,AT1G20030,AT1G69940,AT2G21660,AT4G33310,AT1G56300,AT3G62550,AT3G28870,ATMG00280,AT1G49720,AT5G46520,AT5G09630,AT1G28330,AT4G01130,AT5G67480,AT5G44830,AT5G06690,AT5G17850,AT5G59570,AT2G21130,AT5G03720,AT5G33380,AT5G51570,AT4G26670,AT2G15890,AT5G48250,AT1G67370,AT4G03680,AT1G76590,AT2G48150,AT2G21640,AT2G25730	na
2	AT1G01060	LHY	1	na	PWM1020	CisBP	M1267_1.01	15	0.0002004095232045718	0.023955618340386484	31	AT3G53250,AT4G26800,AT2G40340,AT2G39920,AT1G19370,AT1G20030,AT2G21660,AT1G66310,AT2G02670,AT1G56300,AT3G28870,ATMG00940,ATMG00280,AT5G46520,AT5G44210,AT4G01130,AT2G13930,AT4G01340,AT5G06690,AT4G00240,AT5G59570,AT2G21130,AT3G59820,AT5G33380,AT4G26670,AT5G26020,AT5G48250,AT1G67370,AT1G76590,AT2G25730,ATMG00640	na
2	AT2G46830	AtCCA1	1	23	PWM1555	PBM		9	6.082740789315588e-7	0.00012118171372492056	37	AT1G53903,AT5G62360,AT3G53250,AT2G15880,AT5G24470,AT1G36940,AT2G07440,AT1G19370,AT1G20030,AT1G69940,AT2G37580,AT2G21660,AT4G33310,AT1G56300,AT3G28870,ATMG00280,AT1G49720,AT2G25930,AT5G44210,AT1G28330,AT4G01130,AT5G67480,AT5G44830,AT5G06690,AT3G04060,AT5G59570,AT2G21130,AT5G03720,AT5G33380,AT4G26670,AT2G15890,AT5G48250,AT1G67370,AT1G76590,AT2G21640,AT2G25730,AT3G10780	AT5G62360,AT5G24470,AT2G40340,AT1G19370,AT1G20030,AT2G37580,AT4G33310,AT1G56300,AT3G62550,AT1G49720,AT2G25930,AT4G27460,AT5G67480,AT5G06690,AT3G04060,AT5G59570,AT2G21130,AT5G51570,AT4G26670,AT2G15890,AT5G26020,AT1G76590,AT2G25730
2	AT2G46830	AtCCA1	1	23	PWM2571	JASPAR	MA0972.1	10	6.082740789315588e-7	0.00012118171372492056	37	AT5G62360,AT3G53250,AT4G10250,AT3G59720,AT2G38465,AT5G24470,AT1G36940,AT2G07440,AT2G40340,AT1G19370,AT1G20030,AT2G21660,AT1G56300,AT3G28870,ATMG00280,ATMG01220,AT1G49720,AT2G25930,AT5G46520,AT5G44210,AT1G28330,AT4G01130,AT5G67480,AT5G44830,AT5G06690,AT5G17850,AT5G59570,AT2G21130,AT3G59820,AT5G03720,AT4G26670,AT2G15890,AT5G48250,AT1G67370,AT1G76590,AT2G21640,AT2G25730	AT5G62360,AT5G24470,AT2G40340,AT1G19370,AT1G20030,AT2G37580,AT4G33310,AT1G56300,AT3G62550,AT1G49720,AT2G25930,AT4G27460,AT5G67480,AT5G06690,AT3G04060,AT5G59570,AT2G21130,AT5G51570,AT4G26670,AT2G15890,AT5G26020,AT1G76590,AT2G25730
2	AT5G52660	At5g52660	2	na	PWM3326	DAP-seq	AT5G52660_col	11	6.082740789315588e-7	0.00012118171372492056	37	AT5G62360,AT3G53250,AT2G15880,AT5G24470,AT1G36940,AT2G07440,AT2G39920,AT1G20030,AT1G69940,AT2G21660,AT4G33310,AT1G56300,AT3G62550,AT3G28870,ATMG00280,AT1G49720,AT5G09630,AT1G28330,AT4G01130,AT5G67480,AT5G44830,AT5G06690,AT3G04060,AT5G59570,AT2G21130,AT5G03720,AT5G33380,AT5G51570,AT4G26670,AT2G15890,AT5G48250,AT1G67370,AT4G03680,AT1G76590,AT2G21640,AT2G25730,AT3G04130	na
2	AT2G28920	AT2G28920	0	na	PWM3436	DAP-seq	AT2G28920_col	12	6.082740789315588e-7	0.00012118171372492056	37	AT5G62360,AT3G53250,AT2G15880,AT5G24470,AT1G36940,AT2G07440,AT2G39920,AT1G19370,AT1G20030,AT1G69940,AT2G21660,AT1G56300,AT3G62550,AT3G28870,ATMG00280,AT1G49720,AT5G46520,AT5G44210,AT5G09630,AT1G28330,AT4G01130,AT5G67480,AT5G44830,AT5G06690,AT5G59570,AT2G21130,AT5G03720,AT5G33380,AT5G51570,AT4G26670,AT2G15890,AT5G48250,AT1G67370,AT4G03680,AT1G76590,AT2G21640,AT2G25730	na
2	AT5G02840	LCL1	2	0	PWM3336	DAP-seq	LCL1_col	13	0.00003386746063945744	0.004671104378965168	33	AT5G62360,AT2G15880,AT5G24470,AT1G36940,AT2G07440,AT1G20030,AT1G69940,AT2G21660,AT4G33310,AT1G56300,AT3G62550,AT3G28870,ATMG00280,AT1G49720,AT5G09630,AT1G28330,AT4G01130,AT5G67480,AT5G44830,AT5G06690,AT3G04060,AT5G59570,AT5G03720,AT5G33380,AT4G26670,AT2G15890,AT5G48250,AT1G67370,AT4G03680,AT1G76590,AT2G48150,AT2G25730,AT3G10780	
2	AT5G37260	CIR1	0	na	PWM1021	CisBP	M1267_1.01	16	0.0002004095232045718	0.023955618340386484	31	AT3G53250,AT4G26800,AT2G40340,AT2G39920,AT1G19370,AT1G20030,AT2G21660,AT1G66310,AT2G02670,AT1G56300,AT3G28870,ATMG00940,ATMG00280,AT5G46520,AT5G44210,AT4G01130,AT2G13930,AT4G01340,AT5G06690,AT4G00240,AT5G59570,AT2G21130,AT3G59820,AT5G33380,AT4G26670,AT5G26020,AT5G48250,AT1G67370,AT1G76590,AT2G25730,ATMG00640	na
3	AT2G01818	AT2G01818	17	na	PWM3443	DAP-seq	AT2G01818_col	1	2.7201333988081918e-15	4.877199184063088e-12	204	AT2G14770,AT2G26150,AT3G42930,AT2G01029,AT1G71000,AT4G03710,AT3G63350,AT1G52560,AT2G14300,AT3G14200,AT1G41797,AT5G12020,AT3G20180,AT3G17110,AT3G42250,AT3G16050,AT3G42080,AT4G25200,AT5G62920,AT5G12030,AT1G74310,AT2G29500,AT1G66080,AT2G20560,AT5G51440,AT2G46240,AT3G51910,AT4G04430,AT5G18340,AT1G37060,AT1G59860,AT1G21550,AT3G46230,AT1G72660,AT1G42410,AT5G47160,AT5G52640,AT2G25230,AT4G15660,AT3G24500,AT2G23110,AT3G09440,AT1G05920,AT5G02490,AT1G28170,AT3G08970,AT3G07150,AT5G25450,AT3G12580,AT2G24100,AT5G48570,AT4G29140,AT4G11660,AT1G26800,AT3G12320,AT1G30070,AT2G36030,AT4G12400,AT5G23480,AT3G09350,AT1G14200,AT1G42580,AT2G36080,AT2G14230,AT4G34510,AT2G05090,AT1G33500,AT5G09930,AT2G19320,AT1G03070,AT4G10240,AT3G29732,AT1G19530,AT5G13080,AT5G44120,AT1G32680,AT2G32140,AT2G34120,AT2G35570,AT3G60940,AT5G35320,AT4G09290,AT5G17300,AT5G05410,AT4G03840,AT3G53230,AT4G15680,AT4G29770,AT2G32120,AT3G30660,AT2G26520,AT5G17180,AT1G33830,AT3G59730,AT5G18160,AT4G23570,AT2G25140,AT4G07350,AT2G47180,AT5G19015,AT3G29600,AT5G22530,AT5G37030,AT4G04590,AT2G10450,AT1G32010,AT5G35820,AT1G54050,AT1G18330,AT1G21120,AT3G07090,AT2G15120,AT2G38510,AT1G56170,AT2G07550,AT2G33160,AT5G09590,AT4G13090,AT4G11480,AT2G48140,AT1G58808,ATMG00920,AT2G05550,AT5G22390,AT2G07714,AT5G47830,AT5G19875,AT3G03520,AT1G07350,AT1G62940,AT2G12520,AT4G09090,AT1G59590,AT1G31280,AT4G23885,AT5G52020,AT1G07410,AT3G45280,AT5G59820,AT5G16600,AT3G12050,AT3G25230,AT1G60980,AT2G21940,AT2G06110,AT1G73480,AT3G11340,AT1G41860,AT2G19310,AT1G66510,AT1G50220,AT1G37537,AT2G42640,AT1G13200,AT4G12550,AT4G27652,AT1G41795,AT5G65390,AT5G53400,AT5G12110,AT5G62020,AT3G19270,AT2G41160,AT1G39750,AT2G15790,AT1G51320,AT1G11990,AT5G22410,AT5G52760,AT4G08490,AT1G41825,AT5G35600,AT4G36000,AT5G64170,AT4G15420,AT4G36170,AT1G58170,AT3G15770,AT1G36105,AT1G44050,AT3G23150,AT5G04340,AT4G14270,AT2G10400,AT3G03830,AT4G30490,AT2G15800,AT4G23150,AT1G35660,AT2G36440,AT2G18660,AT2G21650,AT3G57880,AT5G56030,AT1G55530,AT2G30640,AT2G11590,AT5G59620,AT2G12320,AT2G31080,AT4G07750,AT5G32590,AT3G29810,AT4G09150	na
3	AT4G11660	AT-HSFB2B	112	na	PWM3172	DAP-seq	HSF7_col	2	5.367443032190611e-15	4.811912678358883e-12	203	AT2G26150,AT3G42930,AT2G01029,AT1G71000,AT4G03710,AT3G63350,AT1G52560,AT2G12990,AT2G14300,AT3G14200,AT1G41797,AT1G35480,AT5G12020,AT3G17110,AT4G27657,AT3G42250,AT3G16050,AT3G42080,AT4G25200,AT5G62920,AT5G49700,AT5G12030,AT1G74310,AT1G53540,AT2G29500,AT1G66080,AT2G20560,AT5G51440,AT2G46240,AT3G51910,AT4G04430,AT5G18340,AT1G37060,AT1G59860,AT1G21550,AT4G08190,AT3G46230,AT1G72660,AT3G32280,AT1G42410,AT5G47160,AT1G61340,AT5G52640,AT2G25230,AT4G15660,AT3G24500,AT2G23110,AT3G09440,AT1G05920,AT5G02490,AT1G28170,AT3G08970,AT1G44414,AT5G25450,AT3G12580,AT2G24100,AT5G48570,AT4G29140,AT4G11660,AT1G31040,AT1G47780,AT1G26800,AT1G30070,AT2G36030,AT4G12400,AT5G23480,AT3G09350,AT1G14200,AT1G42580,AT2G36080,AT2G14230,AT1G33500,AT5G09930,AT2G19320,AT1G03070,AT4G10240,AT3G29732,AT5G13080,AT1G32680,AT2G32140,AT2G34120,AT2G35570,AT3G60940,AT5G35320,AT4G09290,AT5G17300,AT5G05410,AT3G53230,AT4G29770,AT2G32120,AT3G42900,AT4G37070,AT4G07515,AT3G30660,AT5G17180,AT1G33830,AT3G59730,AT4G23570,AT2G25140,AT4G07350,AT2G47180,AT5G19015,AT3G28120,AT4G04590,AT5G06820,AT2G10450,AT1G32010,AT5G35820,AT1G54050,AT1G18330,AT1G21120,AT1G43755,AT3G07090,AT2G15120,AT2G38510,AT1G56170,AT2G07550,AT1G66380,AT3G22840,AT5G09590,AT4G13090,AT4G11480,AT2G48140,AT1G58808,AT2G05550,AT5G22390,AT2G07714,AT5G47830,AT3G03520,AT1G07350,AT4G09090,AT1G59590,AT1G31280,AT4G23885,AT5G52020,AT1G07410,AT3G45280,AT3G12050,AT3G25230,AT4G21950,AT1G60980,AT2G21940,AT1G73480,AT3G11340,AT1G15550,AT2G17490,AT1G33813,AT1G41860,AT2G19310,AT1G66510,AT3G18180,AT1G50220,AT5G52570,AT1G37537,AT2G42640,AT1G13200,AT5G49420,AT4G12550,AT4G27652,AT1G41795,AT1G56030,AT5G65390,AT2G23970,AT5G53400,AT5G12110,AT5G62020,AT2G07736,AT2G41160,AT1G19180,AT1G39750,AT2G15790,AT1G51320,AT1G11990,AT4G08490,AT1G41825,AT5G35600,AT4G36000,AT4G15420,AT1G58170,AT3G15770,AT1G36105,AT1G44050,AT5G04340,AT4G14270,AT2G10400,AT3G03830,AT4G30490,AT2G15800,AT4G23150,AT1G35660,AT2G36440,AT2G18660,AT2G21650,AT3G57880,AT5G56030,AT5G39540,AT1G55530,AT2G30640,AT5G59620,AT1G01940,AT3G29810,AT4G09150,AT4G07330	na
3	AT3G24520	AT-HSFC1	14	0	PWM3183	DAP-seq	HSFC1_col	3	1.0523278144722923e-14	6.289412571162734e-12	202	AT3G19780,AT2G26150,AT2G01029,AT4G03710,AT3G63350,AT1G52560,AT3G14200,AT3G09640,AT3G17110,AT4G27657,AT3G42250,AT3G16050,AT3G42080,AT4G25200,AT5G62920,AT5G49700,AT1G74310,AT1G53540,AT2G29500,AT1G66080,AT5G51440,AT2G46240,AT3G51910,AT5G18340,AT1G37060,AT1G21550,AT3G46230,AT1G72660,AT3G32280,AT1G42410,AT2G17080,AT5G52640,AT2G25230,AT4G12410,AT3G24500,AT2G23110,AT3G09440,AT1G05920,AT5G02490,AT1G28170,AT3G07150,AT1G17300,AT3G46370,AT4G03780,AT3G12580,AT1G32000,AT5G48570,AT4G11660,AT2G46830,AT1G26800,AT2G36030,AT4G12400,AT5G23480,AT1G14200,AT2G36080,AT2G14230,AT4G34510,AT1G24938,AT1G33500,AT5G09930,AT2G38340,AT2G16620,AT1G03070,AT4G10240,AT3G29732,AT1G06170,AT1G47816,AT5G36080,AT4G07540,AT2G32140,AT2G35570,AT3G60940,AT4G09290,AT5G05410,AT4G03840,AT3G53230,AT4G15680,AT4G29770,AT2G32120,AT3G42900,AT4G37070,AT1G33830,AT3G59730,AT5G18160,AT4G23570,AT2G25140,AT4G07350,AT1G43950,AT1G07500,AT5G22530,AT4G04590,AT3G10020,AT5G15250,AT2G10450,AT4G23780,AT5G35820,AT1G54050,AT1G21120,AT2G05950,AT1G74870,AT2G38510,AT1G41770,AT2G10780,AT2G06020,AT1G56170,AT2G07550,AT4G17250,AT5G09590,AT3G56380,AT5G59305,AT4G13090,AT4G11480,AT1G58808,AT5G04640,AT3G45560,AT3G54500,AT3G07710,AT1G13130,AT1G72540,AT3G30260,AT5G28950,AT3G03520,AT1G07350,AT1G62940,AT3G51680,AT1G34280,AT4G16020,AT5G01380,AT3G11480,AT4G09090,AT1G59590,AT1G33760,AT1G31280,AT4G23885,AT5G52020,AT3G45280,AT5G59820,AT1G50040,AT1G77730,AT3G12050,AT3G25230,AT4G21950,AT1G60980,AT2G21940,AT1G22420,AT1G44070,AT2G17490,AT2G30090,AT1G69630,AT3G17190,AT2G19840,AT5G52570,AT5G22900,AT3G10300,AT2G27000,AT2G16250,AT4G27652,AT1G33770,AT5G65390,AT2G23970,AT1G47920,AT5G53400,AT5G12110,AT5G62020,AT3G19270,AT2G41160,AT1G39750,AT2G15790,AT1G51320,AT1G11990,AT1G50800,AT1G41825,AT2G26410,AT5G35600,AT4G36000,AT4G15420,AT4G36170,AT3G28210,AT2G23210,AT3G15770,AT1G44050,AT3G23150,AT5G04340,AT4G14270,AT2G15650,AT2G05960,AT3G03830,AT4G30490,AT4G23150,AT5G63990,AT2G36440,AT2G18660,AT2G21650,AT5G56030,AT1G55530,AT3G31540,AT5G59620,AT1G13300,AT3G45610,AT1G04130,AT1G21310,AT4G04510	
3	AT3G24520	AT-HSFC1	14	0	PWM839	PBM		24	0.000004082696289900535	0.00033273974762689363	166	AT3G19780,AT2G14770,AT2G26150,AT4G03810,AT3G42930,AT2G01029,AT1G30030,AT4G03710,AT3G63350,AT1G52560,AT2G12990,AT2G14300,AT3G14200,AT5G12020,AT3G20180,AT3G16050,AT3G42080,AT5G62920,AT1G23910,AT1G53540,AT2G29500,AT1G66080,AT5G51440,AT3G51910,AT1G37060,AT5G40645,AT1G21550,AT3G46230,AT5G07760,AT1G56600,AT5G27190,AT2G25230,AT3G31410,AT3G09440,AT4G08880,AT3G08970,AT1G30080,AT4G11660,AT4G12400,AT1G14200,AT2G14230,AT4G34510,AT1G24938,AT5G02900,AT1G03070,AT1G06170,AT1G19530,AT5G45830,AT5G36080,AT4G07540,AT2G32140,AT2G35570,AT3G60940,AT3G22090,AT2G45500,AT4G09290,AT4G29770,AT3G42900,AT1G65940,AT3G10930,AT2G26520,AT1G33830,AT4G31100,AT2G25140,AT3G61930,AT5G54470,AT1G59980,AT5G06820,AT3G10020,AT5G58770,AT1G75940,AT2G10450,AT1G32010,AT3G47740,AT1G54050,AT5G27660,AT5G45570,AT2G44840,AT4G12930,AT2G05950,AT1G74870,AT2G36040,AT4G28085,AT1G56170,AT4G30290,AT3G56380,AT3G45250,AT4G11480,AT3G29220,AT5G44890,AT5G04640,AT3G45560,AT1G13130,AT1G72540,AT2G07714,AT3G03520,AT1G07350,AT4G16020,AT5G62280,AT2G12520,AT4G09090,AT1G59590,AT3G13270,AT4G23885,AT5G52020,AT1G07410,AT4G36460,AT4G19730,AT1G77730,AT3G12050,AT1G60980,AT1G72570,AT2G21940,AT2G01500,AT2G13750,AT3G47340,AT1G69630,AT5G19640,AT2G14630,AT3G17190,AT3G23230,AT2G23900,AT2G36050,AT2G14930,AT3G55090,AT4G03570,AT4G27652,AT1G41795,AT5G65390,AT2G23970,AT1G52020,AT5G62020,AT3G52270,AT5G38700,AT2G41160,AT1G39750,AT1G51320,AT5G52760,AT4G08490,AT1G41825,AT2G37610,AT5G64170,AT2G10440,AT1G53830,AT5G49140,AT2G06220,AT2G11165,AT1G44050,AT1G39110,AT2G05960,AT3G03830,AT4G30490,AT5G20460,AT4G23150,AT5G63990,AT5G54480,AT2G18660,AT1G65550,AT2G04670,AT5G13150,AT5G40320,AT2G31080,AT4G07750,AT5G10100,AT4G17500,AT1G04130	
3	AT1G23810	AT1G23810	39	na	PWM3440	DAP-seq	AT1G23810_col	4	1.0523278144722923e-14	6.289412571162734e-12	202	AT2G14770,AT2G26150,AT4G03810,AT3G42930,AT2G01029,AT1G71000,AT4G03710,AT3G63350,AT1G52560,AT2G12990,AT2G14300,AT3G14200,AT1G41797,AT1G35480,AT5G12020,AT3G17110,AT3G16050,AT3G42080,AT4G25200,AT5G62920,AT5G49700,AT5G12030,AT1G74310,AT1G53540,AT2G29500,AT1G66080,AT2G20560,AT5G51440,AT2G46240,AT3G51910,AT4G04430,AT5G18340,AT1G37060,AT1G59860,AT1G21550,AT3G46230,AT1G72660,AT2G05500,AT1G35143,AT1G42410,AT5G47160,AT1G61340,AT5G52640,AT2G25230,AT3G24500,AT2G23110,AT3G09440,AT1G05920,AT5G02490,AT1G28170,AT3G08970,AT3G07150,AT3G42350,AT5G25450,AT3G12580,AT2G24100,AT5G48570,AT4G29140,AT4G11660,AT1G31040,AT1G47780,AT1G26800,AT2G36030,AT4G12400,AT5G23480,AT3G09350,AT1G14200,AT1G42580,AT2G36080,AT2G14230,AT4G34510,AT1G33500,AT5G09930,AT2G19320,AT1G03070,AT4G10240,AT3G29732,AT5G13080,AT5G44120,AT1G32680,AT2G32140,AT2G34120,AT2G35570,AT5G35320,AT4G09290,AT5G17300,AT5G05410,AT3G53230,AT4G15680,AT4G29770,AT2G32120,AT3G30660,AT5G17180,AT1G33830,AT3G59730,AT4G23570,AT2G25140,AT4G07350,AT2G47180,AT5G19015,AT1G07500,AT3G28120,AT5G22530,AT5G37030,AT4G04590,AT5G06820,AT1G32010,AT5G35820,AT1G54050,AT1G18330,AT1G21120,AT1G43755,AT3G07090,AT2G15120,AT2G38510,AT1G56170,AT2G07550,AT1G66380,AT5G09590,AT4G11480,AT2G48140,AT1G58808,AT2G31210,AT1G35490,AT2G05550,AT5G22390,AT5G47830,AT5G19875,AT3G03520,AT1G07350,AT1G62940,AT2G12520,AT4G09090,AT1G59590,AT1G31280,AT4G23885,AT5G52020,AT1G07410,AT3G45280,AT5G59820,AT3G12050,AT3G25230,AT1G50720,AT4G21950,AT1G60980,AT1G72570,AT2G21940,AT2G06110,AT1G73480,AT3G11340,AT1G15550,AT2G17490,AT1G41860,AT2G19310,AT1G66510,AT1G50220,AT5G52570,AT2G42640,AT1G13200,AT4G12550,AT4G27652,AT1G41795,AT5G65390,AT2G23970,AT5G53400,AT5G12110,AT5G62020,AT2G41160,AT1G39750,AT2G15790,AT1G51320,AT1G11990,AT5G22410,AT5G52760,AT4G08490,AT1G41825,AT5G35600,AT4G36000,AT5G64170,AT4G15420,AT1G58170,AT1G36105,AT1G44050,AT5G04340,AT4G14270,AT3G13310,AT3G03830,AT4G30490,AT2G15800,AT4G23150,AT1G35660,AT2G36440,AT2G18660,AT2G21650,AT3G57880,AT5G56030,AT1G55530,AT5G59620,AT2G12320,AT3G29810,AT4G09150,AT4G07330	na
3	AT3G22830	AT-HSFA6B	8	na	PWM3178	DAP-seq	HSFA6B_col	5	2.0498991409744353e-14	7.350938319534325e-12	201	AT2G14770,AT2G26150,AT3G42930,AT2G01029,AT1G71000,AT4G03710,AT3G63350,AT1G52560,AT2G14300,AT3G14200,AT1G41797,AT1G35480,AT5G12020,AT3G17110,AT3G42250,AT3G16050,AT3G42080,AT4G25200,AT5G49700,AT5G12030,AT1G74310,AT2G29500,AT1G66080,AT2G20560,AT5G51440,AT2G46240,AT3G51910,AT5G18340,AT1G37060,AT1G59860,AT1G21550,AT4G08190,AT3G46230,AT1G72660,AT5G37670,AT3G32280,AT1G42410,AT5G47160,AT1G61340,AT5G52640,AT2G25230,AT4G15660,AT2G14510,AT3G24500,AT2G23110,AT1G10050,AT3G09440,AT1G05920,AT5G02490,AT1G28170,AT3G08970,AT3G07150,AT3G42350,AT3G46370,AT5G25450,AT3G12580,AT5G48570,AT4G29140,AT4G11660,AT1G47780,AT1G26800,AT3G12320,AT1G30070,AT2G36030,AT4G12400,AT5G23480,AT3G09350,AT1G14200,AT1G42580,AT2G36080,AT2G14230,AT4G34510,AT5G09930,AT1G03070,AT4G04560,AT4G10240,AT3G29732,AT5G13080,AT1G32680,AT2G32140,AT2G06150,AT2G34120,AT2G35570,AT5G35320,AT4G09290,AT5G17300,AT5G05410,AT4G03840,AT3G53230,AT4G15680,AT4G29770,AT2G32120,AT3G30660,AT1G33830,AT3G59730,AT4G23570,AT1G42710,AT2G25140,AT4G07350,AT2G47180,AT5G19015,AT3G29600,AT5G22530,AT4G04590,AT5G06820,AT3G10020,AT5G15250,AT2G10450,AT1G32010,AT1G02700,AT5G35820,AT1G54050,AT1G18330,AT1G21120,AT3G07090,AT2G15120,AT2G38510,AT3G59830,AT5G45630,AT1G56170,AT4G10200,AT2G07550,AT5G09590,AT4G13090,AT4G11480,AT2G48140,AT1G58808,ATMG00920,AT2G05550,AT5G22390,AT2G07714,AT5G47830,AT3G03520,AT1G07350,AT2G12520,AT4G08050,AT4G09090,AT1G59590,AT1G31280,AT4G23885,AT5G52020,AT1G07410,AT3G45280,AT5G16600,AT3G12050,AT3G25230,AT4G21950,AT1G60980,AT2G21940,AT1G73480,AT3G28390,AT1G41860,AT2G19310,AT1G66510,AT3G18180,AT1G50220,AT5G52570,AT1G37537,AT1G13200,AT5G49420,AT4G27652,AT1G41795,AT5G65390,AT5G53400,AT5G12110,AT5G62020,AT3G19270,AT2G41160,AT1G39750,AT1G51320,AT5G22410,AT5G52760,AT4G08490,AT1G41825,AT5G35600,AT4G36000,AT4G15420,AT4G36170,AT2G23210,AT1G58170,AT3G15770,AT1G44050,AT3G23150,AT5G04340,AT4G14270,AT2G10400,AT3G03830,AT4G30490,AT2G15800,AT4G23150,AT1G35660,AT2G36440,AT2G18660,AT2G21650,AT3G57880,AT5G56030,AT1G55530,AT5G59620,AT2G11235,AT3G29810,AT4G09150	na
3	AT3G02990	ATHSFA1E	49	0	PWM3174	DAP-seq	HSFA1E_col	6	1.4573960432957981e-13	4.355185176048944e-11	198	AT2G26150,AT4G03810,AT3G42930,AT1G71000,AT4G03710,AT3G63350,AT1G52560,AT3G14200,AT1G35480,AT5G12020,AT3G20180,AT3G17110,AT4G27657,AT3G42250,AT3G16050,AT3G42080,AT4G25200,AT5G62920,AT5G49700,AT5G12030,AT1G74310,AT1G53540,AT2G29500,AT1G66080,AT2G20560,AT5G51440,AT2G46240,AT3G51910,AT4G04430,AT5G18340,AT1G37060,AT1G59860,AT3G46230,AT1G72660,AT1G42410,AT5G47160,AT1G42250,AT5G52640,AT2G25230,AT4G15660,AT4G12410,AT3G24500,AT3G09440,AT1G05920,AT5G02490,AT1G28170,AT3G08970,AT3G07150,AT5G25450,AT3G12580,AT5G48570,AT4G29140,AT4G11660,AT1G47780,AT1G26800,AT3G12320,AT2G36030,AT4G12400,AT5G23480,AT1G14200,AT1G42580,AT2G36080,AT2G14230,AT4G34510,AT2G05090,AT1G33500,AT5G09930,AT2G19320,AT1G03070,AT4G10240,AT3G29732,AT1G19530,AT5G13080,AT5G44120,AT1G32680,AT5G36080,AT2G32140,AT2G35570,AT2G45500,AT4G09290,AT5G17300,AT5G05410,AT3G53230,AT4G15680,AT4G29770,AT2G32120,AT3G42900,AT2G26520,AT1G33830,AT3G59730,AT4G23570,AT2G25140,AT4G07350,AT2G47180,AT5G19015,AT1G07500,AT5G22530,AT5G37030,AT4G04590,AT1G75940,AT2G10450,AT5G35820,AT1G54050,AT1G18330,AT1G21120,AT2G38510,AT2G06020,AT1G56170,AT2G07550,AT1G66380,AT4G17250,AT5G09590,AT3G45250,AT4G11480,AT2G48140,AT1G58808,ATMG00920,AT2G05550,AT1G13130,AT5G22390,AT2G07714,AT5G47830,AT5G19875,AT3G03520,AT4G04270,AT1G07350,AT1G62940,AT4G09090,AT1G31280,AT4G23885,AT5G52020,AT1G07410,AT3G45280,AT3G12050,AT3G25230,AT1G60980,AT2G21940,AT2G06110,AT2G19310,AT1G66510,AT1G50220,AT1G37537,AT2G42640,AT2G36050,AT1G43880,AT1G13200,AT4G03570,AT4G12550,AT4G27652,AT1G41795,AT5G65390,AT2G23970,AT5G53400,AT5G12110,AT5G43620,AT5G62020,AT2G07736,AT2G41160,AT1G19180,AT1G39750,AT2G15790,AT1G51320,AT1G11990,AT5G22410,AT5G52760,AT4G08490,AT1G41825,AT5G35600,AT4G36000,AT5G64170,AT4G15420,AT3G15770,AT1G44050,AT5G04340,AT4G14270,AT3G13310,AT3G03830,AT4G30490,AT2G15800,AT4G23150,AT1G35660,AT2G36440,AT2G18660,AT2G21650,AT3G57880,AT5G56030,AT5G39540,AT1G55530,AT2G30640,AT2G11590,AT5G59620,AT2G12320,AT4G07750,AT3G29810,AT3G28270,AT4G09150,AT3G31380,AT2G33590	
3	AT1G10720	AT1G10720	0	na	PWM2902	DAP-seq	AT1G10720_col	7	2.7660739353029704e-13	7.085100808568895e-11	197	AT2G26150,AT4G03810,AT2G01029,AT1G71000,AT3G63350,AT1G52560,AT2G14300,AT3G14200,AT1G41797,AT1G35480,AT5G12020,AT3G17110,AT3G42250,AT3G16050,AT3G42080,AT4G25200,AT5G62920,AT5G49700,AT1G74310,AT1G53540,AT2G29500,AT1G66080,AT2G20560,AT5G51440,AT2G46240,AT3G51910,AT4G04430,AT5G18340,AT1G37060,AT1G21550,AT3G46230,AT1G72660,AT1G42410,AT5G47160,AT5G28160,AT1G42250,AT5G52640,AT2G25230,AT4G15660,AT4G12410,AT3G24500,AT2G23110,AT3G09440,AT1G05920,AT5G02490,AT1G28170,AT3G42350,AT5G25450,AT2G24100,AT5G48570,AT4G29140,AT4G11660,AT1G31040,AT1G47780,AT1G26800,AT1G30070,AT2G36030,AT5G23480,AT3G09350,AT1G14200,AT1G42580,AT2G36080,AT2G14230,AT1G33500,AT5G09930,AT2G19320,AT1G03070,AT4G10240,AT3G29732,AT1G19530,AT5G13080,AT1G32680,AT2G32140,AT2G35570,AT3G60940,AT5G35320,AT4G09290,AT5G17300,AT5G05410,AT3G53230,AT4G15680,AT4G29770,AT2G32120,AT3G30660,AT5G17180,AT1G33830,AT3G59730,AT4G23570,AT2G25140,AT4G07350,AT5G24550,AT5G19015,AT5G22530,AT5G37030,AT4G04590,AT3G47740,AT5G35820,AT1G54050,AT1G18330,AT1G21120,AT2G44840,AT1G43755,AT3G07090,AT2G38510,AT3G59830,AT4G28085,AT1G56170,AT4G10200,AT5G09590,AT4G13090,AT4G11480,AT2G48140,AT1G58808,ATMG00920,AT2G31210,AT2G02640,AT2G05550,AT5G22390,AT5G47830,AT5G19875,AT3G03520,AT1G07350,AT1G62940,AT4G09090,AT1G59590,AT1G31280,AT5G52020,AT1G07410,AT3G45280,AT3G12050,AT3G25230,AT4G21950,AT1G60980,AT2G21940,AT2G06110,AT1G73480,AT3G11340,AT2G17490,AT2G19310,AT1G66510,AT3G23230,AT1G50220,AT1G37537,AT2G42640,AT1G13200,AT5G49420,AT4G12550,AT4G27652,AT1G41795,AT1G56030,AT5G65390,AT2G23970,AT5G53400,AT5G12110,AT5G62020,AT2G07736,AT2G41160,AT1G39750,AT2G15790,AT1G51320,AT1G11990,AT5G22410,AT4G21020,AT5G52760,AT4G08490,AT1G41825,AT5G35600,AT4G36000,AT5G64170,AT4G15420,AT4G36170,AT1G58170,AT1G44050,AT5G04340,AT4G14270,AT2G10400,AT3G13310,AT3G03830,AT4G30490,AT2G15800,AT4G23150,AT1G35660,AT2G36440,AT2G18660,AT2G21650,AT3G57880,AT5G56030,AT5G39540,AT1G55530,AT2G11590,AT5G59620,AT2G12320,AT4G07750,AT5G10100,AT5G32590,AT3G28270,AT4G09150	na
3	AT3G09735	AT3G09735	0	na	PWM3452	DAP-seq	AT3G09735_col	8	5.215598988166659e-13	1.1689461232228525e-10	196	AT2G14770,AT2G26150,AT4G03810,AT3G42930,AT2G01029,AT1G71000,AT4G03710,AT3G63350,AT1G52560,AT2G14300,AT3G14200,AT1G41797,AT1G35480,AT5G12020,AT3G17110,AT3G42250,AT3G16050,AT3G42080,AT4G25200,AT5G62920,AT5G12030,AT1G74310,AT2G29500,AT1G66080,AT2G20560,AT5G51440,AT2G46240,AT3G51910,AT4G04430,AT5G18340,AT1G37060,AT1G59860,AT1G21550,AT3G46230,AT1G72660,AT1G42410,AT5G47160,AT5G52640,AT2G25230,AT4G15660,AT3G24500,AT2G23110,AT3G09440,AT1G05920,AT5G02490,AT1G28170,AT3G08970,AT3G07150,AT5G25450,AT3G12580,AT2G24100,AT5G48570,AT4G29140,AT4G11660,AT1G31040,AT1G26800,AT3G12320,AT1G30070,AT2G36030,AT4G12400,AT5G23480,AT3G09350,AT1G14200,AT1G42580,AT2G36080,AT2G14230,AT4G34510,AT2G05090,AT1G33500,AT5G09930,AT2G19320,AT1G03070,AT4G10240,AT3G29732,AT1G19530,AT5G13080,AT1G32680,AT2G32140,AT2G34120,AT2G35570,AT3G60940,AT4G09290,AT5G17300,AT5G05410,AT4G03840,AT3G53230,AT4G15680,AT4G29770,AT2G32120,AT3G30660,AT1G33830,AT3G59730,AT4G23570,AT2G25140,AT4G07350,AT2G47180,AT5G19015,AT3G29600,AT5G22530,AT5G37030,AT4G04590,AT2G10450,AT1G32010,AT5G35820,AT1G54050,AT1G18330,AT1G21120,AT3G07090,AT2G15120,AT2G38510,AT1G56170,AT2G07550,AT5G09590,AT4G13090,AT4G11480,AT2G48140,AT1G58808,ATMG00920,AT2G05550,AT5G22390,AT2G07714,AT5G47830,AT3G03520,AT1G07350,AT1G62940,AT2G12520,AT4G09090,AT1G59590,AT1G31280,AT4G23885,AT5G52020,AT1G07410,AT3G45280,AT5G16600,AT3G12050,AT3G25230,AT1G60980,AT2G21940,AT2G06110,AT1G73480,AT3G11340,AT2G17490,AT1G41860,AT2G19310,AT1G66510,AT1G50220,AT1G37537,AT1G13200,AT4G12550,AT4G27652,AT1G41795,AT5G65390,AT5G53400,AT5G12110,AT5G62020,AT3G19270,AT2G41160,AT1G39750,AT2G15790,AT1G51320,AT1G11990,AT5G22410,AT5G52760,AT4G08490,AT1G41825,AT5G35600,AT4G36000,AT4G15420,AT4G36170,AT1G58170,AT3G15770,AT1G36105,AT1G44050,AT3G23150,AT5G04340,AT4G14270,AT2G10400,AT3G03830,AT4G30490,AT2G15800,AT4G23150,AT1G35660,AT2G36440,AT2G18660,AT2G21650,AT3G57880,AT5G56030,AT1G55530,AT2G30640,AT2G11590,AT5G59620,AT2G12320,AT4G07750,AT3G29810,AT3G28270,AT4G09150	na
3	AT1G46264	AT-HSFB4	7	na	PWM3182	DAP-seq	HSFB4_col	9	9.769894829828099e-13	1.9463801588757533e-10	195	AT2G14770,AT2G26150,AT3G42930,AT2G01029,AT1G71000,AT4G03710,AT3G63350,AT1G52560,AT2G12990,AT2G14300,AT3G14200,AT1G41797,AT1G35480,AT5G12020,AT3G17110,AT3G16050,AT3G42080,AT4G25200,AT1G74310,AT1G53540,AT2G29500,AT1G66080,AT2G20560,AT5G51440,AT2G46240,AT3G51910,AT5G18340,AT1G37060,AT1G59860,AT1G21550,AT4G08190,AT3G46230,AT1G42410,AT5G47160,AT1G61340,AT5G52640,AT2G25230,AT3G24500,AT2G23110,AT3G09440,AT3G15130,AT1G05920,AT5G02490,AT1G28170,AT3G08970,AT1G44414,AT3G42350,AT5G25450,AT3G12580,AT2G24100,AT5G48570,AT4G29140,AT4G11660,AT1G31040,AT1G26800,AT1G30070,AT2G36030,AT4G12400,AT5G23480,AT3G09350,AT1G14200,AT1G42580,AT2G14230,AT4G34510,AT1G33500,AT5G09930,AT2G19320,AT1G03070,AT4G04560,AT4G10240,AT3G29732,AT5G13080,AT1G32680,AT2G32140,AT2G06150,AT2G34120,AT2G35570,AT5G35320,AT4G09290,AT5G17300,AT5G05410,AT4G03840,AT3G53230,AT4G29770,AT2G32120,AT3G30660,AT1G33830,AT3G59730,AT5G18160,AT3G28190,AT4G23570,AT1G42710,AT2G25140,AT4G07350,AT2G47180,AT5G19015,AT5G37030,AT4G04590,AT5G06820,AT3G10020,AT1G32010,AT5G35820,AT1G54050,AT1G18330,AT3G07090,AT2G38510,AT3G59830,AT1G56170,AT4G10200,AT1G66380,AT3G22840,AT5G09590,AT4G13090,AT4G11480,AT2G48140,AT1G58808,ATMG00920,AT1G35490,AT5G66815,AT5G54050,AT2G05550,AT5G22390,AT5G47830,AT3G03520,AT1G07350,AT1G67450,AT5G01380,AT4G08050,AT4G09090,AT1G59590,AT1G31280,AT4G23885,AT5G52020,AT1G07410,AT3G45280,AT5G16600,AT3G12050,AT3G25230,AT4G21950,AT2G21940,AT2G06110,AT1G15550,AT2G17490,AT1G41860,AT2G19310,AT1G66510,AT3G17190,AT1G50220,AT5G52570,AT1G37537,AT2G42640,AT1G13200,AT5G49420,AT4G12550,AT4G27652,AT1G41795,AT1G56030,AT5G65390,AT5G53400,AT5G12110,AT5G62020,AT3G19270,AT2G41160,AT1G19180,AT1G39750,AT1G51320,AT1G11990,AT4G08490,AT1G41825,AT5G35600,AT4G36170,AT2G23210,AT1G58170,AT1G44050,AT3G23150,AT5G04340,AT4G14270,AT3G03830,AT4G30490,AT2G15800,AT4G23150,AT1G35660,AT2G36440,AT2G18660,AT2G21650,AT3G57880,AT5G56030,AT2G04670,AT1G55530,AT2G30640,AT5G59620,AT2G12320,AT2G11235,AT3G29810,AT4G09150	na
3	AT5G16820	ATHSF3	2	na	PWM3170	DAP-seq	HSF3_col	10	1.8180753872042119e-12	3.2598091692571523e-10	194	AT2G14770,AT2G26150,AT3G42930,AT2G01029,AT1G71000,AT4G03710,AT3G63350,AT1G52560,AT3G14200,AT1G35480,AT3G09640,AT5G12020,AT3G17110,AT4G27657,AT3G42250,AT3G16050,AT3G42080,AT4G25200,AT5G62920,AT5G49700,AT5G12030,AT1G74310,AT1G53540,AT1G36030,AT2G29500,AT1G66080,AT2G20560,AT5G51440,AT2G46240,AT3G51910,AT5G18340,AT1G37060,AT1G59860,AT1G21550,AT4G08190,AT3G46230,AT1G72660,AT5G51320,AT1G42410,AT5G47160,AT5G52640,AT2G25230,AT4G15660,AT4G12410,AT3G24500,AT2G23110,AT3G09440,AT1G05920,AT5G02490,AT1G28170,AT3G08970,AT3G07150,AT3G46370,AT5G25450,AT3G12580,AT5G48570,AT4G29140,AT4G11660,AT1G26800,AT2G36030,AT4G12400,AT5G23480,AT3G09350,AT1G14200,AT2G36080,AT2G14230,AT4G34510,AT2G05090,AT1G33500,AT5G09930,AT2G16620,AT1G03070,AT4G10240,AT5G13080,AT1G33960,AT1G32680,AT5G36080,AT2G32140,AT2G35570,AT2G45500,AT4G09290,AT5G05410,AT3G53230,AT4G15680,AT4G29770,AT2G32120,AT3G42900,AT4G37070,AT3G59730,AT4G23570,AT2G25140,AT4G07350,AT2G47180,AT5G19015,AT5G22530,AT5G37030,AT4G04590,AT3G10020,AT5G15250,AT2G10450,AT1G02700,AT5G35820,AT1G54050,AT1G18330,AT1G21120,AT2G38510,AT2G06020,AT1G56170,AT4G17250,AT5G09590,AT5G59305,AT4G11480,AT4G36490,AT2G48140,AT1G58808,ATMG00920,AT1G13130,AT5G22390,AT2G07714,AT5G47830,AT3G03520,AT1G07350,AT1G62940,AT4G09090,AT1G31280,AT4G23885,AT5G52020,AT1G07410,AT3G45280,AT5G59820,AT3G43160,AT3G12050,AT3G25230,AT1G60980,AT2G21940,AT2G06110,AT3G28390,AT1G41860,AT1G66510,AT1G50220,AT2G19840,AT5G52570,AT5G22900,AT1G13200,AT4G03570,AT4G27652,AT1G56030,AT5G65390,AT2G23970,AT5G53400,AT5G12110,AT5G62020,AT2G41160,AT1G39750,AT2G15790,AT1G51320,AT1G11990,AT5G22410,AT1G65670,AT5G52760,AT2G15535,AT4G08490,AT1G41825,AT5G35600,AT4G36000,AT4G15420,AT2G23210,AT3G15770,AT1G36105,AT1G44050,AT3G23150,AT5G04340,AT4G14270,AT2G05960,AT3G03830,AT4G30490,AT4G23150,AT1G35660,AT2G36440,AT2G18660,AT2G21650,AT3G57880,AT5G56030,AT5G39540,AT1G55530,AT2G30640,AT3G31540,AT5G59620,AT4G07750,AT3G29810,AT3G45610,AT4G28703,AT4G09150,AT2G33590	na
3	AT2G15660	AGL95	44	na	PWM3433	DAP-seq	AGL95_col	11	6.172037179039387e-12	1.00604206018342e-9	192	AT2G14770,AT2G26150,AT3G42930,AT2G01029,AT1G71000,AT4G03710,AT3G63350,AT1G52560,AT2G12990,AT2G14300,AT3G14200,AT1G35480,AT5G12020,AT3G17110,AT3G42250,AT3G16050,AT3G42080,AT4G25200,AT5G62920,AT5G49700,AT5G12030,AT1G74310,AT1G53540,AT2G29500,AT1G66080,AT2G20560,AT5G51440,AT2G46240,AT3G51910,AT5G18340,AT1G37060,AT4G23493,AT1G59860,AT1G21550,AT4G08190,AT3G46230,AT1G72660,AT2G13310,AT5G37670,AT1G42410,AT5G52640,AT2G25230,AT4G15660,AT3G24500,AT2G23110,AT1G10050,AT3G09440,AT1G05920,AT5G02490,AT1G28170,AT3G08970,AT3G07150,AT3G42350,AT3G46370,AT5G25450,AT3G12580,AT5G48570,AT4G29140,AT4G11660,AT1G31040,AT1G26800,AT1G30070,AT2G36030,AT4G12400,AT5G23480,AT3G09350,AT1G14200,AT1G42580,AT2G14230,AT4G34510,AT1G33500,AT5G09930,AT1G03070,AT4G10240,AT3G29732,AT5G13080,AT1G34240,AT1G32680,AT2G32140,AT2G06150,AT2G34120,AT2G35570,AT4G09290,AT5G17300,AT5G05410,AT3G53230,AT4G15680,AT4G29770,AT2G32120,AT4G37070,AT3G30660,AT1G33830,AT3G59730,AT4G23570,AT2G25140,AT4G07350,AT2G47180,AT5G19015,AT1G07500,AT5G22530,AT5G37030,AT4G04590,AT5G06820,AT3G10020,AT5G15250,AT2G10450,AT2G30220,AT5G35820,AT1G54050,AT1G18330,AT3G07090,AT2G38510,AT3G59830,AT1G56170,AT2G07550,AT5G09590,AT4G13090,AT4G11480,AT2G48140,AT1G58808,ATMG00920,AT5G54050,AT2G05550,AT1G13130,AT5G22390,AT5G47830,AT3G03520,AT1G07350,AT5G01380,AT4G08050,AT4G09090,AT1G59590,AT1G31280,AT5G52020,AT1G07410,AT3G45280,AT5G59820,AT5G16600,AT3G12050,AT3G25230,AT4G21950,AT1G60980,AT2G21940,AT2G06110,AT1G41860,AT1G66510,AT1G50220,AT1G37537,AT2G42640,AT1G13200,AT5G49420,AT4G12550,AT4G27652,AT1G56030,AT5G65390,AT5G53400,AT5G12110,AT5G62020,AT3G19270,AT2G41160,AT1G39750,AT2G15790,AT1G51320,AT1G11990,AT5G22410,AT5G52760,AT4G08490,AT1G41825,AT5G35600,AT4G36170,AT2G23210,AT2G11110,AT1G58170,AT1G44050,AT3G23150,AT5G04340,AT4G14270,AT3G03830,AT4G30490,AT2G15800,AT4G23150,AT1G35660,AT2G36440,AT2G18660,AT2G21650,AT3G57880,AT5G56030,AT1G55530,AT5G59620,AT2G12320,AT3G29810,AT4G09150	na
3	AT5G43840	AT-HSFA6A	12	15	PWM3176	DAP-seq	HSFA6A_col	12	1.083723577548493e-9	1.6192636454537065e-7	183	AT2G14770,AT2G26150,AT4G03810,AT3G42930,AT2G01029,AT1G71000,AT4G03710,AT3G63350,AT1G52560,AT3G14200,AT1G41797,AT3G09640,AT5G12020,AT3G17110,AT3G42250,AT3G16050,AT3G42080,AT4G25200,AT5G49700,AT5G12030,AT2G41260,AT2G29500,AT1G66080,AT2G20560,AT5G51440,AT2G46240,AT3G51910,AT5G18340,AT1G37060,AT1G59860,AT1G21550,AT4G08190,AT3G46230,AT1G72660,AT5G51320,AT3G32280,AT1G42410,AT5G47160,AT5G52640,AT2G32690,AT2G25230,AT4G15660,AT4G12410,AT3G24500,AT1G10050,AT3G09440,AT1G05920,AT5G02490,AT1G28170,AT3G08970,AT5G25450,AT3G12580,AT2G24100,AT5G48570,AT4G11660,AT1G26800,AT2G36030,AT4G12400,AT5G23480,AT3G09350,AT1G14200,AT1G42580,AT2G36080,AT2G14230,AT4G34510,AT1G03070,AT4G10240,AT5G13080,AT5G36080,AT2G32140,AT2G35570,AT4G09290,AT5G17300,AT5G05410,AT4G03840,AT3G53230,AT4G15680,AT4G29770,AT1G13700,AT2G32120,AT4G37070,AT1G33830,AT3G59730,AT4G23570,AT2G25140,AT2G47180,AT5G19015,AT3G29600,AT5G22530,AT4G04590,AT5G06820,AT2G04210,AT3G10020,AT4G25820,AT2G10450,AT1G32010,AT5G35820,AT1G54050,AT1G18330,AT1G21120,AT1G43755,AT3G07090,AT2G15120,AT2G38510,AT1G56170,AT5G09590,AT4G13090,AT4G11480,AT2G48140,AT1G58808,AT5G54050,AT5G22390,AT5G47830,AT3G03520,AT1G07350,AT1G62940,AT5G01380,AT2G12520,AT3G11480,AT4G08050,AT4G09090,AT1G31280,AT4G23885,AT5G52020,AT1G07410,AT5G59820,AT1G77730,AT3G12050,AT3G25230,AT1G60980,AT2G21940,AT1G36020,AT1G73480,AT3G11340,AT3G28390,AT1G50220,AT5G52570,AT1G13200,AT4G12550,AT4G27652,AT5G65390,AT5G53400,AT5G12110,AT5G62020,AT3G19270,AT2G41160,AT1G39750,AT2G15790,AT1G51320,AT5G52760,AT2G15535,AT4G08490,AT1G41825,AT5G35600,AT4G36000,AT4G15420,AT4G36170,AT2G23210,AT1G58170,AT3G15770,AT1G36105,AT1G44050,AT3G23150,AT5G04340,AT4G14270,AT2G10400,AT2G05960,AT3G03830,AT4G30490,AT2G15800,AT4G23150,AT1G35660,AT2G18660,AT2G21650,AT3G57880,AT5G56030,AT5G39540,AT1G55530,AT5G59620,AT2G12320,AT2G31080,AT3G29810,AT4G09150	AT2G26150,AT3G24500,AT3G12580,AT4G11660,AT2G46830,AT1G26800,AT1G14200,AT1G33500,AT1G67360,AT2G25140,AT1G18330,AT5G09590,AT1G07350,AT5G62020,AT1G55530
3	AT5G62020	AT-HSFB2A	43	0	PWM3171	DAP-seq	HSF6_col	13	4.1144981230375385e-8	0.000005674842411235621	176	AT2G26150,AT3G42930,AT2G01029,AT1G71000,AT4G03710,AT3G63350,AT3G14200,AT3G09640,AT5G12020,AT3G20180,AT3G17110,AT4G27657,AT3G16050,AT3G42080,AT4G25200,AT5G62920,AT5G49700,AT5G12030,AT1G74310,AT1G53540,AT2G29500,AT1G66080,AT2G20560,AT5G51440,AT2G46240,AT3G51910,AT5G18340,AT1G37060,AT1G21550,AT3G46230,AT1G72660,AT5G52640,AT2G25230,AT4G12410,AT3G24500,AT2G23110,AT3G09440,AT1G05920,AT5G02490,AT1G28170,AT3G45370,AT3G07150,AT3G46370,AT5G25450,AT5G48570,AT4G29140,AT4G11660,AT1G47780,AT2G36030,AT4G12400,AT5G23480,AT3G09350,AT2G36080,AT2G14230,AT4G34510,AT2G05090,AT1G33500,AT5G09930,AT5G02900,AT1G03070,AT5G36080,AT2G32140,AT3G43650,AT2G35570,AT3G60940,AT2G45500,AT4G09290,AT5G05410,AT3G53230,AT1G47680,AT4G29770,AT2G32120,AT3G42900,AT4G37070,AT2G26520,AT1G33830,AT3G59730,AT2G25140,AT4G07350,AT2G47180,AT5G19015,AT5G54470,AT1G43950,AT1G07500,AT5G22530,AT5G37030,AT3G10020,AT5G15250,AT1G75940,AT2G10450,AT5G35820,AT1G54050,AT1G21120,AT2G44840,AT2G36040,AT3G59830,AT1G56170,AT2G07550,AT4G17250,AT5G09590,AT5G59305,AT3G45250,AT4G11480,AT1G35490,AT5G54050,AT2G05550,AT1G13130,AT1G72540,AT3G03520,AT1G07350,AT1G62940,AT4G16020,AT3G28810,AT3G11480,AT4G09090,AT1G59590,AT1G31280,AT5G52020,AT5G59820,AT1G77730,AT3G12050,AT3G25230,AT4G21950,AT1G60980,AT2G21940,AT2G06110,AT3G29792,AT2G29605,AT5G52570,AT1G37537,AT2G36050,AT4G03570,AT4G27652,AT5G65390,AT2G23970,AT5G53400,AT5G62020,AT1G39750,AT2G15790,AT1G51320,AT1G11990,AT5G22410,AT5G52760,AT4G08490,AT1G41825,AT5G35600,AT2G37610,AT5G64170,AT4G36170,AT5G05490,AT1G41900,AT3G15770,AT1G44050,AT5G04340,AT4G14270,AT3G13310,AT3G03830,AT4G30490,AT5G54480,AT2G36440,AT2G18660,AT2G21650,AT3G57880,AT5G56030,AT5G39540,AT1G55530,AT2G30640,AT5G40320,AT3G31540,AT3G10900,AT5G59620,AT2G31080,AT2G11235,AT1G21310,AT4G09150,AT3G31380	
3	AT5G62020	AT-HSFB2A	43	0	PWM1297	PBM		35	0.00004556983676417389	0.0023344776376618224	160	AT3G19780,AT2G26150,AT2G01029,AT1G71000,AT3G63350,AT2G12990,AT1G41797,AT1G35480,AT3G09640,AT5G12020,AT3G17110,AT3G42080,AT5G12030,AT2G29500,AT1G66080,AT5G51440,AT3G51910,AT1G59860,AT1G21550,AT5G37670,AT5G47160,AT5G28160,AT1G15830,AT1G42250,AT5G52640,AT1G66690,AT3G24500,AT4G07523,AT1G10050,AT3G09440,AT2G15700,AT5G02490,AT2G05010,AT1G59535,AT3G08970,AT3G07150,AT3G42350,AT3G12580,AT2G24100,AT1G30080,AT5G48570,AT4G11660,AT1G31040,AT1G30070,AT1G42580,AT4G04070,AT3G29732,AT3G20110,AT3G29660,AT1G16730,AT2G04063,AT2G35570,AT3G22090,AT5G17300,AT5G05410,AT1G67360,AT4G03840,AT2G19630,AT1G33830,AT3G59730,AT5G18160,AT4G07350,AT4G21323,AT4G03760,AT1G43950,AT1G07500,AT3G29600,AT4G12480,AT5G39490,AT5G06820,AT1G29570,AT1G54050,AT1G18330,AT5G27660,AT2G05950,AT1G43755,AT3G07090,AT2G15120,AT1G53690,AT2G10780,AT4G09270,AT3G50720,AT4G17250,AT5G09590,AT5G59305,AT1G58808,AT2G15110,AT2G41860,AT2G02680,AT5G54050,AT4G02550,AT1G72540,AT2G24400,AT5G28950,AT3G03520,AT4G04270,AT1G07350,AT1G05490,AT2G12520,AT4G08050,AT5G52020,AT4G08770,AT5G59820,AT5G25615,AT3G11380,AT3G25230,AT5G52350,AT5G54460,AT2G21940,AT1G44070,AT2G17490,AT2G13750,AT2G30090,AT1G41860,AT3G18180,AT2G27700,AT1G74490,AT1G37537,AT5G59310,AT3G10300,AT4G12550,AT2G16250,AT1G33770,AT3G29750,AT5G53400,AT1G80820,AT5G12110,AT1G59770,AT3G52270,AT5G38700,AT1G50930,AT2G41160,AT1G39750,AT2G15790,AT2G18610,AT4G08490,AT2G22750,AT5G62080,AT1G58170,AT1G41900,AT4G38080,AT5G28760,AT4G14270,AT2G10400,AT2G15650,AT3G13310,AT1G31050,AT3G32950,AT3G03830,AT2G15800,AT5G39880,AT5G56030,AT2G04670,AT1G37150,AT5G17130,AT2G12320,AT3G29810,AT5G54020,AT4G09150,AT4G07330	
3	AT5G62020	AT-HSFB2A	43	0	PWM1597	PBM		56	0.0007519310433160385	0.024512952012102854	152	AT3G19780,AT2G14770,AT2G26150,AT3G42930,AT2G01029,AT1G71000,AT1G30030,AT4G03710,AT3G63350,AT2G12990,AT3G14200,AT5G12020,AT3G20180,AT3G16050,AT3G42080,AT1G23910,AT1G74310,AT1G53540,AT1G66080,AT2G20560,AT3G51910,AT4G23493,AT1G21550,AT3G32280,AT5G07760,AT1G42410,AT5G25140,AT5G27190,AT2G46360,AT5G52640,AT2G25230,AT3G24500,AT4G07523,AT3G09440,AT4G08880,AT1G05920,AT2G05010,AT3G08970,AT2G24780,AT1G30080,AT4G11660,AT4G12400,AT1G14200,AT4G34510,AT1G24938,AT1G33500,AT2G19320,AT5G02900,AT1G03070,AT1G19530,AT4G07540,AT4G20790,AT2G32140,AT2G35570,AT3G60940,AT3G22090,AT2G45500,AT4G09290,AT1G47280,AT3G10930,AT3G61930,AT4G03760,AT5G54470,AT1G43950,AT5G06820,AT5G58770,AT1G75940,AT5G35820,AT1G54050,AT1G18330,AT5G45570,AT2G44840,AT4G12930,AT2G05950,AT3G07090,AT1G74870,AT2G36040,AT4G28085,AT4G30290,AT2G07550,AT3G56380,AT5G59305,AT3G45250,AT5G04640,AT3G45560,AT5G54050,AT2G05550,AT1G13130,AT5G06980,AT5G62280,AT4G09090,AT1G31280,AT4G23885,AT5G52020,AT5G66390,AT3G43160,AT5G65790,AT4G36460,AT2G21940,AT1G73480,AT2G01500,AT3G47340,AT4G19850,AT1G69630,AT5G19640,AT3G17190,AT5G40430,AT3G23230,AT2G19840,AT2G23900,AT2G36050,AT1G43880,AT3G55090,AT4G03570,AT4G27652,AT1G41795,AT5G65390,AT2G23970,AT1G52020,AT3G52270,AT5G38700,AT2G41160,AT1G39750,AT5G52760,AT1G20400,AT5G13700,AT1G41825,AT2G37610,AT2G10440,AT5G62080,AT1G58170,AT2G06220,AT1G44050,AT5G28760,AT2G07455,AT1G31050,AT2G05960,AT3G03830,AT4G30490,AT4G23150,AT5G63990,AT5G54480,AT1G35660,AT2G18660,AT1G65550,AT3G57880,AT2G04670,AT5G40320,AT3G32050,AT2G31080,AT5G10100,AT2G33590	
3	AT5G18270	ANAC087	46	0	PWM3388	DAP-seq	ANAC087_col	14	1.0922404870888505e-7	0.000013988479952502208	174	AT4G03810,AT1G71000,AT1G30030,AT3G63350,AT3G17110,AT4G25200,AT5G62920,AT3G43970,AT1G59860,AT2G13310,AT5G07760,AT1G56600,AT2G03720,AT5G47160,AT1G75600,AT5G52640,AT4G37010,AT5G10695,AT2G23110,AT2G20805,AT1G10050,AT1G05920,AT1G61330,AT1G30080,AT3G25650,AT5G48570,AT1G47780,AT3G12320,AT4G04490,AT4G04070,AT3G30420,AT2G05090,AT1G03070,AT4G04560,AT1G06170,AT1G19530,AT5G13080,AT3G14520,AT5G59070,AT2G32140,AT4G03620,AT4G09290,AT1G47680,AT1G13700,AT1G47280,AT2G20670,AT4G08010,AT5G18160,AT3G28190,AT1G13310,AT3G13820,AT2G32360,AT2G47180,AT5G53250,AT2G46735,AT4G19780,AT5G58770,AT5G15250,AT1G75940,AT2G30220,AT3G05770,AT1G21120,AT2G05950,AT1G74870,AT3G26150,AT3G03410,AT1G41770,AT3G28560,AT1G79310,AT5G51270,AT1G09090,AT4G30290,AT2G07550,AT3G56380,AT1G35050,AT4G11480,AT3G45560,AT2G41860,AT2G39510,AT1G33817,AT1G78360,AT1G13130,AT5G06980,AT5G59060,AT2G40170,AT1G33100,AT1G62940,AT3G21830,AT4G16020,AT5G01380,AT3G11480,AT4G09090,AT1G59590,AT1G64170,AT1G35730,AT1G32980,AT3G23350,AT3G03660,AT5G65790,AT1G77730,AT5G59280,AT3G13610,AT5G52350,AT5G54460,AT2G06490,AT4G21950,AT1G22420,AT1G73480,AT3G28390,AT2G01500,AT1G70870,AT3G47340,AT1G69630,AT5G52690,AT2G29605,AT1G33813,AT3G18180,AT2G27700,AT2G23060,AT1G50220,AT1G70880,AT3G53040,AT3G60560,AT5G36130,AT5G22900,AT1G35570,AT1G13200,AT4G27652,AT4G31680,AT5G23220,AT4G19340,AT4G28670,AT3G19270,AT1G23510,AT3G52270,AT1G50930,AT2G33030,AT1G52660,AT1G41825,AT2G26410,AT4G15420,AT3G28210,AT1G05800,AT2G10440,AT2G32350,AT2G32930,AT4G22800,AT5G11820,AT4G03290,AT1G20350,AT3G15770,AT1G11610,AT2G15650,AT1G05330,AT2G05960,AT4G23150,AT2G18660,AT3G12850,AT5G66370,AT1G51840,AT2G04670,AT5G39540,AT5G03550,AT5G13150,AT1G09080,AT1G26390,AT2G31080,AT2G11235,AT5G43530,AT1G28300,AT1G65740,AT5G46770,AT4G04510,AT3G31380	
3	AT1G54330	ANAC020	0	1	PWM3357	DAP-seq	ANAC020_col	15	2.8187801667023254e-7	0.0000336938189259818	172	AT4G03810,AT2G01029,AT1G71000,AT1G30030,AT3G63350,AT3G17110,AT3G43970,AT1G59860,AT5G47160,AT5G52640,AT4G37010,AT2G23110,AT1G10050,AT3G09440,AT1G05920,AT2G15700,AT5G02490,AT1G61330,AT1G44414,AT3G25650,AT5G48570,AT1G47780,AT1G80660,AT4G04490,AT4G04070,AT3G30420,AT2G05090,AT1G03070,AT4G04560,AT1G06170,AT5G13080,AT3G14520,AT5G44260,AT2G32140,AT4G01180,AT4G03620,AT2G07728,AT1G47680,AT1G13700,AT3G42900,AT1G47280,AT2G20670,AT5G18160,AT3G28190,AT1G13310,AT3G13820,AT2G32360,AT2G47180,AT5G53250,AT2G46735,AT4G19780,AT5G58770,AT5G15250,AT4G25820,AT1G75940,AT1G29570,AT2G30220,AT1G21120,AT2G05950,AT1G74870,AT3G03410,AT1G41770,AT3G28560,AT1G79310,AT2G10780,AT4G09270,AT5G51270,AT1G09090,AT4G30290,AT2G07550,AT3G56380,AT1G35050,AT4G11480,AT4G36490,AT3G45560,AT2G41860,AT2G39510,AT1G33817,AT1G78360,AT1G13130,AT3G12190,AT5G06980,AT2G07714,AT2G40170,AT3G21830,AT4G16020,AT5G01380,AT3G11480,AT4G09090,AT1G59590,AT1G35730,AT1G32980,AT3G23350,AT3G03660,AT5G65790,AT5G25615,AT1G77730,AT5G59280,AT3G13610,AT5G52350,AT5G54460,AT2G06490,AT4G21950,AT1G22420,AT1G73480,AT3G28390,AT2G01500,AT1G70870,AT3G47340,AT5G40360,AT1G69630,AT5G52690,AT2G29605,AT1G33813,AT3G18180,AT2G23060,AT1G50220,AT1G70880,AT3G53040,AT3G60560,AT5G22900,AT1G35570,AT1G13200,AT3G55090,AT4G31680,AT5G23220,AT4G19340,AT4G28670,AT3G19270,AT1G23510,AT3G52270,AT1G50930,AT1G11990,AT2G33030,AT1G52660,AT1G41825,AT2G26410,AT4G15420,AT3G28210,AT2G10440,AT2G32350,AT2G32930,AT4G22800,AT5G11820,AT4G03290,AT1G20350,AT3G15770,AT1G11610,AT2G15650,AT2G05960,AT4G21720,AT4G23150,AT3G12850,AT5G66370,AT1G51840,AT2G04670,AT5G39540,AT5G03550,AT5G13150,AT1G09080,AT5G17130,AT3G10900,AT1G26390,AT1G13300,AT2G31080,AT4G39670,AT2G11235,AT5G43530,AT5G10100,AT1G28300,AT1G65740,AT4G04510	AT3G43430
3	AT3G04060	anac046	16	0	PWM3365	DAP-seq	ANAC046_col	16	4.4803398293213177e-7	0.000050207808212332016	171	AT4G03810,AT2G01029,AT1G71000,AT1G30030,AT3G63350,AT3G17110,AT3G43970,AT1G59860,AT2G13310,AT1G33055,AT5G07760,AT1G56600,AT2G03720,AT5G47160,AT1G75600,AT5G52640,AT5G10695,AT2G23110,AT2G20805,AT1G10050,AT1G05920,AT2G15700,AT1G61330,AT1G30080,AT5G48570,AT1G47780,AT4G04490,AT4G04070,AT2G05090,AT1G03070,AT4G04560,AT1G06170,AT1G19530,AT5G13080,AT3G14520,AT1G33960,AT5G59070,AT2G32140,AT4G01180,AT4G03620,AT1G47680,AT1G13700,AT1G47280,AT2G20670,AT4G14530,AT4G08010,AT5G18160,AT3G28190,AT1G13310,AT3G13820,AT2G32360,AT2G47180,AT5G53250,AT2G46735,AT4G19780,AT5G58770,AT5G15250,AT4G25820,AT1G75940,AT2G30220,AT3G05770,AT1G02700,AT1G21120,AT2G05950,AT1G74870,AT3G26150,AT3G03410,AT1G41770,AT3G28560,AT1G79310,AT5G51270,AT1G09090,AT4G30290,AT2G07550,AT3G56380,AT1G35050,AT4G11480,AT4G36490,AT3G45560,AT2G41860,AT2G39510,AT1G33817,AT1G78360,AT1G13130,AT5G59060,AT2G40170,AT1G33100,AT1G62940,AT3G21830,AT4G16020,AT3G11480,AT4G09090,AT1G59590,AT1G64170,AT1G35730,AT1G32980,AT3G23350,AT3G03660,AT5G65790,AT1G77730,AT5G59280,AT3G13610,AT5G52350,AT5G54460,AT2G06490,AT4G21950,AT1G22420,AT1G73480,AT3G28390,AT1G70870,AT3G47340,AT1G69630,AT5G52690,AT2G29605,AT1G33813,AT3G18180,AT2G27700,AT2G23060,AT1G50220,AT1G70880,AT3G53040,AT3G60560,AT5G22900,AT1G35570,AT1G13200,AT4G27652,AT4G31680,AT5G23220,AT4G19340,AT3G19270,AT1G23510,AT3G52270,AT1G50930,AT1G11990,AT2G33030,AT5G33240,AT1G52660,AT1G41825,AT2G26410,AT4G15420,AT3G28210,AT2G10440,AT2G32350,AT2G32930,AT4G22800,AT5G11820,AT4G03290,AT1G20350,AT3G15770,AT1G11610,AT2G15650,AT4G23150,AT2G18660,AT3G12850,AT5G66370,AT1G51840,AT2G04670,AT5G39540,AT5G03550,AT5G13150,AT1G09080,AT3G10900,AT1G26390,AT1G13300,AT2G31080,AT2G11235,AT5G43530,AT1G28300,AT1G65740,AT5G46770,AT4G04510	
3	AT5G07680	ANAC079	26	0	PWM3384	DAP-seq	ANAC079_col	17	4.4803398293213177e-7	0.000050207808212332016	171	AT4G03810,AT1G71000,AT1G30030,AT3G17110,AT3G43970,AT1G59860,AT2G13310,AT2G03720,AT5G47160,AT1G75600,AT5G52640,AT4G37010,AT5G10695,AT2G23110,AT2G20805,AT1G10050,AT1G05920,AT1G61330,AT1G30080,AT5G48570,AT1G47780,AT1G80660,AT4G04490,AT4G04070,AT4G17490,AT3G30420,AT2G05090,AT1G03070,AT4G04560,AT1G06170,AT1G19530,AT5G13080,AT5G59070,AT2G32140,AT4G01180,AT2G34120,AT4G03620,AT1G47680,AT4G15680,AT1G13700,AT1G47280,AT2G20670,AT5G18160,AT3G28190,AT1G13310,AT3G13820,AT2G32360,AT3G12510,AT2G47180,AT5G53250,AT2G46735,AT4G19780,AT5G58770,AT5G15250,AT1G75940,AT2G30220,AT1G21120,AT2G05950,AT1G74870,AT3G26150,AT3G03410,AT1G41770,AT3G28560,AT1G79310,AT5G51270,AT1G09090,AT2G07550,AT3G56380,AT1G35050,AT5G59305,AT4G11480,AT3G45560,AT2G41860,AT2G39510,AT1G33817,AT1G78360,AT1G13130,AT5G06980,AT5G59060,AT2G40170,AT1G33100,AT1G62940,AT3G21830,AT4G16020,AT3G11480,AT4G09090,AT1G59590,AT1G64170,AT1G35730,AT1G32980,AT3G23350,AT3G03660,AT5G65790,AT1G77730,AT5G06900,AT5G59280,AT3G13610,AT5G52350,AT5G54460,AT2G06490,AT4G21950,AT1G22420,AT1G73480,AT3G28390,AT2G01500,AT3G47340,AT5G40360,AT1G69630,AT5G52690,AT1G33813,AT3G18180,AT2G23060,AT1G50220,AT1G70880,AT3G53040,AT3G60560,AT1G35570,AT1G13200,AT5G49420,AT4G31680,AT5G23220,AT4G19340,AT4G28670,AT3G19270,AT1G23510,AT3G52270,AT1G50930,AT2G18610,AT1G11990,AT1G52660,AT1G41825,AT2G26410,AT4G15420,AT3G28210,AT1G05800,AT2G10440,AT2G32350,AT2G32930,AT4G22800,AT5G11820,AT4G03290,AT1G20350,AT3G15770,AT1G44050,AT1G11610,AT2G15650,AT1G05330,AT4G23150,AT5G63990,AT2G18660,AT3G12850,AT3G57880,AT5G66370,AT1G51840,AT2G04670,AT5G39540,AT5G03550,AT5G13150,AT1G09080,AT5G17130,AT3G10900,AT1G26390,AT1G13300,AT2G31080,AT4G39670,AT2G11235,AT5G43530,AT1G28300,AT1G65740,AT5G46770,AT4G04510	
3	AT3G15170	ANAC054	12	0	PWM3400	DAP-seq	CUC1_col	18	7.070764094311784e-7	0.0000704326667838946	170	AT2G14770,AT4G03810,AT2G01029,AT1G71000,AT1G30030,AT3G20180,AT3G17110,AT5G51440,AT3G43970,AT1G59860,AT3G46230,AT2G13310,AT1G56600,AT5G28160,AT5G52640,AT4G37010,AT1G10050,AT4G08880,AT1G05920,AT5G02490,AT1G61330,AT3G25650,AT5G48570,AT1G47780,AT4G04490,AT4G04070,AT2G36080,AT1G03070,AT4G04560,AT1G19530,AT5G13080,AT2G32140,AT4G01180,AT1G17020,AT2G04063,AT3G22090,AT4G03620,AT2G21820,AT1G47680,AT2G19630,AT1G47280,AT4G37070,AT2G20670,AT3G28190,AT1G13310,AT3G13820,AT2G32360,AT2G47180,AT1G59980,AT5G53250,AT2G46735,AT4G19780,AT5G58770,AT5G15250,AT1G75940,AT1G29570,AT4G16000,AT2G30220,AT1G21120,AT2G05950,AT1G74870,AT3G26150,AT3G03410,AT1G41770,AT3G28560,AT4G09270,AT5G51270,AT2G07550,AT3G56380,AT1G35050,AT4G11480,AT4G36490,AT3G45560,AT2G41860,AT2G02640,AT1G33817,AT1G78360,AT5G06980,AT2G07714,AT2G40170,AT1G62940,AT2G19640,AT2G41850,AT3G21830,AT4G16020,AT5G01380,AT3G11480,AT4G08050,AT4G09090,AT1G59590,AT4G08770,AT1G35730,AT3G23350,AT5G65790,AT5G25615,AT1G77730,AT5G59280,AT3G13610,AT5G52350,AT5G54460,AT2G06490,AT1G73480,AT3G28390,AT2G01500,AT1G70870,AT2G13750,AT3G47340,AT1G69630,AT2G29605,AT1G33813,AT3G18180,AT2G27700,AT2G23060,AT1G70880,AT5G17750,AT1G37537,AT3G53040,AT5G59310,AT5G36130,AT1G35570,AT1G13200,AT4G27652,AT5G23220,AT4G19340,AT4G28670,AT1G52020,AT3G19270,AT1G23510,AT3G52270,AT1G01480,AT5G38700,AT5G49690,AT1G50930,AT1G39750,AT2G33030,AT1G52660,AT1G41825,AT2G26410,AT4G15420,AT2G10440,AT2G32350,AT2G32930,AT4G22800,AT5G11820,AT4G03290,AT1G20350,AT3G15770,AT2G24410,AT4G14270,AT1G11610,AT2G15650,AT1G05330,AT4G23150,AT2G18660,AT3G12850,AT1G51840,AT2G04670,AT5G39540,AT5G03550,AT5G13150,AT1G09080,AT1G26390,AT1G13300,AT2G11235,AT5G43530,AT1G28300,AT1G65740,AT5G46770,AT4G04510,AT3G31380	
3	AT2G41690	AT-HSFB3	13	na	PWM3180	DAP-seq	HSFB3_col	19	0.0000011079431981715615	0.00010455485022745314	169	AT2G14770,AT2G26150,AT2G01029,AT1G71000,AT3G63350,AT2G12990,AT3G14200,AT4G04300,AT1G41797,AT1G35480,AT5G12020,AT3G17110,AT4G27657,AT3G42250,AT3G16050,AT5G62920,AT5G12030,AT2G41260,AT2G29500,AT1G66080,AT5G51440,AT3G51910,AT5G18340,AT1G59860,AT1G21550,AT3G46230,AT5G07760,AT5G52640,AT1G66690,AT2G14510,AT2G23110,AT3G09440,AT2G15700,AT2G15360,AT5G02490,AT1G59535,AT1G28170,AT3G08970,AT3G42350,AT3G12580,AT2G24100,AT3G25650,AT5G48570,AT4G11660,AT1G47780,AT1G30070,AT4G12400,AT1G14200,AT3G01250,AT3G30420,AT1G33500,AT4G10240,AT5G13080,AT1G32680,AT2G32140,AT2G35570,AT5G35320,AT4G09290,AT1G67360,AT3G53230,AT2G32120,AT4G37070,AT3G30660,AT5G17180,AT1G33830,AT3G59730,AT5G18160,AT4G23570,AT2G25140,AT3G13820,AT4G07350,AT1G07500,AT5G22530,AT3G10020,AT1G54050,AT1G18330,AT5G11220,AT1G43755,AT3G07090,AT3G27800,AT2G38510,AT2G06020,AT4G10200,AT4G17250,AT3G45950,AT5G09590,AT1G35050,AT4G11480,AT2G48140,AT1G58808,ATMG00920,AT1G35490,AT2G02680,AT5G54050,AT2G02640,AT2G05550,AT1G72540,AT5G22390,AT3G30260,AT5G47830,AT3G03520,AT1G07350,AT3G51680,AT1G67450,AT5G01380,AT4G08050,AT1G59590,AT3G13270,AT1G31280,AT5G52020,AT1G35730,AT5G59820,AT5G65790,AT5G25615,AT3G21370,AT3G12050,AT3G25230,AT5G59280,AT1G72570,AT2G21940,AT1G15550,AT2G17490,AT3G29792,AT1G41860,AT2G19310,AT1G66510,AT2G19840,AT5G52570,AT1G37537,AT5G22900,AT2G42640,AT5G49420,AT4G12550,AT1G41795,AT1G33770,AT5G12110,AT5G62020,AT2G41160,AT1G39750,AT2G15790,AT5G22410,AT1G44060,AT4G08490,AT1G41825,AT5G35600,AT3G28210,AT2G23210,AT5G49140,AT1G58170,AT1G44050,AT5G04340,AT4G14270,AT2G10400,AT3G13310,AT3G32950,AT3G03830,AT1G47790,AT2G15800,AT4G23150,AT1G35660,AT2G36440,AT2G21650,AT5G17130,AT3G31540,AT2G12320,AT2G31080,AT3G29810,AT4G04510,AT4G09150	na
3	AT1G34190	anac017	3	0	PWM3355	DAP-seq	ANAC017_col	20	0.0000011079431981715615	0.00010455485022745314	169	AT2G01029,AT1G71000,AT1G30030,AT1G35480,AT3G42080,AT4G25200,AT5G51440,AT4G27150,AT3G43970,AT1G59860,AT5G51320,AT2G13310,AT1G56600,AT5G28160,AT5G52640,AT2G14510,AT2G23110,AT1G10050,AT1G05920,AT2G15700,AT1G61330,AT4G26270,AT3G25650,AT5G48570,AT1G64940,AT1G21240,AT1G03070,AT4G04560,AT1G19530,AT3G14520,AT5G44260,AT1G33960,AT4G07540,AT4G20790,AT2G32140,AT4G01180,AT1G09950,AT1G17020,AT2G04063,AT3G22090,AT2G45500,AT4G03620,AT2G21820,AT1G47680,AT3G42900,AT4G37070,AT5G28510,AT2G20670,AT5G18160,AT1G13310,AT3G13820,AT4G07350,AT2G32360,AT2G47180,AT4G21323,AT1G07500,AT5G53250,AT4G19780,AT5G58770,AT1G29570,AT2G30220,AT2G05950,AT3G07090,AT1G74870,AT1G41770,AT3G28560,AT3G59830,AT4G09270,AT4G30290,AT2G07550,AT2G13890,AT3G56380,AT4G11480,AT4G36490,AT3G45560,AT2G41860,AT3G54500,AT1G35490,AT2G39510,AT1G33817,AT2G05550,AT4G02550,AT1G78360,AT1G13130,AT2G07714,AT1G62940,AT2G41850,AT4G16020,AT3G11480,AT4G08050,AT1G59590,AT1G33760,AT3G23350,AT5G65790,AT5G25615,AT4G36460,AT1G77730,AT3G13610,AT5G52350,AT5G54460,AT2G06490,AT1G73480,AT3G28390,AT2G01500,AT2G30090,AT3G47340,AT1G69630,AT5G52690,AT2G29605,AT1G33813,AT3G18180,AT2G27700,AT5G17750,AT3G53040,AT5G23190,AT5G22900,AT1G35570,AT1G13200,AT2G12290,AT4G27652,AT4G31680,AT5G23220,AT4G19340,AT1G35030,AT3G19270,AT1G23510,AT2G07736,AT1G01480,AT5G38700,AT1G50930,AT1G39750,AT5G57790,AT1G11990,AT2G33030,AT5G33240,AT1G52660,AT1G41825,AT2G26410,AT4G15420,AT2G10440,AT2G32350,AT2G32930,AT5G11820,AT1G20350,AT3G15770,AT2G24410,AT4G14270,AT1G11610,AT2G15650,AT1G05330,AT5G48390,AT2G05960,AT1G66930,AT4G30490,AT1G47790,AT4G23150,AT3G12850,AT1G51840,AT5G39540,AT5G03550,AT5G13150,AT1G09080,AT1G26390,AT1G13300,AT5G10100,AT1G28300,AT1G65740,AT5G46770,AT3G28270	
3	AT1G65910	anac028	1	na	PWM3358	DAP-seq	ANAC028_col	21	0.000002662365382214584	0.0002273152919195595	167	AT3G42930,AT2G01029,AT1G71000,AT1G30030,AT3G20180,AT5G51440,AT3G43970,AT1G59860,AT3G46230,AT2G13310,AT5G07760,AT1G56600,AT5G28160,AT5G52640,AT4G37010,AT2G20805,AT1G10050,AT1G05920,AT1G61330,AT1G44414,AT3G25650,AT5G48570,AT5G23480,AT4G04490,AT4G04070,AT2G05090,AT5G09930,AT2G19320,AT4G04560,AT1G06170,AT3G14520,AT2G32140,AT4G01180,AT1G17020,AT3G22090,AT4G03620,AT2G07728,AT1G47680,AT4G15680,AT1G47280,AT4G37070,AT2G20670,AT2G26520,AT4G08010,AT3G28190,AT1G13310,AT3G13820,AT4G07350,AT2G32360,AT2G47180,AT5G24550,AT5G53250,AT1G62080,AT4G19780,AT5G58770,AT5G15250,AT4G25820,AT2G10450,AT4G16000,AT2G30220,AT3G05770,AT1G21120,AT2G05950,AT1G74870,AT3G26150,AT3G03410,AT1G41770,AT3G28560,AT3G59830,AT4G09270,AT5G51270,AT1G09090,AT3G50720,AT2G07550,AT5G43510,AT2G13890,AT3G56380,AT1G35050,AT4G11480,AT4G36490,AT3G29220,AT3G45560,AT2G41860,AT2G02640,AT1G33817,AT2G05550,AT1G78360,AT2G07714,AT2G43660,AT1G62940,AT2G41850,AT4G16020,AT5G01380,AT3G11480,AT4G08050,AT1G35730,AT1G32980,AT3G23350,AT5G65790,AT5G25615,AT1G77730,AT5G59280,AT3G13610,AT5G52350,AT5G54460,AT2G06490,AT1G73480,AT3G28390,AT2G01500,AT3G47340,AT1G69630,AT2G29605,AT1G33813,AT2G19310,AT3G23230,AT3G18180,AT2G27700,AT1G50220,AT3G53040,AT5G22900,AT1G35570,AT1G13200,AT2G14930,AT4G27652,AT4G19340,AT4G28670,AT2G41250,AT3G19270,AT1G23510,AT1G01480,AT1G50930,AT1G65670,AT2G33030,AT1G52660,AT2G26410,AT4G15420,AT3G28210,AT2G10440,AT2G32350,AT1G53830,AT2G32930,AT5G05490,AT4G03290,AT1G20350,AT3G15770,AT1G11610,AT2G15650,AT2G05960,AT4G23150,AT3G21170,AT5G63990,AT3G12850,AT3G57880,AT1G51840,AT2G04670,AT5G39540,AT5G03550,AT5G13150,AT1G09080,AT3G31540,AT1G26390,AT1G13300,AT2G31080,AT2G11235,AT5G10100,AT1G65740,AT3G31380	na
3	AT2G24430	ANAC038	52	0	PWM3360	DAP-seq	ANAC038_col	22	0.000004082696289900535	0.00033273974762689363	166	AT4G03810,AT1G71000,AT1G30030,AT3G20180,AT3G17110,AT4G25200,AT2G41260,AT5G51440,AT3G43970,AT1G59860,AT1G56600,AT5G47160,AT5G28160,AT5G52640,AT3G57850,AT5G06040,AT1G10050,AT1G05920,AT1G61330,AT3G42350,AT1G30080,AT3G25650,AT5G48570,AT1G47780,AT5G23480,AT4G04490,AT4G04070,AT2G05090,AT5G09930,AT1G03070,AT4G04560,AT1G06170,AT5G13080,AT2G32140,AT4G01180,AT2G04063,AT4G03620,AT4G03840,AT1G47680,AT1G47280,AT4G37070,AT2G20670,AT3G10930,AT3G42390,AT4G08010,AT1G66120,AT3G28840,AT3G28190,AT1G13310,AT3G13820,AT2G32360,AT2G47180,AT5G53250,AT1G62080,AT2G46735,AT4G19780,AT5G25950,AT5G58770,AT5G15250,AT2G30220,AT2G05950,AT1G43755,AT1G74870,AT3G26150,AT3G03410,AT1G41770,AT3G28560,AT2G10780,AT4G09270,AT5G51270,AT1G09090,AT2G07550,AT2G13890,AT3G56380,AT1G35050,AT4G11480,AT4G36490,AT3G45560,AT2G41860,AT1G33817,AT2G05550,AT1G78360,AT2G07714,AT2G40170,AT1G33100,AT1G62940,AT2G41850,AT3G21830,AT2G30750,AT4G16020,AT3G11480,AT4G09090,AT1G59590,AT4G08770,AT1G35730,AT1G50040,AT3G23350,AT5G65790,AT5G35940,AT1G77730,AT5G59280,AT3G13610,AT5G52350,AT2G06490,AT1G73480,AT2G01500,AT3G47340,AT1G69630,AT5G52690,AT2G29605,AT1G33813,AT3G23230,AT3G18180,AT2G27700,AT2G23060,AT3G60560,AT5G22900,AT1G35570,AT1G13200,AT2G14930,AT3G55090,AT4G27652,AT4G31680,AT5G23220,AT4G19340,AT4G28670,AT3G19270,AT1G18990,AT1G23510,AT3G52270,AT1G01480,AT1G50930,AT4G21020,AT2G33030,AT1G52660,AT2G10440,AT2G32350,AT2G32930,AT4G22800,AT5G11820,AT4G03290,AT1G20350,AT3G15770,AT1G11610,AT2G15650,AT1G31050,AT2G05960,AT4G30490,AT2G01024,AT4G23150,AT5G63990,AT2G18660,AT1G65550,AT3G12850,AT3G57880,AT5G66370,AT1G51840,AT2G04670,AT5G39540,AT5G03310,AT5G03550,AT5G13150,AT1G09080,AT2G11235,AT5G43530,AT1G65740	
3	AT3G18400	anac058	51	0	PWM3375	DAP-seq	ANAC058_col	23	0.000004082696289900535	0.00033273974762689363	166	AT4G03810,AT1G71000,AT1G30030,AT3G20180,AT3G17110,AT5G51440,AT3G43970,AT1G59860,AT3G46230,AT2G13310,AT1G56600,AT5G28160,AT5G52640,AT3G57850,AT2G23110,AT2G20805,AT1G10050,AT1G05920,AT1G61330,AT1G44414,AT1G30080,AT3G25650,AT5G48570,AT1G47780,AT4G04490,AT4G04070,AT1G03070,AT4G04560,AT1G06170,AT5G13080,AT3G21660,AT2G32140,AT4G01180,AT2G04063,AT3G22090,AT4G03620,AT2G21820,AT5G17300,AT1G47680,AT4G37070,AT2G20670,AT4G08010,AT3G28840,AT3G28190,AT1G13310,AT3G13820,AT4G07350,AT2G32360,AT2G47180,AT5G53250,AT2G46735,AT4G19780,AT5G25950,AT5G58770,AT5G15250,AT4G16000,AT2G30220,AT3G05770,AT2G05950,AT1G74870,AT3G26150,AT3G03410,AT1G41770,AT3G28560,AT4G09270,AT5G51270,AT1G09090,AT2G07550,AT2G13890,AT3G56380,AT1G35050,AT4G11480,AT4G36490,AT3G45560,AT2G41860,AT1G33817,AT2G05550,AT5G06980,AT2G07714,AT2G40170,AT1G33100,AT1G62940,AT2G41850,AT3G21830,AT4G16020,AT3G11480,AT4G08050,AT4G09090,AT1G59590,AT4G08770,AT3G23350,AT5G65790,AT5G25615,AT4G36460,AT1G77730,AT5G59280,AT3G13610,AT5G52350,AT5G54460,AT2G06490,AT1G73480,AT2G01500,AT3G47340,AT1G69630,AT5G52690,AT2G29605,AT1G33813,AT3G23230,AT3G18180,AT2G27700,AT2G23060,AT1G37537,AT3G53040,AT5G22900,AT1G35570,AT1G13200,AT2G14930,AT4G27652,AT4G31680,AT5G23220,AT4G19340,AT4G28670,AT3G19270,AT1G18990,AT1G23510,AT3G52270,AT1G01480,AT1G50930,AT1G39750,AT2G18610,AT4G21020,AT1G52660,AT1G41825,AT2G26410,AT4G15420,AT2G36120,AT2G10440,AT2G32350,AT2G32930,AT4G22800,AT5G11820,AT1G20350,AT3G15770,AT2G24410,AT1G11610,AT2G15650,AT2G05960,AT4G30490,AT4G23150,AT5G63990,AT2G18660,AT3G12850,AT1G51840,AT2G04670,AT5G39540,AT5G03550,AT5G13150,AT1G09080,AT1G13300,AT2G31080,AT2G11235,AT5G43530,AT1G28300,AT5G46770,AT4G04510,AT3G31380	
3	AT3G10500	ANAC053	8	1	PWM3370	DAP-seq	ANAC053_col	25	0.000006215600208428738	0.0004457828469485091	165	AT4G03810,AT1G71000,AT1G30030,AT1G35480,AT3G42080,AT5G51440,AT4G04430,AT3G43970,AT1G59860,AT5G51320,AT1G30720,AT1G56600,AT1G42410,AT5G28160,AT4G37010,AT2G14510,AT2G23110,AT2G20805,AT1G10050,AT1G05920,AT2G15700,AT1G61330,AT3G42350,AT1G17300,AT5G48570,AT5G23480,AT1G80660,AT3G30420,AT2G19320,AT4G04560,AT1G06170,AT1G19530,AT4G20790,AT2G32140,AT2G06150,AT4G01180,AT1G17020,AT2G04063,AT4G03620,AT1G47680,AT4G27170,AT2G20670,AT3G10930,AT3G42390,AT5G17180,AT3G28190,AT1G13310,AT3G13820,AT2G32360,AT2G47180,AT5G53250,AT4G19780,AT5G58770,AT5G15250,AT1G29570,AT4G16000,AT2G30220,AT5G35820,AT1G21120,AT2G05950,AT1G41770,AT3G28560,AT4G09270,AT5G51270,AT1G09090,AT3G50720,AT2G07550,AT3G56380,AT1G35050,AT5G59305,AT4G11480,AT4G36490,AT3G45560,AT2G41860,AT1G35490,AT1G33817,AT2G05550,AT4G02550,AT1G78360,AT2G07714,AT1G07350,AT1G62940,AT2G41850,AT4G16020,AT5G01380,AT3G11480,AT1G59590,AT1G33760,AT3G45280,AT1G35730,AT1G32980,AT3G23350,AT5G65790,AT1G77730,AT5G59280,AT3G13610,AT5G52350,AT5G54460,AT2G06490,AT1G22420,AT3G28390,AT2G01500,AT2G30090,AT3G47340,AT1G69630,AT5G52690,AT2G29605,AT1G33813,AT2G19310,AT3G17190,AT3G18180,AT2G27700,AT5G17750,AT3G53040,AT5G23190,AT5G22900,AT1G35570,AT1G13200,AT2G12290,AT4G27652,AT1G56030,AT4G19340,AT4G28670,AT2G41250,AT1G35030,AT3G19270,AT1G23510,AT3G52270,AT2G07736,AT1G01480,AT1G50930,AT1G39750,AT5G57790,AT4G21020,AT2G33030,AT5G33240,AT1G52660,AT2G26410,AT4G15420,AT3G28210,AT2G10440,AT2G32350,AT5G05490,AT5G11820,AT1G20350,AT3G15770,AT4G14270,AT1G11610,AT2G15650,AT1G05330,AT2G05960,AT4G23150,AT3G21170,AT2G18660,AT3G12850,AT1G51840,AT5G39540,AT5G03550,AT5G13150,AT1G09080,AT2G31080,AT2G11235,AT1G65740,AT5G46770,AT3G31380	AT3G15500
3	AT1G19040	AT1G19040	28	na	PWM3397	DAP-seq	AT1G19040_col	26	0.000006215600208428738	0.0004457828469485091	165	AT3G42930,AT1G71000,AT1G30030,AT1G35480,AT5G12020,AT3G20180,AT3G42080,AT4G25200,AT4G39675,AT5G12030,AT5G51440,AT3G43970,AT1G59860,AT3G46230,AT2G13310,AT5G28160,AT5G52640,AT2G23110,AT1G10050,AT1G05920,AT1G61330,AT1G44414,AT4G26270,AT3G25650,AT5G48570,AT4G04490,AT4G04070,AT4G04560,AT1G06170,AT3G14520,AT2G32140,AT4G01180,AT1G09950,AT1G17020,AT2G04063,AT2G35570,AT3G22090,AT4G03620,AT4G05600,AT5G17300,AT1G47680,AT3G42900,AT4G37070,AT2G20670,AT3G10930,AT2G26520,AT4G08010,AT3G28840,AT3G28190,AT1G13310,AT3G13820,AT4G07350,AT2G32360,AT2G47180,AT4G12080,AT5G24550,AT1G43950,AT1G07500,AT5G53250,AT5G39490,AT4G19780,AT5G58770,AT1G29570,AT2G10450,AT2G30220,AT3G05770,AT2G05950,AT1G74870,AT3G26150,AT1G41770,AT3G28560,AT3G59830,AT4G09270,AT5G51270,AT2G07550,AT5G09590,AT2G13890,AT3G56380,AT1G35050,AT4G11480,AT4G36490,AT3G29220,AT3G45560,AT2G41860,AT1G35490,AT1G33817,AT2G05550,AT2G07714,AT1G07350,AT1G62940,AT3G20690,AT2G41850,AT4G16020,AT3G11480,AT4G09090,AT1G59590,AT5G39280,AT3G45280,AT3G23350,AT5G65790,AT5G25615,AT4G36460,AT1G77730,AT5G52350,AT5G54460,AT2G06490,AT1G73480,AT3G28390,AT2G01500,AT2G30090,AT3G47340,AT1G69630,AT2G29605,AT1G33813,AT3G18180,AT2G27700,AT1G63450,AT3G53040,AT5G22900,AT1G35570,AT1G13200,AT4G31680,AT3G19270,AT1G23510,AT2G07736,AT1G01480,AT1G50930,AT1G65670,AT4G21020,AT2G33030,AT5G33240,AT4G08490,AT1G52660,AT1G41825,AT4G15420,AT3G28210,AT2G36120,AT2G10440,AT2G32350,AT1G53830,AT2G32930,AT1G20350,AT3G15770,AT4G14270,AT1G11610,AT2G15650,AT5G48390,AT2G05960,AT5G39650,AT4G30490,AT1G47790,AT4G23150,AT3G21170,AT2G18660,AT3G12850,AT3G57880,AT5G39540,AT5G03550,AT5G13150,AT3G31540,AT1G26390,AT1G13300,AT2G31080,AT2G11235,AT1G65740	na
3	AT4G16150	CAMTA5	0	na	PWM3072	DAP-seq	CAMTA5_col	27	0.000009394334231288444	0.0006238533806185253	164	AT4G03810,AT3G42930,AT2G01029,AT1G41797,AT1G35480,AT3G17110,AT3G16050,AT4G39675,AT2G41260,AT4G27150,AT5G18340,AT5G40645,AT1G59860,AT4G08190,AT1G56600,AT3G43530,AT1G15830,AT1G26400,AT2G25230,AT5G06040,AT4G08880,AT2G15360,AT1G61330,AT2G24100,AT2G16200,AT2G46830,AT1G31040,AT4G12400,AT4G04490,AT4G04070,AT4G17490,AT5G09930,AT4G04560,AT1G19530,AT4G30540,AT1G47816,AT1G16730,AT3G21660,AT3G12160,AT1G09950,AT2G45500,AT4G05600,AT4G09290,AT5G05410,AT1G09155,AT4G15680,AT1G47280,AT2G20670,AT5G17180,AT3G28840,AT3G28190,AT1G42710,AT3G12510,AT3G61930,AT4G03760,AT5G19015,AT5G54470,AT1G07500,AT2G46735,AT1G35740,AT2G04210,AT3G10020,AT2G36640,AT3G05770,AT5G11220,AT2G05950,AT2G36040,AT1G41770,AT3G28560,AT4G28085,AT1G56170,AT1G54923,AT2G13890,AT3G45250,AT3G29220,AT1G58808,AT1G35490,AT5G65100,AT1G13130,AT5G22390,AT3G30260,AT4G05630,AT1G33100,AT1G47470,AT2G30750,AT4G32170,AT3G29450,AT2G12520,AT5G47610,AT4G30280,AT1G31280,AT5G52020,AT5G66390,AT5G16600,AT3G03660,AT5G35940,AT2G06490,AT1G50720,AT1G60980,AT3G45970,AT1G22420,AT1G73480,AT2G01500,AT1G44070,AT5G40360,AT2G42360,AT1G30140,AT2G14630,AT1G66510,AT3G17190,AT5G40430,AT3G23230,AT4G15700,AT2G23060,AT1G63450,AT2G36050,AT2G36210,AT2G27000,AT4G27652,AT1G56030,AT1G33770,AT1G52020,AT2G41250,AT5G43620,AT1G35030,AT5G38400,AT1G01480,AT5G38700,AT1G19180,AT2G18610,AT5G22410,AT1G44060,AT4G21020,AT5G35600,AT1G05800,AT1G53830,AT2G32930,AT5G62080,AT4G22800,AT1G36105,AT2G24410,AT3G23150,AT3G04320,AT3G55970,AT2G05960,AT5G39650,AT2G22860,AT3G46800,AT4G30970,AT1G34590,AT1G51840,AT5G13150,AT2G11590,AT5G17130,AT3G31540,AT3G10900,AT5G06020,AT2G31080,AT4G05070,AT4G17800,AT2G11235,AT5G10100,AT4G04510,AT4G07330	na
3	AT4G18880	AT-HSFA4A	39	0	PWM3169	DAP-seq	HSF21_col	28	0.000009394334231288444	0.0006238533806185253	164	AT2G26150,AT2G01029,AT1G71000,AT1G30030,AT4G03710,AT3G63350,AT1G51000,AT2G12990,AT5G12020,AT3G16050,AT3G42080,AT5G49700,AT5G12030,AT2G29500,AT1G66080,AT2G20560,AT5G51440,AT3G51910,AT5G18340,AT1G37060,AT1G59860,AT1G21550,AT3G46230,AT2G05500,AT5G52640,AT2G23110,AT1G10050,AT3G09440,AT1G05920,AT5G02490,AT3G08970,AT3G42350,AT3G12580,AT2G24100,AT1G30080,AT5G48570,AT4G11660,AT1G47780,AT1G26800,AT2G36030,AT5G23480,AT1G14200,AT1G42580,AT1G33500,AT1G03070,AT2G32140,AT2G35570,AT3G22090,AT4G03360,AT5G17300,AT5G05410,AT4G03840,AT3G53230,AT2G19630,AT1G13700,AT2G32120,AT3G30660,AT5G17180,AT1G33830,AT3G59730,AT5G18160,AT4G23570,AT2G25140,AT4G07350,AT1G07500,AT5G22530,AT3G02140,AT5G37030,AT4G04590,AT5G06820,AT2G04210,AT3G10020,AT2G10450,AT1G32010,AT5G35820,AT1G54050,AT1G18330,AT5G27660,AT1G21120,AT1G43755,AT3G07090,AT3G27800,AT2G38510,AT2G10780,AT1G56170,AT3G50720,AT2G07550,AT5G09590,AT4G11480,AT2G48140,AT1G58808,AT2G02680,AT5G54050,AT2G05550,AT5G22390,AT5G47830,AT5G28950,AT3G03520,AT4G04270,AT1G07350,AT3G51680,AT1G67450,AT5G01380,AT4G08050,AT4G09090,AT1G31280,AT5G52020,AT4G08770,AT5G65790,AT5G25615,AT1G59670,AT3G12050,AT3G25230,AT1G72570,AT2G21940,AT2G06110,AT1G15550,AT2G17490,AT5G19640,AT1G41860,AT1G66510,AT2G19840,AT1G74490,AT1G37537,AT5G59310,AT4G12550,AT4G27652,AT1G33770,AT5G65390,AT5G53400,AT5G62020,AT1G39750,AT2G15790,AT1G51320,AT5G22410,AT1G65670,AT4G21020,AT1G41825,AT4G36000,AT4G15420,AT1G58170,AT1G44050,AT3G23150,AT5G04340,AT4G14270,AT3G55970,AT2G10400,AT3G13310,AT1G08670,AT3G03830,AT4G13230,AT1G47790,AT2G15800,AT4G23150,AT1G65550,AT2G21650,AT5G56030,AT1G55530,AT5G17130,AT5G59620,AT2G12320,AT3G29810,AT4G09150,AT4G07330	
3	AT3G10480	ANAC050	0	na	PWM3368	DAP-seq	ANAC050_col	29	0.000009394334231288444	0.0006238533806185253	164	AT4G03810,AT3G42930,AT1G71000,AT1G30030,AT1G35480,AT5G12020,AT3G20180,AT3G17110,AT4G25200,AT5G12030,AT5G51440,AT3G43970,AT1G59860,AT3G46230,AT2G13310,AT1G33055,AT1G56600,AT5G28160,AT5G52640,AT4G37010,AT2G23110,AT2G20805,AT1G10050,AT1G05920,AT1G61330,AT1G44414,AT4G26270,AT3G25650,AT5G48570,AT4G29140,AT4G04070,AT4G04560,AT1G19530,AT3G14520,AT3G21660,AT2G32140,AT4G01180,AT1G17020,AT2G04063,AT3G22090,AT4G03620,AT1G47680,AT4G15680,AT4G37070,AT2G20670,AT4G08010,AT3G28190,AT1G13310,AT3G13820,AT4G07350,AT2G32360,AT2G47180,AT4G12080,AT1G07500,AT5G53250,AT4G19780,AT5G58770,AT5G15250,AT1G29570,AT2G30220,AT2G05950,AT1G74870,AT3G26150,AT3G03410,AT1G41770,AT3G28560,AT3G59830,AT4G09270,AT5G51270,AT4G30290,AT2G07550,AT2G13890,AT3G56380,AT1G35050,AT5G59305,AT4G11480,AT4G36490,AT3G29220,AT3G45560,AT2G41860,AT1G35490,AT1G33817,AT2G05550,AT1G78360,AT5G06980,AT2G07714,AT1G33100,AT1G62940,AT2G41850,AT3G21830,AT4G16020,AT3G11480,AT1G59590,AT3G23350,AT5G65790,AT5G25615,AT4G36460,AT1G77730,AT3G13610,AT5G52350,AT5G54460,AT2G06490,AT1G73480,AT3G28390,AT2G01500,AT3G47340,AT1G69630,AT2G29605,AT1G33813,AT3G18180,AT2G27700,AT3G53040,AT5G59310,AT5G22900,AT1G35570,AT1G13200,AT4G27652,AT4G31680,AT5G23220,AT4G19340,AT4G28670,AT5G62380,AT3G19270,AT1G18990,AT1G23510,AT2G07736,AT1G01480,AT1G50930,AT1G39750,AT4G21020,AT2G33030,AT5G33240,AT4G08490,AT1G52660,AT1G41825,AT2G26410,AT1G80580,AT4G15420,AT2G10440,AT2G32350,AT2G32930,AT1G20350,AT2G11165,AT3G15770,AT4G14270,AT1G11610,AT2G15650,AT5G48390,AT2G05960,AT1G47790,AT4G23150,AT3G21170,AT3G12850,AT1G51840,AT5G39540,AT5G03550,AT5G13150,AT1G09080,AT1G13300,AT2G31080,AT1G28300,AT1G65740,AT5G46770,AT3G31380	na
3	AT1G34180	anac016	32	0	PWM3353	DAP-seq	ANAC016_col	30	0.000014095689275139147	0.0008424523623441497	163	AT3G42930,AT1G71000,AT1G30030,AT1G35480,AT3G20180,AT4G25200,AT4G39675,AT5G51440,AT3G43970,AT2G36750,AT1G59860,AT3G46230,AT2G13310,AT1G56600,AT5G28160,AT5G52640,AT1G66690,AT1G10050,AT1G05920,AT1G61330,AT4G26270,AT3G25650,AT5G48570,AT1G47780,AT4G04070,AT1G03070,AT4G04560,AT3G14520,AT1G33960,AT2G32140,AT2G06150,AT4G01180,AT1G09950,AT2G04063,AT2G35570,AT3G22090,AT4G03620,AT4G05600,AT5G17300,AT1G47680,AT3G42900,AT4G37070,AT2G20670,AT3G10930,AT3G42390,AT3G28840,AT1G13310,AT3G13820,AT4G07350,AT2G47180,AT1G07500,AT5G53250,AT4G19780,AT5G58770,AT1G29570,AT2G10450,AT2G30220,AT5G35820,AT1G43755,AT1G74870,AT3G26150,AT1G41770,AT3G28560,AT2G21690,AT3G59830,AT4G09270,AT4G30290,AT2G07550,AT2G13890,AT3G56380,AT1G35050,AT4G11480,AT4G36490,AT3G29220,AT2G22960,AT3G45560,AT2G41860,AT1G35490,AT1G33817,AT2G05550,AT1G78360,AT2G07714,AT1G62940,AT2G41850,AT2G30750,AT4G16020,AT3G11480,AT4G08050,AT4G09090,AT4G08770,AT3G23350,AT5G65790,AT5G25615,AT4G36460,AT1G77730,AT5G52350,AT5G54460,AT2G06490,AT1G73480,AT3G28390,AT2G01500,AT2G13750,AT3G47340,AT1G69630,AT5G52690,AT2G29605,AT1G33813,AT3G23230,AT2G27700,AT2G19840,AT1G37537,AT3G53040,AT5G22900,AT1G35570,AT1G13200,AT2G36210,AT4G27652,AT4G31680,AT3G19270,AT1G23510,AT2G07736,AT1G01480,AT5G38700,AT1G50930,AT4G21020,AT2G33030,AT5G33240,AT4G08490,AT1G41825,AT2G26410,AT3G28210,AT2G36120,AT2G10440,AT2G32350,AT2G32930,AT1G20350,AT3G15770,AT4G14270,AT1G11610,AT2G15650,AT5G48390,AT2G05960,AT5G39650,AT1G47790,AT4G23150,AT2G18660,AT3G12850,AT3G57880,AT1G39430,AT1G51840,AT5G39540,AT5G03550,AT5G13150,AT2G11590,AT1G13300,AT2G31080,AT4G17800,AT2G11235,AT4G07750,AT5G43530,AT1G28300,AT1G65740,AT5G29050	
3	AT3G03200	anac045	2	0	PWM3363	DAP-seq	ANAC045_col	31	0.000014095689275139147	0.0008424523623441497	163	AT2G01029,AT1G71000,AT1G30030,AT3G20180,AT3G17110,AT4G25200,AT5G62920,AT5G51440,AT3G43970,AT1G59860,AT2G13310,AT1G56600,AT5G28160,AT5G52640,AT4G37010,AT1G10050,AT1G05920,AT1G61330,AT3G25650,AT5G48570,AT4G29140,AT5G23480,AT4G04070,AT1G03070,AT4G04560,AT1G06170,AT3G14520,AT2G32140,AT4G01180,AT1G09950,AT1G17020,AT2G04063,AT3G22090,AT4G03620,AT2G07728,AT1G47680,AT2G19630,AT1G47280,AT4G37070,AT2G20670,AT3G28190,AT1G13310,AT3G13820,AT2G32360,AT2G47180,AT1G59980,AT5G53250,AT4G19780,AT5G58770,AT5G15250,AT4G25820,AT1G75940,AT1G29570,AT4G16000,AT2G30220,AT5G35820,AT1G18330,AT1G21120,AT2G05950,AT1G74870,AT3G03410,AT1G41770,AT3G28560,AT4G09270,AT5G51270,AT2G07550,AT5G43510,AT2G13890,AT3G56380,AT1G35050,AT4G11480,AT4G36490,AT3G45560,AT2G41860,AT2G02640,AT1G33817,AT1G78360,AT5G06980,AT2G07714,AT2G43660,AT1G62940,AT2G19640,AT2G41850,AT4G16020,AT5G01380,AT3G11480,AT4G08050,AT1G35730,AT1G32980,AT3G23350,AT5G65790,AT5G25615,AT1G77730,AT5G59280,AT3G13610,AT5G52350,AT5G54460,AT2G06490,AT2G01500,AT2G13750,AT3G47340,AT1G69630,AT2G29605,AT1G33813,AT3G18180,AT2G27700,AT5G17750,AT1G37537,AT3G53040,AT5G22900,AT1G35570,AT1G13200,AT4G27652,AT4G31680,AT4G19340,AT2G41250,AT3G19270,AT1G23510,AT3G52270,AT2G07736,AT1G01480,AT1G50930,AT1G39750,AT1G11990,AT2G33030,AT1G52660,AT1G41825,AT2G26410,AT4G15420,AT3G28210,AT2G10440,AT2G32350,AT2G32930,AT5G11820,AT4G03290,AT1G20350,AT3G15770,AT2G24410,AT1G11610,AT2G15650,AT1G05330,AT5G48390,AT2G05960,AT4G23150,AT2G18660,AT3G12850,AT3G57880,AT5G66370,AT2G04670,AT5G39540,AT5G03550,AT5G13150,AT1G09080,AT1G26390,AT1G13300,AT2G31080,AT2G11235,AT5G43530,AT5G10100,AT1G28300,AT1G65740,AT5G46770,AT3G28270	
3	AT5G13180	ANAC083	23	na	PWM3386	DAP-seq	ANAC083_col	32	0.000031045691027301344	0.0017395288753734785	161	AT2G14770,AT4G03810,AT1G71000,AT1G30030,AT3G14200,AT3G17110,AT4G25200,AT5G62920,AT1G23910,AT1G73870,AT5G51440,AT3G43970,AT1G59860,AT2G03720,AT5G47160,AT1G75600,AT5G52640,AT5G10695,AT1G10050,AT4G08880,AT1G05920,AT1G61330,AT3G62950,AT1G30080,AT5G48570,AT1G47780,AT3G12320,AT4G04490,AT4G04070,AT3G30420,AT2G05090,AT2G38340,AT1G03070,AT1G06170,AT1G19530,AT1G61410,AT5G13080,AT2G32140,AT4G03620,AT2G07728,AT4G09290,AT1G47280,AT5G07010,AT2G20670,AT5G18160,AT3G28190,AT1G13310,AT3G13820,AT2G32360,AT3G61930,AT4G12080,AT5G53250,AT2G46735,AT4G19780,AT5G58770,AT5G15250,AT1G75940,AT3G05770,AT2G05950,AT3G26150,AT3G03410,AT1G41770,AT3G28560,AT2G10780,AT5G51270,AT1G09090,AT5G45630,AT2G06020,AT4G30290,AT2G07550,AT3G56380,AT1G35050,AT4G11480,AT3G45560,AT2G41860,AT2G39510,AT1G33817,AT2G05550,AT1G78360,AT2G40170,AT3G21830,AT2G30750,AT3G11480,AT4G09090,AT1G59590,AT1G64170,AT4G08770,AT1G35730,AT3G23350,AT3G03660,AT1G77730,AT5G59280,AT3G13610,AT5G52350,AT4G21950,AT1G22420,AT1G73480,AT3G28390,AT3G26190,AT1G69630,AT5G52690,AT2G29605,AT1G33813,AT2G23060,AT1G50220,AT3G53040,AT5G36130,AT1G35570,AT1G13200,AT1G56030,AT4G31680,AT5G23220,AT4G19340,AT1G52020,AT3G19270,AT1G23510,AT3G52270,AT1G50930,AT1G11990,AT2G33030,AT5G33240,AT1G52660,AT2G26410,AT4G15420,AT3G28210,AT2G10440,AT2G32350,AT2G32930,AT4G22800,AT5G08480,AT5G11820,AT4G03290,AT1G20350,AT3G15770,AT1G44050,AT3G04320,AT1G11610,AT2G15650,AT1G05330,AT2G05960,AT2G01024,AT4G23150,AT2G18660,AT3G12850,AT3G57880,AT5G66370,AT1G51840,AT2G04670,AT5G39540,AT5G03550,AT5G13150,AT1G09080,AT1G26390,AT1G13300,AT2G31080,AT4G39670,AT4G17800,AT2G11235,AT5G43530,AT5G06730,AT4G04510	na
3	AT5G53950	ANAC098	8	0	PWM3402	DAP-seq	CUC2_col	33	0.000031045691027301344	0.0017395288753734785	161	AT2G14770,AT4G03810,AT2G01029,AT1G71000,AT1G30030,AT3G17110,AT3G43970,AT1G59860,AT3G46230,AT2G13310,AT1G56600,AT5G47160,AT5G28160,AT1G75600,AT5G52640,AT2G23110,AT1G10050,AT4G08880,AT1G05920,AT1G61330,AT1G44414,AT5G48570,AT1G47780,AT4G04490,AT4G04070,AT1G03070,AT4G04560,AT1G61410,AT5G13080,AT1G33960,AT2G32140,AT4G01180,AT3G22090,AT2G45500,AT4G03620,AT2G21820,AT1G47680,AT2G19630,AT1G13700,AT1G47280,AT4G37070,AT5G28510,AT2G20670,AT1G13310,AT3G13820,AT2G32360,AT2G47180,AT5G53250,AT3G02140,AT2G46735,AT4G19780,AT5G58770,AT5G15250,AT1G75940,AT1G29570,AT4G16000,AT2G30220,AT2G05950,AT3G26150,AT3G03410,AT3G28560,AT1G79310,AT4G09270,AT5G51270,AT4G30290,AT2G07550,AT2G13890,AT3G56380,AT1G35050,AT4G11480,AT4G36490,AT3G45560,AT2G41860,AT2G02640,AT1G33817,AT1G78360,AT1G13130,AT2G07714,AT2G40170,AT1G33100,AT1G62940,AT2G19640,AT2G41850,AT3G21830,AT3G11480,AT4G09090,AT4G08770,AT1G35730,AT1G32980,AT3G23350,AT5G65790,AT5G25615,AT1G77730,AT5G59280,AT3G13610,AT5G52350,AT2G06490,AT3G28390,AT2G01500,AT2G13750,AT3G47340,AT4G19850,AT1G69630,AT2G29605,AT1G33813,AT3G18180,AT2G27700,AT2G23060,AT1G37537,AT3G53040,AT5G59310,AT1G13200,AT4G27652,AT5G23220,AT4G19340,AT1G52020,AT3G19270,AT1G23510,AT3G52270,AT1G01480,AT1G50930,AT1G39750,AT5G57790,AT2G18610,AT1G11990,AT4G21020,AT1G52660,AT1G41825,AT2G26410,AT4G15420,AT1G05800,AT2G10440,AT2G32350,AT2G32930,AT4G22800,AT5G11820,AT4G03290,AT1G20350,AT3G15770,AT2G24410,AT1G11610,AT2G15650,AT3G09930,AT4G23150,AT2G18660,AT3G12850,AT3G57880,AT1G51840,AT2G04670,AT5G39540,AT5G03310,AT5G03550,AT1G09080,AT1G26390,AT1G13300,AT2G11235,AT5G43530,AT1G28300,AT1G65740,AT5G46770,AT4G04510	
3	AT1G76420	ANAC031	13	0	PWM3404	DAP-seq	CUC3_col	34	0.000031045691027301344	0.0017395288753734785	161	AT2G14770,AT2G01029,AT1G71000,AT1G30030,AT2G14300,AT3G17110,AT5G49700,AT3G43970,AT1G59860,AT3G46230,AT2G13310,AT1G56600,AT2G03720,AT5G47160,AT1G15830,AT1G75600,AT5G52640,AT1G10050,AT4G08880,AT1G05920,AT1G61330,AT1G30080,AT3G25650,AT5G48570,AT1G47780,AT4G04490,AT4G04070,AT2G05090,AT1G03070,AT4G04560,AT1G06170,AT5G13080,AT2G32140,AT4G01180,AT2G04063,AT4G03620,AT2G21820,AT1G47680,AT2G19630,AT1G47280,AT2G20670,AT5G18160,AT3G28190,AT1G13310,AT3G13820,AT2G32360,AT2G47180,AT3G02140,AT2G46735,AT4G19780,AT5G58770,AT5G15250,AT4G25820,AT1G75940,AT2G30220,AT1G74870,AT3G26150,AT3G03410,AT1G41770,AT3G28560,AT5G51270,AT2G07550,AT2G13890,AT3G56380,AT4G11480,AT4G36490,AT3G45560,AT2G41860,AT2G02640,AT1G33817,AT1G78360,AT1G13130,AT5G06980,AT2G40170,AT1G62940,AT2G19640,AT3G20690,AT2G41850,AT3G21830,AT2G30750,AT3G11480,AT4G09090,AT1G59590,AT1G64170,AT4G08770,AT3G23350,AT5G65790,AT5G25615,AT4G36460,AT3G13610,AT5G52350,AT2G06490,AT1G22420,AT1G73480,AT3G28390,AT1G70870,AT2G13750,AT1G69630,AT5G52690,AT2G29605,AT1G33813,AT2G23060,AT1G70880,AT1G37537,AT2G36050,AT1G35570,AT1G13200,AT4G27652,AT4G31680,AT5G23220,AT4G19340,AT1G52020,AT1G80820,AT3G19270,AT1G18990,AT1G23510,AT3G52270,AT1G01480,AT5G38700,AT5G49690,AT1G39750,AT2G18610,AT1G11990,AT1G52660,AT1G41825,AT2G26410,AT3G28210,AT2G36120,AT2G10440,AT2G32350,AT2G32930,AT5G62080,AT5G05490,AT5G11820,AT4G03290,AT1G20350,AT3G15770,AT2G24410,AT1G11610,AT2G15650,AT1G05330,AT5G48390,AT2G05960,AT4G23150,AT3G12850,AT3G57880,AT5G66370,AT1G51840,AT2G04670,AT5G39540,AT5G03310,AT5G03550,AT5G13150,AT1G09080,AT1G26390,AT2G11235,AT5G43530,AT1G28300,AT1G65740,AT5G46770,AT4G04510	
3	AT3G62420	ATBZIP53	3	na	PWM2925	DAP-seq	BZIP53_col	36	0.00004556983676417389	0.0023344776376618224	160	AT2G01029,AT4G03710,AT3G63350,AT1G35480,AT1G27790,AT1G73870,AT2G41260,AT3G51910,AT4G27150,AT5G18340,AT5G40645,AT4G08190,AT1G42410,AT5G47160,AT1G61340,AT5G28160,AT5G64510,AT1G15830,AT1G26400,AT4G15660,AT2G14510,AT3G24500,AT3G31410,AT3G09440,AT4G08880,AT2G15700,AT5G02490,AT3G62950,AT4G26270,AT2G36030,AT1G80660,AT4G04070,AT2G36080,AT4G17490,AT3G30420,AT5G09930,AT5G02900,AT4G04560,AT5G43840,AT5G44260,AT5G45830,AT5G44120,AT3G29660,AT5G46300,AT2G10380,AT1G09950,AT2G04063,AT3G22090,AT2G21820,AT5G17300,AT5G05410,AT1G67360,AT4G15680,AT4G29600,AT2G01310,AT2G20670,AT3G19184,AT1G66120,AT3G61930,AT5G54470,AT1G43950,AT3G29600,AT2G36220,AT5G06820,AT3G31460,AT1G75940,AT4G16000,AT1G02700,AT1G54050,AT5G26880,AT1G18330,AT2G44840,AT2G05950,AT2G26620,AT2G36040,AT2G38510,AT1G53690,AT4G28085,AT4G09270,AT1G09090,AT4G03156,AT2G07550,AT2G21000,AT4G13090,AT3G29220,AT2G22960,AT3G54500,AT1G35490,AT2G05550,AT5G06980,AT3G03520,AT3G20690,AT2G41850,AT1G67450,AT1G05490,AT4G16020,AT5G01380,AT3G11480,AT1G33760,AT3G13270,AT5G59820,AT5G65790,AT4G36460,AT5G06900,AT1G52390,AT2G37740,AT1G72570,AT3G45970,AT1G73480,AT3G28390,AT2G01500,AT2G13750,AT3G29792,AT2G30090,AT1G30140,AT2G14630,AT5G17750,AT3G53040,AT5G59310,AT5G23190,AT5G10500,AT2G42640,AT1G43880,AT2G36210,AT2G16250,AT4G27652,AT5G23220,AT1G33770,AT2G41250,AT1G80820,AT1G35030,AT3G19270,AT1G01480,AT2G18610,AT1G11990,AT5G52760,AT2G06700,AT4G26440,AT1G80580,AT1G05800,AT2G32930,AT1G20350,AT3G32200,AT2G15650,AT3G13310,AT1G66930,AT3G09930,AT2G42870,AT5G54480,AT1G33860,AT1G65550,AT3G57880,AT5G03310,AT1G09080,AT1G54955,AT3G29810,AT1G65740,AT2G03850,AT3G28270,AT2G18620	na
3	AT3G17730	anac057	11	na	PWM3373	DAP-seq	ANAC057_col	37	0.00004556983676417389	0.0023344776376618224	160	AT4G03810,AT3G42930,AT2G01029,AT1G71000,AT1G30030,AT2G14300,AT1G35480,AT3G20180,AT4G25200,AT4G39675,AT5G51440,AT3G43970,AT1G59860,AT5G65330,AT1G56600,AT5G28160,AT5G52640,AT1G66690,AT1G10050,AT1G05920,AT1G61330,AT1G30080,AT3G25650,AT5G48570,AT5G23480,AT3G09350,AT4G04490,AT4G04070,AT5G09930,AT4G04560,AT1G06170,AT3G14520,AT2G32140,AT2G06150,AT4G01180,AT2G04063,AT4G03620,AT5G17300,AT1G47280,AT4G37070,AT2G20670,AT3G10930,AT3G28840,AT5G18160,AT3G28190,AT1G13310,AT3G13820,AT4G07350,AT2G32360,AT2G47180,AT5G53250,AT2G36220,AT4G19780,AT5G58770,AT5G15250,AT1G74870,AT3G26150,AT3G03410,AT1G41770,AT3G28560,AT4G09270,AT1G09090,AT2G07550,AT2G13890,AT3G56380,AT1G35050,AT4G11480,AT4G36490,AT3G29220,AT3G45560,AT2G41860,AT1G35490,AT2G02640,AT2G39510,AT1G33817,AT1G78360,AT5G06980,AT2G07714,AT1G62940,AT2G19640,AT2G30750,AT4G16020,AT3G11480,AT4G08050,AT1G59590,AT1G64170,AT1G31280,AT4G08770,AT3G23350,AT5G65790,AT5G25615,AT1G77730,AT3G13610,AT5G52350,AT5G54460,AT2G06490,AT1G60980,AT1G73480,AT2G13750,AT3G47340,AT1G69630,AT5G52690,AT2G29605,AT1G33813,AT2G27700,AT2G23060,AT1G37537,AT3G53040,AT5G59310,AT3G50200,AT5G22900,AT1G35570,AT1G13200,AT2G36210,AT4G27652,AT4G31680,AT3G19270,AT1G23510,AT1G01480,AT1G50930,AT1G11990,AT4G21020,AT2G33030,AT5G33240,AT4G08490,AT1G52660,AT1G41825,AT4G15420,AT3G28210,AT2G36120,AT2G10440,AT2G32350,AT2G32930,AT4G03290,AT1G20350,AT3G15770,AT4G14270,AT1G11610,AT2G15650,AT1G05330,AT5G48390,AT2G05960,AT1G47790,AT4G23150,AT3G12850,AT1G34590,AT3G57880,AT5G66370,AT1G51840,AT5G39540,AT5G03550,AT5G13150,AT1G09080,AT1G26390,AT2G31080,AT2G11235,AT5G43530,AT1G28300,AT1G65740,AT5G29050	na
3	AT5G64060	anac103	0	0	PWM3395	DAP-seq	ANAC103_col	38	0.00004556983676417389	0.0023344776376618224	160	AT4G03810,AT3G42930,AT2G01029,AT1G71000,AT1G30030,AT4G03710,AT3G63350,AT1G52560,AT1G35480,AT5G12020,AT3G20180,AT2G15450,AT4G25200,AT5G46960,AT5G12030,AT3G43970,AT1G59860,AT5G52640,AT2G23110,AT1G10050,AT3G09440,AT2G15700,AT1G61330,AT4G26270,AT3G25650,AT5G48570,AT4G11660,AT1G47780,AT4G04490,AT4G04560,AT1G06170,AT1G61410,AT3G14520,AT3G21660,AT4G07540,AT4G20790,AT2G32140,AT2G04063,AT2G35570,AT4G03620,AT4G05600,AT1G47680,AT3G42900,AT2G20670,AT3G10930,AT5G17180,AT1G33830,AT4G08010,AT5G18160,AT1G13310,AT3G13820,AT4G07350,AT2G47180,AT4G12080,AT1G43950,AT1G07500,AT1G59980,AT5G53250,AT5G37030,AT2G46735,AT4G19780,AT5G58770,AT4G25820,AT1G29570,AT2G30220,AT1G74870,AT3G26150,AT2G15120,AT1G41770,AT1G79310,AT1G53690,AT5G51270,AT2G07550,AT2G13890,AT1G35050,AT4G11480,AT4G36490,AT3G29220,AT3G45560,AT2G41860,AT1G35490,AT1G49100,AT1G33817,AT2G05550,AT3G12190,AT2G07714,AT5G28950,AT2G40170,AT1G62940,AT1G05490,AT2G30750,AT4G16020,AT3G11480,AT4G09090,AT3G45280,AT3G23350,AT5G65790,AT5G25615,AT1G77730,AT3G24300,AT5G52350,AT5G54460,AT2G06490,AT1G73480,AT3G11340,AT1G70870,AT1G44070,AT3G47340,AT5G52690,AT2G29605,AT1G33813,AT2G27700,AT1G50220,AT1G70880,AT3G53040,AT3G60560,AT5G22900,AT4G33390,AT1G13200,AT2G14930,AT1G56030,AT4G31680,AT4G19340,AT4G28670,AT3G19270,AT1G50930,AT5G57790,AT1G11990,AT1G65670,AT4G21020,AT2G33030,AT5G33240,AT1G41825,AT2G26410,AT4G15420,AT3G28210,AT2G36120,AT1G05800,AT2G10440,AT2G32350,AT2G32930,AT4G03290,AT1G20350,AT1G31620,AT1G11610,AT2G15650,AT3G13310,AT1G31050,AT2G05960,AT1G08670,AT5G39650,AT3G21170,AT3G12850,AT1G51840,AT5G39540,AT5G03550,AT5G13150,AT5G17130,AT1G26390,AT2G31080	
3	AT1G32870	ANAC013	97	1	PWM3351	DAP-seq	ANAC013_col	39	0.00006639783272128985	0.003052597796648018	159	AT3G42930,AT1G71000,AT1G30030,AT3G20180,AT4G25200,AT4G39675,AT3G13370,AT5G51440,AT3G43970,AT1G59860,AT3G46230,AT2G13310,AT1G33055,AT1G56600,AT5G28160,AT5G52640,AT4G37010,AT2G14510,AT2G23110,AT1G10050,AT1G05920,AT1G61330,AT4G26270,AT3G25650,AT5G48570,AT4G29140,AT4G04490,AT3G30420,AT4G04560,AT1G06170,AT1G19530,AT3G14520,AT2G32140,AT4G01180,AT1G09950,AT2G04063,AT3G22090,AT4G03620,AT2G21820,AT4G05600,AT1G47680,AT2G19630,AT3G42900,AT4G37070,AT2G20670,AT3G10930,AT3G28190,AT1G13310,AT3G13820,AT4G07350,AT2G32360,AT2G47180,AT1G07500,AT5G53250,AT4G19780,AT5G58770,AT5G15250,AT1G29570,AT4G16000,AT2G30220,AT5G35820,AT1G21120,AT2G05950,AT1G74870,AT3G26150,AT1G41770,AT3G28560,AT3G59830,AT4G09270,AT5G51270,AT2G07550,AT2G13890,AT3G56380,AT1G35050,AT4G11480,AT4G36490,AT3G29220,AT3G45560,AT2G02640,AT1G33817,AT1G78360,AT5G06980,AT2G07714,AT1G62940,AT2G19640,AT2G41850,AT4G16020,AT5G01380,AT3G11480,AT1G59590,AT4G08770,AT1G35730,AT1G32980,AT3G23350,AT5G65790,AT5G25615,AT4G36460,AT1G77730,AT3G13610,AT5G52350,AT5G54460,AT2G06490,AT1G73480,AT2G01500,AT3G47340,AT1G69630,AT2G29605,AT1G33813,AT3G18180,AT2G27700,AT5G17750,AT3G53040,AT5G22900,AT1G35570,AT1G13200,AT4G27652,AT4G31680,AT2G41250,AT3G19270,AT1G23510,AT2G07736,AT1G01480,AT1G50930,AT4G15300,AT4G21020,AT2G33030,AT5G33240,AT4G08490,AT1G52660,AT1G41825,AT2G26410,AT4G15420,AT3G28210,AT2G10440,AT2G32350,AT2G32930,AT5G11820,AT4G03290,AT1G20350,AT2G11165,AT4G14270,AT1G11610,AT2G15650,AT5G48390,AT2G05960,AT3G09930,AT4G23150,AT2G18660,AT3G12850,AT3G57880,AT1G51840,AT5G39540,AT5G03550,AT5G13150,AT2G31080,AT2G11235,AT1G28300,AT1G65740,AT5G46770	AT5G51440
3	AT5G22220	ATE2FB	3	na	PWM1043	CisBP	M0601_1.01	40	0.00009603327353783077	0.004304691486333264	158	AT2G14770,AT2G01029,AT2G14300,AT4G04300,AT1G35480,AT3G09640,AT3G16050,AT5G32490,AT5G49700,AT1G73870,AT4G08190,AT3G32280,AT5G07760,AT1G51850,AT1G56600,AT5G25140,AT1G61340,AT1G26400,AT2G32690,AT3G24500,AT4G08880,AT1G61330,AT2G47270,AT1G59535,AT3G08970,AT3G42350,AT4G03780,AT2G16200,AT3G12320,AT4G04070,AT2G36080,AT1G33500,AT5G02900,AT1G03070,AT4G04560,AT1G34240,AT3G21660,AT5G59070,AT4G20790,AT3G12160,AT1G09950,AT3G60940,AT4G05600,AT4G18500,AT1G47280,AT2G20670,AT2G26520,AT3G28190,AT2G25140,AT4G12080,AT2G16820,AT1G43950,AT1G59980,AT1G35740,AT3G05610,AT5G58770,AT1G02700,AT5G11220,AT5G07780,AT1G41770,AT3G28560,AT4G28085,AT1G09090,AT2G06020,AT3G29220,AT1G58808,AT1G35490,AT1G49100,AT3G52620,AT5G54050,AT2G02640,AT1G13130,AT5G22390,AT4G05630,AT5G28950,AT5G59060,AT2G30750,AT5G17950,AT4G08050,AT4G39890,AT4G09090,AT5G39280,AT4G08770,AT5G59820,AT3G03660,AT3G11380,AT3G25230,AT5G20770,AT3G24300,AT2G06490,AT1G50720,AT2G37740,AT1G60980,ATMG01300,AT2G06110,AT1G22420,AT2G01500,AT1G30140,AT3G17190,AT3G60560,AT5G22900,AT2G06120,AT3G53820,AT4G05570,AT4G33390,AT1G35570,AT5G49420,AT5G23220,AT5G62380,AT5G62020,AT2G07736,AT1G01480,AT5G24340,AT5G49690,AT1G50930,AT4G15300,AT5G52760,AT4G08490,AT1G80580,AT3G16970,AT1G58450,AT1G53830,AT5G49140,AT2G11110,AT5G11820,AT1G41900,AT2G06220,AT5G50335,AT2G11165,AT3G15770,AT1G36105,AT1G44050,AT3G32200,AT3G31900,AT3G55970,AT5G07480,AT2G05960,AT1G08670,AT5G39650,AT2G42870,AT4G23150,AT3G21170,AT4G30970,AT1G34590,AT5G66370,AT1G51840,AT1G37150,AT1G09080,AT3G31540,AT1G13300,AT2G12320,AT2G31080,AT4G07750,AT5G43530,AT5G32590,AT3G28270,AT2G11090,AT4G07330	na
3	AT4G34590	ATB2	0	0	PWM2934	DAP-seq	GBF6_col	41	0.00013787079016507823	0.006029325043072811	157	AT2G01029,AT4G03710,AT3G63350,AT1G35480,AT1G27790,AT1G73870,AT2G41260,AT3G51910,AT4G27150,AT5G18340,AT5G40645,AT4G08190,AT1G42410,AT5G47160,AT1G61340,AT5G28160,AT5G64510,AT1G26400,AT4G15660,AT2G14510,AT3G24500,AT3G31410,AT3G09440,AT4G08880,AT2G15700,AT5G02490,AT3G62950,AT4G26270,AT2G36030,AT1G80660,AT4G04070,AT4G17490,AT3G30420,AT5G09930,AT5G02900,AT4G04560,AT5G43840,AT5G44260,AT5G45830,AT5G44120,AT3G29660,AT5G46300,AT2G10380,AT1G09950,AT2G04063,AT3G22090,AT2G21820,AT5G17300,AT5G05410,AT1G67360,AT4G15680,AT4G29600,AT2G01310,AT2G20670,AT1G66120,AT3G61930,AT5G54470,AT1G43950,AT3G29600,AT2G36220,AT5G06820,AT3G31460,AT1G75940,AT4G16000,AT1G02700,AT1G54050,AT5G26880,AT1G18330,AT2G44840,AT2G05950,AT2G26620,AT2G36040,AT2G38510,AT1G53690,AT4G28085,AT4G09270,AT1G09090,AT4G03156,AT2G07550,AT2G21000,AT4G13090,AT3G29220,AT2G22960,AT3G54500,AT1G35490,AT2G05550,AT1G13130,AT5G06980,AT3G03520,AT3G20690,AT2G41850,AT1G67450,AT1G05490,AT4G16020,AT5G01380,AT1G33760,AT3G13270,AT5G59820,AT3G43160,AT5G65790,AT3G21370,AT5G06900,AT2G37740,AT1G72570,AT3G45970,AT1G73480,AT3G28390,AT2G01500,AT2G13750,AT3G29792,AT2G30090,AT1G30140,AT2G14630,AT5G17750,AT3G53040,AT5G59310,AT5G23190,AT5G10500,AT2G42640,AT1G43880,AT2G36210,AT2G16250,AT4G27652,AT5G23220,AT1G33770,AT2G41250,AT1G80820,AT1G35030,AT3G19270,AT1G01480,AT2G18610,AT1G11990,AT5G52760,AT2G06700,AT4G26440,AT1G80580,AT1G05800,AT2G32930,AT1G20350,AT3G32200,AT2G15650,AT3G13310,AT1G66930,AT3G09930,AT2G42870,AT5G54480,AT1G33860,AT1G65550,AT3G57880,AT5G03310,AT1G09080,AT1G54955,AT3G29810,AT1G65740,AT2G03850,AT3G28270,AT2G18620	
3	AT1G79580	ANAC033	71	na	PWM3418	DAP-seq	SMB_col	42	0.00013787079016507823	0.006029325043072811	157	AT2G01029,AT1G71000,AT1G30030,AT3G17110,AT4G25200,AT5G62920,AT1G59860,AT2G13310,AT2G03720,AT5G47160,AT1G75600,AT5G52640,AT5G10695,AT1G10050,AT1G05920,AT1G61330,AT1G44414,AT1G30080,AT3G25650,AT5G48570,AT1G47780,AT3G12320,AT4G04490,AT4G04070,AT3G30420,AT2G05090,AT2G38340,AT1G61410,AT3G14520,AT1G33960,AT5G59070,AT2G32140,AT4G03620,AT2G07728,AT4G09290,AT5G17300,AT3G42900,AT1G47280,AT5G07010,AT2G20670,AT4G14530,AT5G18160,AT3G28190,AT1G13310,AT3G13820,AT2G32360,AT2G47180,AT3G61930,AT4G12080,AT2G46735,AT5G58770,AT5G15250,AT4G25820,AT2G30220,AT3G05770,AT1G18330,AT2G05950,AT1G74870,AT3G03410,AT1G41770,AT3G28560,AT1G79310,AT5G51270,AT1G09090,AT2G06020,AT4G30290,AT2G07550,AT2G33160,AT3G56380,AT1G35050,AT4G11480,AT3G45560,AT2G41860,AT3G52620,AT2G39510,AT1G33817,AT3G12190,AT5G59060,AT2G40170,AT2G41850,AT4G16020,AT5G17950,AT3G11480,AT4G09090,AT1G59590,AT1G35730,AT3G03660,AT4G36460,AT1G77730,AT3G13610,AT5G54460,AT4G21950,AT1G22420,AT1G73480,AT3G29792,AT3G47340,AT3G26190,AT1G69630,AT1G33813,AT3G23230,AT3G18180,AT2G23060,AT1G50220,AT3G53040,AT3G60560,AT3G50200,AT5G22900,AT1G13200,AT3G55090,AT5G49420,AT1G56030,AT4G31680,AT5G23220,AT4G19340,AT3G19270,AT1G23510,AT3G52270,AT5G38700,AT1G50930,AT2G18610,AT1G11990,AT2G33030,AT1G52660,AT2G26410,AT4G15420,AT3G28210,AT2G10440,AT2G32350,AT2G32930,AT4G22800,AT5G11820,AT4G03290,AT1G20350,AT3G15770,AT2G24410,AT3G04320,AT1G11610,AT2G15650,AT2G05960,AT1G66930,AT4G23150,AT2G36440,AT3G12850,AT3G57880,AT5G66370,AT1G51840,AT2G04670,AT5G39540,AT1G09080,AT1G26390,AT2G31080,AT1G68640,AT4G39670,AT2G11235,AT5G43530,AT1G28300,AT4G04510	na
3	AT2G46970	PIL1	5	na	PWM902	CisBP	M0150_1.01	43	0.00019647035122984322	0.008192356738490903	156	AT4G03810,AT3G63350,AT3G17110,AT4G27657,AT4G39675,AT3G51910,AT5G18340,AT3G43040,AT5G51320,AT1G56600,AT2G17080,AT1G61340,AT2G46360,AT2G32690,AT2G23110,AT2G47270,AT3G45370,AT3G08970,AT3G46370,AT4G26270,AT1G30080,AT2G16200,AT3G12320,AT3G31403,AT1G30070,AT2G36030,AT4G12400,AT3G52830,AT4G04070,AT2G36080,AT3G30420,AT2G05090,AT5G09930,AT2G19320,AT1G03070,AT4G04560,AT5G43840,AT1G19530,AT5G44260,AT4G13310,AT1G33960,AT5G44120,AT1G16730,AT2G04063,AT5G17300,AT1G09155,AT2G36780,AT4G29600,AT4G37070,AT5G17180,AT4G08010,AT1G66120,AT3G53200,AT1G42710,AT2G47180,AT5G24550,AT5G54470,AT3G52780,AT1G07500,AT3G29600,AT1G59980,AT3G02140,AT5G39490,AT5G06820,AT2G42380,AT3G31460,AT5G58770,AT1G75940,AT2G36640,AT4G16000,AT3G05770,AT1G02700,AT2G44840,AT1G41770,AT4G28085,AT5G51270,AT5G45630,AT2G06020,AT1G56170,AT1G66380,AT2G33160,AT5G09590,AT2G13890,AT3G56380,AT4G36490,AT5G44890,AT5G35920,AT3G54500,AT5G07330,AT3G15500,AT1G13130,AT5G06980,AT2G40170,AT1G62940,AT2G41850,AT1G34280,AT5G01380,AT1G59590,AT1G64170,AT4G08770,AT5G16600,AT5G35940,AT5G25615,AT2G27240,AT5G20770,AT2G06490,AT2G37740,AT1G73480,AT1G15550,AT1G70870,AT2G17490,AT3G23230,AT1G63450,AT1G70880,AT3G53040,AT2G42640,AT2G36050,AT1G35570,AT4G16260,AT3G10300,AT5G65390,AT2G23970,AT5G53400,AT2G41250,AT5G12110,AT5G62380,AT3G19270,AT5G38400,AT1G01480,AT4G15300,AT5G22410,AT4G21020,AT5G52760,AT2G06700,AT5G13700,AT4G36170,AT1G53830,AT2G32930,AT5G62080,AT5G05490,AT4G22800,AT3G62170,AT5G28760,AT3G55970,AT4G30490,AT2G42870,AT4G23150,AT3G46800,AT5G54480,AT1G51840,AT3G10900,AT4G17800,AT2G21320,AT5G54020,AT4G29090,AT4G07330	na
3	AT3G30530	ATBZIP42	15	na	PWM2914	DAP-seq	BZIP42_col	44	0.00027789950500689683	0.011324404829031047	155	AT1G35480,AT1G27790,AT1G73870,AT2G41260,AT3G51910,AT4G27150,AT3G43040,AT5G40645,AT4G08190,AT1G30720,AT1G33055,AT1G42410,AT5G47160,AT3G43530,AT1G61340,AT5G64510,AT1G75600,AT1G26400,AT4G15660,AT2G14510,AT3G24500,AT3G31410,AT1G10050,AT3G09440,AT4G08880,AT2G15700,AT2G47270,AT4G26270,AT2G36030,AT1G80660,AT4G04070,AT4G17490,AT3G30420,AT5G09930,AT4G04560,AT5G43840,AT4G35670,AT5G44260,AT5G45830,AT4G13310,AT5G44120,AT5G46300,AT5G36080,AT2G10380,AT1G09950,AT2G04063,AT3G22090,AT5G17300,AT4G15680,AT4G29600,AT2G01310,AT2G20670,AT1G66120,AT3G61930,AT5G24550,AT5G54470,AT1G43950,AT1G35740,AT2G36220,AT5G06820,AT3G31460,AT2G30220,AT1G02700,AT1G54050,AT5G26880,AT1G18330,AT2G44840,AT2G05950,AT2G36040,AT2G38510,AT1G53690,AT4G28085,AT1G09090,AT4G03156,AT2G07550,AT4G13090,AT3G29220,AT5G44890,AT2G22960,AT3G54500,AT1G35490,AT2G05550,AT5G06980,AT3G03520,AT2G40170,AT1G33100,AT3G20690,AT2G41850,AT1G67450,AT1G05490,AT4G16020,AT5G01380,AT3G11480,AT4G08050,AT1G33760,AT3G13270,AT3G43160,AT5G65790,AT2G06490,AT1G73480,AT3G28390,AT2G01500,AT2G13750,AT3G29792,AT5G40360,AT1G30140,AT5G47740,AT4G15700,AT5G17750,AT3G53040,AT5G59310,AT5G22900,AT2G42640,AT1G43880,AT2G36210,AT3G46730,AT2G16250,AT1G33770,AT2G41250,AT1G80820,AT1G59770,AT1G35030,AT3G19270,AT1G01480,AT2G18610,AT5G52760,AT2G06700,AT5G33240,AT4G26440,AT1G41825,AT1G80580,AT2G23210,AT1G05800,AT2G32930,AT1G36105,AT3G32200,AT3G04320,AT5G07480,AT2G15650,AT3G13310,AT4G30490,AT3G09930,AT5G54480,AT1G33860,AT3G57880,AT5G03310,AT1G09080,AT2G11590,AT1G54955,AT4G07750,AT1G01940,AT3G29810,AT1G65740,AT3G45610,AT2G18620	na
3	AT3G15510	ANAC056	23	0	PWM3406	DAP-seq	NAC2_col	45	0.00027789950500689683	0.011324404829031047	155	AT1G71000,AT1G30030,AT3G20180,AT5G51440,AT3G43970,AT1G59860,AT1G30720,AT2G13310,AT1G56600,AT5G28160,AT4G37010,AT2G23110,AT1G10050,AT1G05920,AT1G61330,AT3G25650,AT5G48570,AT5G23480,AT1G80660,AT3G30420,AT2G19320,AT4G04560,AT1G06170,AT1G19530,AT4G20790,AT2G32140,AT4G01180,AT1G17020,AT2G04063,AT3G22090,AT4G03620,AT3G53230,AT1G47680,AT4G37070,AT4G27170,AT2G20670,AT5G17180,AT5G18160,AT3G28190,AT1G13310,AT3G13820,AT2G32360,AT2G47180,AT1G07500,AT5G53250,AT4G19780,AT5G58770,AT5G15250,AT4G25820,AT1G29570,AT4G16000,AT2G30220,AT5G35820,AT1G21120,AT2G05950,AT1G74870,AT3G03410,AT1G41770,AT3G28560,AT2G21690,AT4G09270,AT5G51270,AT2G07550,AT3G56380,AT5G59305,AT4G11480,AT4G36490,AT3G45560,AT2G41860,AT1G33817,AT2G05550,AT4G02550,AT1G78360,AT2G07714,AT2G43660,AT1G62940,AT2G41850,AT4G16020,AT5G01380,AT3G11480,AT1G59590,AT1G32980,AT3G23350,AT5G65790,AT1G77730,AT3G13610,AT5G52350,AT2G06490,AT2G01500,AT2G17490,AT3G47340,AT1G69630,AT5G52690,AT2G29605,AT1G33813,AT2G19310,AT3G18180,AT2G27700,AT5G17750,AT3G53040,AT5G23190,AT5G22900,AT1G35570,AT1G13200,AT2G12290,AT4G27652,AT5G23220,AT4G19340,AT4G28670,AT2G41250,AT1G35030,AT3G19270,AT1G23510,AT3G52270,AT2G07736,AT1G01480,AT1G50930,AT1G39750,AT1G11990,AT2G33030,AT1G52660,AT1G41825,AT2G26410,AT4G15420,AT3G28210,AT2G22750,AT2G10440,AT2G32350,AT5G11820,AT1G20350,AT2G24410,AT4G14270,AT1G11610,AT2G15650,AT1G05330,AT2G05960,AT4G21720,AT4G30490,AT4G23150,AT3G12850,AT1G51840,AT5G39540,AT5G03550,AT5G13150,AT1G09080,AT5G17130,AT1G26390,AT1G13300,AT2G31080,AT2G11235,AT5G10100,AT1G28300,AT1G65740,AT5G46770,AT3G31380	
3	AT2G18060	ANAC037	8	0	PWM3424	DAP-seq	VND1_col	46	0.00027789950500689683	0.011324404829031047	155	AT3G42930,AT1G71000,AT1G35480,AT5G12020,AT3G17110,AT5G12030,AT5G51440,AT3G43970,AT1G59860,AT5G51320,AT1G56600,AT5G28160,AT5G52640,AT4G15660,AT2G23110,AT4G07523,AT1G10050,AT1G05920,AT1G61330,AT4G26270,AT5G48570,AT4G04490,AT4G04070,AT2G19320,AT1G03070,AT4G04560,AT3G27510,AT2G32140,AT2G06150,AT4G01180,AT2G04063,AT3G22090,AT4G03620,AT5G17300,AT1G47680,AT4G37070,AT2G20670,AT3G10930,AT5G18160,AT1G13310,AT3G13820,AT2G32360,AT2G47180,AT1G43950,AT3G28120,AT5G25950,AT5G58770,AT1G75940,AT2G10450,AT4G16000,AT3G05770,AT2G05950,AT1G43755,AT1G74870,AT3G26150,AT3G03410,AT1G41770,AT3G28560,AT3G59830,AT5G51270,AT4G30290,AT2G07550,AT2G21000,AT2G13890,AT3G56380,AT1G35050,AT4G11480,AT4G36490,AT3G29220,AT2G22960,AT2G41860,AT1G35490,AT1G33817,AT1G72540,AT2G07714,AT2G40170,AT1G62940,AT3G20690,AT4G08050,AT1G31280,AT3G45280,AT4G08770,AT1G35730,AT3G23350,AT5G65790,AT5G25615,AT1G77730,AT1G60980,AT1G73480,AT3G28390,AT3G47340,AT2G29605,AT1G33813,AT2G19310,AT3G18180,AT1G50220,AT1G37537,AT3G53040,AT3G50200,AT2G36050,AT1G13200,AT2G36210,AT3G10300,AT4G19340,AT3G19270,AT1G23510,AT1G01480,AT5G38700,AT1G50930,AT1G39750,AT1G51320,AT4G21020,AT2G33030,AT4G08490,AT4G15420,AT2G36120,AT2G10440,AT2G32350,AT1G53830,AT2G32930,AT2G06220,AT1G20350,AT3G15770,AT2G24410,AT4G14270,AT1G11610,AT2G15650,AT5G48390,AT2G05960,AT5G39650,AT1G47790,AT3G09930,AT4G23150,AT2G18660,AT3G12850,AT3G57880,AT1G39430,AT1G51840,AT5G39540,AT5G13150,AT5G40320,AT2G11590,AT1G54955,AT1G26390,AT1G13300,AT2G31080,AT4G17800,AT2G11235,AT4G07750,AT5G43530,AT1G28300,AT5G46770,AT5G29050,AT3G28270,AT3G31380	
3	AT2G04038	AtbZIP48	22	na	PWM2919	DAP-seq	BZIP48_col	47	0.00039015444966385366	0.014883977196750843	154	AT2G01029,AT3G63350,AT1G35480,AT1G27790,AT1G73870,AT2G41260,AT3G51910,AT5G18340,AT5G40645,AT4G08190,AT1G30720,AT1G33055,AT1G42410,AT5G47160,AT3G43530,AT1G61340,AT5G28160,AT5G64510,AT1G26400,AT4G15660,AT2G14510,AT3G24500,AT3G31410,AT3G09440,AT4G08880,AT2G15700,AT5G02490,AT4G26270,AT2G36030,AT4G04070,AT4G17490,AT3G30420,AT5G09930,AT4G04560,AT5G43840,AT1G47816,AT5G44260,AT5G45830,AT4G13310,AT5G44120,AT5G46300,AT4G07540,AT2G10380,AT1G09950,AT2G04063,AT3G22090,AT5G17300,AT5G05410,AT1G67360,AT4G15680,AT4G29600,AT2G01310,AT1G66120,AT3G61930,AT5G24550,AT5G54470,AT1G43950,AT2G36220,AT5G06820,AT3G31460,AT1G02700,AT1G54050,AT5G26880,AT1G18330,AT2G44840,AT2G05950,AT2G26620,AT2G36040,AT2G38510,AT1G53690,AT4G28085,AT4G09270,AT1G09090,AT4G03156,AT2G07550,AT2G21000,AT4G13090,AT3G29220,AT2G22960,AT3G54500,AT1G35490,AT2G02640,AT5G07330,AT2G05550,AT5G06980,AT3G03520,AT1G33100,AT3G20690,AT2G41850,AT1G05490,AT4G16020,AT5G01380,AT1G33760,AT3G13270,AT5G65790,AT5G06900,AT1G72570,AT1G73480,AT3G28390,AT2G01500,AT2G13750,AT3G29792,AT2G30090,AT1G30140,AT5G47740,AT2G14630,AT5G17750,AT3G53040,AT5G59310,AT5G22900,AT5G10500,AT2G42640,AT2G36210,AT3G46730,AT2G16250,AT1G33770,AT2G41250,AT1G80820,AT1G35030,AT3G19270,AT1G01480,AT1G50930,AT2G18610,AT1G11990,AT5G52760,AT2G06700,AT5G33240,AT4G26440,AT1G80580,AT1G05800,AT2G32930,AT1G20350,AT3G32200,AT3G55970,AT5G07480,AT2G15650,AT3G13310,AT1G66930,AT3G09930,AT2G42870,AT5G54480,AT1G33860,AT3G57880,AT5G03310,AT1G09080,AT2G11590,AT1G54955,AT4G17800,AT4G07750,AT3G29810,AT2G03850,AT3G45610,AT4G28703,AT2G18620	na
3	AT1G12260	ANAC007	8	0	PWM3429	DAP-seq	VND4_col	48	0.00039015444966385366	0.014883977196750843	154	AT2G14770,AT3G42930,AT1G71000,AT1G30030,AT2G12990,AT2G14300,AT4G04300,AT1G35480,AT3G17110,AT5G62920,AT1G23910,AT5G51440,AT3G43970,AT5G51320,AT2G13310,AT2G03720,AT5G10695,AT3G57850,AT4G08880,AT1G05920,AT1G61330,AT2G05010,AT3G62950,AT1G30080,AT3G25650,AT5G48570,AT1G47780,AT1G80660,AT1G14200,AT4G04070,AT3G30420,AT2G38340,AT4G04560,AT4G10240,AT1G19530,AT1G61410,AT5G13080,AT3G14520,AT2G04063,AT4G09290,AT4G03840,AT1G47280,AT5G07010,AT2G20670,AT3G42390,AT1G13310,AT3G13820,AT2G32360,AT2G47180,AT3G61930,AT5G15250,AT1G29570,AT4G01110,AT1G18330,AT2G05950,AT3G26150,AT1G41770,AT3G28560,AT3G59830,AT2G10780,AT3G50150,AT4G09270,AT1G09090,AT5G45630,AT2G07550,AT3G22840,AT2G33160,AT5G43510,AT3G56380,AT1G35050,AT4G11480,AT4G36490,AT2G41860,AT1G35490,AT2G02640,AT2G39510,AT2G43660,AT2G40170,AT1G62940,AT2G41850,AT3G11480,AT1G35730,AT1G50040,AT3G23350,AT4G36460,AT2G06490,AT1G50720,AT2G37740,AT1G73480,AT1G69630,AT4G03880,AT2G29605,AT1G33813,AT3G18180,AT2G23060,AT1G37537,AT3G53040,AT3G50200,AT5G22900,AT5G10500,AT2G36050,AT2G36210,AT1G41795,AT4G19340,AT1G52020,AT1G18990,AT3G52270,AT1G01480,AT5G38700,AT1G50930,AT2G15790,AT5G57790,AT2G18610,AT4G08490,AT1G52660,AT1G58450,AT4G15420,AT4G36170,AT3G28210,AT2G36120,AT2G10440,AT2G32350,AT2G32930,AT5G49140,AT5G11820,AT1G20350,AT3G62170,AT3G15770,AT1G36105,AT5G60140,AT1G11610,AT2G15650,AT1G05330,AT2G05960,AT2G01024,AT4G23150,AT5G63990,AT2G18660,AT3G12850,AT1G34590,AT3G57880,AT5G66370,AT1G51840,AT2G04670,AT5G03550,AT5G13150,AT1G09080,AT1G54955,AT4G17800,AT2G11235,AT5G43530,AT4G28703,AT5G29050,AT4G04510	
3	AT5G15830	AtbZIP3	57	0	PWM2913	DAP-seq	BZIP3_col	49	0.0005436704730217698	0.01989390118628639	153	AT2G01029,AT3G63350,AT3G16050,AT1G27790,AT1G74310,AT1G73870,AT2G41260,AT3G51910,AT4G27150,AT5G18340,AT5G40645,AT1G49870,AT4G08190,AT5G47160,AT1G61340,AT5G28160,AT5G64510,AT1G75600,AT4G15660,AT2G14510,AT3G24500,AT3G31410,AT3G09440,AT4G08880,AT2G15700,AT5G02490,AT3G08970,AT3G62950,AT4G26270,AT3G31403,AT2G36030,AT4G17490,AT3G30420,AT5G09930,AT2G19320,AT5G02900,AT1G03070,AT4G04560,AT5G43840,AT1G47816,AT5G44260,AT5G45830,AT4G13310,AT5G44120,AT5G46300,AT4G07540,AT2G10380,AT2G04063,AT3G22090,AT2G21820,AT5G17300,AT5G05410,AT1G67360,AT4G15680,AT4G29600,AT2G01310,AT1G66120,AT3G61930,AT4G12080,AT5G24550,AT5G54470,AT1G43950,AT3G29600,AT2G36220,AT5G06820,AT3G31460,AT5G58770,AT1G75940,AT1G02700,AT1G54050,AT1G18330,AT2G05950,AT2G26620,AT1G41770,AT1G53690,AT4G28085,AT1G09090,AT4G03156,AT2G21000,AT4G13090,AT4G36490,AT3G29220,AT2G48140,AT3G54500,AT2G02640,AT5G07330,AT2G05550,AT5G06980,AT5G19875,AT5G28950,AT3G03520,AT2G40170,AT3G20690,AT2G41850,AT1G67450,AT1G05490,AT4G16020,AT5G01380,AT3G13270,AT5G65790,AT3G21370,AT5G06900,AT2G37740,AT3G45970,AT1G73480,AT2G01500,AT1G15550,AT1G70870,AT2G13750,AT3G29792,AT2G30090,AT2G14630,AT1G70880,AT5G17750,AT3G53040,AT5G59310,AT5G23190,AT5G22900,AT5G10500,AT2G42640,AT2G36210,AT4G12550,AT2G16250,AT2G41250,AT1G80820,AT1G35030,AT3G19270,AT5G57790,AT5G52760,AT2G06700,AT4G26440,AT1G80580,AT4G22800,AT1G20350,AT3G32200,AT3G55970,AT5G07480,AT2G15650,AT3G13310,AT1G66930,AT3G09930,AT2G42870,AT5G54480,AT1G33860,AT3G57880,AT5G03310,AT1G09080,AT1G54955,AT3G31540,AT4G17800,AT3G29810,AT4G28703,AT3G28270	
3	AT4G36160	ANAC076	10	0	PWM3425	DAP-seq	VND2_col	50	0.0005436704730217698	0.01989390118628639	153	AT3G42930,AT1G71000,AT1G30030,AT2G12990,AT2G14300,AT4G04300,AT1G35480,AT4G25200,AT5G62920,AT5G51440,AT3G43970,AT3G46230,AT2G13310,AT5G52640,AT5G10695,AT1G10050,AT1G05920,AT1G61330,AT2G05010,AT1G30080,AT3G25650,AT5G48570,AT1G47780,AT1G80660,AT4G04070,AT2G38340,AT4G04560,AT4G10240,AT5G13080,AT3G14520,AT1G33960,AT2G04063,AT1G47280,AT4G37070,AT5G07010,AT2G20670,AT3G42390,AT3G28840,AT3G28190,AT1G13310,AT3G13820,AT4G07350,AT2G32360,AT2G47180,AT3G61930,AT4G12080,AT1G07500,AT5G15250,AT1G29570,AT2G10450,AT3G05770,AT1G18330,AT2G05950,AT3G26150,AT1G41770,AT3G28560,AT3G59830,AT4G09270,AT1G09090,AT2G07550,AT2G33160,AT5G43510,AT2G13890,AT3G56380,AT1G35050,AT4G11480,AT4G36490,AT3G29220,AT2G41860,AT3G54500,AT1G35490,AT2G02640,AT2G39510,AT1G33817,AT2G07714,AT2G43660,AT2G40170,AT1G62940,AT2G41850,AT4G16020,AT3G11480,AT1G59590,AT4G08770,AT1G35730,AT1G50040,AT3G23350,AT5G25615,AT4G36460,AT1G77730,AT2G06490,AT1G50720,AT1G73480,AT3G28390,AT2G01500,AT1G69630,AT2G29605,AT1G33813,AT2G23060,AT1G37537,AT3G53040,AT3G50200,AT5G22900,AT1G13200,AT2G36210,AT4G31680,AT4G19340,AT3G19270,AT1G18990,AT3G52270,AT1G01480,AT5G38700,AT2G33030,AT4G08490,AT1G52660,AT1G58450,AT4G15420,AT4G36170,AT3G28210,AT2G36120,AT2G10440,AT2G32350,AT2G32930,AT5G11820,AT1G20350,AT3G62170,AT3G15770,AT1G36105,AT5G60140,AT4G14270,AT1G11610,AT2G15650,AT1G05330,AT2G05960,AT5G63990,AT2G18660,AT3G12850,AT1G34590,AT3G57880,AT5G66370,AT1G51840,AT2G04670,AT5G39540,AT5G03550,AT5G13150,AT1G09080,AT1G54955,AT2G31080,AT4G17800,AT2G11235,AT5G43530,AT4G28703,AT5G29050,AT4G04510	
3	AT2G46510	AIB	15	na	PWM845	CisBP	M0148_1.01	51	0.0005436704730217698	0.01989390118628639	153	AT2G14770,AT4G03810,AT3G63350,AT1G35480,AT3G17110,AT3G16050,AT1G27790,AT4G27150,AT5G18340,AT4G08190,AT1G56600,AT2G17080,AT1G26400,AT2G46360,AT2G23110,AT5G06040,AT1G61330,AT2G47270,AT3G08970,AT3G46370,AT1G30080,AT2G16200,AT2G46830,AT3G12320,AT3G31403,AT1G30070,AT2G36030,AT4G12400,AT3G52830,AT4G04070,AT2G36080,AT5G09930,AT2G19320,AT2G16620,AT1G03070,AT5G43840,AT5G44260,AT4G13310,AT5G44120,AT1G16730,AT2G32140,AT2G04063,AT5G17300,AT5G05410,AT1G09155,AT2G36780,AT4G29600,AT1G47280,AT4G27170,AT5G17180,AT4G08010,AT1G66120,AT3G28190,AT4G12080,AT5G24550,AT5G54470,AT3G52780,AT1G07500,AT3G29600,AT1G59980,AT3G02140,AT1G75940,AT2G36640,AT1G02700,AT2G38510,AT1G41770,AT4G28085,AT5G51270,AT1G09090,AT5G45630,AT2G06020,AT1G56170,AT1G66380,AT3G56380,AT4G36490,AT5G44890,AT5G35920,AT3G54500,AT1G35490,AT5G07330,AT3G15500,AT1G13130,AT5G22390,AT5G06980,AT4G05630,AT5G28950,AT2G40170,AT1G62940,AT2G41850,AT1G34280,AT2G30750,AT5G62280,AT5G01380,AT4G08050,AT1G59590,AT5G52020,AT4G08770,AT5G35940,AT5G25615,AT2G27240,AT1G50720,AT1G60980,AT1G22420,AT1G73480,AT1G15550,AT1G70870,AT1G66510,AT3G23230,AT4G15700,AT1G50220,AT1G63450,AT1G70880,AT3G53040,AT2G42640,AT2G36050,AT1G35570,AT3G10300,AT5G23220,AT1G33770,AT2G23970,AT2G41250,AT5G43620,AT5G62380,AT1G35030,AT3G19270,AT5G38400,AT1G01480,AT1G50930,AT4G15300,AT5G22410,AT4G21020,AT2G06700,AT5G13700,AT4G36170,AT1G53830,AT2G32930,AT5G05490,AT4G22800,AT1G36105,AT5G28760,AT3G55970,AT2G42870,AT3G46800,AT5G54480,AT2G21650,AT1G51840,AT1G09080,AT3G10900,AT4G17800,AT2G21320,AT5G54020,AT4G29090,AT4G07330	na
3	AT5G46830	ATNIG1	10	na	PWM846	CisBP	M0148_1.01	52	0.0005436704730217698	0.01989390118628639	153	AT2G14770,AT4G03810,AT3G63350,AT1G35480,AT3G17110,AT3G16050,AT1G27790,AT4G27150,AT5G18340,AT4G08190,AT1G56600,AT2G17080,AT1G26400,AT2G46360,AT2G23110,AT5G06040,AT1G61330,AT2G47270,AT3G08970,AT3G46370,AT1G30080,AT2G16200,AT2G46830,AT3G12320,AT3G31403,AT1G30070,AT2G36030,AT4G12400,AT3G52830,AT4G04070,AT2G36080,AT5G09930,AT2G19320,AT2G16620,AT1G03070,AT5G43840,AT5G44260,AT4G13310,AT5G44120,AT1G16730,AT2G32140,AT2G04063,AT5G17300,AT5G05410,AT1G09155,AT2G36780,AT4G29600,AT1G47280,AT4G27170,AT5G17180,AT4G08010,AT1G66120,AT3G28190,AT4G12080,AT5G24550,AT5G54470,AT3G52780,AT1G07500,AT3G29600,AT1G59980,AT3G02140,AT1G75940,AT2G36640,AT1G02700,AT2G38510,AT1G41770,AT4G28085,AT5G51270,AT1G09090,AT5G45630,AT2G06020,AT1G56170,AT1G66380,AT3G56380,AT4G36490,AT5G44890,AT5G35920,AT3G54500,AT1G35490,AT5G07330,AT3G15500,AT1G13130,AT5G22390,AT5G06980,AT4G05630,AT5G28950,AT2G40170,AT1G62940,AT2G41850,AT1G34280,AT2G30750,AT5G62280,AT5G01380,AT4G08050,AT1G59590,AT5G52020,AT4G08770,AT5G35940,AT5G25615,AT2G27240,AT1G50720,AT1G60980,AT1G22420,AT1G73480,AT1G15550,AT1G70870,AT1G66510,AT3G23230,AT4G15700,AT1G50220,AT1G63450,AT1G70880,AT3G53040,AT2G42640,AT2G36050,AT1G35570,AT3G10300,AT5G23220,AT1G33770,AT2G23970,AT2G41250,AT5G43620,AT5G62380,AT1G35030,AT3G19270,AT5G38400,AT1G01480,AT1G50930,AT4G15300,AT5G22410,AT4G21020,AT2G06700,AT5G13700,AT4G36170,AT1G53830,AT2G32930,AT5G05490,AT4G22800,AT1G36105,AT5G28760,AT3G55970,AT2G42870,AT3G46800,AT5G54480,AT2G21650,AT1G51840,AT1G09080,AT3G10900,AT4G17800,AT2G21320,AT5G54020,AT4G29090,AT4G07330	na
3	AT3G10800	bZIP28	12	na	PWM883	CisBP	M0259_1.01	53	0.0005436704730217698	0.01989390118628639	153	AT3G63350,AT3G14200,AT1G35480,AT3G17110,AT3G16050,AT1G27790,AT1G73870,AT4G27150,AT5G18340,AT1G56600,AT5G64510,AT2G32690,AT4G08880,AT2G15700,AT1G61330,AT3G46370,AT4G26270,AT3G12320,AT2G36030,AT4G04490,AT3G52830,AT4G04070,AT2G36080,AT5G09930,AT2G19320,AT1G03070,AT4G04560,AT5G43840,AT1G06170,AT1G19530,AT5G13080,AT1G47816,AT5G45830,AT5G44120,AT1G16730,AT2G10380,AT1G09950,AT2G04063,AT3G60940,AT2G21820,AT5G17300,AT1G67360,AT4G29600,AT1G47280,AT2G20670,AT1G66120,AT3G53200,AT3G28190,AT1G42710,AT3G12510,AT2G47180,AT3G61930,AT5G24550,AT5G54470,AT3G52780,AT1G43950,AT3G29600,AT3G02140,AT2G36220,AT5G06820,AT3G31460,AT1G75940,AT2G36640,AT3G22570,AT1G02700,AT2G44840,AT2G05950,AT1G41770,AT3G28560,AT3G50150,AT1G09090,AT5G45630,AT1G56170,AT1G66380,AT5G09590,AT4G05080,AT5G35920,AT3G45560,AT3G54500,AT1G35490,AT5G65100,AT1G13130,AT5G22390,AT5G06980,AT5G28950,AT2G40170,AT2G41850,AT3G51680,AT2G30750,AT5G01380,AT4G09090,AT1G59590,AT5G59820,AT5G65790,AT5G35940,AT5G25615,AT4G36460,AT3G12050,AT1G50720,AT2G37740,AT1G60980,AT1G22420,AT1G73480,AT1G70870,AT3G29792,AT3G47340,AT1G30140,AT3G17190,AT5G40430,AT3G23230,AT1G63450,AT1G70880,AT3G53040,AT2G36050,AT2G16250,AT4G27652,AT5G23220,AT1G80820,AT5G43620,AT1G35030,AT3G19270,AT1G01480,AT5G38700,AT1G19180,AT4G15300,AT5G57790,AT4G21020,AT5G52760,AT2G06700,AT4G26440,AT5G64170,AT3G28210,AT1G05800,AT2G32930,AT5G62080,AT1G20350,AT2G11165,AT1G36105,AT1G31620,AT3G55970,AT5G07480,AT2G05960,AT4G30490,AT3G09930,AT5G54480,AT1G65550,AT3G57880,AT1G51840,AT5G03310,AT1G09080,AT1G54955,AT4G17800,AT4G07750	na
3	AT3G56660	BZIP49	2	na	PWM884	CisBP	M0259_1.01	54	0.0005436704730217698	0.01989390118628639	153	AT3G63350,AT3G14200,AT1G35480,AT3G17110,AT3G16050,AT1G27790,AT1G73870,AT4G27150,AT5G18340,AT1G56600,AT5G64510,AT2G32690,AT4G08880,AT2G15700,AT1G61330,AT3G46370,AT4G26270,AT3G12320,AT2G36030,AT4G04490,AT3G52830,AT4G04070,AT2G36080,AT5G09930,AT2G19320,AT1G03070,AT4G04560,AT5G43840,AT1G06170,AT1G19530,AT5G13080,AT1G47816,AT5G45830,AT5G44120,AT1G16730,AT2G10380,AT1G09950,AT2G04063,AT3G60940,AT2G21820,AT5G17300,AT1G67360,AT4G29600,AT1G47280,AT2G20670,AT1G66120,AT3G53200,AT3G28190,AT1G42710,AT3G12510,AT2G47180,AT3G61930,AT5G24550,AT5G54470,AT3G52780,AT1G43950,AT3G29600,AT3G02140,AT2G36220,AT5G06820,AT3G31460,AT1G75940,AT2G36640,AT3G22570,AT1G02700,AT2G44840,AT2G05950,AT1G41770,AT3G28560,AT3G50150,AT1G09090,AT5G45630,AT1G56170,AT1G66380,AT5G09590,AT4G05080,AT5G35920,AT3G45560,AT3G54500,AT1G35490,AT5G65100,AT1G13130,AT5G22390,AT5G06980,AT5G28950,AT2G40170,AT2G41850,AT3G51680,AT2G30750,AT5G01380,AT4G09090,AT1G59590,AT5G59820,AT5G65790,AT5G35940,AT5G25615,AT4G36460,AT3G12050,AT1G50720,AT2G37740,AT1G60980,AT1G22420,AT1G73480,AT1G70870,AT3G29792,AT3G47340,AT1G30140,AT3G17190,AT5G40430,AT3G23230,AT1G63450,AT1G70880,AT3G53040,AT2G36050,AT2G16250,AT4G27652,AT5G23220,AT1G80820,AT5G43620,AT1G35030,AT3G19270,AT1G01480,AT5G38700,AT1G19180,AT4G15300,AT5G57790,AT4G21020,AT5G52760,AT2G06700,AT4G26440,AT5G64170,AT3G28210,AT1G05800,AT2G32930,AT5G62080,AT1G20350,AT2G11165,AT1G36105,AT1G31620,AT3G55970,AT5G07480,AT2G05960,AT4G30490,AT3G09930,AT5G54480,AT1G65550,AT3G57880,AT1G51840,AT5G03310,AT1G09080,AT1G54955,AT4G17800,AT4G07750	na
3	AT5G59780	ATMYB59	17	0	PWM1551	PBM		55	0.0007519310433160385	0.024512952012102854	152	AT2G14770,AT2G01029,AT1G71000,AT1G52560,AT2G14300,AT4G04300,AT1G41797,AT3G23460,AT2G15450,AT1G63070,AT1G23910,AT1G29490,AT3G51910,AT4G04430,AT5G18340,AT3G23270,AT1G56600,AT1G35143,AT1G42410,AT5G27190,AT2G20805,AT4G08880,AT2G05010,AT2G47270,AT1G59535,AT3G08970,AT3G07150,AT1G17300,AT4G26270,AT1G30080,AT4G11660,AT1G31040,AT3G02810,AT5G23480,AT3G09350,AT4G04070,AT3G12955,AT3G30420,AT1G06170,AT4G07540,AT3G12160,AT2G07728,AT5G17300,AT4G03840,AT3G53230,AT1G47680,AT1G09155,AT2G36780,AT3G42900,AT1G47280,AT4G31100,AT3G53200,AT1G13310,AT1G42710,AT4G12080,AT2G16820,AT3G28620,AT5G19015,AT4G04590,AT3G05610,AT5G15250,AT2G36640,AT1G02700,AT1G54050,AT5G26880,AT5G45570,AT1G43755,AT1G41770,AT2G10780,AT2G06020,AT2G07550,AT1G66380,AT4G17250,AT2G48140,AT5G44890,AT1G58808,AT5G35920,AT2G31210,AT3G07710,AT1G25112,AT3G15500,AT3G30260,AT1G26530,AT4G04270,AT1G33100,AT1G30990,AT5G47610,AT1G64170,AT1G10300,AT3G43160,AT1G50040,AT1G75550,AT5G25615,AT3G25230,AT2G27240,AT2G20970,AT3G24300,AT5G52350,AT5G48530,AT1G15550,AT2G07672,AT2G17490,AT3G29792,AT3G26190,AT5G40360,AT5G52690,AT1G50220,AT5G17750,AT2G23900,AT1G23160,AT3G60560,AT5G36130,AT5G23190,AT5G22900,AT4G05570,AT2G36210,AT4G03570,AT3G53300,AT4G27652,AT1G41795,AT1G52020,AT5G62020,AT2G07736,AT5G24340,AT1G50930,AT2G18610,AT1G67990,AT5G33240,AT5G52680,AT1G41825,AT2G07738,AT4G36170,AT3G28210,AT3G32200,AT5G04340,AT1G31620,AT2G05960,AT3G32950,AT5G20460,AT2G01024,AT2G22860,AT2G18660,AT2G21650,AT3G57880,AT1G51840,AT2G11590,AT1G13300,AT2G12320,AT5G43530,AT5G06730,AT4G09150,AT2G33590	
3	AT5G39610	ANAC092	47	0	PWM3390	DAP-seq	ANAC092_col	57	0.0007519310433160385	0.024512952012102854	152	AT3G42930,AT1G71000,AT1G30030,AT2G12990,AT2G14300,AT1G35480,AT3G17110,AT5G51440,AT3G43970,AT1G59860,AT3G46230,AT2G13310,AT1G56600,AT5G28160,AT5G52640,AT1G10050,AT1G05920,AT1G61330,AT3G25650,AT5G48570,AT1G47780,AT4G04070,AT1G03070,AT4G04560,AT1G06170,AT5G13080,AT2G32140,AT2G06150,AT4G01180,AT1G12150,AT2G04063,AT3G22090,AT4G03620,AT2G21820,AT5G17300,AT2G36780,AT1G47280,AT2G20670,AT3G10930,AT3G42390,AT4G08010,AT3G28840,AT1G13310,AT3G13820,AT4G07350,AT2G32360,AT5G53250,AT4G19780,AT5G25950,AT5G58770,AT5G15250,AT2G30220,AT1G43755,AT1G74870,AT3G26150,AT3G03410,AT1G41770,AT3G28560,AT3G59830,AT4G09270,AT5G51270,AT2G07550,AT2G13890,AT3G56380,AT1G35050,AT4G11480,AT4G36490,AT2G41860,AT1G35490,AT2G39510,AT1G33817,AT2G05550,AT5G06980,AT2G07714,AT2G40170,AT1G62940,AT2G41850,AT4G16020,AT3G11480,AT4G08050,AT4G09090,AT1G31280,AT4G08770,AT1G35730,AT3G23350,AT5G25615,AT1G77730,AT3G13610,AT5G52350,AT5G54460,AT2G06490,AT1G73480,AT3G28390,AT2G01500,AT1G69630,AT2G29605,AT1G33813,AT3G18180,AT2G23060,AT1G37537,AT3G53040,AT3G50200,AT5G22900,AT1G13200,AT4G27652,AT4G31680,AT4G19340,AT3G19270,AT1G23510,AT3G52270,AT1G01480,AT5G38700,AT1G50930,AT4G21020,AT4G08490,AT1G52660,AT1G41825,AT2G36120,AT2G10440,AT2G32350,AT2G32930,AT5G11820,AT2G06220,AT4G03290,AT1G20350,AT3G15770,AT2G24410,AT4G14270,AT1G11610,AT2G15650,AT1G05330,AT5G48390,AT2G05960,AT5G39650,AT3G09930,AT4G23150,AT2G18660,AT3G12850,AT1G34590,AT3G57880,AT1G51840,AT2G04670,AT5G39540,AT5G03550,AT5G13150,AT1G09080,AT2G31080,AT4G17800,AT2G11235,AT5G43530,AT5G46770,AT5G29050	
3	AT2G40950	BZIP17	6	1	PWM882	CisBP	M0259_1.01	58	0.0007519310433160385	0.024512952012102854	152	AT3G63350,AT3G14200,AT1G35480,AT3G17110,AT3G16050,AT1G27790,AT1G73870,AT4G27150,AT5G18340,AT1G56600,AT5G64510,AT2G32690,AT4G08880,AT2G15700,AT1G61330,AT3G46370,AT4G26270,AT3G12320,AT2G36030,AT4G04490,AT3G52830,AT4G04070,AT2G36080,AT5G09930,AT2G19320,AT1G03070,AT4G04560,AT5G43840,AT1G06170,AT1G19530,AT5G13080,AT1G47816,AT5G45830,AT5G44120,AT1G16730,AT2G10380,AT1G09950,AT2G04063,AT3G60940,AT2G21820,AT5G17300,AT1G67360,AT4G29600,AT1G47280,AT2G20670,AT1G66120,AT3G53200,AT3G28190,AT1G42710,AT3G12510,AT2G47180,AT3G61930,AT5G24550,AT5G54470,AT3G52780,AT1G43950,AT3G29600,AT3G02140,AT2G36220,AT5G06820,AT3G31460,AT1G75940,AT2G36640,AT3G22570,AT1G02700,AT2G44840,AT2G05950,AT1G41770,AT3G28560,AT3G50150,AT1G09090,AT5G45630,AT1G56170,AT1G66380,AT5G09590,AT4G05080,AT5G35920,AT3G45560,AT3G54500,AT1G35490,AT5G65100,AT5G22390,AT5G06980,AT5G28950,AT2G40170,AT2G41850,AT3G51680,AT2G30750,AT5G01380,AT4G09090,AT1G59590,AT5G59820,AT5G65790,AT5G35940,AT5G25615,AT4G36460,AT3G12050,AT1G50720,AT2G37740,AT1G60980,AT1G22420,AT1G73480,AT1G70870,AT3G29792,AT3G47340,AT1G30140,AT3G17190,AT5G40430,AT3G23230,AT1G63450,AT1G70880,AT3G53040,AT2G36050,AT2G16250,AT4G27652,AT5G23220,AT1G80820,AT5G43620,AT1G35030,AT3G19270,AT1G01480,AT5G38700,AT1G19180,AT4G15300,AT5G57790,AT4G21020,AT5G52760,AT2G06700,AT4G26440,AT5G64170,AT3G28210,AT1G05800,AT2G32930,AT5G62080,AT1G20350,AT2G11165,AT1G36105,AT1G31620,AT3G55970,AT5G07480,AT2G05960,AT4G30490,AT3G09930,AT5G54480,AT1G65550,AT3G57880,AT1G51840,AT5G03310,AT1G09080,AT1G54955,AT4G17800,AT4G07750	AT2G44840
3	AT4G36730	AtGBF1	53	0	PWM1292	CisBP	M0264_1.01	59	0.0010321823833920403	0.031367847685117425	151	AT3G63350,AT1G35480,AT4G27657,AT1G74310,AT1G73870,AT2G41260,AT3G51910,AT5G18340,AT1G49870,AT4G08190,AT3G32280,AT1G56600,AT1G61340,AT5G28160,AT3G31410,AT2G15700,AT3G62950,AT4G26270,AT2G16200,AT3G12320,AT3G31403,AT2G36030,AT3G52830,AT2G36080,AT4G17490,AT5G09930,AT2G19320,AT1G03070,AT4G04560,AT5G43840,AT1G19530,AT4G30540,AT3G27510,AT1G47816,AT5G44260,AT5G45830,AT4G13310,AT5G44120,AT1G16730,AT2G21820,AT5G17300,AT4G03840,AT1G09155,AT4G29600,AT4G37070,AT5G07010,AT4G08010,AT1G66120,AT3G28190,AT3G12510,AT4G12080,AT5G24550,AT5G54470,AT1G07500,AT3G29600,AT3G02140,AT2G36220,AT5G06820,AT5G25950,AT5G58770,AT1G75940,AT2G36640,AT4G16000,AT1G02700,AT1G18330,AT2G05950,AT1G41770,AT3G59830,AT2G10780,AT1G09090,AT5G45630,AT1G56170,AT2G33160,AT5G09590,AT3G56380,AT4G13090,AT4G36490,AT3G29220,AT5G35920,AT3G54500,AT1G35490,AT5G07330,AT1G72540,AT5G06980,AT5G19875,AT3G03520,AT2G40170,AT3G20690,AT4G16020,AT5G01380,AT5G16600,AT5G25615,AT3G12050,AT2G27240,AT3G24300,AT2G37740,AT1G22420,AT1G73480,AT1G15550,AT1G70870,AT3G29792,AT2G19310,AT5G40430,AT3G23230,AT5G52570,AT1G70880,AT3G53040,AT5G59310,AT5G23190,AT5G10500,AT2G36050,AT5G04770,AT4G12550,AT2G16250,AT5G23220,AT5G65390,AT2G41250,AT1G35030,AT3G19270,AT1G01480,AT5G38700,AT1G50930,AT2G18610,AT4G21020,AT5G52760,AT2G06700,AT1G80580,AT5G64170,AT4G36170,AT2G32930,AT5G62080,AT4G22800,AT1G20350,AT3G55970,AT2G15650,AT3G13310,AT3G15670,AT5G39650,AT2G01024,AT3G46800,AT5G63990,AT5G54480,AT1G34590,AT3G57880,AT1G09080,AT1G54955,AT4G17800,AT3G29810,AT4G28703,AT3G28270,AT2G18620	
3	AT3G04030	At3g04030	24	na	PWM1411	CisBP	M1227_1.01	60	0.0010321823833920403	0.031367847685117425	151	AT2G14770,AT1G71000,AT1G52560,AT2G14300,AT4G04300,AT1G41797,AT3G23460,AT2G15450,AT1G63070,AT1G23910,AT1G29490,AT3G51910,AT4G04430,AT5G18340,AT3G23270,AT1G56600,AT1G35143,AT1G42410,AT5G27190,AT2G20805,AT4G08880,AT2G05010,AT2G47270,AT1G59535,AT3G08970,AT3G07150,AT1G17300,AT4G26270,AT1G30080,AT4G11660,AT1G31040,AT3G02810,AT5G23480,AT3G09350,AT4G04070,AT3G12955,AT3G30420,AT1G06170,AT4G07540,AT3G12160,AT2G07728,AT5G17300,AT4G03840,AT3G53230,AT1G47680,AT1G09155,AT2G36780,AT3G42900,AT1G47280,AT4G31100,AT3G53200,AT1G13310,AT1G42710,AT4G12080,AT2G16820,AT3G28620,AT5G19015,AT4G04590,AT3G05610,AT5G15250,AT2G36640,AT1G02700,AT1G54050,AT5G26880,AT5G45570,AT1G43755,AT1G41770,AT2G10780,AT2G06020,AT2G07550,AT1G66380,AT4G17250,AT2G48140,AT5G44890,AT1G58808,AT5G35920,AT2G31210,AT3G07710,AT1G25112,AT3G15500,AT3G30260,AT1G26530,AT4G04270,AT1G33100,AT1G30990,AT5G47610,AT1G64170,AT1G10300,AT3G43160,AT1G50040,AT1G75550,AT5G25615,AT3G25230,AT2G27240,AT2G20970,AT3G24300,AT5G52350,AT5G48530,AT1G15550,AT2G07672,AT2G17490,AT3G29792,AT3G26190,AT5G40360,AT5G52690,AT1G50220,AT5G17750,AT2G23900,AT1G23160,AT3G60560,AT5G36130,AT5G23190,AT5G22900,AT4G05570,AT2G36210,AT4G03570,AT3G53300,AT4G27652,AT1G41795,AT1G52020,AT5G62020,AT2G07736,AT5G24340,AT1G50930,AT2G18610,AT1G67990,AT5G33240,AT5G52680,AT1G41825,AT2G07738,AT4G36170,AT3G28210,AT3G32200,AT5G04340,AT1G31620,AT2G05960,AT3G32950,AT5G20460,AT2G01024,AT2G22860,AT2G18660,AT2G21650,AT3G57880,AT1G51840,AT2G11590,AT1G13300,AT2G12320,AT5G43530,AT5G06730,AT4G09150,AT2G33590	na
3	AT1G75390	AtbZIP44	30	0	PWM2917	DAP-seq	BZIP44_col	61	0.0010321823833920403	0.031367847685117425	151	AT2G01029,AT3G63350,AT1G35480,AT3G17110,AT1G27790,AT1G73870,AT2G41260,AT3G51910,AT4G27150,AT5G18340,AT5G40645,AT4G08190,AT5G47160,AT1G61340,AT5G28160,AT5G64510,AT1G15830,AT1G26400,AT4G15660,AT2G14510,AT3G24500,AT3G31410,AT3G09440,AT4G08880,AT2G15700,AT5G02490,AT4G26270,AT2G16200,AT2G36030,AT1G80660,AT4G04070,AT4G17490,AT3G30420,AT5G09930,AT4G04560,AT5G43840,AT5G44260,AT5G45830,AT5G44120,AT3G29660,AT5G46300,AT2G10380,AT1G09950,AT2G04063,AT3G22090,AT5G17300,AT5G05410,AT1G67360,AT4G15680,AT4G29600,AT2G01310,AT1G66120,AT3G61930,AT5G54470,AT1G43950,AT1G35740,AT2G36220,AT5G06820,AT3G31460,AT4G16000,AT1G02700,AT1G54050,AT1G18330,AT2G44840,AT4G12930,AT2G05950,AT2G26620,AT2G36040,AT2G38510,AT1G53690,AT4G28085,AT4G09270,AT1G09090,AT4G03156,AT2G07550,AT2G21000,AT4G13090,AT3G29220,AT5G35920,AT2G22960,AT3G54500,AT1G35490,AT2G05550,AT5G06980,AT3G03520,AT3G20690,AT2G41850,AT1G05490,AT4G16020,AT5G01380,AT3G11480,AT1G33760,AT3G13270,AT5G59820,AT3G43160,AT5G65790,AT5G06900,AT1G72570,AT3G45970,AT1G73480,AT3G28390,AT2G01500,AT2G13750,AT3G29792,AT2G30090,AT1G30140,AT2G14630,AT5G17750,AT3G53040,AT5G59310,AT5G10500,AT2G42640,AT2G36210,AT2G16250,AT1G33770,AT2G41250,AT1G80820,AT1G35030,AT3G19270,AT1G01480,AT1G50930,AT2G18610,AT1G11990,AT5G52760,AT2G06700,AT4G26440,AT1G80580,AT1G05800,AT2G32930,AT5G62080,AT1G20350,AT3G32200,AT2G15650,AT3G13310,AT1G66930,AT4G30490,AT3G09930,AT2G42870,AT5G54480,AT1G33860,AT1G65550,AT3G57880,AT5G03310,AT1G09080,AT1G54955,AT4G07750,AT3G29810,AT2G03850,AT3G45610,AT3G28270,AT2G18620	
3	AT4G01540	ANAC068	19	na	PWM3415	DAP-seq	NTM1_col	62	0.0010321823833920403	0.031367847685117425	151	AT4G03810,AT3G42930,AT2G01029,AT1G30030,AT4G03710,AT1G52560,AT5G12020,AT3G20180,AT3G42080,AT2G30925,AT4G39675,AT5G12030,AT1G66080,AT3G43970,AT1G37060,AT1G59860,AT1G33055,AT5G10695,AT2G23110,AT2G20805,AT3G09440,AT1G05920,AT2G15700,AT1G61330,AT4G26270,AT3G25650,AT5G23480,AT4G11710,AT4G04070,AT1G64940,AT4G04560,AT1G06170,AT4G13310,AT4G05600,AT2G07728,AT2G25990,AT2G20670,AT3G10930,AT2G26520,AT5G17180,AT3G28190,AT1G13310,AT4G07350,AT2G47180,AT1G07500,AT2G42380,AT1G75940,AT1G29570,AT2G10450,AT2G30220,AT5G35820,AT1G18330,AT1G74870,AT3G03410,AT1G41770,AT3G59830,AT1G79310,AT4G09270,AT5G51270,AT2G13890,AT3G56380,AT1G35050,AT4G11480,AT4G36490,AT3G29220,AT3G45560,AT2G41860,AT2G02640,AT1G33817,AT5G06980,AT2G07714,AT5G19875,AT2G40170,AT1G33100,AT1G62940,AT2G30750,AT5G17950,AT1G59590,AT1G64170,AT1G31280,AT1G35730,AT3G43160,AT1G50040,AT1G32980,AT3G23350,AT3G03660,AT5G65790,AT5G25615,AT5G59280,AT5G54460,AT2G06490,AT4G21950,AT2G06110,AT2G13750,AT3G29792,AT3G47340,AT4G03880,AT2G29605,AT1G33813,AT1G41860,AT2G27700,AT1G37537,AT3G53040,AT3G60560,AT5G59310,AT5G22900,AT4G33390,AT1G13200,AT4G16260,AT4G05310,AT1G07120,AT4G03570,AT2G12290,AT4G31680,AT3G19270,AT1G18990,AT1G50930,AT2G18610,AT1G44060,AT1G50800,AT5G33240,AT4G08490,AT1G52660,AT4G15420,AT4G36170,AT3G28210,AT2G10440,AT1G53830,AT2G32930,AT5G11820,AT2G06220,AT2G11165,AT1G36105,AT4G14270,AT2G10400,AT2G15650,AT1G31050,AT2G05960,AT4G30490,AT4G23150,AT3G21170,AT2G18660,AT3G12850,AT3G57880,AT1G14930,AT2G30640,AT5G13150,AT2G31080,AT2G11235,AT1G01940,AT1G65740	na
3	AT2G46270	GBF3	4	314	PWM951	CisBP	M0260_1.01	63	0.0010321823833920403	0.031367847685117425	151	AT3G63350,AT1G35480,AT4G27657,AT1G74310,AT1G73870,AT3G51910,AT4G27150,AT5G18340,AT3G32280,AT1G56600,AT1G61340,AT5G28160,AT2G15700,AT2G47270,AT3G62950,AT4G26270,AT1G30080,AT2G16200,AT3G12320,AT3G31403,AT1G30070,AT2G36030,AT3G52830,AT2G36080,AT5G09930,AT2G19320,AT1G03070,AT5G43840,AT1G06170,AT1G19530,AT4G30540,AT1G47816,AT5G45830,AT4G13310,AT5G44120,AT1G16730,AT4G07540,AT2G10380,AT2G21820,AT5G17300,AT4G03840,AT1G09155,AT4G29600,AT1G47280,AT4G37070,AT5G07010,AT1G66120,AT3G28190,AT3G12510,AT4G12080,AT5G24550,AT5G54470,AT1G07500,AT3G29600,AT3G02140,AT2G36220,AT5G06820,AT5G25950,AT5G58770,AT1G75940,AT2G36640,AT4G16000,AT3G05770,AT1G02700,AT1G18330,AT5G11220,AT2G05950,AT1G41770,AT3G59830,AT2G10780,AT1G09090,AT5G45630,AT1G56170,AT2G07550,AT1G66380,AT2G33160,AT3G56380,AT4G36490,AT3G29220,AT5G35920,AT3G54500,AT1G35490,AT5G07330,AT1G72540,AT5G22390,AT5G06980,AT3G03520,AT2G40170,AT3G51680,AT1G47470,AT2G30750,AT5G01380,AT1G33760,AT1G07410,AT5G16600,AT5G35940,AT3G12050,AT2G27240,AT3G24300,AT2G37740,AT1G22420,AT1G15550,AT1G70870,AT3G29792,AT2G19310,AT3G23230,AT5G52570,AT1G70880,AT3G53040,AT5G59310,AT5G10500,AT2G36050,AT5G04770,AT4G16260,AT2G16250,AT5G23220,AT5G65390,AT2G41250,AT1G80820,AT1G35030,AT3G19270,AT1G01480,AT5G38700,AT1G50930,AT2G18610,AT4G21020,AT5G52760,AT2G06700,AT5G13700,AT5G64170,AT4G36170,AT2G32930,AT5G62080,AT4G22800,AT1G20350,AT1G36105,AT3G55970,AT5G07480,AT3G13310,AT3G15670,AT4G30490,AT2G01024,AT5G63990,AT5G54480,AT2G18660,AT1G34590,AT2G04670,AT1G09080,AT1G54955,AT4G17800,AT2G18620	AT1G71000,AT1G30030,AT3G63350,AT1G52560,AT1G26860,AT3G14200,AT3G09640,AT3G17110,AT4G27657,AT3G16050,AT2G30925,AT5G62920,AT5G49700,AT1G74310,AT1G73870,AT3G13370,AT2G41260,AT2G29500,AT3G51910,AT5G18340,AT4G23493,AT1G59860,AT4G08190,AT5G51320,AT1G30720,AT5G37670,AT5G07760,AT1G56600,AT5G25140,AT5G47160,AT1G61340,AT5G28160,AT1G75600,AT2G16290,AT2G46360,AT4G37010,AT2G32690,AT1G26380,AT4G12410,AT2G14510,AT3G24500,AT5G06040,AT1G10050,AT3G09440,AT5G02490,AT1G61330,AT2G47270,AT3G08970,AT3G07150,AT3G62950,AT4G26270,AT2G24100,AT5G48570,AT4G29140,AT4G11660,AT1G31040,AT1G26800,AT4G12400,AT1G76230,AT5G23480,AT1G80660,AT1G14200,AT3G52830,AT4G04070,AT2G36080,AT4G17490,AT5G26970,AT5G09930,AT1G64940,AT2G19320,AT1G03070,AT5G43840,AT1G06170,AT1G19530,AT5G13080,AT5G44260,AT5G45830,AT4G13310,AT5G44120,AT3G29660,AT1G16730,AT3G21660,AT5G59070,AT1G17870,AT4G25420,AT1G09950,AT3G60940,AT3G22090,AT2G45500,AT2G21820,AT4G09290,AT4G18395,AT5G17300,AT5G05410,AT3G53230,AT1G09155,AT1G13700,AT2G25990,AT3G29640,AT4G37070,AT5G07010,AT2G20670,AT2G26520,AT5G17180,AT3G28840,AT3G59730,AT2G32360,AT3G12510,AT2G47180,AT3G61930,AT4G12080,AT5G24550,AT5G54470,AT3G52780,AT1G07500,AT1G59980,AT5G53250,AT3G02140,AT2G46735,AT2G36220,AT5G06820,AT2G42380,AT3G10020,AT5G25950,AT5G58770,AT4G25820,AT1G75940,AT2G36640,AT4G01110,AT3G22570,AT2G30220,AT3G05770,AT1G02700,AT1G54050,AT1G18330,AT1G21120,AT2G44840,AT3G07090,AT3G27800,AT5G07780,AT2G36040,AT2G38510,AT1G65690,AT1G53690,AT4G28085,AT5G45630,AT1G22130,AT4G30290,AT1G66380,AT3G22840,AT2G33160,AT3G56380,AT4G13090,AT3G29220,AT5G35920,AT5G04640,AT2G29740,AT3G54500,AT1G49100,AT2G02680,AT5G54050,AT2G02640,AT2G39510,AT5G07330,AT5G65100,AT3G15500,AT3G15500,AT1G13130,AT1G72540,AT5G22390,AT5G06980,AT4G05630,AT5G19875,AT3G03520,AT2G40170,AT3G20690,AT2G41850,AT3G51680,AT1G47470,AT5G62280,AT5G01380,AT3G11480,AT1G59590,AT1G33760,AT5G47610,AT4G30280,AT5G52020,AT5G59820,AT5G16600,AT1G50040,AT5G65790,AT5G35940,AT5G25615,AT1G77730,AT3G12050,AT3G24300,AT2G37740,AT1G72570,AT3G45970,AT1G22420,AT1G73480,AT3G28390,AT2G01500,AT1G15550,AT1G70870,AT2G17490,AT3G29792,AT3G47340,AT3G43430,AT2G42360,AT5G47740,AT5G40430,AT3G58120,AT3G23230,AT2G23060,AT1G01190,AT1G50220,AT1G63450,AT2G19840,AT5G52570,AT1G70880,AT3G53040,AT5G23190,AT5G10500,AT2G42640,AT2G36050,AT1G35570,AT5G04770,AT3G55090,AT4G16260,AT4G05310,AT3G10300,AT4G12550,AT4G27652,AT1G56030,AT5G23220,AT5G65390,AT2G23970,AT5G53400,AT2G41250,AT1G80820,AT5G43620,AT5G62380,AT5G62020,AT1G35030,AT3G19270,AT1G01480,AT5G38700,AT5G49690,AT1G19180,AT2G15790,AT1G51320,AT5G57790,AT4G21020,AT5G52760,AT4G15420,AT4G36170,AT3G28210,AT1G53830,AT2G32930,AT5G05490,AT4G22800,AT5G20550,AT5G50335,AT3G62170,AT2G46310,AT1G44050,AT3G23150,AT5G04340,AT4G14270,AT1G31620,AT3G55970,AT5G07480,AT2G15650,AT3G13310,AT3G15670,AT1G66930,AT5G39650,AT2G22860,AT2G15800,AT3G09930,AT2G42870,AT3G46800,AT1G33860,AT2G18660,AT4G30970,AT2G21650,AT3G12850,AT3G57880,AT5G56030,AT5G03310,AT1G09080,AT1G77910,AT1G54955,AT3G10900,AT1G13300,AT4G39670,AT4G17800,AT3G18650,AT2G11235,AT1G01940,AT5G10100,AT4G17500,AT3G29810,AT3G45610,AT1G04130,AT4G28703,AT5G46770,AT3G05920,AT5G54020,AT1G21310,AT4G09150,AT4G29090,AT2G18620
3	AT4G35550	ATWOX13	4	0	PWM1093	PBM		64	0.0014062564431376494	0.03939715316477821	150	AT1G52560,AT3G20180,AT3G17110,AT1G63070,AT2G41260,AT5G51440,AT2G46240,AT4G04430,AT4G08190,AT2G13310,AT5G65330,AT1G56600,AT1G42410,AT1G61340,AT1G75600,AT2G32690,AT4G08880,AT2G05010,AT2G47270,AT3G08970,AT1G30080,AT4G12400,AT1G42580,AT3G52830,AT2G36080,AT2G14230,AT3G29732,AT3G14520,AT1G47816,AT4G13310,AT3G21660,AT1G32680,AT5G36080,AT4G07540,AT1G17870,AT2G32140,AT3G43650,AT2G04063,AT3G60940,AT4G09290,AT5G05410,AT4G29600,AT1G47280,AT4G27170,AT2G20670,AT3G42390,AT3G19184,AT3G12510,AT1G72580,AT4G12080,AT1G07500,AT2G46735,AT2G36220,AT3G01970,AT2G42380,AT3G05610,AT4G23780,AT2G30220,AT5G28880,AT5G27660,AT5G11220,AT1G41770,AT3G59830,AT1G53690,AT5G09590,AT2G13890,AT3G56380,AT5G35920,AT2G29740,AT2G41860,AT5G54050,AT3G15500,AT1G13130,AT3G12190,AT2G40170,AT2G41850,AT3G51680,AT5G01380,AT4G08050,AT1G33760,AT5G52020,AT1G10300,AT1G35730,AT1G50040,AT3G12050,AT2G04840,AT4G21950,AT1G60980,AT1G72570,AT3G11340,AT3G28390,AT1G15550,AT2G07672,AT2G30090,AT3G17190,AT3G58120,AT2G23060,AT1G50220,AT5G52570,AT5G17750,AT3G53040,AT2G23900,AT3G60560,AT5G22900,AT4G05570,AT2G36050,AT1G36000,AT3G24510,AT2G27000,AT4G12550,AT2G16250,AT1G33770,AT4G19340,AT4G28670,AT2G41250,AT5G12110,AT1G01480,AT1G50930,AT1G51320,AT2G18610,AT1G66570,AT1G65670,AT1G52660,AT2G36120,AT2G10440,AT1G53830,AT2G32930,AT4G22800,AT1G41900,AT3G62170,AT2G11165,AT1G44050,AT5G07480,AT1G31050,AT2G05960,AT3G29020,AT5G63990,AT4G30970,AT3G57880,AT1G37150,AT2G11590,AT1G13300,AT2G12320,AT5G06020,AT4G17800,AT4G07750,AT3G29810,AT4G17585,AT1G71690,AT2G18620	
3	AT4G16430	JAM3	0	na	PWM2556	JASPAR	MA0957.1	65	0.0014062564431376494	0.03939715316477821	150	AT2G14770,AT2G26150,AT1G51000,AT2G14300,AT3G17110,AT1G27790,AT2G41260,AT4G27150,AT5G18340,AT1G56600,AT2G03720,AT1G61340,AT1G26400,AT2G16290,AT2G25230,AT2G23110,AT2G47270,AT3G46370,AT2G24100,AT1G30080,AT2G16200,AT4G29140,AT2G46830,AT3G12320,AT3G31403,AT1G30070,AT2G36030,AT4G12400,AT4G04070,AT2G36080,AT1G03070,AT1G19530,AT5G13080,AT4G13310,AT1G34240,AT1G16730,AT2G32140,AT1G09950,AT2G34120,AT2G04063,AT2G45500,AT5G17300,AT1G09155,AT2G36780,AT4G29770,AT1G13700,AT5G07010,AT5G17180,AT4G08010,AT1G66120,AT3G53200,AT2G47180,AT1G72580,AT1G07500,AT1G59980,AT3G28120,AT3G02140,AT1G35740,AT2G42380,AT3G31460,AT1G02700,AT5G35820,AT5G11220,AT2G05950,AT1G43755,AT1G41770,AT2G21690,AT1G79310,AT4G28085,AT2G06020,AT1G56170,AT4G30290,AT1G66380,AT2G33160,AT3G56380,AT4G36490,AT5G35920,AT3G15500,AT1G13130,AT1G72540,AT5G06980,AT4G05630,AT5G19875,AT5G28950,AT3G03520,AT2G40170,AT2G41850,AT5G62280,AT5G01380,AT3G29450,AT1G07410,AT3G13250,AT5G25615,AT1G73480,AT3G11340,AT1G15550,AT1G70870,AT2G17490,AT5G40430,AT3G23230,AT4G15700,AT1G50220,AT1G70880,AT3G53040,AT5G59310,AT2G42640,AT2G36050,AT1G35570,AT5G65390,AT2G23970,AT2G41250,AT1G80820,AT5G62020,AT1G01480,AT1G19180,AT5G57790,AT5G22410,AT4G21020,AT2G06700,AT4G08490,AT5G13700,AT5G52680,AT5G64170,AT4G36170,AT2G23210,AT2G32930,AT5G49140,AT5G05490,AT4G22800,AT5G50335,AT3G62170,AT3G15770,AT2G24410,AT5G04340,AT3G55970,AT2G15650,AT2G07455,AT2G05960,AT3G09930,AT3G46800,AT4G30970,AT3G57880,AT1G55530,AT1G37150,AT4G17800,AT5G10100,AT4G17500,AT2G21320,AT4G29090,AT4G07330	na
3	AT4G10350	ANAC070	68	na	PWM3379	DAP-seq	ANAC070_col	66	0.0014062564431376494	0.03939715316477821	150	AT1G71000,AT1G30030,AT3G63350,AT3G17110,AT5G62920,AT1G59860,AT2G03720,AT5G47160,AT1G75600,AT5G52640,AT5G10695,AT1G10050,AT1G05920,AT1G61330,AT1G44414,AT1G30080,AT3G25650,AT5G48570,AT1G47780,AT3G12320,AT1G14200,AT4G04490,AT4G04070,AT3G30420,AT2G05090,AT2G38340,AT1G61410,AT3G14520,AT1G33960,AT2G32140,AT4G03620,AT2G07728,AT4G09290,AT5G17300,AT3G42900,AT1G47280,AT5G07010,AT2G20670,AT5G18160,AT3G28190,AT1G13310,AT3G13820,AT2G32360,AT2G47180,AT3G61930,AT4G12080,AT2G46735,AT4G19780,AT5G15250,AT4G25820,AT2G30220,AT3G05770,AT1G18330,AT2G05950,AT1G74870,AT3G03410,AT1G41770,AT3G28560,AT1G79310,AT5G51270,AT1G09090,AT2G06020,AT4G30290,AT2G07550,AT2G33160,AT3G56380,AT1G35050,AT4G11480,AT3G45560,AT2G41860,AT3G52620,AT2G39510,AT1G33817,AT3G12190,AT2G40170,AT1G34280,AT4G16020,AT3G11480,AT4G09090,AT1G59590,AT1G64170,AT1G35730,AT5G16600,AT3G03660,AT1G77730,AT2G06490,AT4G21950,AT1G22420,AT1G73480,AT3G47340,AT3G26190,AT1G69630,AT1G33813,AT3G23230,AT3G18180,AT2G23060,AT1G50220,AT3G53040,AT3G60560,AT3G50200,AT5G22900,AT1G35570,AT1G13200,AT1G56030,AT4G31680,AT4G19340,AT3G19270,AT1G23510,AT3G52270,AT5G38700,AT1G50930,AT1G11990,AT2G33030,AT1G52660,AT1G41825,AT5G35600,AT4G15420,AT3G28210,AT2G22750,AT2G10440,AT2G32350,AT2G32930,AT4G22800,AT5G11820,AT4G03290,AT1G20350,AT3G15770,AT5G04340,AT3G04320,AT1G11610,AT3G31900,AT2G15650,AT2G05960,AT4G23150,AT2G36440,AT3G12850,AT3G57880,AT5G66370,AT1G51840,AT2G04670,AT5G39540,AT1G09080,AT1G26390,AT2G31080,AT4G39670,AT2G11235,AT5G43530,AT5G10100,AT5G06730,AT4G04510	na
