GeneSet	Regulator	Symbol	CO	PD	PWM_num	PWM_source	PWM_name	rank	p-value	q-value	#hits	hits	PDtargets
1	AT2G01818	AT2G01818	0	na	PWM3443	DAP-seq	AT2G01818_col	1	2.62210237123307e-57	4.701429551620894e-54	153	AT3G46230,AT3G12580,AT3G24500,AT1G59860,AT2G29500,AT5G12030,AT5G48570,AT5G52640,AT1G07350,AT4G10250,AT4G25200,AT5G56030,AT5G56010,AT3G13470,AT1G74310,AT4G27670,AT2G46240,AT5G12020,AT1G54050,AT5G12110,AT3G12050,AT2G47180,AT2G32120,AT5G51440,AT4G12400,AT3G44110,AT5G25450,AT1G30070,AT3G09440,AT2G26150,AT2G19310,AT3G25230,AT2G36460,AT2G20560,AT3G09350,AT3G07090,AT5G09590,AT3G16050,AT2G28000,AT1G65980,AT5G54940,AT1G62510,AT3G23990,AT5G64400,AT1G14980,AT1G03070,AT5G20720,AT1G52560,AT2G04030,AT1G79550,AT1G79920,AT2G29450,AT4G22670,AT5G35320,AT4G23570,AT1G76080,AT3G04120,AT1G07890,AT1G55530,AT5G11740,AT5G58590,AT3G13520,AT4G09150,AT4G14270,AT5G47830,AT3G08590,AT1G26800,ATCG00710,AT4G24280,AT2G02760,AT1G18330,AT1G74670,AT5G49910,AT1G09140,AT1G72660,AT1G55330,AT4G02920,AT5G22060,AT5G09810,AT5G47120,AT4G19430,ATCG00510,AT3G07770,AT3G53230,AT5G53400,AT5G65480,AT5G25280,AT3G63310,AT2G41160,AT2G25140,AT4G15420,AT5G19140,AT1G73480,AT5G06290,AT3G17611,AT4G36040,AT1G29150,AT1G62740,AT1G53730,AT3G62290,AT3G08970,AT4G11220,AT1G03860,AT1G13080,AT1G56300,AT1G19660,AT5G57660,AT5G40770,AT2G30000,AT5G01350,ATCG00500,AT1G64200,AT4G29330,AT1G11260,AT3G14200,AT1G66080,AT2G43630,AT1G21550,AT1G27090,AT5G05410,AT4G39520,AT5G58787,AT3G08690,AT2G27580,AT2G44120,AT3G09840,AT5G65430,AT4G22740,AT5G04410,AT1G71000,AT3G14620,AT3G57880,AT5G66880,AT4G21810,AT5G65390,AT1G31335,AT5G42300,AT3G12760,AT2G21130,AT4G02980,AT3G07150,AT5G50460,ATMG01360,AT4G26780,AT5G62020,AT4G30490,AT1G62390,AT2G36530,ATMG00630,AT4G11660,AT1G56170,AT2G36950,AT3G13860	na
1	AT3G22830	AT-HSFA6B	3	na	PWM3178	DAP-seq	HSFA6B_col	2	9.307437377056831e-55	8.344117608531449e-52	150	AT3G46230,AT3G12580,AT3G24500,AT1G59860,AT2G29500,AT5G12030,AT5G48570,AT5G52640,AT1G07350,AT4G10250,AT3G10020,AT4G25200,AT5G56030,AT5G56010,AT3G13470,AT1G74310,AT4G27670,AT2G46240,AT5G12020,AT1G54050,AT5G12110,AT3G12050,AT2G47180,AT5G37670,AT2G32120,AT5G51440,AT4G12400,AT3G44110,AT5G25450,AT1G30070,AT3G09440,AT2G26150,AT2G19310,AT3G25230,AT2G36460,AT2G20560,AT3G09350,AT3G07090,AT5G09590,AT3G16050,AT2G28000,AT1G65980,AT5G54940,AT1G62510,AT3G23990,AT1G14980,AT1G03070,AT5G20720,AT1G52560,AT2G04030,AT1G79550,AT1G79920,AT2G29450,AT4G22670,AT5G35320,AT4G23570,AT1G76080,AT3G04120,AT1G07890,AT1G55530,AT5G11740,AT5G58590,AT3G13520,AT4G09150,AT4G14270,AT5G47830,AT3G08590,AT1G26800,ATCG00710,AT4G24280,AT2G02760,AT1G18330,AT1G74670,AT5G49910,AT1G09140,AT1G72660,AT4G02920,AT5G22060,AT5G09810,AT5G47120,ATCG00510,AT3G07770,AT3G53230,AT5G53400,AT5G65480,AT5G25280,AT3G63310,AT2G41160,AT2G25140,AT4G15420,AT5G19140,AT1G73480,AT5G06290,AT1G29150,AT1G53730,AT3G62290,AT3G08970,AT4G11220,AT1G03860,AT1G13080,AT1G56300,AT1G19660,AT5G40770,AT5G20010,AT2G30000,AT5G01350,ATCG00500,AT1G64200,AT4G29330,AT1G11260,AT3G14200,AT1G66080,AT2G43630,AT1G21550,AT1G27090,AT5G05410,AT4G39520,AT5G58787,AT3G08690,AT2G27580,AT2G44120,AT3G09840,AT4G13520,AT5G65430,AT4G22740,AT5G14320,AT5G04410,AT1G71000,AT3G14620,AT3G57880,AT5G66880,AT5G65390,AT1G31335,AT5G42300,AT3G12760,AT2G21130,AT4G02980,AT3G07150,AT5G50460,ATMG01360,AT4G26780,AT5G62020,AT4G30490,AT1G62390,AT2G36530,ATMG00630,AT4G11660,AT1G56170,AT2G36950,AT3G13860	na
1	AT3G09735	AT3G09735	0	na	PWM3452	DAP-seq	AT3G09735_col	3	9.307437377056831e-55	8.344117608531449e-52	150	AT3G46230,AT3G12580,AT3G24500,AT1G59860,AT2G29500,AT5G12030,AT5G48570,AT5G52640,AT1G07350,AT4G10250,AT4G25200,AT5G56030,AT5G56010,AT3G13470,AT1G74310,AT4G27670,AT2G46240,AT5G12020,AT1G54050,AT5G12110,AT3G12050,AT2G47180,AT2G32120,AT5G51440,AT4G12400,AT3G44110,AT5G25450,AT1G30070,AT3G09440,AT2G26150,AT2G19310,AT3G25230,AT2G36460,AT2G20560,AT3G09350,AT3G07090,AT5G09590,AT3G16050,AT2G28000,AT1G65980,AT5G54940,AT1G62510,AT3G23990,AT5G64400,AT1G14980,AT1G03070,AT5G20720,AT1G52560,AT2G04030,AT1G79550,AT1G79920,AT2G29450,AT4G22670,AT4G23570,AT1G76080,AT3G04120,AT1G07890,AT1G55530,AT5G11740,AT5G58590,AT3G13520,AT4G09150,AT4G14270,AT5G47830,AT3G08590,AT1G26800,ATCG00710,AT4G24280,AT2G02760,AT1G18330,AT1G74670,AT5G49910,AT1G09140,AT1G72660,AT4G02920,AT5G22060,AT5G09810,AT5G47120,ATCG00510,AT5G58110,AT3G07770,AT3G53230,AT5G53400,AT5G65480,AT5G25280,AT3G63310,AT2G41160,AT2G25140,AT4G15420,AT5G19140,AT1G73480,AT5G06290,AT3G17611,AT4G36040,AT1G29150,AT1G53730,AT3G62290,AT3G08970,AT4G11220,AT1G03860,AT1G13080,AT1G56300,AT1G19660,AT5G57660,AT5G40770,AT2G30000,AT5G01350,ATCG00500,AT1G64200,AT4G29330,AT1G11260,AT3G14200,AT1G66080,AT2G43630,AT1G21550,AT1G27090,AT5G05410,AT4G39520,AT5G58787,AT3G08690,AT2G27580,AT2G44120,AT3G09840,AT5G65430,AT4G22740,AT5G04410,AT1G71000,AT3G14620,AT3G57880,AT5G66880,AT4G21810,AT5G65390,AT1G31335,AT5G42300,AT3G12760,AT2G21130,AT4G02980,AT3G07150,AT5G50460,ATMG01360,AT4G26780,AT5G62020,AT4G30490,AT1G62390,AT2G36530,ATMG00630,AT4G11660,AT1G56170,AT2G36950,AT3G13860	na
1	AT4G11660	AT-HSFB2B	110	na	PWM3172	DAP-seq	HSF7_col	4	1.265693210944773e-50	5.673469818059944e-48	145	AT3G46230,AT3G12580,AT1G53540,AT3G24500,AT1G59860,AT2G29500,AT5G12030,AT5G48570,AT5G52640,AT1G07350,AT4G10250,AT4G25200,AT5G56030,AT5G56010,AT3G13470,AT1G74310,AT2G46240,AT5G12020,AT1G54050,AT5G12110,AT3G12050,AT2G47180,AT2G32120,AT5G51440,AT4G12400,AT3G44110,AT5G25450,AT1G30070,AT3G09440,AT2G26150,AT2G19310,AT3G25230,AT2G36460,AT2G20560,AT3G09350,AT3G07090,AT5G09590,AT3G16050,AT2G28000,AT1G65980,AT5G54940,AT1G62510,AT3G23990,AT5G64400,AT1G14980,AT1G03070,AT5G20720,AT1G52560,AT2G04030,AT1G79920,AT2G29450,AT4G22670,AT5G35320,AT4G23570,AT1G76080,AT3G04120,AT1G55530,AT5G11740,AT1G78380,AT5G58590,AT3G13520,AT4G09150,AT4G14270,AT5G47830,AT1G26800,AT4G24280,AT2G02760,AT1G18330,AT1G74670,AT5G49910,AT1G09140,AT1G72660,AT1G55330,AT4G02920,AT5G22060,AT5G09810,AT5G47120,ATCG00510,AT3G07770,AT3G53230,AT5G53400,AT5G65480,AT5G25280,AT3G63310,AT2G41160,AT5G11680,AT2G25140,AT4G15420,AT5G19140,AT1G73480,AT5G06290,AT3G17611,AT4G36040,AT1G29150,AT1G62740,AT1G53730,AT3G08970,AT4G11220,AT1G13080,AT1G56300,AT5G40770,AT2G30000,AT5G01350,ATCG00500,AT4G29330,AT1G11260,AT3G14200,AT1G66080,AT1G21550,AT1G27090,AT5G05410,AT1G01940,AT4G39520,AT5G58787,AT3G08690,AT2G27580,AT2G44120,AT3G09840,AT4G13520,AT5G65430,AT4G22740,AT5G04410,AT1G71000,AT3G14620,AT3G57880,AT5G66880,AT4G21810,AT5G65390,AT1G31335,AT5G42300,AT3G12760,AT2G21130,AT4G02980,AT5G50460,ATMG01360,AT4G26780,AT5G62020,AT4G30490,AT1G62390,AT2G36530,ATMG00630,AT4G11660,AT1G56170,AT2G36950,AT3G13860	na
1	AT2G15660	AGL95	3	na	PWM3433	DAP-seq	AGL95_col	5	5.185895988283133e-49	1.8596623013983314e-46	143	AT3G46230,AT3G12580,AT1G53540,AT3G24500,AT1G59860,AT2G29500,AT5G12030,AT5G48570,AT5G52640,AT1G07350,AT4G10250,AT3G10020,AT4G25200,AT5G56030,AT5G56010,AT3G13470,AT1G74310,AT4G27670,AT2G46240,AT5G12020,AT1G54050,AT5G12110,AT3G12050,AT2G47180,AT5G37670,AT2G32120,AT5G51440,AT4G12400,AT3G44110,AT5G25450,AT1G30070,AT3G09440,AT2G26150,AT3G25230,AT2G36460,AT2G20560,AT3G09350,AT3G07090,AT5G09590,AT3G16050,AT2G28000,AT1G65980,AT5G54940,AT1G62510,AT3G23990,AT5G64400,AT1G14980,AT1G03070,AT5G20720,AT1G52560,AT2G04030,AT1G79920,AT2G29450,AT4G22670,AT4G23570,AT1G76080,AT3G04120,AT1G07890,AT1G55530,AT5G11740,AT5G58590,AT3G13520,AT4G09150,AT4G14270,AT5G47830,AT3G08590,AT1G26800,ATCG00710,AT4G24280,AT2G02760,AT1G18330,AT1G74670,AT5G49910,AT1G09140,AT1G72660,AT4G23493,AT4G02920,AT5G22060,AT5G09810,AT5G47120,AT3G07770,AT3G53230,AT5G53400,AT5G65480,AT5G25280,AT2G41160,AT2G25140,AT5G19140,AT5G06290,AT4G36040,AT1G29150,AT1G62740,AT1G53730,AT3G08970,AT4G11220,AT1G13080,AT1G56300,AT1G19660,AT5G40770,AT2G30000,AT5G01350,AT1G64200,AT4G29330,AT1G11260,AT3G14200,AT1G66080,AT1G21550,AT1G27090,AT5G05410,AT4G39520,AT5G58787,AT3G08690,AT2G27580,AT2G44120,AT3G09840,AT5G65430,AT4G22740,AT2G34590,AT5G04410,AT1G71000,AT3G14620,AT3G57880,AT5G66880,AT4G21810,AT5G65390,AT1G31335,AT5G42300,AT3G12760,AT2G21130,AT4G02980,AT3G07150,AT5G50460,ATMG01360,AT4G26780,AT5G62020,AT4G30490,AT1G62390,AT5G02810,AT2G36530,ATMG00630,AT4G11660,AT1G56170,AT2G36950	na
1	AT3G02990	ATHSFA1E	11	0	PWM3174	DAP-seq	HSFA1E_col	6	3.253096443687094e-48	9.721336539218265e-46	142	AT3G46230,AT3G12580,AT1G53540,AT3G24500,AT1G59860,AT2G29500,AT5G12030,AT5G48570,AT5G52640,AT1G07350,AT4G10250,AT4G25200,AT5G56030,AT5G56010,AT3G13470,AT1G74310,AT4G27670,AT2G46240,AT5G12020,AT1G54050,AT5G12110,AT3G12050,AT2G47180,AT2G32120,AT5G51440,AT4G12400,AT3G44110,AT5G25450,AT3G09440,AT2G26150,AT2G19310,AT3G25230,AT2G36460,AT2G20560,AT5G09590,AT3G16050,AT2G28000,AT1G65980,AT5G54940,AT1G62510,AT3G23990,AT5G64400,AT1G14980,AT1G03070,AT5G20720,AT1G52560,AT2G04030,AT1G79920,AT2G29450,AT4G22670,AT4G23570,AT1G76080,AT3G04120,AT1G55530,AT5G11740,AT5G58590,AT3G13520,AT4G09150,AT4G14270,AT5G47830,AT3G08590,AT1G26800,AT4G24280,AT2G02760,AT1G18330,AT1G74670,AT5G49910,AT1G09140,AT1G72660,AT1G55330,AT4G02920,AT5G22060,AT5G09810,AT5G47120,ATCG00510,AT5G58110,AT2G46220,AT3G07770,AT3G53230,AT5G53400,AT5G65480,AT5G25280,AT3G63310,AT2G41160,AT2G25140,AT4G15420,AT5G19140,AT5G06290,AT3G17611,AT1G29150,AT1G62740,AT3G62290,AT3G08970,AT4G11220,AT1G67870,AT2G33590,AT1G13080,AT1G56300,AT5G57660,AT5G40770,AT2G30000,AT5G01350,ATCG00500,AT4G29330,AT1G11260,AT3G14200,AT1G66080,AT2G43630,AT1G27090,AT5G05410,AT4G39520,AT3G08690,AT2G27580,AT2G44120,AT3G09840,AT5G65430,AT4G22740,AT5G04410,AT1G71000,AT3G14620,AT3G57880,AT5G66880,AT4G21810,AT5G65390,AT1G31335,AT5G42300,AT3G12760,AT2G21130,AT4G02980,AT3G07150,AT5G50460,ATMG01360,AT4G26780,AT5G62020,AT4G30490,AT2G36530,ATMG00630,AT4G11660,AT3G51840,AT1G56170,AT2G36950,AT3G13860	
1	AT1G46264	AT-HSFB4	0	na	PWM3182	DAP-seq	HSFB4_col	7	3.253096443687094e-48	9.721336539218265e-46	142	AT3G46230,AT3G12580,AT1G53540,AT3G24500,AT1G59860,AT2G29500,AT5G48570,AT5G52640,AT1G07350,AT4G10250,AT3G10020,AT4G25200,AT5G56030,AT5G56010,AT3G13470,AT1G74310,AT2G46240,AT5G12020,AT1G54050,AT5G12110,AT3G12050,AT2G47180,AT2G32120,AT5G51440,AT4G12400,AT3G44110,AT5G25450,AT1G30070,AT3G09440,AT2G26150,AT2G19310,AT3G25230,AT2G36460,AT2G20560,AT3G09350,AT3G07090,AT5G09590,AT3G16050,AT2G28000,AT1G65980,AT5G54940,AT1G62510,AT3G23990,AT5G64400,AT1G14980,AT1G03070,AT5G20720,AT1G52560,AT2G04030,AT1G79920,AT2G29450,AT4G22670,AT5G35320,AT4G23570,AT1G76080,AT3G04120,AT1G07890,AT1G55530,AT5G11740,AT5G58590,AT3G13520,AT4G09150,AT4G14270,AT5G47830,AT1G26800,ATCG00710,AT4G24280,AT2G02760,AT1G18330,AT1G74670,AT5G49910,AT1G09140,AT4G02920,AT5G22060,AT5G09810,AT5G47120,ATCG00510,AT3G07770,AT3G53230,AT5G53400,AT5G65480,AT5G25280,AT2G41160,AT2G25140,AT5G19140,AT5G06290,AT4G36040,AT1G29150,AT1G62740,AT1G53730,AT1G30230,AT3G08970,AT4G11220,AT1G03860,AT1G13080,AT1G56300,AT1G19660,AT5G40770,AT2G30000,ATCG00500,AT4G29330,AT1G11260,AT3G14200,AT1G66080,AT1G21550,AT1G27090,AT5G05410,AT4G39520,AT5G58787,AT3G08690,AT2G27580,AT2G44120,AT3G09840,AT5G65430,AT4G22740,AT2G34590,AT5G14320,AT5G04410,AT1G71000,AT1G78630,AT3G57880,AT5G66880,AT4G21810,AT5G65390,AT1G31335,AT5G42300,ATMG00580,AT3G12760,AT2G21130,AT4G02980,AT5G50460,ATMG01360,AT4G26780,AT5G62020,AT4G30490,AT1G62390,AT5G02810,AT2G36530,AT4G11660,AT1G56170,AT2G36950,AT3G13860	na
1	AT1G23810	AT1G23810	0	na	PWM3440	DAP-seq	AT1G23810_col	8	3.253096443687094e-48	9.721336539218265e-46	142	AT3G46230,AT3G12580,AT1G53540,AT3G24500,AT1G59860,AT2G29500,AT5G12030,AT5G48570,AT5G52640,AT1G07350,AT4G10250,AT4G25200,AT5G56030,AT5G56010,AT3G13470,AT1G74310,AT4G27670,AT2G46240,AT5G12020,AT1G54050,AT5G12110,AT3G12050,AT2G47180,AT2G32120,AT5G51440,AT4G12400,AT3G44110,AT5G25450,AT3G09440,AT2G26150,AT2G19310,AT3G25230,AT2G36460,AT2G20560,AT3G09350,AT3G07090,AT5G09590,AT3G16050,AT2G28000,AT1G65980,AT5G54940,AT2G37170,AT1G62510,AT3G23990,AT5G64400,AT1G14980,AT1G03070,AT5G20720,AT1G52560,AT2G04030,AT1G79920,AT2G29450,AT4G22670,AT5G35320,AT4G23570,AT1G76080,AT3G04120,AT1G55530,AT5G11740,AT5G58590,AT3G13520,AT4G09150,AT4G14270,AT5G47830,AT1G26800,AT4G24280,AT2G02760,AT1G18330,AT1G74670,AT5G49910,AT1G09140,AT1G72660,AT4G02920,AT5G22060,AT5G09810,AT5G47120,ATCG00510,AT3G07770,AT3G53230,AT5G53400,AT5G65480,AT5G25280,AT2G41160,AT2G25140,AT4G15420,AT5G19140,AT1G73480,AT5G06290,AT3G17611,AT4G36040,AT1G29150,AT1G53730,AT3G62290,AT3G08970,AT4G11220,AT1G13080,AT5G40770,AT2G30000,AT5G01350,ATCG00500,AT4G29330,AT1G11260,AT3G14200,AT1G66080,AT2G43630,AT1G21550,AT1G27090,AT5G05410,AT4G39520,AT3G08690,AT2G27580,AT2G44120,AT3G09840,AT4G13520,AT5G65430,AT4G22740,AT5G04410,AT1G71000,AT3G14620,AT3G57880,AT5G66880,AT4G21810,AT5G65390,AT1G31335,AT5G42300,AT3G12760,AT2G21130,AT4G02980,AT3G07150,AT5G50460,ATMG01360,AT4G26780,AT5G62020,AT4G30490,AT1G62390,AT2G36530,ATMG00630,AT4G11660,AT3G51840,AT1G56170,AT2G36950,AT3G13860	na
1	AT5G16820	ATHSF3	0	na	PWM3170	DAP-seq	HSF3_col	9	2.013333691583708e-47	4.0110081211217655e-45	141	AT3G46230,AT3G12580,AT1G53540,AT3G24500,AT1G59860,AT2G29500,AT5G12030,AT5G48570,AT5G52640,AT1G07350,AT4G10250,AT3G10020,AT4G25200,AT5G56030,AT5G56010,AT3G13470,AT1G74310,AT4G27670,AT2G46240,AT5G12020,AT1G54050,AT5G12110,AT3G12050,AT2G47180,AT2G32120,AT5G51440,AT4G12400,AT3G44110,AT5G25450,AT3G09440,AT2G26150,AT3G25230,AT2G36460,AT2G20560,AT3G09350,AT5G09590,AT5G15450,AT3G16050,AT2G28000,AT1G65980,AT5G54940,AT1G62510,AT2G36830,AT3G23990,AT1G14980,AT1G03070,AT1G52560,AT1G79920,AT2G29450,AT4G22670,AT4G23570,AT1G76080,AT3G04120,AT1G55530,AT5G11740,AT5G58590,AT3G13520,AT4G09150,AT4G14270,AT5G47830,AT3G08590,AT1G26800,AT3G09640,AT4G24280,AT2G02760,AT1G18330,AT1G74670,AT5G15350,AT5G49910,AT1G72660,AT4G02920,AT5G22060,AT5G09810,AT5G47120,AT5G58110,AT2G46220,AT3G07770,AT3G53230,AT5G53400,AT5G65480,AT5G25280,AT3G63310,AT2G41160,AT2G25140,AT4G15420,AT5G19140,AT5G06290,AT1G29150,AT1G62740,AT1G53730,AT3G62290,AT3G08970,AT4G11220,AT2G33590,AT1G13080,AT1G56300,AT5G57660,AT5G40770,AT2G30000,AT5G01350,AT4G29330,AT1G11260,AT3G14200,AT1G66080,AT2G43630,AT1G21550,AT1G27090,AT5G05410,AT4G39520,AT5G58787,AT3G08690,AT2G27580,AT5G56600,AT3G09840,AT5G65430,AT4G22740,AT5G15090,AT5G14320,AT5G04410,AT1G71000,AT3G14620,AT3G57880,AT5G66880,AT5G65390,AT1G31335,AT3G12760,AT2G21130,AT4G02980,AT3G07150,AT5G50460,ATMG01360,AT4G26780,AT5G62020,AT4G30490,AT5G02810,AT2G36530,ATMG00630,AT4G11660,AT1G56170,AT2G36950,AT3G13860	na
1	AT5G43840	AT-HSFA6A	6	16	PWM3176	DAP-seq	HSFA6A_col	10	1.2293517929314209e-46	2.2042277647260377e-44	140	AT3G46230,AT3G12580,AT3G24500,AT1G59860,AT2G29500,AT5G12030,AT5G48570,AT5G52640,AT1G07350,AT4G10250,AT3G10020,AT4G25200,AT5G56030,AT5G56010,AT3G13470,AT2G46240,AT5G12020,AT1G54050,AT5G12110,AT3G12050,AT2G47180,AT2G32120,AT5G51440,AT4G12400,AT3G44110,AT5G25450,AT3G09440,AT2G26150,AT3G25230,AT2G36460,AT2G20560,AT3G09350,AT3G07090,AT5G09590,AT3G16050,AT2G28000,AT1G65980,AT5G54940,AT1G62510,AT2G36830,AT3G23990,AT5G64400,AT1G14980,AT1G03070,AT1G52560,AT2G04030,AT1G79550,AT1G79920,AT2G29450,AT4G22670,AT4G23570,AT1G76080,AT3G04120,AT1G07890,AT1G55530,AT5G11740,AT5G58590,AT3G13520,AT4G09150,AT4G14270,AT5G47830,AT3G08590,AT1G26800,AT3G09640,AT4G24280,AT2G02760,AT1G18330,AT1G74670,AT5G15350,AT5G49910,AT1G72660,AT4G02920,AT5G22060,AT5G09810,AT5G47120,AT5G58110,AT2G46220,AT3G07770,AT3G53230,AT5G53400,AT5G65480,AT5G25280,AT2G41160,AT2G25140,AT4G15420,AT5G19140,AT1G73480,AT5G06290,AT3G17611,AT4G36040,AT1G29150,AT1G53730,AT3G62290,AT3G08970,AT4G11220,AT1G03860,AT1G13080,AT1G19660,AT5G57660,AT5G40770,AT2G30000,AT5G01350,AT1G64200,AT4G29330,AT1G11260,AT3G14200,AT1G66080,AT2G43630,AT1G21550,AT1G27090,AT5G05410,AT3G08690,AT2G27580,AT2G44120,AT3G09840,AT5G65430,AT4G22740,AT5G14320,AT5G04410,AT1G71000,AT3G14620,AT5G66090,AT3G57880,AT5G66880,AT5G65390,AT1G31335,AT5G42300,AT3G12760,AT2G21130,AT4G02980,AT5G50460,AT4G26780,AT5G62020,AT4G30490,AT1G62390,AT2G36530,ATMG00630,AT4G11660,AT1G56170,AT2G36950	AT3G12580,AT3G24500,AT1G07350,AT3G13470,AT1G67360,AT2G26150,AT5G09590,AT5G20720,AT1G55530,AT1G26800,AT4G24280,AT1G18330,AT2G25140,AT1G80440,AT5G62020,AT4G11660
1	AT1G10720	AT1G10720	0	na	PWM2902	DAP-seq	AT1G10720_col	11	1.4594856375770259e-40	2.378961589250552e-38	132	AT3G46230,AT1G53540,AT3G24500,AT2G29500,AT5G48570,AT5G52640,AT1G07350,AT4G10250,AT4G25200,AT5G56030,AT5G56010,AT3G13470,AT1G74310,AT4G27670,AT2G46240,AT5G12020,AT1G54050,AT5G12110,AT3G12050,AT2G32120,AT5G51440,AT3G44110,AT5G25450,AT1G30070,AT3G09440,AT2G26150,AT2G19310,AT3G25230,AT2G36460,AT2G20560,AT3G09350,AT3G07090,AT5G09590,AT3G16050,AT2G28000,AT1G65980,AT5G54940,AT2G37170,AT1G62510,AT3G23990,AT5G64400,AT1G14980,AT1G03070,AT5G20720,AT1G52560,AT2G04030,AT1G79920,AT2G29450,AT4G22670,AT5G35320,AT4G23570,AT1G76080,AT3G04120,AT1G55530,AT5G11740,AT5G58590,AT3G13520,AT4G09150,AT4G14270,AT5G47830,AT1G26800,ATCG00710,AT2G02760,AT1G18330,AT1G74670,AT5G49910,AT1G09140,AT1G72660,AT1G55330,AT4G02920,AT5G22060,AT5G09810,AT5G47120,AT3G07770,AT3G53230,AT5G53400,AT5G65480,AT5G25280,AT2G41160,AT2G25140,AT4G15420,AT5G19140,AT1G73480,AT3G17611,AT4G36040,AT1G29150,AT1G53730,AT3G62290,AT4G11220,AT1G67870,AT1G13080,AT5G40770,AT2G30000,AT1G64200,AT4G29330,AT1G11260,AT3G14200,AT1G66080,AT2G43630,AT1G21550,AT1G27090,AT5G05410,AT4G39520,AT3G08690,AT2G27580,AT2G44120,AT3G09840,AT5G65430,AT4G22740,AT5G04410,AT1G71000,AT3G14620,AT3G57880,AT5G66880,AT4G21810,AT5G65390,AT1G31335,AT5G42300,AT3G12760,AT2G21130,AT4G02980,AT5G50460,AT4G26780,AT5G62020,AT4G30490,AT1G62390,AT2G36530,ATMG00630,AT4G11660,AT3G51840,AT1G56170,AT2G36950	na
1	AT3G24520	AT-HSFC1	7	0	PWM3183	DAP-seq	HSFC1_col	12	1.1524355857248588e-27	1.72193083767056e-25	113	AT3G46230,AT3G12580,AT1G53540,AT3G24500,AT2G29500,AT5G48570,AT5G52640,AT1G07350,AT4G10250,AT3G10020,AT4G25200,AT5G56030,AT5G56010,AT3G13470,AT1G74310,AT4G27670,AT2G46240,AT1G54050,AT5G12110,AT3G12050,AT2G32120,AT5G51440,AT4G12400,AT3G44110,AT3G09440,AT2G26150,AT3G25230,AT5G09590,AT3G16050,AT2G28000,AT1G65980,AT5G54940,AT1G62510,AT2G36830,AT1G14980,AT1G03070,AT5G20720,AT1G52560,AT1G79920,AT4G23570,AT4G35100,AT1G07890,AT1G55530,AT5G11740,AT5G58590,AT3G13520,AT4G14270,AT3G08590,AT1G26800,AT3G09640,AT4G25100,AT4G24280,AT2G02760,AT1G74670,AT4G30270,AT5G49910,AT1G72660,ATCG00670,AT4G02920,ATCG00630,AT5G22060,AT5G09810,AT5G47120,AT2G46220,AT3G07770,AT3G53230,AT5G53400,AT5G25280,AT2G41160,AT2G25140,AT4G15420,AT5G19140,AT5G06290,AT1G29150,AT1G53730,AT1G80920,AT3G62290,AT1G56300,AT1G19660,AT5G57660,AT2G30000,AT5G01350,AT1G64200,AT4G29330,AT1G11260,AT3G14200,AT1G66080,AT2G43630,AT1G21550,AT1G27090,AT5G05410,AT3G08690,AT2G27580,AT5G56600,AT3G09840,AT5G04410,AT3G14620,AT5G65390,AT1G31335,AT2G21130,ATCG00065,AT4G02980,AT3G07150,AT5G50460,AT4G21580,AT4G26780,AT5G62020,AT4G30490,AT2G36530,AT4G11660,AT1G56170,AT2G36950,AT3G13860	
1	AT3G24520	AT-HSFC1	7	0	PWM839	PBM		19	0.000004056550411412353	0.00038281025724538675	67	AT3G46230,AT1G53540,AT2G29500,AT1G07350,AT3G10020,AT3G13470,AT4G27670,AT5G12020,AT1G54050,AT3G12050,AT5G51440,AT4G12400,AT3G09440,AT2G26150,AT2G36460,AT3G16050,AT2G28000,AT1G65980,AT1G14980,AT1G03070,AT1G52560,AT1G79920,AT4G35100,AT3G08590,AT2G02760,AT5G58770,AT5G49910,AT5G58110,AT3G07770,AT5G25280,AT3G63310,AT2G41160,AT2G25140,ATCG00360,AT3G08970,AT1G67870,AT1G03860,AT1G56300,AT5G57660,AT2G29670,AT2G30000,AT5G01350,AT3G14200,AT1G66080,AT1G21550,AT4G24190,AT5G58787,AT3G08690,AT4G13520,AT5G66090,AT4G21810,AT5G65390,ATMG00580,AT4G02980,AT5G03380,AT5G50460,ATMG01360,AT5G62020,AT4G30490,AT5G02810,AT1G11910,ATMG00480,ATMG00630,AT4G11660,AT1G56170,AT3G13860,AT1G09640	
1	AT3G24520	AT-HSFC1	7	0	PWM1598	PBM		34	0.0005747152832415259	0.031226197056122902	59	AT3G12580,AT1G59860,AT5G12030,AT5G12020,AT1G54050,AT5G12110,AT5G51440,AT1G67360,AT2G26150,AT3G25230,AT2G36460,AT3G07090,AT5G09590,AT2G37170,AT1G62510,AT5G64400,AT5G20720,AT2G04030,AT1G79920,AT3G04120,AT1G78380,AT3G13520,AT4G14270,AT2G02760,AT3G46780,AT5G49910,AT1G09140,AT1G55330,AT4G25130,AT5G47120,AT5G53400,AT5G25280,AT4G36040,AT3G08970,AT1G80440,AT5G57660,AT5G20010,AT1G11260,AT2G39010,AT1G66080,AT1G21550,AT1G27090,AT5G58787,AT2G44120,AT5G56600,AT3G16770,AT3G09840,AT2G34590,AT5G04410,AT1G71000,AT3G59940,AT3G57880,AT4G26270,AT1G31335,AT5G42300,AT2G21130,AT4G10040,AT4G26780,AT4G11660	
1	AT2G41690	AT-HSFB3	16	na	PWM3180	DAP-seq	HSFB3_col	13	6.76084682936987e-23	9.324767973123214e-21	105	AT3G46230,AT3G12580,AT1G59860,AT2G29500,AT5G12030,AT5G48570,AT5G52640,AT1G07350,AT3G10020,AT5G56010,AT3G13470,AT5G12020,AT1G54050,AT5G12110,AT3G12050,AT2G32120,AT5G51440,AT4G12400,AT3G44110,AT1G67360,AT1G30070,AT3G09440,AT2G26150,AT2G19310,AT3G25230,AT2G36460,AT5G58070,AT3G07090,AT5G09590,AT3G16050,AT1G65980,AT5G54940,AT1G62510,AT2G36830,AT3G23990,AT5G64400,AT2G04030,AT1G79920,AT2G29450,AT5G35320,AT4G23570,ATCG00350,AT1G76080,AT5G11740,AT1G78380,AT5G58590,AT3G13520,AT4G09150,AT4G14270,AT5G47830,AT4G24280,AT2G02760,AT1G18330,AT1G74670,AT1G09140,AT1G55330,AT4G25130,AT5G22060,AT5G09810,AT5G47120,AT3G53230,AT5G65480,AT5G25280,AT2G41160,AT2G25140,AT5G19140,AT5G06290,ATCG00360,AT4G36040,AT1G62740,AT1G30230,AT3G08970,AT1G80440,AT5G20010,AT1G11260,AT3G14200,AT1G66080,AT1G21550,AT4G39520,AT5G58787,AT3G08690,AT2G27580,AT2G44120,AT5G56600,AT3G09840,AT5G65430,AT4G22740,AT5G41700,AT2G34590,AT5G04410,AT1G71000,AT1G31335,ATMG00580,AT3G12760,AT2G21130,AT4G02980,AT4G10040,AT4G21580,ATMG01360,AT4G26780,AT5G62020,AT2G36530,ATMG00630,AT4G11660,AT3G13860	na
1	AT5G62020	AT-HSFB2A	43	0	PWM3171	DAP-seq	HSF6_col	14	2.498194417879509e-22	3.199473279469971e-20	104	AT3G46230,AT1G53540,AT3G24500,AT2G29500,AT5G12030,AT5G48570,AT5G52640,AT1G07350,AT3G10020,AT4G25200,AT5G56030,AT5G56010,AT1G74310,AT4G27670,AT2G46240,AT5G12020,AT1G54050,AT3G12050,AT2G47180,AT2G32120,AT5G51440,AT4G12400,AT5G25450,AT3G09440,AT2G26150,AT3G25230,AT2G36460,AT2G20560,AT3G09350,AT5G09590,AT3G16050,AT2G28000,AT1G65980,AT5G64400,AT1G14980,AT1G03070,AT1G79920,AT4G35100,AT1G76080,AT3G04120,AT1G55530,AT5G58590,AT3G13520,AT4G09150,AT4G14270,AT3G08590,AT3G09640,AT4G24280,AT2G02760,AT1G74670,AT5G49910,AT1G72660,AT4G02920,AT5G09810,AT5G47120,AT5G58110,AT3G07770,AT3G53230,AT5G53400,AT5G25280,AT2G25140,AT5G19140,AT1G29150,AT1G53730,AT1G67870,AT1G56300,AT5G57660,AT5G40770,AT2G30000,AT5G01350,AT4G29330,AT1G11260,AT3G14200,AT1G66080,AT2G43630,AT1G21550,AT1G27090,AT5G05410,AT3G08690,AT2G27580,AT2G44120,AT5G56600,AT3G09840,AT5G15090,AT5G04410,AT1G71000,AT3G14620,AT3G57880,AT4G21810,AT5G65390,AT1G31335,AT5G42300,AT2G21130,AT4G02980,AT3G07150,AT3G62600,AT5G50460,ATMG01360,AT5G62020,AT4G30490,ATMG00630,AT4G11660,AT1G56170,AT3G13860	
1	AT5G62020	AT-HSFB2A	43	0	PWM1297	PBM		16	8.75223551695351e-9	9.807973926186028e-7	75	AT3G12580,AT3G24500,AT1G59860,AT2G29500,AT5G12030,AT5G48570,AT5G52640,AT1G07350,AT5G56030,AT5G12020,AT1G54050,AT5G12110,AT5G37670,AT5G51440,AT1G67360,AT1G30070,AT3G09440,AT2G26150,AT3G25230,AT2G36460,AT3G07090,AT5G09590,AT1G65980,AT2G37170,AT1G62510,AT5G64400,AT5G20720,AT2G04030,AT1G79920,AT1G52870,AT1G78380,AT4G09150,AT4G14270,AT3G09640,AT2G02760,AT1G18330,AT1G74670,AT1G09140,AT1G55330,AT5G47120,AT3G07770,AT5G53400,AT5G25280,AT2G41160,AT4G36040,AT1G62740,AT3G08970,AT5G57660,AT5G20010,AT1G11260,AT1G66080,AT1G64230,AT1G21550,AT5G05410,AT5G58787,AT2G44120,AT5G56600,AT3G16770,AT3G09840,AT1G01620,AT5G65430,AT5G61790,AT2G34590,AT5G04410,AT1G71000,AT3G59940,AT5G66880,AT5G42300,AT2G21130,AT3G07150,AT4G10040,AT4G21580,AT2G01850,AT4G11660,AT3G51840	
1	AT5G62020	AT-HSFB2A	43	0	PWM1597	PBM		18	0.0000020062466001726118	0.00019984445300608294	68	AT1G53540,AT3G24500,AT5G52640,AT3G13470,AT1G74310,AT4G27670,AT5G12020,AT1G54050,AT4G12400,AT3G09440,AT2G26150,AT2G20560,AT3G07090,AT3G16050,AT2G28000,AT1G14980,AT1G03070,AT1G79920,AT4G35100,AT1G07890,AT3G08590,AT1G18330,AT5G58770,AT5G49910,AT4G23493,ATCG00510,AT5G58110,AT3G07770,AT5G25280,AT3G63310,AT2G41160,AT1G73480,AT5G06290,AT2G24790,AT3G08970,AT1G67870,AT2G33590,AT1G03860,AT3G16640,AT1G56300,AT5G57660,AT2G29670,AT2G30000,AT5G01350,ATCG00500,AT3G14200,AT1G66080,AT2G43630,AT1G21550,AT5G58787,AT1G71000,AT3G14620,AT5G66090,AT3G57880,AT1G14360,AT5G65390,AT2G21130,AT5G03380,AT3G62600,ATMG01360,AT4G30490,AT5G02810,AT1G11910,ATMG00480,ATMG00630,AT4G11660,AT3G13860,AT1G09640	
1	AT4G18880	AT-HSFA4A	2	0	PWM3169	DAP-seq	HSF21_col	15	9.09604000088968e-22	1.0872799814396795e-19	103	AT3G46230,AT3G12580,AT1G59860,AT2G29500,AT5G12030,AT5G48570,AT5G52640,AT1G07350,AT3G10020,AT5G56030,AT5G56010,AT3G13470,AT4G27670,AT5G12020,AT1G54050,AT3G12050,AT2G32120,AT5G51440,AT3G09440,AT2G26150,AT3G25230,AT2G36460,AT2G20560,AT3G07090,AT5G09590,AT3G16050,AT2G28000,AT1G65980,AT2G37170,AT1G62510,AT3G23990,AT5G64400,AT1G14980,AT1G03070,AT5G20720,AT2G04030,AT1G79920,AT2G29450,AT4G23570,AT1G76080,AT1G55530,AT5G11740,AT5G58590,AT3G13520,AT4G09150,AT4G14270,AT5G47830,AT1G26800,AT4G24280,AT2G02760,AT1G18330,AT1G74670,AT5G49910,AT1G09140,AT1G55330,AT4G02920,AT4G25130,AT5G22060,AT5G09810,AT5G47120,AT3G07770,AT3G53230,AT5G53400,AT5G65480,AT5G25280,AT2G25140,AT4G15420,AT5G19140,AT5G06290,AT4G36040,AT1G62740,AT1G53730,AT3G08970,AT5G40770,AT1G11260,AT1G66080,AT1G21550,AT1G27090,AT5G05410,AT5G58787,AT2G27580,AT2G44120,AT5G56600,AT3G09840,AT5G65430,AT2G34590,AT5G04410,AT1G71000,AT3G59940,AT5G65390,AT1G31335,AT5G42300,AT3G12760,AT2G21130,AT4G02980,AT4G10040,AT5G50460,AT4G26780,AT5G62020,AT2G36530,AT4G11660,AT1G56170,AT2G36950	
1	AT4G24470	GATA25	0	0	PWM3017	DAP-seq	ZIM_col	17	4.644905328771672e-7	0.00004899008973228005	70	AT3G12580,AT3G24500,AT2G29500,AT3G13470,AT3G12050,AT5G37670,AT1G67360,AT3G09440,AT2G36460,AT5G15450,AT3G16050,AT2G28000,AT1G65980,AT5G54940,AT2G36830,AT5G01600,AT2G04030,AT5G42020,AT1G52870,AT3G26520,AT5G11740,AT4G14270,AT3G08590,AT4G22240,AT1G09140,AT1G55330,AT5G09810,AT5G47120,AT5G65480,AT5G25280,AT3G63310,AT5G19140,AT1G53730,AT2G47400,AT3G08970,AT4G11220,AT2G46330,AT1G80440,AT5G49360,AT1G56300,AT5G57660,AT5G40770,AT5G20010,AT5G01350,AT4G29330,AT1G11260,AT1G27090,AT5G56600,AT1G01620,AT3G61260,AT5G65430,AT4G13830,AT5G15090,AT5G14320,AT1G71000,AT3G57880,AT5G14120,AT1G04480,AT3G62600,AT1G56340,AT5G62020,AT4G30490,AT5G02810,AT1G11910,AT1G36980,AT2G36530,AT4G16520,AT2G01850,AT4G11660,AT1G56170	
1	AT2G45050	GATA2	1	na	PWM1069	CisBP	M0687_1.01	20	0.000029990475160606566	0.0026886460981483786	64	AT1G59860,AT1G07350,AT5G56010,AT3G44110,AT1G67360,AT3G09440,AT5G09590,AT5G15450,AT3G16050,AT1G65980,AT5G54940,AT3G23990,AT1G79550,AT1G79920,AT5G42020,AT4G22670,AT3G04120,AT1G07890,AT5G11740,AT1G78380,AT4G14270,ATCG00710,AT4G22240,AT2G02760,AT5G15350,AT1G09140,AT1G55330,AT4G05070,AT5G09810,ATCG01230,AT5G25280,AT4G36040,AT2G24790,AT1G80920,AT3G62290,AT4G11220,AT3G16640,AT1G56300,AT1G11260,AT1G64230,AT4G24190,AT4G39520,AT5G35530,AT2G27580,AT3G09840,AT5G65430,AT4G13830,AT5G61790,AT5G41700,AT1G09070,ATMG00080,AT1G71000,AT1G78630,AT5G65390,AT1G31335,AT2G21130,AT2G05540,AT3G62600,AT1G78080,AT4G21580,ATMG01360,AT1G56340,AT2G36530,AT1G09640	na
1	AT3G60530	GATA4	0	0	PWM1070	CisBP	M0687_1.01	21	0.000029990475160606566	0.0026886460981483786	64	AT1G59860,AT1G07350,AT5G56010,AT3G44110,AT1G67360,AT3G09440,AT5G09590,AT5G15450,AT3G16050,AT1G65980,AT5G54940,AT3G23990,AT1G79550,AT1G79920,AT5G42020,AT4G22670,AT3G04120,AT1G07890,AT5G11740,AT1G78380,AT4G14270,ATCG00710,AT4G22240,AT2G02760,AT5G15350,AT1G09140,AT1G55330,AT4G05070,AT5G09810,ATCG01230,AT5G25280,AT4G36040,AT2G24790,AT1G80920,AT3G62290,AT4G11220,AT3G16640,AT1G56300,AT1G11260,AT1G64230,AT4G24190,AT4G39520,AT5G35530,AT2G27580,AT3G09840,AT5G65430,AT4G13830,AT5G61790,AT5G41700,AT1G09070,ATMG00080,AT1G71000,AT1G78630,AT5G65390,AT1G31335,AT2G21130,AT2G05540,AT3G62600,AT1G78080,AT4G21580,ATMG01360,AT1G56340,AT2G36530,AT1G09640	
1	AT5G25830	GATA12	0	0	PWM2612	JASPAR	MA1015.1	22	0.000029990475160606566	0.0026886460981483786	64	AT2G29500,AT1G07350,AT5G56030,AT5G56010,AT3G13470,AT5G51440,AT3G44110,AT3G09440,AT5G09590,AT5G15450,AT1G65980,AT5G54940,AT3G23990,AT1G79550,AT1G79920,AT5G42020,AT4G22670,AT3G04120,AT1G07890,AT4G14270,ATCG00710,AT4G22240,AT2G02760,ATCG00300,AT5G15350,AT1G09140,AT4G02920,AT4G05070,AT5G09810,ATCG01230,AT5G25280,AT2G24790,AT1G80920,AT3G62290,AT4G11220,AT3G16640,AT1G56300,AT5G19120,AT1G01100,AT3G48140,AT1G64200,AT1G11260,AT1G64230,AT4G24190,AT5G35530,AT2G27580,AT3G09840,AT5G65430,AT5G61790,AT5G41700,AT1G09070,ATMG00080,AT1G71000,AT1G78630,AT5G65390,AT1G31335,AT2G21130,AT4G10040,AT3G62600,AT1G78080,AT2G36530,AT3G51840,AT1G75350,AT1G09640	
1	AT5G25830	GATA12	0	0	PWM1092	CisBP	M0689_1.01	29	0.0003309979818452324	0.020464806256844888	60	AT1G07350,AT5G56010,AT3G13470,AT5G51440,AT3G44110,AT1G67360,AT3G09440,AT5G15450,AT1G65980,AT5G54940,AT3G23990,AT1G79550,AT5G42020,AT3G04120,AT1G07890,AT5G11740,AT4G14270,AT3G08590,ATCG00710,AT4G22240,AT2G02760,ATCG00300,AT5G15350,AT1G09140,AT1G55330,AT4G05070,AT5G22060,AT5G09810,AT5G25280,AT1G29150,AT2G24790,AT1G80920,AT3G62290,AT4G11220,AT3G16640,AT1G56300,AT1G11260,AT1G64230,AT4G24190,AT4G39520,AT5G35530,AT2G27580,AT3G09840,AT5G65430,AT5G61790,AT5G41700,AT1G09070,ATMG00080,AT1G71000,AT1G78630,AT5G65390,AT1G31335,AT2G21130,AT4G02980,AT2G05540,AT4G10040,AT3G62600,AT1G78080,AT4G21580,AT2G36530	
1	AT5G25830	GATA12	0	0	PWM1589	PBM		31	0.0003309979818452324	0.020464806256844888	60	AT1G07350,AT5G56010,AT3G13470,AT5G51440,AT3G44110,AT1G67360,AT3G09440,AT5G15450,AT1G65980,AT5G54940,AT3G23990,AT1G79550,AT5G42020,AT3G04120,AT1G07890,AT5G11740,AT4G14270,AT3G08590,ATCG00710,AT4G22240,AT2G02760,ATCG00300,AT5G15350,AT1G09140,AT1G55330,AT4G05070,AT5G22060,AT5G09810,AT5G25280,AT1G29150,AT2G24790,AT1G80920,AT3G62290,AT4G11220,AT3G16640,AT1G56300,AT1G11260,AT1G64230,AT4G24190,AT4G39520,AT5G35530,AT2G27580,AT3G09840,AT5G65430,AT5G61790,AT5G41700,AT1G09070,ATMG00080,AT1G71000,AT1G78630,AT5G65390,AT1G31335,AT2G21130,AT4G02980,AT2G05540,AT4G10040,AT3G62600,AT1G78080,AT4G21580,AT2G36530	
1	AT5G25830	GATA12	0	0	PWM3004	DAP-seq	GATA12_col	39	0.0009783975205333742	0.048729632064342776	58	AT1G07350,AT5G56010,AT1G30070,AT3G09440,AT5G15450,AT1G62510,AT1G14980,AT1G03070,AT1G79920,AT5G42020,ATCG00020,AT3G04120,AT5G11740,AT4G09150,AT4G14270,AT3G08590,ATCG00710,ATCG00300,AT5G15350,AT4G30270,AT1G09140,AT4G05070,AT5G22060,ATCG00510,AT5G58110,AT4G15420,AT1G29150,AT2G24790,AT1G80920,AT3G62290,AT4G11220,AT2G46330,AT3G16640,AT5G57660,AT3G48140,ATCG00500,AT1G64200,AT4G29330,AT1G11260,AT4G24190,AT4G08950,AT5G58787,AT5G35530,AT2G27580,AT1G01620,AT5G61790,AT5G15090,AT1G09070,AT4G26270,AT5G65390,AT2G05540,AT4G10040,AT3G62600,AT4G21580,ATMG00620,AT4G30490,AT3G13860,AT1G09640	
1	AT2G40970	MYBC1	0	na	PWM1028	CisBP	M1239_1.01	23	0.000056261472514261316	0.004385948705133502	63	AT1G59860,AT2G29500,AT4G25200,AT5G56010,AT3G13470,AT5G51440,AT5G25450,AT3G09350,AT3G07090,AT5G15450,AT1G52560,AT4G35100,ATCG00350,AT3G04120,AT1G07890,ATCG00710,ATCG00070,AT5G15350,AT1G09140,AT1G55330,AT5G09810,ATCG01230,AT3G07770,AT3G53230,AT5G65480,AT5G25280,AT2G38310,AT5G19140,ATCG00360,AT2G24790,AT3G62290,AT1G56300,AT1G19660,AT1G01100,AT2G29670,AT1G64200,AT4G29330,AT1G11260,AT1G64230,AT4G24190,AT5G05410,AT4G39520,AT5G05690,AT2G44120,AT5G65430,AT5G61790,AT5G44020,AT1G71000,AT3G57880,AT5G66880,AT1G14360,AT5G65390,ATMG00580,ATCG00080,AT4G02980,AT5G50460,ATMG01360,AT4G30490,AT1G62390,ATMG00630,AT3G51840,AT1G75350,AT1G09640	na
1	AT3G10760	AT3G10760	1	na	PWM1029	CisBP	M1239_1.01	24	0.000056261472514261316	0.004385948705133502	63	AT1G59860,AT2G29500,AT4G25200,AT5G56010,AT3G13470,AT5G51440,AT5G25450,AT3G09350,AT3G07090,AT5G15450,AT1G52560,AT4G35100,ATCG00350,AT3G04120,AT1G07890,ATCG00710,ATCG00070,AT5G15350,AT1G09140,AT1G55330,AT5G09810,ATCG01230,AT3G07770,AT3G53230,AT5G65480,AT5G25280,AT2G38310,AT5G19140,ATCG00360,AT2G24790,AT3G62290,AT1G56300,AT1G19660,AT1G01100,AT2G29670,AT1G64200,AT4G29330,AT1G11260,AT1G64230,AT4G24190,AT5G05410,AT4G39520,AT5G05690,AT2G44120,AT5G65430,AT5G61790,AT5G44020,AT1G71000,AT3G57880,AT5G66880,AT1G14360,AT5G65390,ATMG00580,ATCG00080,AT4G02980,AT5G50460,ATMG01360,AT4G30490,AT1G62390,ATMG00630,AT3G51840,AT1G75350,AT1G09640	na
1	AT3G46640	LUX	1	na	PWM1030	CisBP	M1239_1.01	25	0.000056261472514261316	0.004385948705133502	63	AT1G59860,AT2G29500,AT4G25200,AT5G56010,AT3G13470,AT5G51440,AT5G25450,AT3G09350,AT3G07090,AT5G15450,AT1G52560,AT4G35100,ATCG00350,AT3G04120,AT1G07890,ATCG00710,ATCG00070,AT5G15350,AT1G09140,AT1G55330,AT5G09810,ATCG01230,AT3G07770,AT3G53230,AT5G65480,AT5G25280,AT2G38310,AT5G19140,ATCG00360,AT2G24790,AT3G62290,AT1G56300,AT1G19660,AT1G01100,AT2G29670,AT1G64200,AT4G29330,AT1G11260,AT1G64230,AT4G24190,AT5G05410,AT4G39520,AT5G05690,AT2G44120,AT5G65430,AT5G61790,AT5G44020,AT1G71000,AT3G57880,AT5G66880,AT1G14360,AT5G65390,ATMG00580,ATCG00080,AT4G02980,AT5G50460,ATMG01360,AT4G30490,AT1G62390,ATMG00630,AT3G51840,AT1G75350,AT1G09640	na
1	AT5G05090	AT5G05090	0	na	PWM1031	CisBP	M1239_1.01	26	0.000056261472514261316	0.004385948705133502	63	AT1G59860,AT2G29500,AT4G25200,AT5G56010,AT3G13470,AT5G51440,AT5G25450,AT3G09350,AT3G07090,AT5G15450,AT1G52560,AT4G35100,ATCG00350,AT3G04120,AT1G07890,ATCG00710,ATCG00070,AT5G15350,AT1G09140,AT1G55330,AT5G09810,ATCG01230,AT3G07770,AT3G53230,AT5G65480,AT5G25280,AT2G38310,AT5G19140,ATCG00360,AT2G24790,AT3G62290,AT1G56300,AT1G19660,AT1G01100,AT2G29670,AT1G64200,AT4G29330,AT1G11260,AT1G64230,AT4G24190,AT5G05410,AT4G39520,AT5G05690,AT2G44120,AT5G65430,AT5G61790,AT5G44020,AT1G71000,AT3G57880,AT5G66880,AT1G14360,AT5G65390,ATMG00580,ATCG00080,AT4G02980,AT5G50460,ATMG01360,AT4G30490,AT1G62390,ATMG00630,AT3G51840,AT1G75350,AT1G09640	na
1	AT5G59570	BOA	3	na	PWM1032	CisBP	M1239_1.01	27	0.000056261472514261316	0.004385948705133502	63	AT1G59860,AT2G29500,AT4G25200,AT5G56010,AT3G13470,AT5G51440,AT5G25450,AT3G09350,AT3G07090,AT5G15450,AT1G52560,AT4G35100,ATCG00350,AT3G04120,AT1G07890,ATCG00710,ATCG00070,AT5G15350,AT1G09140,AT1G55330,AT5G09810,ATCG01230,AT3G07770,AT3G53230,AT5G65480,AT5G25280,AT2G38310,AT5G19140,ATCG00360,AT2G24790,AT3G62290,AT1G56300,AT1G19660,AT1G01100,AT2G29670,AT1G64200,AT4G29330,AT1G11260,AT1G64230,AT4G24190,AT5G05410,AT4G39520,AT5G05690,AT2G44120,AT5G65430,AT5G61790,AT5G44020,AT1G71000,AT3G57880,AT5G66880,AT1G14360,AT5G65390,ATMG00580,ATCG00080,AT4G02980,AT5G50460,ATMG01360,AT4G30490,AT1G62390,ATMG00630,AT3G51840,AT1G75350,AT1G09640	na
1	AT1G08000	GATA10	0	na	PWM914	CisBP	M0679_1.01	28	0.0001869383945892238	0.011970733624945653	61	AT2G29500,AT5G52640,AT1G07350,AT3G10020,AT4G25200,AT5G56010,AT5G51440,AT3G44110,AT3G09440,AT5G15450,AT3G23990,AT5G64400,AT1G14980,AT1G79550,AT1G79920,AT5G42020,ATCG00350,AT1G07890,AT5G11740,AT3G08590,ATCG00710,AT2G02760,ATCG00300,AT5G15350,AT1G09140,AT4G23493,AT4G05070,AT5G22060,AT5G09810,ATCG00510,AT5G25280,ATCG00360,AT2G24790,AT1G80920,AT3G62290,AT3G16640,AT5G19120,ATCG00500,AT4G29330,AT1G11260,AT4G24190,AT4G08950,AT5G35530,AT2G27580,AT5G56600,AT3G09840,AT5G61790,AT1G09070,ATMG00080,AT1G71000,AT5G65390,AT1G04480,AT3G62600,AT1G78080,ATMG01360,ATMG00620,ATMG00513,ATMG00480,AT2G36530,AT3G51600,AT3G51840	na
1	AT1G08000	GATA10	0	na	PWM2610	JASPAR	MA1013.1	38	0.0009783975205333742	0.048729632064342776	58	AT2G29500,AT5G52640,AT1G07350,AT3G10020,AT4G25200,AT5G56010,AT3G44110,AT3G09440,AT5G15450,AT3G23990,AT5G64400,AT1G14980,AT1G79550,AT1G79920,ATCG00350,AT1G07890,AT5G11740,AT3G08590,ATCG00710,AT2G02760,ATCG00300,AT5G15350,AT1G09140,AT4G23493,AT4G05070,AT5G22060,AT5G09810,ATCG00510,AT5G25280,ATCG00360,AT2G24790,AT1G80920,AT3G62290,AT3G16640,AT5G19120,ATCG00500,AT4G29330,AT1G11260,AT4G24190,AT4G08950,AT5G35530,AT2G27580,AT5G56600,AT3G09840,AT5G61790,ATMG00080,AT1G71000,AT5G65390,AT1G04480,AT3G62600,AT1G78080,ATMG01360,ATMG00620,ATMG00513,ATMG00480,AT2G36530,AT3G51600,AT3G51840	na
1	AT3G54810	BME3	2	0	PWM1517	CisBP	M0686_1.01	30	0.0003309979818452324	0.020464806256844888	60	AT1G07350,AT5G56010,AT3G13470,AT3G44110,AT1G67360,AT3G09440,AT5G09590,AT5G15450,AT1G65980,AT3G23990,AT1G79550,AT1G79920,AT5G42020,ATCG00350,AT3G04120,AT1G07890,AT5G11740,AT4G14270,ATCG00710,AT4G22240,AT2G02760,ATCG00300,AT5G15350,AT1G09140,AT1G55330,AT4G23493,AT4G05070,AT5G09810,AT5G25280,ATCG00360,AT2G24790,AT1G80920,AT3G62290,AT4G11220,AT3G16640,AT5G19120,AT1G64200,AT1G64230,AT4G24190,AT5G35530,AT2G27580,AT3G09840,AT5G65430,AT5G61790,AT5G41700,AT1G09070,ATMG00080,AT1G71000,AT1G78630,AT5G65390,AT1G31335,AT2G21130,AT2G05540,AT3G62600,AT1G78080,AT5G50460,AT4G21580,ATMG01360,AT1G56340,AT2G36530	
1	AT3G54810	BME3	2	0	PWM2614	JASPAR	MA1017.1	32	0.0003309979818452324	0.020464806256844888	60	AT1G07350,AT5G56010,AT3G13470,AT3G44110,AT1G67360,AT3G09440,AT5G09590,AT5G15450,AT1G65980,AT3G23990,AT1G79550,AT1G79920,AT5G42020,ATCG00350,AT3G04120,AT1G07890,AT5G11740,AT4G14270,ATCG00710,AT4G22240,AT2G02760,ATCG00300,AT5G15350,AT1G09140,AT1G55330,AT4G23493,AT4G05070,AT5G09810,AT5G25280,ATCG00360,AT2G24790,AT1G80920,AT3G62290,AT4G11220,AT3G16640,AT5G19120,AT1G64200,AT1G64230,AT4G24190,AT5G35530,AT2G27580,AT3G09840,AT5G65430,AT5G61790,AT5G41700,AT1G09070,ATMG00080,AT1G71000,AT1G78630,AT5G65390,AT1G31335,AT2G21130,AT2G05540,AT3G62600,AT1G78080,AT5G50460,AT4G21580,ATMG01360,AT1G56340,AT2G36530	
1	AT4G34680	GATA3	2	0	PWM1295	CisBP	M0690_1.01	33	0.0005747152832415259	0.031226197056122902	59	AT1G07350,AT5G56010,AT3G12050,AT3G44110,AT3G09440,AT5G09590,AT5G15450,AT3G16050,AT1G65980,AT5G54940,AT3G23990,AT1G79550,AT5G42020,AT3G04120,AT1G07890,AT1G78380,AT4G14270,AT4G22240,AT2G02760,AT1G09140,AT1G55330,ATCG00670,AT4G05070,AT5G09810,ATCG01230,AT5G25280,AT4G36040,AT2G24790,AT1G80920,AT3G62290,AT4G11220,AT2G46330,AT3G16640,AT1G56300,AT1G64230,AT4G24190,AT4G39520,AT2G27580,AT3G09840,AT5G65430,AT4G13830,AT5G61790,AT5G41700,AT1G09070,ATMG00080,AT1G78630,AT3G57880,AT5G65390,AT1G31335,AT5G14120,AT2G21130,AT3G62600,AT1G78080,AT5G50460,AT4G39400,ATMG01360,AT2G36530,AT1G56170,AT1G09640	
1	AT4G27900	AT4G27900	0	na	PWM2961	DAP-seq	AT4G27900_col	35	0.0005747152832415259	0.031226197056122902	59	AT3G12580,AT2G29500,AT1G07350,AT3G13470,AT5G37670,AT1G67360,AT5G15450,AT1G65980,AT5G54940,AT2G36830,AT1G03070,AT2G04030,AT5G42020,AT1G52870,AT3G04120,AT1G07890,AT3G26520,AT5G11740,AT3G13520,AT3G08590,AT3G09640,AT4G22240,AT2G02760,AT1G55330,AT4G25130,AT5G09810,AT5G53400,AT5G65480,AT5G11680,AT4G11220,AT1G80440,AT5G49360,AT1G03860,AT3G16640,AT2G47450,AT5G57660,AT2G29670,AT3G48140,AT5G20010,AT2G30000,AT5G01350,AT1G27090,AT4G13830,AT5G44020,AT5G15090,AT5G14320,AT1G71000,AT2G20670,AT3G57880,AT4G26270,AT5G65390,AT4G39400,AT5G62020,AT4G30490,AT1G11910,AT2G36530,AT4G16520,AT2G01850,AT4G11660	na
1	AT4G01120	ATBZIP54	21	129	PWM1233	CisBP	M0262_1.01	36	0.0009783975205333742	0.048729632064342776	58	AT2G29500,AT5G56030,AT2G32120,AT5G51440,AT4G12400,AT2G26150,AT5G58070,AT3G16050,AT5G54940,AT2G36830,AT1G03070,AT5G01600,AT4G22670,AT1G07890,AT5G58590,AT4G09150,AT4G25100,AT4G24280,AT3G46780,AT5G15350,AT4G30270,AT4G02920,AT5G58110,AT5G53400,AT5G19140,AT1G73480,AT3G17611,AT1G29150,ATCG00550,AT3G62290,AT4G27450,AT5G49360,AT1G13080,AT1G01100,AT2G29670,AT2G30000,AT1G67865,AT1G11260,AT2G04520,AT1G01940,AT2G07699,AT5G65430,AT5G44020,AT1G09070,AT3G57880,AT5G66880,ATMG00580,AT1G04480,AT5G03380,AT3G62600,AT4G39400,ATMG01360,ATMG00620,AT5G62020,AT1G11910,ATMG00513,AT2G01850,AT4G11660	AT3G24500,AT2G29500,AT3G10020,AT5G56030,AT3G13470,AT1G74310,AT2G47730,AT1G54050,AT2G47180,AT5G37670,AT3G09440,AT2G26150,AT5G58070,AT3G16050,AT1G65980,AT2G37170,AT2G36830,AT5G64400,AT1G03070,AT2G04030,AT2G29450,AT5G42020,AT4G35100,AT5G47610,AT1G76080,AT3G04120,AT1G55530,AT3G26520,AT5G11740,AT3G13520,AT4G09150,AT4G14270,AT3G08590,AT1G26800,AT4G25100,AT1G18330,AT1G74670,AT3G46780,AT5G15350,AT5G58770,AT1G55330,AT4G23493,AT4G05070,AT4G25130,AT5G09810,AT5G47120,AT3G11630,AT4G19430,AT3G07770,AT3G53230,AT5G53400,AT5G65480,AT5G25280,AT3G63310,AT2G38310,AT4G15420,AT5G19140,AT5G06290,AT4G36040,AT1G68300,AT2G24790,AT1G80920,AT3G08970,AT4G27450,AT2G46330,AT1G80440,AT5G49360,AT2G47450,AT1G13080,AT1G56300,AT1G19660,AT5G19120,AT5G57660,AT2G29670,AT3G48140,AT5G20010,AT1G64200,AT2G20260,AT4G29330,AT1G11260,AT2G39010,AT1G64230,AT1G27090,AT4G24190,AT4G08950,AT5G05410,AT1G01940,AT4G39520,AT5G58787,AT5G57560,AT2G44120,AT5G56600,AT4G13520,AT3G61260,AT5G65430,AT5G61790,AT5G44020,AT5G15090,AT2G34590,AT5G04410,AT1G71000,AT2G20670,AT3G59940,AT5G66090,AT3G57880,AT5G66880,AT4G26270,AT1G14360,AT5G65390,AT5G14120,AT2G21130,AT1G29070,AT2G05540,AT5G03380,AT3G07150,AT4G10040,AT3G62600,AT1G78080,AT5G50460,AT4G39400,AT1G56340,AT5G32450,AT5G62020,AT1G62390,AT4G16520,AT2G01850,AT4G11660,AT3G51840,AT2G36950
1	AT1G69690	At1g69690	0	0	PWM1594	PBM		37	0.0009783975205333742	0.048729632064342776	58	AT2G29500,AT5G56030,AT2G32120,AT5G51440,AT4G12400,AT2G26150,AT5G58070,AT3G16050,AT5G54940,AT2G36830,AT1G03070,AT5G01600,AT4G22670,AT1G07890,AT5G58590,AT4G09150,AT4G25100,AT4G24280,AT3G46780,AT5G15350,AT4G30270,AT4G02920,AT5G58110,AT5G53400,AT5G19140,AT1G73480,AT3G17611,AT1G29150,ATCG00550,AT3G62290,AT4G27450,AT5G49360,AT1G13080,AT1G01100,AT2G29670,AT2G30000,AT1G67865,AT1G11260,AT2G04520,AT1G01940,AT2G07699,AT5G65430,AT5G44020,AT1G09070,AT3G57880,AT5G66880,ATMG00580,AT1G04480,AT5G03380,AT3G62600,AT4G39400,ATMG01360,ATMG00620,AT5G62020,AT1G11910,ATMG00513,AT2G01850,AT4G11660	
1	AT2G43000	ANAC042	0	na	PWM3362	DAP-seq	ANAC042_col	40	0.0009783975205333742	0.048729632064342776	58	AT3G24500,AT5G56030,AT2G46240,AT1G54050,AT3G44110,AT5G09590,AT1G14980,AT1G03070,AT1G52560,AT5G42020,AT4G22670,AT5G35320,AT1G52870,AT3G04120,AT1G55530,AT5G11740,AT3G08590,ATMG00040,AT1G18330,AT4G02920,AT4G25130,AT5G22060,AT3G07770,AT3G53230,AT5G25280,AT2G41160,AT5G19140,AT3G17611,AT3G08970,AT1G67870,AT5G49360,AT2G33590,AT1G03860,AT3G16640,AT1G13080,AT1G56300,AT5G20010,AT1G67865,AT1G11260,AT3G14200,AT1G21550,AT5G05410,AT3G61260,AT5G65430,AT5G41700,AT5G44020,AT1G78630,AT3G59940,AT3G57880,ATMG00580,AT2G21130,AT2G05540,AT3G62600,AT5G02810,ATMG00480,ATMG00630,AT2G01850,AT5G54600	na
2	AT2G35530	AtbZIP16	0	0	PWM2908	DAP-seq	BZIP16_col	1	1.5220550510302164e-10	2.729044706497178e-7	83	AT3G27690,AT3G47470,AT1G10960,AT1G15820,AT2G21330,AT1G52230,AT5G67030,AT2G39730,AT2G46820,AT1G61520,AT3G56940,AT5G66570,AT3G61470,AT4G05180,AT5G02380,AT5G23060,AT1G06680,AT1G03600,AT4G12800,AT1G68010,AT3G21055,AT3G50820,AT2G45960,AT1G79040,AT1G44575,AT4G21280,AT5G24930,AT3G16140,AT5G64840,AT1G60950,AT2G06520,AT1G20340,AT2G38540,AT4G35250,AT4G28750,AT4G15560,AT1G07180,AT3G17800,AT4G22890,AT5G64940,AT4G01150,AT1G44446,AT3G54500,AT3G09680,AT3G12320,AT5G43850,AT5G19940,AT5G06980,AT1G75690,AT2G41100,AT2G34620,AT5G54770,AT1G76100,AT3G22890,AT4G04640,AT2G42220,AT5G57345,AT1G22850,AT1G52220,AT5G52570,AT1G54780,AT2G35260,AT4G01050,AT5G08050,AT2G40610,AT5G64170,AT3G56910,AT5G61410,AT2G41250,AT3G47500,AT2G34460,AT3G61870,AT5G54160,AT1G53670,AT4G13940,AT2G40490,AT2G24100,AT1G10470,AT5G51110,AT3G24830,AT5G17870,AT1G67430,AT4G13010	
2	AT2G35530	AtbZIP16	0	0	PWM1237	CisBP	M0251_1.01	29	0.000008280224604465738	0.0005119463005450714	69	AT3G27690,AT1G10960,AT3G54890,AT2G34430,AT1G15820,AT2G21330,AT1G52230,AT4G33660,AT5G67030,AT2G39730,AT1G61520,AT5G66570,AT4G05180,AT1G06680,AT1G03600,AT3G01500,AT4G12800,AT1G68010,AT3G50820,AT2G45960,AT1G79040,AT1G44575,AT4G21280,AT5G24930,AT3G16140,AT5G64840,AT1G60950,AT4G34350,AT1G20340,AT4G35250,AT4G28750,AT4G15560,AT3G17800,AT4G22890,AT5G64940,AT1G44446,AT5G35630,AT3G54500,AT3G51910,AT3G61430,AT4G38740,AT3G12320,AT5G06980,AT2G34620,AT5G54770,AT2G05620,AT5G15200,AT5G57345,AT1G52220,AT5G52570,AT1G54780,AT2G35260,AT4G01050,AT1G03870,AT2G40610,AT3G54900,AT2G26690,AT5G64170,AT2G41250,AT3G47500,AT1G53670,AT4G13940,AT2G40490,AT5G51110,AT5G43150,AT1G33140,AT3G24830,AT1G67430,AT4G13010	
2	AT1G45249	ABF2	0	0	PWM2903	DAP-seq	ABF2_col	2	3.695565559655394e-10	3.313074524231061e-7	82	AT3G27690,AT3G47470,AT1G10960,AT3G54890,AT5G13630,AT1G15820,AT2G21330,AT1G52230,AT4G33660,AT5G67030,AT2G46820,AT1G61520,AT3G56940,AT5G01530,AT5G66570,AT3G61470,AT4G05180,AT5G02380,AT5G23060,AT1G06680,AT1G03600,AT1G68010,AT3G21055,AT3G50820,AT2G45960,AT1G79040,AT1G44575,AT4G21280,AT5G24930,AT3G16140,AT5G64840,AT1G60950,AT2G06520,AT1G20340,AT2G38540,AT4G35250,AT4G28750,AT4G15560,AT3G17800,AT5G64940,AT4G01150,AT1G44446,AT3G54500,AT3G09680,AT3G12320,AT5G43850,AT5G19940,AT5G06980,AT1G75690,AT2G41100,AT2G34620,AT5G54770,AT1G76100,AT3G22890,AT5G40950,AT4G05320,AT2G42220,AT1G22850,AT1G52220,AT1G54780,AT2G35260,AT4G01050,AT5G08050,AT2G40610,AT3G54900,AT5G64170,AT3G56910,AT5G61410,AT2G41250,AT1G04270,AT3G47500,AT2G34460,AT1G08570,AT1G53670,AT4G13940,AT2G40490,AT2G24100,AT5G51110,AT3G11930,AT3G24830,AT5G17870,AT4G13010	
2	AT1G45249	ABF2	0	0	PWM1178	CisBP	M0252_1.01	65	0.0014861294960194877	0.04099431055942987	60	AT3G47470,AT1G10960,AT2G34430,AT1G15820,AT2G21330,AT1G52230,AT4G33660,AT5G67030,AT2G46820,AT3G56940,AT5G66570,AT4G05180,AT5G02380,AT5G14740,AT1G06680,AT1G03600,AT1G68010,AT3G21055,AT3G50820,AT2G45960,AT1G79040,AT4G21280,AT3G16140,AT1G23740,AT5G64840,AT1G60950,AT2G38540,AT4G28750,AT1G07180,AT3G17800,AT5G64940,AT4G01150,AT1G44446,AT3G54500,AT3G61430,AT4G38740,AT3G12320,AT5G43850,AT5G06980,AT2G34620,AT2G05620,AT5G15200,AT5G57345,AT2G46830,AT5G48930,AT1G52220,AT1G54780,AT5G08050,AT2G40610,AT2G26690,AT5G64170,AT2G41250,AT1G04270,AT3G61870,AT1G53670,AT2G24100,AT5G43150,AT3G11930,AT3G24830,AT5G17870	
2	AT3G17609	HYH	109	na	PWM1068	CisBP	M2214_1.01	3	8.828863873778865e-10	5.276717641895169e-7	81	AT3G47470,AT1G10960,AT3G08940,AT3G54890,AT5G13630,AT1G15820,AT2G21330,AT1G52230,AT5G67030,AT2G39730,AT2G46820,AT1G61520,AT3G56940,AT5G01530,AT1G07590,AT5G66570,AT3G61470,AT4G05180,AT5G02380,AT5G14740,AT1G06680,AT1G03600,AT1G68010,AT3G21055,AT3G50820,AT2G45960,AT1G55670,AT1G79040,AT4G21280,AT5G24930,AT3G16140,AT5G64840,AT1G60950,AT1G23310,AT2G38540,AT2G30570,AT4G28750,AT1G07180,AT3G17800,AT5G64940,AT4G01150,AT1G44446,AT5G35630,AT3G09680,AT3G61430,AT4G38740,AT3G12320,AT5G43850,AT4G16980,AT5G06980,AT2G34620,AT3G22890,AT4G05320,AT2G05620,AT5G57345,AT1G22850,AT2G46830,AT1G52220,AT5G52570,AT1G54780,AT2G35260,AT4G01050,AT5G08050,AT2G40610,AT3G54900,AT2G26690,AT5G64170,AT3G56910,AT5G61410,AT2G41250,AT2G34460,AT3G61870,AT5G54160,AT1G53670,AT4G13940,AT2G29650,AT2G24100,AT5G43150,AT3G11930,AT3G24830,AT5G17870	na
2	AT2G36270	ABI5	0	86	PWM2904	DAP-seq	ABI5_col	4	8.828863873778865e-10	5.276717641895169e-7	81	AT3G27690,AT3G47470,AT1G10960,AT3G54890,AT1G15820,AT1G52230,AT4G33660,AT5G67030,AT2G46820,AT1G61520,AT3G56940,AT5G66570,AT3G61470,AT4G05180,AT5G02380,AT1G06680,AT1G03600,AT4G12800,AT1G68010,AT3G21055,AT3G50820,AT2G45960,AT1G79040,AT1G44575,AT4G21280,AT5G24930,AT3G16140,AT5G64840,AT1G60950,AT2G06520,AT1G20340,AT2G38540,AT4G35250,AT4G28750,AT4G15560,AT3G17800,AT4G22890,AT5G64940,AT4G01150,AT1G44446,AT3G54500,AT3G09680,AT3G12320,AT5G43850,AT5G19940,AT5G06980,AT1G75690,AT2G41100,AT2G34620,AT5G54770,AT1G76100,AT3G22890,AT5G40950,AT3G16520,AT2G42220,AT1G22850,AT1G52220,AT1G58290,AT5G52570,AT1G54780,AT4G01050,AT5G08050,AT2G40610,AT3G54900,AT5G64170,AT3G56910,AT5G61410,AT2G41250,AT1G04270,AT3G47500,AT2G34460,AT1G08570,AT1G53670,AT4G13940,AT2G40490,AT2G24100,AT1G10470,AT5G51110,AT3G24830,AT5G17870,AT4G13010	AT1G10960,AT3G08940,AT3G54890,AT5G13630,AT4G35090,AT1G15820,AT1G51400,AT3G53420,AT1G30380,AT1G52230,AT4G33660,AT5G67030,AT2G46820,AT1G61520,AT3G56940,AT5G01530,AT1G07590,AT3G61470,AT1G31330,AT1G06680,AT1G08380,AT1G03600,AT3G50820,AT1G79040,AT5G24930,AT3G16140,AT1G23740,AT5G64840,AT1G60950,AT1G23310,AT2G06520,AT2G30570,AT4G00430,AT4G35250,AT4G28750,AT1G07180,AT5G64940,AT1G44446,AT1G14200,AT3G51910,AT5G43850,AT5G17310,AT5G06980,AT2G34620,AT4G04640,AT4G33666,AT4G05320,AT4G34620,AT5G15200,AT5G57345,AT1G22850,AT2G46830,AT5G48930,AT5G52570,AT1G72430,AT1G54780,AT1G23390,AT2G35260,AT4G01050,AT1G03870,AT2G30520,AT5G08050,AT2G30950,AT1G70410,AT3G56910,AT5G61410,AT2G41250,AT1G18060,AT5G16030,AT3G47500,AT2G34460,AT1G49500,AT3G61870,AT1G08570,AT2G47440,AT1G53670,AT5G61670,AT4G13940,AT2G29650,AT2G24100,AT1G10470,AT5G51110,AT5G42980,AT3G11930,AT3G24830,AT4G13010
2	AT2G36270	ABI5	0	86	PWM957	CisBP	M0257_1.01	7	8.828863873778865e-10	5.276717641895169e-7	81	AT3G27690,AT3G47470,AT1G10960,AT3G54890,AT1G15820,AT2G21330,AT1G52230,AT4G33660,AT2G46820,AT1G61520,AT3G56940,AT5G66570,AT1G69530,AT3G61470,AT4G05180,AT5G02380,AT5G14740,AT1G06680,AT1G03600,AT1G68010,AT3G21055,AT3G50820,AT2G45960,AT1G55670,AT1G79040,AT1G44575,AT4G21280,AT5G24930,AT3G16140,AT5G64840,AT1G60950,AT1G23310,AT2G38540,AT2G30570,AT4G35250,AT4G28750,AT3G17800,AT4G22890,AT5G64940,AT4G01150,AT1G44446,AT3G54500,AT3G61430,AT4G38740,AT3G12320,AT5G43850,AT5G06980,AT2G34620,AT5G54770,AT3G22890,AT4G05320,AT2G05620,AT5G15200,AT5G57345,AT1G22850,AT2G46830,AT1G52220,AT5G52570,AT1G54780,AT2G35260,AT4G01050,AT1G03870,AT2G30520,AT5G08050,AT2G40610,AT3G54900,AT5G64170,AT3G56910,AT5G61410,AT2G41250,AT2G34460,AT3G61870,AT5G54160,AT1G53670,AT2G24100,AT1G10470,AT5G43150,AT3G11930,AT3G24830,AT5G17870,AT1G67430	AT1G10960,AT3G08940,AT3G54890,AT5G13630,AT4G35090,AT1G15820,AT1G51400,AT3G53420,AT1G30380,AT1G52230,AT4G33660,AT5G67030,AT2G46820,AT1G61520,AT3G56940,AT5G01530,AT1G07590,AT3G61470,AT1G31330,AT1G06680,AT1G08380,AT1G03600,AT3G50820,AT1G79040,AT5G24930,AT3G16140,AT1G23740,AT5G64840,AT1G60950,AT1G23310,AT2G06520,AT2G30570,AT4G00430,AT4G35250,AT4G28750,AT1G07180,AT5G64940,AT1G44446,AT1G14200,AT3G51910,AT5G43850,AT5G17310,AT5G06980,AT2G34620,AT4G04640,AT4G33666,AT4G05320,AT4G34620,AT5G15200,AT5G57345,AT1G22850,AT2G46830,AT5G48930,AT5G52570,AT1G72430,AT1G54780,AT1G23390,AT2G35260,AT4G01050,AT1G03870,AT2G30520,AT5G08050,AT2G30950,AT1G70410,AT3G56910,AT5G61410,AT2G41250,AT1G18060,AT5G16030,AT3G47500,AT2G34460,AT1G49500,AT3G61870,AT1G08570,AT2G47440,AT1G53670,AT5G61670,AT4G13940,AT2G29650,AT2G24100,AT1G10470,AT5G51110,AT5G42980,AT3G11930,AT3G24830,AT4G13010
2	AT2G36270	ABI5	0	86	PWM2530	JASPAR	MA0931.1	9	4.798215884537507e-9	0.0000010754001351219688	79	AT3G27690,AT3G47470,AT1G10960,AT3G54890,AT1G15820,AT2G21330,AT1G52230,AT4G33660,AT2G46820,AT1G61520,AT3G56940,AT5G66570,AT1G69530,AT3G61470,AT4G05180,AT5G02380,AT5G14740,AT1G06680,AT1G03600,AT1G68010,AT3G21055,AT3G50820,AT2G45960,AT1G55670,AT1G79040,AT1G44575,AT4G21280,AT5G24930,AT3G16140,AT5G64840,AT1G60950,AT1G23310,AT2G38540,AT2G30570,AT4G35250,AT4G28750,AT3G17800,AT4G22890,AT5G64940,AT4G01150,AT1G44446,AT3G54500,AT3G61430,AT4G38740,AT3G12320,AT5G43850,AT5G06980,AT2G34620,AT5G54770,AT3G22890,AT4G05320,AT2G05620,AT5G15200,AT5G57345,AT1G22850,AT2G46830,AT1G52220,AT5G52570,AT1G54780,AT2G35260,AT4G01050,AT1G03870,AT2G30520,AT5G08050,AT3G54900,AT5G64170,AT3G56910,AT5G61410,AT2G41250,AT2G34460,AT3G61870,AT5G54160,AT1G53670,AT2G24100,AT1G10470,AT5G43150,AT3G11930,AT3G24830,AT5G17870	AT1G10960,AT3G08940,AT3G54890,AT5G13630,AT4G35090,AT1G15820,AT1G51400,AT3G53420,AT1G30380,AT1G52230,AT4G33660,AT5G67030,AT2G46820,AT1G61520,AT3G56940,AT5G01530,AT1G07590,AT3G61470,AT1G31330,AT1G06680,AT1G08380,AT1G03600,AT3G50820,AT1G79040,AT5G24930,AT3G16140,AT1G23740,AT5G64840,AT1G60950,AT1G23310,AT2G06520,AT2G30570,AT4G00430,AT4G35250,AT4G28750,AT1G07180,AT5G64940,AT1G44446,AT1G14200,AT3G51910,AT5G43850,AT5G17310,AT5G06980,AT2G34620,AT4G04640,AT4G33666,AT4G05320,AT4G34620,AT5G15200,AT5G57345,AT1G22850,AT2G46830,AT5G48930,AT5G52570,AT1G72430,AT1G54780,AT1G23390,AT2G35260,AT4G01050,AT1G03870,AT2G30520,AT5G08050,AT2G30950,AT1G70410,AT3G56910,AT5G61410,AT2G41250,AT1G18060,AT5G16030,AT3G47500,AT2G34460,AT1G49500,AT3G61870,AT1G08570,AT2G47440,AT1G53670,AT5G61670,AT4G13940,AT2G29650,AT2G24100,AT1G10470,AT5G51110,AT5G42980,AT3G11930,AT3G24830,AT4G13010
2	AT2G36270	ABI5	0	86	PWM621	AthaMAP	T04543	31	0.000008280224604465738	0.0005119463005450714	69	AT1G10960,AT3G08940,AT3G54890,AT5G13630,AT1G15820,AT2G21330,AT1G52230,AT3G16240,AT4G33660,AT5G67030,AT2G46820,AT1G61520,AT3G56940,AT5G01530,AT5G66570,AT3G61470,AT4G05180,AT5G02380,AT5G14740,AT1G06680,AT1G03600,AT4G12800,AT1G68010,AT3G21055,AT3G50820,AT2G45960,AT1G79040,AT1G44575,AT4G21280,AT5G24930,AT3G16140,AT5G64840,AT1G60950,AT1G23310,AT2G38540,AT2G30570,AT4G28750,AT1G07180,AT5G64940,AT1G44446,AT5G35630,AT3G61430,AT3G12320,AT5G43850,AT4G16980,AT5G06980,AT2G34620,AT1G22850,AT2G46830,AT1G52220,AT1G54780,AT2G35260,AT4G01050,AT3G54900,AT2G26690,AT5G64170,AT3G56910,AT1G02500,AT5G61410,AT2G34460,AT3G61870,AT1G53670,AT4G13940,AT2G29650,AT2G24100,AT5G42980,AT3G11930,AT3G24830,AT5G17870	AT1G10960,AT3G08940,AT3G54890,AT5G13630,AT4G35090,AT1G15820,AT1G51400,AT3G53420,AT1G30380,AT1G52230,AT4G33660,AT5G67030,AT2G46820,AT1G61520,AT3G56940,AT5G01530,AT1G07590,AT3G61470,AT1G31330,AT1G06680,AT1G08380,AT1G03600,AT3G50820,AT1G79040,AT5G24930,AT3G16140,AT1G23740,AT5G64840,AT1G60950,AT1G23310,AT2G06520,AT2G30570,AT4G00430,AT4G35250,AT4G28750,AT1G07180,AT5G64940,AT1G44446,AT1G14200,AT3G51910,AT5G43850,AT5G17310,AT5G06980,AT2G34620,AT4G04640,AT4G33666,AT4G05320,AT4G34620,AT5G15200,AT5G57345,AT1G22850,AT2G46830,AT5G48930,AT5G52570,AT1G72430,AT1G54780,AT1G23390,AT2G35260,AT4G01050,AT1G03870,AT2G30520,AT5G08050,AT2G30950,AT1G70410,AT3G56910,AT5G61410,AT2G41250,AT1G18060,AT5G16030,AT3G47500,AT2G34460,AT1G49500,AT3G61870,AT1G08570,AT2G47440,AT1G53670,AT5G61670,AT4G13940,AT2G29650,AT2G24100,AT1G10470,AT5G51110,AT5G42980,AT3G11930,AT3G24830,AT4G13010
2	AT3G56850	AREB3	2	0	PWM2906	DAP-seq	AREB3_col	5	8.828863873778865e-10	5.276717641895169e-7	81	AT3G47470,AT1G10960,AT3G54890,AT2G34430,AT1G15820,AT2G21330,AT1G52230,AT4G33660,AT5G67030,AT2G46820,AT1G61520,AT3G56940,AT5G66570,AT3G61470,AT4G05180,AT5G02380,AT1G06680,AT1G03600,AT1G68010,AT3G21055,AT3G50820,AT2G45960,AT1G79040,AT1G44575,AT4G21280,AT5G24930,AT3G16140,AT5G64840,AT1G60950,AT2G06520,AT1G20340,AT2G38540,AT4G35250,AT4G28750,AT4G15560,AT3G17800,AT5G64940,AT4G01150,AT1G44446,AT3G54500,AT3G12320,AT5G43850,AT5G19940,AT4G16980,AT5G06980,AT1G75690,AT2G41100,AT2G34620,AT5G54770,AT1G76100,AT3G22890,AT3G16520,AT2G42220,AT5G57345,AT1G22850,AT2G46830,AT1G52220,AT1G58290,AT1G54780,AT2G35260,AT4G01050,AT5G08050,AT2G40610,AT3G54900,AT5G64170,AT3G56910,AT5G61410,AT2G41250,AT1G04270,AT3G47500,AT2G34460,AT3G61870,AT1G08570,AT1G53670,AT4G13940,AT2G40490,AT2G24100,AT5G51110,AT3G24830,AT5G17870,AT4G13010	
2	AT1G32150	AtbZIP68	0	0	PWM2927	DAP-seq	BZIP68_col	6	8.828863873778865e-10	5.276717641895169e-7	81	AT3G27690,AT1G10960,AT1G15820,AT2G21330,AT1G52230,AT4G33660,AT5G67030,AT2G39730,AT2G46820,AT1G61520,AT3G56940,AT5G66570,AT4G05180,AT5G02380,AT5G23060,AT1G06680,AT1G03600,AT4G12800,AT5G64040,AT1G68010,AT3G21055,AT3G50820,AT2G45960,AT1G79040,AT1G44575,AT4G21280,AT5G24930,AT3G16140,AT5G64840,ATCG00470,AT1G60950,AT2G06520,AT1G20340,AT2G38540,AT4G35250,AT4G28750,AT4G15560,AT3G17800,AT4G22890,AT5G64940,AT4G01150,AT1G44446,AT3G54500,AT3G09680,AT3G12320,AT5G43850,AT5G19940,AT5G06980,AT1G75690,AT2G41100,AT2G34620,AT5G54770,AT1G76100,AT3G22890,AT4G04640,AT5G40950,AT2G42220,AT5G57345,AT1G22850,AT1G52220,AT1G54780,AT5G65730,AT4G01050,AT5G08050,AT2G40610,AT5G64170,AT3G56910,AT5G61410,AT2G41250,AT3G47500,AT2G34460,AT5G54160,AT1G08570,AT1G53670,AT2G40490,AT2G24100,AT1G10470,AT5G51110,AT3G24830,AT5G17870,AT4G13010	
2	AT1G32150	AtbZIP68	0	0	PWM2567	JASPAR	MA0968.1	25	0.0000021410285135576534	0.00017449382385494874	71	AT3G27690,AT1G10960,AT3G54890,AT2G34430,AT1G15820,AT2G21330,AT1G52230,AT4G33660,AT5G67030,AT2G39730,AT1G61520,AT5G66570,AT4G05180,AT1G06680,AT1G03600,AT3G01500,AT4G12800,AT1G68010,AT3G50820,AT2G45960,AT1G79040,AT1G44575,AT4G21280,AT5G24930,AT3G16140,AT5G64840,AT1G60950,AT4G34350,AT1G20340,AT4G35250,AT4G28750,AT4G15560,AT3G17800,AT4G22890,AT5G64940,AT1G44446,AT5G35630,AT3G54500,AT3G51910,AT3G61430,AT4G38740,AT3G12320,AT5G06980,AT2G34620,AT5G54770,AT2G05620,AT5G15200,AT5G57345,AT1G52220,AT5G52570,AT1G54780,AT2G35260,AT4G01050,AT2G23600,AT1G03870,AT2G40610,AT3G54900,AT2G26690,AT5G64170,AT2G41250,AT3G47500,AT1G53670,AT4G13940,AT2G40490,AT5G51110,AT5G43150,AT1G33140,AT3G24830,AT5G17870,AT1G67430,AT4G13010	
2	AT1G32150	AtbZIP68	0	0	PWM1236	CisBP	M0251_1.01	27	0.000004247818143723494	0.0002820865900628231	70	AT3G27690,AT1G10960,AT3G54890,AT2G34430,AT1G15820,AT2G21330,AT1G52230,AT4G33660,AT5G67030,AT2G39730,AT1G61520,AT5G66570,AT4G05180,AT1G06680,AT1G03600,AT3G01500,AT4G12800,AT1G68010,AT3G50820,AT2G45960,AT1G79040,AT1G44575,AT4G21280,AT5G24930,AT3G16140,AT5G64840,AT1G60950,AT4G34350,AT1G20340,AT4G35250,AT4G28750,AT4G15560,AT3G17800,AT4G22890,AT5G64940,AT1G44446,AT5G35630,AT3G54500,AT3G51910,AT3G61430,AT4G38740,AT3G12320,AT5G06980,AT2G34620,AT5G54770,AT2G05620,AT5G15200,AT5G57345,AT1G52220,AT5G52570,AT1G54780,AT2G35260,AT4G01050,AT2G23600,AT1G03870,AT2G40610,AT3G54900,AT2G26690,AT5G64170,AT2G41250,AT3G47500,AT1G53670,AT4G13940,AT2G40490,AT5G51110,AT5G43150,AT1G33140,AT3G24830,AT1G67430,AT4G13010	
2	AT5G11260	HY5	5	1	PWM2151	JASPAR	MA0551.1	8	4.798215884537507e-9	0.0000010754001351219688	79	AT3G47470,AT1G10960,AT3G08940,AT3G54890,AT1G15820,AT2G21330,AT1G52230,AT4G33660,AT5G67030,AT2G39730,AT2G46820,AT1G61520,AT3G56940,AT5G01530,AT1G07590,AT5G66570,AT3G61470,AT4G05180,AT5G02380,AT5G14740,AT1G06680,AT1G03600,AT1G68010,AT3G21055,AT3G50820,AT2G45960,AT1G55670,AT1G79040,AT4G21280,AT5G24930,AT3G16140,AT5G64840,AT1G60950,AT1G23310,AT2G38540,AT2G30570,AT4G28750,AT1G07180,AT3G17800,AT5G64940,AT4G01150,AT1G44446,AT5G35630,AT3G09680,AT3G61430,AT4G38740,AT3G12320,AT5G43850,AT4G16980,AT5G06980,AT2G34620,AT3G22890,AT4G05320,AT2G05620,AT5G57345,AT1G22850,AT2G46830,AT1G52220,AT5G52570,AT1G54780,AT2G35260,AT4G01050,AT5G08050,AT2G40610,AT3G54900,AT2G26690,AT5G64170,AT3G56910,AT5G61410,AT2G41250,AT2G34460,AT3G61870,AT5G54160,AT1G53670,AT4G13940,AT2G24100,AT3G11930,AT3G24830,AT5G17870	AT5G48930
2	AT5G11260	HY5	5	1	PWM336	AthaMAP	T10638	20	0.000001060400791838783	0.00009506493098834689	72	AT3G27690,AT2G05070,AT1G10960,AT3G54890,AT1G15820,AT4G38970,AT2G21330,AT1G52230,AT2G39730,AT1G61520,AT3G56940,AT1G07590,AT5G66570,AT3G61470,AT4G05180,AT5G02380,AT5G23060,AT5G14740,AT1G06680,AT1G03600,AT1G68010,AT3G21055,AT3G50820,AT2G45960,AT1G55670,AT1G79040,AT4G21280,AT3G16140,AT5G64840,AT1G60950,AT4G28750,AT1G07180,AT3G17800,AT5G64940,AT1G44446,AT3G54500,AT5G26000,AT3G12320,AT3G16430,AT5G43850,AT2G34620,AT3G22890,AT3G05730,AT5G57345,AT1G22850,AT1G52220,AT5G52570,AT1G54780,AT2G34480,AT3G54900,AT2G26690,AT5G64170,AT3G56910,AT1G02500,AT1G35680,AT3G54210,AT3G47500,AT2G34460,AT3G61870,AT5G54160,AT5G02840,AT1G53670,AT4G13940,AT1G09690,AT2G31570,AT4G31700,AT2G24100,AT1G10470,AT3G11930,AT3G24830,AT1G67430,AT4G13010	AT5G48930
2	AT5G11260	HY5	5	1	PWM623	AthaMAP	T10638	33	0.000008280224604465738	0.0005119463005450714	69	AT1G10960,AT3G08940,AT3G54890,AT5G13630,AT1G15820,AT2G21330,AT1G52230,AT3G16240,AT4G33660,AT5G67030,AT2G46820,AT1G61520,AT3G56940,AT5G01530,AT5G66570,AT3G61470,AT4G05180,AT5G02380,AT5G14740,AT1G06680,AT1G03600,AT4G12800,AT1G68010,AT3G21055,AT3G50820,AT2G45960,AT1G79040,AT1G44575,AT4G21280,AT5G24930,AT3G16140,AT5G64840,AT1G60950,AT1G23310,AT2G38540,AT2G30570,AT4G28750,AT1G07180,AT5G64940,AT1G44446,AT5G35630,AT3G61430,AT3G12320,AT5G43850,AT4G16980,AT5G06980,AT2G34620,AT1G22850,AT2G46830,AT1G52220,AT1G54780,AT2G35260,AT4G01050,AT3G54900,AT2G26690,AT5G64170,AT3G56910,AT1G02500,AT5G61410,AT2G34460,AT3G61870,AT1G53670,AT4G13940,AT2G29650,AT2G24100,AT5G42980,AT3G11930,AT3G24830,AT5G17870	AT5G48930
2	AT5G11260	HY5	5	1	PWM698	AthaMAP	T10638	37	0.000015855942947184632	0.0008122773058372013	68	AT5G02500,AT1G10960,AT5G13630,AT1G15820,AT4G38970,AT2G21330,AT1G52230,AT2G39730,AT1G61520,AT3G56940,AT5G01530,AT1G07590,AT5G66570,AT3G61470,AT4G05180,AT5G02380,AT5G23060,AT5G14740,AT1G06680,AT4G12800,AT1G68010,AT3G21055,AT3G50820,AT2G45960,AT1G55670,AT1G79040,AT1G44575,AT4G21280,AT3G16140,AT1G60950,AT4G34350,AT1G23310,AT2G30570,AT4G02770,AT4G28750,AT4G15560,AT3G17800,AT5G64940,AT4G01150,AT1G44446,AT3G61430,AT3G16430,AT5G43850,AT1G75690,AT2G34620,AT3G22890,AT5G57345,AT1G15930,AT1G52220,AT5G52570,AT1G54780,AT2G35260,AT4G01050,AT2G23600,AT2G34480,AT1G70410,AT2G26690,AT1G02500,AT2G34460,AT3G61870,AT3G53020,AT5G54160,AT5G02840,AT1G53670,AT1G10470,AT5G42980,AT3G11930,AT1G67430	AT5G48930
2	AT3G10800	bZIP28	0	na	PWM2912	DAP-seq	BZIP28_col	10	1.0912690066655172e-8	0.0000019566453289512723	78	AT3G27690,AT1G10960,AT2G34430,AT1G15820,AT2G21330,AT1G52230,AT4G33660,AT5G67030,AT2G46820,AT1G61520,AT3G56940,AT5G66570,AT4G05180,AT5G02380,AT1G06680,AT1G03600,AT4G12800,AT5G64040,AT1G68010,AT3G21055,AT3G50820,AT2G45960,AT1G79040,AT1G44575,AT4G21280,AT5G24930,AT3G16140,AT5G64840,AT1G60950,AT2G06520,AT1G20340,AT2G38540,AT4G35250,AT4G28750,AT4G15560,AT3G17800,AT4G22890,AT5G64940,AT4G01150,AT1G44446,AT3G54500,AT3G12320,AT5G43850,AT5G19940,AT5G06980,AT1G75690,AT2G41100,AT2G34620,AT5G54770,AT1G76100,AT3G22890,AT4G04640,AT5G40950,AT3G16520,AT5G15200,AT2G42220,AT1G22850,AT1G52220,AT1G54780,AT1G23390,AT5G65730,AT4G01050,AT5G08050,AT2G40610,AT5G64170,AT3G56910,AT2G41250,AT3G47500,AT2G34460,AT1G08570,AT1G53670,AT5G47930,AT2G40490,AT2G24100,AT5G51110,AT3G24830,AT5G17870,AT4G13010	na
2	AT2G46270	GBF3	5	177	PWM2930	DAP-seq	GBF3_col	11	2.4409517045020757e-8	0.000003978751278338383	77	AT3G27690,AT1G10960,AT1G15820,AT2G21330,AT1G52230,AT5G67030,AT2G46820,AT1G61520,AT5G66570,AT4G10340,AT3G61470,AT4G05180,AT5G23060,AT1G06680,AT1G03600,AT4G12800,AT5G64040,AT1G68010,AT3G21055,AT3G50820,AT2G45960,AT1G79040,AT1G44575,AT4G21280,AT5G24930,AT3G16140,AT5G64840,ATCG00470,AT1G60950,AT2G06520,AT1G20340,AT4G35250,AT4G28750,AT4G15560,AT3G17800,AT4G22890,AT5G64940,AT4G01150,AT1G44446,AT3G54500,AT3G09680,AT3G12320,AT5G19940,AT5G06980,AT1G75690,AT2G41100,AT2G34620,AT5G54770,AT1G76100,AT3G22890,AT4G04640,AT5G40950,AT2G42220,AT1G22850,AT1G52220,AT1G54780,AT5G65730,AT1G18080,AT4G01050,AT5G08050,AT2G40610,AT5G64170,AT5G61410,AT2G41250,AT1G04270,AT3G47500,AT2G34460,AT5G54160,AT1G08570,AT1G53670,AT2G40490,AT2G24100,AT1G10470,AT5G51110,AT3G24830,AT5G17870,AT4G13010	AT5G02500,AT3G27690,AT2G05070,AT3G47470,AT1G10960,AT3G08940,AT3G54890,AT5G13630,AT1G15820,AT1G51400,AT3G53420,AT1G30380,AT4G38970,AT2G21330,AT1G03130,AT3G16240,AT4G33660,AT5G67030,AT1G67740,AT2G39730,AT2G46820,AT1G74470,AT1G61520,AT3G56940,AT5G01530,AT1G07590,AT5G66570,AT4G10340,AT1G69530,AT5G46110,AT3G61470,AT4G05180,AT5G02380,AT5G23060,AT5G14740,AT1G31330,AT1G06680,AT1G08380,AT1G03600,AT4G12800,AT5G64040,AT3G26650,AT3G21055,AT3G50820,AT2G45960,AT1G79040,AT2G25080,AT1G44575,AT4G21280,AT5G24930,AT3G16140,AT1G23740,AT3G26450,AT1G60950,AT4G34350,AT4G03280,AT1G23310,AT2G45180,AT2G06520,AT1G20340,AT2G38540,AT2G30570,AT4G00430,AT4G35250,AT4G28750,AT4G15560,AT1G07180,AT1G14320,AT3G15850,AT4G22890,AT5G64940,AT1G06040,AT4G30950,AT4G01150,AT1G44446,AT5G35630,AT5G48490,AT5G20290,AT3G54500,AT1G14200,AT4G23670,AT3G51910,AT3G59400,AT5G19760,AT4G29350,AT5G43850,AT5G19940,AT4G16980,AT5G06980,AT1G75690,AT2G41100,AT2G34620,AT5G54770,AT1G76100,AT3G22890,AT4G04640,AT4G33666,AT5G40950,AT2G22990,AT4G05320,AT3G16520,AT2G24270,AT4G34620,AT3G52930,AT2G42220,AT5G57345,AT1G22850,AT5G48930,AT4G27960,AT1G72370,AT3G58610,AT4G38840,AT1G52220,AT1G58290,AT5G52570,AT1G72430,AT1G54780,AT3G62870,AT1G23390,AT5G65730,AT2G35260,AT2G46600,AT4G01050,AT2G23600,AT1G03870,AT2G30520,AT3G44300,AT5G08050,AT2G30950,AT1G62380,AT1G19450,AT2G40610,AT1G70410,AT3G54900,AT3G56910,AT1G02500,AT1G35680,AT5G61410,AT2G41250,AT3G56240,AT3G54210,AT5G16030,AT2G31380,AT3G47500,AT1G49500,AT3G61870,AT1G07320,AT2G27710,AT5G54160,AT4G23400,AT1G08570,AT5G02840,AT4G11150,AT2G47440,AT3G04400,AT1G23490,AT1G53670,AT5G61670,AT5G47930,AT4G13940,AT2G40490,AT2G29650,AT2G31570,AT5G25610,AT2G42590,AT2G24100,AT1G10470,AT1G77940,AT5G51110,AT5G43150,AT5G42980,AT3G11930,AT3G24830,AT5G48485,AT5G17870,AT2G24090,AT4G13010
2	AT2G46270	GBF3	5	177	PWM951	CisBP	M0260_1.01	34	0.000008280224604465738	0.0005119463005450714	69	AT3G27690,AT2G05070,AT3G54890,AT2G34430,AT1G15820,AT2G21330,AT1G52230,AT4G33660,AT5G67030,AT2G39730,AT1G61520,AT5G66570,AT4G05180,AT5G38430,AT1G06680,AT1G03600,AT3G01500,AT1G68010,AT3G50820,AT2G45960,AT1G79040,AT1G44575,AT4G21280,AT5G24930,AT3G16140,AT5G64840,AT1G65490,AT1G60950,AT1G20340,AT4G35250,AT4G28750,AT4G15560,AT3G17800,AT5G64940,AT1G44446,AT5G35630,AT3G54500,AT3G51910,AT3G61430,AT3G12320,AT5G06980,AT2G34620,AT5G54770,AT3G22890,AT5G40950,AT5G15200,AT1G56070,AT5G57345,AT1G52220,AT5G52570,AT1G54780,AT2G35260,AT4G01050,AT2G23600,AT1G03870,AT2G40610,AT3G54900,AT2G26690,AT5G64170,AT2G41250,AT5G54160,AT1G53670,AT2G40490,AT5G51110,AT1G33140,AT3G11930,AT3G24830,AT1G67430,AT4G13010	AT5G02500,AT3G27690,AT2G05070,AT3G47470,AT1G10960,AT3G08940,AT3G54890,AT5G13630,AT1G15820,AT1G51400,AT3G53420,AT1G30380,AT4G38970,AT2G21330,AT1G03130,AT3G16240,AT4G33660,AT5G67030,AT1G67740,AT2G39730,AT2G46820,AT1G74470,AT1G61520,AT3G56940,AT5G01530,AT1G07590,AT5G66570,AT4G10340,AT1G69530,AT5G46110,AT3G61470,AT4G05180,AT5G02380,AT5G23060,AT5G14740,AT1G31330,AT1G06680,AT1G08380,AT1G03600,AT4G12800,AT5G64040,AT3G26650,AT3G21055,AT3G50820,AT2G45960,AT1G79040,AT2G25080,AT1G44575,AT4G21280,AT5G24930,AT3G16140,AT1G23740,AT3G26450,AT1G60950,AT4G34350,AT4G03280,AT1G23310,AT2G45180,AT2G06520,AT1G20340,AT2G38540,AT2G30570,AT4G00430,AT4G35250,AT4G28750,AT4G15560,AT1G07180,AT1G14320,AT3G15850,AT4G22890,AT5G64940,AT1G06040,AT4G30950,AT4G01150,AT1G44446,AT5G35630,AT5G48490,AT5G20290,AT3G54500,AT1G14200,AT4G23670,AT3G51910,AT3G59400,AT5G19760,AT4G29350,AT5G43850,AT5G19940,AT4G16980,AT5G06980,AT1G75690,AT2G41100,AT2G34620,AT5G54770,AT1G76100,AT3G22890,AT4G04640,AT4G33666,AT5G40950,AT2G22990,AT4G05320,AT3G16520,AT2G24270,AT4G34620,AT3G52930,AT2G42220,AT5G57345,AT1G22850,AT5G48930,AT4G27960,AT1G72370,AT3G58610,AT4G38840,AT1G52220,AT1G58290,AT5G52570,AT1G72430,AT1G54780,AT3G62870,AT1G23390,AT5G65730,AT2G35260,AT2G46600,AT4G01050,AT2G23600,AT1G03870,AT2G30520,AT3G44300,AT5G08050,AT2G30950,AT1G62380,AT1G19450,AT2G40610,AT1G70410,AT3G54900,AT3G56910,AT1G02500,AT1G35680,AT5G61410,AT2G41250,AT3G56240,AT3G54210,AT5G16030,AT2G31380,AT3G47500,AT1G49500,AT3G61870,AT1G07320,AT2G27710,AT5G54160,AT4G23400,AT1G08570,AT5G02840,AT4G11150,AT2G47440,AT3G04400,AT1G23490,AT1G53670,AT5G61670,AT5G47930,AT4G13940,AT2G40490,AT2G29650,AT2G31570,AT5G25610,AT2G42590,AT2G24100,AT1G10470,AT1G77940,AT5G51110,AT5G43150,AT5G42980,AT3G11930,AT3G24830,AT5G48485,AT5G17870,AT2G24090,AT4G13010
2	AT1G49720	ABF1	2	67	PWM326	AGRIS		12	2.4409517045020757e-8	0.000003978751278338383	77	AT1G10960,AT3G54890,AT1G15820,AT2G21330,AT1G52230,AT5G67030,AT1G67740,AT2G39730,AT1G61520,AT3G56940,AT5G01530,AT1G07590,AT5G66570,AT1G69530,AT3G61470,AT4G05180,AT5G38430,AT5G02380,AT5G14740,AT1G06680,AT4G12800,AT1G68010,AT3G21055,AT3G50820,AT2G45960,AT1G55670,AT1G79040,AT4G21280,AT3G16140,AT5G64840,AT1G60950,AT2G38540,AT4G28750,AT4G15560,AT1G07180,AT3G17800,AT5G64940,AT1G44446,AT3G54500,AT3G61430,AT4G38740,AT3G12320,AT3G16430,AT5G43850,AT5G06980,AT1G75690,AT2G34620,AT5G54770,AT3G22890,AT1G56070,AT5G57345,AT1G22850,AT4G38840,AT1G52220,AT5G52570,AT1G54780,AT2G34480,AT2G40610,AT3G54900,AT2G26690,AT5G64170,AT3G56910,AT5G61410,AT2G41250,AT3G56240,AT2G34460,AT3G61870,AT3G53020,AT5G54160,AT1G53670,AT5G61670,AT4G13940,AT2G24100,AT1G10470,AT3G11930,AT3G24830,AT1G67430	AT5G02500,AT3G47470,AT1G10960,AT4G35090,AT1G51400,AT3G53420,AT1G30380,AT4G33660,AT5G67030,AT3G56940,AT4G05180,AT5G02380,AT5G14740,AT1G08380,AT1G03600,AT3G21055,AT2G45960,AT1G79040,AT4G21280,AT5G24930,AT3G16140,AT1G23740,AT5G64840,AT3G26450,AT1G60950,AT4G34350,AT1G23310,AT4G00430,AT4G28750,AT1G44446,AT4G23670,AT3G51910,AT3G61430,AT4G38740,AT5G19760,AT5G43850,AT4G16980,AT5G06980,AT1G76100,AT4G04640,AT4G33666,AT4G05320,AT4G34620,AT5G57345,AT2G46830,AT4G38840,AT1G52220,AT2G35260,AT4G01050,AT1G03870,AT2G30520,AT3G08580,AT2G30950,AT1G62380,AT3G56910,AT3G47500,AT1G49500,AT3G61870,AT1G08570,AT2G47440,AT5G61670,AT2G29650,AT1G70490,AT2G24100,AT5G43150,AT5G42980,AT4G13010
2	AT1G49720	ABF1	2	67	PWM974	CisBP	M0254_1.01	26	0.0000021410285135576534	0.00017449382385494874	71	AT1G10960,AT3G54890,AT1G15820,AT4G38970,AT2G21330,AT1G52230,AT2G39730,AT2G46820,AT1G61520,AT3G56940,AT5G66570,AT4G05180,AT5G02380,AT5G14740,AT1G06680,AT1G03600,AT1G68010,AT3G21055,AT3G50820,AT2G45960,AT1G79040,AT4G21280,AT5G24930,AT3G16140,AT5G64840,AT1G60950,AT2G38540,AT4G02770,AT4G28750,AT1G07180,AT5G64940,AT4G01150,AT1G44446,AT3G54500,AT3G61430,AT3G12320,AT5G43850,AT5G06980,AT2G34620,AT5G54770,AT2G05620,AT5G15200,AT5G57345,AT1G22850,AT2G46830,AT1G52220,AT1G58290,AT5G52570,AT2G35260,AT1G03870,AT2G40610,AT3G54900,AT2G26690,AT5G64170,AT3G56910,AT5G61410,AT2G41250,AT2G34460,AT1G49500,AT3G61870,AT5G54160,AT1G53670,AT5G25610,AT2G24100,AT5G43150,AT1G33140,AT5G42980,AT3G11930,AT3G24830,AT5G17870,AT1G67430	AT5G02500,AT3G47470,AT1G10960,AT4G35090,AT1G51400,AT3G53420,AT1G30380,AT4G33660,AT5G67030,AT3G56940,AT4G05180,AT5G02380,AT5G14740,AT1G08380,AT1G03600,AT3G21055,AT2G45960,AT1G79040,AT4G21280,AT5G24930,AT3G16140,AT1G23740,AT5G64840,AT3G26450,AT1G60950,AT4G34350,AT1G23310,AT4G00430,AT4G28750,AT1G44446,AT4G23670,AT3G51910,AT3G61430,AT4G38740,AT5G19760,AT5G43850,AT4G16980,AT5G06980,AT1G76100,AT4G04640,AT4G33666,AT4G05320,AT4G34620,AT5G57345,AT2G46830,AT4G38840,AT1G52220,AT2G35260,AT4G01050,AT1G03870,AT2G30520,AT3G08580,AT2G30950,AT1G62380,AT3G56910,AT3G47500,AT1G49500,AT3G61870,AT1G08570,AT2G47440,AT5G61670,AT2G29650,AT1G70490,AT2G24100,AT5G43150,AT5G42980,AT4G13010
2	AT1G49720	ABF1	2	67	PWM1495	CisBP	M2233_1.01	30	0.000008280224604465738	0.0005119463005450714	69	AT1G10960,AT3G54890,AT5G13630,AT1G52230,AT5G67030,AT2G46820,AT1G61520,AT3G56940,AT1G07590,AT5G66570,AT4G05180,AT5G02380,AT1G06680,AT1G03600,AT4G12800,AT3G21055,AT3G50820,AT2G45960,AT1G55670,AT1G79040,AT1G44575,AT4G21280,AT3G16140,AT5G64840,AT1G60950,AT1G23310,AT2G30570,AT4G35250,AT4G28750,AT4G15560,AT3G17800,AT5G64940,AT4G01150,AT5G35630,AT3G54500,AT3G61430,AT4G38740,AT5G43850,AT5G19940,AT5G17310,AT4G16980,AT5G06980,AT5G54770,AT3G22890,AT5G40950,AT2G42220,AT2G46830,AT1G52220,AT1G23390,AT4G01050,AT5G08050,AT2G40610,AT3G54900,AT2G26690,AT5G64170,AT3G56910,AT1G02500,AT2G41250,AT3G47500,AT2G34460,AT3G61870,AT1G08570,AT1G50250,AT1G53670,AT4G13940,AT2G31570,AT1G10470,AT5G51110,AT3G11930	AT5G02500,AT3G47470,AT1G10960,AT4G35090,AT1G51400,AT3G53420,AT1G30380,AT4G33660,AT5G67030,AT3G56940,AT4G05180,AT5G02380,AT5G14740,AT1G08380,AT1G03600,AT3G21055,AT2G45960,AT1G79040,AT4G21280,AT5G24930,AT3G16140,AT1G23740,AT5G64840,AT3G26450,AT1G60950,AT4G34350,AT1G23310,AT4G00430,AT4G28750,AT1G44446,AT4G23670,AT3G51910,AT3G61430,AT4G38740,AT5G19760,AT5G43850,AT4G16980,AT5G06980,AT1G76100,AT4G04640,AT4G33666,AT4G05320,AT4G34620,AT5G57345,AT2G46830,AT4G38840,AT1G52220,AT2G35260,AT4G01050,AT1G03870,AT2G30520,AT3G08580,AT2G30950,AT1G62380,AT3G56910,AT3G47500,AT1G49500,AT3G61870,AT1G08570,AT2G47440,AT5G61670,AT2G29650,AT1G70490,AT2G24100,AT5G43150,AT5G42980,AT4G13010
2	AT1G49720	ABF1	2	67	PWM2170	JASPAR	MA0570.1	35	0.000015855942947184632	0.0008122773058372013	68	AT1G10960,AT3G54890,AT1G52230,AT5G67030,AT2G46820,AT1G61520,AT3G56940,AT1G07590,AT5G66570,AT4G05180,AT5G02380,AT1G06680,AT1G03600,AT4G12800,AT1G68010,AT3G21055,AT3G50820,AT2G45960,AT1G79040,AT1G44575,AT4G21280,AT3G16140,AT5G64840,AT1G60950,AT1G23310,AT2G30570,AT4G35250,AT4G28750,AT4G15560,AT3G17800,AT5G64940,AT4G01150,AT1G44446,AT5G35630,AT3G54500,AT3G61430,AT4G38740,AT5G43850,AT5G19940,AT5G17310,AT4G16980,AT5G06980,AT5G54770,AT3G22890,AT5G40950,AT5G36910,AT2G42220,AT1G52220,AT4G01050,AT5G08050,AT2G40610,AT3G54900,AT2G26690,AT5G64170,AT3G56910,AT1G02500,AT2G41250,AT3G47500,AT2G34460,AT1G08570,AT1G50250,AT1G53670,AT4G13940,AT2G31570,AT1G10470,AT5G51110,AT3G11930,AT4G13010	AT5G02500,AT3G47470,AT1G10960,AT4G35090,AT1G51400,AT3G53420,AT1G30380,AT4G33660,AT5G67030,AT3G56940,AT4G05180,AT5G02380,AT5G14740,AT1G08380,AT1G03600,AT3G21055,AT2G45960,AT1G79040,AT4G21280,AT5G24930,AT3G16140,AT1G23740,AT5G64840,AT3G26450,AT1G60950,AT4G34350,AT1G23310,AT4G00430,AT4G28750,AT1G44446,AT4G23670,AT3G51910,AT3G61430,AT4G38740,AT5G19760,AT5G43850,AT4G16980,AT5G06980,AT1G76100,AT4G04640,AT4G33666,AT4G05320,AT4G34620,AT5G57345,AT2G46830,AT4G38840,AT1G52220,AT2G35260,AT4G01050,AT1G03870,AT2G30520,AT3G08580,AT2G30950,AT1G62380,AT3G56910,AT3G47500,AT1G49500,AT3G61870,AT1G08570,AT2G47440,AT5G61670,AT2G29650,AT1G70490,AT2G24100,AT5G43150,AT5G42980,AT4G13010
2	AT1G03970	GBF4	0	0	PWM994	CisBP	M0319_1.01	13	2.4409517045020757e-8	0.000003978751278338383	77	AT3G47470,AT1G10960,AT3G54890,AT5G13630,AT1G15820,AT4G38970,AT2G21330,AT1G52230,AT2G39730,AT2G46820,AT1G61520,AT3G56940,AT5G01530,AT5G66570,AT4G05180,AT5G02380,AT5G14740,AT1G06680,AT1G03600,AT1G68010,AT3G21055,AT3G50820,AT2G45960,AT1G55670,AT1G79040,AT4G21280,AT5G24930,AT3G16140,AT1G23740,AT5G64840,AT1G60950,AT1G23310,AT2G38540,AT2G30570,AT4G28750,AT4G22890,AT5G64940,AT4G01150,AT1G44446,AT5G35630,AT3G61430,AT4G38740,AT3G12320,AT5G43850,AT5G06980,AT2G34620,AT3G22890,AT4G05320,AT2G05620,AT5G15200,AT5G57345,AT1G22850,AT2G46830,AT1G52220,AT5G52570,AT2G35260,AT4G01050,AT2G30520,AT5G08050,AT2G40610,AT3G54900,AT5G64170,AT3G56910,AT5G61410,AT2G41250,AT2G34460,AT3G61870,AT5G54160,AT1G53670,AT4G13940,AT3G53870,AT2G24100,AT1G10470,AT5G43150,AT1G33140,AT3G24830,AT5G17870	
2	AT5G44080	AT5G44080	0	0	PWM995	CisBP	M0319_1.01	14	2.4409517045020757e-8	0.000003978751278338383	77	AT3G47470,AT1G10960,AT3G54890,AT5G13630,AT1G15820,AT4G38970,AT2G21330,AT1G52230,AT2G39730,AT2G46820,AT1G61520,AT3G56940,AT5G01530,AT5G66570,AT4G05180,AT5G02380,AT5G14740,AT1G06680,AT1G03600,AT1G68010,AT3G21055,AT3G50820,AT2G45960,AT1G55670,AT1G79040,AT4G21280,AT5G24930,AT3G16140,AT1G23740,AT5G64840,AT1G60950,AT1G23310,AT2G38540,AT2G30570,AT4G28750,AT4G22890,AT5G64940,AT4G01150,AT1G44446,AT5G35630,AT3G61430,AT4G38740,AT3G12320,AT5G43850,AT5G06980,AT2G34620,AT3G22890,AT4G05320,AT2G05620,AT5G15200,AT5G57345,AT1G22850,AT2G46830,AT1G52220,AT5G52570,AT2G35260,AT4G01050,AT2G30520,AT5G08050,AT2G40610,AT3G54900,AT5G64170,AT3G56910,AT5G61410,AT2G41250,AT2G34460,AT3G61870,AT5G54160,AT1G53670,AT4G13940,AT3G53870,AT2G24100,AT1G10470,AT5G43150,AT1G33140,AT3G24830,AT5G17870	
2	AT1G75080	BZR1	0	na	PWM2150	JASPAR	MA0550.1	15	1.1612633969035777e-7	0.000013880968470987431	75	AT5G02500,AT2G05070,AT3G47470,AT1G10960,AT3G54890,AT5G13630,AT1G15820,AT2G21330,AT1G52230,AT2G39730,AT2G46820,AT3G56940,AT5G01530,AT1G69530,AT4G05180,AT5G02380,AT5G14740,AT1G06680,AT1G03600,AT4G12800,AT1G68010,AT3G21055,AT2G45960,AT1G55670,AT1G79040,AT1G44575,AT4G21280,AT3G16140,AT5G64840,AT1G60950,AT2G38540,AT2G30570,AT4G28750,AT4G15560,AT3G17800,AT5G64940,AT4G01150,AT1G44446,AT5G35630,AT5G48490,AT3G09680,AT3G61430,AT4G38740,AT3G12320,AT5G43850,AT5G06980,AT1G75690,AT2G34620,AT4G05320,AT5G15200,AT5G57345,AT1G22850,AT2G46830,AT1G52220,AT5G52570,AT4G01050,AT5G08050,AT2G40610,AT3G54900,AT5G64170,AT3G56910,AT5G61410,AT2G41250,AT2G34460,AT3G61870,AT5G54160,AT1G53670,AT5G61670,AT4G13940,AT2G24100,AT1G10470,AT5G43150,AT3G24830,AT5G48485,AT5G17870	na
2	AT1G75080	BZR1	0	na	PWM1390	CisBP	M2213_1.01	17	2.4692659502252455e-7	0.000026043493227963915	74	AT5G02500,AT2G05070,AT3G47470,AT1G10960,AT3G54890,AT5G13630,AT1G15820,AT2G21330,AT1G52230,AT2G39730,AT2G46820,AT3G56940,AT5G01530,AT1G69530,AT4G05180,AT5G02380,AT5G14740,AT1G06680,AT1G03600,AT4G12800,AT1G68010,AT3G21055,AT2G45960,AT1G55670,AT1G79040,AT1G44575,AT4G21280,AT3G16140,AT5G64840,AT1G60950,AT2G38540,AT2G30570,AT4G28750,AT4G15560,AT3G17800,AT5G64940,AT4G01150,AT1G44446,AT5G35630,AT5G48490,AT3G09680,AT3G61430,AT4G38740,AT3G12320,AT5G43850,AT5G06980,AT1G75690,AT2G34620,AT4G05320,AT5G15200,AT5G57345,AT1G22850,AT2G46830,AT1G52220,AT5G52570,AT4G01050,AT5G08050,AT2G40610,AT3G54900,AT5G64170,AT3G56910,AT5G61410,AT2G41250,AT2G34460,AT3G61870,AT5G54160,AT1G53670,AT5G61670,AT4G13940,AT2G24100,AT1G10470,AT5G43150,AT3G24830,AT5G17870	na
2	AT5G61270	PIF7	123	na	PWM2901	DAP-seq	PIF7_col	16	1.1612633969035777e-7	0.000013880968470987431	75	AT1G10960,AT3G54890,AT1G15820,AT2G21330,AT1G52230,AT5G67030,AT1G67740,AT2G39730,AT1G61520,AT3G56940,AT5G01530,AT5G66570,AT1G69530,AT3G61470,AT4G05180,AT5G14740,AT1G06680,AT1G03600,AT4G12800,AT1G68010,AT3G21055,AT3G50820,AT2G45960,AT1G55670,AT1G79040,AT4G21280,AT5G24930,AT3G16140,AT1G60950,AT4G02770,AT4G28750,AT3G17800,AT5G64940,AT4G01150,AT1G44446,AT3G54500,AT3G09680,AT3G61430,AT3G12320,AT5G43850,AT4G16980,AT5G06980,AT2G34620,AT3G22890,AT5G40950,AT5G15200,AT5G57345,AT1G22850,AT5G48930,AT4G38840,AT1G52220,AT5G52570,AT1G54780,AT2G35260,AT4G01050,AT5G51720,AT1G03870,AT2G40610,AT3G54900,AT2G26690,AT5G64170,AT3G56910,AT5G61410,AT2G41250,AT2G34460,AT5G54160,AT5G19510,AT1G53670,AT5G61670,AT3G53870,AT1G10470,AT5G43150,AT3G11930,AT3G24830,AT1G67430	na
2	AT4G36730	AtGBF1	2	0	PWM1292	CisBP	M0264_1.01	18	5.161385102492224e-7	0.00005141313049315865	73	AT3G27690,AT2G05070,AT1G10960,AT3G54890,AT2G34430,AT1G15820,AT2G21330,AT1G52230,AT4G33660,AT5G67030,AT2G39730,AT1G61520,AT3G56940,AT5G66570,AT4G05180,AT5G38430,AT5G02380,AT1G06680,AT1G03600,AT1G68010,AT3G21055,AT3G50820,AT1G79040,AT1G44575,AT4G21280,AT5G24930,AT3G16140,AT5G64840,AT1G65490,AT1G60950,AT1G20340,AT4G35250,AT4G28750,AT4G15560,AT1G07180,AT3G17800,AT5G64940,AT1G44446,AT5G35630,AT3G54500,AT3G51910,AT3G61430,AT3G12320,AT5G06980,AT2G34620,AT5G54770,AT1G76100,AT3G22890,AT5G40950,AT5G15200,AT1G56070,AT5G57345,AT1G52220,AT5G52570,AT1G54780,AT2G35260,AT4G01050,AT1G03870,AT2G40610,AT3G54900,AT2G26690,AT5G64170,AT2G41250,AT3G47500,AT2G34460,AT5G54160,AT1G53670,AT2G40490,AT5G51110,AT3G11930,AT3G24830,AT1G67430,AT4G13010	
2	AT2G43010	AtPIF4	3	38	PWM818	CisBP	M2224_1.01	19	5.161385102492224e-7	0.00005141313049315865	73	AT5G02500,AT1G10960,AT3G54890,AT1G15820,AT2G21330,AT1G52230,AT5G67030,AT1G67740,AT2G39730,AT1G61520,AT3G56940,AT5G01530,AT5G66570,AT3G61470,AT4G05180,AT5G38430,AT5G02380,AT5G14740,AT1G06680,AT1G03600,AT4G12800,AT3G21055,AT3G50820,AT2G45960,AT1G55670,AT1G79040,AT4G21280,AT5G24930,AT3G16140,AT5G64840,AT1G60950,AT2G38540,AT2G30570,AT4G28750,AT1G07180,AT3G17800,AT5G64940,AT1G44446,AT3G54500,AT3G61430,AT4G38740,AT3G12320,AT5G43850,AT5G06980,AT1G75690,AT2G34620,AT3G22890,AT2G05620,AT5G57345,AT1G22850,AT4G38840,AT1G52220,AT5G52570,AT2G35260,AT3G54900,AT2G26690,AT5G64170,AT3G56910,AT5G61410,AT2G41250,AT2G34460,AT3G61870,AT5G54160,AT5G19510,AT1G53670,AT5G61670,AT4G13940,AT5G25610,AT2G24100,AT1G10470,AT3G11930,AT3G24830,AT5G17870	AT3G27690,AT1G10960,AT3G08940,AT3G53420,AT1G03130,AT3G16240,AT1G07590,AT3G61470,AT4G05180,AT1G06680,AT1G03600,AT2G45960,AT5G24930,AT1G20340,AT3G54500,AT3G61430,AT4G38740,AT5G19940,AT4G16980,AT5G06980,AT1G76100,AT2G22990,AT5G52570,AT1G72430,AT2G46600,AT1G03870,AT2G30520,AT3G44300,AT1G62380,AT2G40610,AT1G70410,AT5G16030,AT1G49500,AT5G54160,AT1G08570,AT2G47440,AT5G61670,AT3G24830
2	AT2G43010	AtPIF4	3	38	PWM2161	JASPAR	MA0561.1	24	0.0000021410285135576534	0.00017449382385494874	71	AT5G02500,AT3G47470,AT1G10960,AT3G54890,AT1G15820,AT2G21330,AT1G52230,AT5G67030,AT1G67740,AT1G61520,AT3G56940,AT5G01530,AT5G66570,AT3G61470,AT4G05180,AT5G38430,AT5G02380,AT5G14740,AT1G06680,AT1G03600,AT4G12800,AT3G21055,AT3G50820,AT2G45960,AT1G55670,AT1G79040,AT4G21280,AT5G24930,AT3G16140,AT5G64840,AT1G60950,AT2G38540,AT2G30570,AT4G28750,AT1G07180,AT3G17800,AT5G64940,AT1G44446,AT3G54500,AT3G61430,AT3G12320,AT5G43850,AT5G06980,AT1G75690,AT2G34620,AT3G22890,AT2G05620,AT5G57345,AT1G22850,AT4G38840,AT1G52220,AT5G52570,AT2G35260,AT3G54900,AT2G26690,AT5G64170,AT3G56910,AT5G61410,AT2G41250,AT2G34460,AT3G61870,AT5G54160,AT5G19510,AT1G53670,AT5G61670,AT4G13940,AT5G25610,AT2G24100,AT1G10470,AT3G11930,AT5G17870	AT3G27690,AT1G10960,AT3G08940,AT3G53420,AT1G03130,AT3G16240,AT1G07590,AT3G61470,AT4G05180,AT1G06680,AT1G03600,AT2G45960,AT5G24930,AT1G20340,AT3G54500,AT3G61430,AT4G38740,AT5G19940,AT4G16980,AT5G06980,AT1G76100,AT2G22990,AT5G52570,AT1G72430,AT2G46600,AT1G03870,AT2G30520,AT3G44300,AT1G62380,AT2G40610,AT1G70410,AT5G16030,AT1G49500,AT5G54160,AT1G08570,AT2G47440,AT5G61670,AT3G24830
2	AT3G19290	ABF4	0	122	PWM746	AGRIS		21	0.000001060400791838783	0.00009506493098834689	72	AT1G10960,AT3G54890,AT2G21330,AT1G52230,AT4G33660,AT5G67030,AT1G67740,AT1G61520,AT3G56940,AT5G01530,AT1G07590,AT5G66570,AT1G69530,AT3G61470,AT4G05180,AT5G38430,AT5G23060,AT5G14740,AT1G06680,AT1G68010,AT3G21055,AT3G50820,AT2G45960,AT1G55670,AT1G79040,AT2G25080,AT4G21280,AT3G16140,AT5G64840,AT1G60950,AT4G03280,AT2G06520,AT2G38540,AT4G00430,AT4G35250,AT4G28750,AT4G15560,AT1G07180,AT3G17800,AT5G64940,AT1G44446,AT3G54500,AT3G61430,AT3G12320,AT5G43850,AT1G75690,AT2G34620,AT5G54770,AT3G22890,AT2G42220,AT5G57345,AT1G22850,AT1G52220,AT5G52570,AT1G54780,AT3G54900,AT2G26690,AT5G64170,AT3G56910,AT5G61410,AT2G41250,AT2G34460,AT1G49500,AT3G53020,AT1G53670,AT5G61670,AT4G13940,AT5G51110,AT5G43150,AT3G11930,AT3G24830,AT1G67430	AT5G02500,AT3G27690,AT2G05070,AT3G47470,AT1G10960,AT3G08940,AT3G54890,AT5G13630,AT4G35090,AT1G51400,AT3G53420,AT1G30380,AT4G38970,AT2G21330,AT3G16240,AT4G33660,AT5G67030,AT2G39730,AT2G46820,AT1G61520,AT3G56940,AT5G01530,AT1G69530,AT3G61470,AT4G05180,AT5G02380,AT5G14740,AT1G31330,AT1G06680,AT1G08380,AT1G03600,AT4G12800,AT1G68010,AT3G21055,AT3G50820,AT2G45960,AT1G79040,AT2G25080,AT1G44575,AT4G21280,AT5G24930,AT3G16140,AT1G23740,AT5G64840,AT1G60950,AT4G34350,AT1G23310,AT2G45180,AT2G06520,AT1G20340,AT2G30570,AT4G00430,AT4G35250,AT4G28750,AT4G15560,AT1G07180,AT1G06040,AT4G01150,AT1G44446,AT5G35630,AT3G54500,AT1G14200,AT3G51910,AT4G38740,AT3G16430,AT5G43850,AT5G19940,AT4G16980,AT5G06980,AT1G75690,AT2G34620,AT5G54770,AT1G76100,AT3G22890,AT4G04640,AT4G33666,AT2G22990,AT4G05320,AT2G24270,AT2G05620,AT4G34620,AT2G42220,AT5G57345,AT1G22850,AT5G48930,AT3G58610,AT4G38840,AT1G52220,AT1G54780,AT3G62870,AT1G23390,AT2G35260,AT4G01050,AT2G23600,AT1G03870,AT2G30520,AT2G30950,AT2G40610,AT5G61410,AT2G41250,AT5G16030,AT3G47500,AT1G49500,AT3G61870,AT1G07320,AT4G22570,AT5G54160,AT1G08570,AT2G47440,AT1G53670,AT5G61670,AT4G13940,AT2G40490,AT2G29650,AT5G25610,AT2G42590,AT2G24100,AT1G10470,AT5G51110,AT1G74970,AT5G42980,AT4G13010
2	AT5G28770	AtbZIP63	12	na	PWM1427	CisBP	M0268_1.01	22	0.0000021410285135576534	0.00017449382385494874	71	AT3G27690,AT2G05070,AT2G34430,AT4G38970,AT2G21330,AT1G52230,AT5G67030,AT2G46820,AT1G61520,AT3G56940,AT5G01530,AT5G66570,AT4G10340,AT1G69530,AT4G05180,AT1G06680,AT1G03600,AT3G01500,AT4G12800,AT1G68010,AT3G50820,AT1G79040,AT1G44575,AT4G21280,AT3G16140,AT5G64840,ATCG00470,AT1G60950,AT1G20340,AT2G38540,AT4G35250,AT4G28750,AT4G15560,AT4G22890,AT1G44446,AT3G54500,AT3G09680,AT3G59400,AT3G61430,AT3G12320,AT5G43850,AT5G06980,AT1G75690,AT2G41100,AT2G34620,AT5G54770,AT1G76100,AT3G22890,AT5G40950,AT3G16520,AT2G05620,AT1G52220,AT1G54780,AT1G23390,AT5G65730,AT4G01050,AT1G03870,AT2G40610,AT1G70410,AT5G64170,AT3G47500,AT3G53020,AT2G47440,AT1G53670,AT5G03850,AT2G40490,AT1G70490,AT1G10470,AT5G51110,AT3G24830,AT4G13010	na
2	AT1G09530	PAP3	0	5	PWM1609	PBM		23	0.0000021410285135576534	0.00017449382385494874	71	AT5G02500,AT1G10960,AT3G54890,AT1G15820,AT4G38970,AT2G21330,AT1G52230,AT4G33660,AT1G67740,AT2G39730,AT1G74470,AT1G61520,AT3G56940,AT5G01530,AT1G07590,AT5G66570,AT3G61470,AT4G05180,AT5G23060,AT1G06680,AT4G12800,AT1G68010,AT3G21055,AT3G50820,AT2G45960,AT1G55670,AT1G79040,AT4G21280,AT5G24930,AT3G16140,AT5G64840,AT3G26450,AT1G60950,AT4G02770,AT4G28750,AT1G07180,AT5G64940,AT1G44446,AT3G12320,AT3G16430,AT2G34620,AT3G22890,AT4G33666,AT5G15200,AT5G57345,AT1G22850,ATCG00740,AT1G52220,AT5G52570,AT1G54780,AT5G51720,AT2G34480,AT3G54900,AT2G26690,AT5G64170,AT3G56910,AT1G02500,AT5G61410,AT2G41250,AT3G47500,AT2G34460,AT1G49500,AT5G54160,AT5G02840,AT1G53670,AT5G61670,AT4G13940,AT1G10470,AT3G11930,AT3G24830,AT1G67430	AT1G03600,AT3G54500,AT5G52570,AT3G44300,AT2G47440
2	AT1G09530	PAP3	0	5	PWM1019	CisBP	M2223_1.01	42	0.000055090239365039226	0.0023518285519408414	66	AT5G02500,AT1G10960,AT3G54890,AT1G15820,AT2G21330,AT1G52230,AT5G67030,AT1G67740,AT2G39730,AT1G61520,AT5G01530,AT5G66570,AT3G61470,AT4G05180,AT5G38430,AT5G02380,AT5G14740,AT1G06680,AT1G03600,AT3G01500,AT4G12800,AT3G21055,AT3G50820,AT2G45960,AT1G55670,AT1G79040,AT4G21280,AT5G24930,AT3G16140,AT5G64840,AT1G60950,AT4G28750,AT3G17800,AT5G64940,AT4G01150,AT1G44446,AT3G54500,AT3G09680,AT3G61430,AT3G12320,AT5G43850,AT5G06980,AT1G75690,AT2G34620,AT5G54770,AT3G22890,AT2G05620,AT5G57345,AT1G52220,AT5G52570,AT2G46600,AT1G03870,AT3G54900,AT2G26690,AT5G64170,AT3G56910,AT2G41250,AT2G34460,AT5G54160,AT5G19510,AT1G53670,AT4G13940,AT1G10470,AT5G42980,AT3G11930,AT3G24830	AT1G03600,AT3G54500,AT5G52570,AT3G44300,AT2G47440
2	AT1G09530	PAP3	0	5	PWM2160	JASPAR	MA0560.1	43	0.000055090239365039226	0.0023518285519408414	66	AT5G02500,AT1G10960,AT3G54890,AT1G15820,AT2G21330,AT1G52230,AT5G67030,AT1G67740,AT2G39730,AT1G61520,AT3G56940,AT5G01530,AT5G66570,AT3G61470,AT4G05180,AT5G38430,AT5G02380,AT5G14740,AT1G06680,AT1G03600,AT3G01500,AT4G12800,AT3G21055,AT3G50820,AT2G45960,AT1G55670,AT1G79040,AT4G21280,AT5G24930,AT3G16140,AT5G64840,AT1G60950,AT4G28750,AT3G17800,AT5G64940,AT4G01150,AT1G44446,AT3G54500,AT3G09680,AT3G61430,AT3G12320,AT5G43850,AT5G06980,AT1G75690,AT2G34620,AT3G22890,AT2G05620,AT5G57345,AT1G52220,AT5G52570,AT2G46600,AT1G03870,AT3G54900,AT2G26690,AT5G64170,AT3G56910,AT2G41250,AT2G34460,AT5G54160,AT5G19510,AT1G53670,AT4G13940,AT1G10470,AT5G42980,AT3G11930,AT3G24830	AT1G03600,AT3G54500,AT5G52570,AT3G44300,AT2G47440
2	AT1G09530	PAP3	0	5	PWM1305	CisBP	M2733_1.01	47	0.00009992796884415285	0.0038950184377731754	65	AT1G10960,AT3G54890,AT5G13630,AT1G15820,AT4G38970,AT2G21330,AT1G52230,AT5G67030,AT2G39730,AT1G61520,AT3G56940,AT5G66570,AT1G69530,AT3G61470,AT4G05180,AT5G02380,AT1G06680,AT4G12800,AT3G21055,AT3G50820,AT2G45960,AT1G79040,AT1G44575,AT4G21280,AT5G24930,AT3G16140,AT5G64840,AT3G26450,AT1G60950,AT4G34350,AT1G23310,AT4G28750,AT4G01150,AT4G25050,AT3G61430,AT3G12320,AT3G16430,AT5G43850,AT5G06980,AT2G34620,AT5G54770,AT3G22890,AT4G04640,AT2G05620,AT5G15200,AT5G57345,AT1G22850,AT1G52220,AT5G52570,AT1G54780,AT5G51720,AT3G49910,AT3G54900,AT2G26690,AT5G64170,AT3G56910,AT1G02500,AT2G41250,AT2G34460,AT5G54160,AT5G61670,AT4G13940,AT1G10470,AT3G11930,AT3G24830	AT1G03600,AT3G54500,AT5G52570,AT3G44300,AT2G47440
2	AT1G09530	PAP3	0	5	PWM841	CisBP	M2732_1.01	50	0.00009992796884415285	0.0038950184377731754	65	AT1G10960,AT3G54890,AT2G21330,AT1G52230,AT2G39730,AT2G46820,AT1G61520,AT3G56940,AT5G01530,AT5G66570,AT1G69530,AT3G61470,AT5G02380,AT1G06680,AT1G03600,AT4G12800,AT3G21055,AT2G45960,AT1G79040,AT1G44575,AT4G21280,AT3G16140,AT1G60950,AT1G23310,AT2G38540,AT4G15560,AT1G07180,AT4G22890,AT5G64940,AT4G01150,AT1G44446,AT1G07940,AT5G48490,AT3G51910,AT4G38740,AT3G12320,AT3G16430,AT4G16980,AT5G06980,AT1G75690,AT2G34620,AT3G22890,AT5G57345,AT2G46830,AT1G52220,AT5G52570,AT4G01050,AT1G03870,AT1G32220,AT2G30950,AT3G54900,AT2G26690,AT3G56910,AT2G41250,AT3G47500,AT2G34460,AT1G49500,AT5G54160,AT1G53670,AT4G13940,AT5G03850,AT1G10470,AT3G11930,AT3G24830,AT5G48485	AT1G03600,AT3G54500,AT5G52570,AT3G44300,AT2G47440
2	AT1G09530	PAP3	0	5	PWM962	AthaMAP	T04492	51	0.00009992796884415285	0.0038950184377731754	65	AT1G10960,AT3G54890,AT5G13630,AT1G15820,AT4G38970,AT2G21330,AT1G52230,AT1G03130,AT2G39730,AT1G61520,AT3G56940,AT5G66570,AT1G69530,AT3G61470,AT5G02380,AT1G06680,AT1G03600,AT3G21055,AT3G50820,AT2G45960,AT1G79040,AT1G44575,AT4G21280,AT5G24930,AT3G16140,AT5G64840,AT3G26450,AT1G60950,AT4G34350,AT1G23310,AT4G28750,AT4G01150,AT4G25050,AT3G61430,AT3G16430,AT5G43850,AT5G06980,AT2G34620,AT3G22890,AT4G04640,AT1G02780,AT2G05620,AT5G15200,AT5G57345,AT1G22850,AT1G52220,AT5G52570,AT1G54780,AT5G51720,AT1G03870,AT3G49910,AT3G54900,AT2G26690,AT5G64170,AT3G56910,AT1G02500,AT2G41250,AT2G34460,AT5G54160,AT5G61670,AT4G13940,AT3G53870,AT1G10470,AT3G11930,AT3G24830	AT1G03600,AT3G54500,AT5G52570,AT3G44300,AT2G47440
2	AT1G09530	PAP3	0	5	PWM829	AthaMAP	T04492	63	0.0008992344530514218	0.026431596300347533	61	AT1G10960,AT3G54890,AT2G21330,AT1G52230,AT2G39730,AT2G46820,AT1G61520,AT5G01530,AT5G66570,AT1G69530,AT3G61470,AT4G05180,AT5G02380,AT5G14740,AT1G06680,AT1G03600,AT4G12800,AT3G21055,AT2G45960,AT1G79040,AT4G21280,AT5G24930,AT3G16140,AT1G60950,AT1G23310,AT2G38540,AT4G28750,AT4G15560,AT1G07180,AT4G22890,AT5G64940,AT1G44446,AT5G35630,AT1G07940,AT4G38740,AT3G12320,AT4G16980,AT5G06980,AT1G75690,AT2G34620,AT2G05620,AT5G57345,AT2G46830,AT1G52220,AT5G52570,AT4G01050,AT1G03870,AT3G54900,AT2G26690,AT3G56910,AT2G41250,AT3G47500,AT2G34460,AT5G54160,AT1G53670,AT4G13940,AT2G24100,AT1G10470,AT3G11930,AT3G24830,AT5G17870	AT1G03600,AT3G54500,AT5G52570,AT3G44300,AT2G47440
2	AT5G15830	AtbZIP3	1	0	PWM2913	DAP-seq	BZIP3_col	28	0.000004247818143723494	0.0002820865900628231	70	AT3G27690,AT2G34430,AT4G38970,AT1G52230,AT5G67030,AT2G46820,AT1G61520,AT5G66570,AT4G10340,AT4G05180,AT5G23060,AT1G06680,AT1G03600,AT4G12800,AT5G64040,AT1G68010,AT3G21055,AT3G50820,AT2G45960,AT1G79040,AT1G44575,AT4G21280,AT3G16140,AT5G64840,ATCG00470,AT1G60950,AT4G34350,AT2G06520,AT1G20340,AT4G35250,AT4G28750,AT4G15560,AT3G17800,AT4G22890,AT5G64940,AT1G44446,AT3G54500,AT3G09680,AT3G51910,AT4G29350,AT5G19940,AT5G06980,AT1G75690,AT2G41100,AT2G34620,AT5G54770,AT1G76100,AT3G22890,AT4G04640,AT5G40950,AT2G42220,AT1G52220,AT1G54780,AT1G23390,AT5G65730,AT1G18080,AT4G01050,AT5G08050,AT2G40610,AT2G41250,AT3G47500,AT1G08570,AT1G53670,AT5G61670,AT2G40490,AT1G70490,AT1G10470,AT5G51110,AT3G24830,AT4G13010	
2	AT1G32640	ATMYC2	2	0	PWM622	AthaMAP	T05620	32	0.000008280224604465738	0.0005119463005450714	69	AT1G10960,AT3G08940,AT3G54890,AT5G13630,AT1G15820,AT2G21330,AT1G52230,AT3G16240,AT4G33660,AT5G67030,AT2G46820,AT1G61520,AT3G56940,AT5G01530,AT5G66570,AT3G61470,AT4G05180,AT5G02380,AT5G14740,AT1G06680,AT1G03600,AT4G12800,AT1G68010,AT3G21055,AT3G50820,AT2G45960,AT1G79040,AT1G44575,AT4G21280,AT5G24930,AT3G16140,AT5G64840,AT1G60950,AT1G23310,AT2G38540,AT2G30570,AT4G28750,AT1G07180,AT5G64940,AT1G44446,AT5G35630,AT3G61430,AT3G12320,AT5G43850,AT4G16980,AT5G06980,AT2G34620,AT1G22850,AT2G46830,AT1G52220,AT1G54780,AT2G35260,AT4G01050,AT3G54900,AT2G26690,AT5G64170,AT3G56910,AT1G02500,AT5G61410,AT2G34460,AT3G61870,AT1G53670,AT4G13940,AT2G29650,AT2G24100,AT5G42980,AT3G11930,AT3G24830,AT5G17870	
2	AT4G25470	ATCBF2	98	0	PWM543	AGRIS		36	0.000015855942947184632	0.0008122773058372013	68	AT5G02500,AT1G10960,AT1G15820,AT4G38970,AT2G21330,AT1G52230,AT2G39730,AT1G74470,AT1G61520,AT5G01530,AT1G07590,AT5G66570,AT3G61470,AT4G05180,AT5G02380,AT5G23060,AT1G06680,AT4G12800,AT1G68010,AT3G21055,AT3G50820,AT1G55670,AT1G79040,AT4G21280,AT5G24930,AT3G16140,AT3G26450,AT1G60950,AT4G34350,AT4G02770,AT4G28750,AT3G17800,AT4G25050,AT3G12320,AT3G16430,AT5G43850,AT2G34620,AT3G22890,AT5G15200,AT5G57345,ATCG00740,AT1G52220,AT5G52570,AT1G54780,AT4G01050,AT2G23600,AT1G03870,AT2G34480,AT3G54900,AT2G26690,AT5G64170,AT1G02500,AT2G41250,AT2G34460,AT1G49500,AT3G61870,AT5G54160,AT4G23400,AT5G19510,AT5G02840,AT1G53670,AT4G13940,AT1G10470,AT5G42980,AT3G11930,AT3G24830,AT5G17870,AT1G67430	
2	AT4G01120	ATBZIP54	0	139	PWM1232	CisBP	M0262_1.01	38	0.000029823337702308983	0.001407190644743158	67	AT3G27690,AT3G54890,AT2G34430,AT1G15820,AT2G21330,AT1G52230,AT4G33660,AT5G67030,AT2G39730,AT1G61520,AT5G66570,AT4G05180,AT1G06680,AT1G03600,AT3G01500,AT4G12800,AT1G68010,AT3G50820,AT1G79040,AT1G44575,AT4G21280,AT5G24930,AT3G16140,AT5G64840,AT1G60950,AT4G03280,AT1G20340,AT4G35250,AT4G28750,AT4G15560,AT3G17800,AT5G64940,AT1G44446,AT5G35630,AT3G54500,AT3G51910,AT3G61430,AT4G38740,AT3G12320,AT5G06980,AT2G34620,AT5G54770,AT5G15200,AT5G57345,AT1G52220,AT1G58290,AT1G54780,AT2G35260,AT4G01050,AT2G23600,AT1G03870,AT1G62380,AT2G40610,AT3G54900,AT2G26690,AT5G64170,AT2G41250,AT3G47500,AT1G53670,AT4G13940,AT2G40490,AT5G51110,AT1G33140,AT3G11930,AT3G24830,AT1G67430,AT4G13010	AT5G02500,AT3G27690,AT2G05070,AT3G47470,AT1G10960,AT3G08940,AT3G54890,AT5G13630,AT4G35090,AT1G51400,AT3G53420,AT1G30380,AT4G38970,AT2G21330,AT1G52230,AT1G03130,AT3G16240,AT4G33660,AT5G67030,AT2G39730,AT2G46820,AT1G61520,AT3G56940,AT5G01530,AT4G10340,AT1G69530,AT5G46110,AT4G05180,AT5G02380,AT5G23060,AT5G14740,AT1G31330,AT1G06680,AT1G08380,AT1G03600,AT4G12800,AT5G64040,AT3G26650,AT3G21055,AT3G50820,AT2G45960,AT1G79040,AT2G25080,AT1G44575,AT4G21280,AT5G24930,AT3G16140,AT1G23740,AT1G60950,AT4G34350,AT4G03280,AT1G23310,AT2G45180,AT2G06520,AT1G20340,AT2G30570,AT4G00430,AT4G35250,AT4G28750,AT4G15560,AT1G07180,AT5G64940,AT1G06040,AT4G30950,AT1G44446,AT5G35630,AT5G20290,AT3G54500,AT1G14200,AT4G23670,AT3G51910,AT3G16430,AT5G43850,AT5G19940,AT5G17310,AT4G16980,AT5G06980,AT1G75690,AT2G41100,AT2G34620,AT5G54770,AT1G76100,AT3G22890,AT4G04640,AT4G33666,AT5G40950,AT2G22990,AT4G05320,AT2G24270,AT4G34620,AT2G42220,AT5G57345,AT1G22850,AT2G46830,AT5G48930,AT4G27960,AT3G58610,AT4G38840,AT1G58290,AT1G72430,AT1G54780,AT1G23390,AT5G65730,AT2G35260,AT2G46600,AT4G01050,AT2G23600,AT1G03870,AT2G30520,AT1G62380,AT2G40610,AT1G70410,AT1G02500,AT5G61410,AT2G41250,AT3G54210,AT5G16030,AT3G47500,AT1G49500,AT3G61870,AT1G07320,AT5G54160,AT1G08570,AT5G02840,AT2G47440,AT3G04400,AT1G53670,AT5G61670,AT4G13940,AT2G40490,AT2G29650,AT2G31570,AT2G42590,AT2G24100,AT1G10470,AT5G51110,AT5G42980,AT2G24090,AT4G13010
2	AT4G36930	SPT	2	0	PWM1293	CisBP	M0161_1.01	39	0.000029823337702308983	0.001407190644743158	67	AT5G02500,AT1G10960,AT2G21330,AT1G52230,AT5G67030,AT1G67740,AT2G39730,AT1G61520,AT3G56940,AT5G66570,AT1G69530,AT3G61470,AT4G05180,AT5G14740,AT1G06680,AT1G03600,AT3G01500,AT4G12800,AT1G68010,AT3G21055,AT3G50820,AT2G45960,AT1G55670,AT1G79040,AT4G21280,AT5G24930,AT3G16140,AT5G64840,AT1G65490,AT1G60950,AT4G03280,AT4G35250,AT4G28750,AT3G17800,AT4G22890,AT1G44446,AT3G54500,AT3G61430,AT3G12320,AT5G43850,AT5G06980,AT2G34620,AT5G54770,AT3G22890,AT2G05620,AT5G15200,AT1G56070,AT5G57345,ATCG00740,AT5G48930,AT1G52220,AT5G65730,AT1G03870,AT2G40610,AT5G64170,AT2G41250,AT2G34460,AT5G54160,AT5G19510,AT1G53670,AT5G61670,AT1G10470,AT1G33140,AT3G11930,AT3G24830,AT5G17870,AT1G67430	
2	AT4G36930	SPT	2	0	PWM2657	JASPAR	MA1061.1	44	0.000055090239365039226	0.0023518285519408414	66	AT5G02500,AT1G10960,AT2G21330,AT1G52230,AT5G67030,AT1G67740,AT2G39730,AT1G61520,AT3G56940,AT5G66570,AT1G69530,AT3G61470,AT4G05180,AT5G14740,AT1G06680,AT1G03600,AT3G01500,AT4G12800,AT1G68010,AT3G21055,AT3G50820,AT2G45960,AT1G55670,AT1G79040,AT4G21280,AT5G24930,AT3G16140,AT5G64840,AT1G65490,AT1G60950,AT4G03280,AT4G35250,AT4G28750,AT3G17800,AT4G22890,AT1G44446,AT3G54500,AT3G61430,AT3G12320,AT5G43850,AT5G06980,AT2G34620,AT5G54770,AT3G22890,AT2G05620,AT5G15200,AT1G56070,AT5G57345,ATCG00740,AT5G48930,AT1G52220,AT5G65730,AT1G03870,AT5G64170,AT2G41250,AT2G34460,AT5G54160,AT5G19510,AT1G53670,AT5G61670,AT1G10470,AT1G33140,AT3G11930,AT3G24830,AT5G17870,AT1G67430	
2	AT5G67110	ALC	13	na	PWM1294	CisBP	M0161_1.01	40	0.000029823337702308983	0.001407190644743158	67	AT5G02500,AT1G10960,AT2G21330,AT1G52230,AT5G67030,AT1G67740,AT2G39730,AT1G61520,AT3G56940,AT5G66570,AT1G69530,AT3G61470,AT4G05180,AT5G14740,AT1G06680,AT1G03600,AT3G01500,AT4G12800,AT1G68010,AT3G21055,AT3G50820,AT2G45960,AT1G55670,AT1G79040,AT4G21280,AT5G24930,AT3G16140,AT5G64840,AT1G65490,AT1G60950,AT4G03280,AT4G35250,AT4G28750,AT3G17800,AT4G22890,AT1G44446,AT3G54500,AT3G61430,AT3G12320,AT5G43850,AT5G06980,AT2G34620,AT5G54770,AT3G22890,AT2G05620,AT5G15200,AT1G56070,AT5G57345,ATCG00740,AT5G48930,AT1G52220,AT5G65730,AT1G03870,AT2G40610,AT5G64170,AT2G41250,AT2G34460,AT5G54160,AT5G19510,AT1G53670,AT5G61670,AT1G10470,AT1G33140,AT3G11930,AT3G24830,AT5G17870,AT1G67430	na
2	AT2G18160	ATBZIP2	0	na	PWM2932	DAP-seq	GBF5_col	41	0.000029823337702308983	0.001407190644743158	67	AT3G27690,AT2G34430,AT1G30380,AT5G67030,AT2G46820,AT1G61520,AT5G66570,AT4G10340,AT4G05180,AT5G23060,AT1G06680,AT1G03600,AT4G12800,AT5G64040,AT1G68010,AT3G21055,AT3G50820,AT2G45960,AT1G79040,AT1G44575,AT4G21280,AT3G16140,ATCG00470,AT1G60950,AT4G34350,AT2G06520,AT4G35250,AT4G28750,AT4G15560,AT3G17800,AT4G22890,AT5G64940,AT1G44446,AT5G35630,AT3G54500,AT3G09680,AT3G51910,AT4G29350,AT5G19940,AT5G06980,AT1G75690,AT2G41100,AT5G54770,AT1G76100,AT3G22890,AT4G04640,AT5G40950,AT2G42220,ATCG00440,AT1G54780,AT1G23390,AT5G65730,AT1G18080,AT4G01050,AT1G03870,AT2G40610,AT2G41250,AT1G04270,AT3G47500,AT1G08570,AT1G53670,AT5G61670,AT2G40490,AT1G10470,AT5G51110,AT5G17870,AT4G13010	na
2	AT5G08520	At5g08520	0	0	PWM3322	DAP-seq	AT5G08520_col	45	0.000055090239365039226	0.0023518285519408414	66	AT5G02500,AT3G08940,AT1G30380,AT2G21330,AT1G52230,AT5G67030,AT1G61520,AT5G01530,AT5G46110,AT1G64720,AT3G61470,AT4G05180,AT5G38430,AT5G14740,AT1G03600,AT3G01500,AT4G12800,AT5G64040,AT3G26650,AT3G21055,AT1G79040,AT2G25080,AT1G23740,AT1G20340,AT4G02770,AT3G15850,AT4G22890,AT4G30950,AT4G32260,AT5G35630,AT3G54500,AT5G09660,AT1G14200,AT1G79850,AT3G16430,AT5G17310,AT1G75690,AT1G76100,AT2G22990,AT2G24270,AT4G34620,AT1G56070,AT1G21500,AT4G09010,AT4G38840,AT1G52220,AT1G23390,AT3G27850,AT3G44300,AT2G43030,AT1G64510,AT5G64170,AT5G41520,AT2G41250,AT3G54210,AT5G16030,AT2G31380,AT2G34460,AT1G49500,AT1G08570,AT5G27850,AT2G47440,AT1G23490,AT2G26500,AT1G64860,AT5G17870	
2	AT2G20180	PIF1	1	0	PWM1238	CisBP	M2215_1.01	46	0.00009992796884415285	0.0038950184377731754	65	AT1G10960,AT3G54890,AT5G13630,AT1G15820,AT2G21330,AT1G52230,AT5G67030,AT1G61520,AT3G56940,AT5G01530,AT5G66570,AT1G69530,AT4G05180,AT1G06680,AT1G03600,AT4G12800,AT1G68010,AT3G21055,AT3G50820,AT2G45960,AT1G79040,AT1G44575,AT4G21280,AT5G24930,AT3G16140,AT5G64840,AT1G60950,AT1G23310,AT2G30570,AT4G28750,AT3G17800,AT5G64940,AT4G01150,AT1G44446,AT3G54500,AT3G09680,AT3G61430,AT4G38740,AT3G12320,AT5G43850,AT4G16980,AT5G06980,AT2G34620,AT3G16520,AT2G05620,AT1G22850,AT1G52220,AT5G52570,AT4G01050,AT2G30520,AT5G08050,AT3G54900,AT2G26690,AT5G61410,AT2G41250,AT5G16030,AT2G34460,AT5G19510,AT1G53670,AT5G61670,AT1G33140,AT3G11930,AT3G24830,AT5G17870,AT4G13010	
2	AT2G20180	PIF1	1	0	PWM1082	CisBP	M0155_1.01	52	0.00017796438423871728	0.006136348864231155	64	AT1G10960,AT3G54890,AT5G13630,AT1G15820,AT2G21330,AT1G52230,AT5G67030,AT3G56940,AT5G01530,AT5G66570,AT1G69530,AT4G05180,AT1G06680,AT1G03600,AT4G12800,AT1G68010,AT3G21055,AT3G50820,AT2G45960,AT1G79040,AT1G44575,AT4G21280,AT5G24930,AT3G16140,AT5G64840,AT1G60950,AT1G23310,AT2G30570,AT4G28750,AT3G17800,AT5G64940,AT4G01150,AT1G44446,AT3G54500,AT3G09680,AT3G61430,AT4G38740,AT3G12320,AT5G43850,AT4G16980,AT5G06980,AT2G34620,AT3G16520,AT2G05620,AT1G22850,AT1G52220,AT5G52570,AT4G01050,AT2G30520,AT5G08050,AT3G54900,AT2G26690,AT5G61410,AT2G41250,AT5G16030,AT2G34460,AT5G19510,AT1G53670,AT5G61670,AT1G33140,AT3G11930,AT3G24830,AT5G17870,AT4G13010	
2	AT2G20180	PIF1	1	0	PWM2152	JASPAR	MA0552.1	53	0.00017796438423871728	0.006136348864231155	64	AT1G10960,AT3G54890,AT5G13630,AT1G15820,AT2G21330,AT1G52230,AT5G67030,AT3G56940,AT5G01530,AT5G66570,AT1G69530,AT4G05180,AT1G06680,AT1G03600,AT4G12800,AT1G68010,AT3G21055,AT3G50820,AT2G45960,AT1G79040,AT1G44575,AT4G21280,AT5G24930,AT3G16140,AT5G64840,AT1G60950,AT1G23310,AT2G30570,AT4G28750,AT3G17800,AT5G64940,AT4G01150,AT1G44446,AT3G54500,AT3G09680,AT3G61430,AT4G38740,AT3G12320,AT5G43850,AT4G16980,AT5G06980,AT2G34620,AT3G16520,AT2G05620,AT1G22850,AT1G52220,AT5G52570,AT4G01050,AT2G30520,AT5G08050,AT3G54900,AT2G26690,AT5G61410,AT2G41250,AT5G16030,AT2G34460,AT5G19510,AT1G53670,AT5G61670,AT1G33140,AT3G11930,AT3G24830,AT5G17870,AT4G13010	
2	AT4G00250	AT4G00250	0	0	PWM3125	DAP-seq	AT4G00250_col	48	0.00009992796884415285	0.0038950184377731754	65	AT5G02500,AT3G08940,AT1G30380,AT2G21330,AT1G67740,AT1G61520,AT5G01530,AT1G64720,AT3G61470,AT4G05180,AT5G14740,AT3G01500,AT4G12800,AT5G64040,AT3G21055,AT1G79040,AT2G25080,AT4G34350,AT4G03280,AT4G02770,AT4G28750,AT1G07180,AT4G20360,AT4G32260,AT5G35630,AT3G54500,AT1G14200,AT4G25050,AT5G12470,AT5G06980,AT1G75690,AT3G22890,AT2G22990,AT4G05320,AT4G34620,AT4G33865,AT1G21500,AT1G72430,AT1G23390,AT1G18080,AT2G23600,AT2G34480,AT1G70410,AT5G64170,AT3G56910,AT5G41520,AT2G41250,AT3G54210,AT5G27700,AT3G47500,AT2G34460,AT1G49500,AT1G07320,AT1G08570,AT5G27850,AT1G23490,AT5G47930,AT3G02080,AT4G13940,AT2G26500,AT2G29650,AT1G70490,AT1G74970,AT1G22780,AT5G17870	
2	AT5G04760	AT5G04760	0	157	PWM820	CisBP	M1238_1.01	49	0.00009992796884415285	0.0038950184377731754	65	AT3G08940,AT1G52230,AT5G67030,AT1G61520,AT5G01530,AT5G66570,AT3G61470,AT4G05180,AT5G38430,AT5G23060,AT5G14740,AT1G06680,AT1G03600,AT3G01500,AT3G26650,AT3G21055,AT3G50820,AT2G45960,AT2G25080,AT4G21280,AT3G16140,AT1G65490,AT4G34350,AT4G03280,AT1G20340,AT4G00430,AT4G02770,AT5G64940,AT4G32260,AT5G35630,AT5G09660,AT4G23670,AT4G25050,AT1G79850,AT1G75690,AT3G22890,AT4G04640,AT5G40950,AT2G22990,AT4G05320,AT3G62030,AT4G34620,AT4G33865,AT1G15930,AT1G52220,AT1G72430,AT1G23390,AT2G35260,AT1G03870,AT2G30520,ATCG00180,AT3G44300,AT2G34480,AT2G41250,AT5G16030,AT3G47500,AT1G49500,AT4G23400,AT5G27850,AT1G23490,AT3G09200,AT4G13940,AT1G70490,AT5G17870,AT3G25520	AT2G05070,AT3G47470,AT1G10960,AT3G08940,AT5G54270,AT3G54890,AT4G35090,AT1G51400,AT3G53420,AT1G30380,AT1G03130,AT3G16240,AT4G33660,AT5G67030,AT1G67740,AT2G39730,AT2G46820,AT1G74470,AT1G61520,AT3G56940,AT5G01530,AT4G10340,AT1G69530,AT5G46110,AT1G64720,AT4G05180,AT5G14740,AT1G31330,AT1G06680,AT1G08380,AT1G03600,AT3G01500,AT4G12800,AT5G64040,AT1G68010,AT3G26650,AT3G21055,AT3G50820,AT2G45960,AT1G79040,AT2G25080,AT1G44575,AT4G21280,AT3G15353,AT5G24930,AT3G16140,AT1G23740,AT1G60950,AT4G34350,AT4G03280,AT1G23310,AT2G45180,AT2G06520,AT1G20340,AT2G30570,AT4G00430,AT4G35250,AT4G02770,AT4G28750,AT4G15560,AT1G07180,AT1G14320,AT3G17800,AT1G06040,AT4G20360,AT4G32260,AT4G01150,AT1G44446,AT5G35630,AT5G48490,AT3G54500,AT5G09660,AT1G14200,AT4G23670,AT3G51910,AT4G25050,AT3G61430,AT5G19760,AT1G79850,AT3G16430,AT5G19940,AT4G16980,AT5G06980,AT1G75690,AT2G41100,AT5G54770,AT1G76100,AT3G22890,AT4G04640,AT4G33666,AT2G22990,AT4G05320,AT3G16520,AT2G24270,AT2G05620,AT3G62030,AT4G34620,AT5G57345,AT1G21500,AT3G63140,AT5G48930,AT3G58610,AT4G09010,AT4G38840,AT1G52220,AT1G58290,AT5G52570,AT1G72430,AT1G54780,AT1G23390,AT1G18080,AT2G35260,AT2G46600,AT4G01050,AT2G23600,AT1G03870,AT2G30520,AT3G08580,AT3G44300,AT1G62380,AT2G43030,AT1G19450,AT3G52590,AT2G40610,AT4G17390,AT1G70410,AT3G56910,AT1G35680,AT5G61410,AT2G41250,AT3G56240,AT4G25080,AT3G54210,AT5G16030,AT3G47500,AT1G49500,AT4G22570,AT5G54160,AT4G23400,AT1G08570,AT5G02840,AT5G27850,AT2G47440,AT1G23490,AT5G61670,AT2G26500,AT2G29650,AT1G09690,AT2G31570,AT4G27090,AT2G42590,AT2G24100,AT1G10470,AT5G51110,AT5G17870,AT2G24090,AT4G13010
2	AT2G04038	AtbZIP48	3	na	PWM2919	DAP-seq	BZIP48_col	54	0.00017796438423871728	0.006136348864231155	64	AT3G27690,AT2G05070,AT3G47470,AT2G34430,AT1G15820,AT1G30380,AT4G38970,AT4G33660,AT5G67030,AT2G46820,AT5G66570,AT4G10340,AT5G23060,AT1G06680,AT4G12800,AT5G64040,AT1G68010,AT3G50820,AT2G45960,AT1G79040,AT1G44575,AT3G16140,AT5G64840,ATCG00470,AT4G34350,AT2G06520,AT1G20340,AT4G00430,AT4G35250,AT4G28750,AT4G15560,AT4G22890,AT5G35630,AT3G54500,AT3G09680,AT3G51910,AT4G29350,AT5G19940,AT5G06980,AT2G41100,AT5G54770,AT1G76100,AT3G22890,AT4G04640,AT5G40950,ATCG00440,AT1G54780,AT1G23390,AT5G65730,AT1G18080,AT4G01050,AT1G03870,AT2G40610,AT5G61410,AT2G41250,AT3G47500,AT1G08570,AT3G04400,AT5G61670,AT5G47930,AT2G40490,AT2G26500,AT5G51110,AT4G13010	na
2	AT5G49450	AtbZIP1	1	0	PWM437	AthaMAP		55	0.00017796438423871728	0.006136348864231155	64	AT1G10960,AT3G54890,AT5G13630,AT1G15820,AT3G53420,AT4G38970,AT2G21330,AT1G52230,AT4G33660,AT1G67740,AT2G39730,AT1G61520,AT3G56940,AT1G07590,AT5G66570,AT1G69530,AT3G61470,AT5G02380,AT1G06680,AT1G03600,AT1G68010,AT3G21055,AT3G50820,AT2G45960,AT1G55670,AT1G44575,AT4G21280,AT3G16140,AT1G60950,AT1G23310,AT4G28750,AT4G15560,ATCG00540,AT5G64940,AT1G44446,AT4G25050,AT3G16430,AT5G43850,AT2G34620,AT5G54770,AT3G22890,AT4G33666,AT5G57345,AT2G46830,AT1G52220,AT5G52570,AT1G54780,AT5G51720,AT2G34480,AT2G40610,AT3G54900,AT2G26690,AT5G64170,AT1G02500,AT2G41250,AT3G54210,AT2G34460,AT3G53020,AT5G54160,AT5G02840,AT4G13940,AT1G10470,AT3G11930,AT1G67430	
2	AT3G23210	bHLH34	1	0	PWM2887	DAP-seq	BHLH34_col	56	0.000311137628881832	0.0099619601533058	63	AT2G05070,AT1G10960,AT3G54890,AT2G21330,AT1G52230,AT5G67030,AT1G67740,AT2G46820,AT3G56940,AT5G01530,AT1G07590,AT5G66570,AT1G69530,AT3G61470,AT4G05180,AT5G02380,AT1G06680,AT1G03600,AT1G68010,AT3G21055,AT3G50820,AT2G45960,AT1G79040,AT4G21280,AT5G24930,AT3G16140,AT5G64840,AT1G60950,AT4G03280,AT1G23310,AT4G28750,AT4G22890,AT5G64940,AT4G01150,AT1G44446,AT5G35630,AT3G12320,AT5G12470,AT5G43850,AT5G06980,AT2G34620,AT2G05620,AT5G15200,AT5G57345,AT1G22850,AT2G46830,AT1G52220,AT4G01050,AT1G03870,AT3G08580,AT5G08050,AT3G54900,AT2G26690,AT5G64170,AT3G56910,AT5G61410,AT2G34460,AT1G53670,AT5G61670,AT5G43150,AT3G11930,AT3G24830,AT5G17870	
2	AT5G38800	AtbZIP43	16	na	PWM2916	DAP-seq	BZIP43_col	57	0.000311137628881832	0.0099619601533058	63	AT3G27690,AT2G05070,AT1G15820,AT1G30380,AT2G21330,AT5G67030,AT2G46820,AT5G66570,AT4G10340,AT1G69530,AT4G05180,AT1G06680,AT3G01500,AT4G12800,AT5G64040,AT1G68010,AT3G50820,AT1G79040,AT1G44575,AT3G16140,AT5G64840,ATCG00470,AT2G06520,AT1G20340,AT4G00430,AT4G35250,AT4G15560,AT4G22890,AT1G44446,AT5G35630,AT3G54500,AT3G09680,AT3G51910,AT5G19760,AT4G29350,AT5G19940,AT1G75690,AT2G41100,AT5G54770,AT1G76100,AT3G22890,AT4G04640,AT5G40950,ATCG00440,AT5G52570,AT1G23390,AT5G65730,AT1G18080,AT4G01050,AT1G03870,AT1G19450,AT2G40610,AT5G61410,AT2G41250,AT3G47500,AT3G04400,AT5G61670,AT2G40490,AT5G25610,AT2G42590,AT5G51110,AT5G17870,AT4G13010	na
2	AT1G01260	JAM2	0	0	PWM897	CisBP	M0149_1.01	58	0.000311137628881832	0.0099619601533058	63	AT5G02500,AT2G05070,AT1G10960,AT1G15820,AT2G21330,AT1G52230,AT5G67030,AT2G39730,AT1G61520,AT3G56940,AT5G66570,AT1G69530,AT3G61470,AT4G05180,AT5G02380,AT5G14740,AT1G06680,AT1G03600,AT4G12800,AT1G68010,AT3G21055,AT3G50820,AT2G45960,AT1G55670,AT1G79040,AT4G21280,AT5G24930,AT3G16140,AT1G60950,AT4G03280,AT2G38540,AT2G30570,AT4G28750,AT3G17800,AT4G22890,AT4G01150,AT1G44446,AT3G61430,AT3G12320,AT5G43850,AT5G06980,AT2G34620,AT3G22890,AT2G05620,AT5G15200,AT5G57345,AT1G52220,AT5G52570,AT2G35260,AT1G03870,AT2G40610,AT5G64170,AT2G41250,AT2G34460,AT3G61870,AT5G54160,AT5G19510,AT3G53870,AT1G10470,AT5G43150,AT3G11930,AT3G24830,AT5G17870	
2	AT5G57150	AT5G57150	0	na	PWM898	CisBP	M0149_1.01	59	0.000311137628881832	0.0099619601533058	63	AT5G02500,AT2G05070,AT1G10960,AT1G15820,AT2G21330,AT1G52230,AT5G67030,AT2G39730,AT1G61520,AT3G56940,AT5G66570,AT1G69530,AT3G61470,AT4G05180,AT5G02380,AT5G14740,AT1G06680,AT1G03600,AT4G12800,AT1G68010,AT3G21055,AT3G50820,AT2G45960,AT1G55670,AT1G79040,AT4G21280,AT5G24930,AT3G16140,AT1G60950,AT4G03280,AT2G38540,AT2G30570,AT4G28750,AT3G17800,AT4G22890,AT4G01150,AT1G44446,AT3G61430,AT3G12320,AT5G43850,AT5G06980,AT2G34620,AT3G22890,AT2G05620,AT5G15200,AT5G57345,AT1G52220,AT5G52570,AT2G35260,AT1G03870,AT2G40610,AT5G64170,AT2G41250,AT2G34460,AT3G61870,AT5G54160,AT5G19510,AT3G53870,AT1G10470,AT5G43150,AT3G11930,AT3G24830,AT5G17870	na
2	AT4G14410	bHLH104	0	0	PWM2877	DAP-seq	BHLH104_col	60	0.0005339314912197983	0.015955652729284973	62	AT2G05070,AT1G10960,AT3G54890,AT2G21330,AT1G52230,AT5G67030,AT2G46820,AT1G61520,AT3G56940,AT5G01530,AT5G66570,AT3G61470,AT4G05180,AT5G14740,AT1G06680,AT1G03600,AT1G68010,AT3G21055,AT3G50820,AT2G45960,AT4G21280,AT3G16140,AT1G23740,AT1G60950,AT4G03280,AT2G38540,AT4G28750,AT3G17800,AT4G22890,AT4G01150,AT1G44446,AT5G35630,AT3G09680,AT4G25050,AT3G12320,AT5G12470,AT5G43850,AT5G06980,AT2G34620,AT2G05620,AT1G22850,AT2G46830,AT1G52220,AT5G52570,AT4G01050,AT1G03870,AT5G08050,AT3G54900,AT2G26690,AT5G64170,AT3G56910,AT5G61410,AT2G41250,AT3G61870,AT5G19510,AT1G53670,AT5G61670,AT1G09690,AT5G43150,AT3G11930,AT3G24830,AT5G17870	
2	AT5G05790	At5g05790	2	0	PWM3321	DAP-seq	AT5G05790_col	61	0.0008992344530514218	0.026431596300347533	61	AT1G52230,AT3G56940,AT5G01530,AT5G46110,AT1G64720,AT3G61470,AT5G14740,AT1G03600,AT3G01500,AT5G64040,AT3G21055,AT2G45960,AT1G79040,AT2G25080,AT1G23740,AT1G60950,AT2G06520,AT1G20340,AT4G00430,AT4G35250,AT4G02770,AT1G07180,AT3G15850,AT5G64940,AT1G06040,AT4G30950,AT4G32260,AT1G14200,AT4G23670,AT3G61430,AT4G38740,AT1G79850,AT4G09650,AT5G17310,AT3G22890,AT4G04640,AT2G22990,AT2G24270,AT2G05620,AT4G34620,AT5G36910,AT2G46830,AT1G52220,AT1G72430,AT3G44300,AT2G43030,AT3G52590,AT3G56240,AT3G54210,AT5G16030,AT2G31380,AT1G49500,AT5G27850,AT1G23490,AT4G26230,AT2G31570,AT1G10470,AT1G74970,AT5G17870,AT3G25520,AT2G24090	
2	AT5G56840	AT5G56840	1	na	PWM3328	DAP-seq	AT5G56840_col	62	0.0008992344530514218	0.026431596300347533	61	AT5G02500,AT3G08940,AT1G30380,AT2G21330,AT1G52230,AT5G01530,AT4G10340,AT5G46110,AT1G64720,AT3G61470,AT4G05180,AT5G14740,AT3G01500,AT4G12800,AT3G21055,AT2G25080,AT1G23740,AT1G65490,AT4G03280,AT1G20340,AT4G35250,AT4G02770,AT4G28750,AT1G07180,AT4G32260,AT5G35630,AT1G14200,AT3G61430,AT1G75690,AT3G22890,AT2G22990,AT4G05320,AT4G34620,AT4G33865,AT1G21500,AT4G38840,AT1G52220,AT1G72430,AT1G23390,AT1G18080,AT2G34480,AT2G43030,AT1G70410,AT5G64170,AT3G56910,AT5G41520,AT2G41250,AT5G16030,AT2G34460,AT1G49500,AT5G54160,AT1G08570,AT5G27850,AT2G47440,AT1G23490,AT5G47930,AT3G02080,AT2G26500,AT5G42980,AT1G22780,AT5G17870	na
2	AT5G47390	At5g47390	2	na	PWM948	CisBP	M1246_1.01	64	0.0008992344530514218	0.026431596300347533	61	AT3G08940,AT3G54890,AT1G30380,AT2G21330,AT1G52230,AT5G67030,AT1G61520,AT5G01530,AT1G64720,AT3G61470,AT5G14740,AT1G03600,AT3G01500,AT5G64040,AT3G21055,AT1G79040,AT2G25080,AT1G44575,AT4G21280,AT5G24930,AT1G65490,AT1G60950,AT4G34350,AT2G30570,AT4G02770,AT4G15560,AT5G64940,AT5G35630,AT3G54500,AT1G14200,AT3G16430,AT5G17310,AT1G75690,AT3G22890,AT2G22990,AT2G24270,AT4G34620,AT4G33865,AT1G56070,AT1G52220,AT1G72430,AT1G23390,AT2G23600,AT1G32220,AT3G08580,AT2G34480,AT2G40610,AT3G54900,AT5G64170,AT3G56910,AT2G41250,AT4G25080,AT3G54210,AT1G49500,AT1G08570,AT5G27850,AT2G47440,AT1G23490,AT3G09200,AT4G13940,AT5G60600	na
2	AT5G47390	At5g47390	2	na	PWM3324	DAP-seq	AT5G47390_col	66	0.0014861294960194877	0.04099431055942987	60	AT5G02500,AT3G08940,AT1G30380,AT2G21330,AT4G33660,AT1G67740,AT5G01530,AT1G64720,AT3G61470,AT4G05180,AT5G14740,AT4G12800,AT5G64040,AT3G21055,AT1G79040,AT2G25080,AT1G65490,AT4G34350,AT4G03280,AT4G02770,AT5G35630,AT1G14200,AT3G51910,AT5G12470,AT5G43850,AT5G17310,AT1G75690,AT2G34620,AT3G22890,AT4G33666,AT2G22990,AT4G34620,AT4G33865,AT1G58290,AT1G23390,AT1G18080,AT2G23600,AT2G43030,AT1G70410,AT2G26690,AT5G64170,AT3G56910,AT5G41520,AT1G35680,AT2G41250,AT3G54210,AT5G27700,AT3G47500,AT2G34460,AT1G49500,AT1G08570,AT5G27850,AT1G23490,AT5G47930,AT3G02080,AT4G13940,AT2G40490,AT1G70490,AT1G22780,AT5G17870	na
3	AT3G12820	AtMYB10	0	na	PWM3226	DAP-seq	MYB10_col	1	0.0000010091283953849468	0.0018093672129252097	58	AT4G33010,AT2G26080,AT3G02468,AT1G37130,AT2G30860,AT5G04140,AT5G13930,AT4G37930,AT3G26570,AT1G09310,AT1G32060,AT5G13650,AT4G10120,AT5G35970,AT1G78370,AT1G17220,AT5G46800,AT1G15690,AT4G13770,AT3G25690,AT3G11170,AT1G44000,AT3G06510,AT3G51920,AT4G13430,AT2G30870,AT4G34050,AT4G34190,AT3G53260,AT3G23810,AT1G51680,AT1G24020,AT3G02020,AT1G67700,AT4G38770,AT5G38520,AT5G67370,AT1G01790,AT5G43750,AT3G19710,AT4G04610,AT3G26060,AT3G23390,AT3G19450,AT1G65930,AT3G21670,AT3G24170,AT5G28840,AT2G34860,AT5G52650,AT4G39940,AT4G30530,AT3G56360,AT5G22620,AT2G31400,AT5G23010,AT4G10300,AT3G59970	na
3	AT5G62320	ATMYB99	2	na	PWM3298	DAP-seq	MYB99_col	2	0.0000010091283953849468	0.0018093672129252097	58	AT4G33010,AT2G26080,AT1G42970,AT1G12900,AT1G37130,AT2G30860,AT5G04140,AT5G13930,AT4G37930,AT3G26570,AT3G60750,AT1G32060,AT5G13650,AT5G35970,AT3G61440,AT1G78370,AT1G17220,AT4G28080,AT1G15690,AT4G13770,AT3G11170,AT1G17100,AT3G51920,AT4G13430,AT2G01250,AT3G14210,AT2G30870,AT4G34050,AT4G34190,AT3G53260,AT3G23810,AT1G51680,AT1G67700,AT3G52720,AT4G38770,AT2G10940,AT5G43750,AT1G68660,AT3G19710,AT4G04610,AT3G54660,AT1G75280,AT3G19450,AT4G29060,AT1G50020,AT3G21670,AT5G10980,AT5G28840,AT2G34860,AT4G39940,AT4G30530,AT1G11840,AT5G22620,AT2G31400,AT5G23010,AT5G28500,AT5G19250,AT3G59970	na
3	AT3G56850	AREB3	0	1	PWM2906	DAP-seq	AREB3_col	3	0.0000022366995619435423	0.0013368007715215905	57	AT3G02468,AT3G55800,AT1G11860,AT3G02380,AT4G39800,AT1G32060,AT5G13650,AT3G54050,AT3G61440,AT2G13360,AT1G32900,AT5G02120,AT3G28270,AT1G43670,AT1G17220,AT4G28080,AT1G74730,AT3G01060,AT1G62750,AT1G62180,AT2G04039,AT5G59970,AT1G78020,AT1G55480,AT2G40100,AT1G44000,AT1G19150,AT3G06510,AT4G39330,AT5G58870,AT1G02820,AT2G20890,AT4G28660,AT4G24780,AT2G15620,AT1G14150,AT1G67700,AT5G38520,AT5G67370,AT3G45980,AT5G43750,AT3G19710,AT1G54500,AT1G70760,AT2G18230,AT3G55630,AT1G50020,AT5G10980,AT3G15360,AT3G56360,AT5G37260,AT1G11840,AT5G22620,AT1G35720,AT4G30960,AT1G78900,AT3G13110	AT1G51680
3	AT2G35530	AtbZIP16	0	1	PWM2908	DAP-seq	BZIP16_col	4	0.000004848707437055127	0.0021734331086599606	56	AT3G55800,AT1G11860,AT3G02380,AT4G39800,AT1G32060,AT3G54050,AT3G61440,AT2G13360,AT1G32900,AT5G02120,AT3G28270,AT1G43670,AT1G17220,AT1G74730,AT3G01060,AT1G62750,AT1G62180,AT1G32470,AT2G04039,AT2G21970,AT1G78020,AT1G55480,AT2G40100,AT1G44000,AT3G06510,AT4G39330,AT4G13430,AT5G58870,AT1G02820,AT2G20890,AT4G28660,AT4G24780,AT1G14150,AT1G67700,AT5G38520,AT5G67370,AT3G45980,AT2G18960,AT5G43750,AT3G19710,AT1G54500,AT1G70760,AT2G18230,AT3G55630,AT1G50020,AT2G16500,AT3G15360,AT3G48360,AT3G56360,AT5G37260,AT1G11840,AT5G22620,AT1G35720,AT5G28500,AT1G78900,AT3G13110	AT5G23010
3	AT2G35530	AtbZIP16	0	1	PWM1237	CisBP	M0251_1.01	42	0.0010362929315589824	0.04889666384961198	48	AT3G55800,AT5G38980,AT4G21960,AT4G26850,AT2G30860,AT3G03780,AT1G72610,AT3G01120,AT4G39800,AT1G32060,AT5G35970,AT3G54050,AT3G61440,AT1G32900,AT4G28080,AT1G15690,AT3G01060,AT1G62750,AT2G04039,AT2G38170,AT2G21970,AT5G58870,AT1G02820,AT2G20890,AT4G28660,AT4G26860,AT3G02020,AT5G38520,AT5G67370,AT3G19710,AT4G04610,AT1G54500,AT1G70760,AT1G45474,AT2G18230,AT4G29060,AT3G55630,AT3G21670,AT2G34860,AT4G39940,AT3G15360,AT3G56360,AT5G37260,AT1G11840,AT1G35720,AT5G23010,AT4G30960,AT3G13110	AT5G23010
3	AT1G32150	AtbZIP68	0	0	PWM2927	DAP-seq	BZIP68_col	5	0.000004848707437055127	0.0021734331086599606	56	AT3G55800,AT3G03780,AT3G02380,AT4G39800,AT1G32060,AT3G54050,AT3G61440,AT2G13360,AT1G32900,AT5G02120,AT3G28270,AT1G43670,AT1G17220,AT1G74730,AT2G38230,AT3G01060,AT1G62750,AT1G62180,AT2G04039,AT2G21970,AT1G78020,AT1G55480,AT2G40100,AT1G44000,AT3G06510,AT4G39330,AT5G58870,AT1G02820,AT2G20890,AT4G28660,AT4G24780,AT1G14150,AT1G67700,AT5G38520,AT5G67370,AT3G45980,AT3G19710,AT1G54500,AT1G70760,AT1G45474,AT2G18230,AT3G55630,AT1G50020,AT3G24170,AT5G10980,AT3G15360,AT3G48360,AT3G56360,AT5G37260,AT1G11840,AT5G22620,AT1G35720,AT4G30960,AT5G28500,AT1G78900,AT3G13110	
3	AT1G32150	AtbZIP68	0	0	PWM1236	CisBP	M0251_1.01	41	0.0010362929315589824	0.04889666384961198	48	AT3G55800,AT5G38980,AT4G21960,AT4G26850,AT2G30860,AT3G03780,AT1G72610,AT3G01120,AT4G39800,AT1G32060,AT5G35970,AT3G54050,AT3G61440,AT1G32900,AT4G28080,AT1G15690,AT3G01060,AT1G62750,AT2G04039,AT2G38170,AT2G21970,AT5G58870,AT1G02820,AT2G20890,AT4G28660,AT4G26860,AT3G02020,AT5G38520,AT5G67370,AT3G19710,AT4G04610,AT1G54500,AT1G70760,AT1G45474,AT2G18230,AT4G29060,AT3G55630,AT3G21670,AT2G34860,AT4G39940,AT3G15360,AT3G56360,AT5G37260,AT1G11840,AT1G35720,AT5G23010,AT4G30960,AT3G13110	
3	AT3G19290	ABF4	1	81	PWM746	AGRIS		6	0.000004848707437055127	0.0021734331086599606	56	AT2G26080,AT3G55800,AT1G37130,AT1G11860,AT4G26850,AT2G30860,AT4G37930,AT3G02380,AT4G39800,AT5G35970,AT1G16720,AT3G54050,AT3G61440,AT2G13360,AT1G32900,AT5G02120,AT1G43670,AT1G17220,AT3G01060,AT5G24150,AT2G04039,AT2G38170,AT5G59970,AT1G78020,AT1G55480,AT1G17100,AT4G39330,AT4G13430,AT3G14210,AT5G58870,AT1G02820,AT4G28660,AT4G24780,AT3G53260,AT4G26860,AT3G02020,AT1G14150,AT1G67700,AT5G38520,AT5G67370,AT3G19710,AT1G54500,AT1G56500,AT3G55630,AT3G24170,AT2G34860,AT3G48360,AT3G16080,AT1G52400,AT3G56360,AT5G37260,AT1G11840,AT5G22620,AT1G35720,AT1G78900,AT3G13110	AT4G33010,AT1G31580,AT3G55800,AT1G12900,AT1G37130,AT4G21960,AT4G26850,AT5G04140,AT3G03780,AT4G39800,AT4G15545,AT1G32060,AT5G35970,AT3G54050,AT3G61440,AT2G13360,AT1G32900,AT4G26530,AT5G02120,AT1G15980,AT1G43670,AT1G16880,AT4G28080,AT1G74730,AT1G15690,AT3G01060,AT2G21970,AT5G59970,AT3G29240,AT3G25690,AT1G78020,AT1G55480,AT2G40100,AT1G01060,AT1G19150,AT4G39330,AT3G51920,AT5G58870,AT2G20890,AT2G30870,AT4G28660,AT4G34190,AT1G51680,AT3G18490,AT3G56290,AT2G43910,AT1G67700,AT5G12150,AT5G38520,AT5G67370,AT3G45980,AT2G25450,AT2G25450,AT3G50685,AT5G43750,AT1G10370,AT4G04610,AT1G54500,AT1G70760,AT1G45474,AT3G54660,AT1G65930,AT1G56500,AT3G01480,AT1G50020,AT1G04530,AT5G28840,AT3G49680,AT3G15360,AT3G48360,AT4G30530,AT3G56360,AT5G37260,AT5G58330,AT1G11840,AT1G80380,AT1G35720,AT4G30960,AT3G48740,AT1G78900,AT5G19250
3	AT3G10800	bZIP28	0	na	PWM2912	DAP-seq	BZIP28_col	7	0.000010278059824297443	0.0026326516092807597	55	AT3G02468,AT3G55800,AT1G11860,AT3G03780,AT4G39800,AT1G32060,AT5G13650,AT3G54050,AT3G61440,AT1G32900,AT5G02120,AT3G28270,AT1G43670,AT1G17220,AT1G74730,AT3G01060,AT1G62750,AT1G62180,AT2G04039,AT2G21970,AT5G59970,AT1G78020,AT1G55480,AT1G44000,AT3G06510,AT4G39330,AT4G13430,AT5G58870,AT1G02820,AT2G20890,AT4G28660,AT4G24780,AT2G14560,AT3G02020,AT1G14150,AT1G67700,AT5G38520,AT5G67370,AT3G45980,AT5G43750,AT3G19710,AT1G54500,AT1G45474,AT2G18230,AT3G55630,AT1G50020,AT5G10980,AT3G15360,AT3G48360,AT3G56360,AT5G37260,AT1G35720,AT4G30960,AT1G78900,AT3G13110	na
3	AT1G18570	AtMYB51	6	na	PWM3260	DAP-seq	MYB51_col	8	0.000021299584053767193	0.004773769276050572	54	AT4G33010,AT2G26080,AT1G42970,AT3G22231,AT1G37130,AT4G21960,AT2G30860,AT5G13930,AT4G37930,AT3G26570,AT5G36790,AT1G32060,AT5G13650,AT5G35970,AT3G61440,AT4G26530,AT1G78370,AT1G17220,AT5G46800,AT1G15690,AT4G13770,AT1G17100,AT3G51920,AT4G13430,AT2G01250,AT2G30870,AT4G34050,AT4G24780,AT3G53260,AT1G51680,AT2G15620,AT3G52720,AT4G38770,AT5G67370,AT1G01790,AT5G43750,AT1G68660,AT4G04610,AT1G54500,AT3G23390,AT3G19450,AT1G50020,AT3G21670,AT3G24170,AT5G28840,AT2G34860,AT4G39940,AT4G30530,AT1G11840,AT5G22620,AT2G31400,AT5G23010,AT5G28500,AT3G59970	na
3	AT4G26030	AT4G26030	1	na	PWM3031	DAP-seq	AT4G26030_col	9	0.00004314319766632348	0.008595083712857556	53	AT4G33010,AT1G42970,AT1G12900,AT1G37130,AT2G30860,AT4G37930,AT3G01120,AT3G26570,AT3G60750,AT1G32060,AT5G13650,AT5G35970,AT3G54050,AT3G61440,AT1G66200,AT2G13360,AT1G17220,AT5G46800,AT4G28080,AT4G13770,AT3G11170,AT1G17100,AT3G51920,AT2G01250,AT4G34050,AT4G24780,AT3G53260,AT3G23810,AT1G51680,AT4G26860,AT2G15620,AT2G39470,AT4G38770,AT5G67370,AT2G10940,AT5G43750,AT4G04610,AT3G54660,AT1G75280,AT3G19450,AT1G65930,AT4G29060,AT3G01480,AT3G21670,AT2G16500,AT2G34860,AT4G10060,AT1G11840,AT5G22620,AT2G31400,AT5G59850,AT5G19250,AT3G59970	na
3	AT1G79180	ATMYB63	4	2	PWM3274	DAP-seq	MYB63_col	10	0.00004314319766632348	0.008595083712857556	53	AT4G33010,AT2G26080,AT1G37130,AT1G13440,AT5G38980,AT1G11860,AT4G21960,AT2G30860,AT4G37930,AT3G26570,AT5G36790,AT1G32060,AT5G13650,AT5G35970,AT3G61440,AT1G66200,AT1G78370,AT1G16880,AT5G46800,AT4G28080,AT4G13770,AT3G25690,AT3G11170,AT1G44000,AT1G17100,AT3G06510,AT3G51920,AT2G30870,AT4G34050,AT4G24780,AT3G53260,AT3G23810,AT1G51680,AT3G56290,AT4G38770,AT5G38520,AT5G67370,AT1G01790,AT2G10940,AT5G43750,AT3G54660,AT3G23390,AT3G19450,AT4G29060,AT3G21670,AT5G52650,AT4G39940,AT4G10060,AT5G22620,AT2G31400,AT1G78900,AT5G19250,AT3G59970	AT4G34050,AT1G51680
3	AT4G05100	AtMYB74	17	0	PWM3280	DAP-seq	MYB74_col	11	0.00004314319766632348	0.008595083712857556	53	AT4G33010,AT3G22240,AT2G26080,AT3G02468,AT1G42970,AT3G22231,AT1G13440,AT2G30860,AT5G04140,AT5G13930,AT3G26570,AT1G32060,AT5G13650,AT5G01410,AT1G66200,AT1G78370,AT1G17220,AT1G15690,AT4G13770,AT3G25690,AT1G44000,AT3G51920,AT3G02730,AT4G13430,AT5G30510,AT4G24780,AT1G24020,AT3G02020,AT1G67700,AT3G52720,AT4G38770,AT5G67370,AT4G18480,AT1G01790,AT1G68660,AT3G19710,AT4G04610,AT1G75280,AT3G19450,AT1G56500,AT1G50020,AT3G21670,AT3G24170,AT2G34860,AT4G39940,AT1G66970,AT4G10060,AT4G30530,AT5G22620,AT2G31400,AT5G23010,AT5G28500,AT3G59970	
3	AT5G12870	ATMYB46	4	0	PWM2636	JASPAR	MA1040.1	12	0.00008539644759379325	0.012759652544639274	52	AT4G33010,AT2G26080,AT3G02468,AT3G22231,AT1G37130,AT2G30860,AT5G13930,AT4G37930,AT3G26570,AT4G10120,AT3G61440,AT1G66200,AT1G78370,AT2G38230,AT1G15690,AT5G24150,AT4G13770,AT3G25690,AT2G40100,AT1G44000,AT3G02730,AT4G13430,AT4G34050,AT4G24780,AT4G34190,AT3G53260,AT1G24020,AT1G67700,AT3G52720,AT5G67370,AT1G01790,AT5G43750,AT1G68660,AT3G19710,AT4G04610,AT1G75280,AT3G19450,AT1G50020,AT3G24170,AT5G28840,AT2G34860,AT3G49680,AT3G15360,AT3G16080,AT4G30530,AT3G56360,AT5G22620,AT2G31400,AT5G23010,AT5G28500,AT5G19250,AT3G59970	
3	AT5G12870	ATMYB46	4	0	PWM1387	AthaMAP		29	0.0005754079895920627	0.039681020205329556	49	AT2G26080,AT3G22231,AT5G13930,AT4G37930,AT3G26570,AT5G36790,AT4G10120,AT3G54050,AT3G04790,AT1G17220,AT2G35370,AT5G24150,AT4G09320,AT2G21970,AT4G13770,AT3G11170,AT1G44000,AT3G06510,AT3G51920,AT4G13430,AT2G01250,AT4G34050,AT5G59870,AT4G34190,AT3G53260,AT3G23810,AT2G15620,AT2G39470,AT1G67700,AT1G34000,AT5G38520,AT3G50685,AT1G01790,AT1G18540,AT1G68660,AT4G04610,AT1G75280,AT3G19450,AT1G50020,AT3G21670,AT3G24170,AT5G10980,AT2G34860,AT5G45680,AT3G48360,AT4G30530,AT2G31400,AT5G28500,AT3G59970	
3	AT1G49720	ABF1	5	30	PWM326	AGRIS		13	0.00008539644759379325	0.012759652544639274	52	AT2G26080,AT3G55800,AT1G37130,AT1G11860,AT4G26850,AT2G30860,AT3G02380,AT4G39800,AT5G35970,AT3G54050,AT3G61440,AT2G13360,AT1G32900,AT5G02120,AT1G43670,AT1G17220,AT3G01060,AT5G24150,AT3G04840,AT2G04039,AT2G38170,AT5G59970,AT1G78020,AT1G55480,AT1G17100,AT4G39330,AT4G13430,AT3G14210,AT5G58870,AT1G02820,AT4G28660,AT4G24780,AT3G53260,AT4G26860,AT3G02020,AT1G67700,AT5G38520,AT5G67370,AT2G18960,AT3G19710,AT4G04610,AT1G54500,AT2G18230,AT3G55630,AT3G21670,AT3G16080,AT4G30530,AT5G37260,AT1G11840,AT1G35720,AT1G78900,AT3G13110	AT3G02468,AT3G55800,AT4G21960,AT4G39800,AT1G32060,AT3G54050,AT3G61440,AT4G40030,AT5G02120,AT4G28080,AT1G62180,AT2G21970,AT1G19150,AT3G51920,AT5G58870,AT2G20890,AT2G30870,AT3G18490,AT5G12150,AT5G67370,AT2G18960,AT5G43750,AT1G10370,AT3G55440,AT2G44670,AT1G65930,AT3G48360,AT4G30530,AT5G37260,AT4G30960
3	AT1G22640	ATMYB3	1	38	PWM2634	JASPAR	MA1038.1	14	0.00016514197950184866	0.021149969231915332	51	AT4G33010,AT3G22240,AT2G26080,AT3G02468,AT3G22231,AT1G13440,AT4G21960,AT2G30860,AT5G13930,AT3G01120,AT3G26570,AT1G09310,AT5G13650,AT4G10120,AT5G01410,AT3G61440,AT1G66200,AT1G78370,AT1G17220,AT1G15690,AT1G62750,AT2G40100,AT1G44000,AT3G51920,AT4G13430,AT4G34050,AT1G24020,AT3G02020,AT1G67700,AT4G38770,AT5G38520,AT5G67370,AT1G01790,AT5G43750,AT1G10370,AT1G68660,AT3G19710,AT4G04610,AT3G54660,AT1G75280,AT3G19450,AT1G50020,AT3G24170,AT2G34860,AT4G39940,AT4G30530,AT5G22620,AT2G31400,AT5G23010,AT5G28500,AT3G59970	AT4G33010,AT1G31580,AT4G21960,AT2G41090,AT3G03780,AT4G37930,AT3G26570,AT4G39800,AT1G15980,AT1G29660,AT1G15690,AT3G25690,AT2G40100,AT3G06510,AT3G51920,AT4G13430,AT2G30870,AT4G34050,AT3G53260,AT1G51680,AT1G51680,AT2G43910,AT2G18960,AT1G01790,AT5G43750,AT1G70760,AT2G44670,AT1G65930,AT1G04530,AT4G30530,AT3G56360,AT5G37260,AT2G16280,AT1G11840,AT2G31400,AT5G28500,AT4G32060,AT3G59970
3	AT1G22640	ATMYB3	1	38	PWM1105	CisBP	M1221_1.01	27	0.0005754079895920627	0.039681020205329556	49	AT4G33010,AT3G22240,AT2G26080,AT3G02468,AT3G22231,AT1G13440,AT4G21960,AT2G30860,AT5G13930,AT3G01120,AT3G26570,AT1G09310,AT5G13650,AT4G10120,AT5G01410,AT3G61440,AT1G66200,AT1G78370,AT1G17220,AT1G15690,AT1G62750,AT2G40100,AT1G44000,AT3G51920,AT4G13430,AT4G34050,AT1G24020,AT3G02020,AT1G67700,AT4G38770,AT5G38520,AT5G67370,AT1G01790,AT5G43750,AT3G19710,AT4G04610,AT3G54660,AT1G75280,AT3G19450,AT1G50020,AT3G24170,AT2G34860,AT4G39940,AT4G30530,AT5G22620,AT2G31400,AT5G23010,AT5G28500,AT3G59970	AT4G33010,AT1G31580,AT4G21960,AT2G41090,AT3G03780,AT4G37930,AT3G26570,AT4G39800,AT1G15980,AT1G29660,AT1G15690,AT3G25690,AT2G40100,AT3G06510,AT3G51920,AT4G13430,AT2G30870,AT4G34050,AT3G53260,AT1G51680,AT1G51680,AT2G43910,AT2G18960,AT1G01790,AT5G43750,AT1G70760,AT2G44670,AT1G65930,AT1G04530,AT4G30530,AT3G56360,AT5G37260,AT2G16280,AT1G11840,AT2G31400,AT5G28500,AT4G32060,AT3G59970
3	AT1G45249	ABF2	3	0	PWM2903	DAP-seq	ABF2_col	15	0.00016514197950184866	0.021149969231915332	51	AT3G02468,AT3G55800,AT1G11860,AT3G03780,AT4G39800,AT1G32060,AT3G54050,AT3G61440,AT2G13360,AT1G32900,AT5G02120,AT3G28270,AT1G43670,AT1G17220,AT1G74730,AT3G01060,AT1G62750,AT1G62180,AT2G04039,AT1G78020,AT1G55480,AT2G40100,AT1G44000,AT1G17100,AT1G19150,AT3G06510,AT4G39330,AT5G58870,AT2G20890,AT1G58380,AT4G28660,AT4G24780,AT1G14150,AT1G67700,AT5G67370,AT3G45980,AT2G25450,AT1G10370,AT3G19710,AT1G54500,AT1G70760,AT2G18230,AT1G50020,AT3G56360,AT5G37260,AT1G11840,AT5G22620,AT1G35720,AT4G30960,AT1G78900,AT3G13110	
3	AT4G24470	GATA25	0	0	PWM3017	DAP-seq	ZIM_col	16	0.00016514197950184866	0.021149969231915332	51	AT4G33010,AT3G02468,AT5G49740,AT1G37130,AT5G38980,AT4G21960,AT3G17390,AT3G01120,AT3G47070,AT3G60750,AT5G01410,AT3G61440,AT4G40030,AT1G32900,AT1G15980,AT1G72910,AT4G28080,AT5G12860,AT1G15690,AT1G62750,AT5G24150,AT4G09320,AT5G59970,AT3G11170,AT5G65010,AT5G58870,AT4G28660,AT1G55490,AT5G59870,AT3G53260,AT3G23810,AT1G64770,AT5G67370,AT3G45980,AT2G18960,AT3G50685,AT5G65360,AT1G31180,AT2G18230,AT1G65930,AT3G01480,AT3G53730,AT2G16500,AT5G10980,AT1G66330,AT4G39940,AT3G48360,AT1G09200,AT3G56360,AT3G13110,AT3G59970	
3	AT1G06180	ATMYB13	0	1	PWM3236	DAP-seq	MYB13_col	17	0.00016514197950184866	0.021149969231915332	51	AT4G33010,AT2G26080,AT3G02468,AT1G12900,AT1G37130,AT1G11860,AT2G30860,AT5G04140,AT5G13930,AT4G37930,AT3G01120,AT3G26570,AT1G32060,AT5G35970,AT3G61440,AT1G66200,AT1G78370,AT1G17220,AT5G46800,AT4G13770,AT3G25690,AT3G11170,AT1G44000,AT1G17100,AT3G06510,AT3G51920,AT4G13430,AT2G30870,AT4G34050,AT4G34190,AT3G53260,AT3G23810,AT1G51680,AT1G24020,AT1G67700,AT4G38770,AT5G38520,AT5G67370,AT4G04610,AT3G26060,AT3G19450,AT3G21670,AT3G24170,AT5G28840,AT2G34860,AT4G39940,AT4G30530,AT5G22620,AT2G31400,AT5G23010,AT3G59970	AT1G51680
3	AT4G38620	ATMYB4	0	na	PWM3259	DAP-seq	MYB4_col	18	0.00016514197950184866	0.021149969231915332	51	AT3G22240,AT2G26080,AT1G42970,AT1G37130,AT2G30860,AT4G37930,AT3G26570,AT1G32060,AT5G13650,AT4G10120,AT1G78370,AT1G17220,AT1G74730,AT1G15690,AT2G21970,AT3G25690,AT1G44000,AT1G17100,AT3G51920,AT4G13430,AT2G01250,AT3G14210,AT2G30870,AT4G34050,AT3G53260,AT3G23810,AT1G51680,AT1G67700,AT3G52720,AT4G38770,AT1G01790,AT2G10940,AT3G47650,AT4G04610,AT3G54660,AT1G75280,AT3G19450,AT1G65930,AT1G50020,AT3G21670,AT3G24170,AT5G10980,AT5G28840,AT2G34860,AT4G39940,AT4G30530,AT5G22620,AT2G31400,AT5G23010,AT5G28500,AT3G59970	na
3	AT5G10280	ATMYB64	1	1	PWM3290	DAP-seq	MYB92_col	19	0.00016514197950184866	0.021149969231915332	51	AT4G33010,AT3G22240,AT2G26080,AT3G02468,AT3G22231,AT2G30860,AT5G04140,AT5G13930,AT4G37930,AT3G26570,AT1G32060,AT4G10120,AT5G01410,AT3G61440,AT1G78370,AT1G15690,AT2G21970,AT3G25690,AT1G44000,AT4G13430,AT4G24780,AT4G34190,AT3G53260,AT1G24020,AT1G67700,AT3G52720,AT4G38770,AT5G67370,AT2G18960,AT1G01790,AT1G68660,AT3G19710,AT4G04610,AT3G54660,AT1G75280,AT3G19450,AT1G65930,AT1G50020,AT3G24170,AT5G10980,AT5G28840,AT2G34860,AT5G45680,AT4G39940,AT4G30530,AT3G56360,AT5G22620,AT2G31400,AT5G23010,AT5G28500,AT3G59970	AT1G51680
3	AT2G20180	PIF1	1	0	PWM1082	CisBP	M0155_1.01	20	0.0003119381990465356	0.027965259544521913	50	AT4G33010,AT1G31580,AT3G55800,AT4G39800,AT1G32060,AT3G54050,AT3G61440,AT1G32900,AT4G26530,AT1G43670,AT1G17220,AT4G28080,AT3G01060,AT1G62750,AT5G59970,AT4G13770,AT1G55480,AT1G44000,AT1G01060,AT1G19150,AT4G13430,AT5G58870,AT1G02820,AT2G20890,AT1G58380,AT4G28660,AT4G34190,AT2G15620,AT5G38520,AT3G50685,AT5G43750,AT1G10370,AT1G68660,AT3G19710,AT1G56190,AT1G54500,AT1G70760,AT2G18230,AT5G10980,AT4G39940,AT3G56360,AT5G37260,AT1G11840,AT5G22620,AT1G35720,AT5G23010,AT4G30960,AT3G48740,AT5G28500,AT3G13110	
3	AT2G20180	PIF1	1	0	PWM1238	CisBP	M2215_1.01	28	0.0005754079895920627	0.039681020205329556	49	AT4G33010,AT1G31580,AT3G55800,AT4G39800,AT1G32060,AT3G54050,AT3G61440,AT1G32900,AT4G26530,AT1G43670,AT1G17220,AT4G28080,AT3G01060,AT1G62750,AT5G59970,AT4G13770,AT1G55480,AT1G44000,AT1G01060,AT4G13430,AT5G58870,AT1G02820,AT2G20890,AT1G58380,AT4G28660,AT4G34190,AT2G15620,AT5G38520,AT3G50685,AT5G43750,AT1G10370,AT1G68660,AT3G19710,AT1G56190,AT1G54500,AT1G70760,AT2G18230,AT5G10980,AT4G39940,AT3G56360,AT5G37260,AT1G11840,AT5G22620,AT1G35720,AT5G23010,AT4G30960,AT3G48740,AT5G28500,AT3G13110	
3	AT2G20180	PIF1	1	0	PWM2152	JASPAR	MA0552.1	32	0.0005754079895920627	0.039681020205329556	49	AT4G33010,AT1G31580,AT3G55800,AT4G39800,AT1G32060,AT3G54050,AT3G61440,AT1G32900,AT4G26530,AT1G43670,AT1G17220,AT4G28080,AT3G01060,AT1G62750,AT5G59970,AT4G13770,AT1G55480,AT1G44000,AT1G01060,AT4G13430,AT5G58870,AT1G02820,AT2G20890,AT1G58380,AT4G28660,AT4G34190,AT2G15620,AT5G38520,AT3G50685,AT5G43750,AT1G10370,AT1G68660,AT3G19710,AT1G56190,AT1G54500,AT1G70760,AT2G18230,AT5G10980,AT4G39940,AT3G56360,AT5G37260,AT1G11840,AT5G22620,AT1G35720,AT5G23010,AT4G30960,AT3G48740,AT5G28500,AT3G13110	
3	AT5G49330	ATMYB111	3	na	PWM2632	JASPAR	MA1036.1	21	0.0003119381990465356	0.027965259544521913	50	AT2G26080,AT3G02468,AT3G22231,AT2G30860,AT5G13930,AT4G37930,AT3G26570,AT5G36790,AT1G09310,AT4G10120,AT3G61440,AT1G66200,AT1G78370,AT1G17220,AT1G15690,AT1G62750,AT5G24150,AT2G21970,AT4G13770,AT3G25690,AT2G40100,AT1G44000,AT3G51920,AT3G02730,AT4G13430,AT4G34050,AT4G24780,AT3G53260,AT1G24020,AT1G67700,AT5G67370,AT1G01790,AT1G68660,AT3G19710,AT4G04610,AT1G75280,AT3G19450,AT1G50020,AT3G24170,AT5G28840,AT2G34860,AT4G39940,AT4G30530,AT1G52400,AT5G22620,AT2G31400,AT5G23010,AT5G28500,AT5G19250,AT3G59970	na
3	AT5G49330	ATMYB111	3	na	PWM1446	PBM		30	0.0005754079895920627	0.039681020205329556	49	AT2G26080,AT3G02468,AT1G12900,AT1G37130,AT4G21960,AT2G30860,AT5G13930,AT4G37930,AT3G01120,AT3G26570,AT5G36790,AT1G09310,AT1G32060,AT5G35970,AT3G61440,AT1G66200,AT1G78370,AT4G13770,AT3G25690,AT1G44000,AT1G17100,AT3G06510,AT4G39330,AT3G51920,AT4G13430,AT2G30870,AT3G53260,AT1G24020,AT1G67700,AT4G38770,AT5G38520,AT5G67370,AT1G01790,AT3G19710,AT4G04610,AT3G23390,AT3G19450,AT3G24170,AT5G28840,AT5G52650,AT4G39940,AT5G66190,AT4G30530,AT1G11840,AT5G22620,AT2G31400,AT5G23010,AT5G28500,AT3G59970	na
3	AT5G49330	ATMYB111	3	na	PWM1553	PBM		31	0.0005754079895920627	0.039681020205329556	49	AT4G33010,AT2G26080,AT3G02468,AT3G22231,AT1G37130,AT2G30860,AT5G13930,AT3G01120,AT3G26570,AT5G36790,AT1G09310,AT4G10120,AT5G01410,AT3G61440,AT1G66200,AT1G78370,AT3G25690,AT1G44000,AT3G51920,AT4G13430,AT4G24780,AT3G53260,AT1G24020,AT3G02020,AT1G67700,AT4G38770,AT5G38520,AT5G67370,AT1G01790,AT5G43750,AT3G19710,AT4G04610,AT1G31180,AT1G75280,AT3G19450,AT1G65930,AT1G50020,AT3G24170,AT5G28840,AT2G34860,AT4G39940,AT4G30530,AT3G56360,AT1G11840,AT5G22620,AT2G31400,AT5G23010,AT5G28500,AT3G59970	na
3	AT2G36270	ABI5	0	42	PWM2904	DAP-seq	ABI5_col	22	0.0003119381990465356	0.027965259544521913	50	AT3G55800,AT1G11860,AT3G03780,AT3G02380,AT4G39800,AT1G32060,AT5G13650,AT3G54050,AT3G61440,AT2G13360,AT1G32900,AT5G02120,AT3G28270,AT1G43670,AT1G74730,AT3G01060,AT1G62750,AT1G62180,AT5G59970,AT1G78020,AT1G55480,AT2G40100,AT1G44000,AT3G06510,AT4G39330,AT5G58870,AT2G20890,AT4G28660,AT4G24780,AT1G14150,AT1G67700,AT5G38520,AT5G67370,AT3G45980,AT3G19710,AT1G54500,AT1G70760,AT2G18230,AT3G55630,AT1G50020,AT3G15360,AT3G48360,AT3G56360,AT5G37260,AT1G11840,AT5G22620,AT1G35720,AT4G30960,AT1G78900,AT3G13110	AT4G33010,AT3G55800,AT4G21960,AT3G03780,AT4G39800,AT1G32060,AT3G54050,AT1G32900,AT5G02120,AT1G43670,AT4G28080,AT5G59970,AT1G78020,AT1G55480,AT1G01060,AT1G19150,AT3G51920,AT1G02820,AT2G20890,AT2G30870,AT4G28660,AT4G34190,AT1G51680,AT3G18490,AT5G12150,AT5G67370,AT2G25450,AT2G18960,AT5G43750,AT1G10370,AT4G04610,AT1G65930,AT5G28840,AT2G34860,AT4G30530,AT5G37260,AT5G58330,AT1G11840,AT1G80380,AT2G31400,AT4G30960,AT3G48740
3	AT2G36270	ABI5	0	42	PWM2530	JASPAR	MA0931.1	33	0.0005754079895920627	0.039681020205329556	49	AT3G02468,AT3G55800,AT3G22231,AT1G11860,AT5G04140,AT1G72610,AT3G02380,AT4G39800,AT1G32060,AT3G54050,AT3G61440,AT1G32900,AT5G02120,AT1G43670,AT1G17220,AT4G28080,AT1G15690,AT3G01060,AT1G62750,AT2G04039,AT2G21970,AT5G59970,AT1G55480,AT2G40100,AT1G01060,AT1G19150,AT4G13430,AT5G58870,AT1G02820,AT2G20890,AT4G34190,AT3G02020,AT2G15620,AT1G67700,AT5G67370,AT1G10370,AT3G19710,AT3G55440,AT1G54500,AT1G70760,AT2G18230,AT3G21670,AT4G30530,AT3G56360,AT5G37260,AT1G11840,AT1G35720,AT4G30960,AT3G13110	AT4G33010,AT3G55800,AT4G21960,AT3G03780,AT4G39800,AT1G32060,AT3G54050,AT1G32900,AT5G02120,AT1G43670,AT4G28080,AT5G59970,AT1G78020,AT1G55480,AT1G01060,AT1G19150,AT3G51920,AT1G02820,AT2G20890,AT2G30870,AT4G28660,AT4G34190,AT1G51680,AT3G18490,AT5G12150,AT5G67370,AT2G25450,AT2G18960,AT5G43750,AT1G10370,AT4G04610,AT1G65930,AT5G28840,AT2G34860,AT4G30530,AT5G37260,AT5G58330,AT1G11840,AT1G80380,AT2G31400,AT4G30960,AT3G48740
3	AT5G16600	AtMYB43	5	na	PWM3254	DAP-seq	MYB43_col	23	0.0003119381990465356	0.027965259544521913	50	AT4G33010,AT3G22231,AT2G30860,AT5G04140,AT5G13930,AT4G37930,AT3G26570,AT5G36790,AT3G60750,AT1G32060,AT5G13650,AT4G10120,AT5G35970,AT1G78370,AT1G17220,AT1G15690,AT4G13770,AT3G25690,AT3G11170,AT1G44000,AT1G17100,AT3G51920,AT4G13430,AT2G01250,AT2G30870,AT4G34050,AT4G24780,AT3G53260,AT1G51680,AT1G67700,AT4G38770,AT1G01790,AT2G10940,AT3G47650,AT1G68660,AT4G04610,AT3G23390,AT1G75280,AT3G19450,AT1G56500,AT3G21670,AT3G24170,AT5G28840,AT2G34860,AT4G30530,AT5G22620,AT2G31400,AT5G23010,AT5G28500,AT3G59970	na
3	AT1G16490	ATMYB58	5	3	PWM3267	DAP-seq	MYB58_col	24	0.0003119381990465356	0.027965259544521913	50	AT4G33010,AT2G26080,AT1G12900,AT1G37130,AT1G11860,AT2G30860,AT4G37930,AT3G26570,AT1G32060,AT5G13650,AT4G10120,AT5G35970,AT3G61440,AT1G66200,AT1G78370,AT5G46800,AT4G13770,AT3G11170,AT1G44000,AT1G17100,AT3G06510,AT3G51920,AT4G13430,AT4G34050,AT4G24780,AT3G53260,AT3G23810,AT1G51680,AT1G67700,AT4G38770,AT2G10940,AT5G43750,AT1G68660,AT4G04610,AT3G26060,AT3G19450,AT4G29060,AT3G21670,AT3G24170,AT2G16500,AT5G28840,AT2G34860,AT5G52650,AT4G39940,AT4G30530,AT5G22620,AT2G31400,AT5G23010,AT5G28500,AT3G59970	AT4G34050,AT1G51680,AT1G51680
3	AT5G06950	AHBP-1B	0	0	PWM973	CisBP	M0265_1.01	25	0.0003119381990465356	0.027965259544521913	50	AT1G31580,AT3G55800,AT3G22231,AT1G37130,AT4G26850,AT3G03780,AT4G37930,AT1G32080,AT4G39800,AT4G17090,AT5G35970,AT1G66200,AT1G32900,AT1G78370,AT1G16880,AT1G17220,AT5G12860,AT1G62750,AT5G24150,AT2G38170,AT5G59970,AT3G29240,AT1G78020,AT1G44000,AT1G19150,AT4G13430,AT3G14210,AT2G30870,AT4G34050,AT2G14560,AT4G34190,AT3G23810,AT1G51680,AT4G26860,AT2G43910,AT3G02020,AT5G12150,AT2G18960,AT1G68660,AT1G45474,AT1G75280,AT2G18230,AT4G21990,AT5G10980,AT4G39940,AT2G27420,AT2G16280,AT4G30960,AT3G48740,AT3G13110	
3	AT3G17609	HYH	98	na	PWM1068	CisBP	M2214_1.01	26	0.0005754079895920627	0.039681020205329556	49	AT4G33010,AT3G02468,AT3G55800,AT1G11860,AT3G02380,AT4G39800,AT1G32060,AT3G54050,AT3G61440,AT2G13360,AT1G32900,AT5G02120,AT1G43670,AT1G17220,AT4G28080,AT3G01060,AT5G59970,AT1G55480,AT5G17230,AT2G40100,AT1G44000,AT1G01060,AT1G19150,AT4G39330,AT5G58870,AT1G02820,AT2G20890,AT4G28660,AT4G34190,AT2G15620,AT1G67700,AT5G38520,AT5G67370,AT5G43750,AT1G10370,AT3G19710,AT1G54500,AT1G70760,AT2G18230,AT3G21670,AT1G52400,AT5G37260,AT5G58330,AT1G11840,AT1G35720,AT3G51820,AT4G30960,AT1G78900,AT3G13110	na
3	AT2G46270	GBF3	0	136	PWM2930	DAP-seq	GBF3_col	34	0.0005754079895920627	0.039681020205329556	49	AT3G55800,AT3G03780,AT4G39800,AT5G36790,AT1G32060,AT3G61440,AT2G13360,AT1G32900,AT5G02120,AT3G28270,AT1G43670,AT1G17220,AT1G74730,AT2G38230,AT3G01060,AT1G62750,AT1G62180,AT2G21970,AT1G78020,AT1G55480,AT2G40100,AT1G44000,AT3G06510,AT4G39330,AT5G58870,AT2G20890,AT4G28660,AT4G24780,AT3G02020,AT1G14150,AT1G67700,AT5G38520,AT5G67370,AT3G45980,AT3G19710,AT1G54500,AT1G70760,AT1G50020,AT3G24170,AT5G10980,AT3G15360,AT3G48360,AT3G56360,AT5G37260,AT1G11840,AT5G22620,AT1G35720,AT1G78900,AT3G13110	AT4G33010,AT2G26080,AT1G31580,AT1G12900,AT3G62410,AT1G37130,AT5G38980,AT1G11860,AT4G21960,AT1G55960,AT4G26850,AT5G04140,AT2G41090,AT3G03780,AT1G32080,AT3G26570,AT4G39800,AT4G15545,AT1G09310,AT3G60750,AT1G32060,AT4G10120,AT5G35970,AT1G16720,AT5G01410,AT3G54050,AT3G61440,AT1G66200,AT2G13360,AT1G32900,AT4G26530,AT5G02120,AT1G15980,AT1G43670,AT1G16880,AT1G29660,AT1G34310,AT1G17220,AT4G28080,AT5G12860,AT1G74730,AT1G15690,AT3G01060,AT5G24150,AT2G38170,AT2G21970,AT5G59970,AT3G29240,AT3G25690,AT1G78020,AT1G55480,AT2G36880,AT2G40100,AT1G44000,AT1G01060,AT1G17100,AT1G19150,AT3G63410,AT3G06510,AT4G39330,AT3G51920,AT4G13430,AT3G14210,AT1G65960,AT5G58870,AT1G02820,AT5G30510,AT2G20890,AT2G30870,AT4G34050,AT4G28660,AT4G24780,AT2G14560,AT4G34190,AT3G53260,AT3G23810,AT1G51680,AT3G18490,AT3G56290,AT2G43910,AT2G15620,AT1G14150,AT1G67700,AT3G52720,AT5G12150,AT5G38520,AT5G67370,AT3G45980,AT2G25450,AT2G18960,AT3G50685,AT2G10940,AT5G43750,AT1G10370,AT4G14400,AT4G04610,AT1G56190,AT1G54500,AT1G70760,AT1G45474,AT3G54660,AT3G19450,AT1G65930,AT1G56500,AT4G21990,AT2G32480,AT3G55630,AT3G53730,AT3G21670,AT5G10980,AT1G04530,AT5G28840,AT3G49680,AT3G49680,AT5G45680,AT1G50320,AT4G39940,AT3G15360,AT3G48360,AT5G66190,AT4G30530,AT1G52400,AT3G56360,AT5G42270,AT2G27420,AT5G37260,AT2G16280,AT1G11840,AT1G80380,AT1G35720,AT5G23010,AT4G30960,AT3G48740,AT5G19250,AT4G32060,AT3G13110
3	AT5G59990	AT5G59990	0	na	PWM2962	DAP-seq	AT5G59990_col	35	0.0005754079895920627	0.039681020205329556	49	AT3G22240,AT3G02468,AT3G22231,AT5G49740,AT1G13440,AT3G17390,AT3G01120,AT3G47070,AT4G15545,AT3G60750,AT5G35970,AT5G01410,AT3G61440,AT2G13360,AT1G32900,AT1G72910,AT1G29660,AT5G46800,AT5G12860,AT1G62750,AT5G24150,AT5G59970,AT1G78020,AT3G11170,AT5G65010,AT3G06510,AT5G58870,AT1G55490,AT1G07610,AT3G23810,AT1G64770,AT5G67370,AT3G45980,AT2G18960,AT5G65360,AT1G31180,AT2G18230,AT2G44670,AT3G01480,AT3G53730,AT2G16500,AT5G10980,AT4G39940,AT3G48360,AT4G10060,AT3G56360,AT1G11840,AT3G51820,AT3G13110	na
3	AT5G54230	AtMYB49	0	1	PWM3257	DAP-seq	MYB49_col	36	0.0005754079895920627	0.039681020205329556	49	AT4G33010,AT2G26080,AT1G42970,AT1G37130,AT5G13930,AT3G26570,AT4G39800,AT5G36790,AT4G10120,AT5G01410,AT3G54050,AT1G78370,AT1G17220,AT2G38230,AT1G15690,AT5G24150,AT4G09320,AT3G25690,AT3G11170,AT1G01060,AT1G17100,AT4G13430,AT4G34050,AT4G24780,AT1G67700,AT3G52720,AT4G38770,AT5G38520,AT5G67370,AT1G01790,AT2G10940,AT5G43750,AT3G47650,AT1G68660,AT4G04610,AT3G26060,AT3G19450,AT1G65930,AT1G56500,AT4G29060,AT5G28840,AT2G34860,AT1G66970,AT4G30530,AT5G22620,AT2G31400,AT5G23010,AT5G28500,AT3G59970	AT1G51680
3	AT1G09540	ATMYB61	3	0	PWM3270	DAP-seq	MYB61_col	37	0.0005754079895920627	0.039681020205329556	49	AT4G33010,AT2G26080,AT3G02468,AT1G12900,AT3G22231,AT1G37130,AT2G30860,AT5G13930,AT3G26570,AT1G32060,AT5G35970,AT1G78370,AT3G11170,AT1G17100,AT3G06510,AT4G39330,AT1G65960,AT2G30870,AT4G34050,AT4G28660,AT3G53260,AT3G23810,AT1G51680,AT1G24020,AT4G26860,AT2G39470,AT1G67700,AT4G38770,AT5G38520,AT5G43750,AT4G04610,AT3G26060,AT3G19450,AT3G01480,AT1G50020,AT3G24170,AT2G16500,AT1G66330,AT2G34860,AT5G45680,AT4G39940,AT4G10060,AT4G30530,AT5G22620,AT2G31400,AT5G23010,AT3G48740,AT4G32060,AT3G59970	
3	AT4G25480	ATCBF3	79	0	PWM113	AthaMAP	T02643	38	0.0010362929315589824	0.04889666384961198	48	AT2G26080,AT1G31580,AT2G25510,AT1G37130,AT5G38980,AT5G04140,AT1G09310,AT4G10120,AT5G35970,AT1G16720,AT1G34310,AT1G17220,AT2G35370,AT2G38230,AT1G62180,AT1G32470,AT4G09320,AT2G21970,AT4G39330,AT2G01250,AT1G65960,AT5G58870,AT1G02820,AT3G53260,AT3G23810,AT5G12150,AT2G18960,AT2G10940,AT5G43750,AT1G10370,AT1G68660,AT4G04610,AT3G19450,AT2G44670,AT1G56500,AT4G29060,AT3G53730,AT3G24170,AT2G16500,AT4G17600,AT1G66330,AT1G66970,AT4G30530,AT1G52400,AT2G16280,AT5G23010,AT3G48740,AT5G28500	
3	AT4G25470	ATCBF2	84	0	PWM114	AthaMAP	T04824	39	0.0010362929315589824	0.04889666384961198	48	AT2G26080,AT1G31580,AT2G25510,AT1G37130,AT5G38980,AT5G04140,AT1G09310,AT4G10120,AT5G35970,AT1G16720,AT1G34310,AT1G17220,AT2G35370,AT2G38230,AT1G62180,AT1G32470,AT4G09320,AT2G21970,AT4G39330,AT2G01250,AT1G65960,AT5G58870,AT1G02820,AT3G53260,AT3G23810,AT5G12150,AT2G18960,AT2G10940,AT5G43750,AT1G10370,AT1G68660,AT4G04610,AT3G19450,AT2G44670,AT1G56500,AT4G29060,AT3G53730,AT3G24170,AT2G16500,AT4G17600,AT1G66330,AT1G66970,AT4G30530,AT1G52400,AT2G16280,AT5G23010,AT3G48740,AT5G28500	
3	AT4G25490	ATCBF1	0	na	PWM115	AthaMAP	T02636	40	0.0010362929315589824	0.04889666384961198	48	AT2G26080,AT1G31580,AT2G25510,AT1G37130,AT5G38980,AT5G04140,AT1G09310,AT4G10120,AT5G35970,AT1G16720,AT1G34310,AT1G17220,AT2G35370,AT2G38230,AT1G62180,AT1G32470,AT4G09320,AT2G21970,AT4G39330,AT2G01250,AT1G65960,AT5G58870,AT1G02820,AT3G53260,AT3G23810,AT5G12150,AT2G18960,AT2G10940,AT5G43750,AT1G10370,AT1G68660,AT4G04610,AT3G19450,AT2G44670,AT1G56500,AT4G29060,AT3G53730,AT3G24170,AT2G16500,AT4G17600,AT1G66330,AT1G66970,AT4G30530,AT1G52400,AT2G16280,AT5G23010,AT3G48740,AT5G28500	na
3	AT2G03710	AGL3	0	na	PWM1416	CisBP	M2490_1.01	43	0.0010362929315589824	0.04889666384961198	48	AT3G22240,AT2G25510,AT3G22231,AT5G49740,AT1G37130,AT1G72610,AT3G02380,AT3G47070,AT4G39800,AT4G15545,AT4G10120,AT1G72910,AT1G29660,AT1G34310,AT1G15690,AT2G04039,AT4G09320,AT5G59970,AT2G40100,AT3G11170,AT1G44000,AT3G06510,AT3G14210,AT3G23810,AT1G51680,AT4G26860,AT3G52720,AT5G67370,AT5G19220,AT1G18540,AT1G56190,AT3G23390,AT1G65930,AT3G55630,AT3G24170,AT5G10980,AT1G04530,AT1G66330,AT1G66970,AT3G48360,AT4G10060,AT5G37260,AT1G11840,AT5G22620,AT1G35720,AT2G31400,AT4G10300,AT3G01550	na
3	AT3G12720	ATMYB67	1	na	PWM3277	DAP-seq	MYB67_col	44	0.0010362929315589824	0.04889666384961198	48	AT4G33010,AT2G26080,AT3G02468,AT1G42970,AT3G55800,AT1G37130,AT4G21960,AT2G30860,AT5G04140,AT5G13930,AT3G26570,AT1G09310,AT1G32060,AT5G35970,AT1G78370,AT2G38170,AT3G25690,AT1G44000,AT3G06510,AT3G51920,AT4G13430,AT1G65960,AT4G34050,AT4G34190,AT1G51680,AT1G24020,AT1G67700,AT3G52720,AT5G38520,AT1G01790,AT5G43750,AT1G68660,AT3G19710,AT3G26060,AT1G75280,AT3G19450,AT3G01480,AT3G24170,AT5G28840,AT2G34860,AT5G52650,AT4G39940,AT3G56360,AT5G22620,AT2G31400,AT4G10300,AT5G19250,AT3G59970	na
3	AT4G24020	NLP7	0	na	PWM3449	DAP-seq	NLP7_col	45	0.0010362929315589824	0.04889666384961198	48	AT4G33010,AT2G25510,AT5G38980,AT3G47070,AT5G36790,AT1G09310,AT3G60750,AT1G66200,AT1G32900,AT1G43670,AT1G16880,AT5G46800,AT4G28080,AT5G12860,AT5G24150,AT4G09320,AT3G25690,AT3G06510,AT4G13430,AT1G65960,AT5G58870,AT1G02820,AT2G30870,AT4G34050,AT4G24780,AT4G34190,AT3G23810,AT1G51680,AT3G18490,AT1G24020,AT2G15620,AT5G12150,AT2G18960,AT3G26070,AT1G68660,AT1G56190,AT1G54500,AT3G26060,AT1G04530,AT2G34860,AT2G42600,AT1G66970,AT4G10060,AT5G66190,AT5G37260,AT2G31400,AT3G07230,AT3G51820	na
4	AT3G09600	At3g09600	2	na	PWM3310	DAP-seq	AT3G09600_col	1	2.589000017435173e-31	4.642077031261266e-28	75	AT2G21660,AT3G26740,AT1G13930,AT4G27440,AT3G05880,AT3G62550,AT2G33830,AT3G09390,AT1G12090,AT3G15450,AT3G46970,AT5G20250,AT1G10760,AT1G20020,AT2G15960,AT4G39260,AT4G32340,AT2G15890,AT4G13250,AT1G20620,AT3G26580,AT2G41430,AT2G37220,AT1G06460,AT1G54410,AT4G03210,AT3G25760,AT4G04330,AT2G05520,AT5G15960,AT5G22920,AT1G21680,AT1G48920,AT3G53990,AT2G30600,AT2G31360,AT1G80480,AT3G10410,AT1G20693,AT3G18780,AT4G05150,AT1G70820,AT3G57520,AT1G20440,AT4G33510,AT4G13850,AT4G30650,AT4G30660,AT1G59870,AT5G19780,AT2G33150,AT3G17020,AT2G45740,AT5G62720,AT1G30360,AT4G03520,AT3G56090,AT4G11600,AT1G20696,AT2G28840,AT4G26670,AT5G61590,AT3G58680,AT4G27800,AT1G71030,AT1G11530,AT4G34950,AT5G08410,AT1G13270,AT4G19120,AT3G27770,AT5G44340,AT5G06690,AT4G16146,AT3G23050	na
4	AT3G09600	At3g09600	2	na	PWM1199	CisBP	M1205_1.01	14	3.3074927509037726e-16	4.561795771054203e-14	56	AT2G21660,AT3G05880,AT2G33830,AT3G09390,AT1G12090,AT3G15450,AT1G10760,AT2G15960,AT4G39260,AT4G13250,AT3G26580,AT2G41430,AT2G37220,AT1G06460,AT1G54410,AT4G03210,AT4G04330,AT2G05520,AT5G15960,AT5G02160,AT3G45140,AT2G30600,AT2G31360,AT2G15970,AT3G10410,AT1G20693,AT3G47860,AT5G51550,AT1G70820,AT1G20440,AT4G33510,AT4G13850,AT4G30650,AT1G59870,AT5G19780,AT2G33150,AT3G17020,AT3G16370,AT1G69830,AT3G56090,AT1G20696,AT2G28840,AT3G58680,AT4G27800,AT1G71030,AT1G11530,AT2G14170,AT5G08410,AT1G13270,AT4G19120,AT4G12320,AT5G44340,AT5G06690,AT4G16146,AT1G54100,AT3G23050	na
4	AT2G46830	AtCCA1	0	75	PWM1555	PBM		2	2.0959513328808448e-30	1.8790203699276774e-27	74	AT2G21660,AT3G26740,AT1G13930,AT4G27440,AT2G33830,AT3G09390,AT4G39090,AT3G63160,AT3G15450,AT3G46970,AT5G20250,AT1G10760,AT1G20020,AT2G15960,AT4G39260,AT4G32340,AT2G15890,AT4G13250,AT1G20620,AT2G41430,AT2G37220,AT1G06460,AT5G10860,AT1G54410,AT4G03210,AT3G25760,AT4G04330,AT2G05520,AT5G22920,AT1G21680,AT3G53460,AT5G02160,AT1G48920,AT2G30600,AT2G31360,AT2G15970,AT2G02100,AT1G80480,AT3G10410,AT1G20693,AT3G47860,AT5G51550,AT4G05150,AT1G70820,AT4G13850,AT4G30650,AT4G30660,AT1G59870,AT5G19780,AT2G33150,AT3G17020,AT2G45740,AT5G62720,AT1G30360,AT4G03520,AT1G69830,AT3G56090,AT4G11600,AT1G20696,AT2G28840,AT4G26670,AT5G61590,AT3G58680,AT4G27800,AT1G71030,AT1G11530,AT4G34950,AT5G08410,AT1G13270,AT4G19120,AT1G29670,AT5G06690,AT4G16146,AT3G23050	AT3G26740,AT1G13930,AT4G27440,AT3G05880,AT3G62550,AT5G20630,AT2G33830,AT3G09390,AT4G39090,AT3G63160,AT1G12090,AT3G46970,AT5G20250,AT5G62350,AT1G10760,AT1G20020,AT4G39260,AT4G32340,AT3G15840,AT2G28900,AT2G15890,AT1G20620,AT1G72150,AT3G26580,AT1G06460,AT1G54410,AT5G23240,AT2G16600,AT4G03210,AT4G04330,AT2G05520,AT5G22920,AT5G26570,AT3G53460,AT1G56220,AT5G02160,AT3G45140,AT2G30600,AT2G31360,AT2G15970,AT1G80480,AT3G10410,AT3G47860,AT5G51550,AT4G05150,AT1G70820,AT3G57520,AT4G33510,AT4G30660,AT5G19780,AT3G29320,AT2G33150,AT5G62720,AT1G69830,AT3G56090,AT4G11600,AT1G20696,AT2G28840,AT4G26670,AT5G61590,AT2G45470,AT4G27800,AT1G71030,AT4G34950,AT5G37780,AT2G14170,AT5G08410,AT1G13270,AT4G19120,AT3G22370,AT1G07440,AT3G27770,AT5G44340,AT5G06690,AT4G16146
4	AT2G46830	AtCCA1	0	75	PWM2571	JASPAR	MA0972.1	10	3.2122995098018694e-25	5.759653021074752e-23	68	AT2G21660,AT1G13930,AT4G27440,AT3G05880,AT2G33830,AT3G09390,AT3G15450,AT5G20250,AT1G20020,AT2G15960,AT4G39260,AT4G32340,AT2G15890,AT4G13250,AT1G20620,AT3G26580,AT2G41430,AT2G37220,AT1G06460,AT1G54410,AT4G03210,AT3G25760,AT4G04330,AT2G05520,AT5G15960,AT5G22920,AT1G21680,AT3G53460,AT1G56220,AT5G02160,AT2G30600,AT2G31360,AT2G02100,AT1G80480,AT3G10410,AT1G20693,AT3G18780,AT3G47860,AT5G51550,AT4G05150,AT1G70820,AT1G20440,AT4G33510,AT4G13850,AT4G30650,AT4G30660,AT5G19780,AT3G17020,AT3G19820,AT2G45740,AT5G62720,AT4G03520,AT3G56090,AT4G11600,AT1G20696,AT2G28840,AT4G26670,AT5G61590,AT4G27800,AT1G71030,AT1G11530,AT5G08410,AT1G13270,AT4G19120,AT5G06690,AT4G16146,AT1G54100,AT3G23050	AT3G26740,AT1G13930,AT4G27440,AT3G05880,AT3G62550,AT5G20630,AT2G33830,AT3G09390,AT4G39090,AT3G63160,AT1G12090,AT3G46970,AT5G20250,AT5G62350,AT1G10760,AT1G20020,AT4G39260,AT4G32340,AT3G15840,AT2G28900,AT2G15890,AT1G20620,AT1G72150,AT3G26580,AT1G06460,AT1G54410,AT5G23240,AT2G16600,AT4G03210,AT4G04330,AT2G05520,AT5G22920,AT5G26570,AT3G53460,AT1G56220,AT5G02160,AT3G45140,AT2G30600,AT2G31360,AT2G15970,AT1G80480,AT3G10410,AT3G47860,AT5G51550,AT4G05150,AT1G70820,AT3G57520,AT4G33510,AT4G30660,AT5G19780,AT3G29320,AT2G33150,AT5G62720,AT1G69830,AT3G56090,AT4G11600,AT1G20696,AT2G28840,AT4G26670,AT5G61590,AT2G45470,AT4G27800,AT1G71030,AT4G34950,AT5G37780,AT2G14170,AT5G08410,AT1G13270,AT4G19120,AT3G22370,AT1G07440,AT3G27770,AT5G44340,AT5G06690,AT4G16146
4	AT4G01280	At4g01280	4	na	PWM3317	DAP-seq	AT4G01280_col	3	1.6482422847464726e-29	9.850994721834752e-27	73	AT2G21660,AT3G26740,AT1G13930,AT3G05880,AT3G62550,AT2G33830,AT3G09390,AT1G12090,AT3G15450,AT3G46970,AT5G20250,AT1G10760,AT1G20020,AT2G15960,AT4G39260,AT4G32340,AT2G15890,AT4G13250,AT1G20620,AT2G41430,AT2G37220,AT1G06460,AT5G14920,AT1G54410,AT4G03210,AT3G25760,AT4G04330,AT2G05520,AT5G22920,AT5G26570,AT1G21680,AT3G53460,AT1G48920,AT3G53990,AT2G30600,AT2G31360,AT2G02100,AT1G20693,AT3G47860,AT4G05150,AT1G70820,AT1G20440,AT4G33510,AT4G13850,AT4G30650,AT4G30660,AT5G19780,AT2G33150,AT3G17020,AT2G45740,AT5G62720,AT1G30360,AT4G03520,AT1G69830,AT3G56090,AT4G11600,AT1G20696,AT2G28840,AT4G26670,AT5G61590,AT3G58680,AT4G27800,AT1G71030,AT1G11530,AT4G34950,AT5G08410,AT1G13270,AT4G19120,AT3G27770,AT1G29670,AT5G06690,AT4G16146,AT3G23050	na
4	AT4G01280	At4g01280	4	na	PWM1200	CisBP	M1205_1.01	15	3.3074927509037726e-16	4.561795771054203e-14	56	AT2G21660,AT3G05880,AT2G33830,AT3G09390,AT1G12090,AT3G15450,AT1G10760,AT2G15960,AT4G39260,AT4G13250,AT3G26580,AT2G41430,AT2G37220,AT1G06460,AT1G54410,AT4G03210,AT4G04330,AT2G05520,AT5G15960,AT5G02160,AT3G45140,AT2G30600,AT2G31360,AT2G15970,AT3G10410,AT1G20693,AT3G47860,AT5G51550,AT1G70820,AT1G20440,AT4G33510,AT4G13850,AT4G30650,AT1G59870,AT5G19780,AT2G33150,AT3G17020,AT3G16370,AT1G69830,AT3G56090,AT1G20696,AT2G28840,AT3G58680,AT4G27800,AT1G71030,AT1G11530,AT2G14170,AT5G08410,AT1G13270,AT4G19120,AT4G12320,AT5G44340,AT5G06690,AT4G16146,AT1G54100,AT3G23050	na
4	AT5G52660	At5g52660	1	na	PWM3326	DAP-seq	AT5G52660_col	4	1.6482422847464726e-29	9.850994721834752e-27	73	AT2G21660,AT3G26740,AT1G13930,AT4G27440,AT3G05880,AT3G62550,AT2G33830,AT3G09390,AT1G12090,AT3G15450,AT3G46970,AT5G20250,AT1G10760,AT1G20020,AT2G15960,AT4G39260,AT4G32340,AT2G15890,AT4G13250,AT1G20620,AT2G41430,AT2G37220,AT1G06460,AT5G14920,AT1G54410,AT4G03210,AT4G04330,AT2G05520,AT5G22920,AT1G21680,AT1G48920,AT3G53990,AT2G30600,AT2G31360,AT2G02100,AT3G10410,AT1G20693,AT3G47860,AT4G05150,AT1G70820,AT1G20440,AT4G33510,AT4G13850,AT4G30650,AT4G30660,AT1G59870,AT5G19780,AT2G33150,AT3G17020,AT2G45740,AT5G62720,AT1G30360,AT4G03520,AT1G69830,AT3G56090,AT4G11600,AT1G20696,AT2G28840,AT4G26670,AT5G61590,AT3G58680,AT4G27800,AT1G71030,AT1G11530,AT4G34950,AT5G08410,AT1G13270,AT4G19120,AT3G27770,AT1G29670,AT5G06690,AT4G16146,AT3G23050	na
4	AT5G52660	At5g52660	1	na	PWM1202	CisBP	M1205_1.01	17	3.3074927509037726e-16	4.561795771054203e-14	56	AT2G21660,AT3G05880,AT2G33830,AT3G09390,AT1G12090,AT3G15450,AT1G10760,AT2G15960,AT4G39260,AT4G13250,AT3G26580,AT2G41430,AT2G37220,AT1G06460,AT1G54410,AT4G03210,AT4G04330,AT2G05520,AT5G15960,AT5G02160,AT3G45140,AT2G30600,AT2G31360,AT2G15970,AT3G10410,AT1G20693,AT3G47860,AT5G51550,AT1G70820,AT1G20440,AT4G33510,AT4G13850,AT4G30650,AT1G59870,AT5G19780,AT2G33150,AT3G17020,AT3G16370,AT1G69830,AT3G56090,AT1G20696,AT2G28840,AT3G58680,AT4G27800,AT1G71030,AT1G11530,AT2G14170,AT5G08410,AT1G13270,AT4G19120,AT4G12320,AT5G44340,AT5G06690,AT4G16146,AT1G54100,AT3G23050	na
4	AT5G02840	LCL1	2	0	PWM3336	DAP-seq	LCL1_col	5	1.6482422847464726e-29	9.850994721834752e-27	73	AT2G21660,AT3G26740,AT1G13930,AT3G05880,AT3G62550,AT2G33830,AT3G09390,AT3G63160,AT3G15450,AT3G46970,AT5G20250,AT1G10760,AT1G20020,AT2G15960,AT4G39260,AT4G32340,AT2G15890,AT4G13250,AT1G20620,AT2G41430,AT2G37220,AT1G06460,AT5G14920,AT1G54410,AT4G03210,AT3G25760,AT4G04330,AT2G05520,AT5G22920,AT1G21680,AT1G48920,AT3G53990,AT2G30600,AT2G02100,AT1G20693,AT3G18780,AT3G47860,AT4G05150,AT1G70820,AT1G20440,AT4G33510,AT4G13850,AT4G30650,AT4G30660,AT1G59870,AT5G19780,AT2G33150,AT3G17020,AT2G45740,AT5G62720,AT1G30360,AT4G03520,AT1G69830,AT3G56090,AT4G11600,AT1G20696,AT2G28840,AT4G26670,AT5G61590,AT3G58680,AT4G27800,AT1G71030,AT1G11530,AT4G34950,AT5G08410,AT1G13270,AT4G19120,AT3G27770,AT5G44340,AT1G29670,AT5G06690,AT4G16146,AT3G23050	
4	AT5G02840	LCL1	2	0	PWM1201	CisBP	M1205_1.01	16	3.3074927509037726e-16	4.561795771054203e-14	56	AT2G21660,AT3G05880,AT2G33830,AT3G09390,AT1G12090,AT3G15450,AT1G10760,AT2G15960,AT4G39260,AT4G13250,AT3G26580,AT2G41430,AT2G37220,AT1G06460,AT1G54410,AT4G03210,AT4G04330,AT2G05520,AT5G15960,AT5G02160,AT3G45140,AT2G30600,AT2G31360,AT2G15970,AT3G10410,AT1G20693,AT3G47860,AT5G51550,AT1G70820,AT1G20440,AT4G33510,AT4G13850,AT4G30650,AT1G59870,AT5G19780,AT2G33150,AT3G17020,AT3G16370,AT1G69830,AT3G56090,AT1G20696,AT2G28840,AT3G58680,AT4G27800,AT1G71030,AT1G11530,AT2G14170,AT5G08410,AT1G13270,AT4G19120,AT4G12320,AT5G44340,AT5G06690,AT4G16146,AT1G54100,AT3G23050	
4	AT1G01060	LHY	0	na	PWM3338	DAP-seq	LHY1_col	6	1.6482422847464726e-29	9.850994721834752e-27	73	AT2G21660,AT1G13930,AT4G27440,AT3G05880,AT3G62550,AT2G33830,AT3G09390,AT3G63160,AT3G15450,AT3G46970,AT5G20250,AT1G10760,AT1G20020,AT2G15960,AT4G39260,AT4G32340,AT2G15890,AT4G13250,AT1G20620,AT2G41430,AT1G06460,AT5G14920,AT1G54410,AT4G03210,AT3G25760,AT4G04330,AT2G05520,AT5G22920,AT1G21680,AT1G56220,AT1G48920,AT3G53990,AT2G30600,AT2G02100,AT1G80480,AT1G20693,AT3G47860,AT4G05150,AT1G70820,AT3G57520,AT1G20440,AT4G33510,AT4G13850,AT4G30650,AT4G30660,AT1G59870,AT5G19780,AT2G33150,AT3G17020,AT2G45740,AT5G62720,AT1G30360,AT4G03520,AT1G69830,AT3G56090,AT4G11600,AT1G20696,AT2G28840,AT4G26670,AT5G61590,AT3G58680,AT4G27800,AT1G71030,AT1G11530,AT4G34950,AT5G08410,AT1G13270,AT4G19120,AT3G27770,AT1G29670,AT5G06690,AT4G16146,AT3G23050	na
4	AT2G28920	AT2G28920	0	na	PWM3436	DAP-seq	AT2G28920_col	7	1.6482422847464726e-29	9.850994721834752e-27	73	AT2G21660,AT1G13930,AT4G27440,AT3G05880,AT3G62550,AT2G33830,AT3G09390,AT3G63160,AT3G15450,AT3G46970,AT5G20250,AT1G20020,AT2G15960,AT4G39260,AT4G32340,AT2G15890,AT4G13250,AT1G20620,AT2G41430,AT2G37220,AT1G06460,AT5G14920,AT1G54410,AT4G03210,AT3G25760,AT4G04330,AT2G05520,AT5G22920,AT1G21680,AT1G56220,AT1G48920,AT3G53990,AT2G30600,AT2G31360,AT2G02100,AT1G80480,AT1G20693,AT3G47860,AT4G05150,AT1G70820,AT1G20440,AT4G33510,AT4G13850,AT4G30650,AT4G30660,AT5G19780,AT2G33150,AT3G17020,AT2G45740,AT5G62720,AT1G30360,AT4G03520,AT1G69830,AT3G56090,AT4G11600,AT1G20696,AT2G28840,AT4G26670,AT5G61590,AT3G58680,AT4G27800,AT1G71030,AT1G11530,AT4G34950,AT5G08410,AT1G13270,AT4G19120,AT3G27770,AT2G44490,AT1G29670,AT5G06690,AT4G16146,AT3G23050	na
4	AT5G17300	RVE1	1	na	PWM1556	PBM		8	6.737832546784086e-27	1.5101167195479832e-24	70	AT2G21660,AT1G13930,AT3G62550,AT2G33830,AT3G09390,AT4G39090,AT3G63160,AT3G15450,AT3G46970,AT5G20250,AT1G10760,AT1G20020,AT2G15960,AT4G39260,AT4G32340,AT2G15890,AT4G13250,AT1G20620,AT2G41430,AT2G37220,AT1G06460,AT4G03210,AT3G25760,AT4G04330,AT2G05520,AT5G15960,AT5G22920,AT1G21680,AT3G53460,AT1G48920,AT2G30600,AT2G31360,AT1G80480,AT1G20693,AT3G18780,AT3G47860,AT4G05150,AT1G70820,AT1G20440,AT4G33510,AT4G13850,AT4G30650,AT1G59870,AT5G19780,AT3G29320,AT2G33150,AT3G17020,AT2G45740,AT5G62720,AT1G30360,AT4G03520,AT1G69830,AT3G56090,AT1G20696,AT2G28840,AT4G26670,AT5G61590,AT3G58680,AT4G27800,AT1G71030,AT1G11530,AT4G34950,AT5G08410,AT1G13270,AT4G19120,AT3G27770,AT5G44340,AT1G29670,AT5G06690,AT4G16146	na
4	AT5G17300	RVE1	1	na	PWM3340	DAP-seq	RVE1_col	11	3.2122995098018694e-25	5.759653021074752e-23	68	AT2G21660,AT3G26740,AT1G13930,AT4G27440,AT3G05880,AT3G62550,AT2G33830,AT3G09390,AT1G12090,AT3G15450,AT3G46970,AT1G10760,AT1G20020,AT2G15960,AT4G39260,AT4G32340,AT2G15890,AT4G13250,AT1G20620,AT2G41430,AT2G37220,AT1G06460,AT1G54410,AT4G03210,AT3G25760,AT4G04330,AT2G05520,AT5G15960,AT1G21680,AT3G53460,AT1G48920,AT3G53990,AT2G30600,AT2G31360,AT1G80480,AT3G10410,AT1G20693,AT4G05150,AT1G70820,AT3G57520,AT4G13850,AT4G30650,AT4G30660,AT1G59870,AT5G19780,AT2G33150,AT3G17020,AT2G45740,AT5G62720,AT1G30360,AT4G03520,AT4G11600,AT1G20696,AT2G28840,AT4G26670,AT5G61590,AT3G58680,AT4G27800,AT1G71030,AT1G11530,AT4G34950,AT2G14170,AT5G08410,AT1G13270,AT4G19120,AT5G06690,AT4G16146,AT3G23050	na
4	AT1G18330	EPR1	8	na	PWM3334	DAP-seq	EPR1_col	9	4.719900834516997e-26	9.403091329209973e-24	69	AT2G21660,AT3G26740,AT1G13930,AT3G05880,AT3G62550,AT2G33830,AT3G09390,AT4G39090,AT3G63160,AT3G15450,AT3G46970,AT1G10760,AT1G20020,AT2G15960,AT4G39260,AT4G32340,AT2G15890,AT4G13250,AT1G20620,AT2G41430,AT2G37220,AT1G06460,AT1G54410,AT4G03210,AT3G25760,AT4G04330,AT5G63780,AT2G05520,AT5G15960,AT5G22920,AT1G21680,AT1G48920,AT3G53990,AT2G30600,AT2G02100,AT1G80480,AT1G20693,AT3G47860,AT4G05150,AT1G70820,AT1G20440,AT4G13850,AT4G30650,AT4G30660,AT5G19780,AT2G33150,AT3G17020,AT2G45740,AT5G62720,AT3G16370,AT1G30360,AT4G03520,AT3G56090,AT4G11600,AT1G20696,AT2G28840,AT4G26670,AT5G61590,AT3G58680,AT4G27800,AT1G71030,AT1G11530,AT4G34950,AT5G08410,AT4G19120,AT3G27770,AT5G44340,AT5G06690,AT4G16146	na
4	AT1G18330	EPR1	8	na	PWM958	CisBP	M1219_1.01	18	1.4793272717947693e-8	0.0000014735743324044564	43	AT2G21660,AT1G13930,AT4G27440,AT3G62550,AT3G09390,AT4G39090,AT3G15450,AT5G20250,AT1G10760,AT1G20020,AT4G39260,AT4G32340,AT3G15840,AT2G28900,AT2G15890,AT1G06460,AT4G03210,AT3G18080,AT4G04330,AT1G21680,AT3G53460,AT2G31360,AT1G80480,AT1G20693,AT3G47860,AT5G51550,AT1G70820,AT3G22120,AT3G57520,AT4G30650,AT3G29320,AT2G45740,AT4G12420,AT4G11600,AT1G20696,AT4G26670,AT1G71030,AT2G14170,AT5G08410,AT4G19120,AT5G60360,AT5G06690,AT4G16146	na
4	AT3G10113	AT3G10113	9	na	PWM3312	DAP-seq	AT3G10113_col	12	8.516743254770934e-23	1.2725433879836904e-20	65	AT2G21660,AT3G26740,AT1G13930,AT4G27440,AT3G05880,AT3G62550,AT2G33830,AT1G12090,AT3G15450,AT3G46970,AT1G10760,AT1G20020,AT2G15960,AT4G39260,AT4G32340,AT4G13250,AT1G20620,AT2G41430,AT2G37220,AT1G06460,AT5G10860,AT1G54410,AT4G03210,AT3G25760,AT4G04330,AT2G05520,AT5G15960,AT1G21680,AT3G53460,AT3G53990,AT2G30600,AT2G31360,AT1G80480,AT3G10410,AT1G20693,AT1G25275,AT4G05150,AT3G57520,AT4G13850,AT4G30650,AT4G30660,AT5G19780,AT3G29320,AT2G33150,AT3G17020,AT2G45740,AT5G62720,AT1G30360,AT4G03520,AT4G11600,AT1G20696,AT2G28840,AT4G26670,AT5G61590,AT3G58680,AT4G27800,AT1G71030,AT4G34950,AT5G08410,AT1G13270,AT4G19120,AT2G44490,AT5G06690,AT4G16146,AT3G23050	na
4	AT3G10113	AT3G10113	9	na	PWM959	CisBP	M1219_1.01	19	1.4793272717947693e-8	0.0000014735743324044564	43	AT2G21660,AT1G13930,AT4G27440,AT3G62550,AT3G09390,AT4G39090,AT3G15450,AT5G20250,AT1G10760,AT1G20020,AT4G39260,AT4G32340,AT3G15840,AT2G28900,AT2G15890,AT1G06460,AT4G03210,AT3G18080,AT4G04330,AT1G21680,AT3G53460,AT2G31360,AT1G80480,AT1G20693,AT3G47860,AT5G51550,AT1G70820,AT3G22120,AT3G57520,AT4G30650,AT3G29320,AT2G45740,AT4G12420,AT4G11600,AT1G20696,AT4G26670,AT1G71030,AT2G14170,AT5G08410,AT4G19120,AT5G60360,AT5G06690,AT4G16146	na
4	AT1G01520	ASG4	0	na	PWM1198	CisBP	M1205_1.01	13	3.3074927509037726e-16	4.561795771054203e-14	56	AT2G21660,AT3G05880,AT2G33830,AT3G09390,AT1G12090,AT3G15450,AT1G10760,AT2G15960,AT4G39260,AT4G13250,AT3G26580,AT2G41430,AT2G37220,AT1G06460,AT1G54410,AT4G03210,AT4G04330,AT2G05520,AT5G15960,AT5G02160,AT3G45140,AT2G30600,AT2G31360,AT2G15970,AT3G10410,AT1G20693,AT3G47860,AT5G51550,AT1G70820,AT1G20440,AT4G33510,AT4G13850,AT4G30650,AT1G59870,AT5G19780,AT2G33150,AT3G17020,AT3G16370,AT1G69830,AT3G56090,AT1G20696,AT2G28840,AT3G58680,AT4G27800,AT1G71030,AT1G11530,AT2G14170,AT5G08410,AT1G13270,AT4G19120,AT4G12320,AT5G44340,AT5G06690,AT4G16146,AT1G54100,AT3G23050	na
4	AT1G19000	At1g19000	4	0	PWM3301	DAP-seq	AT1G19000_col	20	4.594792560279689e-8	0.000004119231530290741	42	AT3G26740,AT2G33830,AT3G15450,AT4G20260,AT3G46970,AT5G20250,AT1G20020,AT5G24490,AT2G15890,AT1G20620,AT1G72150,AT2G41430,AT5G14920,AT4G29020,AT2G16600,AT3G18080,AT4G04330,AT3G53460,AT1G56220,AT5G02160,AT3G45140,AT1G48920,AT3G53990,AT5G25460,AT3G10410,AT1G20693,AT1G09750,AT4G05150,AT1G70820,AT3G57520,AT3G16370,AT1G30360,AT4G03520,AT4G12420,AT1G20696,AT5G61590,AT2G45470,AT1G71030,AT5G20160,AT4G12320,AT5G06690,AT4G19410	
4	AT4G00250	AT4G00250	0	0	PWM3125	DAP-seq	AT4G00250_col	21	4.011082465317999e-7	0.00003424700409673892	40	AT3G26740,AT4G27440,AT2G33830,AT4G39090,AT3G15450,AT4G20260,AT3G46970,AT5G20250,AT1G20020,AT5G24490,AT2G15890,AT1G20620,AT2G41430,AT5G14920,AT2G16600,AT3G18080,AT4G04330,AT2G05520,AT5G15960,AT3G53460,AT5G02160,AT3G45140,AT3G53990,AT5G25460,AT1G20693,AT1G09750,AT4G05150,AT1G70820,AT3G57520,AT3G16370,AT1G30360,AT4G03520,AT4G12420,AT1G20696,AT5G61590,AT5G20160,AT4G12320,AT5G06690,AT4G19410,AT3G23050	
4	AT3G45170	GATA14	2	na	PWM3006	DAP-seq	GATA14_col	22	0.0000011264796341114388	0.00009180809018008225	39	AT2G21660,AT2G33830,AT3G09390,AT3G46970,AT1G10760,AT3G15840,AT4G13250,AT1G20620,AT2G41430,AT5G10860,AT1G54410,AT4G40040,AT2G16600,AT5G26570,AT2G30600,AT5G25460,AT2G31360,AT1G20693,AT1G25275,AT3G18780,AT3G47860,AT3G57520,AT4G13850,AT1G59870,AT5G19780,AT3G29320,AT3G19820,AT4G12420,AT1G69830,AT4G11600,AT1G20696,AT4G34950,AT2G14170,AT1G13270,AT4G19120,AT4G12320,AT3G27770,AT1G20330,AT3G23050	na
4	AT3G45170	GATA14	2	na	PWM989	CisBP	M0685_1.01	38	0.000049476459247379687	0.002772227857204743	35	AT2G21660,AT1G10760,AT4G39260,AT1G20620,AT2G41430,AT1G06460,AT5G10860,AT4G40040,AT2G16600,AT4G04330,AT5G63780,AT5G26570,AT5G25460,AT2G31360,AT1G20693,AT1G25275,AT3G18780,AT3G47860,AT3G22120,AT3G57520,AT1G20440,AT4G30650,AT3G29320,AT2G06850,AT4G03520,AT4G12420,AT5G53560,AT1G20696,AT2G28840,AT4G19120,AT3G27770,AT1G20330,AT5G60360,AT5G44340,AT3G23050	na
4	AT4G25480	ATCBF3	9	0	PWM1540	CisBP	M0031_1.01	23	0.0000030567437689402665	0.0002382931120743434	38	AT5G59720,AT1G13930,AT5G62350,AT2G28900,AT1G20620,AT4G04330,AT2G05520,AT5G15960,AT3G14310,AT5G26570,AT3G53990,AT5G25460,AT2G31360,AT2G15970,AT2G02100,AT3G47860,AT5G51550,AT4G05150,AT1G70820,AT1G20440,AT4G30650,AT1G49750,AT5G19780,AT1G30360,AT2G06850,AT4G12420,AT1G69830,AT4G11600,AT2G24940,AT2G45470,AT4G34950,AT4G19120,AT5G20160,AT1G29670,AT5G06690,AT4G16146,AT1G54100,AT4G19410	
4	AT4G25480	ATCBF3	9	0	PWM899	CisBP	M0032_1.01	24	0.0000030567437689402665	0.0002382931120743434	38	AT5G59720,AT1G13930,AT5G62350,AT2G28900,AT1G20620,AT4G04330,AT2G05520,AT5G15960,AT3G14310,AT5G26570,AT3G53990,AT5G25460,AT2G31360,AT2G15970,AT2G02100,AT3G47860,AT5G51550,AT4G05150,AT1G70820,AT1G20440,AT4G30650,AT1G49750,AT5G19780,AT1G30360,AT2G06850,AT4G12420,AT1G69830,AT4G11600,AT2G24940,AT2G45470,AT4G34950,AT4G19120,AT5G20160,AT1G29670,AT5G06690,AT4G16146,AT1G54100,AT4G19410	
4	AT4G25480	ATCBF3	9	0	PWM2570	JASPAR	MA0971.1	26	0.000008010907265653706	0.0005745422690926837	37	AT5G59720,AT1G13930,AT5G62350,AT2G28900,AT1G20620,AT4G04330,AT2G05520,AT5G15960,AT3G14310,AT5G26570,AT3G53990,AT5G25460,AT2G31360,AT2G15970,AT2G02100,AT3G47860,AT5G51550,AT4G05150,AT1G70820,AT1G20440,AT1G49750,AT5G19780,AT1G30360,AT2G06850,AT4G12420,AT1G69830,AT4G11600,AT2G24940,AT2G45470,AT4G34950,AT4G19120,AT5G20160,AT1G29670,AT5G06690,AT4G16146,AT1G54100,AT4G19410	
4	AT4G25480	ATCBF3	9	0	PWM2781	DAP-seq	CBF3_col	67	0.0005780773842979454	0.018184083334144143	32	AT1G13930,AT3G62550,AT2G28900,AT1G20620,AT2G41430,AT3G14310,AT5G26570,AT3G53990,AT5G25460,AT2G31360,AT2G15970,AT3G47860,AT4G05150,AT1G70820,AT1G20440,AT1G49750,AT5G19780,AT1G30360,AT2G06850,AT4G12420,AT1G69830,AT4G11600,AT2G45470,AT4G34950,AT4G19120,AT5G20160,AT5G44340,AT1G29670,AT5G06690,AT4G16146,AT1G54100,AT4G19410	
4	AT4G25480	ATCBF3	9	0	PWM33	AthaMAP	T02643	121	0.002466601021485089	0.044226156315227645	30	AT3G26740,AT1G13930,AT1G10760,AT2G15890,AT1G20620,AT5G14920,AT5G23240,AT4G04330,AT5G15960,AT3G14310,AT5G26570,AT1G56220,AT2G15970,AT2G02100,AT1G20693,AT3G47860,AT1G70820,AT3G57520,AT1G20440,AT5G23660,AT4G30650,AT4G30660,AT5G62720,AT4G03520,AT1G69830,AT1G20696,AT2G24940,AT2G45470,AT4G34950,AT5G37780	
4	AT4G25480	ATCBF3	9	0	PWM706	AthaMAP	T02643	130	0.002466601021485089	0.044226156315227645	30	AT5G59720,AT2G21660,AT3G05880,AT2G33830,AT3G63160,AT1G10760,AT2G28900,AT2G37220,AT1G54410,AT4G04330,AT5G15960,AT5G26570,AT1G48920,AT3G53990,AT5G25460,AT2G15970,AT2G02100,AT5G51550,AT2G33150,AT2G06850,AT4G03520,AT1G69830,AT2G24940,AT1G70782,AT4G27800,AT4G34950,AT5G37780,AT5G06690,AT4G16146,AT3G23050	
4	AT3G14230	RAP2.2	0	0	PWM187	AthaMAP		25	0.000008010907265653706	0.0005745422690926837	37	AT2G21660,AT3G26740,AT4G27440,AT3G05880,AT3G62550,AT3G09390,AT3G63160,AT3G46970,AT5G62350,AT1G20020,AT2G15890,AT5G10860,AT4G29020,AT1G54410,AT2G16600,AT3G25760,AT4G04330,AT5G15960,AT5G22920,AT2G31360,AT4G05150,AT5G23660,AT4G30650,AT4G30660,AT5G19780,AT1G30360,AT1G69830,AT2G28840,AT5G61590,AT5G37780,AT1G13270,AT1G20330,AT2G44490,AT1G29670,AT4G16146,AT4G19410,AT3G23050	
4	AT5G56840	AT5G56840	1	na	PWM3328	DAP-seq	AT5G56840_col	27	0.000008010907265653706	0.0005745422690926837	37	AT3G26740,AT2G33830,AT3G15450,AT4G20260,AT1G10760,AT1G20020,AT5G24490,AT2G15890,AT1G20620,AT2G41430,AT5G14920,AT4G29020,AT1G54410,AT2G16600,AT3G18080,AT4G04330,AT3G53460,AT5G02160,AT1G48920,AT3G53990,AT2G30600,AT5G25460,AT1G20693,AT1G09750,AT4G05150,AT5G23660,AT3G16370,AT1G30360,AT4G03520,AT4G12420,AT4G11600,AT1G20696,AT5G61590,AT5G08410,AT5G20160,AT5G06690,AT3G23050	na
4	AT5G61620	AT5G61620	2	na	PWM3332	DAP-seq	AT5G61620_col	28	0.000008010907265653706	0.0005745422690926837	37	AT3G26740,AT3G05880,AT2G33830,AT3G15450,AT4G20260,AT5G20250,AT1G20020,AT5G24490,AT2G15890,AT1G20620,AT2G41430,ATCG00640,AT4G29020,AT3G18080,AT4G04330,AT3G53460,AT5G02160,AT1G48920,AT3G53990,AT2G30600,AT5G25460,AT3G10410,AT1G09750,AT4G05150,AT5G23660,AT2G33150,AT3G16370,AT1G30360,AT4G03520,AT4G12420,AT5G61590,AT2G45470,AT1G71030,AT5G08410,AT5G20160,AT5G06690,AT3G23050	na
4	AT4G36900	DEAR4	1	0	PWM2849	DAP-seq	RAP210_col	29	0.00002026730744835276	0.001253078698444707	36	AT1G13930,AT4G39260,AT2G28900,AT2G15890,AT1G20620,AT2G41430,AT2G37220,AT3G14310,AT5G26570,AT3G53990,AT2G30600,AT2G31360,AT2G15970,AT2G02100,AT3G47860,AT4G05150,AT1G70820,AT3G57520,AT1G20440,AT1G49750,AT3G19820,AT1G30360,AT4G12420,AT1G69830,AT4G11600,AT2G24940,AT3G58680,AT2G45470,AT4G34950,AT4G19120,AT5G20160,AT1G20330,AT5G44340,AT1G29670,AT4G16146,AT1G54100	
4	AT1G03970	GBF4	2	0	PWM994	CisBP	M0319_1.01	30	0.00002026730744835276	0.001253078698444707	36	AT3G26740,AT2G33830,AT4G39090,AT3G63160,AT3G46970,AT1G10760,AT2G15960,AT4G13250,AT1G20620,AT2G41430,AT5G14920,AT4G16190,AT2G16600,AT4G04330,AT5G15960,AT1G21680,AT3G53460,AT1G56220,AT1G48920,AT5G25460,AT2G15970,AT3G10410,AT3G57520,AT4G33510,AT5G23660,AT3G29320,AT2G33150,AT2G45740,AT3G56090,AT4G11600,AT2G45470,AT2G14170,AT3G22370,AT5G60360,AT4G16146,AT3G23050	
4	AT5G44080	AT5G44080	0	1	PWM995	CisBP	M0319_1.01	31	0.00002026730744835276	0.001253078698444707	36	AT3G26740,AT2G33830,AT4G39090,AT3G63160,AT3G46970,AT1G10760,AT2G15960,AT4G13250,AT1G20620,AT2G41430,AT5G14920,AT4G16190,AT2G16600,AT4G04330,AT5G15960,AT1G21680,AT3G53460,AT1G56220,AT1G48920,AT5G25460,AT2G15970,AT3G10410,AT3G57520,AT4G33510,AT5G23660,AT3G29320,AT2G33150,AT2G45740,AT3G56090,AT4G11600,AT2G45470,AT2G14170,AT3G22370,AT5G60360,AT4G16146,AT3G23050	AT3G23050
4	AT1G63030	ddf2	2	na	PWM1539	CisBP	M0031_1.01	32	0.000049476459247379687	0.002772227857204743	35	AT5G59720,AT1G13930,AT5G62350,AT1G10760,AT4G39260,AT2G28900,AT1G20620,AT4G04330,AT2G05520,AT5G26570,AT3G53990,AT5G25460,AT2G31360,AT2G15970,AT3G47860,AT5G51550,AT4G05150,AT1G20440,AT4G30650,AT1G49750,AT5G19780,AT1G30360,AT2G06850,AT4G12420,AT1G69830,AT4G11600,AT2G24940,AT2G45470,AT4G19120,AT5G20160,AT1G29670,AT5G06690,AT4G16146,AT1G54100,AT4G19410	na
4	AT4G25490	ATCBF1	0	na	PWM1541	CisBP	M0031_1.01	33	0.000049476459247379687	0.002772227857204743	35	AT5G59720,AT1G13930,AT5G62350,AT1G10760,AT4G39260,AT2G28900,AT1G20620,AT4G04330,AT2G05520,AT5G26570,AT3G53990,AT5G25460,AT2G31360,AT2G15970,AT3G47860,AT5G51550,AT4G05150,AT1G20440,AT4G30650,AT1G49750,AT5G19780,AT1G30360,AT2G06850,AT4G12420,AT1G69830,AT4G11600,AT2G24940,AT2G45470,AT4G19120,AT5G20160,AT1G29670,AT5G06690,AT4G16146,AT1G54100,AT4G19410	na
4	AT4G25490	ATCBF1	0	na	PWM2777	DAP-seq	CBF1_col	93	0.0012171905353431146	0.029492197700948707	31	AT1G13930,AT4G39260,AT2G28900,AT1G20620,AT4G04330,AT2G05520,AT5G15960,AT3G14310,AT5G26570,AT2G31360,AT2G15970,AT3G47860,AT4G05150,AT1G20440,AT1G49750,AT5G19780,AT1G30360,AT2G06850,AT4G12420,AT1G69830,AT4G11600,AT2G24940,AT2G45470,AT4G34950,AT4G19120,AT5G20160,AT1G29670,AT5G06690,AT4G16146,AT1G54100,AT4G19410	na
4	AT4G25490	ATCBF1	0	na	PWM413	AGRIS		97	0.0012171905353431146	0.029492197700948707	31	AT1G13930,AT3G15450,AT1G10760,AT2G28900,AT2G41430,AT4G29020,AT2G05520,AT3G53990,AT5G25460,AT2G02100,AT1G20693,AT4G05150,AT1G70820,AT3G57520,AT1G20440,AT4G13850,AT5G23660,AT1G49750,AT5G19780,AT2G06850,AT4G11600,AT2G28840,AT2G24940,AT2G45470,AT4G34950,AT1G20330,AT5G44340,AT5G06690,AT4G16146,AT4G19410,AT3G23050	na
4	AT4G25490	ATCBF1	0	na	PWM36	AthaMAP	T02636	125	0.002466601021485089	0.044226156315227645	30	AT3G26740,AT1G13930,AT1G10760,AT2G15890,AT1G20620,AT5G14920,AT5G23240,AT4G04330,AT5G15960,AT3G14310,AT5G26570,AT1G56220,AT2G15970,AT2G02100,AT1G20693,AT3G47860,AT1G70820,AT3G57520,AT1G20440,AT5G23660,AT4G30650,AT4G30660,AT5G62720,AT4G03520,AT1G69830,AT1G20696,AT2G24940,AT2G45470,AT4G34950,AT5G37780	na
4	AT5G51990	CBF4	0	0	PWM1542	CisBP	M0031_1.01	34	0.000049476459247379687	0.002772227857204743	35	AT5G59720,AT1G13930,AT5G62350,AT1G10760,AT4G39260,AT2G28900,AT1G20620,AT4G04330,AT2G05520,AT5G26570,AT3G53990,AT5G25460,AT2G31360,AT2G15970,AT3G47860,AT5G51550,AT4G05150,AT1G20440,AT4G30650,AT1G49750,AT5G19780,AT1G30360,AT2G06850,AT4G12420,AT1G69830,AT4G11600,AT2G24940,AT2G45470,AT4G19120,AT5G20160,AT1G29670,AT5G06690,AT4G16146,AT1G54100,AT4G19410	
4	AT5G51990	CBF4	0	0	PWM2783	DAP-seq	CBF4_col	94	0.0012171905353431146	0.029492197700948707	31	AT1G13930,AT4G39260,AT2G28900,AT1G20620,AT4G04330,AT2G05520,AT5G15960,AT3G14310,AT5G26570,AT3G53990,AT2G31360,AT2G15970,AT3G47860,AT4G05150,AT1G20440,AT1G49750,AT5G19780,AT1G30360,AT2G06850,AT4G12420,AT1G69830,AT4G11600,AT2G24940,AT2G45470,AT4G34950,AT4G19120,AT5G20160,AT1G29670,AT5G06690,AT4G16146,AT1G54100	
4	AT4G25470	ATCBF2	4	0	PWM2779	DAP-seq	CBF2_col	35	0.000049476459247379687	0.002772227857204743	35	AT1G13930,AT3G62550,AT5G62350,AT2G28900,AT1G20620,AT1G54410,AT4G04330,AT5G15960,AT3G14310,AT5G26570,AT3G53990,AT5G25460,AT2G31360,AT2G15970,AT2G02100,AT3G47860,AT4G05150,AT1G20440,AT4G30650,AT1G49750,AT5G19780,AT1G30360,AT2G06850,AT4G12420,AT1G69830,AT4G11600,AT2G24940,AT2G45470,AT4G34950,AT4G19120,AT5G20160,AT1G29670,AT4G16146,AT1G54100,AT4G19410	
4	AT4G25470	ATCBF2	4	0	PWM1228	CisBP	M0030_1.01	45	0.0002643720690402368	0.01077316181338965	33	AT1G10760,AT4G39260,AT2G28900,AT1G20620,AT4G29020,AT1G54410,AT4G04330,AT2G05520,AT5G15960,AT3G14310,AT5G26570,AT3G53990,AT2G30600,AT2G31360,AT2G15970,AT2G02100,AT3G47860,AT5G51550,AT4G05150,AT1G20440,AT4G30650,AT1G49750,AT5G19780,AT2G06850,AT1G69830,AT4G11600,AT2G24940,AT2G45470,AT5G37780,AT3G22370,AT5G06690,AT4G16146,AT1G54100	
4	AT4G25470	ATCBF2	4	0	PWM2584	JASPAR	MA0985.1	52	0.0002643720690402368	0.01077316181338965	33	AT4G39260,AT2G28900,AT1G20620,AT4G29020,AT1G54410,AT4G04330,AT2G05520,AT5G15960,AT3G14310,AT5G26570,AT3G53990,AT2G30600,AT2G31360,AT2G15970,AT2G02100,AT3G47860,AT5G51550,AT4G05150,AT1G20440,AT4G30650,AT1G49750,AT5G19780,AT2G33150,AT2G06850,AT1G69830,AT4G11600,AT2G24940,AT3G58680,AT2G45470,AT5G37780,AT3G22370,AT5G06690,AT1G54100	
4	AT4G25470	ATCBF2	4	0	PWM35	AthaMAP	T04824	124	0.002466601021485089	0.044226156315227645	30	AT3G26740,AT1G13930,AT1G10760,AT2G15890,AT1G20620,AT5G14920,AT5G23240,AT4G04330,AT5G15960,AT3G14310,AT5G26570,AT1G56220,AT2G15970,AT2G02100,AT1G20693,AT3G47860,AT1G70820,AT3G57520,AT1G20440,AT5G23660,AT4G30650,AT4G30660,AT5G62720,AT4G03520,AT1G69830,AT1G20696,AT2G24940,AT2G45470,AT4G34950,AT5G37780	
4	AT5G25810	TINY	0	0	PWM2860	DAP-seq	TINY_col	36	0.000049476459247379687	0.002772227857204743	35	AT1G13930,AT1G20620,AT1G06460,AT4G29020,AT3G14310,AT5G26570,AT3G53990,AT2G30600,AT5G25460,AT2G31360,AT2G15970,AT2G02100,AT1G25275,AT3G47860,AT4G05150,AT3G57520,AT1G20440,AT1G49750,AT1G30360,AT2G06850,AT4G12420,AT1G69830,AT4G11600,AT4G26670,AT2G24940,AT3G58680,AT2G45470,AT4G34950,AT2G14170,AT4G19120,AT5G20160,AT5G44340,AT5G06690,AT4G19410,AT3G23050	
4	AT5G25810	TINY	0	0	PWM1148	CisBP	M0034_1.01	104	0.002466601021485089	0.044226156315227645	30	AT1G13930,AT4G39260,AT1G20620,AT1G06460,AT4G29020,AT4G04330,AT3G14310,AT5G26570,AT3G53990,AT2G31360,AT2G15970,AT2G02100,AT3G47860,AT4G05150,AT1G70820,AT1G20440,AT1G49750,AT2G06850,AT4G12420,AT4G11600,AT2G24940,AT2G45470,AT4G34950,AT4G19120,AT5G20160,AT5G44340,AT1G29670,AT5G06690,AT4G19410,AT3G23050	
4	AT1G74840	At1g74840	0	0	PWM3307	DAP-seq	AT1G74840_col	37	0.000049476459247379687	0.002772227857204743	35	AT3G26740,AT2G33830,AT4G39090,AT3G15450,AT3G46970,AT5G20250,AT5G24490,AT2G15890,AT1G20620,AT2G41430,AT4G29020,AT4G04330,AT5G15960,AT5G26570,AT3G53460,AT5G02160,AT3G45140,AT1G48920,AT3G53990,AT5G25460,AT1G20693,AT4G05150,AT3G57520,AT5G19780,AT3G17020,AT3G16370,AT1G30360,AT4G03520,AT4G12420,AT1G20696,AT5G61590,AT2G45470,AT1G71030,AT5G08410,AT5G06690	
4	AT3G51080	GATA6	0	na	PWM990	CisBP	M0685_1.01	39	0.000049476459247379687	0.002772227857204743	35	AT2G21660,AT1G10760,AT4G39260,AT1G20620,AT2G41430,AT1G06460,AT5G10860,AT4G40040,AT2G16600,AT4G04330,AT5G63780,AT5G26570,AT5G25460,AT2G31360,AT1G20693,AT1G25275,AT3G18780,AT3G47860,AT3G22120,AT3G57520,AT1G20440,AT4G30650,AT3G29320,AT2G06850,AT4G03520,AT4G12420,AT5G53560,AT1G20696,AT2G28840,AT4G19120,AT3G27770,AT1G20330,AT5G60360,AT5G44340,AT3G23050	na
4	AT3G51080	GATA6	0	na	PWM3016	DAP-seq	GATA6_col	96	0.0012171905353431146	0.029492197700948707	31	AT2G21660,AT3G09390,AT3G46970,AT2G15960,AT4G13250,AT1G20620,AT2G41430,AT1G54410,AT4G40040,AT3G25760,AT5G22920,AT2G30600,AT5G25460,AT2G31360,AT2G15970,AT1G20693,AT3G18780,AT4G13850,AT5G19780,AT3G29320,AT3G19820,AT4G12420,AT1G69830,AT4G11600,AT1G20696,AT1G11530,AT1G13270,AT4G19120,AT3G27770,AT5G44340,AT1G29670	na
4	AT5G66320	GATA5	0	0	PWM991	CisBP	M0685_1.01	40	0.000049476459247379687	0.002772227857204743	35	AT2G21660,AT1G10760,AT4G39260,AT1G20620,AT2G41430,AT1G06460,AT5G10860,AT4G40040,AT2G16600,AT4G04330,AT5G63780,AT5G26570,AT5G25460,AT2G31360,AT1G20693,AT1G25275,AT3G18780,AT3G47860,AT3G22120,AT3G57520,AT1G20440,AT4G30650,AT3G29320,AT2G06850,AT4G03520,AT4G12420,AT5G53560,AT1G20696,AT2G28840,AT4G19120,AT3G27770,AT1G20330,AT5G60360,AT5G44340,AT3G23050	
4	AT2G44940	AT2G44940	3	0	PWM2757	DAP-seq	AT2G44940_col	41	0.00011648715032136751	0.005094181964053949	34	AT1G13930,AT1G20620,AT1G06460,AT4G29020,AT2G05520,AT3G14310,AT5G26570,AT3G53990,AT2G30600,AT5G25460,AT2G31360,AT2G15970,AT2G02100,AT1G25275,AT3G47860,AT3G57520,AT1G20440,AT1G49750,AT1G30360,AT2G06850,AT4G12420,AT1G69830,AT4G26670,AT2G24940,AT3G58680,AT2G45470,AT4G34950,AT2G14170,AT4G19120,AT5G20160,AT5G60360,AT5G44340,AT5G06690,AT4G19410	
4	AT2G31220	AT2G31220	0	na	PWM2878	DAP-seq	BHLH10_col	42	0.00011648715032136751	0.005094181964053949	34	AT1G13930,AT1G20620,AT1G06460,AT4G29020,AT2G05520,AT5G15960,AT3G14310,AT5G26570,AT1G48920,AT3G53990,AT2G30600,AT2G31360,AT2G15970,AT2G02100,AT1G25275,AT3G47860,AT4G05150,AT1G70820,AT3G57520,AT1G20440,AT1G49750,AT2G06850,AT4G12420,AT1G69830,AT4G26670,AT2G24940,AT2G45470,AT4G34950,AT2G14170,AT4G19120,AT5G20160,AT5G44340,AT5G06690,AT4G19410	na
4	AT5G47390	At5g47390	1	na	PWM3324	DAP-seq	AT5G47390_col	43	0.00011648715032136751	0.005094181964053949	34	AT3G26740,AT4G27440,AT3G62550,AT2G33830,AT4G20260,AT3G46970,AT5G20250,AT1G20020,AT5G24490,AT2G15890,AT1G20620,AT2G41430,AT5G14920,AT3G18080,AT4G04330,AT3G53460,AT5G02160,AT1G48920,AT3G53990,AT2G30600,AT5G25460,AT1G09750,AT4G05150,AT3G57520,AT3G16370,AT1G30360,AT4G03520,AT4G12420,AT5G61590,AT2G45470,AT5G08410,AT5G20160,AT5G06690,AT3G23050	na
4	AT5G47390	At5g47390	1	na	PWM948	CisBP	M1246_1.01	73	0.0005780773842979454	0.018184083334144143	32	AT3G09390,AT4G39090,AT3G15450,AT4G20260,AT5G20250,AT1G20020,AT4G32340,AT5G24490,AT1G20620,AT1G72150,AT2G41430,AT4G35770,ATCG00640,AT3G25760,AT4G04330,AT3G14310,AT3G53460,AT5G02160,AT3G45140,AT3G53990,AT5G25460,AT1G20693,AT1G30360,AT4G03520,AT1G20696,AT4G26670,AT5G61590,AT3G58680,AT4G34950,AT5G08410,AT5G20160,AT5G06690	na
4	AT5G25830	GATA12	0	0	PWM1092	CisBP	M0689_1.01	44	0.0002643720690402368	0.01077316181338965	33	AT2G21660,AT4G39090,AT1G10760,AT4G39260,AT4G13250,AT1G20620,AT2G41430,AT1G06460,AT5G10860,AT1G54410,AT4G40040,AT2G16600,AT3G25760,AT4G04330,AT5G26570,AT2G31360,AT3G18780,AT3G47860,AT3G57520,AT1G20440,AT4G13850,AT4G30650,AT5G19780,AT3G29320,AT4G12420,AT1G20696,AT2G28840,AT1G11530,AT4G19120,AT3G27770,AT1G20330,AT5G60360,AT5G44340	
4	AT5G25830	GATA12	0	0	PWM1589	PBM		49	0.0002643720690402368	0.01077316181338965	33	AT2G21660,AT4G39090,AT1G10760,AT4G39260,AT4G13250,AT1G20620,AT2G41430,AT1G06460,AT5G10860,AT1G54410,AT4G40040,AT2G16600,AT3G25760,AT4G04330,AT5G26570,AT2G31360,AT3G18780,AT3G47860,AT3G57520,AT1G20440,AT4G13850,AT4G30650,AT5G19780,AT3G29320,AT4G12420,AT1G20696,AT2G28840,AT1G11530,AT4G19120,AT3G27770,AT1G20330,AT5G60360,AT5G44340	
4	AT5G51910	AT5G51910	0	0	PWM1310	CisBP	M1519_1.01	46	0.0002643720690402368	0.01077316181338965	33	AT4G27440,AT1G12090,AT3G46970,AT1G20620,AT1G72150,AT5G14920,AT5G10860,AT4G29020,AT4G03210,AT3G14310,AT5G22920,AT2G30600,AT5G25460,AT2G02100,AT3G10410,AT5G51550,AT2G31040,AT1G20440,AT1G59870,AT5G19780,AT3G17020,AT1G30360,AT2G06850,AT5G61590,AT2G45470,AT1G71030,AT4G34950,AT4G19120,AT3G22370,AT3G27770,AT1G20330,AT2G44490,AT1G29670	
4	AT5G51910	AT5G51910	0	0	PWM2659	JASPAR	MA1063.1	66	0.0005780773842979454	0.018184083334144143	32	AT4G27440,AT1G12090,AT3G46970,AT1G20620,AT1G72150,AT5G14920,AT5G10860,AT4G29020,AT4G03210,AT3G14310,AT5G22920,AT2G30600,AT5G25460,AT2G02100,AT3G10410,AT5G51550,AT2G31040,AT1G20440,AT1G59870,AT5G19780,AT3G17020,AT1G30360,AT2G06850,AT5G61590,AT2G45470,AT1G71030,AT4G34950,AT4G19120,AT3G27770,AT1G20330,AT2G44490,AT1G29670	
4	AT1G75080	BZR1	0	na	PWM1390	CisBP	M2213_1.01	47	0.0002643720690402368	0.01077316181338965	33	AT3G05880,AT2G33830,AT3G63160,AT5G62350,AT1G10760,AT4G32340,AT4G13250,AT1G20620,AT2G41430,AT5G14920,AT2G16600,AT4G04330,AT5G15960,AT1G21680,AT3G53460,AT1G56220,AT1G48920,AT5G25460,AT2G15970,AT3G10410,AT3G57520,AT5G23660,AT3G29320,AT2G33150,AT2G45740,AT2G06850,AT1G69830,AT3G56090,AT4G11600,AT5G60360,AT2G44490,AT4G16146,AT3G23050	na
4	AT1G75080	BZR1	0	na	PWM2150	JASPAR	MA0550.1	50	0.0002643720690402368	0.01077316181338965	33	AT3G05880,AT2G33830,AT3G63160,AT5G62350,AT1G10760,AT4G32340,AT4G13250,AT1G20620,AT2G41430,AT5G14920,AT2G16600,AT4G04330,AT5G15960,AT1G21680,AT3G53460,AT1G56220,AT1G48920,AT5G25460,AT2G15970,AT3G10410,AT3G57520,AT5G23660,AT3G29320,AT2G33150,AT2G45740,AT2G06850,AT1G69830,AT3G56090,AT4G11600,AT5G60360,AT2G44490,AT4G16146,AT3G23050	na
4	AT5G62260	AHL6	0	na	PWM1431	CisBP	M0145_1.01	48	0.0002643720690402368	0.01077316181338965	33	AT2G33830,AT3G09390,AT4G39090,AT3G15840,AT2G15890,AT5G63780,AT2G05520,AT5G15960,AT1G56220,AT1G48920,AT5G25460,AT1G20693,AT3G18780,AT4G05150,AT2G31040,AT3G57520,AT4G13850,AT3G29320,AT5G62720,AT4G03520,AT4G12420,AT1G69830,AT4G11600,AT2G28840,AT2G24940,AT1G13270,AT4G19120,AT1G07440,AT2G44490,AT1G29670,AT4G16146,AT1G54100,AT4G19410	na
4	AT2G36270	ABI5	0	38	PWM2530	JASPAR	MA0931.1	51	0.0002643720690402368	0.01077316181338965	33	AT3G63160,AT5G20250,AT1G10760,AT2G15960,AT2G15890,AT4G13250,AT1G20620,AT5G14920,AT4G16190,AT2G16600,AT4G03210,AT4G04330,AT5G15960,AT1G21680,AT3G53460,AT1G56220,AT2G15970,AT3G10410,AT3G57520,AT1G20440,AT5G23660,AT3G29320,AT2G33150,AT2G45740,AT1G69830,AT3G56090,AT4G11600,AT2G45470,AT1G70782,AT3G22370,AT5G60360,AT4G16146,AT3G23050	AT4G39090,AT3G63160,AT4G20260,AT5G20250,AT1G10760,AT4G13250,AT3G26580,AT2G41430,AT2G37220,AT5G14920,AT4G16190,AT5G15960,AT1G21680,AT1G56220,AT5G02160,AT3G53990,AT2G30600,AT2G15970,AT3G10410,AT5G51550,AT1G09750,AT3G57520,AT1G20440,AT3G29320,AT1G30360,AT4G03520,AT4G12420,AT3G56090,AT4G11600,AT5G61590,AT5G37780,AT2G14170,AT3G22370,AT1G20330,AT5G60360,AT1G29670,AT1G54100,AT3G23050
4	AT2G36270	ABI5	0	38	PWM957	CisBP	M0257_1.01	56	0.0002643720690402368	0.01077316181338965	33	AT3G63160,AT5G20250,AT1G10760,AT2G15960,AT2G15890,AT4G13250,AT1G20620,AT5G14920,AT4G16190,AT2G16600,AT4G03210,AT4G04330,AT5G15960,AT1G21680,AT3G53460,AT1G56220,AT2G15970,AT3G10410,AT3G57520,AT1G20440,AT5G23660,AT3G29320,AT2G33150,AT2G45740,AT1G69830,AT3G56090,AT4G11600,AT2G45470,AT1G70782,AT3G22370,AT5G60360,AT4G16146,AT3G23050	AT4G39090,AT3G63160,AT4G20260,AT5G20250,AT1G10760,AT4G13250,AT3G26580,AT2G41430,AT2G37220,AT5G14920,AT4G16190,AT5G15960,AT1G21680,AT1G56220,AT5G02160,AT3G53990,AT2G30600,AT2G15970,AT3G10410,AT5G51550,AT1G09750,AT3G57520,AT1G20440,AT3G29320,AT1G30360,AT4G03520,AT4G12420,AT3G56090,AT4G11600,AT5G61590,AT5G37780,AT2G14170,AT3G22370,AT1G20330,AT5G60360,AT1G29670,AT1G54100,AT3G23050
4	AT3G27010	ATTCP20	0	0	PWM2661	JASPAR	MA1065.1	53	0.0002643720690402368	0.01077316181338965	33	AT3G62550,AT4G39090,AT1G12090,AT2G15890,AT4G13250,AT1G20620,AT2G37220,AT5G14920,AT5G10860,AT4G29020,AT3G14310,AT5G22920,AT2G30600,AT5G25460,AT2G31360,AT5G51550,AT2G31040,AT1G20440,AT4G13850,AT5G19780,AT3G17020,AT5G61590,AT3G58680,AT2G45470,AT1G71030,AT4G34950,AT2G14170,AT3G22370,AT4G12320,AT3G27770,AT5G44340,AT1G29670,AT1G54100	
4	AT3G27010	ATTCP20	0	0	PWM1071	CisBP	M1517_1.01	76	0.0012171905353431146	0.029492197700948707	31	AT4G39090,AT1G12090,AT2G15890,AT4G13250,AT1G20620,AT5G14920,AT5G10860,AT4G29020,AT3G14310,AT5G22920,AT2G30600,AT5G25460,AT2G31360,AT5G51550,AT2G31040,AT1G20440,AT4G13850,AT5G19780,AT3G17020,AT5G61590,AT3G58680,AT2G45470,AT1G71030,AT4G34950,AT2G14170,AT3G22370,AT4G12320,AT3G27770,AT5G44340,AT1G29670,AT1G54100	
4	AT1G35560	AtTCP23	2	0	PWM2662	JASPAR	MA1066.1	54	0.0002643720690402368	0.01077316181338965	33	AT3G46970,AT5G20250,AT1G10760,AT4G39260,AT2G28900,AT4G13250,AT1G20620,AT2G37220,AT5G10860,AT4G29020,AT4G04330,AT3G14310,AT5G22920,AT3G53990,AT2G30600,AT5G25460,AT3G10410,AT5G51550,AT1G20440,AT1G49750,AT5G19780,AT3G17020,AT2G06850,AT5G61590,AT3G58680,AT2G45470,AT1G71030,AT4G34950,AT3G22370,AT3G27770,AT5G44340,AT1G29670,AT1G54100	
4	AT5G05790	At5g05790	1	0	PWM3321	DAP-seq	AT5G05790_col	55	0.0002643720690402368	0.01077316181338965	33	AT5G20630,AT3G15450,AT5G20250,AT1G10760,AT1G20020,AT3G15840,AT5G24490,AT2G15890,AT4G13250,AT1G20620,AT1G72150,AT2G41430,AT1G54410,AT4G03210,AT5G26570,AT1G56220,AT5G02160,AT1G48920,AT3G53990,AT2G15970,AT1G80480,AT3G18780,AT3G57520,AT5G23660,AT2G33150,AT5G62720,AT1G30360,AT4G03520,AT1G73655,AT5G37780,AT2G14170,AT5G08410,AT5G20160	
4	AT4G35390	AGF1	0	na	PWM1060	PBM		57	0.0005780773842979454	0.018184083334144143	32	AT2G33830,AT4G39090,AT3G63160,AT1G72150,AT4G29020,AT2G16600,AT5G63780,AT2G05520,AT5G15960,AT3G14310,AT1G21680,AT1G56220,AT3G45140,AT1G48920,AT3G53990,AT5G25460,AT1G20693,AT3G18780,AT4G05150,AT2G31040,AT1G70820,AT3G57520,AT3G29320,AT5G62720,AT1G30360,AT4G11600,AT1G20696,AT4G19120,AT2G44490,AT1G29670,AT4G16146,AT1G54100	na
4	AT4G35390	AGF1	0	na	PWM1608	PBM		109	0.002466601021485089	0.044226156315227645	30	AT5G20630,AT2G33830,AT3G09390,AT4G39090,AT3G63160,AT3G46970,AT3G15840,AT5G63780,AT3G45140,AT1G48920,AT3G53990,AT5G25460,AT2G31360,AT1G20693,AT4G05150,AT3G57520,AT4G13850,AT5G23660,AT5G62720,AT1G30360,AT2G06850,AT4G11600,AT2G24940,AT2G45470,AT5G08410,AT4G19120,AT5G44340,AT4G16146,AT1G54100,AT4G19410	na
4	AT1G45249	ABF2	0	1	PWM1178	CisBP	M0252_1.01	58	0.0005780773842979454	0.018184083334144143	32	AT3G26740,AT3G05880,AT3G63160,AT3G46970,AT5G20250,AT5G62350,AT1G10760,AT2G15890,AT4G13250,AT1G20620,AT5G14920,AT4G16190,AT4G03210,AT4G04330,AT5G15960,AT1G21680,AT3G53460,AT1G56220,AT2G15970,AT3G10410,AT3G57520,AT1G20440,AT3G29320,AT2G45740,AT1G69830,AT4G11600,AT2G45470,AT1G70782,AT3G22370,AT5G60360,AT4G16146,AT3G23050	AT3G23050
4	AT1G45249	ABF2	0	1	PWM2540	JASPAR	MA0941.1	64	0.0005780773842979454	0.018184083334144143	32	AT3G26740,AT3G05880,AT3G63160,AT3G46970,AT5G20250,AT5G62350,AT1G10760,AT2G15890,AT4G13250,AT1G20620,AT5G14920,AT4G16190,AT4G03210,AT4G04330,AT5G15960,AT1G21680,AT3G53460,AT1G56220,AT2G15970,AT3G10410,AT3G57520,AT1G20440,AT3G29320,AT2G45740,AT1G69830,AT4G11600,AT2G45470,AT1G70782,AT3G22370,AT5G60360,AT4G16146,AT3G23050	AT3G23050
4	AT1G45249	ABF2	0	1	PWM2903	DAP-seq	ABF2_col	114	0.002466601021485089	0.044226156315227645	30	AT3G26740,AT1G13930,AT4G27440,AT2G33830,AT3G63160,AT3G46970,AT2G15960,AT4G13250,AT1G20620,AT1G72150,AT4G16190,AT1G21680,AT3G53460,AT5G02160,AT2G15970,AT3G10410,AT1G20693,AT1G25275,AT3G57520,AT1G20440,AT3G29320,AT2G45740,AT2G06850,AT1G69830,AT1G20696,AT5G60360,AT2G44490,AT4G16146,AT1G54100,AT3G23050	AT3G23050
4	AT1G45249	ABF2	0	1	PWM654	AthaMAP	T03823	126	0.002466601021485089	0.044226156315227645	30	AT5G59720,AT2G33830,AT3G63160,AT1G12090,AT4G20260,AT5G20250,AT1G20620,AT1G72150,AT2G41430,AT1G54410,AT3G18080,AT4G04330,AT3G14310,AT1G21680,AT5G02160,AT3G53990,AT3G47860,AT5G51550,AT1G70820,AT1G20440,AT3G29320,AT4G03520,AT4G26670,AT2G24940,AT3G58680,AT1G70782,AT1G71030,AT4G34950,AT2G14170,AT5G60360	AT3G23050
4	AT1G45249	ABF2	0	1	PWM655	AthaMAP	T03823	127	0.002466601021485089	0.044226156315227645	30	AT5G59720,AT2G33830,AT3G63160,AT1G12090,AT4G20260,AT5G20250,AT1G20620,AT1G72150,AT2G41430,AT1G54410,AT3G18080,AT4G04330,AT3G14310,AT1G21680,AT5G02160,AT3G53990,AT3G47860,AT5G51550,AT1G70820,AT1G20440,AT3G29320,AT4G03520,AT4G26670,AT2G24940,AT3G58680,AT1G70782,AT1G71030,AT4G34950,AT2G14170,AT5G60360	AT3G23050
4	AT4G36240	GATA7	1	na	PWM1222	CisBP	M0691_1.01	59	0.0005780773842979454	0.018184083334144143	32	AT2G21660,AT1G12090,AT1G10760,AT4G39260,AT1G20620,AT2G41430,AT1G06460,AT5G10860,AT4G40040,AT4G04330,AT5G15960,AT5G26570,AT5G25460,AT2G31360,AT1G20693,AT3G18780,AT3G47860,AT3G57520,AT1G20440,AT4G13850,AT5G19780,AT3G29320,AT5G53560,AT1G20696,AT4G27800,AT4G19120,AT3G22370,AT3G27770,AT5G60360,AT5G44340,AT4G19410,AT3G23050	na
4	AT4G36730	AtGBF1	10	0	PWM1292	CisBP	M0264_1.01	60	0.0005780773842979454	0.018184083334144143	32	AT4G27440,AT3G63160,AT4G20260,AT5G20250,AT1G10760,AT2G15960,AT1G20620,AT4G16190,AT4G03210,AT3G18080,AT5G15960,AT1G21680,AT1G56220,AT2G15970,AT3G10410,AT1G20693,AT3G57520,AT1G20440,AT4G13850,AT3G29320,AT2G33150,AT3G19820,AT2G45740,AT5G53560,AT1G69830,AT3G56090,AT4G11600,AT1G20696,AT2G24940,AT5G60360,AT2G44490,AT4G16146	
4	AT1G77200	AT1G77200	0	na	PWM1442	CisBP	M0026_1.01	61	0.0005780773842979454	0.018184083334144143	32	AT1G13930,AT3G09390,AT4G39260,AT2G28900,AT1G20620,AT2G05520,AT3G14310,AT5G26570,AT1G48920,AT3G53990,AT5G25460,AT2G31360,AT4G05150,AT1G70820,AT3G57520,AT1G20440,AT1G49750,AT1G59870,AT5G19780,AT4G12420,AT1G69830,AT4G11600,AT2G24940,AT2G45470,AT4G34950,AT2G14170,AT4G19120,AT5G20160,AT1G20330,AT5G06690,AT4G16146,AT4G19410	na
4	AT1G77200	AT1G77200	0	na	PWM1568	PBM		88	0.0012171905353431146	0.029492197700948707	31	AT1G13930,AT2G28900,AT1G20620,AT1G06460,AT4G29020,AT2G05520,AT5G15960,AT3G14310,AT5G26570,AT3G53990,AT2G31360,AT2G15970,AT2G02100,AT3G47860,AT4G05150,AT1G20440,AT1G49750,AT1G30360,AT2G06850,AT4G12420,AT1G69830,AT2G24940,AT2G45470,AT4G34950,AT2G14170,AT4G19120,AT5G20160,AT5G44340,AT1G29670,AT5G06690,AT4G19410	na
4	AT1G77200	AT1G77200	0	na	PWM2752	DAP-seq	AT1G77200_col	112	0.002466601021485089	0.044226156315227645	30	AT1G13930,AT1G20620,AT1G06460,AT4G29020,AT5G15960,AT3G14310,AT5G26570,AT3G53990,AT2G30600,AT2G31360,AT2G15970,AT2G02100,AT3G47860,AT4G05150,AT1G70820,AT1G20440,AT1G49750,AT2G45740,AT2G06850,AT4G12420,AT1G69830,AT4G11600,AT2G24940,AT2G45470,AT4G34950,AT4G19120,AT5G20160,AT5G44340,AT5G06690,AT4G19410	na
4	AT5G52020	AT5G52020	0	0	PWM1445	CisBP	M0026_1.01	62	0.0005780773842979454	0.018184083334144143	32	AT1G13930,AT3G09390,AT4G39260,AT2G28900,AT1G20620,AT2G05520,AT3G14310,AT5G26570,AT1G48920,AT3G53990,AT5G25460,AT2G31360,AT4G05150,AT1G70820,AT3G57520,AT1G20440,AT1G49750,AT1G59870,AT5G19780,AT4G12420,AT1G69830,AT4G11600,AT2G24940,AT2G45470,AT4G34950,AT2G14170,AT4G19120,AT5G20160,AT1G20330,AT5G06690,AT4G16146,AT4G19410	
4	AT2G43010	AtPIF4	10	25	PWM2161	JASPAR	MA0561.1	63	0.0005780773842979454	0.018184083334144143	32	AT5G20630,AT2G33830,AT3G63160,AT1G10760,AT2G15960,AT4G32340,AT2G15890,AT1G20620,AT4G16190,AT2G16600,AT4G04330,AT2G05520,AT5G15960,AT1G21680,AT3G53460,AT1G56220,AT5G25460,AT2G15970,AT1G80480,AT3G10410,AT3G57520,AT3G29320,AT2G33150,AT2G45740,AT3G56090,AT4G11600,AT4G19120,AT1G07440,AT2G44490,AT4G16146,AT1G54100,AT3G23050	AT4G27440,AT5G20630,AT4G39090,AT1G12090,AT1G20620,AT4G35770,AT5G14920,AT4G03210,AT4G04330,AT1G56220,AT3G53990,AT5G25460,AT1G25275,AT5G51550,AT4G30660,AT5G19780,AT3G29320,AT1G30360,AT4G12420,AT2G28840,AT4G19120,AT1G20330,AT2G44490,AT1G54100,AT3G23050
4	AT2G43010	AtPIF4	10	25	PWM818	CisBP	M2224_1.01	98	0.0012171905353431146	0.029492197700948707	31	AT5G20630,AT2G33830,AT3G63160,AT1G10760,AT2G15960,AT4G32340,AT2G15890,AT1G20620,AT4G16190,AT2G16600,AT4G04330,AT2G05520,AT5G15960,AT1G21680,AT3G53460,AT1G56220,AT5G25460,AT2G15970,AT1G80480,AT3G10410,AT3G57520,AT3G29320,AT2G33150,AT2G45740,AT3G56090,AT4G11600,AT4G19120,AT2G44490,AT4G16146,AT1G54100,AT3G23050	AT4G27440,AT5G20630,AT4G39090,AT1G12090,AT1G20620,AT4G35770,AT5G14920,AT4G03210,AT4G04330,AT1G56220,AT3G53990,AT5G25460,AT1G25275,AT5G51550,AT4G30660,AT5G19780,AT3G29320,AT1G30360,AT4G12420,AT2G28840,AT4G19120,AT1G20330,AT2G44490,AT1G54100,AT3G23050
4	AT1G69690	At1g69690	0	0	PWM2658	JASPAR	MA1062.1	65	0.0005780773842979454	0.018184083334144143	32	AT3G62550,AT3G46970,AT5G62350,AT1G10760,AT4G39260,AT2G28900,AT4G13250,AT1G20620,AT2G37220,AT5G10860,AT4G29020,AT3G14310,AT5G22920,AT2G30600,AT5G25460,AT3G10410,AT5G51550,AT1G20440,AT1G49750,AT5G19780,AT3G17020,AT5G61590,AT3G58680,AT2G45470,AT1G71030,AT4G34950,AT3G22370,AT3G27770,AT1G20330,AT5G44340,AT1G29670,AT1G54100	
4	AT3G56850	AREB3	1	0	PWM2906	DAP-seq	AREB3_col	68	0.0005780773842979454	0.018184083334144143	32	AT3G26740,AT1G13930,AT4G27440,AT2G33830,AT3G63160,AT3G46970,AT2G15960,AT4G13250,AT1G20620,AT1G72150,AT4G16190,AT4G03210,AT1G21680,AT3G53460,AT1G56220,AT5G02160,AT2G15970,AT3G10410,AT1G20693,AT1G25275,AT3G57520,AT1G20440,AT3G29320,AT2G06850,AT1G69830,AT1G20696,AT3G22370,AT5G60360,AT2G44490,AT4G16146,AT1G54100,AT3G23050	
4	AT3G10800	bZIP28	1	na	PWM2912	DAP-seq	BZIP28_col	69	0.0005780773842979454	0.018184083334144143	32	AT3G26740,AT1G13930,AT4G27440,AT3G63160,AT3G46970,AT5G20250,AT1G10760,AT2G15960,AT4G13250,AT1G20620,AT1G72150,AT4G16190,AT4G03210,AT5G15960,AT1G21680,AT1G56220,AT5G02160,AT5G25460,AT2G15970,AT3G10410,AT1G20693,AT1G25275,AT3G57520,AT1G20440,AT3G29320,AT2G45740,AT2G06850,AT1G69830,AT1G20696,AT5G60360,AT2G44490,AT4G16146	na
4	AT2G38090	AT2G38090	3	0	PWM3309	DAP-seq	AT2G38090_col	70	0.0005780773842979454	0.018184083334144143	32	AT3G26740,AT2G33830,AT3G15450,AT4G20260,AT5G20250,AT5G62350,AT3G15840,AT5G24490,AT2G15890,AT1G20620,AT2G41430,AT4G29020,AT3G18080,AT3G25760,AT5G63780,AT3G53990,AT5G25460,AT2G02100,AT3G10410,AT1G25275,AT1G09750,AT3G57520,AT1G20440,AT5G19780,AT2G33150,AT1G30360,AT4G03520,AT1G71030,AT1G73655,AT5G08410,AT4G19120,AT1G07440	
4	AT5G08520	At5g08520	1	0	PWM3322	DAP-seq	AT5G08520_col	71	0.0005780773842979454	0.018184083334144143	32	AT3G26740,AT3G62550,AT2G33830,AT3G09390,AT3G15450,AT4G20260,AT3G15840,AT5G24490,AT2G15890,AT1G20620,AT1G72150,AT2G41430,AT1G54410,AT3G18080,AT5G02160,AT3G45140,AT1G48920,AT3G53990,AT5G25460,AT1G20693,AT1G25275,AT4G05150,AT3G57520,AT2G33150,AT1G30360,AT4G03520,AT1G20696,AT5G61590,AT1G71030,AT5G08410,AT5G20160,AT5G44340	
4	AT1G67260	TCP1	4	na	PWM3483	DAP-seq	TCP1_col	72	0.0005780773842979454	0.018184083334144143	32	AT1G13930,AT3G46970,AT1G10760,AT2G15890,AT1G72150,ATCG00640,AT5G10860,AT3G18080,AT3G14310,AT5G22920,AT3G53460,AT5G25460,AT3G10410,AT5G51550,AT4G05150,AT1G20440,AT5G19780,AT3G17020,AT3G19820,AT5G62720,AT3G56090,AT3G58680,AT2G45470,AT1G71030,AT4G19120,AT3G22370,AT4G12320,AT3G27770,AT1G29670,AT5G06690,AT4G16146,AT1G54100	na
4	AT2G45050	GATA2	0	na	PWM1069	CisBP	M0687_1.01	74	0.0012171905353431146	0.029492197700948707	31	AT2G21660,AT4G39090,AT4G39260,AT1G20620,AT2G41430,AT1G06460,AT5G10860,AT1G54410,AT4G40040,AT2G16600,AT4G04330,AT5G26570,AT5G25460,AT2G31360,AT1G20693,AT3G18780,AT3G47860,AT3G57520,AT1G20440,AT4G30650,AT5G19780,AT3G29320,AT4G03520,AT4G12420,AT1G20696,AT2G28840,AT4G19120,AT3G27770,AT1G20330,AT5G60360,AT5G44340	na
4	AT3G60530	GATA4	0	0	PWM1070	CisBP	M0687_1.01	75	0.0012171905353431146	0.029492197700948707	31	AT2G21660,AT4G39090,AT4G39260,AT1G20620,AT2G41430,AT1G06460,AT5G10860,AT1G54410,AT4G40040,AT2G16600,AT4G04330,AT5G26570,AT5G25460,AT2G31360,AT1G20693,AT3G18780,AT3G47860,AT3G57520,AT1G20440,AT4G30650,AT5G19780,AT3G29320,AT4G03520,AT4G12420,AT1G20696,AT2G28840,AT4G19120,AT3G27770,AT1G20330,AT5G60360,AT5G44340	
4	AT5G41030	AT5G41030	1	na	PWM1072	CisBP	M1517_1.01	77	0.0012171905353431146	0.029492197700948707	31	AT4G39090,AT1G12090,AT2G15890,AT4G13250,AT1G20620,AT5G14920,AT5G10860,AT4G29020,AT3G14310,AT5G22920,AT2G30600,AT5G25460,AT2G31360,AT5G51550,AT2G31040,AT1G20440,AT4G13850,AT5G19780,AT3G17020,AT5G61590,AT3G58680,AT2G45470,AT1G71030,AT4G34950,AT2G14170,AT3G22370,AT4G12320,AT3G27770,AT5G44340,AT1G29670,AT1G54100	na
4	AT1G69170	AtSPL6	0	0	PWM1077	CisBP	M1446_1.01	78	0.0012171905353431146	0.029492197700948707	31	AT3G09390,AT4G39090,AT1G20620,AT1G06460,AT4G29020,AT4G40040,AT4G04330,AT3G53990,AT5G25460,AT2G31360,AT2G02100,AT1G20693,AT3G18780,AT3G57520,AT4G13850,AT4G30650,AT4G30660,AT3G29320,AT1G30360,AT1G69830,AT1G20696,AT4G26670,AT1G71030,AT4G34950,AT5G37780,AT2G14170,AT3G22370,AT1G07440,AT4G12320,AT4G16146,AT3G23050	
4	AT2G42200	AtSPL9	0	0	PWM1078	CisBP	M1446_1.01	79	0.0012171905353431146	0.029492197700948707	31	AT3G09390,AT4G39090,AT1G20620,AT1G06460,AT4G29020,AT4G40040,AT4G04330,AT3G53990,AT5G25460,AT2G31360,AT2G02100,AT1G20693,AT3G18780,AT3G57520,AT4G13850,AT4G30650,AT4G30660,AT3G29320,AT1G30360,AT1G69830,AT1G20696,AT4G26670,AT1G71030,AT4G34950,AT5G37780,AT2G14170,AT3G22370,AT1G07440,AT4G12320,AT4G16146,AT3G23050	
4	AT3G57920	SPL15	0	0	PWM1079	CisBP	M1446_1.01	80	0.0012171905353431146	0.029492197700948707	31	AT3G09390,AT4G39090,AT1G20620,AT1G06460,AT4G29020,AT4G40040,AT4G04330,AT3G53990,AT5G25460,AT2G31360,AT2G02100,AT1G20693,AT3G18780,AT3G57520,AT4G13850,AT4G30650,AT4G30660,AT3G29320,AT1G30360,AT1G69830,AT1G20696,AT4G26670,AT1G71030,AT4G34950,AT5G37780,AT2G14170,AT3G22370,AT1G07440,AT4G12320,AT4G16146,AT3G23050	
4	AT5G50570	SPL13	1	0	PWM1080	CisBP	M1446_1.01	81	0.0012171905353431146	0.029492197700948707	31	AT3G09390,AT4G39090,AT1G20620,AT1G06460,AT4G29020,AT4G40040,AT4G04330,AT3G53990,AT5G25460,AT2G31360,AT2G02100,AT1G20693,AT3G18780,AT3G57520,AT4G13850,AT4G30650,AT4G30660,AT3G29320,AT1G30360,AT1G69830,AT1G20696,AT4G26670,AT1G71030,AT4G34950,AT5G37780,AT2G14170,AT3G22370,AT1G07440,AT4G12320,AT4G16146,AT3G23050	
4	AT5G50570	SPL13	1	0	PWM3454	DAP-seq	SPL13_col	123	0.002466601021485089	0.044226156315227645	30	AT3G05880,AT4G39090,AT5G62350,AT2G15890,AT1G20620,AT1G06460,AT4G40040,AT4G03210,AT5G26570,AT3G53460,AT1G56220,AT3G53990,AT5G25460,AT2G31360,AT2G02100,AT1G20693,AT3G18780,AT3G57520,AT4G30650,AT4G30660,AT3G29320,AT2G33150,AT1G30360,AT5G61590,AT4G34950,AT5G37780,AT3G22370,AT1G07440,AT1G29670,AT3G23050	
4	AT5G50670	SPL13	0	na	PWM1081	CisBP	M1446_1.01	82	0.0012171905353431146	0.029492197700948707	31	AT3G09390,AT4G39090,AT1G20620,AT1G06460,AT4G29020,AT4G40040,AT4G04330,AT3G53990,AT5G25460,AT2G31360,AT2G02100,AT1G20693,AT3G18780,AT3G57520,AT4G13850,AT4G30650,AT4G30660,AT3G29320,AT1G30360,AT1G69830,AT1G20696,AT4G26670,AT1G71030,AT4G34950,AT5G37780,AT2G14170,AT3G22370,AT1G07440,AT4G12320,AT4G16146,AT3G23050	na
4	AT1G32150	AtbZIP68	0	0	PWM1236	CisBP	M0251_1.01	83	0.0012171905353431146	0.029492197700948707	31	AT3G63160,AT5G20250,AT1G10760,AT2G15960,AT2G15890,AT1G20620,AT4G16190,AT4G03210,AT3G18080,AT4G04330,AT5G15960,AT1G21680,AT1G56220,AT5G25460,AT2G15970,AT2G31040,AT3G57520,AT1G20440,AT4G13850,AT3G29320,AT2G33150,AT2G45740,AT1G69830,AT3G56090,AT4G11600,AT1G20696,AT1G70782,AT4G12320,AT3G27770,AT5G60360,AT4G16146	
4	AT1G32150	AtbZIP68	0	0	PWM2567	JASPAR	MA0968.1	90	0.0012171905353431146	0.029492197700948707	31	AT3G63160,AT5G20250,AT1G10760,AT2G15960,AT2G15890,AT1G20620,AT4G16190,AT4G03210,AT3G18080,AT4G04330,AT5G15960,AT1G21680,AT1G56220,AT5G25460,AT2G15970,AT2G31040,AT3G57520,AT1G20440,AT4G13850,AT3G29320,AT2G33150,AT2G45740,AT1G69830,AT3G56090,AT4G11600,AT1G20696,AT1G70782,AT4G12320,AT3G27770,AT5G60360,AT4G16146	
4	AT1G32150	AtbZIP68	0	0	PWM2927	DAP-seq	BZIP68_col	117	0.002466601021485089	0.044226156315227645	30	AT3G26740,AT1G13930,AT4G27440,AT4G39090,AT3G46970,AT5G20250,AT1G10760,AT2G15960,AT4G13250,AT1G20620,AT4G16190,AT4G03210,AT5G15960,AT1G21680,AT1G56220,AT2G15970,AT3G10410,AT1G20693,AT1G25275,AT3G57520,AT1G20440,AT3G29320,AT2G45740,AT2G06850,AT1G69830,AT1G20696,AT5G60360,AT2G44490,AT4G16146,AT3G23050	
4	AT2G35530	AtbZIP16	0	0	PWM1237	CisBP	M0251_1.01	84	0.0012171905353431146	0.029492197700948707	31	AT3G63160,AT5G20250,AT1G10760,AT2G15960,AT2G15890,AT1G20620,AT4G16190,AT4G03210,AT3G18080,AT4G04330,AT5G15960,AT1G21680,AT1G56220,AT5G25460,AT2G15970,AT2G31040,AT3G57520,AT1G20440,AT4G13850,AT3G29320,AT2G33150,AT2G45740,AT1G69830,AT3G56090,AT4G11600,AT1G20696,AT1G70782,AT4G12320,AT3G27770,AT5G60360,AT4G16146	
4	AT2G35530	AtbZIP16	0	0	PWM2908	DAP-seq	BZIP16_col	95	0.0012171905353431146	0.029492197700948707	31	AT1G13930,AT4G27440,AT3G46970,AT5G20250,AT1G10760,AT2G15960,AT4G13250,AT1G20620,AT1G72150,AT4G35770,AT4G16190,AT4G03210,AT3G18080,AT5G22920,AT1G21680,AT3G53460,AT1G56220,AT5G02160,AT2G15970,AT3G10410,AT1G20693,AT1G25275,AT3G57520,AT3G29320,AT2G33150,AT2G45740,AT1G69830,AT1G20696,AT2G44490,AT4G16146,AT3G23050	
4	AT4G16110	ARR2	1	na	PWM1378	CisBP	M1233_1.01	85	0.0012171905353431146	0.029492197700948707	31	AT1G13930,AT2G28900,AT1G20620,AT1G06460,AT4G29020,AT2G05520,AT5G15960,AT3G14310,AT5G26570,AT3G53990,AT2G31360,AT2G15970,AT2G02100,AT3G47860,AT4G05150,AT1G20440,AT1G49750,AT1G30360,AT2G06850,AT4G12420,AT1G69830,AT2G24940,AT2G45470,AT4G34950,AT2G14170,AT4G19120,AT5G20160,AT5G44340,AT1G29670,AT5G06690,AT4G19410	na
4	AT2G35700	ATERF38	0	0	PWM1443	CisBP	M0026_1.01	86	0.0012171905353431146	0.029492197700948707	31	AT1G13930,AT3G09390,AT4G39260,AT2G28900,AT1G20620,AT2G05520,AT3G14310,AT5G26570,AT1G48920,AT3G53990,AT5G25460,AT2G31360,AT4G05150,AT3G57520,AT1G20440,AT1G49750,AT1G59870,AT5G19780,AT4G12420,AT1G69830,AT4G11600,AT2G24940,AT2G45470,AT4G34950,AT2G14170,AT4G19120,AT5G20160,AT1G20330,AT5G06690,AT4G16146,AT4G19410	
4	AT4G16750	At4g16750	9	0	PWM1444	CisBP	M0026_1.01	87	0.0012171905353431146	0.029492197700948707	31	AT1G13930,AT3G09390,AT4G39260,AT2G28900,AT1G20620,AT2G05520,AT3G14310,AT5G26570,AT1G48920,AT3G53990,AT5G25460,AT2G31360,AT4G05150,AT3G57520,AT1G20440,AT1G49750,AT1G59870,AT5G19780,AT4G12420,AT1G69830,AT4G11600,AT2G24940,AT2G45470,AT4G34950,AT2G14170,AT4G19120,AT5G20160,AT1G20330,AT5G06690,AT4G16146,AT4G19410	
4	AT4G16750	At4g16750	9	0	PWM2593	JASPAR	MA0995.1	91	0.0012171905353431146	0.029492197700948707	31	AT1G13930,AT3G09390,AT4G39260,AT2G28900,AT1G20620,AT2G05520,AT3G14310,AT5G26570,AT1G48920,AT3G53990,AT5G25460,AT2G31360,AT4G05150,AT3G57520,AT1G20440,AT1G49750,AT1G59870,AT5G19780,AT4G12420,AT1G69830,AT4G11600,AT2G24940,AT2G45470,AT4G34950,AT2G14170,AT4G19120,AT5G20160,AT1G20330,AT5G06690,AT4G16146,AT4G19410	
4	AT1G19850	ARF5	0	0	PWM2542	JASPAR	MA0943.1	89	0.0012171905353431146	0.029492197700948707	31	AT1G13930,AT3G63160,AT4G20260,AT1G20020,AT4G39260,AT1G20620,AT4G29020,AT3G14310,AT5G22920,AT3G53990,AT2G31360,AT2G15970,AT3G47860,AT1G70820,AT1G20440,AT1G49750,AT1G30360,AT4G03520,AT4G11600,AT2G24940,AT3G58680,AT2G45470,AT4G34950,AT4G19120,AT5G20160,AT1G20330,AT1G29670,AT5G06690,AT4G16146,AT1G54100,AT3G23050	
4	AT3G54810	BME3	2	0	PWM2614	JASPAR	MA1017.1	92	0.0012171905353431146	0.029492197700948707	31	AT2G21660,AT4G39260,AT1G20620,AT2G41430,AT1G06460,AT5G10860,AT1G54410,AT4G40040,AT2G16600,AT3G25760,AT5G63780,AT5G26570,AT5G25460,AT2G31360,AT1G20693,AT3G18780,AT3G47860,AT3G57520,AT1G20440,AT4G13850,AT4G30650,AT5G19780,AT3G29320,AT4G11600,AT1G20696,AT2G28840,AT4G19120,AT3G27770,AT1G20330,AT5G60360,AT5G44340	
4	AT3G54810	BME3	2	0	PWM1517	CisBP	M0686_1.01	106	0.002466601021485089	0.044226156315227645	30	AT2G21660,AT4G39260,AT1G20620,AT2G41430,AT1G06460,AT5G10860,AT1G54410,AT4G40040,AT2G16600,AT3G25760,AT5G63780,AT5G26570,AT5G25460,AT2G31360,AT1G20693,AT3G18780,AT3G47860,AT3G57520,AT1G20440,AT4G30650,AT5G19780,AT3G29320,AT4G11600,AT1G20696,AT2G28840,AT4G19120,AT3G27770,AT1G20330,AT5G60360,AT5G44340	
4	AT5G04760	AT5G04760	0	89	PWM820	CisBP	M1238_1.01	99	0.0012171905353431146	0.029492197700948707	31	AT3G09390,AT4G39090,AT3G15450,AT5G20250,AT1G20020,AT4G32340,AT5G24490,AT1G20620,AT2G41430,AT4G35770,AT4G40040,AT3G18080,AT5G63780,AT2G05520,AT5G22920,AT5G02160,AT3G53990,AT5G25460,AT1G80480,AT4G13850,AT1G49750,AT3G29320,AT2G33150,AT1G30360,AT4G03520,AT2G28840,AT5G61590,AT1G71030,AT5G08410,AT2G03420,AT5G20160	AT2G21660,AT1G13930,AT4G27440,AT3G62550,AT5G20630,AT2G33830,AT3G09390,AT4G39090,AT3G15450,AT4G20260,AT5G20250,AT5G62350,AT4G39260,AT4G32340,AT3G15840,AT5G24490,AT2G28900,AT2G15890,AT4G13250,AT1G20620,AT1G72150,AT2G41430,AT4G35770,AT2G37220,AT5G14920,AT4G16190,AT5G10860,AT1G54410,AT4G40040,AT2G16600,AT4G03210,AT3G18080,AT3G25760,AT4G04330,AT2G05520,AT3G14310,AT5G22920,AT1G21680,AT3G53460,AT1G56220,AT5G02160,AT3G53990,AT2G30600,AT5G25460,AT2G31360,AT2G15970,AT2G02100,AT1G80480,AT1G20693,AT1G25275,AT5G51550,AT1G09750,AT4G05150,AT1G20440,AT4G13850,AT4G30660,AT1G59870,AT5G19780,AT3G29320,AT2G33150,AT3G19820,AT5G62720,AT1G30360,AT2G06850,AT4G03520,AT4G12420,AT3G56090,AT4G11600,AT2G28840,AT5G61590,AT3G58680,AT2G45470,AT1G71030,AT1G11530,AT1G73655,AT2G14170,AT4G19120,AT4G12320,AT3G27770,AT1G20330,AT5G60360,AT2G44490,AT5G44340,AT1G29670,AT5G06690,AT4G16146,AT1G54100,AT4G19410,AT3G23050
4	AT2G25820	ESE2	2	0	PWM1144	CisBP	M0034_1.01	100	0.002466601021485089	0.044226156315227645	30	AT1G13930,AT4G39260,AT1G20620,AT1G06460,AT4G29020,AT4G04330,AT3G14310,AT5G26570,AT3G53990,AT2G31360,AT2G15970,AT2G02100,AT3G47860,AT4G05150,AT1G70820,AT1G20440,AT1G49750,AT2G06850,AT4G12420,AT4G11600,AT2G24940,AT2G45470,AT4G34950,AT4G19120,AT5G20160,AT5G44340,AT1G29670,AT5G06690,AT4G19410,AT3G23050	
4	AT3G16280	AT3G16280	1	na	PWM1145	CisBP	M0034_1.01	101	0.002466601021485089	0.044226156315227645	30	AT1G13930,AT4G39260,AT1G20620,AT1G06460,AT4G29020,AT4G04330,AT3G14310,AT5G26570,AT3G53990,AT2G31360,AT2G15970,AT2G02100,AT3G47860,AT4G05150,AT1G70820,AT1G20440,AT1G49750,AT2G06850,AT4G12420,AT4G11600,AT2G24940,AT2G45470,AT4G34950,AT4G19120,AT5G20160,AT5G44340,AT1G29670,AT5G06690,AT4G19410,AT3G23050	na
4	AT4G32800	At4g32800	5	0	PWM1146	CisBP	M0034_1.01	102	0.002466601021485089	0.044226156315227645	30	AT1G13930,AT4G39260,AT1G20620,AT1G06460,AT4G29020,AT4G04330,AT3G14310,AT5G26570,AT3G53990,AT2G31360,AT2G15970,AT2G02100,AT3G47860,AT4G05150,AT1G70820,AT1G20440,AT1G49750,AT2G06850,AT4G12420,AT4G11600,AT2G24940,AT2G45470,AT4G34950,AT4G19120,AT5G20160,AT5G44340,AT1G29670,AT5G06690,AT4G19410,AT3G23050	
4	AT4G32800	At4g32800	5	0	PWM2594	JASPAR	MA0996.1	111	0.002466601021485089	0.044226156315227645	30	AT1G13930,AT4G39260,AT1G20620,AT1G06460,AT4G29020,AT4G04330,AT3G14310,AT5G26570,AT3G53990,AT2G31360,AT2G15970,AT2G02100,AT3G47860,AT4G05150,AT1G70820,AT1G20440,AT1G49750,AT2G06850,AT4G12420,AT4G11600,AT2G24940,AT2G45470,AT4G34950,AT4G19120,AT5G20160,AT5G44340,AT1G29670,AT5G06690,AT4G19410,AT3G23050	
4	AT5G11590	TINY2	1	na	PWM1147	CisBP	M0034_1.01	103	0.002466601021485089	0.044226156315227645	30	AT1G13930,AT4G39260,AT1G20620,AT1G06460,AT4G29020,AT4G04330,AT3G14310,AT5G26570,AT3G53990,AT2G31360,AT2G15970,AT2G02100,AT3G47860,AT4G05150,AT1G70820,AT1G20440,AT1G49750,AT2G06850,AT4G12420,AT4G11600,AT2G24940,AT2G45470,AT4G34950,AT4G19120,AT5G20160,AT5G44340,AT1G29670,AT5G06690,AT4G19410,AT3G23050	na
4	AT5G11590	TINY2	1	na	PWM34	AthaMAP	T07771	122	0.002466601021485089	0.044226156315227645	30	AT3G26740,AT1G13930,AT1G10760,AT2G15890,AT1G20620,AT5G14920,AT5G23240,AT4G04330,AT5G15960,AT3G14310,AT5G26570,AT1G56220,AT2G15970,AT2G02100,AT1G20693,AT3G47860,AT1G70820,AT3G57520,AT1G20440,AT5G23660,AT4G30650,AT4G30660,AT5G62720,AT4G03520,AT1G69830,AT1G20696,AT2G24940,AT2G45470,AT4G34950,AT5G37780	na
4	AT1G19350	BES1	2	1	PWM1485	CisBP	M2212_1.01	105	0.002466601021485089	0.044226156315227645	30	AT2G33830,AT3G63160,AT5G62350,AT1G10760,AT2G15960,AT4G13250,AT1G20620,AT5G14920,AT4G16190,AT2G16600,AT4G04330,AT5G15960,AT1G21680,AT5G25460,AT2G15970,AT1G80480,AT3G10410,AT3G47860,AT3G57520,AT4G33510,AT5G23660,AT3G29320,AT2G45740,AT2G06850,AT3G56090,AT2G45470,AT4G34950,AT3G22370,AT4G16146,AT3G23050	AT5G20250
4	AT1G19350	BES1	2	1	PWM2149	JASPAR	MA0549.1	110	0.002466601021485089	0.044226156315227645	30	AT2G33830,AT3G63160,AT5G62350,AT1G10760,AT2G15960,AT4G13250,AT1G20620,AT5G14920,AT4G16190,AT2G16600,AT4G04330,AT5G15960,AT1G21680,AT5G25460,AT2G15970,AT1G80480,AT3G10410,AT3G47860,AT3G57520,AT4G33510,AT5G23660,AT3G29320,AT2G45740,AT2G06850,AT3G56090,AT2G45470,AT4G34950,AT3G22370,AT4G16146,AT3G23050	AT5G20250
4	AT1G53230	TCP3	27	0	PWM1520	CisBP	M1515_1.01	107	0.002466601021485089	0.044226156315227645	30	AT3G05880,AT3G62550,AT4G39090,AT3G46970,AT5G62350,AT4G32340,AT1G20620,AT5G10860,AT4G29020,AT3G14310,AT5G26570,AT2G30600,AT5G51550,AT3G57520,AT1G20440,AT4G30650,AT4G30660,AT1G49750,AT1G59870,AT5G19780,AT3G17020,AT2G45470,AT1G71030,AT4G34950,AT2G14170,AT3G22370,AT2G44490,AT5G44340,AT1G29670,AT4G19410	
4	AT5G60120	TOE2	0	0	PWM1572	PBM		108	0.002466601021485089	0.044226156315227645	30	AT4G39090,AT3G15450,AT4G20260,AT4G39260,AT1G20620,AT1G72150,AT5G14920,AT3G25760,AT4G04330,AT5G63780,AT2G31360,AT3G18780,AT5G51550,AT4G05150,AT3G57520,AT4G13850,AT5G23660,AT3G16370,AT4G03520,AT4G11600,AT2G28840,AT4G26670,AT5G61590,AT1G71030,AT5G37780,AT1G07440,AT5G44340,AT4G16146,AT1G54100,AT3G23050	
4	AT1G12610	DDF1	1	0	PWM2791	DAP-seq	DDF1_col	113	0.002466601021485089	0.044226156315227645	30	AT1G10760,AT2G28900,AT3G26580,AT2G41430,AT4G04330,AT5G26570,AT5G25460,AT2G31360,AT2G15970,AT3G47860,AT4G05150,AT3G57520,AT1G20440,AT5G23660,AT4G30650,AT1G49750,AT1G30360,AT2G06850,AT1G69830,AT4G11600,AT2G24940,AT2G45470,AT1G71030,AT4G19120,AT5G20160,AT1G20330,AT1G29670,AT4G16146,AT1G54100,AT4G19410	
4	AT5G15830	AtbZIP3	0	0	PWM2913	DAP-seq	BZIP3_col	115	0.002466601021485089	0.044226156315227645	30	AT1G13930,AT4G27440,AT4G39090,AT3G63160,AT3G46970,AT5G20250,AT5G62350,AT1G20020,AT2G15960,AT1G20620,AT4G35770,AT4G03210,AT5G02160,AT5G25460,AT2G15970,AT3G10410,AT1G20693,AT1G25275,AT5G51550,AT3G57520,AT1G20440,AT2G06850,AT1G69830,AT1G20696,AT4G26670,AT3G22370,AT5G60360,AT2G44490,AT4G16146,AT3G23050	
4	AT5G38800	AtbZIP43	0	na	PWM2916	DAP-seq	BZIP43_col	116	0.002466601021485089	0.044226156315227645	30	AT1G13930,AT4G27440,AT4G39090,AT3G63160,AT3G15450,AT3G46970,AT1G10760,AT1G20020,AT2G15960,AT4G39260,AT1G20620,AT4G35770,AT4G03210,AT5G26570,AT5G25460,AT1G20693,AT5G51550,AT3G57520,AT1G20440,AT3G17020,AT2G06850,AT1G69830,AT1G20696,AT4G26670,AT2G24940,AT5G61590,AT2G14170,AT5G60360,AT2G44490,AT4G16146	na
4	AT2G46270	GBF3	8	100	PWM2930	DAP-seq	GBF3_col	118	0.002466601021485089	0.044226156315227645	30	AT1G13930,AT4G27440,AT4G39090,AT3G46970,AT5G20250,AT2G15960,AT4G13250,AT1G20620,AT4G35770,AT4G16190,AT4G03210,AT5G22920,AT1G21680,AT1G56220,AT5G02160,AT2G15970,AT3G10410,AT1G20693,AT1G25275,AT3G57520,AT1G20440,AT3G29320,AT2G33150,AT2G06850,AT1G69830,AT1G20696,AT5G60360,AT2G44490,AT4G16146,AT3G23050	AT5G59720,AT2G21660,AT1G13930,AT4G27440,AT2G33830,AT3G09390,AT4G39090,AT3G63160,AT1G12090,AT3G15450,AT4G20260,AT3G46970,AT5G20250,AT5G62350,AT1G10760,AT4G39260,AT5G24490,AT2G28900,AT2G15890,AT4G13250,AT1G20620,AT1G72150,AT3G26580,AT2G41430,AT4G35770,AT2G37220,AT5G14920,AT4G16190,AT4G29020,AT1G54410,AT2G16600,AT4G03210,AT3G18080,AT3G25760,AT4G04330,AT2G05520,AT5G15960,AT3G14310,AT5G22920,AT1G21680,AT3G53460,AT1G56220,AT5G02160,AT1G48920,AT3G53990,AT2G30600,AT5G25460,AT2G31360,AT2G15970,AT2G02100,AT1G20693,AT1G25275,AT5G51550,AT1G09750,AT4G05150,AT2G31040,AT3G22120,AT3G57520,AT1G20440,AT4G13850,AT5G23660,AT4G30660,AT1G59870,AT5G19780,AT3G29320,AT2G33150,AT3G17020,AT3G19820,AT5G62720,AT1G30360,AT2G06850,AT4G03520,AT4G12420,AT1G69830,AT3G56090,AT4G11600,AT2G28840,AT4G26670,AT2G45470,AT1G70782,AT1G71030,AT1G11530,AT4G34950,AT5G37780,AT2G14170,AT5G08410,AT4G19120,AT3G22370,AT1G07440,AT4G12320,AT3G27770,AT1G20330,AT5G60360,AT5G44340,AT1G29670,AT5G06690,AT4G16146,AT1G54100,AT4G19410,AT3G23050
4	AT3G13810	AtIDD11	1	na	PWM3037	DAP-seq	ATIDD11_col	119	0.002466601021485089	0.044226156315227645	30	AT5G59720,AT1G13930,AT3G09390,AT4G39090,AT4G20260,AT1G10760,AT4G39260,AT1G20620,AT1G72150,AT4G04330,AT5G15960,AT3G14310,AT5G22920,AT3G53460,AT3G53990,AT2G31360,AT5G51550,AT1G09750,AT3G57520,AT5G23660,AT1G59870,AT3G19820,AT2G45740,AT1G30360,AT4G12420,AT5G53560,AT4G34950,AT1G73655,AT5G37780,AT1G29670	na
4	AT5G05410	DREB2	0	2	PWM32	AthaMAP	T02646	120	0.002466601021485089	0.044226156315227645	30	AT3G26740,AT1G13930,AT1G10760,AT2G15890,AT1G20620,AT5G14920,AT5G23240,AT4G04330,AT5G15960,AT3G14310,AT5G26570,AT1G56220,AT2G15970,AT2G02100,AT1G20693,AT3G47860,AT1G70820,AT3G57520,AT1G20440,AT5G23660,AT4G30650,AT4G30660,AT5G62720,AT4G03520,AT1G69830,AT1G20696,AT2G24940,AT2G45470,AT4G34950,AT5G37780	AT3G09390,AT3G53990
4	AT5G05410	DREB2	0	2	PWM705	AthaMAP	T02646	129	0.002466601021485089	0.044226156315227645	30	AT5G59720,AT2G21660,AT3G05880,AT2G33830,AT3G63160,AT1G10760,AT2G28900,AT2G37220,AT1G54410,AT4G04330,AT5G15960,AT5G26570,AT1G48920,AT3G53990,AT5G25460,AT2G15970,AT2G02100,AT5G51550,AT2G33150,AT2G06850,AT4G03520,AT1G69830,AT2G24940,AT1G70782,AT4G27800,AT4G34950,AT5G37780,AT5G06690,AT4G16146,AT3G23050	AT3G09390,AT3G53990
4	AT5G11260	HY5	3	0	PWM698	AthaMAP	T10638	128	0.002466601021485089	0.044226156315227645	30	AT3G26740,AT4G27440,AT5G20630,AT1G10760,AT1G20620,AT4G16190,AT2G16600,AT2G05520,AT5G15960,AT1G21680,AT3G53460,AT1G56220,AT1G48920,AT5G25460,AT2G15970,AT1G80480,AT3G10410,AT4G05150,AT3G57520,AT5G19780,AT3G29320,AT2G33150,AT2G45740,AT3G16370,AT2G06850,AT1G69830,AT3G56090,AT4G11600,AT2G28840,AT1G29670	
4	AT3G19290	ABF4	6	69	PWM746	AGRIS		131	0.002466601021485089	0.044226156315227645	30	AT5G59720,AT4G27440,AT3G05880,AT2G33830,AT3G63160,AT5G20250,AT1G10760,AT4G32340,AT1G20620,AT4G16190,AT4G03210,AT5G15960,AT1G21680,AT3G53460,AT1G56220,AT2G15970,AT1G80480,AT3G10410,AT4G05150,AT3G57520,AT4G13850,AT1G49750,AT3G29320,AT2G33150,AT2G45740,AT3G16370,AT1G69830,AT4G11600,AT3G58680,AT4G16146	AT1G13930,AT4G27440,AT3G05880,AT2G33830,AT3G09390,AT4G39090,AT3G63160,AT3G15450,AT5G20250,AT1G10760,AT2G28900,AT2G15890,AT4G13250,AT1G20620,AT1G72150,AT3G26580,AT2G41430,AT4G35770,AT5G14920,AT4G16190,AT2G16600,AT4G03210,AT4G04330,AT2G05520,AT5G15960,AT5G22920,AT1G21680,AT1G56220,AT5G02160,AT1G48920,AT2G30600,AT5G25460,AT2G15970,AT2G02100,AT1G25275,AT5G51550,AT1G09750,AT4G05150,AT3G57520,AT1G20440,AT4G13850,AT4G30660,AT3G29320,AT5G62720,AT1G30360,AT2G06850,AT4G12420,AT1G69830,AT3G56090,AT4G11600,AT1G20696,AT5G61590,AT2G45470,AT1G70782,AT1G71030,AT1G11530,AT5G37780,AT2G14170,AT4G19120,AT3G22370,AT1G07440,AT3G27770,AT1G20330,AT5G60360,AT2G44490,AT1G29670,AT4G16146,AT1G54100,AT3G23050
4	AT2G45680	At2g45680	1	0	PWM862	CisBP	M1526_1.01	132	0.002466601021485089	0.044226156315227645	30	AT1G12090,AT3G46970,AT1G72150,AT5G14920,AT4G29020,AT5G23240,AT4G03210,AT3G14310,AT5G22920,AT3G53460,AT1G56220,AT5G25460,AT3G10410,AT5G51550,AT2G31040,AT1G20440,AT1G59870,AT5G19780,AT3G17020,AT1G30360,AT5G61590,AT2G45470,AT1G71030,AT4G34950,AT4G19120,AT3G22370,AT2G44490,AT1G29670,AT5G06690,AT1G54100	
4	AT1G49720	ABF1	17	41	PWM974	CisBP	M0254_1.01	133	0.002466601021485089	0.044226156315227645	30	AT3G26740,AT5G20630,AT3G63160,AT1G10760,AT2G15960,AT2G15890,AT4G13250,AT1G20620,AT4G16190,AT2G16600,AT4G04330,AT5G63780,AT5G15960,AT1G21680,AT3G53460,AT1G56220,AT2G15970,AT3G10410,AT3G57520,AT1G20440,AT3G29320,AT2G33150,AT2G45740,AT1G69830,AT4G11600,AT1G70782,AT4G19120,AT3G22370,AT4G16146,AT3G23050	AT3G09390,AT4G39090,AT1G12090,AT3G15450,AT4G20260,AT5G20250,AT5G62350,AT1G10760,AT2G15960,AT4G13250,AT1G20620,AT2G41430,AT4G35770,AT4G16190,AT1G54410,AT2G16600,AT4G03210,AT4G04330,AT5G22920,AT1G56220,AT1G48920,AT5G25460,AT2G15970,AT1G80480,AT1G20440,AT4G13850,AT1G49750,AT3G29320,AT2G06850,AT4G12420,AT4G11600,AT5G61590,AT5G37780,AT2G14170,AT5G08410,AT3G22370,AT1G20330,AT5G60360,AT2G44490,AT1G29670,AT3G23050
