GeneSet	Regulator	Symbol	CO	PD	PWM_num	PWM_source	PWM_name	rank	p-value	q-value	#hits	hits	PDtargets
1	AT1G01060	LHY	1	na	PWM3338	DAP-seq	LHY1_col	1	2.2478359545120732e-20	4.030369866440147e-17	108	AT2G26560,AT4G16146,AT1G51090,AT5G20030,AT4G36560,AT5G26731,AT5G25210,AT5G63690,AT5G63810,AT5G61380,AT5G61370,AT5G57630,AT5G57110,AT5G57080,AT5G56700,AT5G52850,AT5G49640,AT5G46460,AT5G44010,AT5G42900,AT5G11150,AT5G09630,AT5G06510,AT5G06610,AT5G02190,AT5G02220,AT3G63160,AT3G59750,AT3G58590,AT3G57520,AT3G55450,AT3G50120,AT3G49400,AT3G47860,AT3G46970,AT3G45090,AT3G44960,AT3G43210,AT4G39260,AT4G34950,AT4G33985,AT4G33990,AT4G33980,AT4G33700,AT4G32340,AT4G30660,AT4G30650,AT4G24650,AT4G21380,AT4G19120,AT4G18240,AT4G09020,AT4G04330,AT4G02750,AT1G43080,AT1G07050,AT1G20693,AT1G20696,AT1G16850,AT3G52180,AT3G25610,AT3G25020,AT3G25760,AT3G20810,AT3G22830,AT3G16180,AT3G05790,AT3G05800,AT3G05630,AT3G07650,AT3G05130,AT1G28050,AT1G76790,AT1G71490,AT1G68050,AT1G67970,AT1G51610,AT1G49220,AT1G43840,AT1G53035,AT1G53140,AT1G27630,AT1G11210,AT1G75880,AT1G10760,AT1G14680,AT1G64890,AT1G79440,AT1G59870,AT2G17230,AT2G42530,AT2G22450,AT2G15830,AT2G07440,AT2G15090,AT2G06005,AT2G28085,AT2G28840,AT2G01390,AT2G32280,AT2G23910,AT2G46130,AT2G34200,AT2G19450,AT2G40080,AT2G33830,AT2G45560,AT2G39710	na
1	AT3G09600	At3g09600	1	na	PWM3310	DAP-seq	AT3G09600_col	2	2.3712987288930883e-19	2.1258693104526538e-16	106	AT2G26560,AT4G16146,AT4G36560,AT5G15960,AT5G26731,AT5G25210,AT5G63810,AT5G61380,AT5G61370,AT5G61350,AT5G57630,AT5G57110,AT5G57080,AT5G56700,AT5G52850,AT5G51610,AT5G46460,AT5G44010,AT5G42900,AT5G11150,AT5G09630,AT5G06610,AT5G02190,AT5G02220,AT3G59750,AT3G58590,AT3G57520,AT3G55450,AT3G49400,AT3G46970,AT3G45090,AT3G44960,AT3G43210,AT4G39260,AT4G34950,AT4G33985,AT4G33990,AT4G33980,AT4G33700,AT4G32340,AT4G30660,AT4G30650,AT4G24650,AT4G21380,AT4G19120,AT4G18240,AT4G09020,AT4G04330,AT4G02750,AT1G43080,AT1G07050,AT1G20693,AT1G20696,AT1G16850,AT3G52180,AT3G25610,AT3G25020,AT3G25760,AT3G20810,AT3G22830,AT3G16180,AT3G05790,AT3G05800,AT3G05630,AT3G10410,AT3G07650,AT3G05130,AT1G28050,AT1G71060,AT1G76790,AT1G71490,AT1G68050,AT1G67970,AT1G69870,AT1G51610,AT1G17665,AT1G49220,AT1G53035,AT1G22500,AT1G11210,AT1G15480,AT1G10760,AT1G14680,AT1G64890,AT1G79440,AT1G59870,AT2G17230,AT2G42530,AT2G22450,AT1G79200,AT1G09680,AT2G15830,AT2G07440,AT2G15090,AT2G06005,AT2G28085,AT2G28840,AT2G01390,AT2G32280,AT2G23910,AT2G46130,AT2G19450,AT2G40080,AT2G33830,AT2G45560,AT2G39710	na
1	AT3G09600	At3g09600	1	na	PWM1199	CisBP	M1205_1.01	14	4.1902085510349777e-10	5.366459951432654e-8	85	AT4G16146,AT4G36560,AT5G17460,AT5G15960,AT1G31690,AT5G27610,AT5G63810,AT5G61380,AT5G61370,AT5G57630,AT5G57110,AT5G57080,AT5G56700,AT5G44010,AT5G42900,AT5G17760,AT5G09630,AT5G02190,AT5G02220,AT3G50120,AT3G47860,AT4G39260,AT4G33980,AT4G33700,AT4G30650,AT4G25850,AT4G24650,AT4G23270,AT4G21380,AT4G19120,AT4G18240,AT4G09020,AT4G04330,AT4G02750,AT1G07050,AT1G20693,AT1G20696,AT1G16850,AT3G52180,AT3G20810,AT3G22830,AT3G16180,AT3G05790,AT3G05800,AT3G05630,AT3G10410,AT3G10200,AT3G07650,AT3G16360,AT1G28050,AT1G56520,AT1G29395,AT1G76790,AT1G71490,AT1G68050,AT1G67970,AT1G69870,AT1G51610,AT1G49220,AT1G43840,AT1G26660,AT1G26665,AT1G53035,AT1G53140,AT1G22500,AT1G27630,AT1G11210,AT1G75880,AT1G10760,AT1G14680,AT1G79440,AT1G59870,AT2G17230,AT1G04390,AT1G67420,AT1G62300,AT1G61460,AT1G04030,AT2G06005,AT2G28840,AT2G01390,AT2G23910,AT2G19670,AT2G40080,AT2G33830	na
1	AT5G02840	LCL1	0	0	PWM3336	DAP-seq	LCL1_col	3	2.3712987288930883e-19	2.1258693104526538e-16	106	AT2G26560,AT4G16146,AT1G51090,AT4G36560,AT5G17460,AT5G26731,AT5G25210,AT5G63810,AT5G61380,AT5G61370,AT5G57630,AT5G57110,AT5G57080,AT5G56700,AT5G52850,AT5G49640,AT5G47240,AT5G46460,AT5G44010,AT5G42900,AT5G11150,AT5G09630,AT5G06510,AT5G06610,AT5G02190,AT5G02220,AT3G63160,AT3G59750,AT3G58590,AT3G55450,AT3G47860,AT3G46970,AT3G45090,AT3G44960,AT3G43210,AT4G39260,AT4G34950,AT4G34750,AT4G33985,AT4G33990,AT4G33980,AT4G33700,AT4G32340,AT4G30660,AT4G30650,AT4G24650,AT4G21380,AT4G19120,AT4G18240,AT4G09020,AT4G04330,AT1G43080,AT1G07050,AT1G20693,AT1G20696,AT1G16850,AT3G52180,AT3G25610,AT3G25020,AT3G25760,AT3G20810,AT3G22830,AT3G16180,AT3G05790,AT3G05800,AT3G05630,AT3G07650,AT3G05130,AT1G28050,AT1G71060,AT1G71490,AT1G68050,AT1G67970,AT1G69870,AT1G51610,AT1G49220,AT1G53035,AT1G53140,AT1G11210,AT1G15480,AT1G10760,AT1G14680,AT1G64890,AT1G79440,AT1G59870,AT2G17230,AT2G42530,AT2G36470,AT2G22450,AT1G09680,AT2G15830,AT2G07440,AT2G15090,AT2G06005,AT2G28085,AT2G28840,AT2G01390,AT2G32280,AT2G23910,AT2G46130,AT2G34200,AT2G19450,AT2G40080,AT2G33830,AT2G45560,AT2G39710	
1	AT5G02840	LCL1	0	0	PWM1201	CisBP	M1205_1.01	16	4.1902085510349777e-10	5.366459951432654e-8	85	AT4G16146,AT4G36560,AT5G17460,AT5G15960,AT1G31690,AT5G27610,AT5G63810,AT5G61380,AT5G61370,AT5G57630,AT5G57110,AT5G57080,AT5G56700,AT5G44010,AT5G42900,AT5G17760,AT5G09630,AT5G02190,AT5G02220,AT3G50120,AT3G47860,AT4G39260,AT4G33980,AT4G33700,AT4G30650,AT4G25850,AT4G24650,AT4G23270,AT4G21380,AT4G19120,AT4G18240,AT4G09020,AT4G04330,AT4G02750,AT1G07050,AT1G20693,AT1G20696,AT1G16850,AT3G52180,AT3G20810,AT3G22830,AT3G16180,AT3G05790,AT3G05800,AT3G05630,AT3G10410,AT3G10200,AT3G07650,AT3G16360,AT1G28050,AT1G56520,AT1G29395,AT1G76790,AT1G71490,AT1G68050,AT1G67970,AT1G69870,AT1G51610,AT1G49220,AT1G43840,AT1G26660,AT1G26665,AT1G53035,AT1G53140,AT1G22500,AT1G27630,AT1G11210,AT1G75880,AT1G10760,AT1G14680,AT1G79440,AT1G59870,AT2G17230,AT1G04390,AT1G67420,AT1G62300,AT1G61460,AT1G04030,AT2G06005,AT2G28840,AT2G01390,AT2G23910,AT2G19670,AT2G40080,AT2G33830	
1	AT2G28920	AT2G28920	2	na	PWM3436	DAP-seq	AT2G28920_col	4	2.3670994180659837e-18	1.0610523141480773e-15	104	AT2G26560,AT4G16146,AT1G51090,AT5G20030,AT4G36560,AT1G31690,AT5G26731,AT5G25210,AT5G63690,AT5G63810,AT5G61380,AT5G61370,AT5G57630,AT5G57110,AT5G57080,AT5G56700,AT5G52850,AT5G51610,AT5G49640,AT5G46460,AT5G44010,AT5G42900,AT5G11150,AT5G09630,AT5G06510,AT5G02190,AT5G02220,AT3G63160,AT3G59750,AT3G58590,AT3G55450,AT3G49400,AT3G47860,AT3G46970,AT3G45090,AT3G44960,AT3G43210,AT4G39260,AT4G34950,AT4G33985,AT4G33990,AT4G33980,AT4G33700,AT4G32340,AT4G30660,AT4G30650,AT4G24650,AT4G21380,AT4G19120,AT4G18240,AT4G09020,AT4G04330,AT4G02750,AT1G43080,AT1G07050,AT1G20693,AT1G20696,AT1G16850,AT3G52180,AT3G25020,AT3G25760,AT3G20810,AT3G22830,AT3G16180,AT3G05790,AT3G05800,AT3G05630,AT3G07650,AT3G05130,AT1G28050,AT1G76790,AT1G71490,AT1G68050,AT1G67970,AT1G51610,AT1G49220,AT1G43840,AT1G53035,AT1G53140,AT1G27630,AT1G11210,AT1G75880,AT1G14680,AT1G64890,AT1G79440,AT2G17230,AT2G42530,AT2G22450,AT2G15830,AT2G07440,AT2G15090,AT2G06005,AT2G28085,AT2G28840,AT2G01390,AT2G32280,AT2G23910,AT2G46130,AT2G34200,AT2G19450,AT2G40080,AT2G33830,AT2G45560,AT2G39710	na
1	AT5G52660	At5g52660	6	na	PWM3326	DAP-seq	AT5G52660_col	5	6.723245110399258e-17	2.410955696589174e-14	101	AT2G26560,AT4G16146,AT4G36560,AT5G17460,AT5G26731,AT5G25210,AT5G63810,AT5G61380,AT5G61370,AT5G61350,AT5G57630,AT5G57110,AT5G57080,AT5G56700,AT5G52850,AT5G46460,AT5G44010,AT5G42900,AT5G11150,AT5G09630,AT5G06610,AT5G02190,AT5G02220,AT3G59750,AT3G58590,AT3G55450,AT3G47860,AT3G46970,AT3G45090,AT3G44960,AT3G43210,AT4G39260,AT4G34950,AT4G33985,AT4G33990,AT4G33980,AT4G33700,AT4G32340,AT4G30660,AT4G30650,AT4G24650,AT4G21380,AT4G19120,AT4G18240,AT4G09020,AT4G04330,AT4G02750,AT1G43080,AT1G07050,AT1G20693,AT1G20696,AT1G16850,AT3G52180,AT3G25610,AT3G25020,AT3G20810,AT3G22830,AT3G16180,AT3G05790,AT3G05800,AT3G05630,AT3G10410,AT3G07650,AT3G05130,AT1G28050,AT1G71060,AT1G71490,AT1G68050,AT1G67970,AT1G69870,AT1G51610,AT1G49220,AT1G43840,AT1G53035,AT1G53140,AT1G11210,AT1G15480,AT1G10760,AT1G14680,AT1G64890,AT1G79440,AT1G59870,AT2G17230,AT2G42530,AT2G22450,AT1G79200,AT2G15830,AT2G07440,AT2G15090,AT2G06005,AT2G28085,AT2G28840,AT2G01390,AT2G32280,AT2G23910,AT2G34200,AT2G19450,AT2G40080,AT2G33830,AT2G45560,AT2G39710	na
1	AT5G52660	At5g52660	6	na	PWM1202	CisBP	M1205_1.01	17	4.1902085510349777e-10	5.366459951432654e-8	85	AT4G16146,AT4G36560,AT5G17460,AT5G15960,AT1G31690,AT5G27610,AT5G63810,AT5G61380,AT5G61370,AT5G57630,AT5G57110,AT5G57080,AT5G56700,AT5G44010,AT5G42900,AT5G17760,AT5G09630,AT5G02190,AT5G02220,AT3G50120,AT3G47860,AT4G39260,AT4G33980,AT4G33700,AT4G30650,AT4G25850,AT4G24650,AT4G23270,AT4G21380,AT4G19120,AT4G18240,AT4G09020,AT4G04330,AT4G02750,AT1G07050,AT1G20693,AT1G20696,AT1G16850,AT3G52180,AT3G20810,AT3G22830,AT3G16180,AT3G05790,AT3G05800,AT3G05630,AT3G10410,AT3G10200,AT3G07650,AT3G16360,AT1G28050,AT1G56520,AT1G29395,AT1G76790,AT1G71490,AT1G68050,AT1G67970,AT1G69870,AT1G51610,AT1G49220,AT1G43840,AT1G26660,AT1G26665,AT1G53035,AT1G53140,AT1G22500,AT1G27630,AT1G11210,AT1G75880,AT1G10760,AT1G14680,AT1G79440,AT1G59870,AT2G17230,AT1G04390,AT1G67420,AT1G62300,AT1G61460,AT1G04030,AT2G06005,AT2G28840,AT2G01390,AT2G23910,AT2G19670,AT2G40080,AT2G33830	na
1	AT4G01280	At4g01280	1	na	PWM3317	DAP-seq	AT4G01280_col	6	5.831957251535625e-16	1.742783225333896e-13	99	AT2G26560,AT4G16146,AT4G36560,AT5G26570,AT5G26731,AT5G25210,AT5G63810,AT5G61380,AT5G61370,AT5G57630,AT5G57110,AT5G57080,AT5G56700,AT5G52850,AT5G49110,AT5G46460,AT5G44010,AT5G42900,AT5G11150,AT5G09630,AT5G02190,AT5G02220,AT3G59750,AT3G58590,AT3G55450,AT3G47860,AT3G46970,AT3G45090,AT3G44960,AT3G43210,AT4G39260,AT4G34950,AT4G33985,AT4G33990,AT4G33980,AT4G33700,AT4G32340,AT4G30660,AT4G30650,AT4G24650,AT4G21380,AT4G19120,AT4G18240,AT4G09020,AT4G04330,AT4G02750,AT1G43080,AT1G07050,AT1G20693,AT1G20696,AT1G16850,AT3G52180,AT3G25610,AT3G25020,AT3G25760,AT3G20810,AT3G22830,AT3G16180,AT3G05790,AT3G05800,AT3G05630,AT3G07650,AT3G05130,AT1G28050,AT1G71060,AT1G71490,AT1G68050,AT1G67970,AT1G69870,AT1G51610,AT1G49220,AT1G53035,AT1G53140,AT1G11210,AT1G15480,AT1G10760,AT1G14680,AT1G64890,AT1G79440,AT2G17230,AT2G42530,AT2G22450,AT1G79200,AT2G15830,AT2G07440,AT2G15090,AT2G06005,AT2G28085,AT2G28840,AT2G01390,AT2G32280,AT2G23910,AT2G46130,AT2G34200,AT2G19450,AT2G40080,AT2G33830,AT2G45560,AT2G39710	na
1	AT4G01280	At4g01280	1	na	PWM1200	CisBP	M1205_1.01	15	4.1902085510349777e-10	5.366459951432654e-8	85	AT4G16146,AT4G36560,AT5G17460,AT5G15960,AT1G31690,AT5G27610,AT5G63810,AT5G61380,AT5G61370,AT5G57630,AT5G57110,AT5G57080,AT5G56700,AT5G44010,AT5G42900,AT5G17760,AT5G09630,AT5G02190,AT5G02220,AT3G50120,AT3G47860,AT4G39260,AT4G33980,AT4G33700,AT4G30650,AT4G25850,AT4G24650,AT4G23270,AT4G21380,AT4G19120,AT4G18240,AT4G09020,AT4G04330,AT4G02750,AT1G07050,AT1G20693,AT1G20696,AT1G16850,AT3G52180,AT3G20810,AT3G22830,AT3G16180,AT3G05790,AT3G05800,AT3G05630,AT3G10410,AT3G10200,AT3G07650,AT3G16360,AT1G28050,AT1G56520,AT1G29395,AT1G76790,AT1G71490,AT1G68050,AT1G67970,AT1G69870,AT1G51610,AT1G49220,AT1G43840,AT1G26660,AT1G26665,AT1G53035,AT1G53140,AT1G22500,AT1G27630,AT1G11210,AT1G75880,AT1G10760,AT1G14680,AT1G79440,AT1G59870,AT2G17230,AT1G04390,AT1G67420,AT1G62300,AT1G61460,AT1G04030,AT2G06005,AT2G28840,AT2G01390,AT2G23910,AT2G19670,AT2G40080,AT2G33830	na
1	AT5G17300	RVE1	4	na	PWM1556	PBM		7	1.6812626450458767e-15	4.306434175096081e-13	98	AT2G26560,AT4G16146,AT4G36560,AT5G15960,AT5G26731,AT5G25210,AT5G63810,AT5G61380,AT5G61370,AT5G61350,AT5G57630,AT5G57110,AT5G57080,AT5G56700,AT5G52850,AT5G49640,AT5G47240,AT5G46460,AT5G44010,AT5G42900,AT5G11150,AT5G09630,AT5G06510,AT5G02190,AT5G02220,AT3G63160,AT3G59750,AT3G47860,AT3G46970,AT3G45090,AT3G44960,AT4G39260,AT4G34950,AT4G33985,AT4G33990,AT4G33980,AT4G33700,AT4G32340,AT4G30650,AT4G25480,AT4G24650,AT4G19120,AT4G18240,AT4G09020,AT4G04330,AT4G02750,AT1G43080,AT1G07050,AT1G20693,AT1G20696,AT3G52180,AT3G25760,AT3G20810,AT3G21470,AT3G22830,AT3G05790,AT3G05800,AT3G05630,AT3G07650,AT1G28050,AT1G76790,AT1G71490,AT1G68050,AT1G67970,AT1G51610,AT1G17665,AT1G49220,AT1G43840,AT1G53035,AT1G53140,AT1G22500,AT1G22570,AT1G11210,AT1G15480,AT1G75880,AT1G10760,AT1G14680,AT1G64890,AT1G79440,AT1G59870,AT2G17230,AT2G36470,AT2G22450,AT1G09680,AT2G15830,AT2G07440,AT2G15090,AT2G06005,AT2G28085,AT2G28840,AT2G01390,AT2G32280,AT2G23910,AT2G46130,AT2G19450,AT2G40080,AT2G33830,AT2G45560	na
1	AT5G17300	RVE1	4	na	PWM3340	DAP-seq	RVE1_col	10	4.77766148520866e-15	1.070793380372391e-12	97	AT4G17695,AT4G16146,AT5G20030,AT4G36560,AT5G15960,AT5G26731,AT5G63810,AT5G61380,AT5G61370,AT5G57630,AT5G57110,AT5G56700,AT5G52850,AT5G51610,AT5G46460,AT5G44010,AT5G42900,AT5G11150,AT5G09630,AT5G02220,AT3G59750,AT3G58590,AT3G57520,AT3G55450,AT3G46970,AT3G45090,AT3G44960,AT3G43210,AT4G39260,AT4G34950,AT4G33980,AT4G33700,AT4G32340,AT4G30660,AT4G30650,AT4G24650,AT4G21380,AT4G19120,AT4G18240,AT4G09020,AT4G04330,AT4G02750,AT1G43080,AT1G07050,AT1G20693,AT1G20696,AT1G13670,AT1G16850,AT3G25610,AT3G25020,AT3G25760,AT3G20810,AT3G22830,AT3G16180,AT3G05790,AT3G05800,AT3G05630,AT3G10410,AT3G07650,AT3G05130,AT3G16360,AT1G28050,AT1G71490,AT1G68050,AT1G67970,AT1G69870,AT1G51610,AT1G49220,AT1G43840,AT1G53035,AT1G53140,AT1G27630,AT1G11210,AT1G75880,AT1G10760,AT1G14680,AT1G79440,AT1G59870,AT2G17230,AT2G42530,AT2G22450,AT1G79200,AT2G15830,AT2G07440,AT2G15090,AT2G06005,AT2G28085,AT2G28840,AT2G01390,AT2G32280,AT2G23910,AT2G34200,AT2G19450,AT2G40080,AT2G33830,AT2G45560,AT2G39710	na
1	AT2G46830	AtCCA1	4	74	PWM1555	PBM		8	4.77766148520866e-15	1.070793380372391e-12	97	AT2G26560,AT4G16146,AT4G36560,AT5G26731,AT5G63810,AT5G61380,AT5G61370,AT5G57630,AT5G57110,AT5G57080,AT5G52850,AT5G49640,AT5G46460,AT5G44010,AT5G42900,AT5G11150,AT5G02190,AT5G02220,AT3G63160,AT3G59750,AT3G55450,AT3G47860,AT3G46970,AT3G45090,AT3G44960,AT4G39260,AT4G34950,AT4G33985,AT4G33990,AT4G33980,AT4G32340,AT4G30660,AT4G30650,AT4G25480,AT4G24650,AT4G21380,AT4G19120,AT4G18240,AT4G09020,AT4G04330,AT4G02750,AT1G43080,AT1G07050,AT1G20693,AT1G20696,AT1G16850,AT3G52180,AT3G25760,AT3G20810,AT3G21470,AT3G22830,AT3G16180,AT3G05790,AT3G05800,AT3G05630,AT3G10410,AT3G04980,AT3G07650,AT1G28050,AT1G76790,AT1G71490,AT1G68050,AT1G67970,AT1G51610,AT1G17665,AT1G49220,AT1G43840,AT1G20190,AT1G53035,AT1G53140,AT1G11210,AT1G15480,AT1G75880,AT1G10760,AT1G14680,AT1G64890,AT1G79440,AT1G59870,AT2G17230,AT2G36470,AT2G22450,AT1G79200,AT2G15830,AT2G07440,AT2G15090,AT2G06005,AT2G28085,AT2G28840,AT2G01390,AT2G32280,AT2G23910,AT2G46130,AT2G34200,AT2G19450,AT2G40080,AT2G33830,AT2G45560	AT2G26560,AT4G16146,AT1G51090,AT1G31850,AT5G26570,AT5G25210,AT5G63420,AT5G61380,AT5G57630,AT5G57110,AT5G44010,AT5G42900,AT5G23240,AT5G17760,AT5G11150,AT3G63160,AT3G62090,AT3G57520,AT3G55450,AT3G50120,AT3G47860,AT3G46970,AT3G46130,AT4G39260,AT4G34950,AT4G34750,AT4G33980,AT4G32340,AT4G30660,AT4G25480,AT4G23270,AT4G22770,AT4G19120,AT4G18240,AT4G09020,AT4G04330,AT1G07050,AT1G20696,AT1G16850,AT3G20810,AT3G22830,AT3G16180,AT3G05800,AT3G10410,AT3G05130,AT1G28050,AT1G29395,AT1G76790,AT1G68050,AT1G67970,AT1G17665,AT1G49230,AT1G49220,AT1G26665,AT1G21130,AT1G27630,AT1G11210,AT1G10760,AT1G14680,AT1G79440,AT2G40130,AT2G42530,AT2G22450,AT1G78995,AT2G15830,AT2G28085,AT2G28900,AT2G28840,AT2G32280,AT2G06925,AT2G19450,AT2G33830,AT2G45560,AT2G39710
1	AT2G46830	AtCCA1	4	74	PWM2571	JASPAR	MA0972.1	12	7.116767887032729e-13	1.0633637351208068e-10	92	AT4G16146,AT4G36560,AT5G17460,AT5G15960,AT1G31690,AT5G63810,AT5G63420,AT5G61380,AT5G61370,AT5G57630,AT5G57110,AT5G57080,AT5G56700,AT5G46460,AT5G44010,AT5G42900,AT5G39410,AT5G11150,AT5G02220,AT3G55450,AT3G50120,AT3G47860,AT3G43210,AT4G39260,AT4G33980,AT4G33700,AT4G32340,AT4G30660,AT4G30650,AT4G25480,AT4G24650,AT4G21380,AT4G19120,AT4G18240,AT4G09020,AT4G04330,AT4G02750,AT1G43080,AT1G07050,AT1G20693,AT1G20696,AT1G16850,AT3G52180,AT3G25760,AT3G20810,AT3G21470,AT3G22830,AT3G16180,AT3G05790,AT3G05800,AT3G05630,AT3G10410,AT3G07650,AT1G28050,AT1G56520,AT1G29395,AT1G76790,AT1G71490,AT1G68050,AT1G67970,AT1G51610,AT1G17665,AT1G48210,AT1G49230,AT1G49220,AT1G26660,AT1G26665,AT1G53035,AT1G11210,AT1G75880,AT1G14680,AT1G64890,AT1G79440,AT2G17230,AT2G42530,AT2G22450,AT1G79200,AT1G09680,AT1G04030,AT2G07440,AT2G15090,AT2G06005,AT2G28085,AT2G28840,AT2G01390,AT2G32280,AT2G23910,AT2G46130,AT2G34200,AT2G40080,AT2G33830,AT2G45560	AT2G26560,AT4G16146,AT1G51090,AT1G31850,AT5G26570,AT5G25210,AT5G63420,AT5G61380,AT5G57630,AT5G57110,AT5G44010,AT5G42900,AT5G23240,AT5G17760,AT5G11150,AT3G63160,AT3G62090,AT3G57520,AT3G55450,AT3G50120,AT3G47860,AT3G46970,AT3G46130,AT4G39260,AT4G34950,AT4G34750,AT4G33980,AT4G32340,AT4G30660,AT4G25480,AT4G23270,AT4G22770,AT4G19120,AT4G18240,AT4G09020,AT4G04330,AT1G07050,AT1G20696,AT1G16850,AT3G20810,AT3G22830,AT3G16180,AT3G05800,AT3G10410,AT3G05130,AT1G28050,AT1G29395,AT1G76790,AT1G68050,AT1G67970,AT1G17665,AT1G49230,AT1G49220,AT1G26665,AT1G21130,AT1G27630,AT1G11210,AT1G10760,AT1G14680,AT1G79440,AT2G40130,AT2G42530,AT2G22450,AT1G78995,AT2G15830,AT2G28085,AT2G28900,AT2G28840,AT2G32280,AT2G06925,AT2G19450,AT2G33830,AT2G45560,AT2G39710
1	AT1G18330	EPR1	2	na	PWM3334	DAP-seq	EPR1_col	9	4.77766148520866e-15	1.070793380372391e-12	97	AT2G26560,AT4G16146,AT1G51090,AT5G20030,AT4G36560,AT5G15960,AT5G26731,AT5G63780,AT5G63810,AT5G61380,AT5G61370,AT5G57630,AT5G57110,AT5G56700,AT5G52850,AT5G49640,AT5G46460,AT5G44010,AT5G42900,AT5G11150,AT5G02190,AT5G02220,AT3G63160,AT3G59750,AT3G58590,AT3G55450,AT3G47860,AT3G46970,AT3G45730,AT3G45090,AT3G44960,AT4G39260,AT4G34950,AT4G33985,AT4G33990,AT4G33980,AT4G33700,AT4G32340,AT4G30660,AT4G30650,AT4G24650,AT4G21380,AT4G19120,AT4G18240,AT4G09020,AT4G04330,AT4G02750,AT1G43080,AT1G07050,AT1G20693,AT1G20696,AT1G16850,AT3G25610,AT3G25020,AT3G25760,AT3G20810,AT3G22830,AT3G16180,AT3G05790,AT3G05800,AT3G07650,AT3G05130,AT3G16360,AT1G28050,AT1G71490,AT1G68050,AT1G67970,AT1G51610,AT1G49220,AT1G43840,AT1G53035,AT1G53140,AT1G27630,AT1G11210,AT1G15480,AT1G75880,AT1G10760,AT1G14680,AT1G64890,AT1G79440,AT2G17230,AT2G42530,AT2G22450,AT2G15830,AT2G07440,AT2G15090,AT2G06005,AT2G28085,AT2G28840,AT2G01390,AT2G23910,AT2G34200,AT2G19450,AT2G40080,AT2G33830,AT2G45560,AT2G39710	na
1	AT1G18330	EPR1	2	na	PWM958	CisBP	M1219_1.01	21	0.0000019986466413789057	0.00018860912778907252	74	AT2G26560,AT1G67660,AT4G16146,AT4G36560,AT5G63420,AT5G61380,AT5G61370,AT5G61350,AT5G57630,AT5G57110,AT5G51610,AT5G49640,AT5G44010,AT5G42900,AT5G09630,AT5G02220,AT5G01110,AT3G57520,AT3G55450,AT3G47860,AT3G43210,AT4G39260,AT4G33990,AT4G33980,AT4G32340,AT4G30650,AT4G19120,AT4G04330,AT4G02750,AT4G01030,AT1G43080,AT1G07050,AT1G20693,AT1G20696,AT1G13670,AT1G16850,AT3G20810,AT3G18080,AT3G22830,AT3G05790,AT3G05800,AT3G05630,AT3G07530,AT3G07650,AT1G28050,AT1G76790,AT1G68050,AT1G67970,AT1G51610,AT1G49230,AT1G49220,AT1G53035,AT1G22500,AT1G11210,AT1G10760,AT1G79440,AT1G03010,AT2G17230,AT2G42530,AT2G22450,AT1G79200,AT1G09680,AT1G61460,AT1G30960,AT2G07440,AT2G06005,AT2G28085,AT2G28900,AT2G01390,AT2G32280,AT2G23910,AT2G29760,AT2G19450,AT2G40080	na
1	AT3G10113	AT3G10113	3	na	PWM3312	DAP-seq	AT3G10113_col	11	1.004996267342514e-13	1.638143915768298e-11	94	AT4G17695,AT4G16146,AT4G36560,AT5G15960,AT5G26731,AT5G63810,AT5G61380,AT5G61370,AT5G57630,AT5G57110,AT5G56700,AT5G52850,AT5G49640,AT5G46460,AT5G44010,AT5G42900,AT5G11150,AT5G09630,AT5G06510,AT5G02220,AT3G59750,AT3G58590,AT3G57520,AT3G55450,AT3G46970,AT3G45090,AT3G44960,AT3G43210,AT3G42860,AT4G39260,AT4G34950,AT4G33980,AT4G33700,AT4G32340,AT4G30660,AT4G30650,AT4G24650,AT4G21380,AT4G19120,AT4G19130,AT4G18240,AT4G09020,AT4G04330,AT4G02750,AT1G43080,AT1G07050,AT1G20693,AT1G20696,AT1G13670,AT1G16850,AT3G22260,AT3G25610,AT3G25020,AT3G25760,AT3G20810,AT3G22830,AT3G16180,AT3G05790,AT3G05800,AT3G05630,AT3G10410,AT3G07650,AT3G05130,AT1G28050,AT1G71490,AT1G68050,AT1G67970,AT1G51610,AT1G49220,AT1G43840,AT1G53035,AT1G53140,AT1G11210,AT1G10760,AT1G14680,AT1G79440,AT2G17230,AT2G42530,AT2G22450,AT2G15830,AT2G07440,AT2G15090,AT2G06005,AT2G28085,AT2G28840,AT2G01390,AT2G32280,AT2G23910,AT2G34200,AT2G19450,AT2G40080,AT2G33830,AT2G45560,AT2G39710	na
1	AT3G10113	AT3G10113	3	na	PWM959	CisBP	M1219_1.01	18	0.000001003980409287901	0.00010000760410295591	75	AT2G26560,AT1G67660,AT4G16146,AT4G36560,AT5G63420,AT5G61380,AT5G61370,AT5G61350,AT5G57630,AT5G57110,AT5G51610,AT5G49640,AT5G44010,AT5G42900,AT5G09630,AT5G06510,AT5G02220,AT5G01110,AT3G57520,AT3G55450,AT3G47860,AT3G43210,AT4G39260,AT4G33990,AT4G33980,AT4G32340,AT4G30650,AT4G19120,AT4G04330,AT4G02750,AT4G01030,AT1G43080,AT1G07050,AT1G20693,AT1G20696,AT1G13670,AT1G16850,AT3G20810,AT3G18080,AT3G22830,AT3G05790,AT3G05800,AT3G05630,AT3G07530,AT3G07650,AT1G28050,AT1G76790,AT1G68050,AT1G67970,AT1G51610,AT1G49230,AT1G49220,AT1G53035,AT1G22500,AT1G11210,AT1G10760,AT1G79440,AT1G03010,AT2G17230,AT2G42530,AT2G22450,AT1G79200,AT1G09680,AT1G61460,AT1G30960,AT2G07440,AT2G06005,AT2G28085,AT2G28900,AT2G01390,AT2G32280,AT2G23910,AT2G29760,AT2G19450,AT2G40080	na
1	AT1G01520	ASG4	1	na	PWM1198	CisBP	M1205_1.01	13	1.7636837088289095e-10	2.4325268384078726e-8	86	AT4G16146,AT4G36560,AT5G17460,AT5G15960,AT1G31690,AT5G27610,AT5G63810,AT5G61380,AT5G61370,AT5G57630,AT5G57110,AT5G57080,AT5G56700,AT5G44010,AT5G42900,AT5G17760,AT5G09630,AT5G02190,AT5G02220,AT3G55450,AT3G50120,AT3G47860,AT4G39260,AT4G33980,AT4G33700,AT4G30650,AT4G25850,AT4G24650,AT4G23270,AT4G21380,AT4G19120,AT4G18240,AT4G09020,AT4G04330,AT4G02750,AT1G07050,AT1G20693,AT1G20696,AT1G16850,AT3G52180,AT3G20810,AT3G22830,AT3G16180,AT3G05790,AT3G05800,AT3G05630,AT3G10410,AT3G10200,AT3G07650,AT3G16360,AT1G28050,AT1G56520,AT1G29395,AT1G76790,AT1G71490,AT1G68050,AT1G67970,AT1G69870,AT1G51610,AT1G49220,AT1G43840,AT1G26660,AT1G26665,AT1G53035,AT1G53140,AT1G22500,AT1G27630,AT1G11210,AT1G75880,AT1G10760,AT1G14680,AT1G79440,AT1G59870,AT2G17230,AT1G04390,AT1G67420,AT1G62300,AT1G61460,AT1G04030,AT2G06005,AT2G28840,AT2G01390,AT2G23910,AT2G19670,AT2G40080,AT2G33830	na
1	AT1G28420	HB-1	0	na	PWM1142	CisBP	M0757_1.01	19	0.0000019986466413789057	0.00018860912778907252	74	AT4G17695,AT5G20030,AT5G28370,AT4G36580,AT1G31850,AT1G31690,AT5G27930,AT5G63290,AT5G61800,AT5G61380,AT5G61370,AT5G60100,AT5G56310,AT5G49900,AT5G46460,AT5G46330,AT5G44010,AT5G40410,AT5G17760,AT5G13230,AT3G59750,AT3G58590,AT3G57520,AT3G55450,AT3G54930,AT3G49400,AT3G44080,AT4G23270,AT4G21990,AT4G19120,AT4G18750,AT4G18520,AT4G18240,AT4G11550,AT4G01030,AT1G69440,AT3G02330,AT3G25610,AT3G15130,AT3G25060,AT3G13170,AT1G64320,AT3G23020,AT3G21470,AT3G15550,AT3G01800,AT3G10200,AT1G13460,AT1G43980,AT1G21210,AT1G51610,AT1G53035,AT1G53140,AT1G52430,AT1G62670,AT1G13210,AT1G10760,AT1G59870,AT1G03010,AT1G67420,AT1G09220,AT1G61370,AT1G61460,AT1G61420,AT1G24095,AT1G30960,AT2G16730,AT2G15090,AT2G37420,AT2G27630,AT2G32280,AT1G36035,AT2G29630,AT2G19450	na
1	AT5G44180	RLT2	0	0	PWM1143	CisBP	M0757_1.01	20	0.0000019986466413789057	0.00018860912778907252	74	AT4G17695,AT5G20030,AT5G28370,AT4G36580,AT1G31850,AT1G31690,AT5G27930,AT5G63290,AT5G61800,AT5G61380,AT5G61370,AT5G60100,AT5G56310,AT5G49900,AT5G46460,AT5G46330,AT5G44010,AT5G40410,AT5G17760,AT5G13230,AT3G59750,AT3G58590,AT3G57520,AT3G55450,AT3G54930,AT3G49400,AT3G44080,AT4G23270,AT4G21990,AT4G19120,AT4G18750,AT4G18520,AT4G18240,AT4G11550,AT4G01030,AT1G69440,AT3G02330,AT3G25610,AT3G15130,AT3G25060,AT3G13170,AT1G64320,AT3G23020,AT3G21470,AT3G15550,AT3G01800,AT3G10200,AT1G13460,AT1G43980,AT1G21210,AT1G51610,AT1G53035,AT1G53140,AT1G52430,AT1G62670,AT1G13210,AT1G10760,AT1G59870,AT1G03010,AT1G67420,AT1G09220,AT1G61370,AT1G61460,AT1G61420,AT1G24095,AT1G30960,AT2G16730,AT2G15090,AT2G37420,AT2G27630,AT2G32280,AT1G36035,AT2G29630,AT2G19450	
1	AT1G45249	ABF2	3	0	PWM2903	DAP-seq	ABF2_col	22	0.000048465045480435543	0.003949901206655497	69	AT2G26560,AT4G17695,AT4G16146,AT5G17460,AT5G64060,AT5G61380,AT5G61370,AT5G60100,AT5G57110,AT5G56310,AT5G49290,AT5G43580,AT5G42900,AT5G38010,AT5G23050,AT5G17760,AT5G07060,AT5G06540,AT3G63160,AT3G57520,AT3G50120,AT3G46970,AT3G45090,AT3G44080,AT3G43210,AT3G43550,AT3G42860,AT4G33990,AT4G33980,AT4G25850,AT4G25480,AT4G19130,AT4G19390,AT4G18240,AT4G09020,AT1G20693,AT1G20696,AT3G25610,AT3G13170,AT3G20340,AT3G22830,AT3G16180,AT3G10410,AT3G01570,AT3G07650,AT3G05130,AT1G43980,AT1G21210,AT1G29395,AT1G68050,AT1G67970,AT1G69870,AT1G53345,AT1G17665,AT1G26660,AT1G26665,AT1G22500,AT1G47730,AT1G06580,AT1G79440,AT2G15390,AT2G37030,AT2G22450,AT1G78995,AT1G61370,AT2G16730,AT2G07440,AT2G27630,AT2G33830	
1	AT2G35530	AtbZIP16	0	0	PWM2908	DAP-seq	BZIP16_col	23	0.000266675441162432	0.020789089826271333	66	AT2G26560,AT4G17695,AT4G16146,AT5G17460,AT5G27610,AT5G25500,AT5G61380,AT5G61370,AT5G60100,AT5G57110,AT5G56310,AT5G42900,AT5G23050,AT5G17760,AT5G09630,AT5G07060,AT5G06540,AT3G57520,AT3G52710,AT3G50120,AT3G46970,AT3G44080,AT3G43210,AT3G42860,AT4G33990,AT4G33980,AT4G25480,AT4G19130,AT4G19390,AT4G18240,AT4G09020,AT1G20693,AT1G20696,AT3G52180,AT3G25610,AT3G13170,AT3G20340,AT3G18080,AT3G16180,AT3G10410,AT3G01570,AT3G07650,AT3G05130,AT1G43980,AT1G29395,AT1G68050,AT1G67970,AT1G69870,AT1G53345,AT1G62350,AT1G26660,AT1G26665,AT1G22500,AT1G47730,AT1G06580,AT1G10760,AT1G79440,AT2G15390,AT2G22450,AT1G78995,AT1G67420,AT1G61370,AT2G16730,AT2G07440,AT2G27630,AT1G36035	
1	AT3G58630	AT3G58630	0	na	PWM3500	DAP-seq	AT3G58630_col	24	0.00045442270008236264	0.03394916255198651	65	AT5G20480,AT4G36560,AT5G35380,AT5G27930,AT5G65205,AT5G64060,AT5G61380,AT5G61370,AT5G61350,AT5G60100,AT5G57110,AT5G51610,AT5G49110,AT5G42900,AT5G37570,AT5G35800,AT5G02220,AT3G63090,AT3G49400,AT3G43210,AT4G34950,AT4G33990,AT4G33700,AT4G26680,AT5G44820,AT4G19120,AT4G19130,AT4G19390,AT4G18520,AT4G18240,AT3G25610,AT2G40750,AT1G64320,AT3G20340,AT3G23020,AT3G18080,AT3G06630,AT3G05630,AT3G04980,AT1G51610,AT1G17665,AT1G26660,AT1G01130,AT1G01110,AT1G22570,AT1G47730,AT1G06580,AT1G13210,AT1G64890,AT1G79440,AT1G79470,AT2G15390,AT1G04390,AT2G04380,AT2G04330,AT2G22450,AT1G67420,AT1G61430,AT2G06005,AT2G12170,AT2G28840,AT2G01390,AT2G06925,AT2G29630,AT2G45560	na
2	AT5G11510	AtMYB3R4	0	0	PWM3250	DAP-seq	MYB3R4_col	1	0.00000935572388227024	0.01677481292091054	100	AT2G45280,AT4G15440,AT4G15340,AT4G15830,AT1G44110,AT1G45616,AT5G15510,AT5G14760,AT1G29720,AT5G65010,AT5G59870,AT5G59640,AT5G59700,AT5G47380,AT5G45960,AT5G45700,AT5G45240,AT5G43840,AT5G43180,AT5G42760,AT5G38210,AT5G36710,AT5G35970,AT5G24120,AT5G23400,AT5G14640,AT5G11510,AT5G10400,AT5G10390,AT5G08640,AT5G05270,AT3G60420,AT3G56260,AT3G53730,AT3G51720,AT3G47050,AT3G46320,AT3G43020,AT4G39180,AT4G37670,AT4G35720,AT4G32870,AT4G31840,AT5G44415,AT4G27170,AT4G26850,AT4G26660,AT4G21400,AT4G10820,AT4G10120,AT4G09290,AT4G07840,AT4G02800,AT1G29860,AT1G13650,AT1G51805,AT1G66460,AT3G22231,AT3G12870,AT3G23120,AT3G28345,AT3G16220,AT3G26040,AT3G23430,AT3G17609,AT3G06070,AT3G02640,AT3G02120,AT3G01240,AT3G01060,AT1G63100,AT1G73280,AT2G43570,AT1G52960,AT1G18860,AT1G18710,AT1G21100,AT1G18370,AT1G02800,AT1G77990,AT1G11300,AT1G17050,AT1G11720,AT2G16200,AT1G65110,AT1G32830,AT2G37040,AT2G25060,AT1G76960,AT1G03780,AT1G62560,AT1G31050,AT2G18450,AT2G22610,AT2G07430,AT2G29330,AT2G01520,AT2G43100,AT2G26760,AT2G42110	
2	AT4G24470	GATA25	0	0	PWM3017	DAP-seq	ZIM_col	2	0.000015849661965751854	0.014209221952296536	99	AT4G15440,AT4G15340,AT4G15830,AT1G56670,AT1G44110,AT5G20790,AT4G08010,AT5G15510,AT5G14760,AT2G14770,AT5G33200,AT5G28120,AT5G65360,AT5G65010,AT5G62550,AT5G61050,AT5G59870,AT5G54060,AT5G43840,AT5G42760,AT5G24120,AT5G23400,AT5G23420,AT5G22300,AT5G14640,AT5G11510,AT5G10400,AT5G10390,AT5G08640,AT5G05270,AT5G05250,AT5G02570,AT5G02340,AT3G62280,AT3G59830,AT3G56260,AT3G53730,AT3G53650,AT3G53320,AT3G51720,AT3G49580,AT3G47050,AT3G47090,AT3G46110,AT3G46320,AT3G44050,AT4G39860,AT4G39940,AT4G35510,AT5G44415,AT4G26950,AT4G26660,AT4G26020,AT4G07780,AT4G07586,AT4G05280,AT4G02800,AT1G19940,AT1G29860,AT1G07060,AT1G51805,AT3G28155,AT3G26590,AT3G23120,AT3G13065,AT3G28345,AT3G16150,AT3G02120,AT3G01430,AT3G07600,AT1G63100,AT1G64390,AT1G06760,AT1G19960,AT1G52960,AT1G18860,AT1G18710,AT1G21110,AT1G10640,AT1G56010,AT1G72910,AT1G72920,AT1G11300,AT2G16200,AT1G32830,AT2G10490,AT2G40310,AT2G37040,AT1G36270,AT1G09200,AT1G61930,AT1G70270,AT2G25060,AT1G76960,AT2G18230,AT2G34650,AT2G45800,AT2G32990,AT2G26760	
2	AT4G27900	AT4G27900	3	na	PWM2961	DAP-seq	AT4G27900_col	3	0.00007164444537746246	0.04281949685393006	96	AT2G41580,AT4G14690,AT1G56670,AT1G44110,AT1G45616,AT5G28270,AT5G20790,AT4G08010,AT5G15510,AT5G14760,AT2G14770,AT5G28120,AT5G27750,AT5G65360,AT5G65010,AT5G62550,AT5G61420,AT5G59870,AT5G59700,AT5G58310,AT5G54060,AT5G45200,AT5G42800,AT5G24120,AT5G23420,AT5G22300,AT5G11510,AT5G10400,AT5G10390,AT5G09730,AT5G08640,AT5G07820,AT5G05250,AT5G02340,AT3G63240,AT3G62280,AT3G59830,AT3G56260,AT3G53730,AT3G53650,AT3G53320,AT3G47050,AT3G47090,AT3G46110,AT3G46320,AT3G44470,AT3G44050,AT4G39860,AT4G39940,AT4G35510,AT4G27860,AT4G26950,AT4G26020,AT4G07780,AT4G07840,AT4G07586,AT4G05280,AT4G01080,AT1G19940,AT1G29860,AT1G07060,AT1G66790,AT1G66830,AT3G10930,AT3G26590,AT3G28345,AT3G16150,AT3G17609,AT3G01290,AT1G63100,AT1G64390,AT1G29630,AT1G06760,AT1G07450,AT1G52960,AT1G08280,AT1G10640,AT1G02800,AT1G72910,AT1G72920,AT1G11720,AT2G16200,AT1G32830,AT2G10490,AT2G40310,AT2G37040,AT1G09200,AT1G61930,AT2G25060,AT1G76960,AT1G62560,AT2G18450,AT2G18230,AT2G11220,AT2G34650,AT2G26760	na
3	AT4G01280	At4g01280	9	na	PWM3317	DAP-seq	AT4G01280_col	1	1.2634047396490008e-15	2.2652846981906584e-12	76	AT4G17500,AT4G14640,AT4G17140,AT1G28330,AT5G09440,AT5G14920,AT5G33380,AT5G26340,AT5G25620,AT5G67480,AT5G64860,AT5G62360,AT5G54960,AT5G51570,AT5G50450,AT5G48250,AT5G47455,AT5G44210,AT5G40180,AT5G37260,AT5G24470,AT5G18540,AT1G69940,AT5G06690,AT5G03720,AT5G02860,AT3G62550,AT3G59820,AT3G59350,AT3G53800,AT3G53990,AT3G53250,AT3G50500,AT3G47160,AT5G59570,AT3G42090,AT4G28130,AT4G26670,AT4G12750,AT4G05150,AT4G02370,AT4G01130,AT1G33970,AT1G56300,AT3G11020,AT3G28870,AT1G52240,AT3G26740,AT3G23230,AT3G05880,AT3G04060,AT1G76590,AT1G20030,AT1G36940,AT1G49720,AT1G08500,AT1G22530,AT1G64170,AT1G17020,AT1G21670,AT1G20840,AT2G31360,AT2G21660,AT2G36410,AT2G21130,AT1G70420,AT1G67370,AT2G15890,AT2G15960,AT2G15450,AT2G15880,AT2G25730,AT2G28120,AT2G02120,AT2G25930,AT2G39920	na
3	AT4G01280	At4g01280	9	na	PWM1200	CisBP	M1205_1.01	19	0.00005285937982841951	0.0055751098842562455	51	AT4G17490,AT4G17140,AT4G15270,AT5G64860,AT5G62360,AT5G54960,AT5G50450,AT5G48250,AT5G47455,AT5G40140,AT5G40180,AT5G37260,AT5G18540,AT5G17850,AT1G69940,AT5G06690,AT5G03720,AT3G59820,AT3G59350,AT3G53250,AT3G48360,AT3G47160,AT3G42090,AT4G33310,AT4G12750,AT4G02370,AT4G01130,AT4G01340,AT1G56300,AT3G11020,AT3G05880,AT3G10300,AT1G76590,AT1G17460,AT1G36940,AT1G08500,AT1G20840,AT2G31360,AT2G10460,AT2G05080,AT2G21660,AT2G40340,AT2G36410,AT2G21130,AT3G59720,AT1G67370,AT2G15960,AT2G25730,AT2G28120,AT2G25930,AT2G38465	na
3	AT2G46830	AtCCA1	2	63	PWM1555	PBM		2	4.313745139495389e-15	3.867272517557616e-12	75	AT4G14640,AT4G17140,AT4G15270,AT1G28330,AT5G16250,AT5G33380,AT5G26340,AT5G25620,AT5G67480,AT5G64860,AT5G62360,AT5G54960,AT5G50450,AT5G48250,AT5G44210,AT5G40180,AT5G37260,AT5G35735,AT5G24470,AT5G18540,AT5G12180,AT1G69940,AT5G06690,AT5G03720,AT5G03240,AT3G59350,AT3G53800,AT3G53250,AT3G50500,AT5G59570,AT3G42090,AT4G39090,AT4G33310,AT4G30680,AT4G28130,AT4G27440,AT4G26670,AT4G12750,AT4G05150,AT4G02370,AT4G01130,AT1G33970,AT1G56300,AT3G11020,AT3G28870,AT3G26740,AT3G04060,AT3G03170,AT3G10300,AT1G76590,AT1G80480,AT1G19370,AT1G20030,AT1G36940,AT1G49720,AT1G08500,AT1G53903,AT1G64170,AT1G17020,AT1G21670,AT1G20840,AT2G31360,AT2G21660,AT2G36410,AT2G21130,AT1G70420,AT2G17840,AT1G67370,AT2G15890,AT2G15960,AT2G15880,AT2G25730,AT2G02120,AT2G25930,AT2G37580	AT5G26340,AT5G26020,AT5G67480,AT5G64860,AT5G62360,AT5G54960,AT5G51570,AT5G50450,AT5G37260,AT5G35735,AT5G24470,AT5G18540,AT5G06690,AT5G03680,AT5G03240,AT3G62550,AT3G59350,AT3G53800,AT3G50500,AT3G50700,AT3G48360,AT3G47160,AT5G59570,AT4G39090,AT4G33310,AT4G27460,AT4G27440,AT4G26670,AT4G05150,AT4G03510,AT4G02370,AT1G19180,AT1G56300,AT3G11020,AT3G26740,AT3G25870,AT3G15630,AT3G16740,AT3G05880,AT3G04060,AT3G03470,AT1G02300,AT1G76590,AT1G80480,AT1G19370,AT1G20030,AT1G49720,AT1G22530,AT1G42420,AT1G21670,AT1G13990,AT1G20840,AT2G31360,AT2G40340,AT2G36410,AT2G21130,AT1G70420,AT2G17840,AT2G16660,AT2G15890,AT2G25730,AT2G25930,AT2G37580
3	AT2G46830	AtCCA1	2	63	PWM2571	JASPAR	MA0972.1	3	1.4441795726467165e-14	8.631379912518542e-12	74	AT4G17140,AT1G28330,AT5G09440,AT5G25620,AT5G67480,AT5G64860,AT5G62360,AT5G54960,AT5G50450,AT5G48250,AT5G47455,AT5G46520,AT5G44210,AT5G40140,AT5G40180,AT5G37260,AT5G24470,AT5G18540,AT5G17850,AT5G12180,AT5G06690,AT5G03720,AT3G59820,AT3G59350,AT3G53800,AT3G53250,AT3G50500,AT3G50130,AT3G48360,AT3G47160,AT5G59570,AT3G42090,AT4G30680,AT4G27440,AT4G26670,AT4G12750,AT4G05150,AT4G02370,AT4G01130,AT4G10250,AT1G56300,AT3G11020,AT3G28870,AT3G23230,AT3G05880,AT1G76590,AT1G80480,AT1G19370,AT1G17460,AT1G20030,AT1G36940,AT1G49720,AT1G08500,AT1G70920,AT1G64170,AT1G21670,AT1G20840,AT1G75750,AT2G31360,AT2G05080,AT2G21660,AT2G40340,AT2G36410,AT2G21130,AT1G70420,AT3G59720,AT2G17840,AT1G67370,AT2G15890,AT2G15960,AT2G25730,AT2G02120,AT2G25930,AT2G38465	AT5G26340,AT5G26020,AT5G67480,AT5G64860,AT5G62360,AT5G54960,AT5G51570,AT5G50450,AT5G37260,AT5G35735,AT5G24470,AT5G18540,AT5G06690,AT5G03680,AT5G03240,AT3G62550,AT3G59350,AT3G53800,AT3G50500,AT3G50700,AT3G48360,AT3G47160,AT5G59570,AT4G39090,AT4G33310,AT4G27460,AT4G27440,AT4G26670,AT4G05150,AT4G03510,AT4G02370,AT1G19180,AT1G56300,AT3G11020,AT3G26740,AT3G25870,AT3G15630,AT3G16740,AT3G05880,AT3G04060,AT3G03470,AT1G02300,AT1G76590,AT1G80480,AT1G19370,AT1G20030,AT1G49720,AT1G22530,AT1G42420,AT1G21670,AT1G13990,AT1G20840,AT2G31360,AT2G40340,AT2G36410,AT2G21130,AT1G70420,AT2G17840,AT2G16660,AT2G15890,AT2G25730,AT2G25930,AT2G37580
3	AT3G09600	At3g09600	2	na	PWM3310	DAP-seq	AT3G09600_col	4	4.7401246793946277e-14	2.1247608875386417e-11	73	AT4G14640,AT4G17140,AT1G28330,AT5G09440,AT5G26340,AT5G67480,AT5G64860,AT5G62360,AT5G54960,AT5G51570,AT5G50450,AT5G48250,AT5G47455,AT5G44210,AT5G40180,AT5G37260,AT5G24470,AT5G18540,AT5G17850,AT1G69940,AT5G06690,AT5G03720,AT3G62550,AT3G59820,AT3G59350,AT3G53800,AT3G53990,AT3G53250,AT3G50500,AT3G48360,AT3G47160,AT5G59570,AT3G42090,AT4G33310,AT4G27440,AT4G26670,AT4G12750,AT4G05150,AT4G02370,AT4G01130,AT1G56300,AT3G11020,AT3G28870,AT3G26740,AT3G05880,AT3G04060,AT1G02300,AT1G76590,AT1G80480,AT1G20030,AT1G36940,AT1G49720,AT1G08500,AT1G76280,AT1G53903,AT1G17020,AT1G21670,AT1G20840,AT1G75750,AT2G31360,AT2G21660,AT2G36410,AT2G21130,AT1G70420,AT2G17840,AT1G67370,AT2G15890,AT2G15960,AT2G15450,AT2G15880,AT2G25730,AT2G02120,AT2G39920	na
3	AT3G09600	At3g09600	2	na	PWM1199	CisBP	M1205_1.01	18	0.00005285937982841951	0.0055751098842562455	51	AT4G17490,AT4G17140,AT4G15270,AT5G64860,AT5G62360,AT5G54960,AT5G50450,AT5G48250,AT5G47455,AT5G40140,AT5G40180,AT5G37260,AT5G18540,AT5G17850,AT1G69940,AT5G06690,AT5G03720,AT3G59820,AT3G59350,AT3G53250,AT3G48360,AT3G47160,AT3G42090,AT4G33310,AT4G12750,AT4G02370,AT4G01130,AT4G01340,AT1G56300,AT3G11020,AT3G05880,AT3G10300,AT1G76590,AT1G17460,AT1G36940,AT1G08500,AT1G20840,AT2G31360,AT2G10460,AT2G05080,AT2G21660,AT2G40340,AT2G36410,AT2G21130,AT3G59720,AT1G67370,AT2G15960,AT2G25730,AT2G28120,AT2G25930,AT2G38465	na
3	AT2G28920	AT2G28920	2	na	PWM3436	DAP-seq	AT2G28920_col	5	1.5251249147389582e-13	5.4690979442539046e-11	72	AT4G17140,AT1G28330,AT5G14920,AT5G33380,AT5G26340,AT5G67480,AT5G64860,AT5G62360,AT5G54960,AT5G51570,AT5G50450,AT5G48250,AT5G47455,AT5G46520,AT5G44210,AT5G40140,AT5G40180,AT5G37260,AT5G35735,AT5G24470,AT5G18540,AT1G69940,AT5G06690,AT5G03720,AT3G62550,AT3G59350,AT3G59370,AT3G53800,AT3G53990,AT3G53250,AT3G50500,AT5G59570,AT3G42090,AT4G30680,AT4G28130,AT4G27440,AT4G26670,AT4G12750,AT4G05150,AT4G02370,AT4G01130,AT1G33970,AT1G56300,AT3G11020,AT3G28870,AT3G05880,AT3G03170,AT1G76590,AT1G80480,AT1G19370,AT1G26400,AT1G20030,AT1G36940,AT1G49720,AT1G08500,AT1G76280,AT1G70920,AT1G21670,AT1G20840,AT2G31360,AT2G21660,AT2G36410,AT2G21130,AT1G70420,AT2G17840,AT1G67370,AT2G15890,AT2G15960,AT2G15880,AT2G25730,AT2G02120,AT2G39920	na
3	AT5G52660	At5g52660	3	na	PWM3326	DAP-seq	AT5G52660_col	6	4.809627600259525e-13	1.437277047877555e-10	71	AT4G14640,AT4G17140,AT1G28330,AT5G09440,AT5G14920,AT5G33380,AT5G26340,AT5G67480,AT5G64860,AT5G62360,AT5G54960,AT5G51570,AT5G50450,AT5G48250,AT5G47455,AT5G40180,AT5G37260,AT5G24470,AT5G18540,AT1G69940,AT5G06690,AT5G03720,AT5G02860,AT3G62550,AT3G59350,AT3G53800,AT3G53990,AT3G53250,AT3G50500,AT3G47160,AT5G59570,AT3G42090,AT4G33310,AT4G28130,AT4G27440,AT4G26670,AT4G12750,AT4G05150,AT4G02370,AT4G01130,AT1G33970,AT1G56300,AT3G11020,AT3G28870,AT3G26740,AT3G23230,AT3G04130,AT3G05880,AT3G04060,AT1G76590,AT1G20030,AT1G36940,AT1G49720,AT1G08500,AT1G76280,AT1G17020,AT1G21670,AT1G20840,AT2G31360,AT2G21660,AT2G36410,AT2G21130,AT1G70420,AT1G67370,AT2G15890,AT2G15960,AT2G15450,AT2G15880,AT2G25730,AT2G02120,AT2G39920	na
3	AT5G52660	At5g52660	3	na	PWM1202	CisBP	M1205_1.01	21	0.00005285937982841951	0.0055751098842562455	51	AT4G17490,AT4G17140,AT4G15270,AT5G64860,AT5G62360,AT5G54960,AT5G50450,AT5G48250,AT5G47455,AT5G40140,AT5G40180,AT5G37260,AT5G18540,AT5G17850,AT1G69940,AT5G06690,AT5G03720,AT3G59820,AT3G59350,AT3G53250,AT3G48360,AT3G47160,AT3G42090,AT4G33310,AT4G12750,AT4G02370,AT4G01130,AT4G01340,AT1G56300,AT3G11020,AT3G05880,AT3G10300,AT1G76590,AT1G17460,AT1G36940,AT1G08500,AT1G20840,AT2G31360,AT2G10460,AT2G05080,AT2G21660,AT2G40340,AT2G36410,AT2G21130,AT3G59720,AT1G67370,AT2G15960,AT2G25730,AT2G28120,AT2G25930,AT2G38465	na
3	AT1G01060	LHY	1	na	PWM3338	DAP-seq	LHY1_col	7	4.809627600259525e-13	1.437277047877555e-10	71	AT4G14640,AT4G17140,AT1G28330,AT5G14920,AT5G33380,AT5G26340,AT5G67480,AT5G64860,AT5G62360,AT5G54960,AT5G51570,AT5G50450,AT5G48250,AT5G47455,AT5G46520,AT5G40140,AT5G40180,AT5G37260,AT5G35735,AT5G24470,AT5G18540,AT5G17850,AT1G69940,AT5G06690,AT5G03720,AT3G62550,AT3G59350,AT3G53800,AT3G53990,AT3G53250,AT3G50500,AT5G59570,AT3G42090,AT4G33310,AT4G28130,AT4G27440,AT4G26670,AT4G12750,AT4G05150,AT4G02370,AT4G01130,AT1G33970,AT1G56300,AT3G11020,AT3G28870,AT3G05880,AT3G03170,AT1G76590,AT1G80480,AT1G19370,AT1G26400,AT1G20030,AT1G36940,AT1G49720,AT1G08500,AT1G76280,AT1G64170,AT1G21670,AT1G20840,AT2G21660,AT2G36410,AT2G21130,AT1G70420,AT2G17840,AT1G67370,AT2G15890,AT2G15960,AT2G15880,AT2G25730,AT2G02120,AT2G39920	na
3	AT1G01060	LHY	1	na	PWM1020	CisBP	M1267_1.01	15	0.0000011860474053392613	0.00014177219985155303	56	AT4G17500,AT4G17140,AT1G51940,AT5G33380,AT5G26340,AT5G26020,AT5G25620,AT5G54960,AT5G48250,AT5G46520,AT5G44210,AT5G40180,AT5G12180,AT5G06690,AT3G59820,AT3G59350,AT3G53250,AT3G50130,AT3G49270,AT5G59570,AT4G39090,AT4G28130,AT4G27440,AT4G26670,AT4G03510,AT4G02370,AT4G01130,AT4G01340,AT4G00240,AT1G56300,AT3G28870,AT1G02300,AT1G76590,AT1G66310,AT1G80480,AT1G19370,AT1G20030,AT1G08500,AT1G22530,AT1G42420,AT1G20840,AT2G31360,AT2G10460,AT2G04990,AT2G05080,AT2G21660,AT2G40340,AT2G21130,AT1G70420,AT2G17840,AT1G67370,AT2G25730,AT2G28120,AT2G29500,AT2G02670,AT2G39920	na
3	AT1G18330	EPR1	13	na	PWM958	CisBP	M1219_1.01	8	4.809627600259525e-13	1.437277047877555e-10	71	AT4G17490,AT4G17500,AT4G17140,AT1G28330,AT5G09440,AT5G33380,AT5G26020,AT5G25620,AT5G62360,AT5G54960,AT5G51570,AT5G50450,AT5G50620,AT5G48250,AT5G46520,AT5G44210,AT5G40180,AT5G24470,AT5G18540,AT5G17850,AT5G12180,AT5G06690,AT5G03720,AT3G62550,AT3G59820,AT3G59350,AT3G53250,AT3G50130,AT5G59570,AT3G42090,AT4G39090,AT4G33280,AT4G30680,AT4G28130,AT4G27440,AT4G26670,AT4G12750,AT4G12080,AT4G03510,AT4G02370,AT4G01130,AT4G01340,AT1G48720,AT1G56300,AT3G11020,AT3G28870,AT1G52240,AT1G02300,AT1G76590,AT1G66310,AT1G80480,AT1G19370,AT1G20030,AT1G08500,AT1G21670,AT1G20840,AT2G31360,AT2G10920,AT2G10460,AT2G04990,AT2G05080,AT2G21660,AT2G40340,AT2G21130,AT1G70420,AT3G59720,AT1G67370,AT2G15890,AT2G25730,AT2G02120,AT2G39920	na
3	AT1G18330	EPR1	13	na	PWM3334	DAP-seq	EPR1_col	14	8.408075708528891e-10	1.0768342675280216e-7	64	AT4G14640,AT4G17140,AT1G28330,AT5G26340,AT5G67480,AT5G64860,AT5G62360,AT5G54960,AT5G50450,AT5G48250,AT5G40180,AT5G37260,AT5G35735,AT5G24470,AT5G18540,AT1G69940,AT5G06690,AT5G03720,AT3G62550,AT3G59350,AT3G53800,AT3G53990,AT3G50500,AT5G59570,AT3G42090,AT4G39090,AT4G33310,AT4G28130,AT4G26670,AT4G12750,AT4G05150,AT4G02370,AT4G01130,AT1G33970,AT1G56300,AT3G28870,AT3G26740,AT3G05880,AT3G04060,AT3G03170,AT3G10300,AT1G76590,AT1G80480,AT1G26400,AT1G20030,AT1G36940,AT1G49720,AT1G08500,AT1G76280,AT1G17020,AT1G21670,AT1G20840,AT1G75750,AT2G21660,AT2G36410,AT2G21130,AT1G70420,AT1G67370,AT2G15890,AT2G15960,AT2G15450,AT2G15880,AT2G25730,AT2G02120	na
3	AT3G10113	AT3G10113	15	na	PWM959	CisBP	M1219_1.01	9	4.809627600259525e-13	1.437277047877555e-10	71	AT4G17490,AT4G17500,AT4G17140,AT1G28330,AT5G09440,AT5G33380,AT5G26020,AT5G25620,AT5G62360,AT5G54960,AT5G51570,AT5G50450,AT5G50620,AT5G48250,AT5G46520,AT5G44210,AT5G40180,AT5G24470,AT5G18540,AT5G17850,AT5G12180,AT5G06690,AT5G03720,AT3G62550,AT3G59820,AT3G59350,AT3G53250,AT3G50130,AT5G59570,AT3G42090,AT4G39090,AT4G33280,AT4G30680,AT4G28130,AT4G27440,AT4G26670,AT4G12750,AT4G12080,AT4G03510,AT4G02370,AT4G01130,AT4G01340,AT1G48720,AT1G56300,AT3G11020,AT3G28870,AT1G52240,AT1G02300,AT1G76590,AT1G66310,AT1G80480,AT1G19370,AT1G20030,AT1G08500,AT1G21670,AT1G20840,AT2G31360,AT2G10920,AT2G10460,AT2G04990,AT2G05080,AT2G21660,AT2G40340,AT2G21130,AT1G70420,AT3G59720,AT1G67370,AT2G15890,AT2G25730,AT2G02120,AT2G39920	na
3	AT3G10113	AT3G10113	15	na	PWM3312	DAP-seq	AT3G10113_col	11	1.4864462133193426e-12	2.665198060481581e-10	70	AT4G14640,AT4G17140,AT1G28330,AT5G09440,AT5G26340,AT5G67480,AT5G64860,AT5G62360,AT5G54960,AT5G51570,AT5G50450,AT5G48250,AT5G46520,AT5G44210,AT5G37260,AT5G35735,AT5G24470,AT5G18540,AT5G17850,AT5G16560,AT1G69940,AT5G06690,AT3G62550,AT3G59350,AT3G53800,AT3G53990,AT3G53250,AT3G50500,AT5G59570,AT3G42090,AT4G33310,AT4G30680,AT4G27440,AT4G26670,AT4G12750,AT4G05150,AT4G01130,AT1G56300,AT3G11020,AT3G28870,AT3G26740,AT3G05880,AT3G04060,AT3G03170,AT3G10300,AT1G02300,AT1G76590,AT1G66310,AT1G80480,AT1G20030,AT1G49720,AT1G08500,AT1G76280,AT1G70920,AT1G21670,AT1G20840,AT1G75750,AT2G31360,AT2G21660,AT2G36410,AT2G21130,AT1G70420,AT1G67370,AT2G15960,AT2G15450,AT2G15880,AT2G25730,AT2G02120,AT2G38465,AT2G39920	na
3	AT5G17300	RVE1	1	na	PWM1556	PBM		10	1.4864462133193426e-12	2.665198060481581e-10	70	AT4G17140,AT4G15270,AT1G28330,AT5G33380,AT5G26340,AT5G67480,AT5G64860,AT5G62360,AT5G54960,AT5G48250,AT5G44210,AT5G40180,AT5G37260,AT5G35735,AT5G18540,AT1G69940,AT5G06690,AT5G03240,AT5G02860,AT3G62550,AT3G59820,AT3G59350,AT3G53800,AT3G53250,AT3G47160,AT5G59570,AT3G42090,AT4G39090,AT4G33310,AT4G28130,AT4G26670,AT4G12750,AT4G05150,AT4G02370,AT4G01130,AT1G33970,AT1G56300,AT3G28870,AT1G52240,AT3G04130,AT3G04060,AT3G03170,AT3G10300,AT1G76590,AT1G80480,AT1G19370,AT1G20030,AT1G36940,AT1G49720,AT1G08500,AT1G22530,AT1G53903,AT1G64170,AT1G17020,AT1G21670,AT1G20840,AT2G31360,AT2G21660,AT2G40340,AT2G36410,AT2G21130,AT1G70420,AT1G67370,AT2G15890,AT2G15960,AT2G15880,AT2G25730,AT2G28120,AT2G25930,AT2G37580	na
3	AT5G17300	RVE1	1	na	PWM3340	DAP-seq	RVE1_col	12	4.5015074318436925e-12	6.726002354413118e-10	69	AT4G14640,AT4G17140,AT1G28330,AT5G09440,AT5G26340,AT5G67480,AT5G64860,AT5G62360,AT5G54960,AT5G51570,AT5G50450,AT5G48250,AT5G44210,AT5G37260,AT5G35735,AT5G24470,AT5G18540,AT5G17850,AT1G69940,AT5G06690,AT5G03720,AT3G62550,AT3G59820,AT3G59350,AT3G53800,AT3G53990,AT3G53250,AT3G50500,AT5G59570,AT3G42090,AT4G33310,AT4G28130,AT4G27440,AT4G26670,AT4G12750,AT4G05150,AT4G01130,AT1G33970,AT1G56300,AT3G11020,AT3G28870,AT3G26740,AT3G05880,AT3G03170,AT3G10300,AT1G02300,AT1G76590,AT1G66310,AT1G80480,AT1G20030,AT1G49720,AT1G08500,AT1G76280,AT1G70920,AT1G21670,AT1G20840,AT1G75750,AT2G31360,AT2G21660,AT2G36410,AT2G21130,AT1G70420,AT1G67370,AT2G15890,AT2G15960,AT2G15880,AT2G25730,AT2G38465,AT2G39920	na
3	AT5G02840	LCL1	3	0	PWM3336	DAP-seq	LCL1_col	13	1.1050257893995306e-10	1.5240855695333526e-8	66	AT4G17500,AT4G14640,AT4G17140,AT1G28330,AT5G14920,AT5G33380,AT5G26340,AT5G67480,AT5G64860,AT5G62360,AT5G54960,AT5G50450,AT5G48250,AT5G40180,AT5G37260,AT5G35735,AT5G24470,AT5G18540,AT1G69940,AT5G06690,AT5G03720,AT5G02860,AT3G62550,AT3G59350,AT3G53800,AT3G53990,AT3G50500,AT3G48360,AT5G59570,AT3G42090,AT4G33310,AT4G28130,AT4G26670,AT4G12750,AT4G05150,AT4G02370,AT4G01130,AT1G33970,AT1G56300,AT3G28870,AT3G26740,AT3G23230,AT3G05880,AT3G04060,AT3G03170,AT1G76590,AT1G26400,AT1G20030,AT1G36940,AT1G49720,AT1G08500,AT1G76280,AT1G64170,AT1G17020,AT1G21670,AT1G20840,AT2G21660,AT2G36410,AT1G70420,AT1G67370,AT2G15890,AT2G15960,AT2G15450,AT2G15880,AT2G25730,AT2G02120	
3	AT5G02840	LCL1	3	0	PWM1201	CisBP	M1205_1.01	20	0.00005285937982841951	0.0055751098842562455	51	AT4G17490,AT4G17140,AT4G15270,AT5G64860,AT5G62360,AT5G54960,AT5G50450,AT5G48250,AT5G47455,AT5G40140,AT5G40180,AT5G37260,AT5G18540,AT5G17850,AT1G69940,AT5G06690,AT5G03720,AT3G59820,AT3G59350,AT3G53250,AT3G48360,AT3G47160,AT3G42090,AT4G33310,AT4G12750,AT4G02370,AT4G01130,AT4G01340,AT1G56300,AT3G11020,AT3G05880,AT3G10300,AT1G76590,AT1G17460,AT1G36940,AT1G08500,AT1G20840,AT2G31360,AT2G10460,AT2G05080,AT2G21660,AT2G40340,AT2G36410,AT2G21130,AT3G59720,AT1G67370,AT2G15960,AT2G25730,AT2G28120,AT2G25930,AT2G38465	
3	AT5G37260	CIR1	1	na	PWM1021	CisBP	M1267_1.01	16	0.0000011860474053392613	0.00014177219985155303	56	AT4G17500,AT4G17140,AT1G51940,AT5G33380,AT5G26340,AT5G26020,AT5G25620,AT5G54960,AT5G48250,AT5G46520,AT5G44210,AT5G40180,AT5G12180,AT5G06690,AT3G59820,AT3G59350,AT3G53250,AT3G50130,AT3G49270,AT5G59570,AT4G39090,AT4G28130,AT4G27440,AT4G26670,AT4G03510,AT4G02370,AT4G01130,AT4G01340,AT4G00240,AT1G56300,AT3G28870,AT1G02300,AT1G76590,AT1G66310,AT1G80480,AT1G19370,AT1G20030,AT1G08500,AT1G22530,AT1G42420,AT1G20840,AT2G31360,AT2G10460,AT2G04990,AT2G05080,AT2G21660,AT2G40340,AT2G21130,AT1G70420,AT2G17840,AT1G67370,AT2G25730,AT2G28120,AT2G29500,AT2G02670,AT2G39920	na
3	AT1G01520	ASG4	1	na	PWM1198	CisBP	M1205_1.01	17	0.00005285937982841951	0.0055751098842562455	51	AT4G17490,AT4G17140,AT4G15270,AT5G64860,AT5G62360,AT5G54960,AT5G50450,AT5G48250,AT5G47455,AT5G40140,AT5G40180,AT5G37260,AT5G18540,AT5G17850,AT1G69940,AT5G06690,AT5G03720,AT3G59820,AT3G59350,AT3G53250,AT3G48360,AT3G47160,AT3G42090,AT4G33310,AT4G12750,AT4G02370,AT4G01130,AT4G01340,AT1G56300,AT3G11020,AT3G05880,AT3G10300,AT1G76590,AT1G17460,AT1G36940,AT1G08500,AT1G20840,AT2G31360,AT2G10460,AT2G05080,AT2G21660,AT2G40340,AT2G36410,AT2G21130,AT3G59720,AT1G67370,AT2G15960,AT2G25730,AT2G28120,AT2G25930,AT2G38465	na
3	AT3G14230	RAP2.2	2	0	PWM187	AthaMAP		22	0.00005285937982841951	0.0055751098842562455	51	AT4G17500,AT4G17140,AT4G16010,AT1G51940,AT5G26020,AT5G62360,AT5G50450,AT5G46520,AT5G44210,AT5G37260,AT5G35735,AT3G62550,AT3G53250,AT3G50700,AT4G33310,AT4G28130,AT4G27440,AT4G12080,AT4G05150,AT4G00240,AT1G48720,AT3G28870,AT3G26740,AT3G23230,AT3G25870,AT3G30585,AT3G05860,AT3G05880,AT3G04010,AT3G10300,AT1G20030,AT1G36940,AT1G01640,AT1G49720,AT1G50040,AT1G22420,AT1G42420,AT1G70920,AT2G31360,AT2G10460,AT2G04990,AT2G21660,AT1G70420,AT3G59720,AT2G15890,AT2G15450,AT2G28120,AT2G02120,AT2G34580,AT2G37580,AT2G02670	
3	AT5G03790	ATHB51	1	na	PWM3141	DAP-seq	LMI1_col	23	0.00010522561125382857	0.008203022651222375	50	AT2G07712,AT4G17500,AT5G09440,AT5G27280,AT5G26340,AT5G62360,AT5G53770,AT5G51570,AT5G50450,AT5G48250,AT5G39130,AT5G16560,AT5G03720,AT5G02860,AT3G59350,AT3G53990,AT3G53250,AT3G50500,AT3G48360,AT4G19690,AT4G05150,AT1G33970,AT1G19180,AT1G48720,AT3G28810,AT3G12850,AT3G26740,AT3G04130,AT3G04060,AT1G02320,AT1G66390,AT1G26400,AT1G36940,AT1G50040,AT1G76280,AT1G53903,AT1G42420,AT1G64170,AT1G21670,AT1G13990,AT1G20840,AT2G31360,AT2G10920,AT2G05080,AT2G36410,AT3G59720,AT1G67370,AT2G25730,AT2G25930,AT2G37580	na
3	AT1G26960	AtHB23	0	0	PWM968	CisBP	M1802_1.01	24	0.00010522561125382857	0.008203022651222375	50	AT4G17500,AT4G16260,AT5G16250,AT5G33380,AT5G26790,AT5G26340,AT5G25620,AT5G66230,AT5G64860,AT5G44210,AT5G16560,AT5G09840,AT3G59350,AT3G59370,AT3G52770,AT3G50500,AT3G48360,AT3G43430,AT4G33310,AT4G27460,AT4G27670,AT4G26670,AT4G19690,AT4G12080,AT4G00240,AT1G19180,AT1G48720,AT3G15630,AT3G30585,AT3G04130,AT3G07860,AT3G04010,AT3G03170,AT1G02300,AT1G20530,AT1G66390,AT1G76280,AT1G22530,AT1G53903,AT1G42420,AT1G64170,AT1G21670,AT1G13990,AT1G20840,AT2G05080,AT2G21130,AT1G67370,AT2G15890,AT2G25730,AT3G18340	
3	AT1G69780	ATHB13	0	0	PWM969	CisBP	M1802_1.01	25	0.00010522561125382857	0.008203022651222375	50	AT4G17500,AT4G16260,AT5G16250,AT5G33380,AT5G26790,AT5G26340,AT5G25620,AT5G66230,AT5G64860,AT5G44210,AT5G16560,AT5G09840,AT3G59350,AT3G59370,AT3G52770,AT3G50500,AT3G48360,AT3G43430,AT4G33310,AT4G27460,AT4G27670,AT4G26670,AT4G19690,AT4G12080,AT4G00240,AT1G19180,AT1G48720,AT3G15630,AT3G30585,AT3G04130,AT3G07860,AT3G04010,AT3G03170,AT1G02300,AT1G20530,AT1G66390,AT1G76280,AT1G22530,AT1G53903,AT1G42420,AT1G64170,AT1G21670,AT1G13990,AT1G20840,AT2G05080,AT2G21130,AT1G67370,AT2G15890,AT2G25730,AT3G18340	
3	AT3G01220	ATHB20	9	na	PWM970	CisBP	M1802_1.01	26	0.00010522561125382857	0.008203022651222375	50	AT4G17500,AT4G16260,AT5G16250,AT5G33380,AT5G26790,AT5G26340,AT5G25620,AT5G66230,AT5G64860,AT5G44210,AT5G16560,AT5G09840,AT3G59350,AT3G59370,AT3G52770,AT3G50500,AT3G48360,AT3G43430,AT4G33310,AT4G27460,AT4G27670,AT4G26670,AT4G19690,AT4G12080,AT4G00240,AT1G19180,AT1G48720,AT3G15630,AT3G30585,AT3G04130,AT3G07860,AT3G04010,AT3G03170,AT1G02300,AT1G20530,AT1G66390,AT1G76280,AT1G22530,AT1G53903,AT1G42420,AT1G64170,AT1G21670,AT1G13990,AT1G20840,AT2G05080,AT2G21130,AT1G67370,AT2G15890,AT2G25730,AT3G18340	na
3	AT2G36270	ABI5	8	42	PWM2904	DAP-seq	ABI5_col	27	0.0002044633746044448	0.013577882617250722	49	AT4G17490,AT4G16010,AT4G15270,AT1G28330,AT5G09440,AT5G26020,AT5G62480,AT5G54960,AT5G47455,AT5G40140,AT5G37260,AT5G24470,AT5G03720,AT5G02860,AT3G49270,AT3G48360,AT5G59570,AT3G42090,AT4G33310,AT4G27460,AT4G27440,AT4G25140,AT4G12080,AT4G03510,AT4G01130,AT1G48720,AT3G11020,AT1G75200,AT3G16330,AT3G26740,AT3G23230,AT3G25870,AT3G15630,AT3G04130,AT3G04060,AT3G02040,AT3G03470,AT2G41730,AT1G17460,AT1G20030,AT1G42420,AT1G21670,AT2G40340,AT2G21130,AT1G79110,AT1G70420,AT2G15960,AT2G25730,AT2G38465	AT4G17500,AT1G28330,AT5G09440,AT5G14920,AT5G26340,AT5G67480,AT5G62480,AT5G54960,AT5G40140,AT5G37260,AT5G24470,AT5G17850,AT5G02860,AT3G53990,AT3G47160,AT5G59570,AT4G39090,AT4G25140,AT4G21170,AT4G02370,AT1G19180,AT1G56300,AT3G12510,AT3G11020,AT3G25870,AT3G03170,AT1G77730,AT1G76590,AT1G66390,AT1G20030,AT1G49720,AT1G08500,AT1G42420,AT1G70920,AT1G21670,AT1G13370,AT2G21130,AT1G79110,AT1G70420,AT2G17840,AT2G29500,AT2G38465
3	AT2G46270	GBF3	3	122	PWM2930	DAP-seq	GBF3_col	28	0.0002044633746044448	0.013577882617250722	49	AT4G17490,AT4G16010,AT4G15270,AT1G28330,AT5G09440,AT5G27280,AT5G26020,AT5G62480,AT5G54960,AT5G47455,AT5G40140,AT5G37260,AT5G24470,AT5G03720,AT5G02860,AT3G49270,AT3G48360,AT5G59570,AT3G42090,AT4G39090,AT4G33310,AT4G27440,AT4G25140,AT4G12080,AT4G03510,AT4G01130,AT1G48720,AT1G75200,AT3G16330,AT3G23230,AT3G15630,AT3G04130,AT3G04060,AT3G02040,AT3G03170,AT3G03470,AT1G17460,AT1G20030,AT1G42420,AT1G70920,AT1G21670,AT2G40340,AT1G79110,AT1G22770,AT1G51380,AT2G15960,AT2G25730,AT2G25930,AT2G38465	AT4G17490,AT4G17500,AT4G14640,AT4G16260,AT4G17140,AT4G15270,AT1G28330,AT5G09440,AT1G51940,AT5G15840,AT5G14920,AT5G27280,AT5G26790,AT5G26340,AT5G26020,AT5G25620,AT5G67480,AT5G64860,AT5G62480,AT5G62360,AT5G60250,AT5G59720,AT5G54960,AT5G54050,AT5G50450,AT5G46520,AT5G44210,AT5G40140,AT5G37260,AT5G35735,AT5G24470,AT5G18540,AT5G16560,AT5G09840,AT5G06690,AT5G03680,AT5G03720,AT5G03240,AT5G02860,AT3G59820,AT3G59350,AT3G53800,AT3G53990,AT3G53250,AT3G52770,AT3G50700,AT3G50130,AT3G49270,AT3G48360,AT3G47160,AT5G59570,AT3G43430,AT4G39090,AT4G28130,AT4G27460,AT4G27440,AT4G26670,AT4G21170,AT4G19690,AT4G12080,AT4G05150,AT4G03320,AT4G01130,AT4G10250,AT1G22130,AT1G19180,AT1G48720,AT1G56300,AT3G12510,AT3G11020,AT3G13782,AT1G52240,AT3G16330,AT3G12850,AT3G23230,AT3G25870,AT3G15630,AT3G16740,AT3G05860,AT3G04010,AT3G04060,AT3G02040,AT3G03170,AT3G06360,AT3G03470,AT3G10300,AT1G02320,AT1G77730,AT1G76590,AT1G66390,AT2G41730,AT1G19370,AT1G20030,AT1G36940,AT1G49720,AT1G50040,AT1G08500,AT1G22530,AT1G22420,AT1G42420,AT1G70920,AT1G64220,AT1G21670,AT1G20840,AT1G13370,AT2G31360,AT2G21660,AT2G40340,AT2G36410,AT2G21130,AT1G79110,AT1G70420,AT2G17840,AT2G16660,AT2G15890,AT2G15880,AT2G25730,AT2G28120,AT2G29500,AT2G25930,AT2G38465,AT2G37580
3	AT1G32150	AtbZIP68	0	0	PWM2927	DAP-seq	BZIP68_col	29	0.0003877041211877672	0.023970809975505745	48	AT4G17490,AT4G16010,AT4G15270,AT1G28330,AT5G09440,AT5G27280,AT5G62480,AT5G54960,AT5G47455,AT5G40140,AT5G37260,AT5G24470,AT5G03720,AT5G02860,AT3G49270,AT3G48360,AT5G59570,AT3G42090,AT4G39090,AT4G33310,AT4G27440,AT4G25140,AT4G12080,AT4G03510,AT4G01130,AT1G48720,AT3G11020,AT1G75200,AT3G16330,AT3G26740,AT3G23230,AT3G15630,AT3G02040,AT3G03170,AT3G03470,AT1G17460,AT1G20030,AT1G42420,AT1G21670,AT1G13370,AT2G40340,AT1G79110,AT1G22770,AT1G70420,AT2G15960,AT2G25730,AT2G25930,AT2G38465	
3	AT2G18160	ATBZIP2	2	na	PWM2932	DAP-seq	GBF5_col	30	0.0007172523119400471	0.04286777984361681	47	AT4G17490,AT4G16010,AT4G15270,AT1G28330,AT5G27280,AT5G26020,AT5G62480,AT5G54960,AT5G47455,AT5G40140,AT5G37260,AT5G24470,AT5G03720,AT5G02860,AT3G50700,AT3G48360,AT5G59570,AT3G42090,AT4G39090,AT4G33310,AT4G27440,AT4G26670,AT4G09270,AT4G03510,AT4G01130,AT1G48720,AT1G75200,AT3G16330,AT3G15630,AT3G04130,AT3G04060,AT3G02040,AT3G03170,AT3G03470,AT1G26400,AT1G17460,AT1G20030,AT1G70920,AT1G21670,AT2G40340,AT1G79110,AT1G22770,AT1G51380,AT2G15960,AT2G25730,AT2G25930,AT2G38465	na
3	AT5G49450	AtbZIP1	15	0	PWM437	AthaMAP		31	0.0007172523119400471	0.04286777984361681	47	AT2G07712,AT4G17140,AT5G09440,AT5G26020,AT5G62480,AT5G62360,AT5G61160,AT5G50450,AT5G24470,AT5G16560,AT5G02860,AT3G59820,AT3G53800,AT3G49270,AT5G59570,AT3G42090,AT4G33310,AT4G28130,AT4G27460,AT4G27440,AT4G25140,AT4G12750,AT4G02370,AT4G01130,AT1G48720,AT1G56300,AT3G28290,AT3G28680,AT3G28190,AT3G26740,AT3G23230,AT3G15630,AT3G05860,AT3G02040,AT3G03470,AT1G19370,AT1G26400,AT1G42420,AT1G64170,AT2G31360,AT2G04990,AT1G79110,AT2G15890,AT2G28120,AT2G25930,AT2G26790,AT2G39920	
4	AT4G11660	AT-HSFB2B	151	na	PWM3172	DAP-seq	HSF7_col	1	3.807756359980469e-35	6.827307153444981e-32	248	ATMG00640,ATMG00630,ATMG00160,AT3G29810,AT1G44414,AT4G15420,AT4G15660,AT4G14270,AT1G28170,AT5G22060,AT5G04340,AT1G73480,AT1G57820,AT5G13080,AT1G58170,AT5G15800,AT5G35320,AT5G25450,AT5G66880,AT5G65390,AT5G64710,AT5G62910,AT5G62920,AT5G62730,AT5G62430,AT5G62020,AT5G58590,AT5G58787,AT5G55970,AT5G56010,AT5G56030,AT5G56110,AT5G53400,AT5G52570,AT5G52640,AT5G52020,AT5G51440,AT5G49700,AT5G49450,AT5G48570,AT5G47830,AT5G47160,AT5G35600,AT5G24660,AT5G23480,AT5G22390,AT5G18340,AT5G17300,AT5G12020,AT5G12110,AT5G11680,AT5G12030,AT5G09590,AT5G09930,AT5G06820,AT5G05410,AT5G03740,AT5G02490,AT5G02500,AT5G02020,AT5G02430,AT3G63310,AT3G63340,AT3G63350,AT3G60940,AT3G57880,AT3G53230,AT3G51910,AT3G50560,AT3G49480,AT3G46230,AT3G45280,AT3G44110,AT3G42900,AT3G42930,AT3G42250,AT3G42080,AT4G36000,AT4G36040,AT4G33660,AT4G31870,AT4G30450,AT4G30490,AT4G30230,AT4G29770,AT4G29330,AT4G29140,AT4G27652,AT4G27657,AT4G26780,AT4G25200,AT4G25340,AT4G23885,AT4G23570,AT4G23680,AT4G22670,AT4G22740,AT4G21050,AT4G12400,AT4G11660,AT4G11220,AT4G09150,AT4G08190,AT4G07350,AT4G04590,AT4G03710,AT4G02980,AT4G00940,AT1G32010,AT4G10240,AT3G12580,AT2G01029,AT1G66510,AT1G33500,AT1G42580,AT1G66080,AT1G66090,AT3G31300,AT3G32280,AT3G12050,AT3G30660,AT3G23990,AT3G13470,AT3G14200,AT3G28120,ATMG01360,ATMG00060,AT3G25230,AT3G17110,AT3G14620,AT3G24500,AT3G18180,AT3G15770,AT3G22840,AT3G16050,AT3G17611,AT3G08690,AT3G10800,AT3G07090,AT3G03270,AT3G09440,AT3G08970,AT3G09350,AT3G03520,AT3G07770,AT3G03840,AT3G03830,AT1G55300,AT1G60980,AT1G72660,AT1G41797,AT1G30070,AT1G68840,AT1G35480,AT1G66380,AT1G74310,AT1G10970,AT1G43755,AT1G21910,AT1G21550,AT2G12100,AT1G07410,AT1G07350,AT1G19610,AT1G32850,AT1G05920,AT1G26800,AT1G41860,AT1G21120,AT1G01060,AT1G01940,AT1G18330,AT1G32680,AT1G47780,AT1G15550,AT1G37060,AT1G33830,AT1G33813,AT1G35660,AT1G79920,AT1G59590,AT1G56170,AT1G52560,AT1G42410,AT1G71000,AT2G48140,AT1G50220,AT1G31280,AT1G31335,AT1G14200,AT1G62740,AT1G13200,AT1G13080,AT1G59860,AT1G54050,AT1G03070,AT2G15310,AT2G47180,AT2G03890,AT2G20560,AT2G07675,AT2G42640,AT2G21650,AT2G25230,AT2G21940,AT2G36460,AT2G36030,AT2G36080,AT2G12990,AT5G19015,AT1G09140,AT1G70300,AT2G25090,AT2G25140,AT1G10230,AT1G65490,AT1G61340,AT1G77000,AT1G27090,AT1G55530,AT1G62510,AT1G31040,ATMG00430,AT2G07714,AT2G20940,AT2G15790,AT2G07550,AT2G14230,AT2G32120,AT2G32140,AT2G15120,AT2G24100,AT2G07736,AT2G27580,AT2G29450,AT2G38510,AT2G23970,AT2G46240,AT2G35570,AT2G03160,AT2G30000,AT2G26150,AT2G41160,AT2G23110,AT2G19320,AT2G19310,AT2G30480,AT2G30640	na
4	AT2G01818	AT2G01818	10	na	PWM3443	DAP-seq	AT2G01818_col	2	8.101341555007482e-34	7.262852704064207e-31	245	ATMG00640,ATMG00630,ATMG00160,AT2G26520,AT2G33160,AT3G29810,AT4G15420,AT4G15680,AT4G15660,AT4G14270,AT1G28170,AT5G22060,AT5G04340,AT1G73480,AT1G57820,AT5G13080,AT5G19875,AT1G58170,AT5G35320,AT5G25450,AT5G66880,AT5G65390,AT5G64710,AT5G64170,AT5G62920,AT5G62730,AT5G62430,AT5G62020,AT5G59820,AT5G58590,AT5G58787,AT5G57660,AT5G55970,AT5G56010,AT5G56030,AT5G56110,AT5G53400,AT5G52760,AT5G52640,AT5G52020,AT5G51440,AT5G48570,AT5G47830,AT5G47160,AT5G44120,AT5G37030,AT5G35600,AT5G24660,AT5G23480,AT5G22390,AT5G22410,AT5G18160,AT5G18340,AT5G17300,AT5G16600,AT5G12020,AT5G12110,AT5G12030,AT5G09590,AT5G09930,AT5G05410,AT5G03740,AT5G02490,AT5G02500,AT5G02020,AT5G02430,AT3G63310,AT3G63340,AT3G63350,AT3G60940,AT3G57810,AT3G57880,AT3G53230,AT3G51910,AT3G50560,AT3G49480,AT3G47420,AT3G46230,AT3G45280,AT3G44110,AT3G42930,AT3G42250,AT3G42080,AT4G36000,AT4G36040,AT4G34510,AT4G33660,AT4G30490,AT4G30230,AT4G29770,AT4G29330,AT4G29140,AT4G27652,AT4G26780,AT4G25200,AT4G23885,AT4G23570,AT4G23680,AT4G22670,AT4G22740,AT4G19430,AT4G12400,AT4G11660,AT4G11220,AT4G09150,AT4G07750,AT4G07350,AT4G04590,AT4G03840,AT4G03710,AT4G02980,AT4G00940,AT1G32010,AT4G10240,AT3G12580,AT3G12320,AT2G01029,AT1G66510,AT1G33500,AT1G42580,AT1G66080,AT1G66090,AT3G12050,AT3G30660,AT3G23990,AT3G13470,AT3G14200,AT3G19270,AT3G20180,ATMG01360,ATMG00060,AT1G23570,AT3G25230,AT3G17110,AT3G23150,AT3G14620,AT3G24500,AT3G15770,AT3G16050,AT3G17611,AT3G02380,AT3G08690,AT3G10800,AT3G07150,AT3G07090,AT3G09440,AT3G08970,AT3G07350,AT3G09350,AT3G03520,AT3G07770,AT3G03840,AT3G03830,AT1G01520,AT1G55300,AT1G60980,AT1G72660,AT1G41797,AT1G30070,AT1G68840,AT1G73260,AT1G74310,AT1G10970,AT1G19530,AT1G21910,AT1G21550,AT1G07410,AT1G07350,AT1G62940,AT1G32850,AT1G05920,AT1G26800,AT1G41860,AT1G21120,AT1G18330,AT1G32680,AT1G37060,AT1G33830,AT1G35660,AT1G79920,AT1G59590,AT1G56170,AT1G52560,AT1G42410,AT1G71000,AT2G48140,AT1G64200,AT1G50220,AT1G31280,AT1G31335,AT1G14200,AT1G62740,AT1G13200,AT1G13080,AT1G59860,AT1G54050,AT1G03070,AT2G15310,AT2G47180,AT2G03890,AT2G05090,AT2G20560,AT2G07675,ATMG00920,AT2G42640,AT2G21650,AT2G25230,AT2G21940,AT2G36460,AT2G36030,AT2G36080,AT5G19015,AT1G09140,AT1G70300,AT2G25090,AT2G25140,AT1G10230,AT1G27090,AT1G55530,AT1G62510,ATMG00430,AT2G07714,AT2G20940,AT2G15790,AT2G07550,AT2G14230,AT2G32120,AT2G32140,AT2G15120,AT2G24100,AT2G27580,AT2G29450,AT2G38510,AT2G31080,AT2G46240,AT2G35570,AT2G03160,AT2G30000,AT2G26150,AT2G41160,AT2G23110,AT2G19320,AT2G19310,AT2G30480,AT2G30640	na
4	AT1G23810	AT1G23810	26	na	PWM3440	DAP-seq	AT1G23810_col	3	6.040685760705203e-33	3.610316522981476e-30	243	ATMG00630,ATMG00160,AT3G29810,AT4G15420,AT4G15680,AT4G14270,AT1G28170,AT5G22060,AT5G04340,AT1G73480,AT1G57820,AT5G13080,AT5G19875,AT1G58170,AT5G35320,AT5G25450,AT5G66880,AT5G65390,AT5G64170,AT5G62910,AT5G62920,AT5G62730,AT5G62430,AT5G62020,AT5G59820,AT5G58590,AT5G55970,AT5G56010,AT5G56030,AT5G56110,AT5G53400,AT5G52570,AT5G52760,AT5G52640,AT5G52020,AT5G51440,AT5G49700,AT5G49450,AT5G48570,AT5G48540,AT5G47830,AT5G47160,AT5G44120,AT5G36910,AT5G37030,AT5G35600,AT5G24660,AT5G23480,AT5G22390,AT5G22410,AT5G18340,AT5G17300,AT5G12020,AT5G12110,AT5G12030,AT5G09590,AT5G09930,AT5G06820,AT5G05410,AT5G03740,AT5G02490,AT5G02500,AT5G02020,AT5G02430,AT3G63340,AT3G63350,AT3G59060,AT3G57810,AT3G57880,AT3G53230,AT3G51910,AT3G50560,AT3G49480,AT3G46230,AT3G45280,AT3G44110,AT3G42930,AT3G42350,AT3G42080,AT4G39235,AT4G36000,AT4G36040,AT4G34510,AT4G33660,AT4G30490,AT4G30230,AT4G29770,AT4G29330,AT4G29140,AT4G27652,AT4G26780,AT4G25200,AT4G25340,AT4G23885,AT4G23570,AT4G23680,AT4G22670,AT4G22740,AT4G12400,AT4G11660,AT4G11700,AT4G11220,AT4G09150,AT4G07350,AT4G04590,AT4G03810,AT4G03710,AT4G02980,AT4G00940,AT1G32010,AT4G10240,AT3G12580,AT2G01029,AT1G66510,AT1G33500,AT1G42580,AT1G66080,AT1G66090,AT3G31300,AT3G12050,AT3G30660,AT3G23990,AT3G13470,AT3G14200,AT3G28120,ATMG01360,ATMG00060,AT1G50720,AT3G13310,AT3G25230,AT3G17110,AT3G14620,AT3G24500,AT3G16050,AT3G17611,AT3G02380,AT3G08690,AT3G10800,AT3G07150,AT3G07090,AT3G03270,AT3G09440,AT3G08970,AT3G09350,AT3G03520,AT3G07770,AT3G03840,AT3G03830,AT1G55300,AT1G60980,AT1G72660,AT1G41797,AT1G68840,AT1G73260,AT1G35480,AT1G66380,AT1G74310,AT1G10970,AT1G43755,AT1G21910,AT1G21550,AT1G07500,AT1G07410,AT1G07350,AT1G62940,AT1G05920,AT1G26800,AT1G41860,AT1G21120,AT1G18330,AT1G32680,AT1G47780,AT1G15550,AT1G37060,AT1G33830,AT1G35660,AT1G35490,AT1G79920,AT1G59590,AT1G56170,AT1G52560,AT1G42410,AT1G71000,AT2G48140,AT1G73050,AT1G50220,AT1G31280,AT1G31335,AT1G14200,AT1G13200,AT1G13080,AT1G59860,AT1G54050,AT1G03070,AT2G47180,AT2G03890,AT2G20560,AT2G42640,AT2G21650,AT2G25230,AT2G21940,AT2G36460,AT2G36030,AT2G36080,AT2G12990,AT5G19015,AT1G09140,AT1G70300,AT2G25090,AT2G25140,AT1G10230,AT1G65490,AT1G61340,AT1G27090,AT1G55530,AT1G62510,AT1G31040,ATMG00430,AT2G20940,AT2G37170,AT2G15790,AT2G07550,AT2G14230,AT2G32120,AT2G32140,AT2G15120,AT2G19580,AT2G24100,AT2G27580,AT2G29450,AT2G38510,AT2G23970,AT2G46240,AT2G35570,AT2G03160,AT2G30000,AT2G26150,AT2G41160,AT2G23110,AT2G19320,AT2G19310,AT2G30480,AT2G30600	na
4	AT3G02990	ATHSFA1E	50	0	PWM3174	DAP-seq	HSFA1E_col	4	8.270163056428655e-31	3.7071005900441447e-28	238	ATMG00630,AT2G26520,AT3G29810,AT4G17250,AT4G15420,AT4G15680,AT4G15660,AT4G15430,AT4G14270,AT1G28170,AT5G22060,AT5G04340,AT1G32090,AT1G57820,AT5G13080,AT5G13170,AT5G19875,AT5G25450,AT5G66880,AT5G65390,AT5G64170,AT5G62910,AT5G62920,AT5G62730,AT5G62430,AT5G62020,AT5G59080,AT5G58590,AT5G57660,AT5G55970,AT5G56010,AT5G56030,AT5G53400,AT5G52760,AT5G52640,AT5G52020,AT5G51440,AT5G49700,AT5G48570,AT5G47830,AT5G47160,AT5G44120,AT5G37030,AT5G35600,AT5G23480,AT5G22390,AT5G22410,AT5G18340,AT5G17300,AT5G12020,AT5G12110,AT5G12030,AT5G09590,AT5G09930,AT5G05410,AT5G03740,AT5G02490,AT5G02430,AT3G63310,AT3G63340,AT3G63350,AT3G59060,AT3G57810,AT3G57880,AT3G53230,AT3G51910,AT3G50560,AT3G49480,AT3G47420,AT3G46230,AT3G45280,AT3G44110,AT3G42900,AT3G42930,AT3G42250,AT3G42080,AT4G39235,AT4G36000,AT4G34510,AT4G33660,AT4G30450,AT4G30490,AT4G30230,AT4G29770,AT4G29330,AT4G29140,AT4G27652,AT4G27657,AT4G26780,AT4G25200,AT4G23885,AT4G23570,AT4G23680,AT4G22670,AT4G22740,AT4G12410,AT4G12400,AT4G11660,AT4G11220,AT4G09150,AT4G07750,AT4G07350,AT4G04590,AT4G03810,AT4G03710,AT4G02980,AT4G00940,AT2G33590,AT4G10240,AT3G12580,AT3G12320,AT5G43620,AT1G66510,AT1G33500,AT1G42580,AT1G66080,AT1G66090,AT3G28740,AT3G28270,AT3G12050,AT3G23990,AT3G13470,AT3G14200,AT3G20180,ATMG01360,ATMG00060,AT3G13310,AT3G25230,AT3G17110,AT3G14620,AT3G24500,AT3G15770,AT3G16050,AT3G17611,AT3G02380,AT3G06660,AT3G08690,AT3G10800,AT3G07150,AT3G03270,AT3G09440,AT3G08970,AT3G03520,AT3G09020,AT3G07770,AT3G03840,AT3G03830,AT1G55300,AT1G60980,AT1G72660,AT1G73260,AT1G35480,AT1G66380,AT1G74310,AT1G10970,AT1G19530,AT1G21910,AT1G43880,AT1G07500,AT1G07410,AT1G07350,AT1G62940,AT1G19610,AT1G05920,AT1G26800,AT1G21120,AT1G18330,AT1G32680,AT1G47780,AT1G37060,AT1G33830,AT1G35660,AT1G79920,AT1G56170,AT1G52560,AT1G42410,AT1G71000,AT2G48140,AT1G50220,AT1G31280,AT1G31335,AT1G14200,AT1G62740,AT1G75940,AT1G13200,AT1G13130,AT1G13080,AT1G59860,AT1G54050,AT1G03070,AT2G47180,AT2G03890,AT2G05090,AT2G20560,ATMG00940,ATMG00920,AT2G42640,AT2G21650,AT2G25230,AT2G21940,AT2G36460,AT2G36030,AT2G36050,AT2G36080,AT5G19015,AT1G09140,AT1G70300,AT2G25090,AT2G25140,AT1G10230,AT1G65490,AT1G27090,AT1G55530,AT1G62510,AT2G07714,AT2G20940,AT2G15790,AT2G06020,AT2G07550,AT2G14230,AT2G32120,AT2G32140,AT2G07736,AT2G27580,AT2G29450,AT2G38510,AT2G23970,AT2G46240,AT2G35570,AT2G03160,AT2G30000,AT2G26150,AT2G41160,AT2G19320,AT2G19310,AT2G45500,AT2G30480,AT2G30640	
4	AT3G22830	AT-HSFA6B	6	na	PWM3178	DAP-seq	HSFA6B_col	5	8.270163056428655e-31	3.7071005900441447e-28	238	ATMG00640,ATMG00630,ATMG00160,AT2G23210,AT3G29810,AT4G15420,AT4G15680,AT4G15660,AT4G14270,AT1G28170,AT5G22060,AT5G04340,AT1G73480,AT1G57820,AT5G13080,AT1G58170,AT5G35320,AT5G25450,AT5G66880,AT5G65390,AT5G64710,AT5G62910,AT5G62730,AT5G62430,AT5G62020,AT5G58590,AT5G58787,AT5G55970,AT5G56010,AT5G56030,AT5G56110,AT5G53400,AT5G52570,AT5G52760,AT5G52640,AT5G52020,AT5G51440,AT5G49700,AT5G49450,AT5G48570,AT5G47830,AT5G47160,AT5G45630,AT5G37670,AT5G35600,AT5G24660,AT5G23480,AT5G22390,AT5G22410,AT5G18340,AT5G17300,AT5G16600,AT5G15250,AT5G12020,AT5G12110,AT5G12030,AT5G09590,AT5G09930,AT5G06820,AT5G05410,AT5G03740,AT5G02490,AT5G02500,AT5G02020,AT5G02430,AT3G63310,AT3G63340,AT3G63350,AT3G57880,AT3G53230,AT3G51910,AT3G50560,AT3G49480,AT3G47420,AT3G46230,AT3G46370,AT3G45280,AT3G44110,AT3G42930,AT3G42250,AT3G42350,AT3G42080,AT4G36000,AT4G34510,AT4G33660,AT4G30490,AT4G30230,AT4G29770,AT4G29330,AT4G29140,AT4G27652,AT4G26780,AT4G25200,AT4G25340,AT4G23885,AT4G23570,AT4G23680,AT4G22670,AT4G22740,AT4G21050,AT4G12400,AT4G11660,AT4G11220,AT4G09150,AT4G08190,AT4G07350,AT4G04590,AT4G03840,AT4G03710,AT4G02980,AT1G32010,AT4G10240,AT3G12580,AT3G12320,AT1G69530,AT2G01029,AT1G66510,AT1G42580,AT1G66080,AT1G66090,AT3G31300,AT3G32280,AT3G12050,AT3G30660,AT3G23990,AT3G13470,AT3G14200,AT3G19270,ATMG01360,AT2G14510,AT3G25230,AT3G17110,AT3G23150,AT3G14620,AT3G24500,AT3G18180,AT3G15770,AT3G16050,AT3G08690,AT3G10800,AT3G07150,AT3G07090,AT3G10020,AT3G09440,AT3G08970,AT3G09350,AT3G03520,AT3G07770,AT3G03840,AT3G03830,AT1G42710,AT1G55300,AT1G60980,AT1G72660,AT1G41797,AT1G30070,AT1G68840,AT1G35480,AT1G74310,AT1G10970,AT1G21910,AT1G21550,AT1G02700,AT2G12100,AT1G07410,AT1G07350,AT1G05920,AT1G26800,AT1G41860,AT1G21120,AT1G18330,AT1G32680,AT1G47780,AT1G37060,AT1G33830,AT1G35660,AT1G79920,AT1G59590,AT1G56170,AT1G52560,AT1G42410,AT1G71000,AT2G48140,AT1G64200,AT1G50220,AT1G31280,AT1G31335,AT1G14200,AT1G13200,AT1G13080,AT1G59860,AT1G54050,AT1G03070,AT2G15310,AT2G47180,AT2G03890,AT2G20560,AT2G04038,AT2G07675,ATMG00920,AT2G21650,AT2G25230,AT2G21940,AT2G36460,AT2G36030,AT2G36080,AT5G19015,AT1G09140,AT1G70300,AT2G25090,AT2G25140,AT1G10230,AT1G10050,AT1G61340,AT1G27090,AT1G55530,AT1G62510,AT2G07714,AT2G20940,AT2G06150,AT2G07550,AT2G14230,AT2G32120,AT2G32140,AT2G15120,AT2G27580,AT2G29450,AT2G38510,AT2G46240,AT2G35570,AT2G03160,AT2G30000,AT2G26150,AT2G41160,AT2G32540,AT2G23110,AT2G19310,AT2G30480	na
4	AT3G09735	AT3G09735	0	na	PWM3452	DAP-seq	AT3G09735_col	6	1.4734745250084973e-29	4.403233038900392e-27	235	ATMG00640,ATMG00630,ATMG00160,AT3G29810,AT4G15420,AT4G15680,AT4G15660,AT4G14270,AT1G28170,AT5G22060,AT5G04340,AT1G73480,AT1G57820,AT5G13080,AT1G58170,AT5G25450,AT5G66880,AT5G65390,AT5G64710,AT5G62920,AT5G62730,AT5G62430,AT5G62020,AT5G58590,AT5G58787,AT5G57660,AT5G55970,AT5G56010,AT5G56030,AT5G56110,AT5G53400,AT5G52760,AT5G52640,AT5G52020,AT5G51440,AT5G48570,AT5G47830,AT5G47160,AT5G37030,AT5G35600,AT5G24660,AT5G23480,AT5G22390,AT5G22410,AT5G18340,AT5G17300,AT5G16600,AT5G12020,AT5G12110,AT5G12030,AT5G09590,AT5G09930,AT5G05410,AT5G03740,AT5G02490,AT5G02500,AT5G02020,AT5G02430,AT3G63310,AT3G63340,AT3G63350,AT3G60940,AT3G59060,AT3G57810,AT3G57880,AT3G53230,AT3G51910,AT3G50560,AT3G49480,AT3G47420,AT3G46230,AT3G45280,AT3G44110,AT3G42930,AT3G42250,AT3G42080,AT4G36000,AT4G36040,AT4G34510,AT4G33660,AT4G30490,AT4G30230,AT4G29770,AT4G29330,AT4G29140,AT4G27652,AT4G26780,AT4G25200,AT4G23885,AT4G23570,AT4G23680,AT4G22670,AT4G22740,AT4G12400,AT4G11660,AT4G11220,AT4G09150,AT4G07750,AT4G07350,AT4G04590,AT4G03810,AT4G03840,AT4G03710,AT4G02980,AT4G00940,AT1G32010,AT4G10240,AT3G12580,AT3G12320,AT2G01029,AT1G66510,AT1G33500,AT1G42580,AT1G66080,AT1G66090,AT3G28270,AT3G12050,AT3G30660,AT3G23990,AT3G13470,AT3G14200,AT3G19270,ATMG01360,ATMG00060,AT3G25230,AT3G17110,AT3G23150,AT3G14620,AT3G24500,AT3G15770,AT3G16050,AT3G17611,AT3G02380,AT3G08690,AT3G10800,AT3G07150,AT3G07090,AT3G09440,AT3G08970,AT3G09350,AT3G03520,AT3G07770,AT3G03840,AT3G03830,AT1G55300,AT1G60980,AT1G72660,AT1G41797,AT1G30070,AT1G68840,AT1G73260,AT1G35480,AT1G74310,AT1G10970,AT1G19530,AT1G21910,AT1G21550,AT1G07410,AT1G07350,AT1G62940,AT1G19610,AT1G32850,AT1G05920,AT1G26800,AT1G41860,AT1G21120,AT1G18330,AT1G32680,AT1G37060,AT1G33830,AT1G35660,AT1G79920,AT1G59590,AT1G56170,AT1G52560,AT1G42410,AT1G71000,AT2G48140,AT1G64200,AT1G50220,AT1G31280,AT1G31335,AT1G14200,AT1G13200,AT1G13080,AT1G59860,AT1G54050,AT1G03070,AT2G15310,AT2G47180,AT2G03890,AT2G05090,AT2G20560,AT2G07675,ATMG00920,AT2G21650,AT2G25230,AT2G21940,AT2G36460,AT2G36030,AT2G36080,AT5G19015,AT1G09140,AT1G70300,AT2G25090,AT2G25140,AT1G10230,AT1G77000,AT1G27090,AT1G55530,AT1G62510,AT1G31040,AT2G07714,AT2G20940,AT2G15790,AT2G07550,AT2G14230,AT2G32120,AT2G32140,AT2G15120,AT2G24100,AT2G27580,AT2G29450,AT2G38510,AT2G46240,AT2G35570,AT2G03160,AT2G30000,AT2G26150,AT2G41160,AT2G23110,AT2G19320,AT2G19310,AT2G30480,AT2G30640	na
4	AT5G16820	ATHSF3	2	na	PWM3170	DAP-seq	HSF3_col	7	1.5878093419827948e-27	4.06706021453593e-25	230	ATMG00630,ATMG00160,AT2G23210,AT3G29810,AT4G17250,AT4G15420,AT4G15680,AT4G15660,AT4G14270,AT1G28170,AT5G22060,AT5G04340,AT1G57820,AT5G13080,AT4G36490,AT5G15450,AT5G35280,AT5G25450,AT5G66880,AT5G65390,AT5G64710,AT5G62910,AT5G62920,AT5G62730,AT5G62430,AT5G62020,AT5G59820,AT5G59305,AT5G58590,AT5G58787,AT5G57660,AT5G55970,AT5G56010,AT5G56030,AT5G53400,AT5G52570,AT5G52760,AT5G52640,AT5G52020,AT5G51440,AT5G49700,AT5G48570,AT5G47830,AT5G47160,AT5G37030,AT5G35600,AT5G23480,AT5G22390,AT5G22410,AT5G18340,AT5G15250,AT5G12020,AT5G12110,AT5G12030,AT5G09590,AT5G09930,AT5G05410,AT5G03740,AT5G02810,AT5G02490,AT5G02500,AT5G02430,AT3G63310,AT3G63340,AT3G63350,AT3G57810,AT3G57880,AT3G53230,AT3G51910,AT3G50560,AT3G49480,AT3G46230,AT3G46370,AT3G45280,AT3G44110,AT3G43160,AT3G42900,AT3G42930,AT3G42250,AT3G42080,AT4G39235,AT4G36000,AT4G34510,AT4G33660,AT4G30450,AT4G30490,AT4G30230,AT4G29770,AT4G29330,AT4G29140,AT4G27652,AT4G27657,AT4G26780,AT4G25200,AT4G23885,AT4G23570,AT4G23680,AT4G22670,AT4G22740,AT4G12410,AT4G12400,AT4G11660,AT4G11220,AT4G09150,AT4G08190,AT4G07750,AT4G07350,AT4G04590,AT4G03710,AT4G02980,AT4G00940,AT2G33590,AT4G10240,AT3G12580,AT1G69530,AT2G01029,AT1G66510,AT1G33500,AT1G66080,AT1G66090,AT3G12050,AT3G23990,AT3G13470,AT3G14200,ATMG01360,AT3G25230,AT3G17110,AT3G23150,AT3G14620,AT3G24500,AT3G15770,AT3G16050,AT3G08690,AT3G09640,AT3G07150,AT3G03270,AT3G10020,AT3G09440,AT3G08970,AT3G09350,AT3G03520,AT3G09020,AT3G07770,AT3G03840,AT3G03830,AT1G55300,AT1G60980,AT1G72660,AT1G35480,AT1G33960,AT1G36030,AT1G74310,AT1G10970,AT1G21910,AT1G21550,AT1G02700,AT1G07410,AT1G07350,AT1G62940,AT1G32900,AT1G05920,AT1G26800,AT1G41860,AT1G21120,AT1G01060,AT1G49560,AT1G18330,AT1G32680,AT1G37060,AT1G35660,AT1G79920,AT1G56170,AT1G52560,AT1G42410,AT1G71000,AT2G48140,AT1G50220,AT1G31280,AT1G31335,AT1G14200,AT1G62740,AT1G13200,AT1G13130,AT1G13080,AT1G59860,AT1G54050,AT1G03070,AT2G47180,AT2G03890,AT2G05090,AT2G20560,ATMG00940,ATMG00920,AT2G21650,AT2G25230,AT2G21940,AT2G36460,AT2G36030,AT2G36080,AT5G19015,AT1G70300,AT2G25090,AT2G25140,AT1G10230,AT1G65490,AT1G27090,AT1G55530,AT1G62510,AT2G07714,AT2G16620,AT2G20940,AT2G15790,AT2G06020,AT2G14230,AT2G32120,AT2G32140,AT2G27580,AT2G29450,AT2G38510,AT2G23970,AT2G46240,AT2G35570,AT2G03160,AT2G30000,AT2G26150,AT2G41160,AT2G23110,AT2G45500,AT2G30480,AT2G30640	na
4	AT1G46264	AT-HSFB4	4	na	PWM3182	DAP-seq	HSFB4_col	8	2.4469735938975278e-26	5.484279567322834e-24	227	ATMG00160,AT2G23210,AT3G29810,AT1G44414,AT4G14270,AT1G28170,AT5G22060,AT5G04340,AT1G35140,AT1G57820,AT5G13080,AT1G58170,AT5G35320,AT5G25450,AT5G66880,AT5G66815,AT5G65390,AT5G64710,AT5G62730,AT5G62430,AT5G62020,AT5G58590,AT5G58787,AT5G55970,AT5G56010,AT5G56030,AT5G56110,AT5G53400,AT5G52570,AT5G52640,AT5G52020,AT5G51440,AT5G49450,AT5G48570,AT5G48540,AT5G47830,AT5G47160,AT5G37030,AT5G35600,AT5G24660,AT5G23480,AT5G22390,AT5G18160,AT5G18340,AT5G17300,AT5G16600,AT5G12020,AT5G12110,AT5G09590,AT5G09930,AT5G06820,AT5G05410,AT5G03740,AT5G02810,AT5G02490,AT5G02020,AT5G02430,AT5G01380,AT3G63340,AT3G63350,AT3G57880,AT3G53230,AT3G51910,AT3G50560,AT3G49480,AT3G47420,AT3G46230,AT3G45280,AT3G44110,AT3G42930,AT3G42350,AT3G42080,AT4G36040,AT4G34510,AT4G33660,AT4G30490,AT4G29770,AT4G29330,AT4G29140,AT4G27652,AT4G26780,AT4G25200,AT4G23885,AT4G23570,AT4G23680,AT4G22670,AT4G22740,AT4G12400,AT4G11660,AT4G11700,AT4G11220,AT4G09150,AT4G08190,AT4G07350,AT4G04590,AT4G03840,AT4G03710,AT4G02980,AT4G00940,AT1G32010,AT4G10240,AT3G12580,AT2G01029,AT1G66510,AT1G33500,AT1G42580,AT1G66080,AT1G66090,AT3G31300,AT3G12050,AT3G30660,AT3G23990,AT3G13470,AT3G14200,AT3G19270,ATMG01130,ATMG01360,AT3G25230,AT3G17110,AT3G23150,AT3G24500,AT3G22840,AT3G16050,AT3G08690,AT3G10800,AT3G07090,AT3G03270,AT3G10020,AT3G09440,AT3G08970,AT3G09350,AT3G03520,AT3G07770,AT3G03840,AT3G03830,AT1G42710,AT1G55300,AT1G41797,AT1G30070,AT1G68840,AT1G35480,AT1G66380,AT1G74310,AT1G10970,AT1G21910,AT1G21550,AT2G12100,AT1G07410,AT1G07350,AT1G05920,AT1G26800,AT1G41860,AT1G01060,AT1G18330,AT1G32680,AT1G15550,AT1G37060,AT1G33820,AT1G33830,AT1G35660,AT1G35490,AT1G79920,AT1G59590,AT1G56170,AT1G52560,AT1G42410,AT1G71000,AT2G48140,AT1G50220,AT1G31280,AT1G31335,AT1G14200,AT1G62740,AT1G13200,AT1G13080,AT1G64780,AT1G59860,AT1G54050,AT1G03070,AT2G15310,AT2G47180,AT2G03890,AT2G20560,AT2G04038,ATMG00920,AT2G42640,AT2G21650,AT2G25230,AT2G04670,AT2G21940,AT2G36460,AT2G36030,AT2G12990,AT5G19015,AT1G67450,AT1G09140,AT1G70300,AT2G25090,AT2G25140,AT1G10230,AT1G61340,AT1G27090,AT1G55530,AT1G62510,AT1G31040,ATMG00430,AT2G20940,AT2G06150,AT2G14230,AT2G32120,AT2G32140,AT2G24100,AT2G27580,AT2G29450,AT2G38510,AT2G46240,AT2G35570,AT2G03160,AT2G30000,AT2G26150,AT2G41160,AT2G23110,AT2G19320,AT2G19310,AT2G33735,AT2G30480,AT2G30640	na
4	AT2G15660	AGL95	38	na	PWM3433	DAP-seq	AGL95_col	9	2.4469735938975278e-26	5.484279567322834e-24	227	ATMG00630,ATMG00160,AT2G23210,AT3G29810,AT4G15680,AT4G15660,AT4G14270,AT1G28170,AT5G22060,AT5G04340,AT1G57820,AT5G13080,AT1G58170,AT5G25450,AT5G66880,AT5G65390,AT5G62910,AT5G62920,AT5G62730,AT5G62430,AT5G62020,AT5G59820,AT5G58590,AT5G58787,AT5G55970,AT5G56010,AT5G56030,AT5G56110,AT5G53400,AT5G52760,AT5G52640,AT5G52020,AT5G51440,AT5G49700,AT5G49450,AT5G48570,AT5G47830,AT5G37670,AT5G37030,AT5G35600,AT5G24660,AT5G23480,AT5G22390,AT5G22410,AT5G18340,AT5G17300,AT5G16600,AT5G15250,AT5G12020,AT5G12110,AT5G12030,AT5G09590,AT5G09930,AT5G06820,AT5G05410,AT5G03740,AT5G02810,AT5G02490,AT5G02020,AT5G02430,AT5G01380,AT3G63340,AT3G63350,AT3G59060,AT3G57880,AT3G53230,AT3G51910,AT3G50560,AT3G49480,AT3G47420,AT3G46230,AT3G46370,AT3G45280,AT3G44110,AT3G42930,AT3G42250,AT3G42350,AT3G42080,AT4G36040,AT4G34510,AT4G33660,AT4G30490,AT4G29770,AT4G29330,AT4G29140,AT4G27652,AT4G26780,AT4G25200,AT4G23570,AT4G23680,AT4G23493,AT4G22670,AT4G22740,AT4G12400,AT4G11660,AT4G11220,AT4G09150,AT4G08300,AT4G08190,AT4G07350,AT4G04590,AT4G03710,AT4G02980,AT4G10240,AT2G30220,AT3G12580,AT1G69530,AT2G01029,AT1G66510,AT1G33500,AT1G42580,AT1G66080,AT1G66090,AT3G12050,AT3G30660,AT3G23990,AT3G13470,AT3G14200,AT3G19270,ATMG01130,ATMG01360,AT3G25230,AT3G17110,AT3G23150,AT3G14620,AT3G24500,AT3G16050,AT3G02380,AT3G08690,AT3G10800,AT3G07150,AT3G07090,AT3G03270,AT3G10020,AT3G09440,AT3G08970,AT3G09350,AT3G03520,AT3G07770,AT3G03840,AT3G03830,AT1G55300,AT1G60980,AT1G72660,AT1G30070,AT1G68840,AT1G35480,AT1G74310,AT1G10970,AT1G21910,AT1G21550,AT1G07500,AT1G07410,AT1G07350,AT1G05920,AT1G26800,AT1G41860,AT1G01060,AT1G49560,AT1G18330,AT1G32680,AT1G37060,AT1G33830,AT1G35660,AT1G79920,AT1G59590,AT1G56170,AT1G52560,AT1G42410,AT1G71000,AT2G48140,AT1G64200,AT1G50220,AT1G31280,AT1G31335,AT1G14200,AT1G62740,AT1G13200,AT1G13130,AT1G13080,AT1G59860,AT1G54050,AT1G03070,AT2G15310,AT2G47180,AT2G03890,AT2G20560,AT2G04038,ATMG00920,AT2G42640,AT2G21650,AT2G25230,AT2G21940,AT2G36460,AT2G36030,AT2G12990,AT5G19015,AT1G09140,AT1G70300,AT2G25090,AT2G25140,AT1G10230,AT1G10050,AT1G65490,AT1G27090,AT1G55530,AT1G62510,AT1G31040,AT2G20940,AT2G15790,AT2G06150,AT2G07550,AT2G14230,AT2G32120,AT2G32140,AT2G27580,AT2G29450,AT2G38510,AT2G46240,AT2G35570,AT2G03160,AT2G30000,AT2G26150,AT2G41160,AT2G32540,AT2G23110,AT2G30480	na
4	AT1G10720	AT1G10720	0	na	PWM2902	DAP-seq	AT1G10720_col	10	6.015321742797424e-26	1.0785471884835781e-23	226	ATMG00630,ATMG00160,AT4G15420,AT4G15680,AT4G15660,AT4G14270,AT1G28170,AT5G22060,AT5G04340,AT1G73480,AT1G57820,AT5G13080,AT5G13170,AT5G19875,AT1G58170,AT5G35320,AT5G28160,AT5G25450,AT5G66880,AT5G65390,AT5G64170,AT5G62910,AT5G62920,AT5G62730,AT5G62430,AT5G62020,AT5G58590,AT5G55970,AT5G56010,AT5G56030,AT5G56110,AT5G55090,AT5G53400,AT5G52760,AT5G52640,AT5G52020,AT5G51440,AT5G49700,AT5G49450,AT5G48570,AT5G47830,AT5G47160,AT5G37030,AT5G35600,AT5G24550,AT5G24660,AT5G23480,AT5G22390,AT5G22410,AT5G18340,AT5G17300,AT5G12020,AT5G12110,AT5G09590,AT5G09930,AT5G05410,AT5G03740,AT5G02490,AT5G02020,AT5G02430,AT3G63340,AT3G63350,AT3G60940,AT3G59060,AT3G57880,AT3G53230,AT3G52400,AT3G51910,AT3G50560,AT3G49480,AT3G47420,AT3G46230,AT3G45280,AT3G44110,AT3G42250,AT3G42350,AT3G42080,AT4G38680,AT4G36000,AT4G36040,AT4G33660,AT4G30490,AT4G30230,AT4G29770,AT4G29330,AT4G29140,AT4G28085,AT4G27652,AT4G26780,AT4G25200,AT4G23570,AT4G23680,AT4G22670,AT4G22740,AT4G12410,AT4G11660,AT4G11220,AT4G09150,AT4G07750,AT4G07350,AT4G04590,AT4G03810,AT4G02980,AT4G00940,AT4G10240,AT2G01029,AT1G66510,AT1G33500,AT1G42580,AT1G66080,AT1G66090,AT3G28270,AT3G12050,AT3G30660,AT3G23990,AT3G13470,AT3G14200,ATMG00060,AT3G13310,AT3G25230,AT3G17110,AT3G14620,AT3G24500,AT3G16050,AT3G17611,AT3G02380,AT3G08690,AT3G07090,AT3G03270,AT3G09440,AT3G09350,AT3G03520,AT3G09020,AT3G07770,AT3G03840,AT3G03830,AT1G55300,AT1G60980,AT1G72660,AT1G41797,AT1G30070,AT1G68840,AT1G73260,AT1G35480,AT1G74310,AT1G10970,AT1G19530,AT1G43755,AT1G21550,AT1G07410,AT1G07350,AT1G62940,AT1G19610,AT1G32850,AT1G05920,AT1G26800,AT1G21120,AT1G18330,AT1G32680,AT1G47780,AT1G37060,AT1G33830,AT1G35660,AT1G79920,AT1G59590,AT1G56170,AT1G52560,AT1G42410,AT1G71000,AT2G48140,AT1G64200,AT1G50220,AT1G31280,AT1G31335,AT1G14200,AT1G13200,AT1G13080,AT1G54050,AT1G03070,AT2G15310,AT2G03890,AT2G20560,AT2G07675,ATMG00920,AT2G42640,AT2G21650,AT2G25230,AT2G21940,AT2G36460,AT2G36030,AT2G36080,AT5G19015,AT1G09140,AT1G70300,AT2G25090,AT2G25140,AT1G10230,AT1G65490,AT1G27090,AT1G55530,AT1G62510,AT1G31040,ATMG00430,AT2G20940,AT2G37170,AT2G15790,AT2G14230,AT2G32120,AT2G32140,AT2G24100,AT2G07736,AT2G27580,AT2G29450,AT2G38510,AT2G23970,AT2G46240,AT2G35570,AT2G03160,AT2G30000,AT2G44840,AT2G26150,AT2G41160,AT2G23110,AT2G19320,AT2G19310,AT2G30480	na
4	AT5G43840	AT-HSFA6A	6	19	PWM3176	DAP-seq	HSFA6A_col	11	3.4483719200558033e-22	5.62084622969096e-20	216	ATMG00630,ATMG00160,AT2G23210,AT3G29810,AT4G15420,AT4G15680,AT4G15660,AT4G15430,AT4G14270,AT1G28170,AT5G22060,AT5G04340,AT1G73480,AT1G57820,AT5G13080,AT1G58170,AT5G25350,AT5G25450,AT5G66880,AT5G65390,AT5G62730,AT5G62430,AT5G62020,AT5G59820,AT5G58590,AT5G57660,AT5G55970,AT5G56010,AT5G56030,AT5G55090,AT5G53400,AT5G52570,AT5G52760,AT5G52640,AT5G52020,AT5G51440,AT5G49700,AT5G49450,AT5G48570,AT5G47830,AT5G47160,AT5G35600,AT5G24660,AT5G23480,AT5G22390,AT5G18340,AT5G17300,AT5G12020,AT5G12110,AT5G12030,AT5G09590,AT5G06820,AT5G05410,AT5G03740,AT5G02490,AT5G02500,AT5G02020,AT5G02430,AT5G01380,AT3G63340,AT3G63350,AT3G57880,AT3G53230,AT3G51910,AT3G50560,AT3G49480,AT3G46230,AT3G44110,AT3G42930,AT3G42250,AT3G42080,AT4G36000,AT4G36040,AT4G34510,AT4G33660,AT4G30490,AT4G29770,AT4G29330,AT4G27652,AT4G26780,AT4G25820,AT4G25200,AT4G25340,AT4G23885,AT4G23570,AT4G23680,AT4G22670,AT4G22740,AT4G12410,AT4G12400,AT4G11660,AT4G11220,AT4G09150,AT4G08190,AT4G04590,AT4G03810,AT4G03840,AT4G03710,AT4G02980,AT4G00940,AT1G32010,AT4G10240,AT1G13700,AT3G12580,AT2G01029,AT1G42580,AT1G66080,AT1G66090,AT3G32280,AT3G12050,AT3G23990,AT3G13470,AT3G14200,AT3G19270,ATMG00060,AT3G25230,AT3G17110,AT3G23150,AT3G14620,AT3G24500,AT3G15770,AT3G16050,AT3G17611,AT3G02380,AT3G08690,AT3G09640,AT3G10800,AT3G07090,AT3G10020,AT3G09440,AT3G08970,AT3G09350,AT3G03520,AT3G07770,AT3G11480,AT3G03840,AT3G03830,AT1G55300,AT1G60980,AT1G29450,AT1G72660,AT1G41797,AT1G68840,AT1G36020,AT1G10970,AT1G43755,AT1G21550,AT1G07410,AT1G07350,AT1G62940,AT1G05920,AT1G26800,AT1G21120,AT1G01060,AT1G18330,AT1G37060,AT1G33830,AT1G35660,AT1G79920,AT1G56170,AT1G52560,AT1G42410,AT1G71000,AT2G48140,AT1G64200,AT1G50220,AT1G31280,AT1G31335,AT1G14200,AT1G13200,AT1G13080,AT1G59860,AT2G04210,AT1G54050,AT1G03070,AT2G47180,AT2G03890,AT2G20560,AT2G07675,AT2G21650,AT2G25230,AT2G21940,AT2G36460,AT2G36030,AT2G36080,AT5G19015,AT1G70300,AT2G25090,AT2G25140,AT1G10230,AT1G10050,AT1G77000,AT1G27090,AT1G55530,AT1G62510,AT2G20940,AT2G15790,AT2G14230,AT2G32120,AT2G32140,AT2G15120,AT2G24100,AT2G27580,AT2G29450,AT2G41260,AT2G38510,AT2G31080,AT2G46240,AT2G35570,AT2G03160,AT2G30000,AT2G26150,AT2G41160,AT2G33735,AT2G30480,AT2G32690	AT5G62020,AT5G09590,AT5G02500,AT3G50560,AT4G11660,AT3G12580,AT1G33500,AT3G13470,AT3G24500,AT1G80440,AT1G07350,AT1G26800,AT1G18330,AT1G14200,AT2G25140,AT1G67360,AT1G55530,AT2G46830,AT2G26150
4	AT3G24520	AT-HSFC1	29	0	PWM3183	DAP-seq	HSFC1_col	12	1.0134026043367238e-19	1.5141923913131215e-17	209	ATMG00160,AT2G23210,AT4G17250,AT4G15420,AT4G15680,AT4G14270,AT1G28170,AT5G22060,AT5G04340,AT1G57820,AT5G65390,AT5G64940,AT5G63990,AT5G62910,AT5G62920,AT5G62730,AT5G62430,AT5G62020,AT5G59820,AT5G59305,AT5G58590,AT5G57910,AT5G57660,AT5G55970,AT5G56010,AT5G56030,AT5G53400,AT5G52570,AT5G52640,AT5G52020,AT5G51440,AT5G49700,AT5G48570,AT5G41620,AT5G36910,AT5G35600,AT5G23480,AT5G22920,AT5G18160,AT5G18340,AT5G15250,AT5G12110,AT5G09590,AT5G09930,AT5G05410,AT5G03740,AT5G02490,AT5G02430,AT5G01380,AT3G63340,AT3G63350,AT3G61630,AT3G60940,AT3G57810,AT3G56380,AT3G54500,AT3G53230,AT3G51680,AT3G51910,AT3G50560,AT3G49480,AT3G47420,AT3G46230,AT3G46370,AT3G45280,AT3G45560,AT3G44110,AT1G24938,AT3G42900,AT3G42250,AT3G42080,AT4G36000,AT4G34510,AT4G33660,AT4G30490,AT4G30230,AT4G30270,AT4G29770,AT4G29330,AT4G27652,AT4G27657,AT4G26780,AT4G25200,AT4G23885,AT4G23570,AT4G23780,AT4G23680,AT4G12410,AT4G12400,AT4G11660,AT4G07350,AT4G04590,AT4G03840,AT4G03710,AT4G02980,AT4G00940,AT1G32000,AT4G10240,AT3G12580,AT1G69530,AT2G01029,AT1G33500,AT1G66080,AT1G66090,AT3G28210,AT3G32280,AT3G12050,AT3G13470,AT3G14200,AT3G19270,ATMG01130,AT1G23570,AT1G06170,AT3G25230,AT3G17110,AT3G23150,AT3G19780,AT3G14620,AT3G24500,AT3G15770,AT3G16050,AT3G02380,AT3G08690,AT3G09640,AT3G07150,AT3G10020,AT3G09440,AT3G03520,AT3G09020,AT3G07770,AT3G11480,AT3G03840,AT3G03830,AT1G60980,AT1G72660,AT1G72540,AT1G75100,AT1G41770,AT1G74310,AT1G69630,AT1G10970,AT1G21550,AT2G12100,AT1G07500,AT1G07350,AT1G62940,AT1G05920,AT1G26800,AT1G21120,AT1G01060,AT1G49560,AT1G37060,AT1G33770,AT1G33830,AT1G79920,AT1G59590,AT1G56170,AT1G52560,AT1G74870,AT1G42410,AT1G64200,AT1G31280,AT1G31335,AT1G14200,AT1G13130,AT1G24010,AT1G54050,AT1G03070,ATMG00940,AT2G21650,AT2G17080,AT2G16250,AT2G25230,AT2G21940,AT2G36030,AT2G36080,AT1G04130,AT1G70300,AT2G25090,AT2G25140,AT1G10230,AT1G65490,AT1G27090,AT1G55530,AT1G62510,AT2G16620,AT2G20940,AT2G15790,AT2G06020,AT2G07550,AT2G14230,AT2G32120,AT2G32140,AT2G19580,AT2G27580,AT2G38510,AT2G23970,AT2G46240,AT2G35570,AT2G46830,AT2G03160,AT2G30000,AT2G26150,AT2G38340,AT2G41160,AT2G32540,AT2G23110,AT2G30090,AT2G30480	
4	AT3G24520	AT-HSFC1	29	0	PWM839	PBM		16	2.93244597479983e-7	0.000032861722705100594	164	ATMG00630,ATMG00160,AT2G26520,AT1G67810,AT1G56600,AT4G36460,AT5G17030,AT5G15800,AT5G27660,AT5G27190,AT5G65390,AT5G64710,AT5G63990,AT5G64170,AT5G62910,AT5G62920,AT5G62430,AT5G62280,AT5G62020,AT5G59080,AT5G58770,AT5G58787,AT5G57910,AT5G57660,AT5G55970,AT5G54470,AT5G52760,AT5G52020,AT5G51440,AT5G48540,AT5G45820,AT5G45830,AT5G40645,AT5G40320,AT5G38700,AT5G12020,AT5G07760,AT5G06820,AT5G02810,AT5G02900,AT5G02430,AT3G63310,AT3G63340,AT3G63350,AT3G61930,AT3G60940,AT3G57810,AT3G56380,AT3G51910,AT3G49480,AT3G47340,AT3G46230,AT3G45560,AT1G24938,AT3G42900,AT3G42930,AT3G42080,AT4G34510,AT4G33660,AT4G30290,AT4G30490,AT4G30230,AT4G29770,AT4G28085,AT4G27652,AT4G23885,AT4G12930,AT4G12400,AT4G11660,AT4G08880,AT4G07750,AT4G03810,AT4G03710,AT4G02980,AT1G32010,AT2G01029,AT1G66080,AT1G66090,AT3G31410,AT3G12050,AT3G24050,AT3G13470,AT3G14200,AT3G20180,AT3G22090,AT2G07749,ATMG01360,AT2G25780,AT1G23570,AT1G06170,AT3G13270,AT3G29220,AT3G19780,AT3G16050,AT3G08690,AT3G10020,AT3G09440,AT3G08970,AT3G03520,AT3G07770,AT3G03840,AT3G03830,AT1G13260,AT1G01520,AT1G19020,AT1G55300,AT1G60980,AT1G72540,AT1G30080,AT1G68840,AT1G69630,AT1G19530,AT1G21550,AT1G07410,AT1G07350,AT1G32900,AT1G20070,AT1G01060,AT1G76210,AT1G37060,AT1G33830,AT5G44890,AT1G79920,AT1G59590,AT1G56170,AT1G52560,AT1G53830,AT1G74870,AT1G73050,AT1G14200,AT1G75940,AT1G13130,AT1G23910,AT1G54050,AT1G03070,AT2G04038,ATMG00730,AT2G25230,AT2G04670,AT1G59980,AT2G21940,AT2G36460,AT2G36040,AT2G36050,AT2G12990,AT1G04130,AT2G25140,AT1G08570,ATMG00480,AT2G07714,AT2G15720,AT2G14230,AT2G32140,AT2G31080,AT2G23900,AT2G23970,AT2G35570,AT2G30000,AT2G44840,AT2G26150,AT2G41160,AT2G32540,AT2G45500,AT2G30480	
4	AT2G41690	AT-HSFB3	11	na	PWM3180	DAP-seq	HSFB3_col	13	1.3429278550529094e-14	1.8522074185460513e-12	193	ATMG00670,ATMG00630,ATMG00160,AT2G39770,AT2G23210,AT3G29810,AT4G17250,AT4G15430,AT4G14270,AT1G28170,AT5G22060,AT5G04340,AT5G13080,AT1G58170,AT5G35320,AT5G64940,AT5G64710,AT5G62920,AT5G62730,AT5G62020,AT5G59820,AT5G58590,AT5G58787,AT5G55970,AT5G56010,AT5G52570,AT5G52640,AT5G52020,AT5G51440,AT5G48570,AT5G48540,AT5G47830,AT5G46730,AT5G35600,AT5G24660,AT5G22390,AT5G22410,AT5G18160,AT5G18340,AT5G12020,AT5G12110,AT5G12030,AT5G11220,AT5G09590,AT5G07760,AT5G03740,AT5G02490,AT5G02430,AT5G01380,AT3G63340,AT3G63350,AT3G60330,AT3G53230,AT3G52400,AT3G51680,AT3G51910,AT3G49480,AT3G46230,AT3G45950,AT3G44110,AT3G42250,AT3G42350,AT4G36040,AT4G27657,AT4G26780,AT4G23570,AT4G22740,AT4G12400,AT4G11660,AT4G10040,AT4G09150,AT4G08300,AT4G07350,AT4G04300,AT4G02980,AT4G10240,AT1G07180,AT3G12580,AT1G66760,AT2G01029,AT1G66510,AT1G66690,AT1G33500,AT1G66080,AT1G66090,AT3G28210,AT3G12050,AT3G25650,AT3G32000,AT3G30660,AT3G23990,AT3G13470,AT3G14200,ATMG01360,ATMG00060,AT2G14510,AT3G13270,AT3G13820,AT3G13310,AT3G25230,AT3G17110,AT3G27800,AT3G16050,AT3G02380,AT3G08690,AT3G10800,AT3G07090,AT3G10020,AT3G09440,AT3G08970,AT3G03520,AT3G01250,AT3G03840,AT3G03830,AT1G55300,AT1G72540,AT1G41797,AT1G30070,AT1G68840,AT1G35480,AT1G80440,AT1G43755,AT1G21550,AT2G12100,AT1G07500,AT1G07350,AT1G32850,AT1G35730,AT1G41860,AT1G01720,AT1G01060,AT1G18330,AT1G32680,AT1G47780,AT1G47790,AT1G15550,AT1G33770,AT1G33830,AT1G35660,AT1G35490,AT1G79920,AT1G59590,AT1G59535,AT1G71000,AT2G48140,AT1G73050,AT1G31280,AT1G31335,AT1G14200,AT1G62740,AT1G64780,AT1G59860,AT3G30420,AT1G54050,AT2G03890,AT2G04038,ATMG00920,AT2G42640,AT2G21650,AT2G15360,AT2G21940,AT2G36460,AT2G12990,AT1G67450,AT1G09140,AT1G61860,AT1G70300,AT2G25090,AT2G25140,AT1G67360,AT1G62510,ATMG00430,AT2G43010,AT2G20940,AT2G15790,AT2G15700,AT2G06020,AT2G32120,AT2G32140,AT2G24100,AT2G27580,AT2G29450,AT2G41260,AT2G38510,AT2G31080,AT2G35570,AT2G03160,AT2G26150,AT2G41160,AT2G02680,AT2G23110,AT2G19310,AT2G30480	na
4	AT5G62020	AT-HSFB2A	51	0	PWM3171	DAP-seq	HSF6_col	14	4.8008017112657715e-12	6.148455334499663e-10	184	ATMG00630,ATMG00160,AT2G26520,AT1G67810,AT4G17250,AT4G14270,AT1G28170,AT5G04340,AT1G57820,AT5G17030,AT5G25450,AT5G65390,AT5G64170,AT5G62910,AT5G62920,AT5G62730,AT5G62430,AT5G62020,AT5G59820,AT5G59305,AT5G59080,AT5G58590,AT5G57660,AT5G55970,AT5G56010,AT5G56030,AT5G54470,AT5G53400,AT5G52570,AT5G52760,AT5G52640,AT5G52020,AT5G51440,AT5G49700,AT5G48570,AT5G48540,AT5G40320,AT5G37030,AT5G35600,AT5G23480,AT5G22410,AT5G18340,AT5G15250,AT5G12020,AT5G12030,AT5G09590,AT5G09930,AT5G05410,AT5G03740,AT5G02900,AT5G02490,AT5G02430,AT3G63340,AT3G63350,AT3G60940,AT3G59060,AT3G57810,AT3G57880,AT3G53230,AT3G51910,AT3G50560,AT3G49480,AT3G46230,AT3G46370,AT3G42900,AT3G42930,AT3G42480,AT3G42080,AT4G39235,AT4G34510,AT4G33660,AT4G30490,AT4G29770,AT4G29330,AT4G29140,AT4G27652,AT4G27657,AT4G25200,AT4G12410,AT4G12400,AT4G11660,AT4G09150,AT3G45370,AT4G08300,AT4G07350,AT4G03710,AT4G02980,AT1G69490,AT2G01029,AT1G33500,AT1G66080,AT1G66090,AT3G31300,AT3G28740,AT3G12050,AT3G14200,AT3G20180,ATMG01360,AT3G13310,AT3G25230,AT3G17110,AT3G14620,AT3G24500,AT3G15770,AT3G16050,AT3G02380,AT3G08690,AT3G09640,AT3G07150,AT3G10020,AT3G09440,AT3G09350,AT3G03520,AT3G09020,AT3G07770,AT3G11480,AT3G03840,AT3G03830,AT1G55300,AT1G60980,AT1G29450,AT1G72660,AT1G72540,AT1G74310,AT1G10970,AT1G21550,AT1G07500,AT1G07350,AT1G62940,AT1G32900,AT1G05920,AT1G21120,AT1G01060,AT1G47780,AT1G37060,AT1G33830,AT1G35490,AT1G79920,AT1G59590,AT1G56170,AT1G71000,AT1G31280,AT1G31335,AT1G75940,AT1G13130,AT1G54050,AT1G03070,AT2G47180,AT2G05090,AT2G20560,AT2G07675,AT2G21650,AT2G25230,AT2G21940,AT2G36460,AT2G36040,AT2G36030,AT2G36050,AT2G36080,AT5G19015,AT2G25140,AT1G10230,AT1G27090,AT1G55530,AT2G20940,AT2G15790,AT2G07550,AT2G14230,AT2G32120,AT2G40100,AT2G32140,AT2G27580,AT2G31080,AT2G23970,AT2G46240,AT2G35570,AT2G03160,AT2G30000,AT2G44840,AT2G26150,AT2G23110,AT2G45500,AT2G30480,AT2G30640	
4	AT5G62020	AT-HSFB2A	51	0	PWM1597	PBM		20	0.000002916438498726084	0.00026145871141079345	159	ATMG00630,ATMG00160,AT2G39770,AT1G67810,AT1G73480,AT4G36460,AT1G58170,AT5G17030,AT4G07523,AT5G27190,AT5G25140,AT5G65390,AT5G64710,AT5G63990,AT5G62430,AT5G62080,AT5G62280,AT5G59305,AT5G59080,AT5G58770,AT5G58787,AT5G57910,AT5G57660,AT5G55970,AT5G54470,AT5G52760,AT5G52640,AT5G52020,AT5G48540,AT5G40320,AT5G38700,AT5G13700,AT5G12020,AT5G07760,AT5G06980,AT5G06820,AT5G02810,AT5G02900,AT5G02430,AT3G63310,AT3G63340,AT3G63350,AT3G61630,AT3G61930,AT3G60940,AT3G57810,AT3G57880,AT3G56380,AT3G51910,AT3G47340,AT3G45560,AT1G24938,AT3G43160,AT3G42930,AT3G42080,AT4G34510,AT4G33660,AT4G30290,AT4G30490,AT4G30230,AT4G28085,AT4G27652,AT4G23885,AT4G23493,AT4G20790,AT4G12930,AT4G12400,AT4G11660,AT4G08880,AT4G03710,AT4G03760,AT2G33590,AT1G69530,AT2G01029,AT1G33500,AT1G66080,AT3G32280,AT3G32050,AT3G13470,AT3G14200,AT3G20180,AT3G22090,AT2G07749,ATMG01360,AT2G25780,AT3G26290,AT3G19780,AT3G14620,AT3G24500,AT3G27810,AT3G16050,AT3G06560,AT3G07090,AT3G09440,AT3G08970,AT3G07350,AT3G07770,AT3G03840,AT3G03830,AT1G13260,AT1G19050,AT1G55300,AT1G30080,AT1G68840,AT1G74310,AT1G69630,AT1G19530,AT1G43880,AT1G21550,AT1G32900,AT1G05920,AT1G14360,AT1G01060,AT1G18330,AT1G47280,AT1G15580,AT1G76210,AT1G35660,AT1G79920,AT1G74870,AT1G42410,AT1G71000,AT1G73050,AT1G31280,AT1G14200,AT1G75940,AT1G13130,AT1G23910,AT1G54050,AT1G03070,AT2G05010,AT2G20560,ATMG00940,ATMG00730,AT2G24780,AT2G25230,AT2G04670,AT2G46360,AT2G21940,AT2G36040,AT2G36050,AT2G12990,ATMG00480,AT2G20940,AT2G15720,AT2G07550,AT2G32140,AT2G31080,AT2G23900,AT2G23970,AT2G35570,AT2G30000,AT2G44840,AT2G26150,AT2G41160,AT2G32540,AT2G19320,AT2G45500,AT2G30480	
4	AT5G62020	AT-HSFB2A	51	0	PWM1297	PBM		23	0.000006933392072748827	0.0005919796184018403	157	ATMG00640,AT3G29810,AT4G17250,AT4G15430,AT4G14270,AT1G32090,AT5G13170,AT1G58170,AT5G28160,AT5G27660,AT4G07523,AT5G25350,AT5G66880,AT5G62080,AT5G59820,AT5G59310,AT5G59305,AT5G58787,AT5G57660,AT5G55970,AT5G56030,AT5G54460,AT5G53400,AT5G52640,AT5G52350,AT5G52020,AT5G51440,AT5G48570,AT5G47160,AT5G46730,AT5G39490,AT5G38700,AT5G37670,AT5G18160,AT5G17300,AT5G12020,AT5G12110,AT5G12030,AT5G09590,AT5G07380,AT5G06820,AT5G05410,AT5G03740,AT5G02490,AT3G63340,AT3G63350,AT3G60330,AT3G59060,AT3G57810,AT3G56290,AT3G51910,AT3G50720,AT3G49480,AT3G42350,AT3G42080,AT4G36040,AT4G21323,AT4G12480,AT4G11660,AT4G10040,AT4G09150,AT4G08770,AT4G07350,AT4G03840,AT4G04070,AT4G03760,AT4G02550,AT1G16730,AT3G12580,AT1G69530,AT2G01029,AT1G66690,AT1G42580,AT1G66080,AT1G66090,AT3G32000,AT3G20110,AT3G22090,AT3G29750,AT3G29660,AT2G19630,AT2G15110,AT3G13310,AT3G25230,AT3G17110,AT3G19780,AT3G24500,AT3G18180,AT3G27810,AT3G09640,AT3G07150,AT3G07090,AT3G09440,AT3G08970,AT3G03520,AT3G07770,AT3G03840,AT3G03830,AT1G19020,AT1G15830,AT1G55300,AT1G68440,AT1G72540,AT1G41797,AT1G30080,AT1G30070,AT1G68840,AT1G35480,AT1G74490,AT1G43755,AT1G21910,AT1G21550,AT2G12100,AT1G07500,AT1G07350,AT1G41860,AT1G01720,AT1G18330,AT1G80820,AT1G33770,AT1G33830,AT1G79920,AT1G59535,AT1G71000,AT1G73050,AT1G62740,AT1G59860,AT1G54050,AT1G05490,AT2G05010,AT2G04063,AT2G16250,AT2G04670,AT2G21940,AT2G36460,AT2G12990,AT1G09140,AT1G10050,AT1G77000,AT1G67360,AT1G62510,AT1G31040,AT2G20940,AT2G37170,AT2G15790,AT2G15700,AT2G24400,AT2G15120,AT2G18610,AT2G24100,AT2G35570,AT2G26150,AT2G41160,AT2G02680,AT2G30090,AT2G30480,AT2G30600	
4	AT4G18880	AT-HSFA4A	33	0	PWM3169	DAP-seq	HSF21_col	15	3.0083633157225073e-11	3.5959969500603038e-9	181	AT2G39770,AT3G29810,AT4G15420,AT4G15430,AT4G14270,AT5G22060,AT5G04340,AT1G58170,AT5G27660,AT5G65390,AT5G64710,AT5G62430,AT5G62020,AT5G59310,AT5G58590,AT5G58787,AT5G55970,AT5G56010,AT5G56030,AT5G56110,AT5G53400,AT5G52640,AT5G52020,AT5G51440,AT5G49700,AT5G48570,AT5G47830,AT5G36910,AT5G37030,AT5G24660,AT5G23480,AT5G22390,AT5G22410,AT5G18160,AT5G18340,AT5G17300,AT5G12020,AT5G12030,AT5G09590,AT5G07380,AT5G06820,AT5G05410,AT5G03740,AT5G02490,AT5G02430,AT5G01380,AT3G63340,AT3G63350,AT3G60330,AT3G53230,AT3G51680,AT3G51910,AT3G50560,AT3G50720,AT3G46230,AT3G42350,AT3G42080,AT4G36000,AT4G36040,AT4G30230,AT4G27652,AT4G26780,AT4G23570,AT4G13230,AT4G11660,AT4G10040,AT4G09150,AT4G08770,AT4G07350,AT4G04590,AT4G03840,AT4G03710,AT4G02980,AT4G03360,AT4G00940,AT1G32010,AT1G13700,AT1G51000,AT3G12580,AT2G01029,AT1G66510,AT1G33500,AT1G42580,AT1G66080,AT1G66090,AT3G12050,AT3G32000,AT3G30660,AT3G23990,AT3G13470,AT3G22090,AT2G19630,AT3G13310,AT3G25230,AT3G23150,AT3G27800,AT3G16050,AT3G10800,AT3G07090,AT3G10020,AT3G09440,AT3G08970,AT3G07350,AT3G02140,AT3G03520,AT3G07770,AT3G03840,AT3G03830,AT1G19020,AT1G55300,AT1G30080,AT1G68840,AT1G74490,AT1G43755,AT1G21550,AT1G07500,AT1G07350,AT1G05920,AT1G26800,AT1G41860,AT1G21120,AT1G01720,AT1G01060,AT1G18330,AT1G47780,AT1G47790,AT1G15550,AT1G37060,AT1G33770,AT1G33830,AT1G79920,AT1G59670,AT1G56170,AT1G71000,AT2G48140,AT1G73050,AT1G31280,AT1G31335,AT1G14200,AT1G62740,AT1G59860,AT2G04210,AT1G54050,AT1G03070,AT2G15310,AT2G03890,AT2G20560,AT2G21650,AT2G21940,AT2G36460,AT2G36030,AT2G12990,AT1G67450,AT1G09140,AT2G25090,AT2G25140,AT1G10230,AT1G10050,AT1G77000,AT1G27090,AT1G55530,AT1G62510,AT2G43010,AT2G20940,AT2G37170,AT2G15790,AT2G07550,AT2G32120,AT2G32140,AT2G24100,AT2G27580,AT2G29450,AT2G38510,AT2G35570,AT2G03160,AT2G26150,AT2G02680,AT2G23110,AT2G33735,AT2G30480,AT2G30600	
4	AT2G46270	GBF3	5	373	PWM951	CisBP	M0260_1.01	17	2.93244597479983e-7	0.000032861722705100594	164	ATMG00160,AT2G33160,AT4G16000,AT4G17800,AT1G56600,AT4G36490,AT5G15830,AT1G31630,AT5G28160,AT5G25950,AT5G66880,AT5G65390,AT5G64940,AT5G64710,AT5G63990,AT5G64170,AT5G62080,AT5G59310,AT5G58770,AT5G57910,AT5G55970,AT5G55090,AT5G54470,AT5G54080,AT5G52570,AT5G52760,AT5G45820,AT5G45830,AT5G45630,AT5G44120,AT5G38700,AT5G35920,AT5G35940,AT5G24550,AT5G24660,AT5G23220,AT5G22390,AT5G18670,AT5G18340,AT5G17300,AT5G16600,AT5G13700,AT5G11220,AT5G09930,AT5G07330,AT5G07480,AT5G07010,AT5G06980,AT5G06820,AT5G05860,AT5G04770,AT5G02430,AT5G01380,AT3G63340,AT3G63350,AT3G62950,AT3G61630,AT3G56380,AT3G54500,AT3G52830,AT3G51680,AT3G51910,AT3G49790,AT3G49480,AT3G47420,AT4G38680,AT4G33660,AT4G30540,AT4G30490,AT4G29600,AT4G29330,AT4G27657,AT4G27450,AT4G27150,AT4G26270,AT4G11220,AT4G10040,AT4G03840,AT1G16730,AT1G20350,AT3G12320,AT1G66760,AT1G66120,AT3G31403,AT3G32280,AT3G12050,AT3G27170,AT3G19270,AT3G19680,AT2G25780,AT2G06700,AT1G06170,AT3G13310,AT3G29220,AT3G27810,AT3G27690,AT3G06780,AT3G06560,AT3G07350,AT3G02140,AT3G03520,AT1G13260,AT1G01520,AT1G01480,AT1G19050,AT1G68440,AT1G72540,AT1G30080,AT1G30070,AT1G41770,AT1G35480,AT1G66380,AT1G74310,AT1G73870,AT2G47270,AT1G19530,AT1G02700,AT2G12100,AT1G07500,AT1G07410,AT1G26790,AT1G35030,AT1G14360,AT1G01720,AT1G01060,AT1G18330,AT1G47280,AT1G15550,AT1G80820,AT1G35490,AT1G56170,AT1G02930,AT1G70870,AT1G75940,AT1G59950,AT1G03070,AT2G15310,AT2G10380,AT2G16250,AT2G04670,AT2G21820,AT2G36220,AT2G36030,AT2G36050,AT2G36080,AT1G09155,AT2G25090,AT1G65490,AT1G61340,AT1G77000,AT2G36640,AT2G15700,AT2G07550,AT2G15020,AT2G18610,AT2G18700,AT2G41250,AT2G03160,AT2G37740,AT2G19320,AT2G19310,AT2G30480,AT2G30600,AT2G30750	AT2G26520,AT2G33160,AT1G67810,AT3G29810,AT4G15420,AT4G14130,AT4G17800,AT4G14270,AT1G56600,AT5G04190,AT5G04340,AT1G73480,AT1G35140,AT1G32090,AT5G13080,AT5G13170,AT5G19875,AT4G37010,AT5G17030,AT5G15830,AT5G15800,AT5G15450,AT1G31630,AT5G28160,AT5G26970,AT5G25950,AT5G25190,AT5G25350,AT5G25140,AT5G67190,AT5G66880,AT5G66740,AT5G66110,AT5G65390,AT5G65100,AT5G64940,AT5G64710,AT5G62920,AT5G62520,AT5G62430,AT5G62280,AT5G62380,AT5G62020,AT5G59820,AT5G59070,AT5G59080,AT5G58770,AT5G58787,AT5G57910,AT5G57790,AT5G57660,AT5G57560,AT5G56010,AT5G56030,AT5G55090,AT5G54470,AT5G54080,AT5G53250,AT5G53400,AT5G52570,AT5G52760,AT5G51810,AT5G52020,AT5G50335,AT5G49690,AT5G49700,AT5G48570,AT5G48540,AT5G47610,AT5G47740,AT5G47160,AT5G45820,AT5G45830,AT5G45630,AT5G44260,AT5G44120,AT5G43150,AT5G41620,AT5G38700,AT5G37670,AT5G35920,AT5G35940,AT5G24550,AT5G23730,AT5G23480,AT5G23220,AT5G22920,AT5G23190,AT5G19120,AT5G22390,AT5G18670,AT5G18340,AT5G17300,AT5G16600,AT5G11680,AT5G09930,AT5G07760,AT5G07780,AT5G07330,AT5G07480,AT5G07010,AT5G06980,AT5G06820,AT5G06040,AT5G05410,AT5G04770,AT5G02490,AT5G02500,AT5G02430,AT5G01380,AT3G63310,AT3G63350,AT3G63460,AT3G62950,AT3G62170,AT3G61630,AT3G61930,AT3G60940,AT3G59060,AT3G57880,AT3G58120,AT3G57040,AT3G56380,AT3G56290,AT3G54500,AT3G53230,AT3G52780,AT3G52830,AT3G52720,AT3G52400,AT3G51680,AT3G51910,AT3G50560,AT3G49790,AT3G47420,AT3G47340,AT3G47500,AT3G45970,AT4G38960,AT4G38680,AT4G36370,AT4G36040,AT4G35770,AT4G33660,AT4G31870,AT4G30290,AT4G30280,AT4G30270,AT4G29710,AT4G29330,AT4G29140,AT4G28085,AT4G27652,AT4G27657,AT4G27450,AT4G26270,AT4G26290,AT4G25820,AT4G25420,AT4G23680,AT4G23493,AT4G12410,AT4G12400,AT4G11660,AT4G11220,AT4G10040,AT4G09600,AT4G08950,AT4G09150,AT4G08300,AT4G08190,AT4G05630,AT4G05310,AT4G04070,AT4G03400,AT4G01110,AT1G16730,AT2G30220,AT1G17870,AT1G07180,AT1G13700,AT1G69530,AT1G69490,AT1G66760,AT5G43620,AT3G28210,AT3G28840,AT3G28740,AT3G29640,AT3G12050,AT3G27170,AT3G24050,AT3G22570,AT3G13470,AT3G14200,AT3G19270,AT3G19680,AT3G22090,AT3G29660,AT2G25780,AT2G14510,AT1G61330,AT2G16290,AT1G06170,AT3G26290,AT3G13310,AT3G13370,AT3G29220,AT3G25170,AT3G17110,AT3G23150,AT3G24500,AT3G21660,AT3G27800,AT3G27810,AT3G27690,AT3G22840,AT3G16050,AT3G15500,AT3G15500,AT3G15450,AT3G17611,AT3G06780,AT3G06560,AT3G09640,AT3G10800,AT3G07150,AT3G07090,AT3G03270,AT3G10020,AT3G09440,AT3G08970,AT3G07350,AT3G02140,AT3G03520,AT3G09020,AT3G07770,AT3G11480,AT3G03840,AT1G13260,AT1G01520,AT1G01480,AT1G19050,AT1G29450,AT1G69570,AT1G68440,AT1G72540,AT1G75100,AT1G73260,AT1G66380,AT1G74310,AT1G80440,AT1G73870,AT1G68300,AT2G41850,AT2G47270,AT2G47190,AT1G55960,AT1G19530,AT1G49100,AT1G21890,AT1G21910,AT1G02700,AT1G26380,AT1G07500,AT1G32900,AT1G20070,AT1G26790,AT1G26800,AT1G35030,AT1G21120,AT1G14360,AT1G63450,AT1G01720,AT1G01060,AT1G01190,AT1G01940,AT1G18330,AT1G15580,AT1G15550,AT1G76230,AT1G80820,AT1G80660,AT1G35570,AT1G59590,AT1G78080,AT1G52560,AT1G53830,AT1G70870,AT1G71000,AT1G64200,AT1G50220,AT1G14200,AT1G62740,AT1G75940,AT1G13130,AT1G13080,AT1G64940,AT1G64780,AT1G59950,AT1G59860,AT1G65690,AT1G24010,AT1G54050,AT1G03070,AT1G30720,AT2G31380,AT2G38830,AT2G47180,AT2G03890,AT2G04038,AT2G42640,AT2G21650,AT1G26860,AT1G59980,AT2G46360,AT2G21820,AT2G36460,AT2G36220,AT2G36040,AT2G36050,AT2G36080,AT2G42870,AT1G09155,AT1G04130,AT1G70300,AT2G25090,AT1G10230,AT1G10050,AT1G09950,AT1G22990,AT1G61340,AT1G08570,AT1G60590,AT1G77000,AT1G27090,AT1G62510,AT1G31040,AT2G36640,AT2G43010,AT2G20670,AT2G37170,AT2G15790,AT2G40100,AT2G42360,AT2G42380,AT2G15020,AT2G24100,AT2G18700,AT2G29450,AT2G27080,AT2G41250,AT2G41260,AT2G38510,AT2G47730,AT2G23970,AT2G46310,AT2G46735,AT2G03160,AT2G22860,AT2G44840,AT2G39510,AT2G30925,AT2G37740,AT2G44130,AT2G02680,AT2G23060,AT2G23130,AT2G19320,AT2G45500,AT2G30480,AT2G30600,AT2G32690
4	AT2G46270	GBF3	5	373	PWM2930	DAP-seq	GBF3_col	47	0.0006553193428913389	0.02499973578306746	145	ATMG00160,AT2G33160,AT3G29810,AT4G17800,AT4G15660,AT1G56600,AT1G73480,AT5G13170,AT5G19875,AT4G36490,AT5G17030,AT5G15450,AT5G28160,AT5G66880,AT5G65390,AT5G64940,AT5G64710,AT5G64510,AT5G64170,AT5G62430,AT5G59080,AT5G58770,AT5G57790,AT5G55970,AT5G55090,AT5G54470,AT5G54080,AT5G52760,AT5G47160,AT5G45820,AT5G45830,AT5G44260,AT5G44120,AT5G40645,AT5G24550,AT5G22920,AT5G23190,AT5G18670,AT5G18340,AT5G17300,AT5G09590,AT5G09930,AT5G07480,AT5G06980,AT5G06820,AT5G05410,AT5G02900,AT5G02490,AT5G02430,AT5G01380,AT3G63340,AT3G63350,AT3G63460,AT3G62950,AT3G61630,AT3G61930,AT3G59060,AT3G57880,AT3G56380,AT3G54500,AT3G47500,AT4G38960,AT4G38680,AT4G36040,AT4G35770,AT4G30490,AT4G29600,AT4G29330,AT4G28085,AT4G27450,AT4G27150,AT4G26270,AT4G08190,AT4G04590,AT1G16730,AT1G20350,AT3G12320,AT1G66760,AT2G01029,AT1G66120,AT3G31403,AT3G31410,AT3G28740,AT3G28270,AT3G19270,AT3G22090,AT2G14510,AT2G06700,AT3G13270,AT3G13310,AT3G29220,AT3G24500,AT3G27690,AT3G16050,AT3G09440,AT3G08970,AT3G07350,AT3G02140,AT3G03520,AT1G13260,AT1G01520,AT1G19050,AT1G68440,AT1G41770,AT1G74310,AT1G73870,AT1G68300,AT1G02700,AT1G32900,AT1G26790,AT1G01720,AT1G49560,AT1G18330,AT1G15550,AT1G35490,AT1G70870,AT2G48140,AT1G73000,AT1G73050,AT1G75940,AT1G54050,AT1G03070,AT1G05490,AT2G10380,AT2G03890,AT2G16250,AT2G21820,AT2G36220,AT2G36030,AT2G42870,AT1G22990,AT1G61340,AT1G08570,AT1G77000,AT2G36640,AT2G43010,AT2G15700,AT2G40100,AT2G24100,AT2G18700,AT2G41250,AT2G41260,AT2G37740,AT2G30090,AT2G19320	AT2G26520,AT2G33160,AT1G67810,AT3G29810,AT4G15420,AT4G14130,AT4G17800,AT4G14270,AT1G56600,AT5G04190,AT5G04340,AT1G73480,AT1G35140,AT1G32090,AT5G13080,AT5G13170,AT5G19875,AT4G37010,AT5G17030,AT5G15830,AT5G15800,AT5G15450,AT1G31630,AT5G28160,AT5G26970,AT5G25950,AT5G25190,AT5G25350,AT5G25140,AT5G67190,AT5G66880,AT5G66740,AT5G66110,AT5G65390,AT5G65100,AT5G64940,AT5G64710,AT5G62920,AT5G62520,AT5G62430,AT5G62280,AT5G62380,AT5G62020,AT5G59820,AT5G59070,AT5G59080,AT5G58770,AT5G58787,AT5G57910,AT5G57790,AT5G57660,AT5G57560,AT5G56010,AT5G56030,AT5G55090,AT5G54470,AT5G54080,AT5G53250,AT5G53400,AT5G52570,AT5G52760,AT5G51810,AT5G52020,AT5G50335,AT5G49690,AT5G49700,AT5G48570,AT5G48540,AT5G47610,AT5G47740,AT5G47160,AT5G45820,AT5G45830,AT5G45630,AT5G44260,AT5G44120,AT5G43150,AT5G41620,AT5G38700,AT5G37670,AT5G35920,AT5G35940,AT5G24550,AT5G23730,AT5G23480,AT5G23220,AT5G22920,AT5G23190,AT5G19120,AT5G22390,AT5G18670,AT5G18340,AT5G17300,AT5G16600,AT5G11680,AT5G09930,AT5G07760,AT5G07780,AT5G07330,AT5G07480,AT5G07010,AT5G06980,AT5G06820,AT5G06040,AT5G05410,AT5G04770,AT5G02490,AT5G02500,AT5G02430,AT5G01380,AT3G63310,AT3G63350,AT3G63460,AT3G62950,AT3G62170,AT3G61630,AT3G61930,AT3G60940,AT3G59060,AT3G57880,AT3G58120,AT3G57040,AT3G56380,AT3G56290,AT3G54500,AT3G53230,AT3G52780,AT3G52830,AT3G52720,AT3G52400,AT3G51680,AT3G51910,AT3G50560,AT3G49790,AT3G47420,AT3G47340,AT3G47500,AT3G45970,AT4G38960,AT4G38680,AT4G36370,AT4G36040,AT4G35770,AT4G33660,AT4G31870,AT4G30290,AT4G30280,AT4G30270,AT4G29710,AT4G29330,AT4G29140,AT4G28085,AT4G27652,AT4G27657,AT4G27450,AT4G26270,AT4G26290,AT4G25820,AT4G25420,AT4G23680,AT4G23493,AT4G12410,AT4G12400,AT4G11660,AT4G11220,AT4G10040,AT4G09600,AT4G08950,AT4G09150,AT4G08300,AT4G08190,AT4G05630,AT4G05310,AT4G04070,AT4G03400,AT4G01110,AT1G16730,AT2G30220,AT1G17870,AT1G07180,AT1G13700,AT1G69530,AT1G69490,AT1G66760,AT5G43620,AT3G28210,AT3G28840,AT3G28740,AT3G29640,AT3G12050,AT3G27170,AT3G24050,AT3G22570,AT3G13470,AT3G14200,AT3G19270,AT3G19680,AT3G22090,AT3G29660,AT2G25780,AT2G14510,AT1G61330,AT2G16290,AT1G06170,AT3G26290,AT3G13310,AT3G13370,AT3G29220,AT3G25170,AT3G17110,AT3G23150,AT3G24500,AT3G21660,AT3G27800,AT3G27810,AT3G27690,AT3G22840,AT3G16050,AT3G15500,AT3G15500,AT3G15450,AT3G17611,AT3G06780,AT3G06560,AT3G09640,AT3G10800,AT3G07150,AT3G07090,AT3G03270,AT3G10020,AT3G09440,AT3G08970,AT3G07350,AT3G02140,AT3G03520,AT3G09020,AT3G07770,AT3G11480,AT3G03840,AT1G13260,AT1G01520,AT1G01480,AT1G19050,AT1G29450,AT1G69570,AT1G68440,AT1G72540,AT1G75100,AT1G73260,AT1G66380,AT1G74310,AT1G80440,AT1G73870,AT1G68300,AT2G41850,AT2G47270,AT2G47190,AT1G55960,AT1G19530,AT1G49100,AT1G21890,AT1G21910,AT1G02700,AT1G26380,AT1G07500,AT1G32900,AT1G20070,AT1G26790,AT1G26800,AT1G35030,AT1G21120,AT1G14360,AT1G63450,AT1G01720,AT1G01060,AT1G01190,AT1G01940,AT1G18330,AT1G15580,AT1G15550,AT1G76230,AT1G80820,AT1G80660,AT1G35570,AT1G59590,AT1G78080,AT1G52560,AT1G53830,AT1G70870,AT1G71000,AT1G64200,AT1G50220,AT1G14200,AT1G62740,AT1G75940,AT1G13130,AT1G13080,AT1G64940,AT1G64780,AT1G59950,AT1G59860,AT1G65690,AT1G24010,AT1G54050,AT1G03070,AT1G30720,AT2G31380,AT2G38830,AT2G47180,AT2G03890,AT2G04038,AT2G42640,AT2G21650,AT1G26860,AT1G59980,AT2G46360,AT2G21820,AT2G36460,AT2G36220,AT2G36040,AT2G36050,AT2G36080,AT2G42870,AT1G09155,AT1G04130,AT1G70300,AT2G25090,AT1G10230,AT1G10050,AT1G09950,AT1G22990,AT1G61340,AT1G08570,AT1G60590,AT1G77000,AT1G27090,AT1G62510,AT1G31040,AT2G36640,AT2G43010,AT2G20670,AT2G37170,AT2G15790,AT2G40100,AT2G42360,AT2G42380,AT2G15020,AT2G24100,AT2G18700,AT2G29450,AT2G27080,AT2G41250,AT2G41260,AT2G38510,AT2G47730,AT2G23970,AT2G46310,AT2G46735,AT2G03160,AT2G22860,AT2G44840,AT2G39510,AT2G30925,AT2G37740,AT2G44130,AT2G02680,AT2G23060,AT2G23130,AT2G19320,AT2G45500,AT2G30480,AT2G30600,AT2G32690
4	AT2G46970	PIL1	3	na	PWM902	CisBP	M0150_1.01	18	7.517323066971182e-7	0.00007488089032821849	162	AT2G39770,AT2G33160,AT4G16000,AT4G17800,AT1G56600,AT1G73480,AT5G13170,AT5G20770,AT4G36490,AT5G15800,AT5G66880,AT5G65390,AT5G64710,AT5G62080,AT5G62380,AT5G59080,AT5G58770,AT5G55970,AT5G55090,AT5G54470,AT5G53400,AT5G52760,AT5G51270,AT5G45630,AT5G44260,AT5G44120,AT5G39490,AT5G35920,AT5G35940,AT5G24550,AT5G22410,AT5G18670,AT5G18340,AT5G17300,AT5G16600,AT5G13700,AT5G12110,AT5G09590,AT5G09930,AT5G07330,AT5G06980,AT5G06820,AT5G02430,AT5G01380,AT3G63340,AT3G63350,AT3G62170,AT3G61630,AT3G60330,AT3G56380,AT3G54500,AT3G53200,AT3G52780,AT3G52830,AT3G51910,AT3G49480,AT3G46370,AT3G43040,AT4G39675,AT4G30490,AT4G29600,AT4G29710,AT4G28085,AT4G27657,AT4G27450,AT4G26270,AT4G12400,AT4G11220,AT4G09600,AT3G45370,AT4G08770,AT4G03810,AT4G04070,AT1G16730,AT3G31460,AT1G07180,AT3G12320,AT1G69530,AT1G66760,AT1G66120,AT3G31403,AT3G27170,AT3G19270,AT3G19680,AT2G06700,AT3G17110,AT3G27810,AT3G27690,AT3G15500,AT3G06780,AT3G09600,AT3G10800,AT3G08970,AT3G07350,AT3G02140,AT1G01520,AT1G01480,AT1G42710,AT1G68440,AT1G30080,AT1G30070,AT1G41770,AT1G33960,AT1G66380,AT2G41850,AT2G47270,AT1G19530,AT1G02700,AT2G12100,AT1G07500,AT1G62940,AT1G19610,AT1G14360,AT1G63450,AT1G01720,AT1G15550,AT5G44890,AT1G35570,AT1G59590,AT1G56170,AT1G02930,AT1G53830,AT1G70870,AT1G73000,AT1G75940,AT1G13130,AT1G13080,AT3G30420,AT1G03070,AT2G47180,AT2G05090,AT2G04038,AT2G04063,AT2G22240,AT2G42640,AT2G17080,AT1G59980,AT2G21320,AT2G46360,AT2G36030,AT2G36050,AT2G36080,AT2G42870,AT1G09155,AT1G70300,AT1G61340,AT1G77000,AT2G36780,AT2G36640,AT2G06020,AT2G13890,AT2G42380,AT2G18700,AT2G27080,AT2G41250,AT2G23970,AT2G44840,AT2G37740,AT2G23130,AT2G23110,AT2G19320,AT2G32690	na
4	AT3G62420	ATBZIP53	6	na	PWM2925	DAP-seq	BZIP53_col	19	0.0000018701028759621734	0.00017647865561053563	160	ATMG00160,AT3G29810,AT4G16000,AT4G15680,AT4G15660,AT1G73480,AT1G32090,AT5G13170,AT4G36460,AT5G28160,AT5G66880,AT5G64710,AT5G64510,AT5G62430,AT5G59820,AT5G59310,AT5G55970,AT5G54470,AT5G54080,AT5G52760,AT5G47160,AT5G45820,AT5G45830,AT5G44260,AT5G44120,AT5G40645,AT5G23220,AT5G23190,AT5G18670,AT5G18340,AT5G17300,AT5G09930,AT5G06900,AT5G06980,AT5G06820,AT5G05410,AT5G02900,AT5G02490,AT5G01380,AT3G63340,AT3G63350,AT3G63460,AT3G62950,AT3G61630,AT3G61930,AT3G59060,AT3G57880,AT3G57040,AT3G54500,AT3G51910,AT3G49790,AT3G47500,AT3G45970,AT4G38680,AT4G36040,AT4G35770,AT4G33660,AT4G29600,AT4G29330,AT4G28085,AT4G27652,AT4G27150,AT4G26270,AT4G08950,AT4G08880,AT4G08190,AT4G04070,AT4G03710,AT4G02850,AT1G20350,AT3G31460,AT1G69490,AT1G66760,AT2G01029,AT1G66120,AT3G31410,AT3G28270,AT3G32000,AT3G23990,AT3G19184,AT3G19270,AT3G22090,AT3G29660,AT2G07749,ATMG01360,AT2G14510,AT2G06700,AT3G13270,AT3G13310,AT3G29220,AT3G24500,AT3G27690,AT3G15450,AT3G09440,AT3G03520,AT3G09020,AT3G11480,AT1G13260,AT1G01480,AT1G19050,AT1G15830,AT1G68440,AT1G35480,AT1G73870,AT1G68300,AT2G41850,AT1G43880,AT1G02700,AT1G32900,AT1G26790,AT1G35030,AT1G01720,AT1G01060,AT1G18330,AT1G80820,AT1G80660,AT1G33770,AT1G35490,AT1G79920,AT1G42410,AT1G73000,AT1G75940,AT3G30420,AT1G54050,AT1G05490,AT2G38830,AT2G10380,AT2G03890,AT2G04063,AT2G42640,AT2G16250,AT2G21820,AT2G36220,AT2G36040,AT2G36030,AT2G36080,AT2G42870,AT1G67450,AT1G65490,AT1G09950,AT1G22990,AT1G61340,AT1G08570,AT1G67360,AT1G27090,AT2G20670,AT2G21000,AT2G15700,AT2G07550,AT2G15020,AT2G18610,ATMG00620,AT2G18700,AT2G41250,AT2G41260,AT2G38510,AT2G44840,AT2G37740,AT2G22960,AT2G30090	na
4	AT1G32150	AtbZIP68	0	0	PWM1236	CisBP	M0251_1.01	21	0.000006933392072748827	0.0005919796184018403	157	AT2G33160,AT4G17800,AT1G56600,AT1G73480,AT5G19875,AT4G36490,AT1G31630,AT5G28160,AT5G25950,AT5G66880,AT5G65390,AT5G64940,AT5G64710,AT5G63990,AT5G64170,AT5G62380,AT5G59310,AT5G58770,AT5G57910,AT5G57660,AT5G55970,AT5G55090,AT5G54470,AT5G54080,AT5G52570,AT5G49690,AT5G45830,AT5G45630,AT5G44120,AT5G43150,AT5G35920,AT5G35940,AT5G24550,AT5G23730,AT5G23220,AT5G22390,AT5G18670,AT5G18340,AT5G17300,AT5G16600,AT5G13700,AT5G11220,AT5G09930,AT5G07330,AT5G06980,AT5G06820,AT5G05860,AT5G04770,AT5G02430,AT5G01380,AT3G63340,AT3G63350,AT3G62950,AT3G56380,AT3G54500,AT3G52780,AT3G52830,AT3G51910,AT3G49790,AT3G49480,AT3G47500,AT3G46230,AT3G46370,AT4G38680,AT4G33660,AT4G29330,AT4G28085,AT4G27657,AT4G27150,AT4G26270,AT4G11220,AT4G10040,AT4G05630,AT1G16730,AT1G20350,AT3G12320,AT1G66760,AT1G66120,AT1G66090,AT3G31403,AT3G32280,AT3G12050,AT3G29420,AT3G27170,AT3G28560,AT3G19270,AT2G25780,AT2G06700,AT1G06170,AT3G13310,AT3G29220,AT3G17110,AT3G27810,AT3G27690,AT3G06780,AT3G07350,AT3G02140,AT3G03520,AT1G13260,AT1G01520,AT1G01480,AT1G19050,AT1G68440,AT1G72540,AT1G30080,AT1G30070,AT1G41770,AT1G66380,AT1G74310,AT1G73870,AT2G47270,AT1G19530,AT1G02700,AT1G07500,AT1G07410,AT1G32900,AT1G26790,AT1G35030,AT1G14360,AT1G01720,AT1G47280,AT1G15550,AT5G44890,AT1G35490,AT1G56170,AT1G02930,AT1G70870,AT1G73000,AT1G75940,AT1G59950,AT1G03070,AT2G04038,AT2G22240,AT2G16250,AT2G21820,AT2G36220,AT2G36030,AT2G36050,AT2G36080,AT1G09155,AT1G70300,AT1G61340,AT1G77000,AT2G36640,AT2G16620,AT2G15700,AT2G07550,AT2G15020,AT2G18610,AT2G18700,AT2G41250,AT2G41260,AT2G37740,AT2G19320,AT2G19310,AT2G30480,AT2G30750	
4	AT1G32150	AtbZIP68	0	0	PWM2567	JASPAR	MA0968.1	24	0.0000105689034418927	0.0007895851613047338	156	AT2G33160,AT4G17800,AT1G56600,AT1G73480,AT5G19875,AT4G36490,AT5G15830,AT1G31630,AT5G28160,AT5G25950,AT5G66880,AT5G65390,AT5G64940,AT5G64710,AT5G63990,AT5G64170,AT5G62380,AT5G59310,AT5G58770,AT5G57910,AT5G57660,AT5G55970,AT5G55090,AT5G54470,AT5G54080,AT5G52570,AT5G49690,AT5G45830,AT5G45630,AT5G44120,AT5G43150,AT5G35920,AT5G35940,AT5G24550,AT5G23730,AT5G23220,AT5G22390,AT5G18670,AT5G18340,AT5G17300,AT5G16600,AT5G13700,AT5G11220,AT5G09930,AT5G07330,AT5G06980,AT5G06820,AT5G05860,AT5G04770,AT5G02430,AT5G01380,AT3G63340,AT3G63350,AT3G62950,AT3G56380,AT3G54500,AT3G52780,AT3G52830,AT3G51910,AT3G49790,AT3G49480,AT3G47500,AT3G46230,AT3G46370,AT4G38680,AT4G33660,AT4G29330,AT4G28085,AT4G27657,AT4G27150,AT4G26270,AT4G11220,AT4G10040,AT1G16730,AT1G20350,AT3G12320,AT1G66760,AT1G66120,AT1G66090,AT3G31403,AT3G32280,AT3G12050,AT3G29420,AT3G27170,AT3G28560,AT3G19270,AT2G25780,AT2G06700,AT1G06170,AT3G13310,AT3G29220,AT3G17110,AT3G27810,AT3G27690,AT3G06780,AT3G07350,AT3G02140,AT3G03520,AT1G13260,AT1G01520,AT1G01480,AT1G19050,AT1G68440,AT1G72540,AT1G30080,AT1G30070,AT1G41770,AT1G66380,AT1G74310,AT1G73870,AT1G19530,AT1G02700,AT1G07500,AT1G07410,AT1G26790,AT1G35030,AT1G14360,AT1G01720,AT1G47280,AT1G15550,AT5G44890,AT1G35490,AT1G56170,AT1G02930,AT1G70870,AT1G73000,AT1G75940,AT1G13130,AT1G59950,AT1G03070,AT2G04038,AT2G22240,AT2G16250,AT2G21820,AT2G36220,AT2G36030,AT2G36050,AT2G36080,AT1G09155,AT1G70300,AT1G61340,AT1G77000,AT2G36640,AT2G16620,AT2G15700,AT2G07550,AT2G15020,AT2G18610,AT2G18700,AT2G41250,AT2G41260,AT2G37740,AT2G19320,AT2G19310,AT2G30480,AT2G30750	
4	AT1G32150	AtbZIP68	0	0	PWM2927	DAP-seq	BZIP68_col	43	0.000468234333656694	0.021526773339652625	146	ATMG00160,AT3G29810,AT4G17800,AT4G15660,AT1G56600,AT5G13080,AT5G13170,AT5G19875,AT4G36490,AT5G15450,AT5G28160,AT5G66880,AT5G65390,AT5G64940,AT5G64170,AT5G62430,AT5G59080,AT5G58770,AT5G57790,AT5G55970,AT5G55090,AT5G54470,AT5G54080,AT5G52760,AT5G47160,AT5G45820,AT5G45830,AT5G44260,AT5G44120,AT5G40645,AT5G24550,AT5G18670,AT5G18340,AT5G17300,AT5G09590,AT5G09930,AT5G07480,AT5G06980,AT5G06820,AT5G05410,AT5G02900,AT5G02430,AT5G01380,AT3G63340,AT3G63350,AT3G63460,AT3G62950,AT3G61630,AT3G61930,AT3G59060,AT3G57880,AT3G56380,AT3G54500,AT3G47500,AT4G38960,AT4G38680,AT4G36040,AT4G33660,AT4G30490,AT4G29600,AT4G29330,AT4G27657,AT4G27150,AT4G26270,AT4G10040,AT4G08190,AT4G04590,AT1G16730,AT1G20350,AT3G12320,AT1G66760,AT2G01029,AT1G66120,AT3G31403,AT3G31410,AT3G28740,AT3G28270,AT3G19270,AT3G19680,AT3G22090,AT2G14510,AT2G06700,AT3G13270,AT3G13310,AT3G29220,AT3G24500,AT3G27690,AT3G16050,AT3G02380,AT3G06560,AT3G07090,AT3G09440,AT3G08970,AT3G07350,AT3G02140,AT1G13260,AT1G01520,AT1G19050,AT1G68440,AT1G72540,AT1G41770,AT1G74310,AT1G73870,AT1G68300,AT1G02700,AT1G07500,AT1G32900,AT1G26790,AT1G01720,AT1G49560,AT1G18330,AT1G15550,AT1G35490,AT1G70870,AT2G48140,AT1G73000,AT1G73050,AT1G75940,AT1G59950,AT1G24010,AT1G54050,AT1G03070,AT2G10380,AT2G03890,AT2G04038,AT2G22240,AT2G16250,AT2G21820,AT2G36220,AT2G36030,AT2G25090,AT1G61340,AT1G08570,AT1G60590,AT1G77000,AT2G36640,AT2G43010,AT2G15700,AT2G40100,AT2G24100,AT2G18700,AT2G41250,AT2G41260,AT2G37740,AT2G30090,AT2G19320	
4	AT2G35530	AtbZIP16	0	0	PWM1237	CisBP	M0251_1.01	22	0.000006933392072748827	0.0005919796184018403	157	AT2G33160,AT4G17800,AT1G56600,AT1G73480,AT5G19875,AT4G36490,AT1G31630,AT5G28160,AT5G25950,AT5G66880,AT5G65390,AT5G64940,AT5G64710,AT5G63990,AT5G64170,AT5G62380,AT5G59310,AT5G58770,AT5G57910,AT5G57660,AT5G55970,AT5G55090,AT5G54470,AT5G54080,AT5G52570,AT5G49690,AT5G45830,AT5G45630,AT5G44120,AT5G43150,AT5G35920,AT5G35940,AT5G24550,AT5G23730,AT5G23220,AT5G22390,AT5G18670,AT5G18340,AT5G17300,AT5G16600,AT5G13700,AT5G11220,AT5G09930,AT5G07330,AT5G06980,AT5G06820,AT5G05860,AT5G04770,AT5G02430,AT5G01380,AT3G63340,AT3G63350,AT3G62950,AT3G56380,AT3G54500,AT3G52780,AT3G52830,AT3G51910,AT3G49790,AT3G49480,AT3G47500,AT3G46230,AT3G46370,AT4G38680,AT4G33660,AT4G29330,AT4G28085,AT4G27657,AT4G27150,AT4G26270,AT4G11220,AT4G10040,AT4G05630,AT1G16730,AT1G20350,AT3G12320,AT1G66760,AT1G66120,AT1G66090,AT3G31403,AT3G32280,AT3G12050,AT3G29420,AT3G27170,AT3G28560,AT3G19270,AT2G25780,AT2G06700,AT1G06170,AT3G13310,AT3G29220,AT3G17110,AT3G27810,AT3G27690,AT3G06780,AT3G07350,AT3G02140,AT3G03520,AT1G13260,AT1G01520,AT1G01480,AT1G19050,AT1G68440,AT1G72540,AT1G30080,AT1G30070,AT1G41770,AT1G66380,AT1G74310,AT1G73870,AT2G47270,AT1G19530,AT1G02700,AT1G07500,AT1G07410,AT1G32900,AT1G26790,AT1G35030,AT1G14360,AT1G01720,AT1G47280,AT1G15550,AT5G44890,AT1G35490,AT1G56170,AT1G02930,AT1G70870,AT1G73000,AT1G75940,AT1G59950,AT1G03070,AT2G04038,AT2G22240,AT2G16250,AT2G21820,AT2G36220,AT2G36030,AT2G36050,AT2G36080,AT1G09155,AT1G70300,AT1G61340,AT1G77000,AT2G36640,AT2G16620,AT2G15700,AT2G07550,AT2G15020,AT2G18610,AT2G18700,AT2G41250,AT2G41260,AT2G37740,AT2G19320,AT2G19310,AT2G30480,AT2G30750	
4	AT2G35530	AtbZIP16	0	0	PWM2908	DAP-seq	BZIP16_col	54	0.0009099466560375412	0.0313756606591406	144	ATMG00160,AT2G33160,AT3G29810,AT4G17800,AT1G56600,AT5G13170,AT4G36490,AT5G15450,AT5G28160,AT5G66880,AT5G65390,AT5G64940,AT5G64710,AT5G64170,AT5G62430,AT5G59080,AT5G58770,AT5G57910,AT5G57790,AT5G57660,AT5G55970,AT5G55090,AT5G54470,AT5G54080,AT5G52570,AT5G52760,AT5G45820,AT5G45830,AT5G44120,AT5G40645,AT5G24550,AT5G22920,AT5G18670,AT5G18340,AT5G17300,AT5G09590,AT5G09930,AT5G07480,AT5G07010,AT5G06980,AT5G06820,AT5G05410,AT5G02900,AT5G02430,AT5G01380,AT3G63340,AT3G63350,AT3G63460,AT3G62950,AT3G61930,AT3G59060,AT3G57880,AT3G56380,AT3G54500,AT3G49790,AT3G47500,AT4G38960,AT4G38680,AT4G36040,AT4G35770,AT4G30490,AT4G29330,AT4G27657,AT4G27450,AT4G26270,AT4G10040,AT4G08190,AT4G04590,AT1G16730,AT1G20350,AT1G07180,AT3G12320,AT1G66760,AT2G01029,AT1G66120,AT3G31403,AT3G28740,AT3G28270,AT3G27170,AT3G19270,AT3G19680,AT2G14510,AT2G06700,AT3G13270,AT3G13310,AT3G29220,AT3G24500,AT3G27690,AT3G16050,AT3G02380,AT3G07090,AT3G08970,AT3G07350,AT3G02140,AT3G03520,AT1G13260,AT1G01520,AT1G19050,AT1G68440,AT1G41770,AT1G74310,AT1G73870,AT1G68300,AT1G02700,AT1G07500,AT1G32900,AT1G26790,AT1G01720,AT1G49560,AT1G18330,AT1G15550,AT1G35490,AT1G56170,AT1G70870,AT2G48140,AT1G73000,AT1G73050,AT1G75940,AT1G59950,AT1G03070,AT1G05490,AT2G10380,AT2G03890,AT2G04038,AT2G22240,AT2G16250,AT2G21820,AT2G36220,AT2G36030,AT1G61340,AT1G60590,AT1G77000,AT2G36640,AT2G43010,AT2G15700,AT2G40100,AT2G24100,AT2G18700,AT2G41250,AT2G41260,AT2G31080,AT2G37740,AT2G19320,AT2G32690	
4	AT4G34590	ATB2	0	0	PWM2934	DAP-seq	GBF6_col	25	0.00001598791190601874	0.001146653041899664	155	ATMG00160,AT3G29810,AT4G16000,AT4G15680,AT4G15660,AT1G73480,AT1G32090,AT5G13170,AT5G28160,AT5G66880,AT5G64710,AT5G64510,AT5G62430,AT5G59820,AT5G59310,AT5G55970,AT5G54470,AT5G54080,AT5G52760,AT5G47160,AT5G45820,AT5G45830,AT5G44260,AT5G44120,AT5G40645,AT5G23220,AT5G23190,AT5G18670,AT5G18340,AT5G17300,AT5G09930,AT5G06900,AT5G06980,AT5G06820,AT5G05410,AT5G02900,AT5G02490,AT5G01380,AT3G63340,AT3G63350,AT3G63460,AT3G62950,AT3G61630,AT3G61930,AT3G59060,AT3G57880,AT3G57040,AT3G54500,AT3G51910,AT3G49790,AT3G47500,AT3G45970,AT3G43160,AT4G38680,AT4G36040,AT4G35770,AT4G33660,AT4G29600,AT4G29330,AT4G28085,AT4G27652,AT4G27150,AT4G26270,AT4G08950,AT4G08880,AT4G08190,AT4G04070,AT4G03710,AT4G02850,AT1G20350,AT3G31460,AT1G69490,AT1G66760,AT2G01029,AT1G66120,AT3G31410,AT3G28270,AT3G32000,AT3G23990,AT3G19270,AT3G22090,AT3G29660,ATMG01360,AT2G14510,AT2G06700,AT3G13270,AT3G13310,AT3G29220,AT3G24500,AT3G27690,AT3G15450,AT3G09440,AT3G03520,AT3G09020,AT1G13260,AT1G01480,AT1G19050,AT1G35480,AT1G73870,AT1G68300,AT2G41850,AT1G43880,AT1G02700,AT1G32900,AT1G26790,AT1G35030,AT1G01720,AT1G01060,AT1G18330,AT1G80820,AT1G80660,AT1G33770,AT1G35490,AT1G79920,AT1G42410,AT1G73000,AT1G75940,AT1G13130,AT3G30420,AT1G54050,AT1G05490,AT2G38830,AT2G10380,AT2G03890,AT2G04063,AT2G42640,AT2G16250,AT2G21820,AT2G36220,AT2G36040,AT2G36030,AT2G42870,AT1G67450,AT1G65490,AT1G09950,AT1G22990,AT1G61340,AT1G08570,AT1G67360,AT1G27090,AT2G20670,AT2G21000,AT2G15700,AT2G07550,AT2G15020,AT2G18610,ATMG00620,AT2G18700,AT2G41250,AT2G41260,AT2G38510,AT2G44840,AT2G37740,AT2G22960,AT2G30090	
4	AT4G36730	AtGBF1	96	1	PWM1292	CisBP	M0264_1.01	26	0.00002400052386370241	0.0016551130495237854	154	ATMG00160,AT2G33160,AT3G29810,AT4G16000,AT4G17800,AT1G56600,AT1G73480,AT5G19875,AT4G36490,AT1G31630,AT5G28160,AT5G25950,AT5G66880,AT5G65390,AT5G64940,AT5G64710,AT5G63990,AT5G64170,AT5G62080,AT5G59310,AT5G58770,AT5G57910,AT5G55970,AT5G55090,AT5G54470,AT5G54080,AT5G52570,AT5G52760,AT5G45820,AT5G45830,AT5G45630,AT5G44260,AT5G44120,AT5G38700,AT5G35920,AT5G24550,AT5G24660,AT5G23220,AT5G23190,AT5G18670,AT5G18340,AT5G17300,AT5G16600,AT5G09590,AT5G09930,AT5G07330,AT5G07010,AT5G06980,AT5G06820,AT5G05860,AT5G04770,AT5G02430,AT5G01380,AT3G63340,AT3G63350,AT3G62950,AT3G61630,AT3G57880,AT3G56380,AT3G54500,AT3G52830,AT3G51910,AT3G49790,AT3G49480,AT3G47420,AT3G47500,AT4G38680,AT4G33660,AT4G30540,AT4G29600,AT4G29330,AT4G27657,AT4G26270,AT4G11220,AT4G10040,AT4G08190,AT4G03840,AT1G16730,AT1G20350,AT1G07180,AT3G12320,AT1G66760,AT1G66120,AT3G31403,AT3G31410,AT3G28270,AT3G32280,AT3G12050,AT3G27170,AT3G19270,AT2G06700,AT3G13310,AT3G29220,AT3G27510,AT3G27810,AT3G27690,AT3G06780,AT3G06560,AT3G07350,AT3G02140,AT3G03520,AT1G13260,AT1G01520,AT1G01480,AT1G19050,AT1G68440,AT1G72540,AT1G41770,AT1G35480,AT1G74310,AT1G73870,AT1G19530,AT1G02700,AT2G12100,AT1G07500,AT1G26790,AT1G35030,AT1G14360,AT1G01720,AT1G18330,AT1G15550,AT1G35490,AT1G56170,AT1G70870,AT1G75940,AT1G59950,AT1G03070,AT2G15310,AT2G03890,AT2G04038,AT2G22240,AT2G16250,AT2G21820,AT2G36220,AT2G36030,AT2G36050,AT2G36080,AT1G09155,AT1G70300,AT1G65490,AT1G61340,AT1G77000,AT2G36640,AT2G15700,AT2G15020,AT2G18610,AT2G18700,AT2G41250,AT2G41260,AT2G03160,AT2G37740,AT2G19320,AT2G19310,AT2G30480	AT1G15580
4	AT5G38860	BIM3	0	na	PWM1277	CisBP	M0163_1.01	27	0.00011282446033247792	0.007492379902819737	150	AT2G39770,AT2G33160,AT4G16000,AT4G17800,AT4G15700,AT1G56600,AT1G73480,AT5G13080,AT5G13170,AT5G19875,AT4G36490,AT1G38950,AT5G15800,AT5G25190,AT5G66880,AT5G65390,AT5G64710,AT5G62910,AT5G62020,AT5G59060,AT5G59070,AT5G59080,AT5G58770,AT5G58787,AT5G57910,AT5G57790,AT5G54470,AT5G40645,AT5G35920,AT5G24550,AT5G23220,AT5G19120,AT5G18340,AT5G17300,AT5G13700,AT5G07760,AT5G07480,AT5G07010,AT5G06980,AT5G06820,AT5G02500,AT5G02430,AT5G01990,AT5G01380,AT3G62950,AT3G62170,AT3G60330,AT3G56380,AT3G54500,AT3G53200,AT3G52780,AT3G52830,AT3G49480,AT3G47440,AT3G46370,AT4G38680,AT4G36040,AT4G29710,AT4G29140,AT4G28085,AT4G27450,AT4G27150,AT4G19430,AT4G12930,AT4G12400,AT4G11220,AT4G09600,AT4G08880,AT4G04590,AT1G16730,AT1G13700,AT3G12320,AT1G69530,AT1G66120,AT1G66100,AT3G31403,AT3G27170,AT3G19270,AT2G06700,AT3G17110,AT3G27810,AT3G27690,AT3G15500,AT3G06780,AT3G09600,AT3G10800,AT3G08970,AT3G07350,AT3G02140,AT3G03520,AT1G13260,AT1G01520,AT1G01480,AT1G72540,AT1G30080,AT1G30070,AT1G41770,AT1G73270,AT1G66380,AT1G74490,AT2G41850,AT2G47270,AT1G07500,AT1G62940,AT1G19610,AT3G29450,AT1G01720,AT1G15550,AT1G33770,AT5G44890,AT1G35570,AT1G56170,AT1G70870,AT1G73000,AT1G50220,AT1G75940,AT1G13130,AT1G13080,AT1G03070,AT2G47180,AT2G04038,AT2G04063,AT2G22240,AT2G21640,AT2G42640,AT2G21650,AT1G59980,AT2G21320,AT2G36030,AT2G36050,AT2G36080,AT2G42870,AT1G09155,AT1G70300,AT1G77000,AT1G23510,AT2G36780,AT2G36640,AT2G06020,AT2G13890,AT2G18700,AT2G41250,AT2G23970,AT2G22860,AT2G44840,AT2G26150,AT2G37740,AT2G23130,AT2G23110,AT2G19320	na
4	AT5G38860	BIM3	0	na	PWM2565	JASPAR	MA0966.1	29	0.00011282446033247792	0.007492379902819737	150	AT2G39770,AT2G33160,AT4G16000,AT4G17800,AT4G15700,AT1G56600,AT1G73480,AT5G13080,AT5G13170,AT5G19875,AT4G36490,AT1G38950,AT5G15800,AT5G25190,AT5G66880,AT5G65390,AT5G64710,AT5G64170,AT5G62910,AT5G62020,AT5G59060,AT5G59070,AT5G59080,AT5G58770,AT5G58787,AT5G57910,AT5G57790,AT5G54470,AT5G40645,AT5G35920,AT5G24550,AT5G23220,AT5G19120,AT5G18340,AT5G17300,AT5G13700,AT5G09590,AT5G09930,AT5G07480,AT5G07010,AT5G06980,AT5G06820,AT5G02500,AT5G02430,AT5G01990,AT5G01380,AT3G62950,AT3G62170,AT3G60330,AT3G56380,AT3G54500,AT3G53200,AT3G52780,AT3G52830,AT3G49480,AT3G47440,AT3G46370,AT4G38680,AT4G36040,AT4G29140,AT4G28085,AT4G27450,AT4G27150,AT4G19430,AT4G12930,AT4G12400,AT4G11220,AT4G09600,AT4G08880,AT4G04590,AT1G16730,AT1G13700,AT3G12320,AT1G69530,AT1G66120,AT1G66100,AT3G27170,AT3G19270,AT2G06700,AT3G17110,AT3G27810,AT3G27690,AT3G15500,AT3G06780,AT3G09600,AT3G10800,AT3G08970,AT3G07350,AT3G02140,AT3G03520,AT1G13260,AT1G01520,AT1G01480,AT1G72540,AT1G30080,AT1G30070,AT1G41770,AT1G73270,AT1G66380,AT1G74490,AT2G41850,AT2G47270,AT1G07500,AT1G62940,AT1G19610,AT3G29450,AT1G01720,AT1G15550,AT1G33770,AT5G44890,AT1G35570,AT1G56170,AT1G70870,AT1G73000,AT1G50220,AT1G75940,AT1G13130,AT1G13080,AT1G03070,AT2G47180,AT2G04038,AT2G04063,AT2G22240,AT2G21640,AT2G42640,AT2G21650,AT1G59980,AT2G21320,AT2G36030,AT2G36050,AT2G36080,AT2G42870,AT1G09155,AT1G70300,AT1G77000,AT2G36780,AT2G36640,AT2G43010,AT2G06020,AT2G13890,AT2G18700,AT2G41250,AT2G23970,AT2G22860,AT2G44840,AT2G26150,AT2G37740,AT2G23130,AT2G23110,AT2G19320	na
4	AT4G16430	JAM3	0	na	PWM2556	JASPAR	MA0957.1	28	0.00011282446033247792	0.007492379902819737	150	AT2G23210,AT2G33160,AT4G17800,AT4G15700,AT1G56600,AT5G04340,AT1G73480,AT1G35140,AT5G13080,AT5G19875,AT4G36490,AT5G15800,AT5G25190,AT5G66100,AT5G66110,AT5G65390,AT5G64710,AT5G64170,AT5G62910,AT5G62280,AT5G62020,AT5G59310,AT5G57910,AT5G57790,AT5G57660,AT5G55970,AT5G50335,AT5G35920,AT5G19120,AT5G22410,AT5G18670,AT5G18340,AT5G17300,AT5G13700,AT5G11220,AT5G07010,AT5G06980,AT5G02500,AT5G02430,AT5G01380,AT3G62170,AT3G60330,AT3G57880,AT3G56380,AT3G53200,AT3G49480,AT3G46370,AT4G38680,AT4G36370,AT4G30290,AT4G29710,AT4G29770,AT4G29140,AT4G28085,AT4G27150,AT4G19430,AT4G12400,AT4G09600,AT4G08300,AT4G05630,AT4G04070,AT1G16730,AT3G31460,AT1G13700,AT1G51000,AT3G12320,AT1G66760,AT1G66120,AT3G31403,AT3G27170,AT3G28120,ATMG01360,AT2G06700,AT2G16290,AT3G17110,AT3G27810,AT3G15770,AT3G15500,AT3G06780,AT3G09600,AT3G10800,AT3G07350,AT3G02140,AT3G03520,AT1G01520,AT1G01480,AT1G72580,AT1G72540,AT1G30080,AT1G30070,AT1G41770,AT1G66380,AT2G41850,AT2G47270,AT1G19530,AT1G43755,AT1G02700,AT2G12100,AT1G07500,AT1G07410,AT1G35740,AT3G29450,AT1G01720,AT1G15580,AT1G15550,AT1G76210,AT1G80820,AT1G35570,AT1G56170,AT1G78080,AT1G70870,AT1G64200,AT1G73000,AT1G50220,AT1G13130,AT1G03070,AT2G47180,AT2G03890,AT2G04063,ATMG00730,AT2G42640,AT2G25230,AT1G59980,AT2G21320,AT2G21690,AT2G36030,AT2G36050,AT2G36080,AT2G03720,AT1G09155,AT1G70300,AT1G09950,AT1G61340,AT1G77000,AT1G55530,AT1G62510,AT2G36780,AT2G06020,AT2G32140,AT2G42380,AT2G24100,AT2G18700,AT2G27080,AT2G41250,AT2G41260,AT2G23970,AT2G46830,AT2G26150,AT2G23110,AT2G45500	na
4	AT4G01120	ATBZIP54	29	299	PWM1232	CisBP	M0262_1.01	30	0.00016293554692256595	0.009738114521072027	149	AT2G33160,AT4G16000,AT4G17800,AT1G56600,AT1G73480,AT5G19875,AT4G36490,AT1G31630,AT5G28160,AT5G25950,AT5G66880,AT5G65390,AT5G64940,AT5G64710,AT5G63990,AT5G64170,AT5G62380,AT5G59310,AT5G58770,AT5G57910,AT5G55970,AT5G55090,AT5G54470,AT5G49690,AT5G45830,AT5G45630,AT5G44120,AT5G35920,AT5G35940,AT5G23220,AT5G22390,AT5G18670,AT5G18340,AT5G17300,AT5G16600,AT5G13700,AT5G11220,AT5G07330,AT5G07480,AT5G07010,AT5G06980,AT5G06820,AT5G05860,AT5G02430,AT5G01380,AT3G63340,AT3G63350,AT3G62950,AT3G56380,AT3G54500,AT3G52780,AT3G52830,AT3G51910,AT3G49790,AT3G49480,AT3G47500,AT3G46230,AT3G46370,AT3G45560,AT4G38680,AT4G36370,AT4G33660,AT4G30540,AT4G29600,AT4G29330,AT4G26270,AT4G11220,AT4G10040,AT4G05630,AT1G16730,AT1G20350,AT3G12320,AT1G66760,AT1G66120,AT1G66090,AT3G32280,AT3G12050,AT3G27170,AT3G28560,AT3G19270,AT3G19680,AT2G25780,AT2G06700,AT1G36950,AT1G06170,AT3G13310,AT3G29220,AT3G17110,AT3G27810,AT3G27690,AT3G06780,AT3G07350,AT3G02140,AT3G03520,AT1G13260,AT1G01520,AT1G01480,AT1G19050,AT1G68440,AT1G72540,AT1G30080,AT1G30070,AT1G41770,AT1G35480,AT1G66380,AT1G74310,AT1G73870,AT2G47270,AT1G19530,AT1G02700,AT1G07500,AT1G07410,AT1G26790,AT1G35030,AT1G14360,AT1G01720,AT1G18330,AT1G47280,AT1G15550,AT1G35490,AT1G02930,AT1G70870,AT1G73000,AT1G75940,AT1G59950,AT1G03070,AT2G04050,AT2G22240,AT2G21820,AT2G36220,AT2G36030,AT2G36050,AT2G36080,AT1G09155,AT1G70300,AT1G61340,AT1G77000,AT2G36640,AT2G15700,AT2G07550,AT2G15020,AT2G18610,AT2G18700,AT2G41250,AT2G37740,AT2G19320,AT2G19310,AT2G30480,AT2G30750	AT2G26520,AT1G67810,AT4G15420,AT4G14130,AT4G17800,AT4G15430,AT4G14270,AT1G56600,AT5G04190,AT5G04340,AT1G35140,AT1G32090,AT5G13170,AT5G19875,AT4G36490,AT5G17030,AT5G15830,AT5G15800,AT1G31630,AT5G28160,AT5G25190,AT5G25350,AT5G25140,AT5G67190,AT5G66880,AT5G66740,AT5G66110,AT5G65390,AT5G65100,AT5G64940,AT5G64710,AT5G62920,AT5G62520,AT5G62430,AT5G62280,AT5G62020,AT5G59820,AT5G59820,AT5G59080,AT5G58770,AT5G58787,AT5G57790,AT5G57660,AT5G57560,AT5G56030,AT5G55090,AT5G54470,AT5G54080,AT5G53250,AT5G53400,AT5G52760,AT5G51810,AT5G49690,AT5G49700,AT5G48540,AT5G47610,AT5G47740,AT5G45820,AT5G45830,AT5G45630,AT5G44260,AT5G44120,AT5G41620,AT5G38700,AT5G37670,AT5G24550,AT5G23730,AT5G23480,AT5G23220,AT5G22920,AT5G23190,AT5G19120,AT5G22390,AT5G18670,AT5G18340,AT5G17300,AT5G16600,AT5G09930,AT5G07010,AT5G06980,AT5G06820,AT5G05860,AT5G05410,AT5G04770,AT5G02490,AT5G02500,AT5G02430,AT5G01990,AT5G01380,AT3G63310,AT3G63350,AT3G63460,AT3G62950,AT3G61630,AT3G61930,AT3G59060,AT3G57880,AT3G58120,AT3G57040,AT3G56290,AT3G54500,AT3G53230,AT3G52780,AT3G52830,AT3G52400,AT3G51680,AT3G51910,AT3G50560,AT3G49790,AT3G47500,AT3G45970,AT4G38960,AT4G38680,AT4G38850,AT4G36370,AT4G36040,AT4G35770,AT4G33660,AT4G30290,AT4G30280,AT4G29330,AT4G29140,AT4G28085,AT4G27652,AT4G27657,AT4G27450,AT4G26270,AT4G25820,AT4G25420,AT4G23493,AT4G20790,AT4G19430,AT4G12410,AT4G11660,AT4G10910,AT4G10040,AT4G09600,AT4G08950,AT4G09150,AT4G08300,AT4G08190,AT4G05070,AT4G03400,AT1G16730,AT1G07180,AT1G13700,AT3G12160,AT1G69530,AT1G69490,AT1G66760,AT5G43620,AT3G28210,AT3G28740,AT3G29640,AT3G27170,AT3G24050,AT3G13470,AT3G19270,AT3G19680,AT3G22090,AT2G25780,AT1G61330,AT2G16290,AT1G06170,AT3G13310,AT3G13370,AT3G17110,AT3G24500,AT3G21660,AT3G27800,AT3G27690,AT3G15770,AT3G16050,AT3G15500,AT3G15450,AT3G06780,AT3G06560,AT3G10800,AT3G07150,AT3G03270,AT3G10020,AT3G09440,AT3G08970,AT3G07350,AT3G02140,AT3G03520,AT3G09020,AT3G07770,AT3G03840,AT1G13310,AT1G13260,AT1G01520,AT1G01480,AT1G19050,AT1G15830,AT1G29450,AT1G69570,AT1G68440,AT1G75100,AT1G68840,AT1G66380,AT1G74310,AT1G80440,AT1G73870,AT1G68300,AT2G41850,AT2G47270,AT2G47190,AT1G55960,AT1G19530,AT1G21890,AT1G21910,AT1G02700,AT1G07500,AT1G32900,AT1G20070,AT1G26790,AT1G26800,AT1G21120,AT1G14360,AT1G63450,AT1G01720,AT1G01190,AT1G01940,AT1G18330,AT1G15580,AT1G15550,AT1G80820,AT1G59590,AT1G78080,AT1G53830,AT1G70870,AT1G71000,AT1G64200,AT1G14200,AT1G13080,AT1G64780,AT1G59950,AT1G65690,AT1G24010,AT1G54050,AT1G03070,AT1G30720,AT2G38830,AT2G47180,AT2G03890,AT2G31730,AT2G42640,AT1G59980,AT2G46360,AT2G24540,AT2G21820,AT2G36220,AT2G36040,AT2G36050,AT2G36080,AT2G42870,AT1G09155,AT1G04130,AT1G70300,AT2G25090,AT1G10050,AT1G09950,AT1G22990,AT1G61340,AT1G08570,AT1G60590,AT1G77000,AT1G27090,AT1G55530,AT2G36640,AT2G43010,AT2G20670,AT2G37170,AT2G15790,AT2G40100,AT2G42360,AT2G42380,AT2G24100,AT2G18700,AT2G29450,AT2G41250,AT2G47730,AT2G46310,AT2G46735,AT2G46830,AT2G22860,AT2G44840,AT2G26150,AT2G39510,AT2G30925,AT2G44130,AT2G02680,AT2G23060,AT2G22960,AT2G23130,AT2G19320,AT2G30480,AT2G30600
4	AT1G75390	AtbZIP44	27	0	PWM2917	DAP-seq	BZIP44_col	31	0.00023347267425141992	0.013503758223638578	148	ATMG00160,AT3G29810,AT4G16000,AT4G15680,AT4G15660,AT1G73480,AT1G32090,AT5G13170,AT5G17030,AT5G28160,AT5G66880,AT5G64710,AT5G64510,AT5G62430,AT5G62080,AT5G59820,AT5G59310,AT5G55970,AT5G54470,AT5G54080,AT5G52760,AT5G47160,AT5G45820,AT5G45830,AT5G44260,AT5G44120,AT5G40645,AT5G35920,AT5G18670,AT5G18340,AT5G17300,AT5G09930,AT5G06900,AT5G06980,AT5G06820,AT5G05410,AT5G02490,AT5G01380,AT3G63340,AT3G63350,AT3G63460,AT3G61630,AT3G61930,AT3G59060,AT3G57880,AT3G57040,AT3G54500,AT3G51910,AT3G49790,AT3G47500,AT3G45970,AT3G43160,AT4G38680,AT4G36040,AT4G35770,AT4G33660,AT4G30490,AT4G29600,AT4G29330,AT4G28085,AT4G27150,AT4G26270,AT4G12930,AT4G10040,AT4G08880,AT4G08190,AT4G07750,AT4G04070,AT4G02850,AT1G20350,AT3G31460,AT1G66760,AT2G01029,AT1G66120,AT1G66090,AT3G31410,AT3G28270,AT3G32000,AT3G19270,AT3G22090,AT3G29660,AT2G14510,AT2G06700,AT3G13270,AT3G13310,AT3G29220,AT3G17110,AT3G24500,AT3G27690,AT3G15450,AT3G09440,AT3G03520,AT3G09020,AT3G11480,AT1G01480,AT1G19050,AT1G15830,AT1G68440,AT1G35480,AT1G73870,AT1G68300,AT2G41850,AT1G02700,AT1G32900,AT1G26790,AT1G35740,AT1G35030,AT1G01720,AT1G01060,AT1G18330,AT1G80820,AT1G80660,AT1G33770,AT1G35490,AT1G79920,AT1G73000,AT3G30420,AT1G54050,AT1G05490,AT2G38830,AT2G10380,AT2G03890,AT2G04063,AT2G42640,AT2G16250,AT2G36220,AT2G36040,AT2G36030,AT2G42870,AT1G09950,AT1G22990,AT1G61340,AT1G08570,AT1G67360,AT2G21000,AT2G15700,AT2G07550,AT2G15020,AT2G18610,ATMG00620,AT2G18700,AT2G41250,AT2G41260,AT2G38510,AT2G30000,AT2G44840,AT2G22960,AT2G30090	
4	AT1G19040	AT1G19040	25	na	PWM3397	DAP-seq	AT1G19040_col	32	0.00023347267425141992	0.013503758223638578	148	AT2G26520,AT1G44414,AT4G15420,AT4G14270,AT1G73480,AT1G57820,AT5G10660,AT4G36490,AT4G36460,AT5G15450,AT5G35280,AT5G28160,AT5G25190,AT5G64940,AT5G62520,AT5G58770,AT5G56110,AT5G54460,AT5G53250,AT5G52640,AT5G52350,AT5G51440,AT5G51270,AT5G48570,AT5G48390,AT5G46730,AT5G39490,AT5G39280,AT5G52090,AT5G24550,AT5G17300,AT5G12020,AT5G12030,AT5G09590,AT5G03550,AT5G02020,AT5G01180,AT3G61630,AT3G60330,AT3G57880,AT3G56380,AT3G52720,AT3G47340,AT3G46230,AT3G45280,AT3G45560,AT3G43970,AT3G42900,AT3G42930,AT3G42080,AT4G39675,AT4G38960,AT4G39235,AT4G30490,AT4G30230,AT4G30270,AT4G26270,AT4G25200,AT4G25340,AT4G22330,AT4G19780,AT4G07350,AT4G04490,AT4G04070,AT4G01180,AT2G30220,AT1G20350,AT1G07180,AT3G28210,AT3G28840,AT3G25650,AT3G28560,AT3G19270,AT3G20180,AT3G13220,AT3G22090,AT2G07749,ATMG01130,ATMG01220,ATMG00060,ATMG00040,AT1G23570,AT1G61330,AT1G06170,AT3G13820,AT3G26290,AT3G26150,AT3G29220,AT3G21170,AT3G14520,AT3G18180,AT3G15770,AT3G06780,AT3G06560,AT3G03270,AT3G11480,AT1G13310,AT1G01480,AT1G19050,AT1G75100,AT1G41770,AT1G35480,AT1G69630,AT2G41850,AT1G21910,AT1G26390,AT1G07500,AT1G07350,AT1G62940,AT1G32900,AT1G05920,AT1G63450,AT1G47790,AT1G15580,AT1G76210,AT1G33817,AT1G33813,AT1G35490,AT1G35570,AT1G59590,AT1G52660,AT1G53830,AT1G74870,AT1G71000,AT1G13200,AT1G59950,AT1G59860,AT2G31380,AT2G38830,AT2G47180,AT2G04050,AT2G04063,AT2G22240,AT2G21640,AT1G10050,AT1G09950,AT1G65970,AT1G23510,AT2G07714,AT2G20670,AT2G07550,AT2G13890,AT2G32140,AT2G07736,AT2G31080,AT2G35570,AT2G23110,AT2G30090	na
4	AT1G59640	bHLH31	24	na	PWM826	CisBP	M0152_1.01	33	0.00023347267425141992	0.013503758223638578	148	AT2G39770,AT2G33160,AT4G16000,AT4G17800,AT1G56600,AT1G73480,AT1G35140,AT5G13170,AT5G19875,AT4G36490,AT5G15800,AT5G66880,AT5G65390,AT5G64710,AT5G62080,AT5G62380,AT5G59310,AT5G59080,AT5G58770,AT5G57910,AT5G57790,AT5G55090,AT5G54470,AT5G51270,AT5G44260,AT5G44120,AT5G35920,AT5G35940,AT5G24550,AT5G22390,AT5G18670,AT5G18340,AT5G17300,AT5G16600,AT5G13700,AT5G09590,AT5G09930,AT5G07010,AT5G06980,AT5G06820,AT5G05410,AT5G02430,AT5G01990,AT5G01380,AT3G63340,AT3G63350,AT3G62950,AT3G60330,AT3G56380,AT3G54500,AT3G52780,AT3G52830,AT3G49480,AT3G46370,AT4G29600,AT4G29710,AT4G28085,AT4G27150,AT4G19430,AT4G12400,AT4G11220,AT4G10040,AT4G09600,AT3G45370,AT4G08770,AT4G05630,AT4G04070,AT1G16730,AT1G51000,AT3G12320,AT1G69530,AT1G66120,AT3G31403,AT3G12050,AT3G27170,AT3G19270,AT2G06700,AT1G50720,AT3G17110,AT3G27810,AT3G27690,AT3G16050,AT3G15500,AT3G06780,AT3G10800,AT3G08970,AT3G07350,AT3G02140,AT3G03520,AT1G13260,AT1G01520,AT1G01480,AT1G68440,AT1G30080,AT1G30070,AT1G41770,AT1G66380,AT1G74310,AT2G41850,AT2G47270,AT1G19530,AT1G07500,AT1G62940,AT1G19610,AT3G29450,AT1G35030,AT1G14360,AT1G01720,AT1G47280,AT1G15550,AT1G33770,AT5G44890,AT1G35490,AT1G35570,AT1G56170,AT1G02930,AT1G53830,AT1G70870,AT1G73000,AT1G75940,AT1G13130,AT1G03070,AT2G04038,AT2G04063,AT2G22240,AT2G42640,AT1G59980,AT2G21320,AT2G46360,AT2G36030,AT2G36050,AT2G36080,AT1G09155,AT1G70300,AT1G61340,AT1G77000,AT2G36640,AT2G43010,AT2G06020,AT2G13890,AT2G32140,AT2G15020,AT2G18700,AT2G41250,AT2G23970,AT2G37740,AT2G19320,AT2G32690	na
4	AT5G62610	AT5G62610	0	0	PWM827	CisBP	M0152_1.01	34	0.00023347267425141992	0.013503758223638578	148	AT2G39770,AT2G33160,AT4G16000,AT4G17800,AT1G56600,AT1G73480,AT1G35140,AT5G13170,AT5G19875,AT4G36490,AT5G15800,AT5G66880,AT5G65390,AT5G64710,AT5G62080,AT5G62380,AT5G59310,AT5G59080,AT5G58770,AT5G57910,AT5G57790,AT5G55090,AT5G54470,AT5G51270,AT5G44260,AT5G44120,AT5G35920,AT5G35940,AT5G24550,AT5G22390,AT5G18670,AT5G18340,AT5G17300,AT5G16600,AT5G13700,AT5G09590,AT5G09930,AT5G07010,AT5G06980,AT5G06820,AT5G05410,AT5G02430,AT5G01990,AT5G01380,AT3G63340,AT3G63350,AT3G62950,AT3G60330,AT3G56380,AT3G54500,AT3G52780,AT3G52830,AT3G49480,AT3G46370,AT4G29600,AT4G29710,AT4G28085,AT4G27150,AT4G19430,AT4G12400,AT4G11220,AT4G10040,AT4G09600,AT3G45370,AT4G08770,AT4G05630,AT4G04070,AT1G16730,AT1G51000,AT3G12320,AT1G69530,AT1G66120,AT3G31403,AT3G12050,AT3G27170,AT3G19270,AT2G06700,AT1G50720,AT3G17110,AT3G27810,AT3G27690,AT3G16050,AT3G15500,AT3G06780,AT3G10800,AT3G08970,AT3G07350,AT3G02140,AT3G03520,AT1G13260,AT1G01520,AT1G01480,AT1G68440,AT1G30080,AT1G30070,AT1G41770,AT1G66380,AT1G74310,AT2G41850,AT2G47270,AT1G19530,AT1G07500,AT1G62940,AT1G19610,AT3G29450,AT1G35030,AT1G14360,AT1G01720,AT1G47280,AT1G15550,AT1G33770,AT5G44890,AT1G35490,AT1G35570,AT1G56170,AT1G02930,AT1G53830,AT1G70870,AT1G73000,AT1G75940,AT1G13130,AT1G03070,AT2G04038,AT2G04063,AT2G22240,AT2G42640,AT1G59980,AT2G21320,AT2G46360,AT2G36030,AT2G36050,AT2G36080,AT1G09155,AT1G70300,AT1G61340,AT1G77000,AT2G36640,AT2G43010,AT2G06020,AT2G13890,AT2G32140,AT2G15020,AT2G18700,AT2G41250,AT2G23970,AT2G37740,AT2G19320,AT2G32690	
4	AT2G46510	AIB	14	na	PWM845	CisBP	M0148_1.01	35	0.00023347267425141992	0.013503758223638578	148	AT4G17800,AT4G15700,AT1G56600,AT1G73480,AT1G35140,AT5G13170,AT4G36490,AT5G17030,AT5G64710,AT5G62280,AT5G62380,AT5G59080,AT5G55970,AT5G54470,AT5G52020,AT5G51270,AT5G45630,AT5G44260,AT5G44120,AT5G35920,AT5G35940,AT5G24550,AT5G23220,AT5G22390,AT5G22410,AT5G18670,AT5G18340,AT5G17300,AT5G13700,AT5G09930,AT5G07330,AT5G06980,AT5G06040,AT5G05410,AT5G02430,AT5G01380,AT3G63340,AT3G63350,AT3G61630,AT3G60330,AT3G56380,AT3G54500,AT3G52780,AT3G52830,AT3G49480,AT3G46370,AT4G29600,AT4G29710,AT4G28085,AT4G27150,AT4G12400,AT4G11220,AT4G09600,AT4G08770,AT4G08190,AT4G05630,AT4G03810,AT4G04070,AT1G16730,AT3G12320,AT5G43620,AT1G66510,AT1G66120,AT3G31403,AT3G27170,AT3G19270,AT2G25780,AT2G06700,AT1G61330,AT1G50720,AT3G17110,AT3G27810,AT3G27690,AT3G16050,AT3G15500,AT3G06780,AT3G10800,AT3G08970,AT3G07350,AT3G02140,AT1G01520,AT1G01480,AT1G60980,AT1G68440,AT1G30080,AT1G30070,AT1G41770,AT1G35480,AT1G66380,AT2G41850,AT2G47270,AT1G02700,AT2G12100,AT1G07500,AT1G62940,AT1G19610,AT1G26790,AT1G35030,AT1G63450,AT1G01720,AT1G47280,AT1G15580,AT1G15550,AT1G64500,AT1G33770,AT5G44890,AT1G35490,AT1G35570,AT1G59590,AT1G56170,AT1G78080,AT1G53830,AT1G70870,AT1G73000,AT1G50220,AT1G75940,AT1G13130,AT1G13080,AT1G03070,AT2G04063,AT2G42640,AT2G21650,AT2G17080,AT1G59980,AT2G21320,AT2G46360,AT2G36030,AT2G36050,AT2G36080,AT2G42870,AT1G09155,AT1G70300,AT1G77000,AT2G36780,AT2G36640,AT2G16620,AT2G06020,AT2G32140,AT2G15020,AT2G18700,AT2G27080,AT2G41250,AT2G38510,AT2G23970,AT2G46830,AT2G23110,AT2G19320,AT2G30750	na
4	AT5G46830	ATNIG1	12	na	PWM846	CisBP	M0148_1.01	36	0.00023347267425141992	0.013503758223638578	148	AT4G17800,AT4G15700,AT1G56600,AT1G73480,AT1G35140,AT5G13170,AT4G36490,AT5G17030,AT5G64710,AT5G62280,AT5G62380,AT5G59080,AT5G55970,AT5G54470,AT5G52020,AT5G51270,AT5G45630,AT5G44260,AT5G44120,AT5G35920,AT5G35940,AT5G24550,AT5G23220,AT5G22390,AT5G22410,AT5G18670,AT5G18340,AT5G17300,AT5G13700,AT5G09930,AT5G07330,AT5G06980,AT5G06040,AT5G05410,AT5G02430,AT5G01380,AT3G63340,AT3G63350,AT3G61630,AT3G60330,AT3G56380,AT3G54500,AT3G52780,AT3G52830,AT3G49480,AT3G46370,AT4G29600,AT4G29710,AT4G28085,AT4G27150,AT4G12400,AT4G11220,AT4G09600,AT4G08770,AT4G08190,AT4G05630,AT4G03810,AT4G04070,AT1G16730,AT3G12320,AT5G43620,AT1G66510,AT1G66120,AT3G31403,AT3G27170,AT3G19270,AT2G25780,AT2G06700,AT1G61330,AT1G50720,AT3G17110,AT3G27810,AT3G27690,AT3G16050,AT3G15500,AT3G06780,AT3G10800,AT3G08970,AT3G07350,AT3G02140,AT1G01520,AT1G01480,AT1G60980,AT1G68440,AT1G30080,AT1G30070,AT1G41770,AT1G35480,AT1G66380,AT2G41850,AT2G47270,AT1G02700,AT2G12100,AT1G07500,AT1G62940,AT1G19610,AT1G26790,AT1G35030,AT1G63450,AT1G01720,AT1G47280,AT1G15580,AT1G15550,AT1G64500,AT1G33770,AT5G44890,AT1G35490,AT1G35570,AT1G59590,AT1G56170,AT1G78080,AT1G53830,AT1G70870,AT1G73000,AT1G50220,AT1G75940,AT1G13130,AT1G13080,AT1G03070,AT2G04063,AT2G42640,AT2G21650,AT2G17080,AT1G59980,AT2G21320,AT2G46360,AT2G36030,AT2G36050,AT2G36080,AT2G42870,AT1G09155,AT1G70300,AT1G77000,AT2G36780,AT2G36640,AT2G16620,AT2G06020,AT2G32140,AT2G15020,AT2G18700,AT2G27080,AT2G41250,AT2G38510,AT2G23970,AT2G46830,AT2G23110,AT2G19320,AT2G30750	na
4	AT3G30530	ATBZIP42	11	na	PWM2914	DAP-seq	BZIP42_col	37	0.0003319363359843966	0.01608545541675738	147	ATMG00650,ATMG00160,AT2G23210,AT3G29810,AT4G15680,AT4G15660,AT4G15700,AT1G73480,AT5G13170,AT5G66880,AT5G64710,AT5G64510,AT5G62430,AT5G59310,AT5G58787,AT5G54470,AT5G54080,AT5G52760,AT5G47740,AT5G47160,AT5G45820,AT5G45830,AT5G44260,AT5G44120,AT5G40360,AT5G40645,AT5G24550,AT5G18670,AT5G17300,AT5G09930,AT5G07480,AT5G06980,AT5G06820,AT5G01380,AT3G63460,AT3G61630,AT3G61930,AT3G59060,AT3G57880,AT3G57040,AT3G54500,AT3G51910,AT3G49790,AT3G47500,AT3G46730,AT3G43160,AT3G43530,AT3G43040,AT4G38680,AT4G36040,AT4G35770,AT4G32280,AT4G30490,AT4G30230,AT4G29600,AT4G28085,AT4G27150,AT4G26270,AT4G10040,AT4G08880,AT4G08190,AT4G07750,AT4G04070,AT4G02980,AT4G02850,AT2G30220,AT3G31460,AT1G66120,AT3G31410,AT3G32000,AT3G23990,AT3G19270,AT3G13220,AT3G22090,AT2G14510,AT2G06700,AT3G13270,AT3G13310,AT3G29220,AT3G24500,AT3G27690,AT3G15450,AT3G09440,AT3G03520,AT3G09020,AT3G11480,AT1G01480,AT1G19050,AT1G35480,AT1G73870,AT1G68300,AT2G41850,AT2G47270,AT1G43880,AT1G02700,AT1G32900,AT1G26790,AT1G35740,AT1G35030,AT1G01720,AT1G33055,AT1G01060,AT1G33100,AT1G01940,AT1G18330,AT1G80820,AT1G80660,AT1G33770,AT5G44890,AT1G35490,AT1G79920,AT1G42410,AT1G73000,AT1G13080,AT1G59950,AT3G30420,AT1G54050,AT1G05490,AT1G30720,AT2G38830,AT2G10380,AT2G03890,AT2G04063,AT2G42640,AT2G16250,AT2G36220,AT2G36040,AT2G36030,AT1G67450,AT1G10050,AT1G65490,AT1G09950,AT1G61340,AT1G08570,AT2G20670,AT2G15700,AT2G07550,AT2G15020,AT2G18610,ATMG00620,AT2G18700,AT2G41250,AT2G41260,AT2G38510,AT2G30000,AT2G44840,AT2G22960	na
4	AT4G34000	ABF3	53	256	PWM954	CisBP	M0263_1.01	38	0.0003319363359843966	0.01608545541675738	147	AT2G23210,AT4G17800,AT4G15700,AT1G56600,AT5G04340,AT1G73480,AT5G13080,AT4G36490,AT5G15800,AT5G15450,AT5G25950,AT5G65390,AT5G64710,AT5G64170,AT5G62730,AT5G59310,AT5G57910,AT5G57790,AT5G57660,AT5G56010,AT5G52570,AT5G50335,AT5G45630,AT5G38700,AT5G35920,AT5G35940,AT5G24550,AT5G22990,AT5G19120,AT5G22410,AT5G18670,AT5G18340,AT5G17300,AT5G11220,AT5G09930,AT5G07760,AT5G07780,AT5G07480,AT5G06980,AT5G05860,AT5G02430,AT3G60940,AT3G60330,AT3G59060,AT3G57880,AT3G56380,AT3G53200,AT3G46370,AT3G45970,AT3G42900,AT4G27657,AT4G22330,AT4G21050,AT4G11220,AT4G09600,AT4G08300,AT4G05630,AT4G04590,AT4G04070,AT1G16730,AT3G31460,AT3G12320,AT1G69530,AT1G66760,AT1G66690,AT3G31403,AT3G28840,AT3G28740,AT3G27170,AT3G24050,AT3G19270,AT3G19680,AT3G28120,AT2G06700,AT2G16290,AT3G25170,AT3G17110,AT3G16970,AT3G15770,AT3G22840,AT3G16050,AT3G15500,AT3G06780,AT3G09600,AT3G10800,AT3G02140,AT1G01520,AT1G01480,AT1G19050,AT1G42710,AT1G72580,AT1G41770,AT1G66380,AT1G80440,AT1G19530,AT1G21550,AT1G02700,AT2G12100,AT1G32900,AT1G35740,AT1G01720,AT1G49560,AT1G01940,AT1G15580,AT1G15550,AT1G80820,AT1G35570,AT1G56170,AT1G78080,AT1G70870,AT1G71000,AT1G64200,AT1G13130,AT1G13080,AT1G59860,AT1G65690,AT1G54050,AT2G47180,AT2G04050,AT2G25230,AT2G36040,AT1G09140,AT1G70300,AT2G25140,AT1G61340,AT1G77000,AT1G67360,AT1G55530,AT1G62510,AT1G31040,AT2G36780,AT2G16620,AT2G06020,AT2G32140,AT2G42360,AT2G15120,AT2G19550,AT2G24100,AT2G18700,AT2G41250,AT2G41260,AT2G38510,AT2G31080,AT2G23970,AT2G46830,AT2G45500,AT2G30750	AT2G26520,AT1G67810,AT4G17800,AT4G15430,AT4G14270,AT1G56600,AT5G04190,AT5G04340,AT1G73480,AT1G35140,AT1G32090,AT5G13170,AT5G19875,AT4G37010,AT5G15830,AT5G15800,AT5G15450,AT1G31630,AT5G25190,AT5G25350,AT5G25140,AT5G67190,AT5G66880,AT5G66110,AT5G65390,AT5G65100,AT5G64710,AT5G62920,AT5G62520,AT5G62430,AT5G62280,AT5G62020,AT5G59820,AT5G59080,AT5G58787,AT5G57910,AT5G57790,AT5G57660,AT5G57560,AT5G56030,AT5G55090,AT5G54470,AT5G54080,AT5G53250,AT5G51810,AT5G49690,AT5G49700,AT5G48540,AT5G47610,AT5G45830,AT5G45630,AT5G44260,AT5G41620,AT5G38700,AT5G23220,AT5G22920,AT5G19120,AT5G18670,AT5G18340,AT5G17300,AT5G16600,AT5G11680,AT5G07780,AT5G07330,AT5G07010,AT5G06980,AT5G06820,AT5G05860,AT5G05410,AT5G04770,AT5G02500,AT5G02430,AT5G01990,AT5G01380,AT3G63310,AT3G63340,AT3G63460,AT3G62950,AT3G61630,AT3G59060,AT3G57880,AT3G58120,AT3G57040,AT3G56290,AT3G54500,AT3G52780,AT3G52830,AT3G51910,AT3G50560,AT3G49790,AT3G47500,AT3G45970,AT4G38960,AT4G38680,AT4G38850,AT4G36370,AT4G36040,AT4G35770,AT4G33660,AT4G30290,AT4G30280,AT4G30270,AT4G29330,AT4G29140,AT4G28085,AT4G27652,AT4G27450,AT4G25820,AT4G25420,AT4G23493,AT4G12410,AT4G11660,AT4G11220,AT4G10910,AT4G10040,AT4G08950,AT4G09150,AT4G05070,AT4G02980,AT1G16730,AT1G07180,AT1G13700,AT3G12160,AT1G69530,AT1G69490,AT1G66760,AT3G28740,AT3G29640,AT3G27170,AT3G24050,AT3G22570,AT3G19270,AT3G19680,AT2G25780,AT2G16290,AT1G06170,AT3G13310,AT3G13370,AT3G25170,AT3G17110,AT3G23150,AT3G24500,AT3G27810,AT3G27690,AT3G15770,AT3G16050,AT3G15500,AT3G06780,AT3G10800,AT3G07090,AT3G03270,AT3G10020,AT3G09440,AT3G08970,AT3G07350,AT3G02140,AT3G03520,AT3G09020,AT3G07770,AT3G03840,AT1G13260,AT1G01520,AT1G01480,AT1G19050,AT1G29450,AT1G69570,AT1G68440,AT1G75100,AT1G68840,AT1G66380,AT1G74310,AT1G80440,AT1G73870,AT1G68300,AT2G47270,AT2G43820,AT1G19530,AT1G21910,AT1G02700,AT2G12100,AT1G07500,AT1G32900,AT1G20070,AT1G26790,AT1G26800,AT1G21120,AT1G14360,AT1G01720,AT1G33055,AT1G01060,AT1G49560,AT1G18330,AT1G15580,AT1G15550,AT1G80820,AT1G80660,AT1G59590,AT1G78080,AT1G53830,AT1G70870,AT1G71000,AT1G64200,AT1G14200,AT1G13080,AT1G65690,AT1G54050,AT1G03070,AT1G30720,AT2G38830,AT2G47180,AT2G03890,AT2G04038,AT1G26860,AT1G59980,AT2G24540,AT2G21820,AT2G36460,AT2G36220,AT2G36040,AT2G36050,AT2G36080,AT2G42870,AT1G04130,AT1G70300,AT2G25090,AT1G09950,AT1G22990,AT1G61340,AT1G08570,AT1G60590,AT1G77000,AT1G62510,AT2G43010,AT2G20670,AT2G37170,AT2G40100,AT2G32140,AT2G42380,AT2G24100,AT2G18700,AT2G29450,AT2G41250,AT2G47730,AT2G31080,AT2G46310,AT2G46735,AT2G22860,AT2G44840,AT2G39510,AT2G30925,AT2G44130,AT2G02680,AT2G23060,AT2G23130,AT2G45500,AT2G30600
4	AT4G36540	BEE2	13	0	PWM2555	JASPAR	MA0956.1	39	0.000468234333656694	0.021526773339652625	146	AT2G39770,AT2G33160,AT4G16000,AT4G17800,AT1G56600,AT1G73480,AT5G13170,AT5G19875,AT4G36490,AT5G15800,AT5G25190,AT5G66880,AT5G66100,AT5G65390,AT5G64710,AT5G62380,AT5G59080,AT5G58770,AT5G57910,AT5G57790,AT5G55970,AT5G54470,AT5G51270,AT5G44260,AT5G44120,AT5G41620,AT5G39490,AT5G35920,AT5G24550,AT5G18670,AT5G18340,AT5G17300,AT5G16600,AT5G13700,AT5G09590,AT5G09930,AT5G07480,AT5G07010,AT5G06980,AT5G06820,AT5G05410,AT5G02430,AT5G01990,AT5G01380,AT3G63340,AT3G63350,AT3G62950,AT3G60330,AT3G56380,AT3G54500,AT3G53200,AT3G52780,AT3G52830,AT3G49480,AT3G46370,AT4G28085,AT4G27150,AT4G19430,AT4G12400,AT4G11220,AT4G09600,AT4G08770,AT1G16730,AT3G12320,AT1G69530,AT1G66120,AT3G31403,AT3G27170,AT3G30660,AT3G19270,AT2G06700,AT3G17110,AT3G27810,AT3G27690,AT3G16050,AT3G15500,AT3G02380,AT3G06780,AT3G06990,AT3G10800,AT3G08970,AT3G07350,AT3G02140,AT3G03520,AT1G13260,AT1G01520,AT1G01480,AT1G30080,AT1G30070,AT1G41770,AT1G66380,AT1G74490,AT2G41850,AT2G47270,AT1G19530,AT1G07500,AT1G62940,AT1G19610,AT1G26790,AT3G29450,AT1G01720,AT1G01060,AT1G15580,AT1G15550,AT1G33770,AT5G44890,AT1G35570,AT1G56170,AT1G53830,AT1G70870,AT1G73000,AT1G75940,AT1G13130,AT1G13080,AT1G03070,AT2G47180,AT2G04038,AT2G04063,AT2G22240,AT2G42640,AT1G59980,AT2G21320,AT2G36040,AT2G36030,AT2G36050,AT2G36080,AT2G42870,AT1G09155,AT1G70300,AT1G65970,AT1G77000,AT1G23510,AT2G36640,AT2G43010,AT2G16620,AT2G06020,AT2G13890,AT2G32140,AT2G18700,AT2G41250,AT2G23970,AT2G22860,AT2G37740,AT2G23110,AT2G19320,AT2G32690	
4	AT4G36540	BEE2	13	0	PWM964	CisBP	M0160_1.01	62	0.0012535581219581806	0.03809541885883082	143	AT2G39770,AT2G33160,AT4G16000,AT4G17800,AT1G56600,AT1G73480,AT5G13170,AT5G19875,AT4G36490,AT5G15800,AT5G25190,AT5G66880,AT5G65390,AT5G64710,AT5G62380,AT5G59080,AT5G58770,AT5G57910,AT5G57790,AT5G55970,AT5G54470,AT5G51270,AT5G44260,AT5G44120,AT5G41620,AT5G35920,AT5G24550,AT5G18670,AT5G18340,AT5G17300,AT5G16600,AT5G13700,AT5G09590,AT5G09930,AT5G07010,AT5G06980,AT5G06820,AT5G05410,AT5G02430,AT5G01990,AT5G01380,AT3G63340,AT3G63350,AT3G62950,AT3G60330,AT3G56380,AT3G54500,AT3G53200,AT3G52780,AT3G52830,AT3G49480,AT3G46370,AT4G29710,AT4G28085,AT4G27150,AT4G19430,AT4G12400,AT4G11220,AT4G09600,AT4G08770,AT1G16730,AT3G12320,AT1G69530,AT1G66120,AT3G31403,AT3G27170,AT3G30660,AT3G19270,AT2G06700,AT3G17110,AT3G27810,AT3G27690,AT3G16050,AT3G15500,AT3G02380,AT3G06780,AT3G06990,AT3G10800,AT3G08970,AT3G07350,AT3G02140,AT3G03520,AT1G13260,AT1G01520,AT1G01480,AT1G30080,AT1G30070,AT1G41770,AT1G66380,AT1G74490,AT2G41850,AT2G47270,AT1G19530,AT1G07500,AT1G62940,AT1G19610,AT3G29450,AT1G01720,AT1G01060,AT1G15580,AT1G15550,AT1G33770,AT5G44890,AT1G35570,AT1G56170,AT1G53830,AT1G70870,AT1G73000,AT1G75940,AT1G13130,AT1G13080,AT1G03070,AT2G47180,AT2G04038,AT2G04063,AT2G22240,AT2G42640,AT1G59980,AT2G21320,AT2G36040,AT2G36030,AT2G36050,AT2G36080,AT2G42870,AT1G09155,AT1G70300,AT1G65970,AT1G77000,AT1G23510,AT2G36640,AT2G43010,AT2G16620,AT2G06020,AT2G13890,AT2G32140,AT2G18700,AT2G41250,AT2G23970,AT2G22860,AT2G37740,AT2G23110,AT2G19320,AT2G32690	
4	AT1G01260	JAM2	0	0	PWM2557	JASPAR	MA0958.1	40	0.000468234333656694	0.021526773339652625	146	AT2G23210,AT2G33160,AT4G17800,AT4G15700,AT1G56600,AT5G04340,AT1G73480,AT1G35140,AT5G13080,AT5G19875,AT4G36490,AT5G15800,AT5G15450,AT5G25190,AT5G66100,AT5G66110,AT5G65390,AT5G64710,AT5G64170,AT5G62910,AT5G62280,AT5G62020,AT5G59310,AT5G57910,AT5G57790,AT5G57660,AT5G55970,AT5G50335,AT5G46960,AT5G35920,AT5G19120,AT5G22410,AT5G18670,AT5G18340,AT5G17300,AT5G13700,AT5G11220,AT5G07480,AT5G07010,AT5G06980,AT5G05860,AT5G02500,AT5G02430,AT5G01990,AT5G01380,AT3G62170,AT3G60330,AT3G57880,AT3G56380,AT3G53200,AT3G49480,AT3G46370,AT4G38680,AT4G36370,AT4G30290,AT4G29140,AT4G28085,AT4G19430,AT4G12400,AT4G09600,AT4G08300,AT4G05630,AT4G04070,AT1G16730,AT3G31460,AT1G07180,AT1G13700,AT3G12320,AT1G66760,AT1G66120,AT3G31403,AT3G27170,AT3G24050,AT3G28120,ATMG01360,AT2G06700,AT2G16290,AT3G17110,AT3G27810,AT3G15770,AT3G15500,AT3G06780,AT3G09600,AT3G10800,AT3G07350,AT3G02140,AT1G01520,AT1G01480,AT1G72580,AT1G72540,AT1G41770,AT1G66380,AT2G41850,AT2G47270,AT1G19530,AT1G43755,AT1G02700,AT2G12100,AT1G07500,AT1G07410,AT1G35740,AT3G29450,AT1G01720,AT1G49560,AT1G15580,AT1G15550,AT1G35570,AT1G56170,AT1G70870,AT1G64200,AT1G73000,AT1G50220,AT1G13130,AT1G13080,AT1G65690,AT2G47180,AT2G04063,ATMG00730,AT2G42640,AT2G25230,AT1G59980,AT2G21320,AT2G36030,AT2G36050,AT2G36080,AT2G03720,AT1G09155,AT1G70300,AT1G09950,AT1G61340,AT1G77000,AT1G67360,AT1G55530,AT1G62510,AT2G36780,AT2G06020,AT2G32140,AT2G42380,AT2G15120,AT2G24100,AT2G18700,AT2G41260,AT2G23970,AT2G26150,AT2G23110,AT2G45500	
4	AT5G08130	BIM1	10	0	PWM2563	JASPAR	MA0964.1	41	0.000468234333656694	0.021526773339652625	146	AT2G39770,AT4G17800,AT1G56600,AT1G73480,AT1G35140,AT5G13170,AT4G36490,AT1G38950,AT5G15800,AT5G66880,AT5G64710,AT5G64170,AT5G62080,AT5G62380,AT5G59060,AT5G59070,AT5G59080,AT5G58770,AT5G58787,AT5G57910,AT5G55970,AT5G55090,AT5G54470,AT5G53400,AT5G48540,AT5G45630,AT5G40645,AT5G40320,AT5G38700,AT5G35920,AT5G35940,AT5G23220,AT5G23190,AT5G18340,AT5G17300,AT5G13700,AT5G09590,AT5G09930,AT5G07010,AT5G06980,AT5G05410,AT5G02430,AT5G01990,AT5G01380,AT3G62950,AT3G61630,AT3G60330,AT3G56380,AT3G54500,AT3G53200,AT3G52780,AT3G52830,AT3G49480,AT3G46370,AT4G36040,AT4G29710,AT4G28085,AT4G27150,AT4G12400,AT4G11220,AT4G09600,AT4G08950,AT4G04590,AT4G03810,AT4G04070,AT1G16730,AT1G13700,AT3G12320,AT1G69530,AT1G66690,AT1G66120,AT3G31403,AT3G27170,AT3G24050,AT3G19270,AT2G06700,AT3G17110,AT3G27810,AT3G27690,AT3G16050,AT3G15500,AT3G06780,AT3G10800,AT3G08970,AT3G07350,AT3G02140,AT3G03520,AT1G13260,AT1G01520,AT1G01480,AT1G72540,AT1G41770,AT1G66380,AT1G74490,AT2G41850,AT2G47270,AT1G19530,AT1G07500,AT1G07350,AT1G62940,AT1G19610,AT1G32900,AT1G26790,AT3G29450,AT1G63450,AT1G01720,AT1G15550,AT1G35490,AT1G35570,AT1G59590,AT1G56170,AT1G02930,AT1G53830,AT1G70870,AT1G73000,AT1G75940,AT1G13130,AT1G59950,AT1G03070,AT2G47180,AT2G04038,AT2G04063,AT2G42640,AT2G21650,AT2G17080,AT1G59980,AT2G21320,AT2G46360,AT2G36030,AT2G36050,AT2G36080,AT2G42870,AT1G09155,AT1G70300,AT1G77000,AT1G31040,AT2G36780,AT2G06020,AT2G18700,AT2G27080,AT2G41250,AT2G26150,AT2G37740,AT2G23110,AT2G19320,AT2G30480	
4	AT5G08130	BIM1	10	0	PWM918	CisBP	M0162_1.01	51	0.0006553193428913389	0.02499973578306746	145	AT2G39770,AT4G17800,AT1G56600,AT1G73480,AT1G35140,AT5G13170,AT4G36490,AT1G38950,AT5G15800,AT5G66880,AT5G64710,AT5G64170,AT5G62080,AT5G62380,AT5G59060,AT5G59070,AT5G59080,AT5G58770,AT5G58787,AT5G57910,AT5G55970,AT5G54470,AT5G53400,AT5G48540,AT5G45630,AT5G40645,AT5G40320,AT5G38700,AT5G35920,AT5G35940,AT5G23220,AT5G23190,AT5G18340,AT5G17300,AT5G13700,AT5G09590,AT5G09930,AT5G07010,AT5G06980,AT5G05410,AT5G02430,AT5G01990,AT5G01380,AT3G62950,AT3G61630,AT3G60330,AT3G56380,AT3G54500,AT3G53200,AT3G52780,AT3G52830,AT3G49480,AT3G46370,AT4G36040,AT4G29710,AT4G28085,AT4G27150,AT4G12400,AT4G11220,AT4G09600,AT4G08950,AT4G04590,AT4G03810,AT4G04070,AT1G16730,AT1G13700,AT3G12320,AT1G69530,AT1G69490,AT1G66690,AT1G66120,AT3G31403,AT3G27170,AT3G24050,AT3G19270,AT2G06700,AT3G17110,AT3G27810,AT3G27690,AT3G16050,AT3G15500,AT3G06780,AT3G10800,AT3G08970,AT3G07350,AT3G02140,AT3G03520,AT1G13260,AT1G01520,AT1G01480,AT1G41770,AT1G66380,AT1G74490,AT2G41850,AT2G47270,AT1G19530,AT1G07500,AT1G07350,AT1G62940,AT1G19610,AT1G32900,AT1G26790,AT3G29450,AT1G63450,AT1G01720,AT1G15550,AT1G35490,AT1G35570,AT1G59590,AT1G56170,AT1G02930,AT1G53830,AT1G70870,AT1G73000,AT1G75940,AT1G13130,AT1G59950,AT1G03070,AT2G47180,AT2G04038,AT2G04063,AT2G42640,AT2G21650,AT2G17080,AT1G59980,AT2G21320,AT2G46360,AT2G36030,AT2G36050,AT2G36080,AT2G42870,AT1G09155,AT1G70300,AT1G77000,AT1G31040,AT2G36780,AT2G06020,AT2G18700,AT2G27080,AT2G41250,AT2G26150,AT2G37740,AT2G23110,AT2G19320,AT2G30480	
4	AT2G22750	AT2G22750	24	na	PWM2884	DAP-seq	BHLH18_col	42	0.000468234333656694	0.021526773339652625	146	AT4G17800,AT5G22060,AT5G04340,AT1G73480,AT1G73510,AT5G28510,AT4G36490,AT1G58170,AT5G66880,AT5G65100,AT5G64710,AT5G62520,AT5G62020,AT5G59305,AT5G58770,AT5G57910,AT5G54470,AT5G50335,AT5G49450,AT5G44260,AT5G44120,AT5G40645,AT5G35940,AT5G35600,AT5G19120,AT5G18340,AT5G17300,AT5G13700,AT5G11220,AT5G07760,AT5G07010,AT5G06980,AT5G06040,AT5G04770,AT5G02500,AT5G01990,AT3G62950,AT3G62170,AT3G61930,AT3G60330,AT3G59060,AT3G57880,AT3G56380,AT3G54500,AT3G52780,AT3G49480,AT3G46370,AT3G42930,AT4G38960,AT4G38680,AT4G30450,AT4G27657,AT4G27150,AT4G25810,AT4G25820,AT4G23680,AT4G22330,AT4G12400,AT4G11220,AT4G09600,AT3G45370,AT4G08880,AT4G07350,AT4G04070,AT1G16730,AT1G20350,AT1G07180,AT1G13700,AT3G12320,AT5G43620,AT1G66510,AT1G66120,AT3G31403,AT3G31410,AT3G28740,AT3G27170,AT3G19270,AT3G28120,AT2G06700,AT3G29220,AT3G17110,AT3G15770,AT3G22840,AT3G06780,AT3G09600,AT3G07350,AT3G02140,AT3G03520,AT3G11480,AT1G13260,AT1G01520,AT1G01480,AT1G72540,AT1G41770,AT1G36030,AT1G74490,AT1G19530,AT1G43755,AT1G19610,AT1G32900,AT3G29450,AT1G33100,AT1G15580,AT1G33820,AT1G33817,AT5G44890,AT1G35490,AT1G79920,AT1G59590,AT1G56170,AT1G70870,AT1G64200,AT1G73000,AT1G75940,AT1G59950,AT2G47180,AT2G03890,AT2G04050,AT2G42640,AT2G21650,AT2G15360,AT1G59980,AT2G46360,AT2G21820,AT2G36030,AT2G36050,AT2G36080,AT5G19015,AT1G70300,AT1G60590,AT1G77000,AT1G55530,AT2G36780,AT2G43010,AT2G15700,AT2G32140,AT2G18610,AT2G11270,AT2G18700,AT2G41250,AT2G31080,AT2G44840,AT2G26150,AT2G37740,AT2G30090,AT2G45500	na
4	AT4G16150	CAMTA5	0	na	PWM3072	DAP-seq	CAMTA5_col	44	0.000468234333656694	0.021526773339652625	146	AT4G17800,AT4G15680,AT4G15700,AT1G56600,AT1G73480,AT1G57820,AT5G28430,AT5G15800,AT5G25190,AT5G65100,AT5G62520,AT5G62080,AT5G59080,AT5G57660,AT5G55970,AT5G55090,AT5G54470,AT5G52020,AT5G47610,AT5G46730,AT5G40360,AT5G40645,AT5G38700,AT5G35940,AT5G35600,AT5G22390,AT5G22410,AT5G18340,AT5G16600,AT5G11220,AT5G09930,AT5G06040,AT5G05410,AT5G01180,AT3G61930,AT3G60330,AT3G59060,AT3G49790,AT3G45970,AT3G43530,AT3G42930,AT4G39675,AT4G38680,AT4G36040,AT4G32170,AT4G30540,AT4G30280,AT4G28085,AT4G27652,AT4G27150,AT4G12400,AT4G08880,AT4G08190,AT4G05630,AT4G05070,AT4G04490,AT4G03810,AT4G04070,AT4G03760,AT1G16730,AT3G12160,AT2G01029,AT1G54923,AT5G43620,AT1G66510,AT1G66090,AT3G28840,AT3G27170,AT3G24050,AT3G13470,AT3G28560,AT2G25780,AT1G61330,AT1G36950,AT1G50720,AT3G29220,AT3G17110,AT3G23150,AT3G21660,AT3G16050,AT3G06780,AT3G06990,AT3G09600,AT3G10800,AT3G10020,AT3G03660,AT1G13260,AT1G01480,AT1G15830,AT1G42710,AT1G60980,AT1G41797,AT1G41770,AT1G35480,AT1G19530,AT1G07500,AT1G35740,AT3G29450,AT1G35030,AT1G63450,AT1G33100,AT1G47280,AT1G15580,AT1G33770,AT1G35490,AT1G56170,AT1G78080,AT1G53830,AT1G73000,AT1G31280,AT1G13130,AT1G59860,AT2G04210,AT2G04050,AT2G15360,AT2G25230,AT2G36040,AT2G36050,AT5G19015,AT1G09155,AT1G65490,AT1G09950,AT1G65970,AT1G60590,AT1G62510,AT1G31040,AT2G36640,AT2G43010,AT2G20670,AT2G15720,AT2G13890,AT2G42360,AT2G18610,AT2G24100,AT2G18700,AT2G27080,AT2G41250,AT2G41260,AT2G31080,AT2G46735,AT2G46830,AT2G22860,AT2G30000,AT2G23060,AT2G45500,AT2G30750	na
4	AT3G10800	bZIP28	21	na	PWM883	CisBP	M0259_1.01	45	0.000468234333656694	0.021526773339652625	146	AT4G17800,AT1G56600,AT5G22060,AT1G73480,AT5G13080,AT5G13170,AT4G36460,AT5G66880,AT5G65100,AT5G64510,AT5G64170,AT5G62080,AT5G59820,AT5G57790,AT5G55970,AT5G54470,AT5G54080,AT5G52760,AT5G46730,AT5G45830,AT5G45630,AT5G44120,AT5G43150,AT5G38700,AT5G35920,AT5G35940,AT5G24550,AT5G23220,AT5G22390,AT5G18670,AT5G18340,AT5G17300,AT5G09590,AT5G09930,AT5G07480,AT5G06980,AT5G06820,AT5G01380,AT3G63340,AT3G63350,AT3G61630,AT3G61930,AT3G60940,AT3G57880,AT3G54500,AT3G53200,AT3G52780,AT3G52830,AT3G51680,AT3G50150,AT3G47340,AT3G46370,AT3G45560,AT4G38680,AT4G30490,AT4G29600,AT4G29330,AT4G27652,AT4G27150,AT4G26270,AT4G23680,AT4G08880,AT4G07750,AT4G04490,AT4G04070,AT1G16730,AT1G20350,AT3G31460,AT3G12320,AT1G69530,AT1G66760,AT5G43620,AT1G66120,AT3G28210,AT3G12050,AT3G27170,AT3G22570,AT3G28560,AT3G14200,AT3G19270,AT2G25780,AT2G06700,AT1G23570,AT1G61330,AT1G36950,AT1G06170,AT1G50720,AT3G17110,AT3G27810,AT3G27690,AT3G16050,AT3G06780,AT3G07350,AT3G02140,AT1G01480,AT1G42710,AT1G60980,AT1G41770,AT1G35480,AT1G66380,AT1G73870,AT2G41850,AT2G43820,AT1G19530,AT1G02700,AT1G35030,AT1G14360,AT1G63450,AT1G01720,AT1G47280,AT1G80820,AT1G35490,AT1G59590,AT1G56170,AT1G02930,AT1G70870,AT1G62740,AT1G75940,AT1G13130,AT1G13080,AT1G59950,AT1G03070,AT2G10380,AT2G47180,AT2G04063,AT2G16250,AT2G21820,AT2G36220,AT2G36030,AT2G36050,AT2G36080,AT1G09950,AT1G77000,AT1G67360,AT2G36640,AT2G43010,AT2G20670,AT2G15700,AT2G40100,AT2G15020,AT2G18700,AT2G44840,AT2G37740,AT2G19320,AT2G32690,AT2G30750	na
4	AT3G56660	BZIP49	2	na	PWM884	CisBP	M0259_1.01	46	0.000468234333656694	0.021526773339652625	146	AT4G17800,AT1G56600,AT5G22060,AT1G73480,AT5G13080,AT5G13170,AT4G36460,AT5G66880,AT5G65100,AT5G64510,AT5G64170,AT5G62080,AT5G59820,AT5G57790,AT5G55970,AT5G54470,AT5G54080,AT5G52760,AT5G46730,AT5G45830,AT5G45630,AT5G44120,AT5G43150,AT5G38700,AT5G35920,AT5G35940,AT5G24550,AT5G23220,AT5G22390,AT5G18670,AT5G18340,AT5G17300,AT5G09590,AT5G09930,AT5G07480,AT5G06980,AT5G06820,AT5G01380,AT3G63340,AT3G63350,AT3G61630,AT3G61930,AT3G60940,AT3G57880,AT3G54500,AT3G53200,AT3G52780,AT3G52830,AT3G51680,AT3G50150,AT3G47340,AT3G46370,AT3G45560,AT4G38680,AT4G30490,AT4G29600,AT4G29330,AT4G27652,AT4G27150,AT4G26270,AT4G23680,AT4G08880,AT4G07750,AT4G04490,AT4G04070,AT1G16730,AT1G20350,AT3G31460,AT3G12320,AT1G69530,AT1G66760,AT5G43620,AT1G66120,AT3G28210,AT3G12050,AT3G27170,AT3G22570,AT3G28560,AT3G14200,AT3G19270,AT2G25780,AT2G06700,AT1G23570,AT1G61330,AT1G36950,AT1G06170,AT1G50720,AT3G17110,AT3G27810,AT3G27690,AT3G16050,AT3G06780,AT3G07350,AT3G02140,AT1G01480,AT1G42710,AT1G60980,AT1G41770,AT1G35480,AT1G66380,AT1G73870,AT2G41850,AT2G43820,AT1G19530,AT1G02700,AT1G35030,AT1G14360,AT1G63450,AT1G01720,AT1G47280,AT1G80820,AT1G35490,AT1G59590,AT1G56170,AT1G02930,AT1G70870,AT1G62740,AT1G75940,AT1G13130,AT1G13080,AT1G59950,AT1G03070,AT2G10380,AT2G47180,AT2G04063,AT2G16250,AT2G21820,AT2G36220,AT2G36030,AT2G36050,AT2G36080,AT1G09950,AT1G77000,AT1G67360,AT2G36640,AT2G43010,AT2G20670,AT2G15700,AT2G40100,AT2G15020,AT2G18700,AT2G44840,AT2G37740,AT2G19320,AT2G32690,AT2G30750	na
4	AT1G34190	anac017	3	0	PWM3355	DAP-seq	ANAC017_col	48	0.0006553193428913389	0.02499973578306746	145	ATMG00670,AT1G67810,AT4G15420,AT4G14270,AT1G56600,AT1G73480,AT1G57820,AT5G28510,AT5G10660,AT4G36490,AT4G36460,AT5G17030,AT5G35280,AT5G28160,AT5G62730,AT5G58770,AT5G57790,AT5G55970,AT5G56110,AT5G54460,AT5G53250,AT5G52640,AT5G52350,AT5G51440,AT5G48570,AT5G48390,AT5G44260,AT5G38700,AT5G52090,AT5G23220,AT5G23190,AT5G18160,AT5G03550,AT5G02020,AT3G61630,AT3G56380,AT3G54500,AT3G47340,AT3G45560,AT3G43970,AT3G42900,AT3G42080,AT4G39235,AT4G33660,AT4G30290,AT4G30490,AT4G30230,AT4G30270,AT4G27652,AT4G27150,AT4G26270,AT4G25200,AT4G25340,AT4G21323,AT4G20790,AT4G19780,AT4G07350,AT4G02550,AT4G01180,AT2G30220,AT1G20350,AT1G07180,AT2G01029,AT3G28270,AT3G25650,AT3G32000,AT3G28560,AT3G19270,AT3G13220,AT3G22090,AT2G07749,ATMG01130,ATMG01220,ATMG00060,AT2G14510,AT1G23570,AT1G61330,AT3G13820,AT3G14520,AT3G18180,AT3G15770,AT3G06780,AT3G06560,AT3G07090,AT3G03270,AT3G11480,AT1G13310,AT1G01520,AT1G01480,AT1G75100,AT1G41770,AT1G35480,AT1G33960,AT1G69630,AT2G41850,AT1G19530,AT1G26390,AT1G07500,AT1G62940,AT1G32900,AT1G32850,AT1G05920,AT1G35030,AT1G47790,AT1G33817,AT1G33813,AT1G35490,AT1G35570,AT1G59590,AT1G52660,AT1G74870,AT1G71000,AT1G13200,AT1G13130,AT1G64940,AT1G59950,AT1G59860,AT1G03070,AT2G47180,AT2G04050,AT2G04063,AT2G22240,AT2G31730,AT2G21640,AT2G21820,AT1G61860,AT1G10050,AT1G09950,AT1G22990,AT1G65970,AT1G23510,ATMG00430,AT2G07714,AT2G20670,AT2G15700,AT2G07550,AT2G13890,AT2G32140,AT2G07736,AT2G12290,AT2G29300,AT2G39510,AT2G23110,AT2G30090,AT2G45500	
4	AT5G01380	GT3a	30	1	PWM3509	DAP-seq	GT3A_col	49	0.0006553193428913389	0.02499973578306746	145	AT2G23210,AT4G17800,AT5G13080,AT4G36490,AT5G15800,AT5G15450,AT5G27660,AT5G25950,AT5G25190,AT5G66880,AT5G65390,AT5G64940,AT5G64170,AT5G59310,AT5G59080,AT5G57910,AT5G57660,AT5G55970,AT5G55090,AT5G54460,AT5G50335,AT5G45630,AT5G41620,AT5G39280,AT5G38700,AT5G35920,AT5G35940,AT5G24550,AT5G19120,AT5G22410,AT5G18340,AT5G17300,AT5G13700,AT5G11220,AT5G09930,AT5G07010,AT5G06980,AT5G05860,AT5G02020,AT5G01380,AT3G61630,AT3G60940,AT3G60330,AT3G59060,AT3G57880,AT3G56380,AT3G53200,AT3G52780,AT3G47340,AT3G46230,AT3G46370,AT4G39890,AT4G38680,AT4G30540,AT4G29710,AT4G27450,AT4G23680,AT4G11220,AT4G08880,AT4G08300,AT4G07350,AT4G05630,AT4G04590,AT1G16730,AT1G51000,AT3G12320,AT1G66760,AT1G66120,AT3G31403,AT3G28740,AT3G29420,AT3G27170,AT3G24050,AT3G19680,AT2G06700,AT2G16290,AT3G17110,AT3G19780,AT3G27810,AT3G16050,AT3G15500,AT3G15450,AT3G06780,AT3G09600,AT3G07350,AT3G02140,AT3G03520,AT1G13260,AT1G01520,AT1G60980,AT1G72540,AT1G66380,AT1G19530,AT1G21550,AT1G32900,AT1G21120,AT1G71690,AT1G01720,AT1G01060,AT1G49560,AT1G15580,AT1G15550,AT1G80820,AT1G33820,AT1G33817,AT1G35490,AT1G35570,AT1G56170,AT1G70870,AT1G64200,AT1G73000,AT1G73050,AT1G75940,AT1G13080,AT1G03070,AT2G47180,AT2G42640,AT1G59980,AT2G21820,AT2G36030,AT2G36080,AT1G09155,AT1G70300,AT1G61340,AT1G08570,AT1G77000,AT1G55530,AT1G62510,AT2G36780,AT2G16620,AT2G13890,AT2G40100,AT2G32140,AT2G11270,AT2G24100,AT2G18700,AT2G27580,AT2G41250,AT2G41260,AT2G46240,AT2G22860,AT2G44840,AT2G37740,AT2G45500,AT2G32690	AT1G15580
4	AT2G40950	BZIP17	5	1	PWM882	CisBP	M0259_1.01	50	0.0006553193428913389	0.02499973578306746	145	AT4G17800,AT1G56600,AT5G22060,AT1G73480,AT5G13080,AT5G13170,AT4G36460,AT5G66880,AT5G65100,AT5G64510,AT5G64170,AT5G62080,AT5G59820,AT5G57790,AT5G55970,AT5G54470,AT5G54080,AT5G52760,AT5G46730,AT5G45830,AT5G45630,AT5G44120,AT5G43150,AT5G38700,AT5G35920,AT5G35940,AT5G24550,AT5G23220,AT5G22390,AT5G18670,AT5G18340,AT5G17300,AT5G09590,AT5G09930,AT5G07480,AT5G06980,AT5G06820,AT5G01380,AT3G63340,AT3G63350,AT3G61630,AT3G61930,AT3G60940,AT3G57880,AT3G54500,AT3G53200,AT3G52780,AT3G52830,AT3G51680,AT3G50150,AT3G47340,AT3G46370,AT3G45560,AT4G38680,AT4G30490,AT4G29600,AT4G29330,AT4G27652,AT4G27150,AT4G26270,AT4G23680,AT4G08880,AT4G07750,AT4G04490,AT4G04070,AT1G16730,AT1G20350,AT3G31460,AT3G12320,AT1G69530,AT1G66760,AT5G43620,AT1G66120,AT3G28210,AT3G12050,AT3G27170,AT3G22570,AT3G28560,AT3G14200,AT3G19270,AT2G25780,AT2G06700,AT1G23570,AT1G61330,AT1G36950,AT1G06170,AT1G50720,AT3G17110,AT3G27810,AT3G27690,AT3G16050,AT3G06780,AT3G07350,AT3G02140,AT1G01480,AT1G42710,AT1G60980,AT1G41770,AT1G35480,AT1G66380,AT1G73870,AT2G41850,AT2G43820,AT1G19530,AT1G02700,AT1G35030,AT1G14360,AT1G63450,AT1G01720,AT1G47280,AT1G80820,AT1G35490,AT1G59590,AT1G56170,AT1G02930,AT1G70870,AT1G62740,AT1G75940,AT1G13080,AT1G59950,AT1G03070,AT2G10380,AT2G47180,AT2G04063,AT2G16250,AT2G21820,AT2G36220,AT2G36030,AT2G36050,AT2G36080,AT1G09950,AT1G77000,AT1G67360,AT2G36640,AT2G43010,AT2G20670,AT2G15700,AT2G40100,AT2G15020,AT2G18700,AT2G44840,AT2G37740,AT2G19320,AT2G32690,AT2G30750	AT2G44840
4	AT1G45249	ABF2	4	0	PWM1178	CisBP	M0252_1.01	52	0.0009099466560375412	0.0313756606591406	144	AT4G16000,AT4G17800,AT1G56600,AT1G73480,AT4G36490,AT5G15450,AT5G25950,AT5G66880,AT5G65390,AT5G64940,AT5G64710,AT5G64170,AT5G62020,AT5G59310,AT5G59080,AT5G57910,AT5G57790,AT5G57660,AT5G55970,AT5G55090,AT5G54470,AT5G49700,AT5G45630,AT5G43150,AT5G35920,AT5G24550,AT5G18670,AT5G18340,AT5G17300,AT5G11220,AT5G09930,AT5G07480,AT5G06980,AT5G06820,AT5G05860,AT5G04770,AT5G02430,AT5G01380,AT3G62950,AT3G61630,AT3G60330,AT3G59060,AT3G57880,AT3G56380,AT3G54500,AT3G53200,AT3G52780,AT3G49480,AT3G46370,AT4G36040,AT4G33660,AT4G30490,AT4G29330,AT4G28085,AT4G27657,AT4G11220,AT4G10040,AT4G09600,AT4G05630,AT4G04590,AT4G04070,AT1G16730,AT3G31460,AT1G07180,AT3G12320,AT1G66760,AT1G66690,AT1G66120,AT3G31403,AT3G29420,AT3G27170,AT3G24050,AT3G19270,AT3G19680,AT2G06700,AT3G25170,AT3G17110,AT3G16050,AT3G15500,AT3G02380,AT3G06780,AT3G09640,AT3G10800,AT3G08970,AT3G07350,AT3G02140,AT1G01520,AT1G01480,AT1G68440,AT1G41770,AT1G66380,AT1G73870,AT1G19530,AT1G02700,AT1G07500,AT1G01720,AT1G01060,AT1G49560,AT1G15580,AT1G80820,AT1G35570,AT1G56170,AT1G78080,AT1G70870,AT1G71000,AT1G64200,AT1G73000,AT1G73050,AT1G75940,AT1G13080,AT1G65690,AT1G03070,AT2G22240,AT2G42640,AT1G26860,AT2G21320,AT2G21820,AT2G36030,AT2G36050,AT2G36080,AT1G09155,AT1G70300,AT1G61340,AT1G77000,AT1G55530,AT1G62510,AT2G36640,AT2G43010,AT2G16620,AT2G06020,AT2G32140,AT2G42360,AT2G15120,AT2G24100,AT2G18700,AT2G41250,AT2G41260,AT2G46830,AT2G37740,AT2G23130,AT2G23110,AT2G30090,AT2G19320,AT2G45500	
4	AT1G45249	ABF2	4	0	PWM2540	JASPAR	MA0941.1	53	0.0009099466560375412	0.0313756606591406	144	AT4G16000,AT4G17800,AT1G56600,AT1G73480,AT4G36490,AT5G15450,AT5G25950,AT5G66880,AT5G65390,AT5G64940,AT5G64710,AT5G64170,AT5G62020,AT5G59310,AT5G59080,AT5G57910,AT5G57790,AT5G57660,AT5G55970,AT5G55090,AT5G54470,AT5G49700,AT5G45630,AT5G43150,AT5G35920,AT5G24550,AT5G18670,AT5G18340,AT5G17300,AT5G11220,AT5G09930,AT5G07480,AT5G06980,AT5G06820,AT5G05860,AT5G04770,AT5G02430,AT5G01380,AT3G62950,AT3G61630,AT3G60330,AT3G59060,AT3G57880,AT3G56380,AT3G54500,AT3G53200,AT3G52780,AT3G49480,AT3G46370,AT4G36040,AT4G33660,AT4G30490,AT4G29330,AT4G28085,AT4G27657,AT4G11220,AT4G10040,AT4G09600,AT4G05630,AT4G04590,AT4G04070,AT1G16730,AT3G31460,AT1G07180,AT3G12320,AT1G66760,AT1G66120,AT3G31403,AT3G29420,AT3G27170,AT3G24050,AT3G19270,AT3G19680,AT2G06700,AT3G25170,AT3G17110,AT3G16050,AT3G15500,AT3G02380,AT3G06780,AT3G09640,AT3G10800,AT3G08970,AT3G07350,AT3G02140,AT1G01520,AT1G01480,AT1G68440,AT1G41770,AT1G66380,AT1G73870,AT1G19530,AT1G02700,AT1G07500,AT1G01720,AT1G01060,AT1G49560,AT1G15580,AT1G80820,AT1G33770,AT1G35570,AT1G56170,AT1G78080,AT1G70870,AT1G71000,AT1G64200,AT1G73000,AT1G73050,AT1G75940,AT1G13080,AT1G65690,AT1G03070,AT2G22240,AT2G42640,AT1G26860,AT2G21320,AT2G21820,AT2G36030,AT2G36050,AT2G36080,AT1G09155,AT1G70300,AT1G61340,AT1G77000,AT1G55530,AT1G62510,AT2G36640,AT2G43010,AT2G16620,AT2G06020,AT2G32140,AT2G42360,AT2G15120,AT2G24100,AT2G18700,AT2G41250,AT2G41260,AT2G46830,AT2G37740,AT2G23130,AT2G23110,AT2G30090,AT2G19320,AT2G45500	
4	AT5G15830	AtbZIP3	32	1	PWM2913	DAP-seq	BZIP3_col	55	0.0009099466560375412	0.0313756606591406	144	ATMG00160,AT3G29810,AT4G17800,AT4G15680,AT4G15660,AT1G73480,AT1G32090,AT5G13170,AT5G19875,AT4G36490,AT5G15450,AT5G28160,AT5G66880,AT5G64940,AT5G64710,AT5G64510,AT5G62430,AT5G59310,AT5G58770,AT5G57790,AT5G55970,AT5G54470,AT5G54080,AT5G52760,AT5G47160,AT5G45820,AT5G45830,AT5G44260,AT5G44120,AT5G40645,AT5G24550,AT5G23190,AT5G18670,AT5G18340,AT5G17300,AT5G09930,AT5G07330,AT5G07480,AT5G06900,AT5G06980,AT5G06820,AT5G05410,AT5G02900,AT5G02490,AT5G01380,AT3G63340,AT3G63350,AT3G63460,AT3G62950,AT3G61630,AT3G61930,AT3G59060,AT3G57880,AT3G57040,AT3G54500,AT3G51910,AT3G49790,AT3G47500,AT3G45970,AT4G38680,AT4G36040,AT4G35770,AT4G29600,AT4G29330,AT4G28085,AT4G27150,AT4G26270,AT4G08880,AT4G08190,AT1G20350,AT3G31460,AT1G66760,AT2G01029,AT1G66120,AT3G31403,AT3G31410,AT3G28740,AT3G28270,AT3G32000,AT3G19270,AT3G22090,AT2G14510,AT2G06700,AT3G13270,AT3G13310,AT3G29220,AT3G24500,AT3G27690,AT3G16050,AT3G06560,AT3G09440,AT3G08970,AT3G07350,AT3G03520,AT1G13260,AT1G19050,AT1G41770,AT1G74310,AT1G73870,AT1G68300,AT2G41850,AT1G02700,AT1G32900,AT1G35030,AT1G01720,AT1G01060,AT1G18330,AT1G15550,AT1G80820,AT1G79920,AT1G70870,AT2G48140,AT1G73000,AT1G75940,AT3G30420,AT1G54050,AT1G03070,AT1G05490,AT2G38830,AT2G10380,AT2G03890,AT2G04063,AT2G42640,AT2G16250,AT2G21820,AT2G36220,AT2G36030,AT2G42870,AT1G67450,AT1G22990,AT1G61340,AT1G08570,AT1G77000,AT1G67360,AT2G21000,AT2G15700,AT2G15020,AT2G18700,AT2G41250,AT2G41260,AT2G30000,AT2G37740,AT2G30090,AT2G19320	AT5G15830
4	AT5G46760	MYC3	4	0	PWM879	CisBP	M0164_1.01	56	0.0009099466560375412	0.0313756606591406	144	AT4G17800,AT4G15700,AT1G56600,AT1G73480,AT1G35140,AT1G57820,AT5G13170,AT4G36490,AT5G66880,AT5G64710,AT5G62080,AT5G62380,AT5G59080,AT5G58770,AT5G57910,AT5G57790,AT5G57660,AT5G55090,AT5G54470,AT5G51270,AT5G45630,AT5G44260,AT5G43150,AT5G41620,AT5G40320,AT5G38700,AT5G35920,AT5G35940,AT5G24550,AT5G23220,AT5G22410,AT5G18340,AT5G17300,AT5G13700,AT5G09930,AT5G06980,AT5G02430,AT5G01380,AT3G63340,AT3G63350,AT3G61630,AT3G60330,AT3G59060,AT3G56380,AT3G54500,AT3G52780,AT3G52830,AT3G49480,AT3G46370,AT4G28085,AT4G12400,AT4G11220,AT4G09600,AT4G08770,AT4G08190,AT4G05630,AT4G04590,AT4G04070,AT1G16730,AT3G12320,AT1G66760,AT1G66120,AT3G31403,AT3G27170,AT3G30660,AT3G23990,AT3G24050,AT3G19270,AT3G19680,AT2G25780,AT2G06700,AT1G50720,AT3G17110,AT3G27510,AT3G27810,AT3G27690,AT3G23460,AT3G16050,AT3G15500,AT3G02380,AT3G06780,AT3G10800,AT3G08970,AT3G07350,AT3G02140,AT1G01520,AT1G01480,AT1G68440,AT1G72540,AT1G30080,AT1G30070,AT1G41770,AT1G66380,AT1G74490,AT2G41850,AT1G19530,AT1G07500,AT1G62940,AT1G19610,AT1G32900,AT1G14360,AT1G01720,AT1G47280,AT1G15580,AT1G15550,AT1G80820,AT1G64500,AT1G33770,AT5G44890,AT1G56170,AT1G02930,AT1G78080,AT1G53830,AT1G70870,AT1G73000,AT1G50220,AT1G75940,AT1G13130,AT1G13080,AT1G03070,AT2G04038,AT2G04063,AT2G42640,AT2G17080,AT1G59980,AT2G21320,AT2G46360,AT2G36030,AT2G36050,AT2G36080,AT2G42870,AT1G09155,AT1G70300,AT1G77000,AT2G06020,AT2G32140,AT2G18700,AT2G27080,AT2G23970,AT2G46830,AT2G26150,AT2G23110,AT2G19320,AT2G30750	
4	AT1G03970	GBF4	4	0	PWM994	CisBP	M0319_1.01	57	0.0009099466560375412	0.0313756606591406	144	AT2G23210,AT2G33160,AT4G17800,AT4G14530,AT4G14270,AT1G56600,AT5G04340,AT1G73480,AT5G13080,AT5G19875,AT4G36490,AT5G15450,AT5G65390,AT5G64940,AT5G64710,AT5G64170,AT5G59310,AT5G59080,AT5G57910,AT5G57790,AT5G57660,AT5G55970,AT5G55090,AT5G54460,AT5G52570,AT5G50335,AT5G45630,AT5G43150,AT5G41620,AT5G35920,AT5G35940,AT5G22410,AT5G18670,AT5G18340,AT5G17300,AT5G11220,AT5G09590,AT5G09930,AT5G07480,AT5G07010,AT5G06980,AT5G06820,AT5G05860,AT5G02430,AT5G01380,AT3G62950,AT3G61630,AT3G59060,AT3G57880,AT3G56380,AT3G53200,AT3G52780,AT3G47340,AT4G38960,AT4G36040,AT4G30490,AT4G27657,AT4G22330,AT4G11220,AT4G10040,AT4G08300,AT4G07350,AT4G05630,AT4G04070,AT1G16730,AT3G31460,AT3G12320,AT1G66760,AT1G66120,AT3G31403,AT3G27170,AT3G24050,AT3G19270,AT3G19680,AT3G28120,AT2G06700,AT2G16290,AT3G17110,AT3G15770,AT3G16050,AT3G15500,AT3G02380,AT3G06780,AT3G09640,AT3G10800,AT3G07350,AT3G02140,AT1G01520,AT1G01480,AT1G68440,AT1G72580,AT1G41770,AT1G73870,AT1G19530,AT1G02700,AT2G12100,AT1G07500,AT1G32900,AT1G14360,AT1G01720,AT1G01060,AT1G49560,AT1G15580,AT1G15550,AT1G80820,AT1G35490,AT1G35570,AT1G79920,AT1G56170,AT1G02930,AT1G78080,AT1G70870,AT1G71000,AT1G64200,AT1G73050,AT1G13080,AT1G59950,AT1G65690,AT1G03070,AT2G47180,AT2G22240,AT1G70300,AT1G61340,AT1G60590,AT1G77000,AT1G67360,AT1G55530,AT1G62510,AT2G36780,AT2G36640,AT2G43010,AT2G40100,AT2G32140,AT2G15120,AT2G24100,AT2G18700,AT2G41250,AT2G41260,AT2G31080,AT2G46830,AT2G23130,AT2G19320,AT2G45500,AT2G30640	
4	AT5G44080	AT5G44080	0	0	PWM995	CisBP	M0319_1.01	58	0.0009099466560375412	0.0313756606591406	144	AT2G23210,AT2G33160,AT4G17800,AT4G14530,AT4G14270,AT1G56600,AT5G04340,AT1G73480,AT5G13080,AT5G19875,AT4G36490,AT5G15450,AT5G65390,AT5G64940,AT5G64710,AT5G64170,AT5G59310,AT5G59080,AT5G57910,AT5G57790,AT5G57660,AT5G55970,AT5G55090,AT5G54460,AT5G52570,AT5G50335,AT5G45630,AT5G43150,AT5G41620,AT5G35920,AT5G35940,AT5G22410,AT5G18670,AT5G18340,AT5G17300,AT5G11220,AT5G09590,AT5G09930,AT5G07480,AT5G07010,AT5G06980,AT5G06820,AT5G05860,AT5G02430,AT5G01380,AT3G62950,AT3G61630,AT3G59060,AT3G57880,AT3G56380,AT3G53200,AT3G52780,AT3G47340,AT4G38960,AT4G36040,AT4G30490,AT4G27657,AT4G22330,AT4G11220,AT4G10040,AT4G08300,AT4G07350,AT4G05630,AT4G04070,AT1G16730,AT3G31460,AT3G12320,AT1G66760,AT1G66120,AT3G31403,AT3G27170,AT3G24050,AT3G19270,AT3G19680,AT3G28120,AT2G06700,AT2G16290,AT3G17110,AT3G15770,AT3G16050,AT3G15500,AT3G02380,AT3G06780,AT3G09640,AT3G10800,AT3G07350,AT3G02140,AT1G01520,AT1G01480,AT1G68440,AT1G72580,AT1G41770,AT1G73870,AT1G19530,AT1G02700,AT2G12100,AT1G07500,AT1G32900,AT1G14360,AT1G01720,AT1G01060,AT1G49560,AT1G15580,AT1G15550,AT1G80820,AT1G35490,AT1G35570,AT1G79920,AT1G56170,AT1G02930,AT1G78080,AT1G70870,AT1G71000,AT1G64200,AT1G73050,AT1G13080,AT1G59950,AT1G65690,AT1G03070,AT2G47180,AT2G22240,AT1G70300,AT1G61340,AT1G60590,AT1G77000,AT1G67360,AT1G55530,AT1G62510,AT2G36780,AT2G36640,AT2G43010,AT2G40100,AT2G32140,AT2G15120,AT2G24100,AT2G18700,AT2G41250,AT2G41260,AT2G31080,AT2G46830,AT2G23130,AT2G19320,AT2G45500,AT2G30640	
4	AT3G23210	bHLH34	8	0	PWM2887	DAP-seq	BHLH34_col	59	0.0012535581219581806	0.03809541885883082	143	AT4G17800,AT1G56600,AT1G73480,AT1G57820,AT5G13080,AT5G13170,AT5G28420,AT5G28430,AT4G36490,AT5G15450,AT5G64940,AT5G64710,AT5G64170,AT5G62020,AT5G59820,AT5G59310,AT5G59080,AT5G58770,AT5G58787,AT5G57790,AT5G55090,AT5G54470,AT5G52760,AT5G43150,AT5G40645,AT5G35920,AT5G35940,AT5G22410,AT5G18670,AT5G18340,AT5G17300,AT5G13700,AT5G09590,AT5G09930,AT5G07330,AT5G07480,AT5G06980,AT5G06820,AT5G02430,AT5G01990,AT5G01380,AT3G62950,AT3G61630,AT3G60330,AT3G59060,AT3G57880,AT3G56380,AT3G52780,AT3G49480,AT4G38960,AT4G38680,AT4G32170,AT4G30450,AT4G30490,AT4G29140,AT4G28085,AT4G27657,AT4G27150,AT4G12400,AT4G11220,AT4G10040,AT4G09600,AT4G07750,AT1G16730,AT1G13700,AT3G12320,AT1G69530,AT1G66120,AT3G31403,AT3G28840,AT3G28740,AT3G27170,AT3G24050,AT3G19270,AT3G17110,AT3G27510,AT3G15770,AT3G16050,AT3G17611,AT3G02380,AT3G06780,AT3G09640,AT3G09600,AT3G10800,AT3G07350,AT3G02140,AT3G03520,AT1G01520,AT1G01480,AT1G68440,AT1G72580,AT1G41770,AT1G66380,AT1G74310,AT1G73870,AT2G41850,AT1G19530,AT1G43755,AT1G02700,AT1G07500,AT1G07410,AT1G19610,AT3G29450,AT1G14360,AT1G01720,AT1G49560,AT1G18330,AT1G32680,AT1G15550,AT1G79920,AT1G56170,AT1G02930,AT1G78080,AT1G70870,AT1G73000,AT1G73050,AT1G75940,AT1G13130,AT1G59950,AT1G03070,AT2G47180,AT2G22240,AT1G59980,AT2G21320,AT2G36050,AT2G36080,AT1G09155,AT1G09950,AT1G61340,AT1G60590,AT1G77000,AT2G36640,AT2G43010,AT2G15700,AT2G06020,AT2G07550,AT2G18700,AT2G46830,AT2G22860,AT2G26150,AT2G37740,AT2G23110,AT2G30090	
4	AT3G23210	bHLH34	8	0	PWM1481	CisBP	M0156_1.01	67	0.0017132923702414718	0.047998956560046234	142	AT2G39770,AT2G33160,AT4G16000,AT4G17800,AT4G15700,AT1G56600,AT1G73480,AT1G35140,AT5G13080,AT5G13170,AT5G19875,AT4G36490,AT1G38950,AT5G15800,AT5G25190,AT5G66100,AT5G66110,AT5G64710,AT5G62910,AT5G62380,AT5G62020,AT5G59820,AT5G59060,AT5G59070,AT5G58770,AT5G57790,AT5G55970,AT5G54470,AT5G50335,AT5G44260,AT5G40645,AT5G35920,AT5G19120,AT5G18340,AT5G13700,AT5G09930,AT5G07010,AT5G06980,AT5G02500,AT5G01990,AT5G01380,AT3G62170,AT3G61630,AT3G60330,AT3G56380,AT3G54500,AT3G53200,AT3G49480,AT3G46370,AT4G39675,AT4G38960,AT4G38680,AT4G38850,AT4G36370,AT4G29140,AT4G28085,AT4G27150,AT4G19430,AT4G12400,AT4G11220,AT4G09600,AT4G08300,AT4G04070,AT1G16730,AT1G07180,AT3G12320,AT1G69530,AT1G66760,AT1G66120,AT3G31403,AT3G12050,AT3G27170,AT3G19270,AT3G19680,AT2G06700,AT3G17110,AT3G15500,AT3G06780,AT3G09600,AT3G10800,AT3G08970,AT3G07350,AT3G02140,AT3G03520,AT1G01520,AT1G01480,AT1G72580,AT1G72540,AT1G41770,AT1G66380,AT2G41850,AT1G43755,AT1G21910,AT1G07500,AT1G07410,AT1G19610,AT1G35740,AT3G29450,AT1G63450,AT1G01720,AT1G18330,AT1G15550,AT5G44890,AT1G35570,AT1G56170,AT1G78080,AT1G53830,AT1G70870,AT1G73000,AT1G50220,AT1G75940,AT1G13130,AT1G13080,AT1G03070,AT2G47180,AT2G04063,AT2G42640,AT1G59980,AT2G21320,AT2G21690,AT2G36030,AT2G36050,AT2G36080,AT1G09155,AT1G70300,AT1G09950,AT1G77000,AT1G62510,AT2G36780,AT2G06020,AT2G42380,AT2G24100,AT2G18700,AT2G27080,AT2G41250,AT2G23970,AT2G46735,AT2G46830,AT2G22860,AT2G26150,AT2G23110,AT2G19320	
4	AT1G69010	BIM2	0	0	PWM2898	DAP-seq	BIM2_col	60	0.0012535581219581806	0.03809541885883082	143	AT2G39770,AT4G15700,AT1G73480,AT1G73510,AT5G13080,AT5G13170,AT5G19875,AT4G36490,AT5G35280,AT5G66880,AT5G64710,AT5G62020,AT5G59310,AT5G59080,AT5G58770,AT5G58787,AT5G54470,AT5G53400,AT5G52020,AT5G44260,AT5G44120,AT5G40645,AT5G40320,AT5G35920,AT5G22410,AT5G18670,AT5G18340,AT5G17300,AT5G13700,AT5G11220,AT5G07760,AT5G07480,AT5G06980,AT5G06820,AT5G04770,AT5G01990,AT5G01380,AT3G63340,AT3G62950,AT3G62170,AT3G60330,AT3G59060,AT3G57880,AT3G56380,AT3G54500,AT3G53200,AT3G49480,AT4G38680,AT4G32170,AT4G29140,AT4G28085,AT4G27657,AT4G27150,AT4G25340,AT4G23110,AT4G12400,AT4G11220,AT4G09600,AT4G08770,AT4G08880,AT4G04590,AT4G03810,AT4G04070,AT1G16730,AT1G13700,AT3G12320,AT1G69530,AT1G69490,AT1G66510,AT3G31403,AT3G28840,AT3G28740,AT3G27170,AT3G24050,AT3G19270,ATMG01360,AT2G25780,AT3G29220,AT3G17110,AT3G16050,AT3G06780,AT3G09600,AT3G07350,AT3G02140,AT1G01480,AT1G42710,AT1G72540,AT1G41770,AT1G66380,AT1G74490,AT1G74310,AT2G41850,AT1G19530,AT1G12150,AT1G07410,AT1G19610,AT1G32900,AT1G26800,AT3G29450,AT1G14360,AT1G01720,AT1G33100,AT1G15580,AT1G15550,AT1G79920,AT1G56170,AT1G02930,AT1G52560,AT1G53830,AT1G70870,AT1G73000,AT1G50220,AT1G75940,AT1G13130,AT1G59950,AT1G03070,AT2G47180,AT2G04050,AT2G21640,AT2G42640,AT2G21650,AT1G59980,AT2G21320,AT2G46360,AT2G21820,AT2G36050,AT2G36080,AT1G09155,AT1G61340,AT1G61410,AT1G60590,AT1G77000,AT1G23510,AT2G32140,AT2G42380,AT2G18700,AT2G41250,AT2G31080,AT2G44840,AT2G26150,AT2G37740,AT2G23110,AT2G30090	
4	AT3G19290	ABF4	58	207	PWM746	AGRIS		61	0.0012535581219581806	0.03809541885883082	143	ATMG00630,AT2G33160,AT4G16000,AT4G15680,AT4G15660,AT4G14270,AT1G56600,AT5G19875,AT1G31630,AT5G28160,AT5G25950,AT5G66880,AT5G65390,AT5G64940,AT5G64170,AT5G59310,AT5G59080,AT5G58770,AT5G57790,AT5G57660,AT5G57560,AT5G55090,AT5G54470,AT5G52570,AT5G45820,AT5G45830,AT5G44260,AT5G43150,AT5G40360,AT5G40645,AT5G38700,AT5G35920,AT5G24550,AT5G23220,AT5G23190,AT5G18670,AT5G18340,AT5G17950,AT5G17300,AT5G16600,AT5G09590,AT5G09930,AT5G07010,AT5G06820,AT5G02430,AT5G01990,AT5G01380,AT3G63340,AT3G63350,AT3G62950,AT3G59060,AT3G57880,AT3G56380,AT3G54500,AT3G52830,AT3G49790,AT4G38960,AT4G33660,AT4G29330,AT4G27657,AT4G27450,AT4G27150,AT4G25420,AT4G19430,AT4G10040,AT4G08770,AT4G08190,AT4G04590,AT4G03760,AT4G02550,AT1G16730,AT1G07180,AT3G12320,AT1G69530,AT1G66760,AT1G66120,AT3G31403,AT3G19270,AT3G19680,ATMG01060,AT3G26290,AT3G27510,AT3G27810,AT3G16050,AT3G02380,AT3G06780,AT3G08970,AT3G02140,AT3G03520,AT3G11480,AT1G13260,AT1G01520,AT1G42710,AT1G68440,AT1G72540,AT1G30080,AT1G41770,AT1G73870,AT1G19530,AT1G21910,AT1G02700,AT1G07500,AT1G32900,AT1G33100,AT1G18330,AT1G35490,AT1G53830,AT1G70870,AT1G71000,AT2G48140,AT1G73000,AT1G73050,AT1G75940,AT1G59950,AT1G03070,AT2G15310,AT2G03890,AT2G04038,AT2G22240,AT2G42640,AT1G26860,AT1G59980,AT2G21820,AT2G36030,AT2G36050,AT2G36080,AT2G42870,AT1G09155,AT1G09950,AT1G60590,AT1G77000,AT2G36640,AT2G43010,AT2G18700,AT2G29300,AT2G41250,AT2G41260,AT2G26150,AT2G37740,AT2G23130,AT2G19320,AT2G19310,AT2G30750	AT2G26520,AT1G67810,AT4G14130,AT4G17800,AT4G15690,AT4G14270,AT1G56600,AT5G13170,AT5G19875,AT5G15800,AT5G15450,AT5G25190,AT5G67190,AT5G66880,AT5G66110,AT5G65390,AT5G65100,AT5G64710,AT5G62920,AT5G62430,AT5G62380,AT5G62020,AT5G59820,AT5G59820,AT5G59080,AT5G58770,AT5G57790,AT5G57660,AT5G56030,AT5G55090,AT5G54470,AT5G54080,AT5G49690,AT5G49700,AT5G48540,AT5G45830,AT5G45630,AT5G44260,AT5G23220,AT5G22920,AT5G19120,AT5G18670,AT5G18340,AT5G17300,AT5G16600,AT5G09590,AT5G09930,AT5G07330,AT5G07010,AT5G06980,AT5G06820,AT5G05860,AT5G05410,AT5G04770,AT5G02500,AT5G02430,AT3G63310,AT3G63340,AT3G63460,AT3G62950,AT3G61630,AT3G59060,AT3G57810,AT3G57880,AT3G58120,AT3G57040,AT3G56290,AT3G54500,AT3G52780,AT3G52830,AT3G51680,AT3G51910,AT3G50560,AT3G49790,AT3G47500,AT3G45970,AT4G38960,AT4G38680,AT4G38850,AT4G36370,AT4G36040,AT4G35770,AT4G33660,AT4G30270,AT4G29330,AT4G29140,AT4G28085,AT4G27652,AT4G27657,AT4G22740,AT4G12410,AT4G11220,AT4G10910,AT4G10040,AT4G09600,AT4G08950,AT1G16730,AT1G07180,AT1G13700,AT1G69530,AT1G69490,AT1G69490,AT1G66760,AT3G28740,AT3G29640,AT3G27170,AT3G24050,AT3G19270,AT3G19680,AT2G16290,AT1G06170,AT3G26290,AT3G13310,AT3G24500,AT3G27690,AT3G15770,AT3G16050,AT3G15500,AT3G15500,AT3G15450,AT3G06780,AT3G09640,AT3G09600,AT3G07090,AT3G03270,AT3G08970,AT3G07350,AT3G09350,AT3G02140,AT3G03520,AT1G13260,AT1G01520,AT1G01480,AT1G19050,AT1G69570,AT1G68440,AT1G75100,AT1G68840,AT1G74310,AT1G80440,AT1G73870,AT1G68300,AT2G47270,AT2G47190,AT1G19530,AT1G02700,AT2G12100,AT1G07500,AT1G32900,AT1G20070,AT1G26790,AT1G26800,AT1G14360,AT1G01720,AT1G01060,AT1G18330,AT1G15580,AT1G80820,AT1G80660,AT1G78080,AT1G53830,AT1G71000,AT1G14200,AT1G13080,AT1G65690,AT1G54050,AT1G03070,AT1G30720,AT2G47180,AT2G03890,AT2G20560,AT2G46360,AT2G24540,AT2G21820,AT2G36220,AT2G36050,AT2G36080,AT2G42870,AT1G70300,AT2G25090,AT1G10230,AT1G22990,AT1G61340,AT1G08570,AT1G60590,AT1G77000,AT1G31040,AT2G43010,AT2G20670,AT2G37170,AT2G40100,AT2G32140,AT2G42380,AT2G24100,AT2G18700,AT2G29450,AT2G41250,AT2G47730,AT2G31080,AT2G46310,AT2G44840,AT2G26150,AT2G44130,AT2G23130,AT2G23110,AT2G45500,AT2G30600
4	AT1G49720	ABF1	12	100	PWM974	CisBP	M0254_1.01	63	0.0012535581219581806	0.03809541885883082	143	AT2G33160,AT4G17800,AT1G56600,AT1G73480,AT5G13080,AT5G19875,AT4G36490,AT5G25950,AT5G65390,AT5G64940,AT5G64710,AT5G64170,AT5G62380,AT5G59310,AT5G59080,AT5G58770,AT5G57910,AT5G55970,AT5G55090,AT5G54470,AT5G53400,AT5G52570,AT5G46730,AT5G45630,AT5G43150,AT5G35920,AT5G24550,AT5G23730,AT5G18670,AT5G18340,AT5G17300,AT5G16600,AT5G13700,AT5G09930,AT5G07480,AT5G06980,AT5G06820,AT5G05860,AT5G04770,AT5G02430,AT5G01380,AT3G63340,AT3G63350,AT3G62950,AT3G60940,AT3G60330,AT3G56380,AT3G54500,AT3G53200,AT3G52780,AT3G52830,AT3G49480,AT3G46370,AT4G30490,AT4G29330,AT4G28085,AT4G27657,AT4G11220,AT4G10040,AT4G09600,AT4G08300,AT4G04590,AT1G16730,AT1G07180,AT3G12320,AT1G66120,AT3G31403,AT3G27170,AT3G23990,AT3G19270,AT3G19680,AT2G06700,AT3G17110,AT3G27810,AT3G15770,AT3G16050,AT3G15500,AT3G02380,AT3G06780,AT3G08970,AT3G07350,AT3G02140,AT3G03520,AT1G13260,AT1G01520,AT1G01480,AT1G68440,AT1G72540,AT1G30080,AT1G30070,AT1G41770,AT1G66380,AT1G36020,AT1G73870,AT1G19530,AT1G02700,AT1G07500,AT1G32900,AT1G14360,AT1G01720,AT1G49560,AT1G15580,AT1G15550,AT1G33770,AT5G44890,AT1G35570,AT1G56170,AT1G53830,AT1G70870,AT1G73000,AT1G73050,AT1G75940,AT1G13130,AT1G59950,AT1G03070,AT2G22240,AT1G26860,AT1G59980,AT2G21820,AT2G36030,AT2G36080,AT1G09155,AT1G70300,AT1G61340,AT1G60590,AT1G77000,AT2G36640,AT2G43010,AT2G16620,AT2G15700,AT2G06020,AT2G13890,AT2G18610,AT2G24100,AT2G18700,AT2G27580,AT2G41250,AT2G41260,AT2G46830,AT2G23130,AT2G23110,AT2G19320,AT2G32690	AT2G26520,AT1G56600,AT4G36490,AT5G15450,AT5G25350,AT5G66880,AT5G65390,AT5G64710,AT5G62020,AT5G57910,AT5G57660,AT5G55090,AT5G54470,AT5G48540,AT5G47610,AT5G45830,AT5G44260,AT5G43150,AT5G22920,AT5G18670,AT5G17300,AT5G07010,AT5G06980,AT5G05860,AT5G05410,AT5G04770,AT5G02500,AT5G02430,AT3G63310,AT3G63460,AT3G59060,AT3G58120,AT3G57040,AT3G51910,AT3G49790,AT3G47500,AT4G36370,AT4G35770,AT4G33660,AT4G29330,AT4G29140,AT4G27657,AT4G27450,AT4G11220,AT4G10040,AT4G08950,AT1G16730,AT3G29640,AT3G27170,AT3G24050,AT3G19270,AT3G19680,AT3G13310,AT3G25170,AT3G24500,AT3G15500,AT3G15450,AT3G06780,AT3G09640,AT3G03270,AT3G08970,AT3G07350,AT3G02140,AT1G13260,AT1G01520,AT1G01480,AT1G18990,AT1G19050,AT1G69570,AT1G68440,AT1G80440,AT1G02700,AT1G07500,AT1G20070,AT1G01720,AT1G49560,AT1G80820,AT1G80660,AT1G56170,AT1G78080,AT1G71000,AT1G73050,AT1G54050,AT2G47180,AT2G36050,AT1G70300,AT1G10230,AT1G09950,AT1G22990,AT1G08570,AT1G77000,AT1G55530,AT2G43010,AT2G20670,AT2G37170,AT2G24100,AT2G18700,AT2G23970,AT2G46830,AT2G45500
4	AT4G17880	MYC4	6	na	PWM1272	CisBP	M2232_1.01	64	0.0017132923702414718	0.047998956560046234	142	AT2G33160,AT4G17800,AT4G15700,AT1G56600,AT5G04340,AT1G73480,AT1G35140,AT5G13080,AT5G19875,AT4G36490,AT5G15800,AT5G25190,AT5G66880,AT5G66100,AT5G66110,AT5G65390,AT5G64710,AT5G64170,AT5G62910,AT5G62020,AT5G59310,AT5G57910,AT5G57790,AT5G57660,AT5G55970,AT5G50335,AT5G35920,AT5G19120,AT5G22410,AT5G18670,AT5G18340,AT5G17300,AT5G13700,AT5G11220,AT5G07010,AT5G06980,AT5G05860,AT5G02500,AT5G02430,AT5G01990,AT5G01380,AT3G62950,AT3G62170,AT3G60330,AT3G57880,AT3G56380,AT3G53200,AT3G49480,AT3G46370,AT4G38680,AT4G36370,AT4G29140,AT4G28085,AT4G19430,AT4G12400,AT4G11220,AT4G09600,AT4G08300,AT4G05630,AT4G04070,AT1G16730,AT3G31460,AT1G07180,AT1G13700,AT3G12320,AT1G66760,AT1G66120,AT3G31403,AT3G27170,AT3G28120,ATMG01360,AT2G06700,AT2G16290,AT3G17110,AT3G27810,AT3G15770,AT3G15500,AT3G06780,AT3G09600,AT3G10800,AT3G07350,AT3G02140,AT1G01520,AT1G01480,AT1G72580,AT1G72540,AT1G41770,AT1G66380,AT2G41850,AT2G47270,AT1G19530,AT1G43755,AT1G02700,AT2G12100,AT1G07500,AT1G07410,AT1G35740,AT3G29450,AT1G01720,AT1G15580,AT1G15550,AT1G33770,AT1G35570,AT1G56170,AT1G70870,AT1G64200,AT1G73000,AT1G50220,AT1G13130,AT1G13080,AT1G03070,AT2G47180,AT2G03890,AT2G04063,AT2G22240,ATMG00730,AT2G42640,AT2G25230,AT1G59980,AT2G21320,AT2G36030,AT2G36050,AT2G36080,AT1G09155,AT1G70300,AT1G09950,AT1G61340,AT1G77000,AT1G55530,AT1G62510,AT2G36780,AT2G06020,AT2G32140,AT2G42380,AT2G24100,AT2G18700,AT2G41260,AT2G23970,AT2G44840,AT2G26150,AT2G23110,AT2G45500	na
4	AT4G17880	MYC4	6	na	PWM2169	JASPAR	MA0569.1	70	0.0017132923702414718	0.047998956560046234	142	AT2G33160,AT4G17800,AT4G15700,AT1G56600,AT5G04340,AT1G73480,AT1G35140,AT5G13080,AT5G19875,AT4G36490,AT5G15800,AT5G25190,AT5G66880,AT5G66100,AT5G66110,AT5G65390,AT5G64710,AT5G64170,AT5G62910,AT5G62020,AT5G59310,AT5G57910,AT5G57790,AT5G57660,AT5G55970,AT5G50335,AT5G35920,AT5G19120,AT5G22410,AT5G18670,AT5G18340,AT5G17300,AT5G13700,AT5G11220,AT5G07010,AT5G06980,AT5G05860,AT5G02500,AT5G02430,AT5G01990,AT5G01380,AT3G62950,AT3G62170,AT3G60330,AT3G57880,AT3G56380,AT3G53200,AT3G49480,AT3G46370,AT4G38680,AT4G36370,AT4G29140,AT4G28085,AT4G19430,AT4G12400,AT4G11220,AT4G09600,AT4G08300,AT4G05630,AT4G04070,AT1G16730,AT3G31460,AT1G07180,AT1G13700,AT3G12320,AT1G66760,AT1G66120,AT3G31403,AT3G27170,AT3G28120,ATMG01360,AT2G06700,AT2G16290,AT3G17110,AT3G27810,AT3G15770,AT3G15500,AT3G06780,AT3G09600,AT3G10800,AT3G07350,AT3G02140,AT1G01520,AT1G01480,AT1G72580,AT1G72540,AT1G41770,AT1G66380,AT2G41850,AT2G47270,AT1G19530,AT1G43755,AT1G02700,AT2G12100,AT1G07500,AT1G07410,AT1G35740,AT3G29450,AT1G01720,AT1G15580,AT1G15550,AT1G33770,AT1G35570,AT1G56170,AT1G70870,AT1G64200,AT1G73000,AT1G50220,AT1G13130,AT1G13080,AT1G03070,AT2G47180,AT2G03890,AT2G04063,AT2G22240,ATMG00730,AT2G42640,AT2G25230,AT1G59980,AT2G21320,AT2G36030,AT2G36050,AT2G36080,AT1G09155,AT1G70300,AT1G09950,AT1G61340,AT1G77000,AT1G55530,AT1G62510,AT2G36780,AT2G06020,AT2G32140,AT2G42380,AT2G24100,AT2G18700,AT2G41260,AT2G23970,AT2G44840,AT2G26150,AT2G23110,AT2G45500	na
4	AT5G54680	bHLH105	9	1	PWM1375	CisBP	M0166_1.01	65	0.0017132923702414718	0.047998956560046234	142	AT4G17800,AT4G15700,AT1G56600,AT1G73480,AT1G35140,AT5G13170,AT4G36490,AT5G15800,AT5G66880,AT5G65390,AT5G64710,AT5G62380,AT5G59060,AT5G59070,AT5G58770,AT5G57910,AT5G57790,AT5G55970,AT5G55090,AT5G54470,AT5G51270,AT5G45630,AT5G40645,AT5G35920,AT5G35940,AT5G24550,AT5G22390,AT5G18340,AT5G17300,AT5G13700,AT5G09930,AT5G07010,AT5G06980,AT5G06820,AT5G02430,AT5G01990,AT5G01380,AT3G62950,AT3G61630,AT3G60330,AT3G59060,AT3G56380,AT3G54500,AT3G53200,AT3G52780,AT3G52830,AT3G49480,AT3G46370,AT4G29710,AT4G28085,AT4G19430,AT4G12400,AT4G11220,AT4G10040,AT4G09600,AT4G05630,AT4G04070,AT1G16730,AT1G51000,AT3G12320,AT1G66120,AT3G29420,AT3G27170,AT3G28560,AT3G19270,AT2G25780,AT2G06700,AT1G61330,AT1G50720,AT3G17110,AT3G27810,AT3G16050,AT3G15500,AT3G02380,AT3G06780,AT3G10800,AT3G08970,AT3G07350,AT3G02140,AT3G03520,AT1G13260,AT1G01520,AT1G01480,AT1G60980,AT1G41770,AT1G66380,AT1G74490,AT2G47270,AT1G19530,AT1G02700,AT1G07500,AT1G62940,AT1G19610,AT1G26790,AT3G29450,AT1G35030,AT1G01720,AT1G47280,AT1G15550,AT1G80820,AT1G64500,AT1G35490,AT1G35570,AT1G56170,AT1G02930,AT1G78080,AT1G53830,AT1G70870,AT1G73000,AT1G50220,AT1G75940,AT1G13130,AT1G13080,AT1G03070,AT2G47180,AT2G04063,AT2G22240,AT2G42640,AT2G25230,AT1G59980,AT2G21320,AT2G46360,AT2G36050,AT2G36080,AT1G09155,AT1G70300,AT1G09950,AT1G77000,AT2G36640,AT2G43010,AT2G16620,AT2G06020,AT2G32140,AT2G24100,AT2G18700,AT2G41250,AT2G23970,AT2G46830,AT2G22860,AT2G23110,AT2G19320,AT2G30750	AT5G62380
4	AT1G51070	bHLH115	1	na	PWM1480	CisBP	M0156_1.01	66	0.0017132923702414718	0.047998956560046234	142	AT2G39770,AT2G33160,AT4G16000,AT4G17800,AT4G15700,AT1G56600,AT1G73480,AT1G35140,AT5G13080,AT5G13170,AT5G19875,AT4G36490,AT1G38950,AT5G15800,AT5G25190,AT5G66100,AT5G66110,AT5G64710,AT5G62910,AT5G62380,AT5G62020,AT5G59820,AT5G59060,AT5G59070,AT5G58770,AT5G57790,AT5G55970,AT5G54470,AT5G50335,AT5G44260,AT5G40645,AT5G35920,AT5G19120,AT5G18340,AT5G13700,AT5G09930,AT5G07010,AT5G06980,AT5G02500,AT5G01990,AT5G01380,AT3G62170,AT3G61630,AT3G60330,AT3G56380,AT3G54500,AT3G53200,AT3G49480,AT3G46370,AT4G39675,AT4G38960,AT4G38680,AT4G38850,AT4G36370,AT4G29140,AT4G28085,AT4G27150,AT4G19430,AT4G12400,AT4G11220,AT4G09600,AT4G08300,AT4G04070,AT1G16730,AT1G07180,AT3G12320,AT1G69530,AT1G66760,AT1G66120,AT3G31403,AT3G12050,AT3G27170,AT3G19270,AT3G19680,AT2G06700,AT3G17110,AT3G15500,AT3G06780,AT3G09600,AT3G10800,AT3G08970,AT3G07350,AT3G02140,AT3G03520,AT1G01520,AT1G01480,AT1G72580,AT1G72540,AT1G41770,AT1G66380,AT2G41850,AT1G43755,AT1G21910,AT1G07500,AT1G07410,AT1G19610,AT1G35740,AT3G29450,AT1G63450,AT1G01720,AT1G18330,AT1G15550,AT5G44890,AT1G35570,AT1G56170,AT1G78080,AT1G53830,AT1G70870,AT1G73000,AT1G50220,AT1G75940,AT1G13130,AT1G13080,AT1G03070,AT2G47180,AT2G04063,AT2G42640,AT1G59980,AT2G21320,AT2G21690,AT2G36030,AT2G36050,AT2G36080,AT1G09155,AT1G70300,AT1G09950,AT1G77000,AT1G62510,AT2G36780,AT2G06020,AT2G42380,AT2G24100,AT2G18700,AT2G27080,AT2G41250,AT2G23970,AT2G46735,AT2G46830,AT2G22860,AT2G26150,AT2G23110,AT2G19320	na
4	AT1G19350	BES1	11	18	PWM1485	CisBP	M2212_1.01	68	0.0017132923702414718	0.047998956560046234	142	AT2G39770,AT4G16000,AT4G17800,AT4G14270,AT1G56600,AT1G73480,AT5G13080,AT5G13170,AT4G36490,AT5G15800,AT5G15450,AT5G25190,AT5G66100,AT5G66110,AT5G65390,AT5G64940,AT5G64710,AT5G64170,AT5G62910,AT5G62020,AT5G59820,AT5G59310,AT5G59080,AT5G57910,AT5G57790,AT5G57660,AT5G55970,AT5G55090,AT5G45630,AT5G44120,AT5G43150,AT5G41620,AT5G35920,AT5G19120,AT5G22410,AT5G18670,AT5G18340,AT5G17300,AT5G09930,AT5G07010,AT5G06980,AT5G02500,AT5G02430,AT5G01990,AT5G01380,AT3G62950,AT3G61630,AT3G60940,AT3G60330,AT3G59060,AT3G57880,AT3G56380,AT3G53200,AT3G49480,AT4G36040,AT4G32170,AT4G29140,AT4G28085,AT4G25420,AT4G21323,AT4G12400,AT4G10040,AT4G09600,AT4G04590,AT4G04070,AT1G16730,AT1G07180,AT3G12320,AT1G69530,AT1G69490,AT1G66760,AT3G31403,AT3G27170,AT3G24050,AT3G19270,AT3G19680,AT2G06700,AT3G17110,AT3G27810,AT3G15770,AT3G16050,AT3G15500,AT3G02380,AT3G06780,AT3G09600,AT3G10800,AT3G02140,AT1G01520,AT1G01480,AT1G68440,AT1G41770,AT1G66380,AT1G73870,AT1G19530,AT1G43755,AT1G02700,AT2G12100,AT1G07500,AT1G07410,AT1G63450,AT1G01720,AT1G49560,AT1G80820,AT1G35570,AT1G79920,AT1G56170,AT1G70870,AT1G64200,AT1G73000,AT1G59950,AT1G65690,AT1G03070,AT2G47180,AT2G22240,ATMG00730,AT2G21650,AT1G59980,AT2G21320,AT2G36030,AT2G36050,AT2G36080,AT1G09155,AT1G70300,AT1G09950,AT1G60590,AT1G77000,AT1G55530,AT1G62510,AT2G36640,AT2G43010,AT2G15120,AT2G24100,AT2G18700,AT2G41250,AT2G41260,AT2G31080,AT2G23970,AT2G46830,AT2G26150,AT2G23110,AT2G19320,AT2G30640	AT5G57790,AT5G19120,AT5G04770,AT3G59060,AT4G36040,AT4G03400,AT3G12320,AT3G19680,AT3G13220,AT3G07350,AT3G03840,AT1G01520,AT1G01480,AT1G69570,AT1G20070,AT1G01720,AT1G70300,AT1G67360
4	AT1G19350	BES1	11	18	PWM2149	JASPAR	MA0549.1	69	0.0017132923702414718	0.047998956560046234	142	AT2G39770,AT4G16000,AT4G17800,AT4G14270,AT1G56600,AT1G73480,AT5G13080,AT5G13170,AT4G36490,AT5G15800,AT5G15450,AT5G25190,AT5G66100,AT5G66110,AT5G65390,AT5G64940,AT5G64710,AT5G64170,AT5G62910,AT5G62020,AT5G59820,AT5G59310,AT5G59080,AT5G57910,AT5G57790,AT5G57660,AT5G55970,AT5G55090,AT5G45630,AT5G44120,AT5G43150,AT5G41620,AT5G35920,AT5G19120,AT5G22410,AT5G18670,AT5G18340,AT5G17300,AT5G09930,AT5G07010,AT5G06980,AT5G02500,AT5G02430,AT5G01990,AT5G01380,AT3G62950,AT3G61630,AT3G60940,AT3G60330,AT3G59060,AT3G57880,AT3G56380,AT3G53200,AT3G49480,AT4G36040,AT4G32170,AT4G29140,AT4G28085,AT4G25420,AT4G21323,AT4G12400,AT4G10040,AT4G09600,AT4G04590,AT4G04070,AT1G16730,AT1G07180,AT3G12320,AT1G69530,AT1G69490,AT1G66760,AT3G31403,AT3G27170,AT3G24050,AT3G19270,AT3G19680,AT2G06700,AT3G17110,AT3G27810,AT3G15770,AT3G16050,AT3G15500,AT3G02380,AT3G06780,AT3G09600,AT3G10800,AT3G02140,AT1G01520,AT1G01480,AT1G68440,AT1G41770,AT1G66380,AT1G73870,AT1G19530,AT1G43755,AT1G02700,AT2G12100,AT1G07500,AT1G07410,AT1G63450,AT1G01720,AT1G49560,AT1G80820,AT1G35570,AT1G79920,AT1G56170,AT1G70870,AT1G64200,AT1G73000,AT1G59950,AT1G65690,AT1G03070,AT2G47180,AT2G22240,ATMG00730,AT2G21650,AT1G59980,AT2G21320,AT2G36030,AT2G36050,AT2G36080,AT1G09155,AT1G70300,AT1G09950,AT1G60590,AT1G77000,AT1G55530,AT1G62510,AT2G36640,AT2G43010,AT2G15120,AT2G24100,AT2G18700,AT2G41250,AT2G41260,AT2G31080,AT2G23970,AT2G46830,AT2G26150,AT2G23110,AT2G19320,AT2G30640	AT5G57790,AT5G19120,AT5G04770,AT3G59060,AT4G36040,AT4G03400,AT3G12320,AT3G19680,AT3G13220,AT3G07350,AT3G03840,AT1G01520,AT1G01480,AT1G69570,AT1G20070,AT1G01720,AT1G70300,AT1G67360
4	AT2G36270	ABI5	34	136	PWM2530	JASPAR	MA0931.1	71	0.0017132923702414718	0.047998956560046234	142	AT2G33160,AT4G17800,AT4G14530,AT1G56600,AT1G73480,AT5G19875,AT4G36490,AT5G15450,AT5G25950,AT5G65390,AT5G64940,AT5G64710,AT5G64170,AT5G62020,AT5G59310,AT5G59080,AT5G58770,AT5G57910,AT5G57660,AT5G55970,AT5G55090,AT5G54460,AT5G54470,AT5G52570,AT5G45630,AT5G43150,AT5G35920,AT5G18670,AT5G18340,AT5G17300,AT5G11220,AT5G09590,AT5G09930,AT5G06980,AT5G06820,AT5G04770,AT5G02430,AT5G01380,AT3G63340,AT3G63350,AT3G62950,AT3G61630,AT3G60330,AT3G59060,AT3G57880,AT3G56380,AT3G54500,AT3G53200,AT3G52780,AT3G49790,AT3G49480,AT3G46370,AT4G38960,AT4G39235,AT4G33660,AT4G30540,AT4G30490,AT4G29330,AT4G28085,AT4G27657,AT4G11220,AT4G10040,AT4G09600,AT4G08300,AT4G04590,AT1G16730,AT3G12320,AT1G69530,AT1G69490,AT1G66760,AT1G66120,AT3G31403,AT3G28740,AT3G27170,AT3G24050,AT3G19270,AT3G19680,AT3G28120,AT2G06700,AT3G17110,AT3G27810,AT3G27690,AT3G16050,AT3G15500,AT3G02380,AT3G06780,AT3G09640,AT3G07350,AT3G02140,AT1G13260,AT1G01520,AT1G01480,AT1G68440,AT1G41770,AT1G66380,AT1G73870,AT1G19530,AT1G02700,AT2G12100,AT1G07500,AT1G32900,AT1G26800,AT1G01720,AT1G01060,AT1G49560,AT1G15580,AT1G35570,AT1G56170,AT1G70870,AT1G71000,AT1G73000,AT1G73050,AT1G75940,AT1G59950,AT1G03070,AT2G04038,AT2G22240,AT2G42640,AT2G21820,AT2G36030,AT2G36050,AT1G09155,AT1G70300,AT1G61340,AT1G60590,AT1G77000,AT1G55530,AT1G62510,AT2G36640,AT2G43010,AT2G40100,AT2G24100,AT2G18700,AT2G41250,AT2G41260,AT2G46830,AT2G26150,AT2G37740,AT2G23110,AT2G19320,AT2G19310,AT2G45500	AT1G67810,AT4G14270,AT1G56600,AT5G04340,AT1G73480,AT5G13170,AT5G15800,AT5G15450,AT5G26970,AT5G25190,AT5G66880,AT5G65390,AT5G65100,AT5G64940,AT5G64710,AT5G62430,AT5G59820,AT5G59080,AT5G57790,AT5G57660,AT5G55090,AT5G54470,AT5G52570,AT5G49690,AT5G49700,AT5G47610,AT5G45830,AT5G45630,AT5G44260,AT5G44120,AT5G18670,AT5G17300,AT5G16600,AT5G09590,AT5G09930,AT5G07330,AT5G07010,AT5G06980,AT5G05410,AT5G02430,AT5G01990,AT3G63340,AT3G61630,AT3G59060,AT3G57040,AT3G52780,AT3G52830,AT3G51680,AT3G51910,AT3G49790,AT3G47500,AT3G45970,AT4G38680,AT4G33660,AT4G30490,AT4G29330,AT4G27657,AT4G12410,AT4G11220,AT4G10040,AT4G08950,AT4G05070,AT1G16730,AT1G07180,AT1G69490,AT3G27170,AT3G24050,AT3G19270,AT3G19680,AT3G13310,AT3G25170,AT3G24500,AT3G22840,AT3G16050,AT3G15500,AT3G06780,AT3G09640,AT3G09600,AT3G07090,AT3G10020,AT3G07350,AT3G02140,AT3G03520,AT1G13260,AT1G01520,AT1G01480,AT1G69570,AT1G68440,AT1G80440,AT1G68300,AT2G47270,AT2G47190,AT1G02700,AT1G07500,AT1G32900,AT1G20070,AT1G26790,AT1G01720,AT1G01060,AT1G01190,AT1G80820,AT1G80660,AT1G78080,AT1G71000,AT1G14200,AT1G13080,AT1G59950,AT1G65690,AT1G54050,AT1G03070,AT1G30720,AT2G47180,AT2G03890,AT2G21820,AT2G36220,AT2G42870,AT1G70300,AT1G09950,AT1G61340,AT1G08570,AT1G77000,AT1G55530,AT2G36640,AT2G43010,AT2G20670,AT2G24100,AT2G18700,AT2G29450,AT2G41250,AT2G47730,AT2G46830,AT2G44130,AT2G23110,AT2G19320,AT2G45500,AT2G30600
4	AT1G65910	anac028	1	na	PWM3358	DAP-seq	ANAC028_col	72	0.0017132923702414718	0.047998956560046234	142	ATMG00640,ATMG00650,AT2G26520,AT1G44414,AT4G15420,AT4G16000,AT4G15680,AT1G56600,AT1G73480,AT1G57820,AT5G10660,AT4G37010,AT4G36490,AT5G35280,AT5G28160,AT5G64940,AT5G63990,AT5G58770,AT5G55970,AT5G56110,AT5G54460,AT5G53250,AT5G52640,AT5G52350,AT5G51440,AT5G51270,AT5G48570,AT5G46730,AT5G43510,AT5G52090,AT5G24550,AT5G23480,AT5G15250,AT5G09930,AT5G07760,AT5G03550,AT5G02020,AT5G01380,AT5G01180,AT3G61630,AT3G60330,AT3G57880,AT3G56380,AT3G50720,AT3G47340,AT3G46230,AT3G45560,AT3G43970,AT3G42930,AT4G39235,AT4G35770,AT4G33660,AT4G30230,AT4G30270,AT4G27652,AT4G25810,AT4G25820,AT4G19780,AT4G07350,AT4G04490,AT4G04070,AT4G01180,AT2G30220,AT1G20350,AT1G07180,AT1G69530,AT2G01029,AT3G28210,AT3G27170,AT3G25650,AT3G32000,AT3G28560,AT3G19270,AT3G20180,AT3G13220,AT3G22090,AT2G07749,ATMG01360,ATMG00060,AT1G61330,AT1G06170,AT3G13820,AT3G26290,AT3G26150,AT3G29220,AT3G21170,AT3G14520,AT3G18180,AT3G15770,AT3G06780,AT3G06560,AT3G03270,AT3G11480,AT1G13310,AT1G01480,AT1G19050,AT1G75100,AT1G41770,AT1G69630,AT2G41850,AT2G43660,AT1G26390,AT1G62940,AT1G32900,AT1G05920,AT1G35730,AT1G21120,AT1G01060,AT1G47280,AT1G33817,AT1G33813,AT1G35570,AT1G52660,AT1G53830,AT1G74870,AT1G71000,AT1G50220,AT1G13200,AT1G59950,AT1G59860,AT2G31380,AT2G47180,AT2G05090,AT2G04050,AT2G04038,AT2G22240,AT2G21640,AT2G04670,AT1G10050,AT1G62080,AT1G65970,AT1G23510,AT2G07714,AT2G20670,AT2G07550,AT2G13890,AT2G32140,AT2G07728,AT2G41250,AT2G31080,AT2G19320,AT2G19310	na
4	AT3G15170	ANAC054	7	0	PWM3400	DAP-seq	CUC1_col	73	0.0017132923702414718	0.047998956560046234	142	ATMG00640,ATMG00650,ATMG00670,AT1G67810,AT4G15420,AT4G16000,AT4G15430,AT4G14270,AT1G56600,AT1G73480,AT1G57820,AT5G13080,AT5G10660,AT4G37010,AT4G36490,AT5G17030,AT1G31630,AT5G35280,AT5G28160,AT5G62520,AT5G59310,AT5G58770,AT5G55970,AT5G56110,AT5G54460,AT5G53250,AT5G52640,AT5G52350,AT5G51440,AT5G51270,AT5G49690,AT5G48570,AT5G46730,AT5G38700,AT5G52090,AT5G23220,AT5G15250,AT5G06980,AT5G03550,AT5G02810,AT5G02490,AT5G01380,AT5G01180,AT3G61630,AT3G60330,AT3G56380,AT3G47340,AT3G46230,AT3G45560,AT3G43970,AT4G35770,AT4G32280,AT4G30230,AT4G30270,AT4G27652,AT4G25810,AT4G25340,AT4G19780,AT4G08770,AT4G08880,AT4G04490,AT4G03810,AT4G04070,AT4G01180,AT2G30220,AT1G20350,AT1G07180,AT1G66760,AT2G01029,AT3G27170,AT3G25650,AT3G32000,AT3G28560,AT3G19270,AT3G20180,AT3G13220,AT3G22090,AT2G07749,ATMG00060,AT2G19630,AT1G61330,AT3G13820,AT3G26290,AT3G26150,AT3G17110,AT3G21830,AT3G18180,AT3G15770,AT3G06780,AT3G06560,AT3G03270,AT3G11480,AT1G13310,AT1G13260,AT1G01480,AT1G75100,AT1G41770,AT1G69630,AT2G41850,AT2G43820,AT1G19530,AT1G26390,AT1G62940,AT1G32900,AT1G32850,AT1G05920,AT1G35730,AT1G21120,AT1G47280,AT1G47780,AT1G33817,AT1G33813,AT1G35570,AT1G59590,AT1G52660,AT1G74870,AT1G70870,AT1G71000,AT1G73050,AT1G75940,AT1G13200,AT1G59950,AT1G59860,AT1G03070,AT2G47180,AT2G04050,AT2G04063,AT2G22240,AT2G21640,AT2G04670,AT1G59980,AT2G21820,AT2G36080,AT1G10050,AT1G23510,AT2G07714,AT2G20670,AT2G07550,AT2G32140,AT2G19640,AT2G46735,AT2G23060	
