GeneSet	Regulator	Symbol	CO	PD	PWM_num	PWM_source	PWM_name	rank	p-value	q-value	#hits	hits	PDtargets
1	AT3G22830	AT-HSFA6B	3	na	PWM3178	DAP-seq	HSFA6B_col	1	1.1874845958352127e-29	2.1291598803325362e-26	141	AT3G46230,AT1G59860,AT2G29500,AT5G12030,AT5G48570,AT5G52640,AT4G10250,AT3G10020,AT4G25200,AT1G74310,AT4G27670,AT5G12020,AT1G54050,AT5G12110,AT3G12050,AT2G47180,AT5G37670,AT2G32120,AT5G51440,AT4G12400,AT5G25450,AT2G19310,AT2G36460,AT1G65980,AT3G23990,AT1G03070,AT1G52560,AT1G79920,AT4G22670,AT5G11740,AT5G58590,AT3G13520,AT4G14270,AT5G47830,AT3G08590,ATCG00710,AT4G24280,AT2G02760,AT1G09140,AT1G72660,AT5G09810,AT5G47120,AT3G07770,AT3G53230,AT5G25280,AT2G41160,AT5G19140,AT5G06290,AT1G53730,AT3G62290,AT4G11220,AT1G03860,AT5G02160,AT1G56300,AT1G19660,AT5G40770,AT5G20010,AT2G30000,AT5G01350,AT1G64200,AT1G11260,AT1G27090,AT5G05410,AT4G39520,AT5G58787,AT3G08690,AT3G09840,AT4G13520,AT5G65430,AT4G22740,AT1G71000,AT3G14620,AT3G57880,AT5G65390,AT5G42300,AT3G12760,AT2G21130,AT4G02980,AT3G07150,AT5G50460,ATMG01360,AT4G26780,AT2G36530,ATMG00630,AT2G36950,AT3G13860,AT4G30440,AT4G25340,AT2G40360,AT5G48480,AT5G10960,AT4G02230,AT1G29470,AT5G45130,AT2G21940,AT5G03740,AT1G78150,AT3G60210,AT1G51650,AT1G76490,AT5G49450,AT3G10800,AT4G14300,AT1G23180,AT2G45170,AT1G29260,AT3G50500,AT1G13990,AT2G23090,AT1G10230,AT1G55310,AT2G07723,AT5G10550,AT1G02300,AT1G66510,AT3G29810,AT1G48570,ATMG00640,AT4G32020,AT2G34750,AT2G18510,AT5G18340,AT5G61820,AT2G22540,AT3G03520,AT1G32400,AT5G57655,AT4G28390,AT5G17710,AT3G60130,AT2G27290,AT1G78600,AT1G57820,AT2G41730,AT5G43330,AT3G17210,AT5G14800,AT4G15680,AT5G60850,AT4G13670,AT5G12040	na
1	AT2G01818	AT2G01818	0	na	PWM3443	DAP-seq	AT2G01818_col	2	9.12662142144315e-25	8.182016104323784e-22	132	AT3G46230,AT1G59860,AT2G29500,AT5G12030,AT5G48570,AT5G52640,AT4G10250,AT4G25200,AT1G74310,AT4G27670,AT5G12020,AT1G54050,AT5G12110,AT3G12050,AT2G47180,AT2G32120,AT5G51440,AT4G12400,AT5G25450,AT2G19310,AT2G36460,AT1G65980,AT3G23990,AT5G64400,AT1G03070,AT1G52560,AT1G79920,AT4G22670,AT5G11740,AT5G58590,AT3G13520,AT4G14270,AT5G47830,AT3G08590,ATCG00710,AT4G24280,AT2G02760,AT1G09140,AT1G72660,AT1G55330,AT5G09810,AT5G47120,AT4G19430,AT3G07770,AT3G53230,AT5G25280,AT2G41160,AT5G19140,AT5G06290,AT1G53730,AT3G62290,AT4G11220,AT1G03860,AT1G56300,AT1G19660,AT5G40770,AT2G30000,AT5G01350,AT1G64200,AT1G11260,AT1G27090,AT5G05410,AT4G39520,AT5G58787,AT3G08690,AT3G09840,AT5G65430,AT4G22740,AT1G71000,AT3G14620,AT3G57880,AT4G21810,AT5G65390,AT5G42300,AT3G12760,AT2G21130,AT4G02980,AT3G07150,AT5G50460,AT5G20160,ATMG01360,AT4G26780,AT2G36530,ATMG00630,AT2G36950,AT3G13860,AT4G30440,AT5G48480,AT5G19875,AT5G51970,AT1G29470,AT5G45130,AT2G21940,AT5G03740,AT1G78150,AT1G14400,AT1G51650,AT1G76490,AT3G10800,AT4G14300,AT5G44130,AT1G29260,AT3G50500,AT1G13990,AT2G23090,AT1G10230,AT1G55310,AT2G07723,AT5G10550,AT2G15790,AT1G02300,AT1G66510,AT3G29810,ATMG00640,AT4G32020,AT2G34750,AT2G18510,AT5G18340,AT5G61820,AT2G22540,AT3G03520,AT1G32400,AT5G57655,AT2G27290,AT1G78600,AT1G57820,AT2G41730,ATMG00060,AT5G14800,AT4G15680,AT4G13670,AT5G12040	na
1	AT3G09735	AT3G09735	0	na	PWM3452	DAP-seq	AT3G09735_col	3	9.12662142144315e-25	8.182016104323784e-22	132	AT3G46230,AT1G59860,AT2G29500,AT5G12030,AT5G48570,AT5G52640,AT4G10250,AT4G25200,AT1G74310,AT4G27670,AT5G12020,AT1G54050,AT5G12110,AT3G12050,AT2G47180,AT2G32120,AT5G51440,AT4G12400,AT5G25450,AT2G19310,AT2G36460,AT1G65980,AT3G23990,AT5G64400,AT1G03070,AT1G52560,AT1G79920,AT4G22670,AT5G11740,AT5G58590,AT3G13520,AT4G14270,AT5G47830,AT3G08590,ATCG00710,AT4G24280,AT2G02760,AT1G09140,AT1G72660,AT5G09810,AT5G47120,AT5G58110,AT3G07770,AT3G53230,AT5G25280,AT2G41160,AT5G19140,AT5G06290,AT1G53730,AT3G62290,AT4G11220,AT1G03860,AT1G56300,AT1G19660,AT5G40770,AT2G30000,AT5G01350,AT1G64200,AT1G11260,AT1G27090,AT5G05410,AT4G39520,AT5G58787,AT3G08690,AT3G09840,AT5G65430,AT4G22740,AT1G71000,AT3G14620,AT3G57880,AT4G21810,AT5G65390,AT5G42300,AT3G12760,AT2G21130,AT4G02980,AT3G07150,AT5G50460,ATMG01360,AT4G26780,AT2G36530,ATMG00630,AT2G36950,AT3G13860,AT4G30440,AT5G48480,AT5G51970,AT1G29470,AT5G45130,AT2G21940,AT5G03740,AT1G78150,AT1G14400,AT1G51650,AT1G76490,AT3G10800,AT4G14300,AT1G29260,AT3G50500,AT1G13990,AT2G23090,AT1G10230,AT1G55310,AT2G07723,AT5G11340,AT5G10550,AT2G15790,AT1G02300,AT1G66510,AT3G29810,ATMG00640,AT4G32020,AT2G34750,AT2G18510,AT5G18340,AT5G61820,AT2G22540,AT3G03520,AT1G32400,AT5G57655,AT5G17710,AT2G27290,AT1G78600,AT1G57820,AT2G41730,ATMG00060,AT5G43330,AT3G17210,AT5G14800,AT4G15680,AT4G13670,AT5G12040	na
1	AT5G43840	AT-HSFA6A	11	1	PWM3176	DAP-seq	HSFA6A_col	4	3.0121256651415548e-24	1.350185329399702e-21	131	AT3G46230,AT1G59860,AT2G29500,AT5G12030,AT5G48570,AT5G52640,AT4G10250,AT3G10020,AT4G25200,AT5G59720,AT5G12020,AT1G54050,AT5G12110,AT3G12050,AT2G47180,AT2G32120,AT5G51440,AT4G12400,AT5G25450,AT2G36460,AT1G65980,AT2G36830,AT3G23990,AT5G64400,AT1G03070,AT1G52560,AT1G79920,AT4G22670,AT5G11740,AT5G58590,AT3G13520,AT4G14270,AT5G47830,AT3G08590,AT3G09640,AT4G24280,AT2G02760,AT5G24490,AT1G72660,AT5G09810,AT5G47120,AT5G58110,AT3G07770,AT3G53230,AT5G25280,AT2G41160,AT5G19140,AT5G06290,AT1G53730,AT3G62290,AT4G11220,AT1G03860,AT1G19660,AT5G40770,AT2G30000,AT5G01350,AT1G64200,AT1G11260,AT4G05150,AT1G27090,AT5G05410,AT3G08690,AT3G09840,AT5G65430,AT4G22740,AT1G71000,AT5G61590,AT3G14620,AT5G66090,AT3G57880,AT5G65390,AT5G42300,AT3G12760,AT2G21130,AT4G02980,AT5G50460,AT4G26780,AT2G36530,ATMG00630,AT2G36950,AT4G25340,AT5G48480,AT5G51970,AT1G29470,AT5G45130,AT2G21940,AT5G03740,AT1G78150,AT1G14400,AT1G51650,AT1G76490,AT5G49450,AT3G10800,AT4G14300,AT1G29260,AT3G50500,AT4G19860,AT1G56280,AT2G23090,AT1G68490,AT1G10230,AT1G55310,AT2G07723,AT5G11340,AT5G10550,AT2G15790,AT1G02300,AT3G29810,AT4G32020,AT2G34750,AT2G18510,AT5G18340,AT5G61820,AT3G03520,AT2G20490,AT3G48070,AT5G57655,AT5G17710,AT3G60130,AT2G27290,AT1G57820,AT2G32690,AT4G11960,ATMG00060,AT5G43450,AT5G43330,AT5G14800,AT5G06360,AT4G15680,AT5G60850,AT5G12040	AT4G24280
1	AT2G15660	AGL95	6	na	PWM3433	DAP-seq	AGL95_col	5	3.171143627005363e-23	1.1371721046441231e-20	129	AT3G46230,AT1G53540,AT1G59860,AT2G29500,AT5G12030,AT5G48570,AT5G52640,AT4G10250,AT3G10020,AT4G25200,AT1G74310,AT5G59720,AT4G27670,AT5G12020,AT1G54050,AT5G12110,AT3G12050,AT2G47180,AT5G37670,AT2G32120,AT5G51440,AT4G12400,AT5G25450,AT2G36460,AT1G65980,AT3G23990,AT5G64400,AT1G03070,AT1G52560,AT1G79920,AT4G22670,AT5G11740,AT5G58590,AT3G13520,AT4G14270,AT5G47830,AT3G08590,ATCG00710,AT4G24280,AT2G02760,AT1G09140,AT1G72660,AT4G23493,AT5G09810,AT5G47120,AT3G07770,AT3G53230,AT5G25280,AT2G41160,AT5G19140,AT5G06290,AT1G53730,AT4G11220,AT5G02160,AT1G56300,AT1G19660,AT5G40770,AT2G30000,AT5G01350,AT1G64200,AT1G11260,AT1G27090,AT5G05410,AT4G39520,AT5G58787,AT3G08690,AT3G09840,AT5G65430,AT4G22740,AT2G34590,AT1G71000,AT3G14620,AT3G57880,AT4G21810,AT5G65390,AT5G42300,AT3G12760,AT2G21130,AT4G02980,AT3G07150,AT5G50460,ATMG01360,AT4G26780,AT2G36530,ATMG00630,AT2G36950,AT4G30440,AT2G40360,AT5G48480,AT5G51970,AT1G29470,AT3G03270,AT5G45130,AT2G21940,AT5G03740,AT1G78150,AT1G14400,AT1G76490,AT5G49450,AT1G07140,AT3G10800,AT4G14300,AT2G40300,AT1G29260,AT3G50500,AT2G23090,AT1G10230,AT1G55310,AT5G10550,AT2G15790,AT1G66510,AT3G29810,AT4G32020,AT2G34750,AT5G18340,AT5G61820,AT2G22540,AT3G03520,AT5G57655,AT5G17710,AT3G60130,AT2G27290,AT1G78600,AT1G57820,AT5G43450,AT5G14800,AT4G15680,AT4G13670,AT5G12040	na
1	AT1G23810	AT1G23810	0	na	PWM3440	DAP-seq	AT1G23810_col	6	1.0114827767633658e-22	3.0226476978945246e-20	128	AT3G46230,AT1G53540,AT1G59860,AT2G29500,AT5G12030,AT5G48570,AT5G52640,AT4G10250,AT4G25200,AT1G74310,AT5G59720,AT4G27670,AT5G12020,AT1G54050,AT5G12110,AT3G12050,AT2G47180,AT2G32120,AT5G51440,AT4G12400,AT5G25450,AT2G19310,AT2G36460,AT1G65980,AT2G37170,AT3G23990,AT5G64400,AT1G03070,AT1G52560,AT1G79920,AT4G22670,AT5G11740,AT5G58590,AT3G13520,AT4G14270,AT5G47830,AT4G24280,AT2G02760,AT1G09140,AT1G72660,AT5G09810,AT5G47120,AT3G07770,AT3G53230,AT5G25280,AT2G41160,AT5G19140,AT5G06290,AT1G53730,AT3G62290,AT4G11220,AT2G30600,AT5G40770,AT2G30000,AT5G01350,AT1G11260,AT1G27090,AT5G05410,AT4G39520,AT3G08690,AT3G09840,AT4G13520,AT5G65430,AT4G22740,AT1G71000,AT3G14620,AT3G57880,AT4G21810,AT5G65390,AT5G42300,AT3G12760,AT2G21130,AT4G02980,AT3G07150,AT5G50460,ATMG01360,AT4G26780,AT2G36530,ATMG00630,AT2G36950,AT3G13860,AT4G30440,AT4G25340,AT5G19875,AT5G51970,AT4G02230,AT1G29470,AT3G03270,AT5G45130,AT2G21940,AT5G03740,AT1G78150,AT1G14400,AT1G51650,AT1G76490,AT5G49450,AT1G07140,AT3G10800,AT4G14300,AT5G44130,AT1G29260,AT3G50500,AT2G23090,AT5G01740,AT1G10230,AT1G55310,AT2G07723,AT5G11340,AT5G10550,AT2G15790,AT1G02300,AT1G66510,AT3G29810,AT2G34750,AT2G18510,AT5G18340,AT5G61820,AT3G03520,AT2G20490,AT5G57655,AT5G17710,AT1G78600,AT1G57820,ATMG00060,AT3G17210,AT5G14800,AT4G15680,AT5G12040	na
1	AT5G16820	ATHSF3	2	na	PWM3170	DAP-seq	HSF3_col	7	9.942374925352964e-22	2.546668320165409e-19	126	AT3G46230,AT1G53540,AT1G59860,AT2G29500,AT5G12030,AT5G48570,AT5G52640,AT4G10250,AT3G10020,AT4G25200,AT1G74310,AT5G59720,AT4G27670,AT5G12020,AT1G54050,AT5G12110,AT3G12050,AT2G47180,AT2G32120,AT5G51440,AT4G12400,AT5G25450,AT2G36460,AT1G65980,AT2G36830,AT3G23990,AT1G03070,AT1G52560,AT1G79920,AT4G22670,AT5G11740,AT5G58590,AT3G13520,AT4G14270,AT5G47830,AT3G08590,AT3G09640,AT4G24280,AT2G02760,AT5G24490,AT1G72660,AT5G09810,AT5G47120,AT5G58110,AT3G07770,AT3G53230,AT5G25280,AT2G41160,AT5G19140,AT5G06290,AT1G53730,AT3G62290,AT4G11220,AT2G33590,AT1G56300,AT5G40770,AT2G30000,AT5G01350,AT1G11260,AT1G27090,AT5G05410,AT4G39520,AT5G58787,AT3G08690,AT3G09840,AT5G65430,AT4G22740,AT5G15090,AT1G71000,AT3G14620,AT3G57880,AT5G65390,AT3G12760,AT2G21130,AT4G02980,AT3G07150,AT5G50460,ATMG01360,AT4G26780,AT2G36530,ATMG00630,AT2G36950,AT3G13860,AT4G30440,AT2G40360,AT5G48480,AT5G10960,AT4G15770,AT3G49220,AT1G29470,AT3G03270,AT5G45130,AT2G21940,AT5G03740,AT1G78150,AT3G60210,AT1G51650,AT2G25110,AT4G14300,AT1G29260,AT3G50500,AT4G19860,AT1G13990,AT1G56280,AT2G23090,AT1G68490,AT1G10230,AT1G55310,AT2G07723,AT5G11340,AT2G15790,AT1G66510,AT3G29810,AT2G34750,AT5G18340,AT5G61820,AT3G03520,AT1G32400,AT5G57655,AT3G60130,AT1G57820,AT4G16660,AT5G14800,AT4G15680,AT5G60850,AT5G12040	na
1	AT3G02990	ATHSFA1E	10	0	PWM3174	DAP-seq	HSFA1E_col	8	9.942374925352964e-22	2.546668320165409e-19	126	AT3G46230,AT1G53540,AT1G59860,AT2G29500,AT5G12030,AT5G48570,AT5G52640,AT4G10250,AT4G25200,AT1G74310,AT4G27670,AT5G12020,AT1G54050,AT5G12110,AT3G12050,AT2G47180,AT2G32120,AT5G51440,AT4G12400,AT5G25450,AT2G19310,AT2G36460,AT1G65980,AT3G23990,AT5G64400,AT1G03070,AT1G52560,AT1G79920,AT4G22670,AT5G11740,AT5G58590,AT3G13520,AT4G14270,AT5G47830,AT3G08590,AT4G24280,AT2G02760,AT5G24490,AT1G09140,AT1G72660,AT1G55330,AT5G09810,AT5G47120,AT5G58110,AT3G07770,AT3G53230,AT5G25280,AT2G41160,AT5G19140,AT5G06290,AT3G62290,AT4G11220,AT1G67870,AT2G33590,AT5G25460,AT1G56300,AT5G40770,AT2G30000,AT5G01350,AT1G11260,AT1G27090,AT5G05410,AT4G39520,AT3G08690,AT3G09840,AT5G65430,AT4G22740,AT1G71000,AT3G14620,AT3G57880,AT4G21810,AT5G65390,AT5G42300,AT3G12760,AT2G21130,AT4G02980,AT3G07150,AT5G50460,ATMG01360,AT4G26780,AT2G36530,ATMG00630,AT2G36950,AT3G13860,AT4G30440,AT5G48480,AT5G19875,AT3G62560,AT1G29470,AT3G03270,AT5G45130,AT2G21940,AT5G03740,AT1G78150,AT1G76490,AT3G10800,AT4G14300,AT5G44130,AT5G67480,AT3G50500,AT1G13990,AT1G56280,AT2G23090,AT1G68490,AT1G10230,AT1G55310,AT2G07723,AT5G11340,AT5G10550,AT2G15790,AT1G02300,AT1G66510,AT3G29810,AT2G34750,AT5G18340,AT5G61820,AT3G03520,AT1G32400,AT5G57655,AT3G06660,AT1G78600,AT1G57820,ATMG00060,AT5G14800,AT4G15680,AT5G12040	
1	AT4G11660	AT-HSFB2B	82	na	PWM3172	DAP-seq	HSF7_col	9	9.331498775141717e-21	1.8590419226476775e-18	124	AT3G46230,AT1G53540,AT1G59860,AT2G29500,AT5G12030,AT5G48570,AT5G52640,AT4G10250,AT4G25200,AT1G74310,AT5G12020,AT1G54050,AT5G12110,AT3G12050,AT2G47180,AT2G32120,AT5G51440,AT4G12400,AT5G25450,AT2G19310,AT2G36460,AT1G65980,AT3G23990,AT5G64400,AT1G03070,AT1G52560,AT1G79920,AT4G22670,AT5G11740,AT1G78380,AT5G58590,AT3G13520,AT4G14270,AT5G47830,AT4G24280,AT2G02760,AT1G09140,AT1G72660,AT1G55330,AT5G09810,AT5G47120,AT3G07770,AT3G53230,AT5G25280,AT2G41160,AT5G11680,AT5G19140,AT5G06290,AT1G53730,AT4G11220,AT5G02160,AT1G56300,AT5G40770,AT2G30000,AT5G01350,AT1G11260,AT1G27090,AT5G05410,AT1G01940,AT4G39520,AT5G58787,AT3G08690,AT3G09840,AT4G13520,AT5G65430,AT4G22740,AT1G71000,AT3G14620,AT3G57880,AT4G21810,AT5G65390,AT5G42300,AT3G12760,AT2G21130,AT4G02980,AT5G50460,ATMG01360,AT4G26780,AT2G36530,ATMG00630,AT2G36950,AT3G13860,AT4G30440,AT4G25340,AT5G48480,AT5G51970,AT4G02230,AT1G29470,AT3G03270,AT5G45130,AT2G21940,AT5G03740,AT1G78150,AT1G51650,AT1G76490,AT5G49450,AT3G10800,AT4G14300,AT1G36730,AT1G29260,AT3G50500,AT2G23090,AT1G10230,AT1G55310,AT2G07723,AT5G10550,AT2G15790,AT1G02300,AT1G66510,AT3G29810,ATMG00640,AT2G34750,AT5G18340,AT5G61820,AT3G03520,AT5G57655,AT5G17710,AT1G44414,AT1G78600,AT1G57820,ATMG00060,AT5G14800,AT4G13670,AT5G12040	na
1	AT1G46264	AT-HSFB4	0	na	PWM3182	DAP-seq	HSFB4_col	10	9.331498775141717e-21	1.8590419226476775e-18	124	AT3G46230,AT1G53540,AT1G59860,AT2G29500,AT5G48570,AT5G52640,AT4G10250,AT3G10020,AT4G25200,AT1G74310,AT5G12020,AT1G54050,AT5G12110,AT3G12050,AT2G47180,AT2G32120,AT5G51440,AT4G12400,AT5G25450,AT2G19310,AT2G36460,AT1G65980,AT3G23990,AT5G64400,AT1G03070,AT1G52560,AT1G79920,AT4G22670,AT5G11740,AT5G58590,AT3G13520,AT4G14270,AT5G47830,ATCG00710,AT4G24280,AT2G02760,AT1G09140,AT5G09810,AT5G47120,AT3G07770,AT3G53230,AT5G25280,AT2G41160,AT5G19140,AT5G06290,AT1G53730,AT1G30230,AT4G11220,AT1G03860,AT5G02160,AT1G56300,AT1G19660,AT5G40770,AT2G30000,AT1G11260,AT1G27090,AT5G05410,AT4G39520,AT5G58787,AT3G08690,AT3G09840,AT5G65430,AT4G22740,AT2G34590,AT1G71000,AT3G57880,AT4G21810,AT5G65390,AT5G42300,ATMG00580,AT3G12760,AT2G21130,AT4G02980,AT5G50460,ATMG01360,AT4G26780,AT2G36530,AT2G36950,AT3G13860,AT4G30440,AT5G04750,AT5G51970,AT1G29470,AT3G03270,AT5G45130,AT2G21940,AT5G03740,AT1G78150,AT1G14400,AT3G60210,AT1G51650,AT5G49450,AT1G07140,AT3G10800,AT4G14300,AT1G23180,AT1G36730,AT1G57680,AT1G29260,AT3G51420,AT3G50500,AT2G23090,AT5G01740,AT1G10230,AT1G55310,AT5G10550,AT1G02300,AT1G66510,AT3G29810,AT5G18340,AT5G61820,AT3G03520,AT2G20490,AT5G57655,AT4G28390,AT5G17710,AT3G60130,AT1G44414,AT1G78600,AT1G57820,AT5G43450,AT3G17210,AT5G14800,AT4G13670	na
1	AT1G10720	AT1G10720	0	na	PWM2902	DAP-seq	AT1G10720_col	11	7.144936644632915e-19	1.164624673075165e-16	120	AT3G46230,AT1G53540,AT2G29500,AT5G48570,AT5G52640,AT4G10250,AT4G25200,AT1G74310,AT5G59720,AT4G27670,AT5G12020,AT1G54050,AT5G12110,AT3G12050,AT2G32120,AT5G51440,AT5G25450,AT2G19310,AT2G36460,AT1G65980,AT2G37170,AT3G23990,AT5G64400,AT1G03070,AT1G52560,AT1G79920,AT4G22670,AT5G11740,AT5G58590,AT3G13520,AT4G14270,AT5G47830,ATCG00710,AT2G02760,AT1G09140,AT1G72660,AT1G55330,AT5G09810,AT5G47120,AT3G07770,AT3G53230,AT5G25280,AT2G41160,AT5G19140,AT1G53730,AT3G62290,AT4G11220,AT1G67870,AT5G40770,AT2G30000,AT1G64200,AT1G11260,AT1G27090,AT5G05410,AT4G39520,AT3G08690,AT3G09840,AT5G65430,AT4G22740,AT1G71000,AT3G14620,AT3G57880,AT4G21810,AT5G65390,AT5G42300,AT3G12760,AT2G21130,AT4G02980,AT5G50460,AT5G20160,AT4G26780,AT2G36530,ATMG00630,AT2G36950,AT5G04750,AT5G48480,AT5G19875,AT2G34770,AT5G51970,AT4G02230,AT3G03270,AT5G45130,AT2G21940,AT5G03740,AT1G78150,AT1G14400,AT3G60210,AT1G76490,AT5G49450,AT4G14300,AT2G45170,AT3G50500,AT2G23090,AT1G68490,AT5G01740,AT1G10230,AT1G55310,AT5G11340,AT5G10550,AT2G15790,AT1G02300,AT1G66510,AT4G32020,AT5G10780,AT2G34750,AT2G18510,AT5G18340,AT5G61820,AT3G03520,AT1G32400,AT5G57655,AT4G28390,AT5G17710,AT2G27290,AT1G78600,AT1G57820,ATMG00060,AT3G17210,AT5G14800,AT4G15680	na
1	AT5G62020	AT-HSFB2A	16	0	PWM3171	DAP-seq	HSF6_col	12	4.482863547274512e-11	6.698145283552667e-9	101	AT3G46230,AT1G53540,AT2G29500,AT5G12030,AT5G48570,AT5G52640,AT3G10020,AT4G25200,AT1G74310,AT5G59720,AT4G27670,AT5G12020,AT1G54050,AT3G12050,AT2G47180,AT2G32120,AT5G51440,AT4G12400,AT5G25450,AT2G36460,AT1G65980,AT5G64400,AT1G03070,AT1G79920,AT5G58590,AT3G13520,AT4G14270,AT3G08590,AT3G09640,AT4G24280,AT2G02760,AT5G24490,AT1G72660,AT5G09810,AT5G47120,AT5G58110,AT3G07770,AT3G53230,AT5G25280,AT5G19140,AT1G53730,AT1G67870,AT3G53990,AT1G56300,AT5G40770,AT2G30000,AT5G01350,AT1G11260,AT1G27090,AT5G05410,AT3G08690,AT3G09840,AT5G15090,AT1G71000,AT3G14620,AT3G57880,AT4G21810,AT5G65390,AT5G42300,AT2G21130,AT4G02980,AT3G07150,AT3G62600,AT5G50460,ATMG01360,ATMG00630,AT3G13860,AT4G30440,AT2G40360,AT3G49220,AT5G51970,AT1G29470,AT2G21940,AT5G03740,AT1G78150,AT1G53320,AT4G14300,AT2G40300,AT1G29260,AT3G50500,AT1G56280,AT5G16110,AT2G23090,AT1G10230,AT1G10630,AT2G15790,AT4G32020,AT5G18340,AT1G27290,AT5G61820,AT5G64260,AT2G22540,AT3G03520,AT1G32400,AT2G20490,AT5G57655,AT3G60130,AT2G27290,AT1G57820,AT3G62660,AT5G12040	
1	AT5G62020	AT-HSFB2A	16	0	PWM1597	PBM		24	0.000007897763929448705	0.0005900287802292303	84	AT1G53540,AT5G52640,AT1G74310,AT5G59720,AT4G27670,AT5G12020,AT1G54050,AT4G12400,AT1G03070,AT1G79920,AT3G08590,AT4G23493,AT5G58110,AT3G07770,AT5G25280,AT2G41160,AT5G06290,AT2G24790,AT1G67870,AT2G33590,AT1G03860,AT3G16640,AT1G56300,AT2G29670,AT2G30000,AT5G01350,AT5G58787,AT1G20440,AT1G71000,AT3G14620,AT5G66090,AT3G57880,AT1G14360,AT5G65390,AT2G21130,AT5G03380,AT3G62600,AT5G20160,ATMG01360,AT1G20330,AT1G11910,ATMG00480,ATMG00630,AT3G13860,AT3G23050,AT4G30440,AT3G62560,AT3G49220,AT1G66150,AT5G51970,AT1G29470,AT3G47340,AT5G45130,AT2G21940,AT1G78150,AT5G54580,AT1G51650,AT3G51520,AT2G17230,AT1G53320,AT1G23180,AT1G20450,AT1G36730,AT4G29190,AT1G57680,AT1G29260,AT2G07723,AT4G18700,AT1G10630,AT5G59420,AT1G08930,AT3G06400,AT4G32020,AT2G34750,AT2G02050,AT5G64260,AT1G32400,AT3G48070,AT2G27290,AT1G75950,AT1G19770,AT5G21170,AT5G60850,AT3G62660	
1	AT5G62020	AT-HSFB2A	16	0	PWM1297	PBM		26	0.000025058206602637176	0.0017280524784049405	82	AT1G59860,AT2G29500,AT5G12030,AT5G48570,AT5G52640,AT5G12020,AT1G54050,AT5G12110,AT5G37670,AT5G51440,AT2G36460,AT1G65980,AT2G37170,AT5G64400,AT1G79920,AT1G52870,AT1G78380,AT4G14270,AT3G09640,AT2G02760,AT1G09140,AT1G55330,AT5G47120,AT3G07770,AT5G25280,AT2G41160,AT2G30600,AT5G20010,AT1G11260,AT1G64230,AT5G05410,AT5G58787,AT3G09840,AT1G01620,AT5G65430,AT5G61790,AT2G34590,AT1G71000,AT5G42300,AT2G21130,AT3G07150,AT4G10040,AT4G21580,AT2G40360,AT3G47160,AT4G15770,AT2G21940,AT5G03740,AT3G60190,AT1G14400,AT4G16500,AT2G17230,AT1G53320,AT4G14300,AT2G40300,AT2G23090,AT1G55310,AT2G07723,AT2G15790,AT1G47128,AT3G29810,AT2G22870,AT2G31810,ATMG00640,AT5G10780,AT2G18510,AT2G17870,AT3G16000,AT1G27290,AT5G61820,AT4G01310,AT5G34850,AT1G55805,AT3G03520,AT2G20490,AT3G48070,AT2G27290,AT1G10840,AT5G06360,AT3G62660,AT4G13670,AT5G12040	
1	AT2G41690	AT-HSFB3	15	na	PWM3180	DAP-seq	HSFB3_col	13	4.482863547274512e-11	6.698145283552667e-9	101	AT3G46230,AT1G59860,AT2G29500,AT5G12030,AT5G48570,AT5G52640,AT3G10020,AT5G12020,AT1G54050,AT5G12110,AT3G12050,AT2G32120,AT5G51440,AT4G12400,AT2G19310,AT2G36460,AT5G58070,AT1G65980,AT2G36830,AT3G23990,AT5G64400,AT1G79920,ATCG00350,AT5G11740,AT1G78380,AT5G58590,AT3G13520,AT4G14270,AT5G47830,AT4G24280,AT2G02760,AT1G09140,AT1G55330,AT4G25130,AT5G09810,AT5G47120,AT2G41430,AT3G53230,AT5G25280,AT2G41160,AT5G19140,AT5G06290,AT1G30230,AT5G20010,AT1G11260,AT4G39520,AT5G58787,AT3G08690,AT3G09840,AT5G65430,AT4G22740,AT5G41700,AT2G34590,AT1G71000,ATMG00580,AT3G12760,AT2G21130,AT4G02980,AT4G10040,AT4G21580,ATMG01360,AT4G26780,AT2G36530,ATMG00630,AT3G13860,AT3G23050,AT5G04750,AT2G40360,AT3G62560,AT2G21940,AT5G03740,AT3G60190,AT1G14400,AT1G07140,AT3G10800,AT4G14300,AT2G45170,AT1G36730,AT2G40300,AT2G43010,AT1G29260,AT3G50500,AT2G23090,AT1G55310,AT5G10550,AT2G15790,AT1G02300,AT1G66510,AT3G29810,AT5G16010,AT4G32020,AT5G10780,AT5G18340,AT5G61820,AT2G22540,AT4G01310,AT3G03520,AT5G57655,ATMG00060,AT4G13670,AT5G12040	na
1	AT4G18880	AT-HSFA4A	4	0	PWM3169	DAP-seq	HSF21_col	14	2.274810305616372e-10	2.913382055692968e-8	99	AT3G46230,AT1G59860,AT2G29500,AT5G12030,AT5G48570,AT5G52640,AT3G10020,AT4G27670,AT5G12020,AT1G54050,AT3G12050,AT2G32120,AT5G51440,AT2G36460,AT1G65980,AT2G37170,AT3G23990,AT5G64400,AT1G03070,AT1G79920,AT5G11740,AT5G58590,AT3G13520,AT4G14270,AT5G47830,AT4G24280,AT2G02760,AT1G09140,AT1G55330,AT4G25130,AT5G09810,AT5G47120,AT3G07770,AT3G53230,AT5G25280,AT5G19140,AT5G06290,AT1G53730,AT1G48920,AT2G30600,AT5G40770,AT1G11260,AT1G27090,AT5G05410,AT5G58787,AT3G09840,AT5G65430,AT2G34590,AT1G71000,AT5G61590,AT5G65390,AT5G42300,AT3G12760,AT2G21130,AT4G02980,AT4G10040,AT5G50460,AT4G26780,AT2G36530,AT2G36950,AT3G23050,AT2G40360,AT3G47160,AT2G34770,AT2G21940,AT5G03740,AT1G78150,AT3G60190,AT1G14400,AT1G76490,AT3G10800,AT4G14300,AT2G43010,AT1G29260,AT2G23090,AT5G01740,AT1G10230,AT1G55310,AT5G10550,AT2G15790,AT1G66510,AT3G29810,AT1G16180,AT4G32020,AT5G42150,AT2G18510,AT2G17870,AT5G18340,AT5G61820,AT3G03520,AT2G20490,AT3G48070,AT5G57655,AT4G28390,AT1G78600,AT4G11960,AT3G17210,AT4G13670,AT5G12040	
1	AT3G24520	AT-HSFC1	9	0	PWM3183	DAP-seq	HSFC1_col	15	1.0950141574208387e-9	1.3089069228370426e-7	97	AT3G46230,AT1G53540,AT2G29500,AT5G48570,AT5G52640,AT4G10250,AT3G10020,AT4G25200,AT1G74310,AT4G27670,AT1G54050,AT5G12110,AT3G12050,AT2G32120,AT5G51440,AT4G12400,AT1G65980,AT2G36830,AT1G03070,AT1G52560,AT1G79920,AT5G11740,AT5G58590,AT3G13520,AT4G14270,AT3G08590,AT3G09640,AT4G24280,AT2G02760,AT5G24490,AT4G30270,AT1G72660,AT5G09810,AT5G47120,AT3G07770,AT2G41430,AT3G53230,AT5G25280,AT2G41160,AT5G19140,AT5G06290,AT1G53730,AT1G80920,AT3G62290,AT5G22920,AT1G56300,AT1G19660,AT2G30000,AT5G01350,AT1G64200,AT1G11260,AT1G27090,AT5G05410,AT3G08690,AT3G09840,AT3G14620,AT5G65390,AT2G21130,ATCG00065,AT4G02980,AT3G07150,AT5G50460,AT4G21580,AT4G26780,AT2G36530,AT2G36950,AT3G13860,AT5G10960,AT5G45130,AT2G21940,AT5G03740,AT1G78150,AT1G51650,AT2G25110,AT1G20450,AT5G14520,AT2G40300,AT3G50500,AT1G56280,AT1G10230,AT5G11340,AT3G06400,AT2G15790,AT2G34750,AT5G18340,AT2G22540,AT3G03520,AT1G32400,AT2G20490,AT5G57655,AT5G17710,AT1G57820,AT4G16660,AT5G14800,AT4G15680,AT5G60850,AT5G55160	
1	AT3G24520	AT-HSFC1	9	0	PWM839	PBM		32	0.00007498035418037244	0.0044813258348469255	80	AT3G46230,AT1G53540,AT2G29500,AT3G10020,AT5G59720,AT4G27670,AT5G12020,AT1G54050,AT3G12050,AT5G51440,AT4G12400,AT2G36460,AT1G65980,AT1G03070,AT1G52560,AT1G79920,AT3G08590,AT2G02760,AT5G24490,AT5G58110,AT3G07770,AT2G41430,AT5G25280,AT2G41160,AT4G03210,AT1G67870,AT1G03860,AT3G53990,AT1G56300,AT2G29670,AT2G30000,AT5G01350,AT4G24190,AT5G58787,AT3G08690,AT4G13520,AT5G66090,AT4G21810,AT5G65390,ATMG00580,AT4G02980,AT5G03380,AT5G50460,ATMG01360,AT1G20330,AT1G11910,ATMG00480,ATMG00630,AT3G13860,AT4G30440,AT3G62560,AT3G49220,AT1G66150,AT5G51970,AT3G47340,AT5G45130,AT2G21940,AT1G78150,AT2G17230,AT1G53320,AT1G23180,AT4G29190,AT2G40300,AT1G29260,AT4G18700,AT1G10630,AT5G59420,AT3G06400,AT5G64260,AT3G03520,AT1G32400,AT3G48070,AT1G56330,AT2G27290,AT1G78600,AT1G75950,AT1G19770,AT4G16660,AT5G60850,AT3G62660	
1	AT2G45050	GATA2	0	na	PWM1069	CisBP	M0687_1.01	16	3.4248083136913254e-7	0.00003837925816530342	89	AT1G59860,AT1G65980,AT3G23990,AT1G79920,AT5G42020,AT4G22670,AT5G11740,AT1G78380,AT4G14270,ATCG00710,AT2G02760,AT1G09140,AT1G55330,AT5G09810,AT2G41430,AT5G25280,AT2G24790,AT1G80920,AT3G62290,AT4G11220,AT3G16640,AT5G25460,AT1G56300,AT1G11260,AT1G64230,AT4G24190,AT4G39520,AT1G20440,AT3G09840,AT5G65430,AT4G13830,AT5G61790,AT5G41700,AT4G12420,AT1G09070,ATMG00080,AT1G71000,AT5G65390,AT2G21130,AT2G05540,AT3G62600,AT4G21580,ATMG01360,AT1G56340,AT1G20330,AT2G36530,AT5G48480,AT5G10960,AT1G65720,AT1G29470,AT3G47340,AT3G03270,AT5G45130,AT1G14400,AT3G60210,AT1G07140,AT2G14890,AT1G36730,AT2G43010,AT1G57680,AT3G50500,AT4G19860,AT1G56280,AT5G16110,AT1G68490,AT1G10630,AT1G27330,AT3G51550,AT5G10550,AT3G01390,AT5G13100,AT1G02300,AT1G47128,AT1G16180,AT4G32020,AT5G10780,AT2G17870,AT4G01310,AT3G03520,AT1G56330,AT1G75950,AT4G16660,AT3G61060,AT5G43330,AT3G17210,AT3G17100,AT4G21980,AT3G19680,AT3G09470	na
1	AT3G60530	GATA4	0	0	PWM1070	CisBP	M0687_1.01	17	3.4248083136913254e-7	0.00003837925816530342	89	AT1G59860,AT1G65980,AT3G23990,AT1G79920,AT5G42020,AT4G22670,AT5G11740,AT1G78380,AT4G14270,ATCG00710,AT2G02760,AT1G09140,AT1G55330,AT5G09810,AT2G41430,AT5G25280,AT2G24790,AT1G80920,AT3G62290,AT4G11220,AT3G16640,AT5G25460,AT1G56300,AT1G11260,AT1G64230,AT4G24190,AT4G39520,AT1G20440,AT3G09840,AT5G65430,AT4G13830,AT5G61790,AT5G41700,AT4G12420,AT1G09070,ATMG00080,AT1G71000,AT5G65390,AT2G21130,AT2G05540,AT3G62600,AT4G21580,ATMG01360,AT1G56340,AT1G20330,AT2G36530,AT5G48480,AT5G10960,AT1G65720,AT1G29470,AT3G47340,AT3G03270,AT5G45130,AT1G14400,AT3G60210,AT1G07140,AT2G14890,AT1G36730,AT2G43010,AT1G57680,AT3G50500,AT4G19860,AT1G56280,AT5G16110,AT1G68490,AT1G10630,AT1G27330,AT3G51550,AT5G10550,AT3G01390,AT5G13100,AT1G02300,AT1G47128,AT1G16180,AT4G32020,AT5G10780,AT2G17870,AT4G01310,AT3G03520,AT1G56330,AT1G75950,AT4G16660,AT3G61060,AT5G43330,AT3G17210,AT3G17100,AT4G21980,AT3G19680,AT3G09470	
1	AT4G34680	GATA3	1	0	PWM1295	CisBP	M0690_1.01	18	6.599920500312632e-7	0.00006574254142811417	88	AT3G12050,AT1G65980,AT3G23990,AT5G42020,AT1G78380,AT4G14270,AT2G02760,AT1G09140,AT1G55330,AT5G09810,AT2G41430,AT5G25280,AT2G24790,AT1G80920,AT3G62290,AT4G11220,AT2G46330,AT1G56220,AT3G16640,AT5G25460,AT1G56300,AT4G05150,AT1G64230,AT4G24190,AT4G39520,AT1G20440,AT3G09840,AT5G65430,AT4G13830,AT5G61790,AT5G41700,AT1G09070,ATMG00080,AT3G57880,AT5G65390,AT5G14120,AT2G21130,AT3G62600,AT5G50460,AT4G39400,ATMG01360,AT2G36530,AT5G48480,AT5G10960,AT4G02230,AT1G29470,AT3G03270,AT5G45130,AT1G14400,AT3G10800,AT1G36730,AT4G29190,AT2G43010,AT3G50500,AT1G56280,AT5G16110,AT1G68490,AT1G10230,AT3G10850,AT1G10630,AT1G27330,AT3G51550,AT1G08930,AT5G10550,AT3G01390,AT5G13100,AT1G02300,AT1G16180,AT4G32020,AT5G10780,AT1G60960,AT1G08510,AT2G17870,AT4G01310,AT3G03520,AT1G56330,AT1G75950,AT2G41730,AT4G16660,AT3G61060,AT5G43330,AT3G17210,AT3G17100,AT5G60850,AT3G62660,AT4G21980,AT3G19680,AT3G09470	
1	AT1G19000	At1g19000	13	0	PWM3301	DAP-seq	AT1G19000_col	19	0.0000012540523678176819	0.00011834294186826861	87	AT2G29500,AT3G10020,AT5G12110,AT5G58070,AT1G03070,AT1G52560,ATCG00020,AT4G22670,AT3G15450,AT4G14270,AT4G20260,AT5G20250,AT5G24490,AT4G30270,AT1G09140,AT1G72150,AT5G09810,AT2G41430,AT2G41160,AT5G19140,AT4G29020,AT5G06290,AT1G53730,AT1G80920,AT4G27450,AT2G46330,AT1G56220,AT2G47450,AT5G02160,AT1G48920,AT3G53990,AT5G25460,AT1G19660,AT5G40770,AT1G11260,AT4G05150,AT1G64230,AT5G05410,AT5G58787,AT3G09840,AT4G12420,AT1G71000,AT5G61590,AT4G21810,AT5G42300,AT1G80180,AT5G14120,AT3G62600,AT5G20160,ATMG00620,ATMG00480,AT5G54600,AT2G03310,AT4G02230,AT5G54580,AT3G60210,AT2G45170,AT1G36730,AT4G29190,AT3G51420,AT3G50500,AT4G19860,AT2G23090,AT2G07723,AT5G59420,AT1G08930,AT2G07783,AT3G06400,AT1G47128,AT2G22870,AT2G31810,ATMG00650,AT5G10780,AT2G02050,AT2G02710,AT4G01310,ATMG00660,AT5G57655,AT3G60130,AT4G03400,AT5G11580,AT1G75950,ATMG00060,AT3G61060,AT4G15680,AT5G21170,AT5G12040	
1	AT5G56840	AT5G56840	1	na	PWM3328	DAP-seq	AT5G56840_col	20	0.0000023492453221575805	0.0002106098431314271	86	AT2G29500,AT3G10020,AT4G27670,AT5G58070,AT2G37170,AT1G03070,ATCG00020,AT4G22670,AT3G15450,AT4G14270,AT5G47830,AT4G20260,AT5G24490,AT1G09140,AT5G09810,AT5G58110,AT2G41430,AT5G19140,AT4G29020,AT5G06290,AT1G53730,AT1G80920,AT4G27450,AT2G46330,AT5G49360,AT2G47450,AT5G02160,AT1G48920,AT3G53990,AT2G30600,AT5G25460,AT1G19660,AT1G11260,AT4G05150,AT5G05410,AT5G58787,AT3G09840,AT4G13830,AT4G12420,AT1G71000,AT5G61590,AT4G26270,AT4G21810,AT5G42300,AT1G80180,ATMG00580,AT5G14120,AT3G62600,AT5G20160,ATMG00620,AT2G36950,AT5G54600,AT3G23050,AT2G03310,AT4G02230,AT2G21940,AT5G54580,AT3G60210,AT1G76490,AT5G49450,AT2G45170,AT1G36730,AT4G29190,AT2G43010,AT3G50500,AT2G23090,AT2G07723,AT3G54360,AT1G08930,AT2G07783,AT3G06400,AT4G10330,AT2G22870,AT5G10780,AT2G02050,AT2G23120,AT2G17870,AT2G02710,AT4G01310,AT5G54170,AT5G57655,AT3G60130,AT1G75950,AT3G61060,AT4G15680,AT5G21170	na
1	AT3G45170	GATA14	1	na	PWM989	CisBP	M0685_1.01	21	0.0000043384806677643756	0.0003704236113000726	85	AT3G23990,AT1G79920,AT5G42020,AT4G22670,AT4G14270,ATCG00710,AT2G02760,AT1G09140,AT5G09810,AT2G41430,AT5G25280,AT2G24790,AT1G80920,AT3G62290,AT4G11220,AT2G46330,AT5G25460,AT1G11260,AT1G64230,AT4G24190,AT4G39520,AT1G20440,AT5G65430,AT5G61790,AT4G12420,AT5G53560,ATMG00080,AT5G65390,ATMG00580,AT5G14120,AT4G39400,AT4G21580,ATMG01360,AT1G56340,AT1G20330,AT2G36530,AT3G23050,AT5G48480,AT5G10960,AT1G29470,AT3G47340,AT3G03270,AT5G45130,AT1G51650,AT4G16500,AT1G07140,AT2G14890,AT1G36730,AT2G43010,AT1G57680,AT4G19860,AT1G56280,AT5G16110,AT1G68490,AT1G10630,AT1G27330,AT3G51550,AT5G10550,AT5G13100,AT3G29810,AT2G31810,AT4G32020,AT5G10780,AT5G40450,AT1G08510,AT2G17870,AT2G22540,AT4G01310,AT3G03520,AT1G56330,AT1G75950,AT2G41730,AT5G43450,AT4G16660,AT1G10840,AT3G61060,AT5G43330,AT3G17210,AT5G21170,AT3G17100,AT5G60850,AT3G62660,AT4G21980,AT3G19680,AT3G09470	na
1	AT3G51080	GATA6	0	na	PWM990	CisBP	M0685_1.01	22	0.0000043384806677643756	0.0003704236113000726	85	AT3G23990,AT1G79920,AT5G42020,AT4G22670,AT4G14270,ATCG00710,AT2G02760,AT1G09140,AT5G09810,AT2G41430,AT5G25280,AT2G24790,AT1G80920,AT3G62290,AT4G11220,AT2G46330,AT5G25460,AT1G11260,AT1G64230,AT4G24190,AT4G39520,AT1G20440,AT5G65430,AT5G61790,AT4G12420,AT5G53560,ATMG00080,AT5G65390,ATMG00580,AT5G14120,AT4G39400,AT4G21580,ATMG01360,AT1G56340,AT1G20330,AT2G36530,AT3G23050,AT5G48480,AT5G10960,AT1G29470,AT3G47340,AT3G03270,AT5G45130,AT1G51650,AT4G16500,AT1G07140,AT2G14890,AT1G36730,AT2G43010,AT1G57680,AT4G19860,AT1G56280,AT5G16110,AT1G68490,AT1G10630,AT1G27330,AT3G51550,AT5G10550,AT5G13100,AT3G29810,AT2G31810,AT4G32020,AT5G10780,AT5G40450,AT1G08510,AT2G17870,AT2G22540,AT4G01310,AT3G03520,AT1G56330,AT1G75950,AT2G41730,AT5G43450,AT4G16660,AT1G10840,AT3G61060,AT5G43330,AT3G17210,AT5G21170,AT3G17100,AT5G60850,AT3G62660,AT4G21980,AT3G19680,AT3G09470	na
1	AT5G66320	GATA5	0	0	PWM991	CisBP	M0685_1.01	23	0.0000043384806677643756	0.0003704236113000726	85	AT3G23990,AT1G79920,AT5G42020,AT4G22670,AT4G14270,ATCG00710,AT2G02760,AT1G09140,AT5G09810,AT2G41430,AT5G25280,AT2G24790,AT1G80920,AT3G62290,AT4G11220,AT2G46330,AT5G25460,AT1G11260,AT1G64230,AT4G24190,AT4G39520,AT1G20440,AT5G65430,AT5G61790,AT4G12420,AT5G53560,ATMG00080,AT5G65390,ATMG00580,AT5G14120,AT4G39400,AT4G21580,ATMG01360,AT1G56340,AT1G20330,AT2G36530,AT3G23050,AT5G48480,AT5G10960,AT1G29470,AT3G47340,AT3G03270,AT5G45130,AT1G51650,AT4G16500,AT1G07140,AT2G14890,AT1G36730,AT2G43010,AT1G57680,AT4G19860,AT1G56280,AT5G16110,AT1G68490,AT1G10630,AT1G27330,AT3G51550,AT5G10550,AT5G13100,AT3G29810,AT2G31810,AT4G32020,AT5G10780,AT5G40450,AT1G08510,AT2G17870,AT2G22540,AT4G01310,AT3G03520,AT1G56330,AT1G75950,AT2G41730,AT5G43450,AT4G16660,AT1G10840,AT3G61060,AT5G43330,AT3G17210,AT5G21170,AT3G17100,AT5G60850,AT3G62660,AT4G21980,AT3G19680,AT3G09470	
1	AT3G09600	At3g09600	1	na	PWM3310	DAP-seq	AT3G09600_col	25	0.000007897763929448705	0.0005900287802292303	84	AT3G10020,AT5G51440,AT1G75750,AT5G64400,AT4G22670,AT1G52870,AT3G15450,AT5G58590,AT4G14270,AT5G20250,AT2G02760,AT5G09810,AT2G41430,AT5G25280,AT5G19140,AT4G03210,AT1G80920,AT5G22920,AT1G48920,AT3G53990,AT2G30600,AT1G56300,AT1G19660,AT2G29670,AT1G80480,AT1G11260,AT4G05150,AT5G05410,AT1G20440,AT3G17020,AT5G41700,AT5G15090,AT3G56090,AT1G71000,AT5G61590,AT5G42300,AT2G21130,AT5G03380,AT2G21640,AT2G36950,AT3G23050,AT2G40360,AT3G47160,AT1G51200,AT2G03310,AT4G15770,AT3G62560,AT1G66150,AT4G02230,AT2G21940,AT3G62420,AT1G70310,AT2G17230,AT1G53320,AT4G14300,AT4G29190,AT2G43010,AT5G67480,AT3G50500,AT1G68490,AT1G10230,AT3G51550,AT3G54360,AT2G32920,AT1G08930,AT3G01390,AT1G02300,AT4G12600,AT1G47128,AT3G29810,AT4G10330,AT5G10780,AT3G16000,AT5G61820,AT5G64260,AT2G22540,AT5G58710,AT1G32400,AT4G03400,AT3G06660,AT1G78600,AT5G11580,AT1G75950,AT3G62660	na
1	AT5G61620	AT5G61620	1	na	PWM3332	DAP-seq	AT5G61620_col	27	0.000025058206602637176	0.0017280524784049405	82	AT2G29500,AT5G48570,AT2G47180,AT5G58070,AT3G23990,AT1G03070,AT3G15450,AT4G14270,AT5G47830,AT4G20260,AT5G20250,AT5G24490,AT1G09140,AT1G72660,AT5G09810,AT5G58110,AT2G41430,AT5G19140,AT4G29020,AT5G06290,AT1G53730,AT1G80920,AT4G27450,AT2G46330,AT5G49360,AT5G02160,AT1G48920,AT3G53990,AT2G30600,AT5G25460,AT1G19660,AT1G11260,AT4G05150,AT5G05410,AT5G58787,AT3G09840,AT4G12420,AT1G71000,AT5G61590,AT4G26270,AT4G21810,AT5G14120,AT2G05540,AT3G62600,AT5G20160,ATMG00620,ATMG00480,AT2G36950,AT5G54600,AT3G23050,AT2G40360,AT2G03310,AT4G02230,AT2G21940,AT5G54580,AT3G60210,AT1G76490,AT5G49450,AT2G45170,AT4G29190,AT2G43010,AT2G23090,AT2G07723,AT3G10850,AT3G54360,AT1G08930,AT2G07783,AT4G10330,AT2G22870,AT2G31810,AT5G10780,AT2G02050,AT2G02710,AT4G01310,AT5G54170,AT5G57655,AT5G17710,AT3G60130,AT3G61060,AT4G15680,AT5G21170,AT5G12040	na
1	AT3G24050	GATA1	0	0	PWM1124	CisBP	M0684_1.01	28	0.00004366663231056927	0.002796223990458954	81	AT3G12050,AT2G47180,AT3G23990,AT5G42020,AT5G11740,AT1G78380,AT4G14270,AT2G02760,AT1G09140,AT1G55330,AT5G09810,AT2G41430,AT5G25280,AT2G24790,AT1G80920,AT3G62290,AT4G11220,AT1G56220,AT3G16640,AT5G25460,AT1G64230,AT4G24190,AT4G39520,AT1G20440,AT3G09840,AT5G65430,AT4G13830,AT5G61790,AT5G41700,AT1G09070,ATMG00080,AT3G57880,AT5G65390,AT5G14120,AT2G21130,AT3G62600,ATMG01360,AT2G36530,AT5G48480,AT5G10960,AT1G66150,AT4G02230,AT1G29470,AT3G03270,AT5G45130,AT1G14400,AT3G10800,AT1G36730,AT4G29190,AT3G50500,AT1G56280,AT5G16110,AT1G68490,AT3G10850,AT1G10630,AT1G27330,AT3G51550,AT5G10550,AT3G01390,AT5G13100,AT1G02300,AT3G29810,AT1G16180,AT4G32020,AT5G10780,AT4G01310,AT3G03520,AT1G56330,AT3G15580,AT1G75950,AT2G41730,AT4G16660,AT3G61060,AT5G43330,AT3G17210,AT5G21170,AT3G17100,AT3G62660,AT4G21980,AT3G19680,AT3G09470	
1	AT5G08520	At5g08520	0	0	PWM3322	DAP-seq	AT5G08520_col	29	0.00004366663231056927	0.002796223990458954	81	AT3G46230,AT2G29500,AT5G58070,AT2G37170,AT5G64400,ATCG00020,AT4G22670,AT3G15450,AT5G47830,AT4G20260,AT5G24490,AT4G30270,AT1G09140,AT1G72150,AT5G09810,AT2G41430,AT5G19140,AT1G53730,AT1G80920,AT4G27450,AT5G49360,AT2G47450,AT5G02160,AT1G48920,AT3G53990,AT5G25460,AT1G19660,AT1G11260,AT4G05150,AT5G05410,AT5G58787,AT5G57560,AT3G09840,AT4G13830,AT5G61590,AT5G66090,AT4G26270,AT4G21810,AT5G42300,AT1G80180,AT5G14120,AT3G62600,AT5G20160,ATMG00620,AT1G36980,AT2G36950,AT2G02130,AT5G51970,AT3G60190,AT1G76490,AT5G49450,AT4G14300,AT2G45170,AT1G36730,AT4G29190,AT2G43010,AT5G67480,AT2G23090,AT1G55310,AT1G08930,AT5G10550,AT3G01390,AT3G18050,AT1G02300,AT1G47128,AT2G22870,ATMG00650,AT2G02050,AT1G08510,AT1G27290,AT2G02710,AT4G01310,ATMG00660,AT3G60130,AT1G75950,AT4G21870,AT3G61060,AT5G43330,AT4G15680,AT5G21170,AT5G60850	
1	AT3G54810	BME3	4	0	PWM1517	CisBP	M0686_1.01	30	0.00007498035418037244	0.0044813258348469255	80	AT1G65980,AT3G23990,AT1G79920,AT5G42020,ATCG00350,AT5G11740,AT4G14270,ATCG00710,AT2G02760,AT1G09140,AT1G55330,AT4G23493,AT5G09810,AT2G41430,AT5G25280,AT2G24790,AT1G80920,AT3G62290,AT4G11220,AT3G16640,AT5G25460,AT1G64200,AT1G64230,AT4G24190,AT1G20440,AT3G09840,AT5G65430,AT5G61790,AT5G41700,AT1G09070,ATMG00080,AT1G71000,AT5G65390,AT2G21130,AT2G05540,AT3G62600,AT5G50460,AT4G21580,ATMG01360,AT1G56340,AT1G20330,AT2G36530,AT5G48480,AT5G10960,AT1G65720,AT1G29470,AT3G03270,AT1G14400,AT3G60210,AT1G07140,AT2G14890,AT1G36730,AT1G57680,AT3G50500,AT1G56280,AT5G16110,AT1G68490,AT1G10630,AT1G27330,AT3G51550,AT5G10550,AT5G13100,AT1G02300,AT2G37410,AT2G31810,AT1G16180,AT4G32020,AT5G10780,AT1G08510,AT3G03520,AT3G48070,AT1G56330,AT1G57820,AT1G75950,AT3G61060,AT5G43330,AT3G17210,AT3G17100,AT4G21980,AT3G09470	
1	AT3G54810	BME3	4	0	PWM2614	JASPAR	MA1017.1	33	0.0001268538475115323	0.006892392381459922	79	AT1G65980,AT3G23990,AT1G79920,AT5G42020,ATCG00350,AT5G11740,AT4G14270,ATCG00710,AT2G02760,AT1G09140,AT1G55330,AT4G23493,AT5G09810,AT2G41430,AT5G25280,AT2G24790,AT1G80920,AT3G62290,AT4G11220,AT3G16640,AT5G25460,AT1G64200,AT1G64230,AT4G24190,AT1G20440,AT3G09840,AT5G65430,AT5G61790,AT5G41700,AT1G09070,ATMG00080,AT1G71000,AT5G65390,AT2G21130,AT2G05540,AT3G62600,AT5G50460,AT4G21580,ATMG01360,AT1G56340,AT1G20330,AT2G36530,AT5G48480,AT5G10960,AT1G65720,AT1G29470,AT3G03270,AT1G14400,AT3G60210,AT1G07140,AT2G14890,AT1G36730,AT1G57680,AT3G50500,AT1G56280,AT5G16110,AT1G68490,AT1G10630,AT1G27330,AT3G51550,AT5G10550,AT5G13100,AT1G02300,AT2G37410,AT2G31810,AT1G16180,AT4G32020,AT5G10780,AT1G08510,AT3G03520,AT3G48070,AT1G56330,AT1G75950,AT3G61060,AT5G43330,AT3G17210,AT3G17100,AT4G21980,AT3G09470	
1	AT1G01060	LHY	1	na	PWM3338	DAP-seq	LHY1_col	31	0.00007498035418037244	0.0044813258348469255	80	AT3G10020,AT5G51440,AT5G64400,AT4G22670,ATCG00350,AT3G15450,AT5G58590,AT4G14270,AT5G20250,AT2G02760,AT5G09810,AT2G41430,AT2G41160,AT5G11680,AT5G19140,AT4G03210,AT1G80920,AT5G22920,AT1G56220,AT1G48920,AT3G53990,AT2G30600,AT1G56300,AT1G19660,AT2G29670,AT1G80480,AT1G11260,AT4G05150,AT5G05410,AT1G20440,AT3G17020,AT5G41700,AT5G15090,AT3G56090,AT1G71000,AT5G61590,AT2G21130,AT5G03380,AT2G21640,AT2G36950,AT3G23050,AT2G40360,AT5G48480,AT1G51200,AT2G03310,AT4G15770,AT3G62560,AT1G66150,AT3G62420,AT2G17230,AT1G53320,AT4G14300,AT1G36730,AT4G29190,AT2G43010,AT5G67480,AT3G50500,AT1G68490,AT3G51550,AT3G54360,AT2G32920,AT2G37340,AT3G01390,AT4G12600,AT1G47128,AT1G66510,AT3G29810,AT4G10330,AT5G10780,AT3G16000,AT2G22540,AT5G58710,AT3G03520,AT1G32400,AT4G03400,AT3G06660,AT1G78600,AT5G11580,AT1G75950,AT3G62660	na
1	AT4G01280	At4g01280	62	na	PWM3317	DAP-seq	AT4G01280_col	34	0.0001268538475115323	0.006892392381459922	79	AT3G10020,AT5G51440,AT5G64400,AT4G22670,AT1G52870,AT3G15450,AT5G58590,AT4G14270,AT5G20250,AT2G02760,AT5G09810,AT4G19430,AT2G41430,AT5G25280,AT2G41160,AT5G19140,AT4G03210,AT5G22920,AT1G48920,AT3G53990,AT2G30600,AT1G56300,AT1G19660,AT2G29670,AT1G11260,AT4G05150,AT5G05410,AT1G20440,AT3G17020,AT5G41700,AT5G15090,AT3G56090,AT1G71000,AT5G61590,AT2G21130,AT5G03380,AT2G21640,AT2G36950,AT3G23050,AT5G04750,AT2G40360,AT3G47160,AT1G51200,AT2G03310,AT4G15770,AT3G62560,AT1G66150,AT2G21940,AT3G62420,AT2G17230,AT1G53320,AT4G14300,AT4G29190,AT2G43010,AT5G67480,AT3G50500,AT1G68490,AT1G10230,AT1G55310,AT3G51550,AT3G54360,AT2G32920,AT3G01390,AT4G12600,AT1G47128,AT3G29810,AT4G10330,AT5G10780,AT3G16000,AT5G61820,AT5G64260,AT2G22540,AT1G55805,AT1G32400,AT4G03400,AT3G06660,AT1G78600,AT1G10840,AT3G62660	na
1	AT4G32890	GATA9	3	0	PWM1091	CisBP	M0689_1.01	35	0.0003471631819089453	0.01778467386179254	77	AT2G29500,AT3G10020,AT3G23990,AT5G64400,AT1G79920,AT5G42020,ATCG00020,ATCG00350,AT1G78380,AT3G08590,ATCG00710,AT4G30270,AT1G09140,AT1G55330,AT5G09810,AT2G41430,AT5G25280,AT2G24790,AT1G80920,AT3G62290,AT2G46330,AT5G22920,AT3G16640,AT5G25460,AT1G64230,AT4G24190,AT5G58787,AT1G01620,AT4G13520,AT2G34590,AT4G12420,AT1G71000,AT3G57880,AT5G65390,AT2G21130,AT4G10040,AT3G62600,AT4G21580,AT1G20330,ATMG00513,ATMG00480,AT2G36530,AT3G23050,AT5G48480,AT1G51200,AT5G10960,AT1G66150,AT1G65720,AT1G29470,AT3G60190,AT2G25110,AT5G49450,AT1G07140,AT4G14300,AT2G14890,AT4G29190,AT2G43010,AT1G57680,AT5G16110,AT1G68490,AT1G55310,AT3G51550,AT3G06400,AT3G01390,AT5G13100,AT2G23120,AT5G40450,AT1G08510,AT2G17870,AT2G22540,AT1G56330,AT1G10840,AT3G61060,AT3G17100,AT3G62660,AT4G21980,AT3G09470	
1	AT4G32890	GATA9	3	0	PWM2615	JASPAR	MA1018.1	43	0.0005614744436659141	0.0251680919373246	76	AT2G29500,AT3G10020,AT3G23990,AT5G64400,AT1G79920,ATCG00020,ATCG00350,AT1G78380,AT3G08590,ATCG00710,AT4G30270,AT1G09140,AT1G55330,AT5G09810,AT2G41430,AT5G25280,AT2G24790,AT1G80920,AT3G62290,AT2G46330,AT5G22920,AT3G16640,AT5G25460,AT1G64230,AT4G24190,AT5G58787,AT1G01620,AT4G13520,AT2G34590,AT4G12420,AT1G71000,AT3G57880,AT5G65390,AT2G21130,AT4G10040,AT3G62600,AT3G04710,ATMG00513,ATMG00480,AT2G36530,AT3G23050,AT5G48480,AT1G51200,AT5G10960,AT1G66150,AT1G65720,AT1G29470,AT3G60190,AT2G25110,AT5G49450,AT1G07140,AT4G14300,AT2G14890,AT4G29190,AT2G43010,AT1G57680,AT5G16110,AT1G68490,AT1G55310,AT3G51550,AT3G06400,AT3G01390,AT2G15790,AT5G13100,AT2G23120,AT5G40450,AT1G08510,AT2G17870,AT2G22540,AT1G56330,AT1G10840,AT3G61060,AT3G17100,AT3G62660,AT4G21980,AT3G09470	
1	AT5G25830	GATA12	0	0	PWM1092	CisBP	M0689_1.01	36	0.0003471631819089453	0.01778467386179254	77	AT5G51440,AT1G65980,AT3G23990,AT5G42020,AT5G11740,AT4G14270,AT3G08590,ATCG00710,AT2G02760,AT1G09140,AT1G55330,AT5G09810,AT2G41430,AT5G25280,AT2G24790,AT1G80920,AT3G62290,AT4G11220,AT3G16640,AT1G56300,AT1G11260,AT1G64230,AT4G24190,AT4G39520,AT1G20440,AT3G09840,AT5G65430,AT5G61790,AT5G41700,AT4G12420,AT1G09070,ATMG00080,AT1G71000,AT5G65390,AT2G21130,AT4G02980,AT2G05540,AT4G10040,AT3G62600,AT4G21580,AT1G20330,AT2G36530,AT5G48480,AT5G10960,AT1G65720,AT1G29470,AT3G47340,AT1G07140,AT2G14890,AT1G36730,AT2G43010,AT1G57680,AT5G16110,AT1G68490,AT1G10630,AT1G27330,AT3G51550,AT5G10550,AT3G01390,AT5G13100,AT2G31810,AT1G16180,AT4G32020,AT5G10780,AT2G17870,AT4G01310,AT5G34850,AT3G03520,AT1G56330,AT1G75950,AT4G16660,AT5G43330,AT3G17210,AT3G17100,AT4G21980,AT3G19680,AT3G09470	
1	AT5G25830	GATA12	0	0	PWM1589	PBM		37	0.0003471631819089453	0.01778467386179254	77	AT5G51440,AT1G65980,AT3G23990,AT5G42020,AT5G11740,AT4G14270,AT3G08590,ATCG00710,AT2G02760,AT1G09140,AT1G55330,AT5G09810,AT2G41430,AT5G25280,AT2G24790,AT1G80920,AT3G62290,AT4G11220,AT3G16640,AT1G56300,AT1G11260,AT1G64230,AT4G24190,AT4G39520,AT1G20440,AT3G09840,AT5G65430,AT5G61790,AT5G41700,AT4G12420,AT1G09070,ATMG00080,AT1G71000,AT5G65390,AT2G21130,AT4G02980,AT2G05540,AT4G10040,AT3G62600,AT4G21580,AT1G20330,AT2G36530,AT5G48480,AT5G10960,AT1G65720,AT1G29470,AT3G47340,AT1G07140,AT2G14890,AT1G36730,AT2G43010,AT1G57680,AT5G16110,AT1G68490,AT1G10630,AT1G27330,AT3G51550,AT5G10550,AT3G01390,AT5G13100,AT2G31810,AT1G16180,AT4G32020,AT5G10780,AT2G17870,AT4G01310,AT5G34850,AT3G03520,AT1G56330,AT1G75950,AT4G16660,AT5G43330,AT3G17210,AT3G17100,AT4G21980,AT3G19680,AT3G09470	
1	AT5G25830	GATA12	0	0	PWM2612	JASPAR	MA1015.1	38	0.0003471631819089453	0.01778467386179254	77	AT2G29500,AT5G51440,AT1G65980,AT3G23990,AT1G79920,AT5G42020,AT4G22670,AT4G14270,ATCG00710,AT2G02760,AT1G09140,AT5G09810,AT2G41430,AT5G25280,AT2G24790,AT1G80920,AT3G62290,AT4G11220,AT3G16640,AT1G56300,AT1G64200,AT1G11260,AT1G64230,AT4G24190,AT1G20440,AT3G09840,AT5G65430,AT5G61790,AT5G41700,AT4G12420,AT1G09070,ATMG00080,AT1G71000,AT5G65390,AT2G21130,AT4G10040,AT3G62600,AT1G20330,AT2G36530,AT1G75350,AT5G48480,AT5G10960,AT4G15770,AT1G65720,AT1G29470,AT3G47340,AT1G07140,AT4G14300,AT2G14890,AT1G36730,AT1G57680,AT5G16110,AT1G68490,AT1G10630,AT1G27330,AT3G51550,AT5G10550,AT5G13100,AT1G02300,AT2G31810,AT1G16180,AT4G32020,AT5G10780,AT1G08510,AT2G17870,AT5G34850,AT3G03520,AT1G56330,AT1G75950,AT4G16660,AT5G43330,AT3G17210,AT3G17100,AT3G62660,AT4G21980,AT3G19680,AT3G09470	
1	AT4G00250	AT4G00250	0	0	PWM3125	DAP-seq	AT4G00250_col	39	0.0003471631819089453	0.01778467386179254	77	AT2G29500,AT3G10020,AT2G37170,AT1G03070,AT1G52560,ATCG00020,AT4G22670,AT3G15450,AT4G14270,AT4G20260,AT5G20250,AT5G24490,AT1G09140,AT1G55330,AT5G09810,AT2G41430,AT2G41160,AT5G19140,AT5G06290,AT1G80920,AT2G46330,AT2G47450,AT5G02160,AT3G53990,AT5G25460,AT1G19660,AT5G40770,AT1G11260,AT4G05150,AT1G64230,AT5G05410,AT5G58787,AT3G09840,AT4G12420,AT1G71000,AT5G61590,AT4G21810,AT5G42300,AT1G80180,AT5G14120,AT3G62600,AT5G20160,ATMG00620,AT3G23050,AT2G03310,AT4G02230,AT1G29470,AT5G03740,AT3G60210,AT2G45170,AT1G36730,AT4G29190,AT3G50500,AT4G19860,AT2G23090,AT3G10850,AT5G59420,AT3G54360,AT1G08930,AT2G07783,AT3G06400,AT1G47128,AT2G22870,ATMG00650,AT5G10780,AT2G02050,AT2G23120,AT2G02710,AT4G01310,ATMG00660,AT5G57655,AT3G60130,AT5G11580,AT1G75950,ATMG00060,AT3G61060,AT4G15680	
1	AT4G36240	GATA7	2	na	PWM1222	CisBP	M0691_1.01	40	0.0005614744436659141	0.0251680919373246	76	AT2G29500,AT3G12050,AT3G23990,AT5G42020,AT4G22670,AT4G14270,AT2G02760,AT1G09140,AT1G55330,AT5G09810,AT2G41430,AT5G25280,AT2G24790,AT1G80920,AT3G62290,AT4G11220,AT5G25460,AT1G64230,AT4G24190,AT1G20440,AT3G61260,AT5G65430,AT5G61790,AT1G09070,AT5G53560,ATMG00080,AT1G71000,AT3G57880,AT5G65390,AT5G14120,AT4G02980,AT3G22370,AT3G62600,AT5G50460,AT4G39400,AT1G56340,AT5G32450,AT3G23050,AT4G30440,AT5G10960,AT1G65720,AT1G29470,AT3G47340,AT3G03270,AT5G45130,AT3G10800,AT1G36730,AT1G56280,AT5G16110,AT1G68490,AT1G27330,AT3G51550,AT1G08930,AT5G10550,AT5G13100,AT3G29810,AT2G22870,AT1G16180,AT4G32020,AT5G10780,AT5G40450,AT1G08510,AT5G18340,AT2G02710,AT4G01310,AT3G03520,AT1G56330,AT1G75950,AT2G41730,AT5G43450,AT4G16660,AT3G17210,AT3G17100,AT4G21980,AT3G19680,AT3G09470	na
1	AT1G51600	GATA28	0	0	PWM1412	CisBP	M0681_1.01	41	0.0005614744436659141	0.0251680919373246	76	AT5G52640,AT2G47180,AT3G23990,AT5G42020,AT1G52870,AT5G11740,AT4G14270,AT2G02760,AT1G09140,AT5G09810,AT5G47120,AT2G41430,AT3G53230,AT5G25280,AT1G80920,AT3G62290,AT4G11220,AT1G03860,AT1G56220,AT3G16640,AT1G80480,AT1G64200,AT1G64230,AT4G24190,AT1G20440,AT3G09840,AT3G17020,AT5G65430,AT5G61790,AT1G09070,ATMG00080,AT3G62600,AT5G50460,AT4G39400,ATMG01360,AT1G56340,AT2G36530,AT5G10960,AT4G02230,AT3G03270,AT5G45130,AT1G14400,AT2G25110,AT3G62420,AT3G10800,AT3G50500,AT4G19860,AT1G56280,AT5G16110,AT1G68490,AT1G10230,AT3G10850,AT1G10630,AT3G51550,AT1G48570,AT1G16180,AT4G32020,AT5G40450,AT2G17870,AT5G18340,AT1G27290,AT4G01310,AT3G03520,AT1G56330,AT1G78600,AT3G15580,AT1G75950,AT1G19770,AT4G16660,AT3G61060,AT5G43330,AT3G17210,AT3G17100,AT5G60850,AT3G62660,AT4G21980	
1	AT2G46830	AtCCA1	18	56	PWM2571	JASPAR	MA0972.1	42	0.0005614744436659141	0.0251680919373246	76	AT4G10250,AT3G10020,AT1G75750,AT3G15450,AT1G78380,AT5G58590,AT4G14270,AT5G20250,AT5G47120,AT4G19430,AT3G07770,AT2G41430,AT4G03210,AT1G53730,AT5G22920,AT1G56220,AT5G02160,AT2G30600,AT1G56300,AT1G19660,AT2G29670,AT1G80480,AT5G51550,AT1G11260,AT4G05150,AT5G05410,AT1G20440,AT3G17020,AT3G19820,AT5G41700,AT3G56090,AT1G71000,AT5G61590,AT2G21130,AT2G21640,AT3G23050,AT5G04750,AT2G40360,AT5G48480,AT3G47160,AT4G15770,AT1G66150,AT3G60190,AT3G62420,AT1G70310,AT2G17230,AT4G14300,AT1G36730,AT4G29190,AT2G43010,AT5G67480,AT3G50500,AT1G68490,AT3G51550,AT3G54360,AT2G32920,AT3G18050,AT1G47128,AT1G66510,AT3G29810,AT4G32020,AT5G10780,AT2G02710,AT5G34850,AT3G03520,AT1G32400,AT3G51510,AT3G48070,AT5G17710,AT4G03400,AT3G06660,AT1G78600,AT5G11580,AT1G75950,AT5G21170,AT3G62660	AT3G10020,AT5G58070,AT1G78380,AT4G14270,AT5G20250,AT5G62350,AT1G72150,AT4G19430,AT5G25280,AT4G03210,AT5G22920,AT1G56220,AT5G02160,AT2G30600,AT1G56300,AT1G80480,AT5G51550,AT4G05150,AT5G05410,AT1G01620,AT3G61260,AT5G41700,AT3G56090,AT1G71000,AT5G61590,AT2G21130,AT5G03380,AT3G22370,AT2G40360,AT3G47160,AT2G03310,AT3G60190,AT5G08330,AT3G45970,AT1G70310,AT1G53320,AT1G20450,AT4G29190,AT2G40300,AT2G43010,AT5G67480,AT3G50500,AT1G13990,AT1G68490,AT3G26180,AT4G18700,AT5G59420,AT5G10550,AT3G18050,AT1G02300,AT3G16570,AT2G22540,AT4G03400,AT1G78600,AT4G11960,AT5G60850
1	AT1G75390	AtbZIP44	2	0	PWM2917	DAP-seq	BZIP44_col	44	0.0005614744436659141	0.0251680919373246	76	AT1G54050,AT5G01600,AT1G79920,AT5G42020,AT3G15450,AT3G08590,AT5G20250,AT5G09810,AT5G25280,AT4G03210,AT1G68300,AT5G49360,AT1G03860,AT1G56220,AT5G02160,AT5G25460,AT1G19660,AT5G40770,AT2G30000,AT5G51550,AT1G11260,AT5G05410,AT1G20440,AT1G01620,AT3G61260,AT3G17020,AT5G65430,AT5G61790,AT2G24940,AT3G57880,AT4G26270,AT3G22370,AT4G10040,AT5G50460,AT4G21580,ATMG00620,AT1G56340,AT2G36950,AT4G30440,AT2G40360,AT5G54080,AT1G51200,AT3G45970,AT2G45170,AT1G20450,AT1G12780,AT5G44130,AT1G57680,AT5G16110,AT1G68490,AT2G32920,AT1G08930,AT5G10550,AT3G18050,AT5G13100,AT3G29810,AT4G10330,AT2G31810,AT5G10780,AT2G17870,AT5G18340,AT2G02710,AT5G64260,AT5G34850,AT1G55805,AT3G03520,AT1G56330,AT4G11960,AT4G16660,AT3G61060,AT5G14800,AT4G15680,AT5G21170,AT5G60850,AT3G62660,AT4G21980	
1	AT1G74370	AT1G74370	7	na	PWM3062	DAP-seq	AT1G74370_col	45	0.0005614744436659141	0.0251680919373246	76	AT3G46230,AT3G10020,AT5G59720,AT4G27670,AT5G51440,AT5G58070,AT4G22670,AT3G15450,AT5G24490,AT1G55330,AT2G41430,AT5G19140,AT1G53730,ATCG00680,AT1G80920,AT1G56220,AT2G47450,AT1G48920,AT3G53990,AT2G30600,AT1G19660,AT1G80480,AT1G11260,AT4G24190,AT5G05410,AT4G13830,AT5G41700,AT5G61590,AT3G14620,AT5G66090,AT3G57880,AT4G21810,ATMG00580,AT5G14120,AT2G05540,AT4G26780,ATMG00620,AT1G56340,AT2G36950,AT5G54600,AT4G30440,AT5G48480,AT3G47160,AT3G62560,AT1G29470,AT3G60190,AT2G25110,AT2G33800,AT1G07140,AT2G14890,AT4G29190,AT3G51420,AT3G50500,AT3G26180,AT5G59420,AT3G54360,AT1G08930,AT5G10550,AT3G18050,AT1G02300,AT2G22870,AT2G31810,AT1G48570,ATMG00650,ATMG00640,AT5G10780,AT2G34750,AT1G27290,AT2G02710,AT1G32400,AT5G17710,AT3G60130,AT1G75950,AT3G61060,AT5G43330,AT3G62660	na
1	AT1G74840	At1g74840	0	0	PWM3307	DAP-seq	AT1G74840_col	46	0.0005614744436659141	0.0251680919373246	76	AT2G29500,AT3G10020,AT3G12050,AT5G58070,AT1G03070,ATCG00020,AT4G22670,AT3G15450,AT4G14270,AT5G20250,AT5G24490,AT4G30270,AT1G09140,AT5G09810,AT2G41430,AT5G19140,AT4G29020,AT5G06290,AT1G53730,AT1G80920,AT4G27450,AT2G46330,AT2G33590,AT2G47450,AT5G02160,AT1G48920,AT3G53990,AT5G25460,AT1G19660,AT1G11260,AT4G05150,AT5G05410,AT5G58787,AT3G09840,AT3G17020,AT4G12420,AT1G71000,AT5G61590,AT4G21810,AT1G80180,ATMG00580,AT5G14120,AT3G62600,AT3G04710,ATMG00620,AT5G54600,AT4G02230,AT5G54580,AT3G60210,AT2G45170,AT4G29190,AT3G50500,AT2G23090,AT3G10850,AT5G59420,AT3G54360,AT5G10550,AT1G47128,AT4G10330,AT2G22870,AT2G31810,AT1G48570,ATMG00650,AT5G10780,AT2G02050,AT4G01310,AT5G34850,ATMG00660,AT5G54170,AT5G57655,AT1G75950,AT2G41730,AT3G61060,AT4G15680,AT5G21170,AT5G12040	
1	AT5G47390	At5g47390	5	na	PWM3324	DAP-seq	AT5G47390_col	47	0.0005614744436659141	0.0251680919373246	76	AT2G29500,AT3G10020,AT5G58070,AT1G03070,ATCG00020,AT4G14270,AT4G20260,AT5G20250,AT5G24490,AT4G30270,AT1G09140,AT5G09810,AT2G41430,AT2G41160,AT5G19140,AT5G06290,AT1G53730,AT1G80920,AT4G27450,AT2G46330,AT2G33590,AT5G02160,AT1G48920,AT3G53990,AT2G30600,AT5G25460,AT1G19660,AT5G40770,AT1G11260,AT4G05150,AT5G05410,AT5G58787,AT3G09840,AT4G12420,AT1G71000,AT5G61590,AT4G21810,AT5G42300,AT1G80180,AT5G14120,AT3G62600,AT5G20160,ATMG00620,ATMG00480,AT2G36950,AT3G23050,AT4G02230,AT5G54580,AT3G60210,AT5G49450,AT2G45170,AT1G36730,AT4G29190,AT3G50500,AT2G23090,AT3G10850,AT5G59420,AT3G54360,AT1G08930,AT2G07783,AT1G47128,AT2G22870,ATMG00650,AT5G10780,AT2G02050,AT2G23120,AT2G02710,AT4G01310,ATMG00660,AT5G57655,AT3G60130,ATMG00060,AT3G61060,AT4G15680,AT5G21170,AT5G12040	na
1	AT5G52660	At5g52660	3	na	PWM3326	DAP-seq	AT5G52660_col	48	0.0005614744436659141	0.0251680919373246	76	AT3G10020,AT5G51440,AT5G64400,AT4G22670,AT1G52870,AT3G15450,AT5G58590,AT4G14270,AT5G20250,AT2G02760,AT5G09810,AT2G41430,AT5G25280,AT2G41160,AT5G19140,AT4G03210,AT5G22920,AT1G48920,AT3G53990,AT2G30600,AT1G56300,AT1G19660,AT2G29670,AT1G11260,AT4G05150,AT5G05410,AT1G20440,AT3G17020,AT5G41700,AT5G15090,AT3G56090,AT1G71000,AT5G61590,AT2G21130,AT5G03380,AT2G21640,AT2G36950,AT3G23050,AT5G04750,AT2G40360,AT3G47160,AT1G51200,AT2G03310,AT4G15770,AT3G62560,AT1G66150,AT2G21940,AT3G62420,AT2G17230,AT1G53320,AT4G29190,AT2G43010,AT5G67480,AT3G50500,AT1G68490,AT1G10230,AT1G55310,AT3G51550,AT3G54360,AT2G32920,AT3G01390,AT4G12600,AT1G47128,AT3G29810,AT4G10330,AT5G10780,AT3G16000,AT5G61820,AT5G64260,AT2G22540,AT3G03520,AT1G32400,AT4G03400,AT1G78600,AT1G75950,AT3G62660	na
1	AT2G28920	AT2G28920	2	na	PWM3436	DAP-seq	AT2G28920_col	49	0.0005614744436659141	0.0251680919373246	76	AT3G10020,AT5G51440,AT5G64400,AT4G22670,ATCG00350,AT3G15450,AT5G58590,AT4G14270,AT5G20250,AT2G02760,AT5G09810,AT2G41430,AT2G41160,AT5G19140,AT4G03210,AT1G80920,AT5G22920,AT1G56220,AT1G48920,AT3G53990,AT2G30600,AT1G56300,AT1G19660,AT2G29670,AT1G80480,AT1G11260,AT4G05150,AT5G05410,AT1G20440,AT3G17020,AT5G41700,AT5G15090,AT3G56090,AT1G71000,AT5G61590,AT2G21130,AT5G03380,AT2G21640,AT2G36950,AT3G23050,AT2G40360,AT5G48480,AT1G51200,AT2G03310,AT4G15770,AT3G62560,AT1G66150,AT3G62420,AT2G17230,AT1G53320,AT4G14300,AT4G29190,AT2G43010,AT5G67480,AT3G50500,AT1G68490,AT3G51550,AT3G54360,AT2G32920,AT3G01390,AT4G12600,AT1G47128,AT3G29810,AT4G10330,AT5G10780,AT3G16000,AT2G22540,AT5G58710,AT3G03520,AT1G32400,AT4G03400,AT3G06660,AT1G78600,AT5G11580,AT1G75950,AT3G62660	na
1	AT4G17570	GATA26	4	0	PWM907	CisBP	M0688_1.01	50	0.0005614744436659141	0.0251680919373246	76	AT2G47180,AT3G23990,AT5G42020,AT4G22670,AT4G14270,AT2G02760,AT1G09140,AT5G47120,AT2G41430,AT5G25280,AT1G80920,AT3G62290,AT4G11220,AT1G03860,AT1G56220,AT3G16640,AT5G25460,AT1G80480,AT1G11260,AT4G05150,AT4G24190,AT1G20440,AT5G65430,AT4G13830,AT5G61790,AT1G09070,ATMG00080,AT5G65390,AT5G14120,AT3G62600,AT5G50460,ATMG01360,AT1G56340,AT5G32450,AT2G36530,AT5G10960,AT3G03270,AT5G45130,AT1G14400,AT4G16500,AT3G10800,AT1G23180,AT1G36730,AT2G43010,AT3G50500,AT1G56280,AT5G16110,AT1G68490,AT3G10850,AT1G10630,AT5G10550,AT1G02300,AT3G29810,AT1G16180,AT4G32020,AT2G23120,AT1G60960,AT5G40450,AT2G17870,AT5G18340,AT4G01310,AT3G03520,AT1G72750,AT1G56330,AT3G15580,AT1G75950,AT4G11960,AT2G41730,AT4G16660,AT3G61060,AT5G43330,AT5G21170,AT3G17100,AT5G60850,AT3G62660,AT4G21980	
1	AT4G01120	ATBZIP54	42	190	PWM1233	CisBP	M0262_1.01	51	0.00089439632828742	0.03144416895332047	75	AT2G29500,AT2G32120,AT5G51440,AT4G12400,AT5G58070,AT2G36830,AT1G03070,AT5G01600,AT4G22670,AT5G58590,AT4G24280,AT4G30270,AT1G72150,AT5G58110,AT5G19140,AT4G29020,AT4G03210,AT3G62290,AT4G27450,AT5G22920,AT5G49360,AT1G56220,AT5G02160,AT2G29670,AT1G80480,AT2G30000,AT1G11260,AT4G05150,AT1G01940,AT1G20440,AT2G07699,AT3G17020,AT5G65430,AT1G09070,AT5G61590,AT3G57880,ATMG00580,AT5G03380,AT3G62600,AT4G39400,ATMG01360,ATMG00620,AT1G11910,ATMG00513,AT1G56200,AT3G49220,AT1G29470,AT5G08330,AT1G70310,AT1G20450,AT5G44130,AT1G57680,AT1G13990,AT1G68490,AT2G07723,AT3G26180,AT1G27330,AT5G10550,AT3G01390,AT5G13100,AT1G47128,ATMG01370,AT4G32020,AT5G10780,AT2G02710,AT3G03520,AT4G28390,AT5G17710,AT1G57820,AT2G32690,AT1G13690,AT1G10840,AT5G60850,AT3G62660,AT4G21980	AT2G29500,AT3G10020,AT1G74310,AT1G54050,AT2G47180,AT5G37670,AT5G58070,AT1G65980,AT2G37170,AT2G36830,AT5G64400,AT1G03070,AT5G42020,AT3G15450,AT5G11740,AT3G13520,AT4G14270,AT3G08590,AT4G20260,AT5G20250,AT5G62350,AT5G24490,AT1G55330,AT1G72150,AT4G23493,AT4G25130,AT5G09810,AT5G47120,AT4G19430,AT3G07770,AT2G41430,AT3G53230,AT5G25280,AT2G38310,AT5G19140,AT5G06290,AT4G03210,AT1G68300,AT2G24790,AT1G80920,AT4G27450,AT2G46330,AT5G22920,AT5G49360,AT1G56220,AT2G47450,AT5G02160,AT1G48920,AT3G53990,AT2G30600,AT5G25460,AT1G56300,AT1G19660,AT2G29670,AT1G80480,AT5G20010,AT1G64200,AT5G51550,AT1G11260,AT2G39010,AT4G05150,AT1G64230,AT1G27090,AT4G24190,AT5G05410,AT1G01940,AT4G39520,AT5G58787,AT1G20440,AT5G57560,AT4G13520,AT3G61260,AT3G17020,AT5G65430,AT5G61790,AT5G15090,AT2G34590,AT4G12420,AT3G56090,AT1G71000,AT5G61590,AT5G66090,AT3G57880,AT4G26270,AT1G14360,AT5G65390,AT5G14120,AT2G21130,AT2G05540,AT5G03380,AT3G22370,AT3G07150,AT4G10040,AT3G62600,AT5G50460,AT4G39400,AT1G56340,AT5G32450,AT1G20330,AT2G36950,AT3G23050,AT4G30440,AT5G04750,AT2G40360,AT5G48480,AT5G54080,AT1G56200,AT3G47160,AT1G51200,AT5G19875,AT5G10960,AT3G62560,AT3G49220,AT1G66150,AT3G48560,AT1G65720,AT3G03270,AT5G08330,AT2G25110,AT4G16500,AT3G45970,AT4G21860,AT1G70310,AT1G76490,AT2G17230,AT1G53320,AT3G10800,AT4G14300,AT2G14890,AT2G45170,AT1G20450,AT1G12780,AT5G44130,AT4G29190,AT2G40300,AT2G43010,AT5G67480,AT1G57680,AT4G19860,AT1G13990,AT5G16110,AT1G68490,AT5G01740,AT3G26180,AT4G18700,AT1G27330,AT3G51550,AT5G59420,AT2G32920,AT1G08930,AT5G10550,AT3G06400,AT3G18050,AT2G15790,AT1G47128,AT5G16010,AT2G31810,AT1G16180,AT4G32020,AT2G02050,AT5G40450,AT2G18510,AT1G08510,AT3G16570,AT5G18340,AT1G27290,AT2G02710,AT5G64260,AT5G34850,AT5G58710,AT3G03520,AT1G32400,AT1G72750,AT1G56330,AT5G57655,AT5G17710,AT3G60130,AT4G03400,AT5G11580,AT4G11960,AT2G41730,AT4G21870,AT4G16660,AT3G61060,AT5G14800,AT5G21170,AT3G17100,AT5G60850,AT4G21980,AT3G19680
1	AT1G75080	BZR1	0	na	PWM1390	CisBP	M2213_1.01	52	0.00089439632828742	0.03144416895332047	75	AT4G12400,AT5G58070,AT1G65980,AT5G64400,AT1G03070,AT1G79920,AT4G14270,AT5G62350,AT3G09640,AT4G25130,AT5G47120,AT4G19430,AT2G41430,AT4G27450,AT4G11220,AT1G67870,AT1G56220,AT1G48920,AT5G25460,AT1G19660,AT2G39010,AT4G24190,AT5G58787,AT1G01620,AT3G61260,AT2G34590,AT3G56090,AT1G71000,AT3G57880,AT5G65390,AT2G21130,AT4G10040,AT3G62600,AT4G39400,AT4G21580,AT3G23050,AT1G56200,AT3G47160,AT5G19875,AT3G48560,AT1G65720,AT1G78150,AT5G54580,AT3G60190,AT4G16500,AT2G33800,AT3G10800,AT4G14300,AT1G23180,AT2G14890,AT2G45170,AT1G20450,AT4G29190,AT5G14520,AT2G40300,AT2G43010,AT1G68490,AT3G26180,AT4G18700,AT1G27330,AT3G54360,AT4G32020,AT3G16570,AT3G16000,AT5G18340,AT1G27290,AT5G64260,AT1G32400,AT3G51510,AT2G20490,AT3G48070,AT1G56330,AT4G16660,AT3G61060,AT5G14800	na
1	AT1G69690	At1g69690	0	0	PWM1594	PBM		53	0.00089439632828742	0.03144416895332047	75	AT2G29500,AT2G32120,AT5G51440,AT4G12400,AT5G58070,AT2G36830,AT1G03070,AT5G01600,AT4G22670,AT5G58590,AT4G24280,AT4G30270,AT1G72150,AT5G58110,AT5G19140,AT4G29020,AT4G03210,AT3G62290,AT4G27450,AT5G22920,AT5G49360,AT1G56220,AT5G02160,AT2G29670,AT1G80480,AT2G30000,AT1G11260,AT4G05150,AT1G01940,AT1G20440,AT2G07699,AT3G17020,AT5G65430,AT1G09070,AT5G61590,AT3G57880,ATMG00580,AT5G03380,AT3G62600,AT4G39400,ATMG01360,ATMG00620,AT1G11910,ATMG00513,AT1G56200,AT3G49220,AT1G29470,AT5G08330,AT1G70310,AT1G20450,AT5G44130,AT1G57680,AT1G13990,AT1G68490,AT2G07723,AT3G26180,AT1G27330,AT5G10550,AT3G01390,AT5G13100,AT1G47128,ATMG01370,AT4G32020,AT5G10780,AT2G02710,AT3G03520,AT4G28390,AT5G17710,AT1G57820,AT2G32690,AT1G13690,AT1G10840,AT5G60850,AT3G62660,AT4G21980	
1	AT3G27010	ATTCP20	0	0	PWM2661	JASPAR	MA1065.1	54	0.00089439632828742	0.03144416895332047	75	AT2G29500,AT2G47180,AT2G32120,AT5G51440,AT5G58070,AT2G36830,AT4G22670,AT5G58590,AT3G13520,AT5G47830,AT4G24280,AT4G30270,AT4G23493,AT5G58110,AT5G11680,AT5G19140,AT4G29020,AT3G62290,AT4G27450,AT5G22920,AT5G49360,AT2G30600,AT5G25460,AT5G51550,AT1G11260,AT1G01940,AT5G58787,AT1G20440,AT3G17020,AT5G65430,AT5G41700,AT2G34590,AT5G61590,AT3G57880,ATMG00580,AT2G21130,AT4G02980,AT3G22370,AT3G62600,AT4G39400,AT4G21580,ATMG00513,AT4G30440,AT1G29470,AT5G03740,AT5G54580,AT5G08330,AT3G60210,AT2G25110,AT2G33800,AT2G45170,AT1G20450,AT1G57680,AT3G51420,AT1G68490,AT1G08930,AT5G10550,AT3G01390,AT5G13100,AT3G13230,AT1G47128,AT1G66510,ATMG01370,ATMG00640,AT5G10780,AT5G61820,AT3G03520,AT2G20490,AT4G28390,AT4G21870,AT1G10840,AT5G60850,AT3G62660,AT4G21980,AT3G19680	
1	AT2G04038	AtbZIP48	7	na	PWM2919	DAP-seq	BZIP48_col	55	0.00089439632828742	0.03144416895332047	75	AT1G54050,AT3G23990,AT1G79920,AT5G42020,AT3G15450,AT3G08590,AT5G09810,AT5G25280,AT4G03210,AT1G68300,AT5G49360,AT1G03860,AT1G56220,AT5G25460,AT1G19660,AT2G30000,AT5G51550,AT1G11260,AT5G05410,AT1G20440,AT1G01620,AT3G61260,AT5G65430,AT5G61790,AT2G34590,AT2G24940,AT5G61590,AT3G57880,AT4G26270,AT5G14120,AT4G02980,AT3G22370,AT5G50460,AT4G21580,ATMG00620,AT1G56340,AT2G36950,AT4G30440,AT2G40360,AT5G54080,AT1G51200,AT2G14890,AT2G45170,AT1G20450,AT1G12780,AT1G57680,AT3G50500,AT5G16110,AT1G68490,AT2G07723,AT2G32920,AT1G08930,AT5G10550,AT3G18050,AT5G13100,AT3G29810,AT4G10330,AT2G31810,AT5G10780,AT2G17870,AT5G18340,AT2G02710,AT5G34850,AT5G58710,AT1G55805,AT3G03520,AT1G56330,AT4G11960,AT4G16660,AT3G61060,AT5G14800,AT4G15680,AT5G21170,AT5G60850,AT3G62660	na
1	AT2G40970	MYBC1	0	na	PWM1028	CisBP	M1239_1.01	56	0.0014031270173244634	0.044925120393977905	74	AT1G59860,AT2G29500,AT4G25200,AT5G59720,AT5G51440,AT5G25450,AT1G52560,ATCG00350,ATCG00710,AT1G09140,AT1G55330,AT5G09810,AT3G07770,AT3G53230,AT5G25280,AT2G38310,AT5G19140,AT2G24790,AT3G62290,AT5G22920,AT1G56300,AT1G19660,AT2G29670,AT1G64200,AT1G11260,AT1G64230,AT4G24190,AT5G05410,AT4G39520,AT5G05690,AT5G65430,AT5G61790,AT4G12420,AT1G71000,AT5G61590,AT3G57880,AT1G14360,AT5G65390,ATMG00580,AT4G02980,AT3G22370,AT5G50460,ATMG01360,ATMG00630,AT1G75350,AT4G30440,AT5G48480,AT5G10960,AT3G49220,AT1G65720,AT1G29470,AT3G60210,AT2G25110,AT1G76490,AT1G07140,AT4G14300,AT5G16110,AT1G68490,AT5G01740,AT2G07723,AT1G10630,AT1G27330,AT3G51550,AT2G32920,AT5G13100,AT5G10780,AT5G34850,AT1G55805,AT1G72750,AT3G22330,AT1G75950,AT3G61060,AT3G17210,AT3G09470	na
1	AT3G10760	AT3G10760	3	na	PWM1029	CisBP	M1239_1.01	57	0.0014031270173244634	0.044925120393977905	74	AT1G59860,AT2G29500,AT4G25200,AT5G59720,AT5G51440,AT5G25450,AT1G52560,ATCG00350,ATCG00710,AT1G09140,AT1G55330,AT5G09810,AT3G07770,AT3G53230,AT5G25280,AT2G38310,AT5G19140,AT2G24790,AT3G62290,AT5G22920,AT1G56300,AT1G19660,AT2G29670,AT1G64200,AT1G11260,AT1G64230,AT4G24190,AT5G05410,AT4G39520,AT5G05690,AT5G65430,AT5G61790,AT4G12420,AT1G71000,AT5G61590,AT3G57880,AT1G14360,AT5G65390,ATMG00580,AT4G02980,AT3G22370,AT5G50460,ATMG01360,ATMG00630,AT1G75350,AT4G30440,AT5G48480,AT5G10960,AT3G49220,AT1G65720,AT1G29470,AT3G60210,AT2G25110,AT1G76490,AT1G07140,AT4G14300,AT5G16110,AT1G68490,AT5G01740,AT2G07723,AT1G10630,AT1G27330,AT3G51550,AT2G32920,AT5G13100,AT5G10780,AT5G34850,AT1G55805,AT1G72750,AT3G22330,AT1G75950,AT3G61060,AT3G17210,AT3G09470	na
1	AT3G46640	LUX	6	na	PWM1030	CisBP	M1239_1.01	58	0.0014031270173244634	0.044925120393977905	74	AT1G59860,AT2G29500,AT4G25200,AT5G59720,AT5G51440,AT5G25450,AT1G52560,ATCG00350,ATCG00710,AT1G09140,AT1G55330,AT5G09810,AT3G07770,AT3G53230,AT5G25280,AT2G38310,AT5G19140,AT2G24790,AT3G62290,AT5G22920,AT1G56300,AT1G19660,AT2G29670,AT1G64200,AT1G11260,AT1G64230,AT4G24190,AT5G05410,AT4G39520,AT5G05690,AT5G65430,AT5G61790,AT4G12420,AT1G71000,AT5G61590,AT3G57880,AT1G14360,AT5G65390,ATMG00580,AT4G02980,AT3G22370,AT5G50460,ATMG01360,ATMG00630,AT1G75350,AT4G30440,AT5G48480,AT5G10960,AT3G49220,AT1G65720,AT1G29470,AT3G60210,AT2G25110,AT1G76490,AT1G07140,AT4G14300,AT5G16110,AT1G68490,AT5G01740,AT2G07723,AT1G10630,AT1G27330,AT3G51550,AT2G32920,AT5G13100,AT5G10780,AT5G34850,AT1G55805,AT1G72750,AT3G22330,AT1G75950,AT3G61060,AT3G17210,AT3G09470	na
1	AT5G05090	AT5G05090	5	na	PWM1031	CisBP	M1239_1.01	59	0.0014031270173244634	0.044925120393977905	74	AT1G59860,AT2G29500,AT4G25200,AT5G59720,AT5G51440,AT5G25450,AT1G52560,ATCG00350,ATCG00710,AT1G09140,AT1G55330,AT5G09810,AT3G07770,AT3G53230,AT5G25280,AT2G38310,AT5G19140,AT2G24790,AT3G62290,AT5G22920,AT1G56300,AT1G19660,AT2G29670,AT1G64200,AT1G11260,AT1G64230,AT4G24190,AT5G05410,AT4G39520,AT5G05690,AT5G65430,AT5G61790,AT4G12420,AT1G71000,AT5G61590,AT3G57880,AT1G14360,AT5G65390,ATMG00580,AT4G02980,AT3G22370,AT5G50460,ATMG01360,ATMG00630,AT1G75350,AT4G30440,AT5G48480,AT5G10960,AT3G49220,AT1G65720,AT1G29470,AT3G60210,AT2G25110,AT1G76490,AT1G07140,AT4G14300,AT5G16110,AT1G68490,AT5G01740,AT2G07723,AT1G10630,AT1G27330,AT3G51550,AT2G32920,AT5G13100,AT5G10780,AT5G34850,AT1G55805,AT1G72750,AT3G22330,AT1G75950,AT3G61060,AT3G17210,AT3G09470	na
1	AT5G59570	BOA	7	na	PWM1032	CisBP	M1239_1.01	60	0.0014031270173244634	0.044925120393977905	74	AT1G59860,AT2G29500,AT4G25200,AT5G59720,AT5G51440,AT5G25450,AT1G52560,ATCG00350,ATCG00710,AT1G09140,AT1G55330,AT5G09810,AT3G07770,AT3G53230,AT5G25280,AT2G38310,AT5G19140,AT2G24790,AT3G62290,AT5G22920,AT1G56300,AT1G19660,AT2G29670,AT1G64200,AT1G11260,AT1G64230,AT4G24190,AT5G05410,AT4G39520,AT5G05690,AT5G65430,AT5G61790,AT4G12420,AT1G71000,AT5G61590,AT3G57880,AT1G14360,AT5G65390,ATMG00580,AT4G02980,AT3G22370,AT5G50460,ATMG01360,ATMG00630,AT1G75350,AT4G30440,AT5G48480,AT5G10960,AT3G49220,AT1G65720,AT1G29470,AT3G60210,AT2G25110,AT1G76490,AT1G07140,AT4G14300,AT5G16110,AT1G68490,AT5G01740,AT2G07723,AT1G10630,AT1G27330,AT3G51550,AT2G32920,AT5G13100,AT5G10780,AT5G34850,AT1G55805,AT1G72750,AT3G22330,AT1G75950,AT3G61060,AT3G17210,AT3G09470	na
1	AT4G24470	GATA25	0	0	PWM3017	DAP-seq	ZIM_col	61	0.0014031270173244634	0.044925120393977905	74	AT2G29500,AT3G12050,AT5G37670,AT2G36460,AT1G65980,AT2G36830,AT5G01600,AT5G42020,AT1G52870,AT5G11740,AT4G14270,AT3G08590,AT1G09140,AT1G55330,AT5G09810,AT5G47120,AT5G25280,AT5G19140,AT4G03210,AT1G53730,AT4G11220,AT2G46330,AT5G49360,AT1G48920,AT3G53990,AT5G25460,AT1G56300,AT5G40770,AT5G20010,AT5G01350,AT5G51550,AT1G11260,AT4G05150,AT1G27090,AT1G01620,AT3G61260,AT3G17020,AT5G65430,AT4G13830,AT5G15090,AT1G71000,AT3G57880,AT5G14120,AT3G22370,AT3G62600,AT1G56340,AT1G11910,AT1G36980,AT2G36530,AT3G23050,AT4G30440,AT3G60190,AT4G16500,AT4G14300,AT1G23180,AT4G29190,AT5G67480,AT2G32920,AT1G08930,AT2G37340,AT5G10550,AT3G06400,AT1G02300,AT5G42150,AT2G18510,AT5G34850,AT1G56330,AT5G57655,AT5G17710,AT4G11960,ATMG00060,AT3G17210,AT3G62660,AT5G55160	
1	AT1G18330	EPR1	99	na	PWM3334	DAP-seq	EPR1_col	62	0.0014031270173244634	0.044925120393977905	74	AT3G10020,AT5G51440,AT1G75750,AT5G64400,AT3G15450,AT5G58590,AT4G14270,AT2G02760,AT5G09810,AT4G19430,AT2G41430,AT5G25280,AT2G41160,AT5G11680,AT4G03210,AT5G22920,AT1G48920,AT3G53990,AT2G30600,AT1G56300,AT1G19660,AT2G29670,AT1G80480,AT1G11260,AT4G05150,AT5G05410,AT1G20440,AT3G17020,AT5G15090,AT3G56090,AT1G71000,AT5G61590,AT5G66090,AT3G12760,AT2G21130,AT5G03380,AT2G36950,AT5G48480,AT2G03310,AT4G15770,AT3G62560,AT1G66150,AT4G02230,AT2G21940,AT3G62420,AT2G17230,AT4G14300,AT1G36730,AT4G29190,AT2G43010,AT5G67480,AT3G50500,AT1G68490,AT1G10230,AT3G26180,AT3G54360,AT2G32920,AT2G37340,AT4G12600,AT1G47128,AT1G66510,AT3G29810,AT4G10330,AT5G10780,AT2G18510,AT3G16000,AT5G64260,AT2G22540,AT5G58710,AT3G03520,AT1G32400,AT4G03400,AT5G11580,AT1G13690	na
1	AT5G47140	GATA27	0	na	PWM857	CisBP	M0692_1.01	63	0.0014031270173244634	0.044925120393977905	74	AT2G47180,AT3G23990,AT5G42020,AT4G22670,AT4G14270,AT2G02760,AT1G09140,AT2G41430,AT5G25280,AT1G80920,AT3G62290,AT4G11220,AT1G03860,AT1G56220,AT3G16640,AT5G25460,AT1G80480,AT4G05150,AT4G24190,AT1G20440,AT3G17020,AT5G65430,AT4G13830,AT5G61790,AT1G09070,ATMG00080,AT5G65390,AT2G21130,AT3G62600,AT5G50460,ATMG01360,AT1G56340,AT5G32450,AT2G36530,AT5G10960,AT1G65720,AT3G03270,AT5G45130,AT1G14400,AT4G16500,AT3G10800,AT1G23180,AT2G43010,AT3G50500,AT1G56280,AT5G16110,AT1G68490,AT3G10850,AT1G10630,AT5G10550,AT1G02300,AT1G16180,AT4G32020,AT5G10780,AT2G23120,AT5G40450,AT2G17870,AT5G18340,AT1G27290,AT2G02710,AT4G01310,AT3G03520,AT1G56330,AT3G15580,AT1G75950,AT4G11960,AT4G16660,AT3G61060,AT5G43330,AT5G21170,AT3G17100,AT5G60850,AT3G62660,AT4G21980	na
2	AT2G01818	AT2G01818	0	na	PWM3443	DAP-seq	AT2G01818_col	1	2.062206058166035e-15	3.6975354622917e-12	139	AT3G12580,AT3G24500,AT1G07350,AT5G56030,AT5G56010,AT3G13470,AT5G02500,AT2G46240,AT3G44110,AT1G30070,AT3G09440,AT2G26150,AT3G25230,AT3G08940,AT2G20560,AT3G09350,AT3G07090,AT5G09590,AT3G16050,AT2G28000,AT5G54940,AT1G62510,AT1G14980,AT5G20720,AT2G04030,AT1G79550,AT2G29450,AT4G33660,AT5G35320,AT4G23570,AT1G76080,AT3G04120,AT1G07890,AT1G55530,AT5G38430,AT4G09150,AT5G14740,AT1G26800,AT1G31330,AT1G06680,ATCG00220,AT1G18330,AT5G64040,AT1G74670,AT5G49910,AT2G25080,ATCG00720,AT4G02920,AT5G22060,AT3G26450,ATCG00510,AT2G45180,AT4G00430,AT5G53400,AT4G02770,AT4G15560,AT5G65480,AT3G63310,AT3G17800,AT2G25140,AT1G06040,AT4G15420,AT1G73480,AT5G48490,AT3G17611,AT4G36040,AT1G29150,AT1G62740,AT1G14200,AT3G08970,AT3G51910,AT4G38740,AT1G23130,AT5G17310,AT1G13080,AT2G41100,AT5G57660,AT4G33666,ATCG00500,AT4G29330,AT3G14200,AT1G66080,AT2G43630,AT1G21550,AT2G27580,AT2G44120,AT4G01050,AT1G03870,AT3G52590,AT2G26690,AT5G64170,AT5G04410,AT5G66880,AT1G31335,AT5G60600,AT5G62020,AT4G30490,AT1G62390,AT2G31570,AT2G24100,AT5G51110,AT4G11660,AT1G56170,AT5G47700,AT5G28750,AT3G15190,AT4G32590,AT4G23680,AT5G62430,AT5G02490,AT5G35460,AT3G23400,AT2G43560,AT4G01850,AT3G57810,AT2G47710,AT3G26510,AT5G42220,AT2G21650,AT4G15930,AT2G29400,AT4G17870,AT1G14280,AT5G58420,AT1G32920,AT4G23850,AT2G03890,AT2G26140,AT4G26970,AT3G50560,AT5G53120,AT1G65290,AT5G51740,AT5G11090,AT3G15770,AT3G23920,AT1G72020,AT5G48760,AT5G06280	na
2	AT1G46264	AT-HSFB4	0	na	PWM3182	DAP-seq	HSFB4_col	2	1.1116444555583575e-14	9.965892544080676e-12	137	AT3G12580,AT3G24500,AT1G07350,AT5G56030,AT5G56010,AT3G13470,AT2G46240,AT3G44110,AT1G30070,AT3G09440,AT2G26150,AT3G25230,AT3G08940,AT2G20560,AT3G09350,AT3G07090,AT5G09590,AT3G16050,AT2G28000,AT5G54940,AT1G62510,AT1G14980,AT5G20720,AT2G04030,AT2G29450,AT4G33660,AT5G35320,AT2G39730,AT4G23570,AT1G76080,AT3G04120,AT1G07890,AT1G55530,AT5G38430,AT4G09150,AT5G14740,AT1G26800,AT1G31330,AT1G06680,ATCG00220,AT1G18330,AT1G74670,AT5G49910,AT2G25080,ATCG00720,AT4G02920,AT5G22060,AT3G26450,ATCG00510,AT2G38540,AT5G53400,AT4G15560,AT5G65480,AT2G25140,AT1G06040,AT5G48490,AT4G36040,AT1G29150,AT1G62740,AT1G14200,AT3G08970,AT3G51910,AT4G25050,AT4G38740,AT5G17310,AT1G13080,AT4G33666,AT2G22990,ATCG00500,AT3G16520,AT4G29330,AT3G14200,AT1G66080,AT1G21550,AT3G53430,AT2G27580,AT2G44120,AT5G52570,AT1G03870,AT3G52590,AT5G14320,AT2G26690,AT5G04410,AT3G18740,AT1G78630,AT5G66880,AT1G31335,AT2G04390,AT3G53020,AT4G11150,AT5G60600,AT5G62020,AT4G30490,AT1G62390,AT5G02810,AT2G31570,AT2G24100,AT5G51110,AT4G11660,AT1G56170,AT4G13010,AT4G14320,AT5G47700,AT5G28750,AT3G15190,AT4G32590,AT4G23680,AT5G62430,AT5G02490,AT5G35460,AT3G23400,AT2G43560,AT4G01850,AT2G47710,AT3G22840,AT3G26510,AT5G42220,AT1G15550,AT2G36620,AT2G21650,AT4G15930,AT2G29400,AT5G56670,AT5G58420,AT1G32920,AT4G23850,AT2G03890,AT2G26140,AT4G26970,AT3G50560,AT5G53120,AT1G65290,AT5G11090,AT3G23920,AT5G24800,AT5G48760,AT5G06280	na
2	AT3G09735	AT3G09735	0	na	PWM3452	DAP-seq	AT3G09735_col	3	1.1116444555583575e-14	9.965892544080676e-12	137	AT3G12580,AT3G24500,AT1G07350,AT5G56030,AT5G56010,AT3G13470,AT5G02500,AT2G46240,AT3G44110,AT1G30070,AT3G09440,AT2G26150,AT3G25230,AT3G08940,AT2G20560,AT3G09350,AT3G07090,AT5G09590,AT3G16050,AT2G28000,AT5G54940,AT1G62510,AT1G14980,AT5G20720,AT2G04030,AT1G79550,AT2G29450,AT4G33660,AT4G23570,AT1G76080,AT3G04120,AT1G07890,AT1G55530,AT5G38430,AT4G09150,AT5G14740,AT1G26800,AT1G31330,AT1G06680,ATCG00220,AT1G18330,AT1G74670,AT5G49910,AT2G25080,ATCG00720,AT4G02920,AT5G22060,AT3G26450,ATCG00510,AT2G45180,AT2G06520,AT5G53400,AT4G02770,AT4G15560,AT5G65480,AT3G63310,AT3G17800,AT2G25140,AT1G06040,AT4G15420,AT1G73480,AT5G48490,AT3G17611,AT4G36040,AT1G29150,AT1G14200,AT3G08970,AT3G51910,AT4G38740,AT5G17310,AT1G13080,AT5G57660,AT4G33666,ATCG00500,AT4G29330,AT3G14200,AT1G66080,AT2G43630,AT1G21550,AT2G27580,AT2G44120,AT4G01050,AT1G03870,AT3G56340,AT3G52590,AT2G26690,AT5G04410,AT5G66880,AT1G31335,AT3G53020,AT5G60600,AT5G62020,AT4G30490,AT1G62390,AT2G31570,AT2G24100,AT5G51110,AT4G11660,AT1G56170,AT3G59060,AT5G47700,AT5G28750,AT3G15190,AT4G32590,AT5G46430,AT4G23680,AT5G62430,AT5G02490,AT5G35460,AT3G23400,AT2G43560,AT4G01850,AT3G57810,AT2G47710,AT3G26510,AT5G42220,AT2G21650,AT4G15930,AT2G29400,AT4G17870,AT4G00860,AT1G14280,AT5G58420,AT1G32920,AT4G23850,AT2G03890,AT2G26140,AT4G26970,AT3G50560,AT5G53120,AT1G65290,AT5G51740,AT5G11090,AT3G15770,AT3G23920,AT1G72020,AT5G06280	na
2	AT3G22830	AT-HSFA6B	2	na	PWM3178	DAP-seq	HSFA6B_col	4	2.5435284153424993e-14	1.1401366121772753e-11	136	AT3G12580,AT3G24500,AT1G07350,AT5G56030,AT5G56010,AT3G13470,AT5G02500,AT2G46240,AT3G44110,AT1G30070,AT3G09440,AT2G26150,AT3G25230,AT3G08940,AT2G20560,AT3G09350,AT3G07090,AT5G09590,AT3G16050,AT2G28000,AT5G54940,AT1G62510,AT1G14980,AT5G20720,AT2G04030,AT1G79550,AT2G29450,AT4G33660,AT5G35320,AT4G23570,AT1G76080,AT3G04120,AT1G07890,AT1G55530,AT5G38430,AT4G09150,AT5G14740,AT1G26800,AT1G31330,AT1G06680,ATCG00220,AT1G18330,AT1G74670,AT5G49910,AT2G25080,ATCG00720,AT4G02920,AT5G22060,AT3G26450,ATCG00510,AT2G45180,AT2G38540,AT5G53400,AT4G15560,AT5G65480,AT3G63310,AT3G17800,AT2G25140,AT1G06040,AT4G15420,AT1G73480,AT5G48490,AT1G29150,AT1G14200,AT3G08970,AT3G51910,AT4G38740,AT1G23130,AT5G17310,AT1G13080,AT4G33666,AT2G22990,ATCG00500,AT4G29330,AT3G14200,AT1G66080,AT2G43630,AT1G21550,AT2G27580,AT2G44120,AT5G52570,AT4G01050,AT1G03870,AT1G62380,AT3G56340,AT3G52590,AT5G14320,AT2G26690,AT5G04410,AT5G66880,AT1G31335,AT5G60600,AT5G62020,AT4G30490,AT1G62390,AT2G31570,AT5G51110,AT4G11660,AT1G56170,AT5G28750,AT3G15190,AT4G32590,AT4G23680,AT5G62430,AT5G02490,AT5G35460,AT3G23400,AT2G43560,AT2G47710,AT3G26510,AT5G42220,AT2G21650,AT5G44190,AT4G29070,AT4G15930,AT2G29400,AT1G34030,AT4G17870,AT4G00860,AT1G14280,AT5G58420,AT1G32920,AT4G23850,AT2G03890,AT2G26140,AT4G26970,AT3G50560,AT5G53120,AT1G65290,AT5G51740,AT5G11090,AT3G15770,AT3G23920,AT1G72020,AT5G48760,AT5G06280	na
2	AT1G23810	AT1G23810	0	na	PWM3440	DAP-seq	AT1G23810_col	5	2.5435284153424993e-14	1.1401366121772753e-11	136	AT3G12580,AT3G24500,AT1G07350,AT5G56030,AT5G56010,AT3G13470,AT5G02500,AT2G46240,AT3G44110,AT3G09440,AT2G26150,AT3G25230,AT3G08940,AT2G20560,AT3G09350,AT3G07090,AT5G09590,AT3G16050,AT2G28000,AT5G54940,AT1G62510,AT1G14980,AT5G20720,AT2G04030,AT2G29450,AT4G33660,AT5G35320,AT4G23570,AT1G76080,AT3G04120,AT1G55530,AT5G38430,AT4G09150,AT5G14740,AT1G26800,AT1G31330,AT1G06680,ATCG00220,AT1G18330,AT1G74670,AT2G45960,AT5G49910,AT2G25080,ATCG00720,AT4G02920,AT5G22060,AT3G26450,AT1G65490,ATCG00510,AT5G53400,AT4G15560,AT5G65480,AT3G17800,AT2G25140,AT1G06040,AT4G15420,AT1G73480,AT5G48490,AT3G17611,AT4G36040,AT1G29150,AT1G14200,AT3G08970,AT3G51910,AT4G38740,AT5G17310,AT1G13080,AT2G41100,AT4G33666,ATCG00500,AT3G16520,AT4G29330,AT3G14200,AT1G66080,AT2G43630,AT1G21550,AT5G36910,AT3G53430,AT2G27580,AT2G44120,AT5G52570,AT4G01050,AT3G52590,AT2G26690,AT5G64170,AT5G04410,AT5G66880,AT1G31335,AT3G53020,AT3G53740,AT5G60600,AT5G62020,AT4G30490,AT1G62390,AT2G31570,AT2G24100,AT5G51110,AT4G11660,AT3G51840,AT1G56170,AT3G59060,AT5G47700,AT5G28750,AT3G15190,AT4G32590,AT4G23680,AT5G62430,AT5G02490,AT5G35460,AT3G23400,AT2G43560,AT4G01850,AT3G57810,AT2G47710,AT3G26510,AT5G42220,AT1G15550,AT2G21650,AT4G15930,AT2G29400,AT4G17870,AT1G14280,AT5G56670,AT5G58420,AT1G32920,AT2G03890,AT2G26140,AT4G26970,AT3G50560,AT5G53120,AT1G65290,AT5G11090,AT3G23920,AT5G13450,AT5G48760,AT5G06280	na
2	AT5G43840	AT-HSFA6A	8	19	PWM3176	DAP-seq	HSFA6A_col	6	6.318022099884104e-13	1.888035604182033e-10	132	AT3G12580,AT3G24500,AT1G07350,AT5G56030,AT5G56010,AT3G13470,AT5G02500,AT2G46240,AT3G44110,AT3G09440,AT2G26150,AT3G25230,AT3G08940,AT2G20560,AT3G09350,AT3G07090,AT5G09590,AT3G16050,AT2G28000,AT5G54940,AT1G62510,AT1G14980,AT2G04030,AT1G79550,AT2G29450,AT4G33660,AT4G23570,AT1G76080,AT3G04120,AT1G07890,AT1G55530,AT5G38430,AT4G09150,AT5G14740,AT1G26800,AT1G31330,AT1G06680,AT1G18330,AT1G74670,AT5G15350,AT5G49910,AT2G25080,ATCG00720,AT4G02920,AT5G22060,AT3G26450,AT2G46220,AT5G53400,AT4G02770,AT4G15560,AT5G65480,AT2G25140,AT1G06040,AT4G15420,AT1G73480,AT5G48490,AT3G17611,AT4G36040,AT1G29150,AT1G14200,AT3G08970,AT3G51910,AT4G38740,AT5G17310,AT1G13080,AT2G41100,AT5G57660,AT4G33666,AT4G29330,AT3G14200,AT1G66080,AT2G43630,AT1G21550,AT4G27960,AT2G27580,AT2G44120,AT5G52570,AT4G01050,AT1G03870,AT3G56340,AT3G52590,AT5G14320,AT2G26690,AT5G04410,AT5G66880,AT1G31335,AT5G60600,AT5G62020,AT4G30490,AT1G62390,AT2G31570,AT2G24100,AT5G51110,AT4G11660,AT1G56170,AT5G47700,AT5G28750,AT3G15190,AT4G32590,AT3G11670,AT4G23680,AT5G62430,AT5G02490,AT5G35460,AT3G23400,AT2G43560,AT2G47710,AT3G26510,AT5G42220,AT2G21650,AT3G09630,AT4G15930,AT2G29400,AT1G34030,AT5G58420,AT1G32920,AT4G23850,AT2G03890,AT2G26140,AT3G03100,AT3G27160,AT4G26970,AT3G50560,AT5G53120,AT1G65290,AT5G51740,AT5G11090,AT3G15770,AT3G23920,AT1G72020,AT5G48760,AT5G06280	AT3G12580,AT3G24500,AT1G07350,AT3G13470,AT5G02500,AT1G67360,AT2G26150,AT5G09590,AT5G20720,AT1G55530,AT1G26800,AT1G18330,AT2G25140,AT1G14200,AT1G80440,AT2G46830,AT5G62020,AT4G11660,AT3G50560
2	AT5G16820	ATHSF3	1	na	PWM3170	DAP-seq	HSF3_col	7	1.3759038915867335e-12	3.524279539450019e-10	131	AT3G12580,AT3G24500,AT1G07350,AT5G56030,AT5G56010,AT3G13470,AT5G02500,AT2G46240,AT3G44110,AT3G09440,AT2G26150,AT3G25230,AT1G10960,AT3G08940,AT2G20560,AT3G09350,AT5G09590,AT5G15450,AT3G16050,AT2G28000,AT5G13630,AT5G54940,AT1G62510,AT1G14980,AT2G29450,AT4G33660,AT4G23570,AT3G56940,AT1G76080,AT3G04120,AT1G55530,AT5G38430,AT4G09150,AT5G14740,AT1G26800,AT1G31330,ATCG00220,AT1G18330,AT1G74670,AT5G15350,AT5G49910,ATCG00720,AT4G02920,AT5G22060,AT3G26450,AT1G65490,AT2G46220,AT5G53400,AT4G28750,AT4G15560,AT5G65480,AT3G63310,AT2G25140,AT1G06040,AT4G15420,AT5G35630,AT5G48490,AT1G29150,AT1G62740,AT1G14200,AT3G08970,AT3G51910,AT1G23130,AT5G17310,AT1G13080,AT2G41100,AT1G76100,AT5G57660,AT4G33666,AT4G29330,AT3G14200,AT1G66080,AT2G43630,AT1G21550,AT3G53430,AT2G27580,AT5G52570,AT5G56600,AT1G18080,AT4G01050,AT2G43030,AT3G56340,AT3G52590,AT5G14320,AT2G26690,AT5G04410,AT5G66880,AT1G31335,AT2G26500,AT5G60600,AT2G29650,AT5G62020,AT4G30490,AT5G02810,AT2G31570,AT5G51110,AT4G11660,AT1G56170,AT4G14320,AT5G28750,AT3G15190,AT4G32590,AT4G23680,AT5G62430,AT5G02490,AT5G35460,AT3G23400,AT3G57810,AT2G47710,AT3G26510,AT5G42220,AT2G21650,AT1G27400,AT5G44190,AT3G09630,AT4G15930,AT2G29400,AT1G04250,AT4G17870,AT1G14280,AT1G32920,AT5G13120,AT2G03890,AT2G26140,AT3G50560,AT5G53120,AT5G11090,AT3G15770,AT4G17250,AT3G23920,AT5G06280	na
2	AT3G02990	ATHSFA1E	9	1	PWM3174	DAP-seq	HSFA1E_col	8	1.3759038915867335e-12	3.524279539450019e-10	131	AT3G12580,AT3G24500,AT1G07350,AT5G56030,AT5G56010,AT3G13470,AT2G46240,AT3G44110,AT3G09440,AT2G26150,AT3G25230,AT1G10960,AT3G08940,AT2G20560,AT5G09590,AT3G16050,AT2G28000,AT5G54940,AT1G62510,AT1G14980,AT5G20720,AT2G04030,AT2G29450,AT4G33660,AT4G23570,AT3G56940,AT1G76080,AT3G04120,AT1G55530,AT4G09150,AT5G14740,AT1G26800,AT1G31330,ATCG00220,AT1G18330,AT1G74670,AT2G45960,AT5G49910,AT2G25080,ATCG00720,AT4G02920,AT5G22060,AT3G26450,AT1G65490,ATCG00510,AT2G46220,AT5G53400,AT4G15560,AT5G65480,AT3G63310,AT3G17800,AT2G25140,AT1G06040,AT4G15420,AT5G48490,AT3G17611,AT1G29150,AT1G62740,AT1G14200,AT3G08970,AT3G51910,AT4G38740,AT1G23130,AT5G17310,AT1G13080,AT2G41100,AT5G57660,AT4G33666,AT2G22990,ATCG00500,AT4G29330,AT3G14200,AT1G66080,AT2G43630,AT2G27580,AT2G44120,AT1G18080,AT4G01050,AT3G52590,AT2G26690,AT5G64170,AT5G04410,AT3G18740,AT5G66880,AT1G31335,AT5G60600,AT5G62020,AT4G30490,AT2G31570,AT5G51110,AT4G11660,AT3G51840,AT1G56170,AT3G59060,AT5G47700,AT5G28750,AT3G15190,AT4G32590,AT5G46430,AT4G23680,AT5G62430,AT5G02490,AT5G35460,AT3G23400,AT2G43560,AT4G01850,AT3G57810,AT2G47710,AT3G26510,AT5G42220,AT2G21650,AT4G15930,AT2G29400,AT4G36730,AT4G17870,AT1G14280,AT5G58420,AT1G32920,AT2G03890,AT2G26140,AT3G50560,AT5G53120,AT2G41410,AT1G65290,AT5G11090,AT3G15770,AT4G17250,AT3G23920,AT5G59080,AT5G06280,AT5G07090	AT1G04250
2	AT1G10720	AT1G10720	0	na	PWM2902	DAP-seq	AT1G10720_col	9	2.9665020678201574e-12	5.909931341779491e-10	130	AT3G24500,AT1G07350,AT5G56030,AT5G56010,AT3G13470,AT2G46240,AT3G44110,AT1G30070,AT3G09440,AT2G26150,AT3G25230,AT3G08940,AT2G20560,AT3G09350,AT3G07090,AT5G09590,AT3G16050,AT2G28000,AT5G54940,AT1G62510,AT1G14980,AT5G20720,AT2G04030,AT2G29450,AT4G33660,AT5G35320,AT4G23570,AT1G76080,AT3G04120,AT1G55530,AT4G09150,AT5G14740,AT1G26800,AT1G31330,AT1G06680,ATCG00220,AT1G18330,AT1G74670,AT2G45960,AT5G49910,AT2G25080,ATCG00720,AT4G02920,AT5G22060,AT3G26450,AT1G65490,AT2G45180,AT2G06520,AT5G53400,AT4G02770,AT4G15560,AT5G65480,AT3G17800,AT2G25140,AT1G06040,AT4G15420,AT1G73480,AT5G48490,AT3G17611,AT4G36040,AT1G29150,AT1G14200,AT3G51910,AT4G38740,AT5G17310,AT1G13080,AT2G41100,AT2G34620,AT4G33666,AT4G29330,AT3G14200,AT1G66080,AT2G43630,AT1G21550,AT3G53430,AT2G27580,AT2G44120,AT4G01050,AT3G52590,AT2G26690,AT5G64170,AT5G04410,AT5G66880,AT1G31335,AT5G27700,AT3G53020,AT5G60600,AT5G62020,AT4G30490,AT1G62390,AT2G31570,AT2G24100,AT5G51110,AT4G11660,AT3G51840,AT1G56170,AT3G59060,AT5G47700,AT5G28750,AT3G15190,AT4G32590,AT5G46430,AT4G23680,AT5G62430,AT5G02490,AT5G35460,AT3G23400,AT2G43560,AT4G01850,AT2G47710,AT3G26510,AT5G42220,AT5G65380,AT2G21650,AT5G44190,AT4G15930,AT2G29400,AT1G34030,AT1G14280,AT5G58420,AT1G32920,AT2G03890,AT2G26140,AT4G26970,AT3G50560,AT5G53120,AT1G65290,AT5G11090,AT3G23920,AT5G07090	na
2	AT4G11660	AT-HSFB2B	61	na	PWM3172	DAP-seq	HSF7_col	10	6.331855613135912e-12	1.1353017114352692e-9	129	AT3G12580,AT3G24500,AT1G07350,AT5G56030,AT5G56010,AT3G13470,AT5G02500,AT2G46240,AT3G44110,AT1G30070,AT3G09440,AT2G26150,AT3G25230,AT3G08940,AT2G20560,AT3G09350,AT3G07090,AT5G09590,AT3G16050,AT2G28000,AT5G54940,AT1G62510,AT1G14980,AT5G20720,AT2G04030,AT2G29450,AT4G33660,AT5G35320,AT4G23570,AT1G76080,AT3G04120,AT1G55530,AT5G38430,AT4G09150,AT5G14740,AT1G26800,AT1G31330,ATCG00220,AT1G18330,AT1G74670,AT5G49910,AT2G25080,ATCG00720,AT4G02920,AT5G22060,AT3G26450,AT1G65490,ATCG00510,AT4G00430,AT5G53400,AT4G15560,AT5G65480,AT3G63310,AT2G25140,AT1G06040,AT4G15420,AT1G73480,AT5G48490,AT3G17611,AT4G36040,AT1G29150,AT1G62740,AT1G14200,AT3G08970,AT3G51910,AT4G38740,AT5G17310,AT1G13080,AT4G33666,ATCG00500,AT4G29330,AT3G14200,AT1G66080,AT1G21550,AT3G53430,AT2G27580,AT2G44120,AT5G52570,AT4G01050,AT3G52590,AT5G04410,AT3G18740,AT5G66880,AT1G31335,AT3G53020,AT5G60600,AT5G62020,AT4G30490,AT1G62390,AT2G31570,AT2G24100,AT5G51110,AT4G11660,AT1G56170,AT5G28750,AT3G15190,AT4G32590,AT4G23680,AT5G62430,AT5G02490,AT5G35460,AT3G23400,AT2G43560,AT4G01850,AT2G47710,AT3G22840,AT3G26510,AT5G42220,AT1G15550,AT2G21650,AT4G15930,AT2G29400,AT4G36730,AT4G00860,AT1G14280,AT5G56670,AT5G58420,AT1G32920,AT2G03890,AT2G26140,AT4G26970,AT3G50560,AT5G53120,AT1G65290,AT5G11090,AT3G15770,AT3G23920,AT5G48760,AT5G06280	na
2	AT2G36270	ABI5	4	142	PWM2904	DAP-seq	ABI5_col	11	1.8881409798641876e-9	3.077669797178626e-7	121	AT3G24500,AT3G27690,AT2G26150,AT3G47470,AT1G10960,AT3G54890,AT5G09590,AT5G15450,AT3G16050,AT1G15820,AT1G52230,AT4G33660,AT2G46820,AT1G61520,AT3G56940,AT3G04120,AT5G66570,AT3G61470,AT4G05180,AT5G02380,AT1G06680,AT1G03600,AT4G22240,AT4G12800,AT1G18330,AT3G46780,AT3G21055,AT3G50820,AT5G58770,AT2G45960,AT1G79040,AT4G21280,AT5G24930,AT3G16140,AT1G60950,AT2G46220,AT2G06520,AT1G20340,AT2G38540,AT4G28750,AT4G15560,AT3G17800,AT4G01150,AT1G44446,AT3G54500,AT4G36040,AT2G47400,AT3G09680,AT5G43850,AT5G18380,AT5G19940,AT2G41100,AT2G34620,AT5G54770,AT1G76100,AT5G57660,AT3G16520,AT2G20260,AT4G29330,AT2G42220,AT1G52220,AT1G58290,AT5G52570,AT5G56600,AT1G54780,AT4G01050,AT2G40610,AT3G54900,AT5G64170,AT3G56910,AT5G04410,AT2G41250,AT5G66880,AT1G04270,AT3G47500,AT4G13940,AT4G30490,AT1G62390,AT2G24100,AT4G16520,AT2G01850,AT5G51110,AT1G56170,AT3G24830,AT4G13010,AT3G59060,AT1G73870,AT5G18600,AT3G11670,AT5G62430,AT5G35460,AT3G23400,AT2G47710,AT1G78850,AT2G18700,AT1G15550,AT5G65380,AT2G21320,AT2G47610,AT4G11570,AT5G28060,AT2G15050,AT1G06570,AT1G18460,AT3G23080,AT3G46040,AT1G22750,AT2G03890,AT2G26140,AT3G57870,AT4G26970,AT5G28770,AT5G11090,AT5G45820,AT3G23920,AT5G16400,AT5G23120,AT1G72820,AT5G59080,AT2G25900,AT5G07090	AT3G24500,AT2G47730,AT1G10960,AT3G08940,AT3G54890,AT3G07090,AT5G09590,AT5G15450,AT3G16050,AT5G13630,AT5G54940,AT4G35090,AT1G15820,AT1G51400,AT3G53420,AT1G30380,AT1G52230,AT2G29450,AT4G33660,AT2G46820,AT4G35100,AT1G61520,AT5G47610,AT3G56940,AT5G01530,AT1G07590,AT3G04120,AT1G55530,AT3G26520,AT3G61470,AT1G31330,AT1G06680,AT1G08380,AT1G03600,AT4G22240,AT1G74670,AT3G46780,AT3G50820,AT1G79040,AT5G24930,AT3G16140,AT4G05070,AT1G23740,AT1G60950,AT1G23310,AT2G06520,AT2G30570,AT4G00430,AT4G28750,AT1G73480,AT1G44446,AT1G14200,AT3G51910,AT1G80440,AT5G43850,AT5G17310,AT1G13080,AT2G34620,AT5G57660,AT4G04640,AT4G33666,AT4G05320,AT2G20260,AT4G29330,AT4G34620,AT5G15200,AT4G08950,AT5G57345,AT2G46830,AT5G52570,AT1G72430,AT5G56600,AT1G54780,AT1G23390,AT2G35260,AT4G01050,AT1G03870,AT2G30520,AT2G30950,AT3G56910,AT2G20670,AT2G41250,AT3G59940,AT5G66880,AT5G16030,AT3G47500,AT1G49500,AT2G47440,AT5G61670,AT1G78080,AT4G13940,AT2G29650,AT4G30490,AT1G62390,AT2G24100,AT4G16520,AT2G01850,AT5G51110,AT5G42980,AT3G24830,AT4G13010,AT3G59060,AT4G34670,AT1G03630,AT1G56580,AT5G62430,AT5G35460,AT2G44130,AT1G26630,AT2G47710,AT1G78850,AT3G22840,AT2G18700,AT5G61510,AT1G78040,AT4G11570,AT5G67420,AT1G31812,AT3G05590,AT3G11700,AT1G06570,AT4G36730,AT1G04250,AT1G18460,AT3G27090,AT1G69410,AT3G23030,AT2G03890,AT2G17360,AT3G08740,AT5G51740,AT5G11090,AT3G23920,AT5G45350,AT3G12740,AT5G23120,AT3G04730,AT1G72820,AT5G59080,AT2G25900,AT2G32090,AT5G63190
2	AT2G36270	ABI5	4	142	PWM957	CisBP	M0257_1.01	18	8.729375550072285e-8	0.00000920692374192918	115	AT3G27690,AT2G26150,AT3G47470,AT1G10960,AT3G54890,AT5G09590,AT5G15450,AT3G16050,AT5G54940,AT1G62510,AT1G15820,AT1G52230,AT4G33660,AT2G46820,AT4G35100,AT1G61520,AT3G56940,AT5G66570,AT1G55530,AT3G61470,AT4G05180,AT5G02380,AT5G14740,AT1G26800,AT1G06680,AT1G03600,ATCG00070,AT3G21055,AT3G50820,AT5G58770,AT2G45960,AT1G55670,AT1G79040,AT4G21280,AT5G24930,AT3G16140,AT1G60950,AT1G23310,AT2G46220,AT2G38540,AT2G30570,AT4G28750,AT3G17800,AT1G73480,AT4G01150,AT1G44446,AT3G54500,AT2G47400,AT3G61430,AT4G38740,AT5G43850,AT2G34620,AT5G54770,AT5G57660,AT4G05320,AT2G20260,AT4G29330,AT1G67865,AT5G15200,AT5G57345,AT2G46830,AT1G52220,AT5G52570,AT5G56600,AT1G54780,AT2G35260,AT4G01050,AT1G03870,AT2G30520,AT2G40610,AT3G54900,AT5G64170,AT3G56910,AT2G41250,AT1G78080,AT5G62020,AT4G30490,AT1G62390,AT2G24100,AT4G16520,AT5G43150,AT1G56170,AT3G24830,AT1G67430,AT3G59060,AT1G73870,AT3G11670,AT5G35460,AT2G18700,AT3G55770,AT2G39460,AT4G05050,AT5G65380,AT2G47610,AT4G11570,AT3G09630,AT5G28060,AT1G67860,AT1G06570,AT4G36730,AT1G04250,AT1G18460,AT1G69410,AT2G26140,AT3G08740,AT2G28800,AT5G11090,AT3G23920,AT5G16400,AT5G23120,AT3G04730,AT1G72020,AT1G72820,AT5G59080,AT2G25900	AT3G24500,AT2G47730,AT1G10960,AT3G08940,AT3G54890,AT3G07090,AT5G09590,AT5G15450,AT3G16050,AT5G13630,AT5G54940,AT4G35090,AT1G15820,AT1G51400,AT3G53420,AT1G30380,AT1G52230,AT2G29450,AT4G33660,AT2G46820,AT4G35100,AT1G61520,AT5G47610,AT3G56940,AT5G01530,AT1G07590,AT3G04120,AT1G55530,AT3G26520,AT3G61470,AT1G31330,AT1G06680,AT1G08380,AT1G03600,AT4G22240,AT1G74670,AT3G46780,AT3G50820,AT1G79040,AT5G24930,AT3G16140,AT4G05070,AT1G23740,AT1G60950,AT1G23310,AT2G06520,AT2G30570,AT4G00430,AT4G28750,AT1G73480,AT1G44446,AT1G14200,AT3G51910,AT1G80440,AT5G43850,AT5G17310,AT1G13080,AT2G34620,AT5G57660,AT4G04640,AT4G33666,AT4G05320,AT2G20260,AT4G29330,AT4G34620,AT5G15200,AT4G08950,AT5G57345,AT2G46830,AT5G52570,AT1G72430,AT5G56600,AT1G54780,AT1G23390,AT2G35260,AT4G01050,AT1G03870,AT2G30520,AT2G30950,AT3G56910,AT2G20670,AT2G41250,AT3G59940,AT5G66880,AT5G16030,AT3G47500,AT1G49500,AT2G47440,AT5G61670,AT1G78080,AT4G13940,AT2G29650,AT4G30490,AT1G62390,AT2G24100,AT4G16520,AT2G01850,AT5G51110,AT5G42980,AT3G24830,AT4G13010,AT3G59060,AT4G34670,AT1G03630,AT1G56580,AT5G62430,AT5G35460,AT2G44130,AT1G26630,AT2G47710,AT1G78850,AT3G22840,AT2G18700,AT5G61510,AT1G78040,AT4G11570,AT5G67420,AT1G31812,AT3G05590,AT3G11700,AT1G06570,AT4G36730,AT1G04250,AT1G18460,AT3G27090,AT1G69410,AT3G23030,AT2G03890,AT2G17360,AT3G08740,AT5G51740,AT5G11090,AT3G23920,AT5G45350,AT3G12740,AT5G23120,AT3G04730,AT1G72820,AT5G59080,AT2G25900,AT2G32090,AT5G63190
2	AT2G36270	ABI5	4	142	PWM2530	JASPAR	MA0931.1	19	2.875020034015282e-7	0.00002713111011047053	113	AT3G27690,AT2G26150,AT3G47470,AT1G10960,AT3G54890,AT5G09590,AT5G15450,AT3G16050,AT5G54940,AT1G62510,AT1G15820,AT1G52230,AT4G33660,AT2G46820,AT4G35100,AT1G61520,AT3G56940,AT5G66570,AT1G55530,AT3G61470,AT4G05180,AT5G02380,AT5G14740,AT1G26800,AT1G06680,AT1G03600,ATCG00070,AT3G21055,AT3G50820,AT5G58770,AT2G45960,AT1G55670,AT1G79040,AT4G21280,AT5G24930,AT3G16140,AT1G60950,AT1G23310,AT2G46220,AT2G38540,AT2G30570,AT4G28750,AT3G17800,AT1G73480,AT4G01150,AT1G44446,AT3G54500,AT2G47400,AT3G61430,AT4G38740,AT5G43850,AT2G34620,AT5G54770,AT5G57660,AT4G05320,AT2G20260,AT4G29330,AT1G67865,AT5G15200,AT5G57345,AT2G46830,AT1G52220,AT5G52570,AT5G56600,AT1G54780,AT2G35260,AT4G01050,AT1G03870,AT2G30520,AT3G54900,AT5G64170,AT3G56910,AT2G41250,AT5G62020,AT4G30490,AT1G62390,AT2G24100,AT4G16520,AT5G43150,AT1G56170,AT3G24830,AT3G59060,AT1G73870,AT3G11670,AT5G35460,AT2G18700,AT3G55770,AT2G39460,AT4G05050,AT5G65380,AT2G47610,AT4G11570,AT3G09630,AT5G28060,AT1G67860,AT1G06570,AT4G36730,AT1G04250,AT1G18460,AT1G69410,AT2G26140,AT2G17360,AT3G08740,AT2G28800,AT5G11090,AT3G23920,AT5G16400,AT5G23120,AT3G04730,AT1G72020,AT1G72820,AT5G59080,AT2G25900	AT3G24500,AT2G47730,AT1G10960,AT3G08940,AT3G54890,AT3G07090,AT5G09590,AT5G15450,AT3G16050,AT5G13630,AT5G54940,AT4G35090,AT1G15820,AT1G51400,AT3G53420,AT1G30380,AT1G52230,AT2G29450,AT4G33660,AT2G46820,AT4G35100,AT1G61520,AT5G47610,AT3G56940,AT5G01530,AT1G07590,AT3G04120,AT1G55530,AT3G26520,AT3G61470,AT1G31330,AT1G06680,AT1G08380,AT1G03600,AT4G22240,AT1G74670,AT3G46780,AT3G50820,AT1G79040,AT5G24930,AT3G16140,AT4G05070,AT1G23740,AT1G60950,AT1G23310,AT2G06520,AT2G30570,AT4G00430,AT4G28750,AT1G73480,AT1G44446,AT1G14200,AT3G51910,AT1G80440,AT5G43850,AT5G17310,AT1G13080,AT2G34620,AT5G57660,AT4G04640,AT4G33666,AT4G05320,AT2G20260,AT4G29330,AT4G34620,AT5G15200,AT4G08950,AT5G57345,AT2G46830,AT5G52570,AT1G72430,AT5G56600,AT1G54780,AT1G23390,AT2G35260,AT4G01050,AT1G03870,AT2G30520,AT2G30950,AT3G56910,AT2G20670,AT2G41250,AT3G59940,AT5G66880,AT5G16030,AT3G47500,AT1G49500,AT2G47440,AT5G61670,AT1G78080,AT4G13940,AT2G29650,AT4G30490,AT1G62390,AT2G24100,AT4G16520,AT2G01850,AT5G51110,AT5G42980,AT3G24830,AT4G13010,AT3G59060,AT4G34670,AT1G03630,AT1G56580,AT5G62430,AT5G35460,AT2G44130,AT1G26630,AT2G47710,AT1G78850,AT3G22840,AT2G18700,AT5G61510,AT1G78040,AT4G11570,AT5G67420,AT1G31812,AT3G05590,AT3G11700,AT1G06570,AT4G36730,AT1G04250,AT1G18460,AT3G27090,AT1G69410,AT3G23030,AT2G03890,AT2G17360,AT3G08740,AT5G51740,AT5G11090,AT3G23920,AT5G45350,AT3G12740,AT5G23120,AT3G04730,AT1G72820,AT5G59080,AT2G25900,AT2G32090,AT5G63190
2	AT2G35530	AtbZIP16	0	0	PWM2908	DAP-seq	BZIP16_col	12	3.6732984388885507e-9	5.488520084105976e-7	120	AT3G24500,AT3G27690,AT3G47470,AT1G10960,AT3G07090,AT5G09590,AT5G15450,AT3G16050,AT1G15820,AT1G52230,AT2G39730,AT2G46820,AT1G61520,AT3G56940,AT3G04120,AT5G66570,AT3G61470,AT4G05180,AT5G02380,AT1G06680,AT1G03600,AT4G22240,AT4G12800,AT1G18330,AT3G46780,AT3G21055,AT3G50820,AT5G58770,AT2G45960,AT1G79040,AT4G21280,AT5G24930,AT3G16140,AT1G60950,AT2G46220,AT2G06520,AT1G20340,AT2G38540,AT4G28750,AT4G15560,AT3G17800,AT4G01150,AT1G44446,AT3G54500,AT4G36040,AT2G47400,AT3G08970,AT3G09680,AT5G43850,AT5G18380,AT5G19940,AT2G41100,AT2G34620,AT5G54770,AT1G76100,AT5G57660,AT4G04640,AT2G20260,AT4G29330,AT1G67865,AT2G42220,AT5G57345,AT1G52220,AT5G52570,AT5G56600,AT1G54780,AT2G35260,AT4G01050,AT2G40610,AT5G64170,AT3G56910,AT5G04410,AT2G41250,AT5G66880,AT3G47500,AT4G13940,AT4G30490,AT1G62390,AT2G24100,AT4G16520,AT2G01850,AT5G51110,AT1G56170,AT3G24830,AT1G67430,AT4G13010,AT3G59060,AT1G73870,AT3G11670,AT5G62430,AT5G35460,AT2G47710,AT1G78850,AT2G18700,AT2G39460,AT1G15550,AT5G65380,AT2G47610,AT2G36160,AT4G11570,AT5G28060,AT2G15050,AT1G06570,AT1G18460,AT3G23080,AT3G46040,AT1G22750,AT2G03890,AT3G57870,AT4G26970,AT5G28770,AT5G11090,AT5G45820,AT3G23920,AT5G16400,AT5G23120,AT1G72820,AT5G59080,AT2G25900,AT5G07090	
2	AT2G35530	AtbZIP16	0	0	PWM1237	CisBP	M0251_1.01	48	0.00022510984656398672	0.00858770116785592	100	AT3G27690,AT1G30070,AT1G10960,AT3G54890,AT2G34430,AT1G15820,AT2G04030,AT1G52230,AT4G33660,AT2G39730,AT1G61520,AT5G66570,AT3G26520,AT4G05180,AT1G06680,AT1G03600,AT3G01500,AT4G12800,AT3G46780,AT3G50820,AT5G58770,AT2G45960,AT1G79040,AT4G21280,AT5G24930,AT3G16140,AT1G60950,AT4G34350,AT2G46220,AT1G20340,AT4G28750,AT4G15560,AT3G17800,AT1G73480,AT1G44446,AT5G35630,AT3G54500,AT3G51910,AT3G61430,AT4G38740,AT2G34620,AT5G54770,AT5G57660,AT2G20260,AT4G29330,AT1G67865,AT5G15200,AT5G57345,AT1G52220,AT5G52570,AT5G56600,AT1G54780,AT2G35260,AT4G01050,AT1G03870,AT2G40610,AT3G54900,AT2G26690,AT5G64170,AT2G41250,AT5G66880,AT3G47500,AT4G13940,AT1G62390,AT4G16520,AT2G01850,AT5G51110,AT5G43150,AT1G56170,AT1G33140,AT3G24830,AT1G67430,AT4G13010,AT1G73870,AT3G11670,AT1G56580,AT5G35460,AT1G78850,AT2G18700,AT5G42220,AT2G39460,AT1G15550,AT1G78040,AT5G65380,AT2G47610,AT4G11570,AT3G04920,AT5G44190,AT4G36730,AT2G41410,AT2G28800,AT5G28770,AT5G62390,AT3G04730,AT1G72020,AT5G13450,AT5G37360,AT2G25900,AT2G32090,AT5G07090	
2	AT2G15660	AGL95	1	na	PWM3433	DAP-seq	AGL95_col	13	7.071247804108697e-9	9.752882548282226e-7	119	AT3G12580,AT3G24500,AT1G07350,AT5G56030,AT5G56010,AT3G13470,AT2G46240,AT3G44110,AT1G30070,AT3G09440,AT2G26150,AT3G25230,AT3G08940,AT2G20560,AT3G09350,AT3G07090,AT5G09590,AT3G16050,AT2G28000,AT5G54940,AT1G62510,AT1G14980,AT5G20720,AT2G04030,AT2G29450,AT4G33660,AT4G23570,AT1G76080,AT3G04120,AT1G07890,AT1G55530,AT4G09150,AT5G14740,AT1G26800,AT1G31330,AT1G06680,AT1G18330,AT1G74670,AT5G49910,ATCG00720,AT4G02920,AT5G22060,AT3G26450,AT1G65490,AT5G53400,AT4G15560,AT5G65480,AT2G25140,AT1G06040,AT5G48490,AT4G36040,AT1G29150,AT1G62740,AT1G14200,AT3G08970,AT3G51910,AT4G38740,AT5G17310,AT1G13080,AT2G41100,AT4G33666,AT4G29330,AT3G14200,AT1G66080,AT1G21550,AT3G53430,AT2G27580,AT2G44120,AT3G52590,AT5G04410,AT5G66880,AT1G31335,AT3G53020,AT5G60600,AT5G62020,AT4G30490,AT1G62390,AT5G02810,AT2G31570,AT5G51110,AT4G11660,AT1G56170,AT3G59060,AT5G47700,AT5G28750,AT3G15190,AT4G32590,AT5G46430,AT4G23680,AT5G62430,AT5G02490,AT5G35460,AT3G23400,AT2G43560,AT4G01850,AT2G47710,AT3G26510,AT5G42220,AT2G21650,AT4G15930,AT2G29400,AT4G17870,AT5G56670,AT5G58420,AT1G32920,AT4G23850,AT2G03890,AT2G26140,AT4G26970,AT3G50560,AT5G53120,AT1G65290,AT5G51740,AT5G11090,AT3G23920,AT1G72020,AT5G37360,AT5G48760,AT5G06280	na
2	AT1G45249	ABF2	1	1	PWM2903	DAP-seq	ABF2_col	14	2.5382813385407786e-8	0.0000032508131714311545	117	AT3G24500,AT3G27690,AT3G47470,AT1G10960,AT3G54890,AT3G07090,AT5G09590,AT5G15450,AT3G16050,AT5G13630,AT1G62510,AT1G15820,AT1G52230,AT4G33660,AT2G46820,AT4G35100,AT1G61520,AT3G56940,AT5G01530,AT5G66570,AT3G61470,AT4G05180,AT5G02380,AT1G06680,AT1G03600,AT4G22240,AT1G18330,AT3G46780,AT3G21055,AT3G50820,AT5G58770,AT2G45960,AT1G79040,AT4G21280,AT5G24930,AT3G16140,AT1G60950,AT2G06520,AT1G20340,AT2G38540,AT4G28750,AT4G15560,AT3G17800,AT4G01150,AT1G44446,AT3G54500,AT4G36040,AT2G47400,AT3G08970,AT3G09680,AT5G43850,AT5G19940,AT2G41100,AT2G34620,AT5G54770,AT1G76100,AT5G57660,AT4G05320,AT2G20260,AT4G29330,AT2G42220,AT1G52220,AT5G56600,AT1G54780,AT2G35260,AT4G01050,AT2G40610,AT3G54900,AT5G64170,AT3G56910,AT5G04410,AT2G20670,AT2G41250,AT5G66880,AT1G04270,AT3G47500,AT4G13940,AT4G30490,AT1G62390,AT2G24100,AT4G16520,AT2G01850,AT5G51110,AT1G56170,AT3G24830,AT4G13010,AT3G59060,AT1G73870,AT3G11670,AT5G35460,AT2G47710,AT2G18700,AT1G15550,AT5G65380,AT2G47610,AT4G11570,AT5G28060,AT2G15050,AT1G06570,AT1G18460,AT3G23080,AT3G46040,AT1G22750,AT2G03890,AT3G57870,AT3G08740,AT4G26970,AT5G28770,AT5G11090,AT5G45820,AT5G16400,AT5G23120,AT3G04730,AT1G72820,AT5G59080,AT2G25900,AT5G07090	AT1G04250
2	AT1G45249	ABF2	1	1	PWM1178	CisBP	M0252_1.01	51	0.00034696617902143725	0.012198242333047784	99	AT3G47470,AT1G10960,AT2G34430,AT5G15450,AT3G16050,AT5G54940,AT1G62510,AT1G15820,AT1G52230,AT4G33660,AT2G46820,AT4G35100,AT3G56940,AT5G66570,AT1G55530,AT4G05180,AT5G02380,AT5G14740,AT1G06680,AT1G03600,AT3G21055,AT3G50820,AT2G45960,AT1G79040,AT4G21280,AT3G16140,AT1G23740,AT1G60950,AT2G46220,AT2G38540,AT4G28750,AT3G17800,AT1G73480,AT4G01150,AT1G44446,AT3G54500,AT4G36040,AT3G08970,AT3G61430,AT4G38740,AT5G43850,AT1G13080,AT2G34620,AT5G57660,AT2G20260,AT4G29330,AT1G67865,AT5G15200,AT5G57345,AT2G46830,AT1G52220,AT5G56600,AT1G54780,AT2G40610,AT2G26690,AT5G64170,AT2G41250,AT5G66880,AT1G04270,AT1G78080,AT5G62020,AT4G30490,AT1G62390,AT2G24100,AT4G16520,AT5G43150,AT1G56170,AT3G24830,AT3G59060,AT1G73870,AT3G11670,AT5G37340,AT5G35460,AT2G18700,AT3G55770,AT2G39460,AT5G65380,AT2G21320,AT4G11570,AT3G04920,AT3G09630,AT2G29400,AT5G28060,AT1G06570,AT4G36730,AT1G18460,AT1G69410,AT2G17360,AT3G27160,AT5G11090,AT3G23920,AT5G16400,AT5G23120,AT3G04730,AT1G72020,AT1G72820,AT5G59080,AT2G25900,AT5G63190	AT1G04250
2	AT1G45249	ABF2	1	1	PWM2540	JASPAR	MA0941.1	58	0.0005285753747313045	0.016626941173565418	98	AT3G47470,AT1G10960,AT2G34430,AT5G15450,AT3G16050,AT5G54940,AT1G62510,AT1G15820,AT1G52230,AT4G33660,AT2G46820,AT4G35100,AT3G56940,AT5G66570,AT1G55530,AT4G05180,AT5G02380,AT5G14740,AT1G06680,AT1G03600,AT3G21055,AT3G50820,AT2G45960,AT1G79040,AT4G21280,AT3G16140,AT1G60950,AT2G46220,AT2G38540,AT4G28750,AT3G17800,AT1G73480,AT4G01150,AT1G44446,AT3G54500,AT4G36040,AT3G08970,AT3G61430,AT5G43850,AT1G13080,AT2G34620,AT5G57660,AT2G20260,AT4G29330,AT1G67865,AT5G15200,AT5G57345,AT2G46830,AT1G52220,AT5G56600,AT1G54780,AT4G01050,AT2G40610,AT2G26690,AT5G64170,AT2G41250,AT5G66880,AT1G04270,AT1G78080,AT5G62020,AT4G30490,AT1G62390,AT2G24100,AT4G16520,AT5G43150,AT1G56170,AT3G24830,AT3G59060,AT1G73870,AT3G11670,AT5G37340,AT5G35460,AT2G18700,AT3G55770,AT2G39460,AT5G65380,AT2G21320,AT4G11570,AT3G04920,AT3G09630,AT2G29400,AT5G28060,AT1G06570,AT4G36730,AT1G18460,AT1G69410,AT2G17360,AT3G27160,AT5G11090,AT3G23920,AT5G16400,AT5G23120,AT3G04730,AT1G72020,AT1G72820,AT5G59080,AT2G25900,AT5G63190	AT1G04250
2	AT2G46270	GBF3	7	287	PWM2930	DAP-seq	GBF3_col	15	2.5382813385407786e-8	0.0000032508131714311545	117	AT3G24500,AT3G27690,AT3G09440,AT1G10960,AT5G09590,AT5G15450,AT3G16050,AT1G15820,AT1G52230,AT2G46820,AT1G61520,AT3G04120,AT5G66570,AT4G10340,AT5G64510,AT3G61470,AT4G05180,AT1G06680,AT1G03600,AT4G22240,AT4G12800,AT1G18330,AT5G64040,AT3G46780,AT3G21055,AT3G50820,AT5G58770,AT2G45960,AT1G79040,AT4G21280,AT5G24930,AT3G16140,ATCG00470,AT1G60950,AT2G46220,AT2G06520,AT1G20340,AT4G28750,AT4G15560,AT3G17800,AT1G73480,AT4G01150,AT1G44446,AT3G54500,AT4G36040,AT2G47400,AT3G08970,AT3G09680,AT5G18380,AT5G19940,AT2G41100,AT2G34620,AT5G54770,AT1G76100,AT4G04640,AT2G20260,AT4G29330,AT1G67865,AT2G42220,AT1G52220,AT1G54780,AT5G65730,AT1G18080,AT4G01050,AT2G40610,AT5G64170,AT5G04410,AT2G41250,AT5G66880,AT1G04270,AT3G47500,AT4G30490,AT1G62390,AT2G24100,AT4G16520,AT2G01850,AT5G51110,AT3G24830,AT4G13010,AT3G59060,AT1G73870,AT5G18600,AT3G11670,AT5G62430,AT5G02490,AT3G23400,AT2G47710,AT1G78850,AT1G06430,AT2G18700,AT1G15550,AT5G65380,AT2G47610,AT2G36160,AT4G11570,AT5G28060,AT2G15050,AT1G06570,AT1G18460,AT3G23080,AT3G46040,AT1G22750,AT2G03890,AT3G57870,AT4G26970,AT5G28770,AT5G11090,AT5G45820,AT3G23920,AT5G16400,AT5G23120,AT1G70290,AT1G72820,AT5G59080,AT2G25900,AT5G07090,AT5G63190	AT3G24500,AT5G56030,AT5G56010,AT3G13470,AT5G02500,AT2G47730,AT3G27690,AT2G05070,AT3G09440,AT3G47470,AT1G10960,AT3G08940,AT3G54890,AT3G07090,AT5G15450,AT3G16050,AT5G13630,AT5G54940,AT1G62510,AT1G15820,AT1G51400,AT3G53420,AT1G30380,AT1G14980,AT2G04030,AT1G79550,AT2G29450,AT1G03130,AT3G16240,AT4G33660,AT1G67740,AT2G39730,AT2G46820,AT1G74470,AT4G35100,AT1G61520,AT5G47610,AT3G56940,AT5G01530,AT1G76080,AT1G07590,AT3G04120,AT5G66570,AT4G10340,AT3G26520,AT3G61470,AT4G05180,AT4G09150,AT5G02380,AT5G14740,AT1G26800,AT1G31330,AT1G06680,AT1G08380,AT4G25100,AT1G03600,AT4G12800,AT1G18330,AT5G64040,AT1G74670,AT3G26650,AT3G46780,AT3G21055,AT3G50820,AT5G15350,AT5G58770,AT2G45960,AT1G79040,AT2G25080,AT4G21280,AT5G24930,AT3G16140,AT1G23740,AT3G26450,AT3G11630,AT1G60950,AT4G34350,AT4G03280,AT1G23310,AT2G46220,AT2G45180,AT2G06520,AT1G20340,AT2G38540,AT2G30570,AT4G00430,AT5G53400,AT4G28750,AT4G15560,AT3G63310,AT1G06040,AT4G15420,AT1G73480,AT4G01150,AT1G44446,AT5G35630,AT5G48490,AT5G20290,AT3G54500,AT3G17611,AT4G36040,AT1G62740,AT1G14200,AT2G47400,AT3G08970,AT4G23670,AT3G51910,AT1G80440,AT3G59400,AT5G43850,AT5G19940,AT1G13080,AT2G41100,AT2G34620,AT5G54770,AT1G76100,AT5G19120,AT5G57660,AT4G04640,AT4G33666,AT2G22990,AT4G05320,AT3G48140,AT3G16520,AT2G20260,AT4G29330,AT4G34620,AT3G14200,AT4G08950,AT2G42220,AT5G57345,AT4G27960,AT1G72370,AT3G58610,AT4G38840,AT1G52220,AT1G58290,AT5G52570,AT1G72430,AT5G56600,AT1G54780,AT3G62870,AT1G23390,AT3G16770,AT5G65730,AT2G35260,AT2G46600,AT4G01050,AT1G03870,AT2G30520,AT5G44020,AT2G30950,AT1G62380,AT2G40610,AT3G54900,AT3G56910,AT1G35680,AT2G20670,AT2G41250,AT3G59940,AT5G66880,AT3G54210,AT5G16030,AT3G47500,AT1G49500,AT1G07320,AT2G27710,AT4G23400,AT1G29070,AT5G02840,AT4G11150,AT2G47440,AT3G04400,AT5G61670,AT1G78080,AT5G47930,AT4G13940,AT2G29650,AT5G62020,AT1G62390,AT2G31570,AT5G25610,AT2G42590,AT2G24100,AT4G16520,AT1G77940,AT2G01850,AT5G51110,AT5G43150,AT4G11660,AT3G51840,AT5G42980,AT3G24830,AT5G48485,AT1G09640,AT4G13010,AT3G59060,AT1G73870,AT5G47700,AT5G18600,AT3G11670,AT4G23680,AT1G03630,AT1G56580,AT5G62430,AT5G02490,AT5G35460,AT3G23400,AT2G44130,AT2G43560,AT1G26630,AT2G47710,AT1G78850,AT1G06430,AT1G29430,AT3G22840,AT3G26510,AT2G18700,AT1G75100,AT1G66580,AT5G61510,AT1G15550,AT1G78040,AT5G65380,AT2G47610,AT1G60000,AT3G04920,AT5G67420,AT2G21650,AT5G44190,AT1G68520,AT4G29070,AT1G31812,AT3G05590,AT4G15930,AT1G21920,AT5G28060,AT3G11700,AT3G60320,AT2G15050,AT1G06570,AT4G36730,AT1G04250,AT1G18460,AT5G11770,AT4G17870,AT3G23080,AT3G27090,AT1G14280,AT1G69410,AT1G32920,AT3G23030,AT5G13120,AT1G22750,AT2G18300,AT2G03890,AT2G26140,AT3G57870,AT3G03100,AT3G08740,AT3G27160,AT5G02450,AT4G26970,AT3G50560,AT2G41410,AT2G28800,AT5G28770,AT5G51740,AT1G29510,AT5G11090,AT1G69620,AT5G45820,AT3G23920,AT5G45350,AT3G12740,AT5G23120,AT1G27950,AT1G70290,AT3G04730,AT5G13450,AT5G37360,AT5G62280,AT4G12980,AT5G59080,AT2G25900,AT2G32090,AT5G63190
2	AT2G46270	GBF3	7	287	PWM951	CisBP	M0260_1.01	64	0.0007958522314294211	0.023015533079886324	97	AT3G27690,AT2G05070,AT1G30070,AT3G54890,AT2G34430,AT1G15820,AT1G52230,AT4G33660,AT2G39730,AT1G61520,AT5G66570,AT4G05180,AT5G38430,AT1G06680,AT1G03600,AT3G01500,AT1G18330,AT3G46780,AT3G50820,AT5G58770,AT2G45960,AT1G79040,AT4G21280,AT5G24930,AT3G16140,AT1G65490,AT1G60950,AT2G46220,AT1G20340,AT4G28750,AT4G15560,AT3G17800,AT1G44446,AT5G35630,AT3G54500,AT3G51910,AT3G61430,AT2G34620,AT5G54770,AT2G20260,AT4G29330,AT1G67865,AT5G15200,AT5G57345,AT1G52220,AT5G52570,AT1G54780,AT2G35260,AT4G01050,AT1G03870,AT2G40610,AT3G54900,AT2G26690,AT5G64170,AT2G41250,AT5G66880,AT4G30490,AT1G62390,AT4G16520,AT2G01850,AT5G51110,AT1G56170,AT1G33140,AT3G24830,AT1G67430,AT4G13010,AT1G73870,AT5G18600,AT3G11670,AT1G56580,AT5G35460,AT1G78850,AT2G18700,AT5G42220,AT2G39460,AT1G15550,AT1G78040,AT4G05050,AT5G65380,AT2G47610,AT4G11570,AT3G04920,AT5G44190,AT4G36730,AT1G18460,AT5G11770,AT1G69410,AT2G41410,AT2G28800,AT5G28770,AT5G45820,AT5G23120,AT1G27950,AT1G72020,AT2G25900,AT5G07090,AT5G63190	AT3G24500,AT5G56030,AT5G56010,AT3G13470,AT5G02500,AT2G47730,AT3G27690,AT2G05070,AT3G09440,AT3G47470,AT1G10960,AT3G08940,AT3G54890,AT3G07090,AT5G15450,AT3G16050,AT5G13630,AT5G54940,AT1G62510,AT1G15820,AT1G51400,AT3G53420,AT1G30380,AT1G14980,AT2G04030,AT1G79550,AT2G29450,AT1G03130,AT3G16240,AT4G33660,AT1G67740,AT2G39730,AT2G46820,AT1G74470,AT4G35100,AT1G61520,AT5G47610,AT3G56940,AT5G01530,AT1G76080,AT1G07590,AT3G04120,AT5G66570,AT4G10340,AT3G26520,AT3G61470,AT4G05180,AT4G09150,AT5G02380,AT5G14740,AT1G26800,AT1G31330,AT1G06680,AT1G08380,AT4G25100,AT1G03600,AT4G12800,AT1G18330,AT5G64040,AT1G74670,AT3G26650,AT3G46780,AT3G21055,AT3G50820,AT5G15350,AT5G58770,AT2G45960,AT1G79040,AT2G25080,AT4G21280,AT5G24930,AT3G16140,AT1G23740,AT3G26450,AT3G11630,AT1G60950,AT4G34350,AT4G03280,AT1G23310,AT2G46220,AT2G45180,AT2G06520,AT1G20340,AT2G38540,AT2G30570,AT4G00430,AT5G53400,AT4G28750,AT4G15560,AT3G63310,AT1G06040,AT4G15420,AT1G73480,AT4G01150,AT1G44446,AT5G35630,AT5G48490,AT5G20290,AT3G54500,AT3G17611,AT4G36040,AT1G62740,AT1G14200,AT2G47400,AT3G08970,AT4G23670,AT3G51910,AT1G80440,AT3G59400,AT5G43850,AT5G19940,AT1G13080,AT2G41100,AT2G34620,AT5G54770,AT1G76100,AT5G19120,AT5G57660,AT4G04640,AT4G33666,AT2G22990,AT4G05320,AT3G48140,AT3G16520,AT2G20260,AT4G29330,AT4G34620,AT3G14200,AT4G08950,AT2G42220,AT5G57345,AT4G27960,AT1G72370,AT3G58610,AT4G38840,AT1G52220,AT1G58290,AT5G52570,AT1G72430,AT5G56600,AT1G54780,AT3G62870,AT1G23390,AT3G16770,AT5G65730,AT2G35260,AT2G46600,AT4G01050,AT1G03870,AT2G30520,AT5G44020,AT2G30950,AT1G62380,AT2G40610,AT3G54900,AT3G56910,AT1G35680,AT2G20670,AT2G41250,AT3G59940,AT5G66880,AT3G54210,AT5G16030,AT3G47500,AT1G49500,AT1G07320,AT2G27710,AT4G23400,AT1G29070,AT5G02840,AT4G11150,AT2G47440,AT3G04400,AT5G61670,AT1G78080,AT5G47930,AT4G13940,AT2G29650,AT5G62020,AT1G62390,AT2G31570,AT5G25610,AT2G42590,AT2G24100,AT4G16520,AT1G77940,AT2G01850,AT5G51110,AT5G43150,AT4G11660,AT3G51840,AT5G42980,AT3G24830,AT5G48485,AT1G09640,AT4G13010,AT3G59060,AT1G73870,AT5G47700,AT5G18600,AT3G11670,AT4G23680,AT1G03630,AT1G56580,AT5G62430,AT5G02490,AT5G35460,AT3G23400,AT2G44130,AT2G43560,AT1G26630,AT2G47710,AT1G78850,AT1G06430,AT1G29430,AT3G22840,AT3G26510,AT2G18700,AT1G75100,AT1G66580,AT5G61510,AT1G15550,AT1G78040,AT5G65380,AT2G47610,AT1G60000,AT3G04920,AT5G67420,AT2G21650,AT5G44190,AT1G68520,AT4G29070,AT1G31812,AT3G05590,AT4G15930,AT1G21920,AT5G28060,AT3G11700,AT3G60320,AT2G15050,AT1G06570,AT4G36730,AT1G04250,AT1G18460,AT5G11770,AT4G17870,AT3G23080,AT3G27090,AT1G14280,AT1G69410,AT1G32920,AT3G23030,AT5G13120,AT1G22750,AT2G18300,AT2G03890,AT2G26140,AT3G57870,AT3G03100,AT3G08740,AT3G27160,AT5G02450,AT4G26970,AT3G50560,AT2G41410,AT2G28800,AT5G28770,AT5G51740,AT1G29510,AT5G11090,AT1G69620,AT5G45820,AT3G23920,AT5G45350,AT3G12740,AT5G23120,AT1G27950,AT1G70290,AT3G04730,AT5G13450,AT5G37360,AT5G62280,AT4G12980,AT5G59080,AT2G25900,AT2G32090,AT5G63190
2	AT3G56850	AREB3	2	0	PWM2906	DAP-seq	AREB3_col	16	4.7325806550176686e-8	0.000005303448196529175	116	AT3G24500,AT3G47470,AT1G10960,AT3G54890,AT3G07090,AT5G09590,AT2G34430,AT5G15450,AT3G16050,AT1G15820,AT1G52230,AT4G33660,AT2G46820,AT4G35100,AT1G61520,AT3G56940,AT5G66570,AT3G61470,AT4G05180,AT5G02380,AT1G06680,AT1G03600,AT4G22240,AT1G18330,AT3G46780,AT3G21055,AT3G50820,AT5G58770,AT2G45960,AT1G79040,AT4G21280,AT5G24930,AT3G16140,AT1G60950,AT2G46220,AT2G06520,AT1G20340,AT2G38540,AT4G28750,AT4G15560,AT3G17800,AT4G01150,AT1G44446,AT3G54500,AT2G47400,AT5G43850,AT5G19940,AT2G41100,AT2G34620,AT5G54770,AT1G76100,AT5G57660,AT3G16520,AT2G20260,AT4G29330,AT2G42220,AT5G57345,AT2G46830,AT1G52220,AT1G58290,AT5G56600,AT1G54780,AT2G35260,AT4G01050,AT2G40610,AT3G54900,AT5G64170,AT3G56910,AT5G04410,AT2G20670,AT2G41250,AT5G66880,AT1G04270,AT3G47500,AT4G13940,AT4G30490,AT1G62390,AT2G24100,AT4G16520,AT2G01850,AT5G51110,AT1G56170,AT3G24830,AT4G13010,AT3G59060,AT1G73870,AT5G18600,AT3G11670,AT5G35460,AT2G47710,AT1G78850,AT2G18700,AT1G15550,AT5G65380,AT2G21320,AT2G47610,AT4G11570,AT5G28060,AT2G15050,AT1G06570,AT1G18460,AT3G23080,AT3G46040,AT1G22750,AT2G03890,AT3G57870,AT4G26970,AT5G28770,AT5G11090,AT5G16400,AT5G23120,AT3G04730,AT1G72820,AT5G59080,AT2G25900,AT5G07090	
2	AT2G18160	ATBZIP2	1	na	PWM2932	DAP-seq	GBF5_col	17	8.729375550072285e-8	0.00000920692374192918	115	AT3G24500,AT3G27690,AT1G67360,AT3G09440,AT2G34430,AT5G15450,AT3G16050,AT1G62510,AT1G30380,AT2G46820,AT1G61520,AT3G04120,AT5G66570,AT4G10340,AT5G64510,AT4G05180,AT1G06680,AT1G03600,AT4G22240,AT4G12800,AT1G18330,AT5G64040,AT3G46780,AT3G21055,AT3G50820,AT5G58770,AT2G45960,AT1G79040,AT4G21280,AT3G16140,AT4G02920,ATCG00470,AT1G60950,AT4G34350,AT2G46220,AT2G06520,AT4G28750,AT4G15560,AT3G17800,AT1G73480,AT1G44446,AT5G35630,AT3G54500,AT4G36040,AT3G08970,AT3G09680,AT3G51910,AT5G18380,AT5G19940,AT2G41100,AT5G54770,AT1G76100,AT4G04640,AT2G20260,AT4G29330,AT1G67865,AT2G42220,ATCG00440,AT1G54780,AT1G23390,AT5G65730,AT1G18080,AT4G01050,AT1G03870,AT2G40610,AT5G04410,AT2G41250,AT5G66880,AT1G04270,AT3G47500,AT5G61670,AT1G62390,AT4G16520,AT2G01850,AT5G51110,AT4G13010,AT3G59060,AT1G73870,AT5G18600,AT3G11670,AT5G62430,AT5G02490,AT3G23400,AT2G47710,AT1G78850,AT1G06430,AT2G18700,AT1G15550,AT5G65380,AT2G47610,AT2G36160,AT4G11570,AT5G44190,AT5G28060,AT1G06570,AT1G18460,AT3G23080,AT3G46040,AT1G32920,AT5G13120,AT1G22750,AT2G03890,AT3G57870,AT3G03100,AT4G26970,AT2G28800,AT5G28770,AT5G45820,AT3G23920,AT1G70290,AT1G72820,AT3G28900,AT2G25900,AT5G07090,AT5G63190	na
2	AT1G32150	AtbZIP68	0	0	PWM2927	DAP-seq	BZIP68_col	20	2.875020034015282e-7	0.00002713111011047053	113	AT3G24500,AT3G27690,AT3G09440,AT1G10960,AT3G07090,AT5G09590,AT5G15450,AT3G16050,AT1G15820,AT1G52230,AT4G33660,AT2G39730,AT2G46820,AT1G61520,AT3G56940,AT5G66570,AT4G05180,AT5G02380,AT1G06680,AT1G03600,AT4G22240,AT4G12800,AT1G18330,AT5G64040,AT3G46780,AT3G21055,AT3G50820,AT5G58770,AT2G45960,AT1G79040,AT4G21280,AT5G24930,AT3G16140,ATCG00470,AT1G60950,AT2G46220,AT2G06520,AT1G20340,AT2G38540,AT4G28750,AT4G15560,AT3G17800,AT4G01150,AT1G44446,AT3G54500,AT4G36040,AT2G47400,AT3G08970,AT3G09680,AT5G43850,AT5G18380,AT5G19940,AT2G41100,AT2G34620,AT5G54770,AT1G76100,AT4G04640,AT2G20260,AT4G29330,AT1G67865,AT2G42220,AT5G57345,AT1G52220,AT1G54780,AT5G65730,AT4G01050,AT2G40610,AT5G64170,AT3G56910,AT5G04410,AT2G41250,AT5G66880,AT3G47500,AT4G30490,AT1G62390,AT2G24100,AT4G16520,AT2G01850,AT5G51110,AT3G24830,AT4G13010,AT3G59060,AT1G73870,AT5G18600,AT3G11670,AT5G62430,AT3G23400,AT2G47710,AT1G06430,AT2G18700,AT1G15550,AT5G65380,AT2G47610,AT4G11570,AT5G28060,AT1G06570,AT1G18460,AT3G23080,AT3G46040,AT1G22750,AT2G03890,AT3G57870,AT4G26970,AT5G28770,AT5G11090,AT5G45820,AT3G23920,AT5G16400,AT5G23120,AT1G72820,AT5G59080,AT2G25900,AT5G07090	
2	AT1G32150	AtbZIP68	0	0	PWM1236	CisBP	M0251_1.01	47	0.00022510984656398672	0.00858770116785592	100	AT3G27690,AT1G30070,AT1G10960,AT3G54890,AT2G34430,AT1G15820,AT2G04030,AT1G52230,AT4G33660,AT2G39730,AT1G61520,AT5G66570,AT3G26520,AT4G05180,AT1G06680,AT1G03600,AT3G01500,AT4G12800,AT3G46780,AT3G50820,AT5G58770,AT2G45960,AT1G79040,AT4G21280,AT5G24930,AT3G16140,AT1G60950,AT4G34350,AT2G46220,AT1G20340,AT4G28750,AT4G15560,AT3G17800,AT1G73480,AT1G44446,AT5G35630,AT3G54500,AT3G51910,AT3G61430,AT4G38740,AT2G34620,AT5G54770,AT5G57660,AT2G20260,AT4G29330,AT1G67865,AT5G15200,AT5G57345,AT1G52220,AT5G52570,AT5G56600,AT1G54780,AT2G35260,AT4G01050,AT1G03870,AT2G40610,AT3G54900,AT2G26690,AT5G64170,AT2G41250,AT5G66880,AT3G47500,AT4G13940,AT1G62390,AT4G16520,AT2G01850,AT5G51110,AT5G43150,AT1G56170,AT1G33140,AT3G24830,AT1G67430,AT4G13010,AT1G73870,AT3G11670,AT1G56580,AT5G35460,AT1G78850,AT2G18700,AT5G42220,AT2G39460,AT1G15550,AT1G78040,AT5G65380,AT2G47610,AT4G11570,AT3G04920,AT5G44190,AT4G36730,AT2G41410,AT2G28800,AT5G28770,AT5G62390,AT3G04730,AT1G72020,AT5G13450,AT5G37360,AT2G25900,AT2G32090,AT5G07090	
2	AT1G32150	AtbZIP68	0	0	PWM2567	JASPAR	MA0968.1	53	0.00034696617902143725	0.012198242333047784	99	AT3G27690,AT1G30070,AT1G10960,AT3G54890,AT2G34430,AT1G15820,AT2G04030,AT1G52230,AT4G33660,AT2G39730,AT1G61520,AT5G66570,AT3G26520,AT4G05180,AT1G06680,AT1G03600,AT3G01500,AT4G12800,AT3G46780,AT3G50820,AT5G58770,AT2G45960,AT1G79040,AT4G21280,AT5G24930,AT3G16140,AT1G60950,AT4G34350,AT2G46220,AT1G20340,AT4G28750,AT4G15560,AT3G17800,AT1G73480,AT1G44446,AT5G35630,AT3G54500,AT3G51910,AT3G61430,AT4G38740,AT2G34620,AT5G54770,AT5G57660,AT2G20260,AT4G29330,AT1G67865,AT5G15200,AT5G57345,AT1G52220,AT5G52570,AT1G54780,AT2G35260,AT4G01050,AT1G03870,AT2G40610,AT3G54900,AT2G26690,AT5G64170,AT2G41250,AT5G66880,AT3G47500,AT4G13940,AT1G62390,AT4G16520,AT2G01850,AT5G51110,AT5G43150,AT1G56170,AT1G33140,AT3G24830,AT1G67430,AT4G13010,AT1G73870,AT3G11670,AT1G56580,AT5G35460,AT1G78850,AT2G18700,AT5G42220,AT2G39460,AT1G15550,AT1G78040,AT5G65380,AT2G47610,AT4G11570,AT3G04920,AT5G44190,AT4G36730,AT2G41410,AT2G28800,AT5G28770,AT5G62390,AT3G04730,AT1G72020,AT5G13450,AT5G37360,AT2G25900,AT2G32090,AT5G07090	
2	AT5G15830	AtbZIP3	1	0	PWM2913	DAP-seq	BZIP3_col	21	5.132942270014713e-7	0.00004382554995303039	112	AT3G24500,AT3G27690,AT1G67360,AT3G09440,AT2G34430,AT5G15450,AT3G16050,AT1G52230,AT2G46820,AT1G61520,AT3G04120,AT5G66570,AT4G10340,AT5G64510,AT4G05180,AT1G06680,AT1G03600,AT4G22240,AT4G12800,AT1G18330,AT5G64040,AT3G46780,AT3G21055,AT3G50820,AT5G58770,AT2G45960,AT1G79040,AT4G21280,AT3G16140,ATCG00470,AT1G60950,AT4G34350,AT2G46220,AT2G06520,AT1G20340,AT4G28750,AT4G15560,AT3G17800,AT1G73480,AT1G44446,AT3G54500,AT4G36040,AT3G08970,AT3G09680,AT3G51910,AT5G18380,AT5G19940,AT2G41100,AT2G34620,AT5G54770,AT1G76100,AT4G04640,AT2G20260,AT4G29330,AT1G67865,AT2G42220,AT1G52220,AT1G54780,AT1G23390,AT5G65730,AT1G18080,AT4G01050,AT2G40610,AT5G04410,AT2G41250,AT5G66880,AT3G47500,AT5G61670,AT1G62390,AT4G16520,AT2G01850,AT5G51110,AT3G24830,AT4G13010,AT3G59060,AT1G73870,AT5G18600,AT3G11670,AT5G62430,AT5G02490,AT3G23400,AT2G47710,AT1G78850,AT1G06430,AT2G18700,AT1G15550,AT5G65380,AT2G47610,AT2G36160,AT4G11570,AT5G28060,AT1G06570,AT1G18460,AT4G17870,AT3G23080,AT3G46040,AT1G32920,AT5G13120,AT1G22750,AT2G03890,AT3G57870,AT3G03100,AT4G26970,AT5G28770,AT5G45820,AT3G23920,AT1G70290,AT1G72820,AT3G28900,AT2G25900,AT5G07090,AT5G63190	
2	AT1G03970	GBF4	1	0	PWM994	CisBP	M0319_1.01	22	5.132942270014713e-7	0.00004382554995303039	112	AT1G67360,AT3G47470,AT1G10960,AT3G54890,AT5G09590,AT5G15450,AT3G16050,AT5G13630,AT5G54940,AT1G62510,AT1G15820,AT1G52230,AT2G39730,AT2G46820,AT4G35100,AT1G61520,AT3G56940,AT5G01530,AT5G66570,AT1G55530,AT4G05180,AT5G02380,AT5G14740,AT1G06680,AT1G03600,ATCG00070,AT3G21055,AT3G50820,AT2G45960,AT1G55670,AT1G79040,AT4G21280,AT5G24930,AT3G16140,AT1G23740,AT1G60950,AT1G23310,AT2G46220,AT2G38540,AT2G30570,AT4G28750,AT1G73480,AT4G01150,AT1G44446,AT5G35630,AT4G36040,AT2G47400,AT3G61430,AT4G38740,AT5G43850,AT1G13080,AT2G34620,AT5G57660,AT4G05320,AT2G20260,AT1G67865,AT5G15200,AT5G57345,AT2G46830,AT1G52220,AT5G52570,AT2G35260,AT4G01050,AT2G30520,AT2G40610,AT3G54900,AT5G64170,AT3G56910,AT2G41250,AT1G78080,AT4G13940,AT3G53870,AT4G30490,AT1G62390,AT2G24100,AT4G16520,AT2G01850,AT5G43150,AT1G56170,AT1G33140,AT3G24830,AT3G59060,AT1G73870,AT3G11670,AT5G35460,AT3G23400,AT3G26510,AT2G18700,AT3G55770,AT2G39460,AT1G15550,AT5G65380,AT4G11570,AT3G09630,AT5G28060,AT1G06570,AT4G36730,AT1G04250,AT1G18460,AT2G17360,AT3G08740,AT2G28800,AT5G11090,AT3G15770,AT3G23920,AT5G16400,AT5G23120,AT3G04730,AT1G72020,AT1G72820,AT5G59080,AT2G25900	
2	AT5G44080	AT5G44080	0	0	PWM995	CisBP	M0319_1.01	23	5.132942270014713e-7	0.00004382554995303039	112	AT1G67360,AT3G47470,AT1G10960,AT3G54890,AT5G09590,AT5G15450,AT3G16050,AT5G13630,AT5G54940,AT1G62510,AT1G15820,AT1G52230,AT2G39730,AT2G46820,AT4G35100,AT1G61520,AT3G56940,AT5G01530,AT5G66570,AT1G55530,AT4G05180,AT5G02380,AT5G14740,AT1G06680,AT1G03600,ATCG00070,AT3G21055,AT3G50820,AT2G45960,AT1G55670,AT1G79040,AT4G21280,AT5G24930,AT3G16140,AT1G23740,AT1G60950,AT1G23310,AT2G46220,AT2G38540,AT2G30570,AT4G28750,AT1G73480,AT4G01150,AT1G44446,AT5G35630,AT4G36040,AT2G47400,AT3G61430,AT4G38740,AT5G43850,AT1G13080,AT2G34620,AT5G57660,AT4G05320,AT2G20260,AT1G67865,AT5G15200,AT5G57345,AT2G46830,AT1G52220,AT5G52570,AT2G35260,AT4G01050,AT2G30520,AT2G40610,AT3G54900,AT5G64170,AT3G56910,AT2G41250,AT1G78080,AT4G13940,AT3G53870,AT4G30490,AT1G62390,AT2G24100,AT4G16520,AT2G01850,AT5G43150,AT1G56170,AT1G33140,AT3G24830,AT3G59060,AT1G73870,AT3G11670,AT5G35460,AT3G23400,AT3G26510,AT2G18700,AT3G55770,AT2G39460,AT1G15550,AT5G65380,AT4G11570,AT3G09630,AT5G28060,AT1G06570,AT4G36730,AT1G04250,AT1G18460,AT2G17360,AT3G08740,AT2G28800,AT5G11090,AT3G15770,AT3G23920,AT5G16400,AT5G23120,AT3G04730,AT1G72020,AT1G72820,AT5G59080,AT2G25900	
2	AT3G10800	bZIP28	14	na	PWM2912	DAP-seq	BZIP28_col	24	9.064100804035454e-7	0.00006771638642348154	111	AT3G24500,AT3G27690,AT3G09440,AT1G10960,AT5G09590,AT2G34430,AT5G15450,AT3G16050,AT1G15820,AT1G52230,AT4G33660,AT2G46820,AT1G61520,AT3G56940,AT3G04120,AT5G66570,AT5G64510,AT4G05180,AT5G02380,AT1G06680,AT1G03600,AT4G22240,AT4G12800,AT1G18330,AT5G64040,AT3G46780,AT3G21055,AT3G50820,AT5G58770,AT2G45960,AT1G79040,AT4G21280,AT5G24930,AT3G16140,AT1G60950,AT2G06520,AT1G20340,AT2G38540,AT4G28750,AT4G15560,AT3G17800,AT4G01150,AT1G44446,AT3G54500,AT4G36040,AT2G47400,AT5G43850,AT5G18380,AT5G19940,AT1G13080,AT2G41100,AT2G34620,AT5G54770,AT1G76100,AT4G04640,AT3G16520,AT2G20260,AT4G29330,AT1G67865,AT5G15200,AT2G42220,AT1G52220,AT1G54780,AT1G23390,AT5G65730,AT4G01050,AT2G40610,AT5G64170,AT3G56910,AT5G04410,AT2G41250,AT5G66880,AT3G47500,AT5G47930,AT1G62390,AT2G24100,AT4G16520,AT2G01850,AT5G51110,AT1G56170,AT3G24830,AT4G13010,AT3G59060,AT3G11670,AT5G35460,AT3G23400,AT2G47710,AT2G18700,AT1G15550,AT5G65380,AT2G47610,AT4G11570,AT5G28060,AT1G18460,AT3G23080,AT3G46040,AT1G22750,AT2G03890,AT3G57870,AT4G26970,AT5G28770,AT5G11090,AT5G45820,AT5G16400,AT5G23120,AT1G72820,AT5G59080,AT3G28900,AT2G25900,AT5G07090,AT5G63190	na
2	AT3G17609	HYH	96	na	PWM1068	CisBP	M2214_1.01	25	0.0000015830406769536787	0.00011353567735111784	110	AT3G47470,AT1G10960,AT3G08940,AT3G54890,AT5G09590,AT5G15450,AT3G16050,AT5G13630,AT5G54940,AT1G15820,AT1G52230,AT2G39730,AT2G46820,AT4G35100,AT1G61520,AT3G56940,AT5G01530,AT1G07590,AT5G66570,AT3G61470,AT4G05180,AT5G02380,AT5G14740,AT1G06680,AT1G03600,AT3G21055,AT3G50820,AT2G45960,AT1G55670,AT1G79040,AT4G21280,AT5G24930,AT3G16140,AT1G60950,AT1G23310,AT2G38540,AT2G30570,AT4G28750,AT3G63310,AT3G17800,AT1G73480,AT4G01150,AT1G44446,AT5G35630,AT2G47400,AT3G09680,AT3G61430,AT4G38740,AT5G43850,AT2G34620,AT5G57660,AT4G05320,AT2G20260,AT1G67865,AT5G57345,AT2G46830,AT1G52220,AT5G52570,AT5G56600,AT1G54780,AT2G35260,AT4G01050,AT2G40610,AT3G54900,AT2G26690,AT5G64170,AT3G56910,AT2G41250,AT1G78080,AT4G13940,AT2G29650,AT4G30490,AT1G62390,AT2G24100,AT4G16520,AT5G43150,AT1G56170,AT3G24830,AT3G59060,AT1G73870,AT3G11670,AT5G35460,AT1G78850,AT2G18700,AT3G55770,AT2G39460,AT1G15550,AT5G65380,AT2G21320,AT4G11570,AT3G04920,AT3G09630,AT5G28060,AT2G15050,AT4G36730,AT1G04250,AT1G18460,AT3G27090,AT1G69410,AT3G57870,AT3G08740,AT5G11090,AT3G23920,AT5G16400,AT5G23120,AT3G04730,AT1G72020,AT1G72820,AT5G59080,AT2G25900	na
2	AT1G49720	ABF1	6	113	PWM1495	CisBP	M2233_1.01	26	0.0000027342894853588155	0.00018856080950955216	109	AT2G26150,AT1G10960,AT3G54890,AT5G15450,AT3G16050,AT5G13630,AT1G52230,AT2G46820,AT4G35100,AT1G61520,AT3G56940,AT1G07590,AT3G04120,AT5G66570,AT4G05180,AT5G02380,AT1G26800,AT1G06680,AT4G25100,AT1G03600,AT4G12800,AT3G21055,AT3G50820,AT5G58770,AT2G45960,AT1G55670,AT1G79040,AT4G21280,AT3G16140,AT1G60950,AT1G23310,AT2G46220,AT2G30570,AT4G28750,AT4G15560,AT3G17800,AT1G73480,AT4G01150,AT5G35630,AT3G54500,AT2G47400,AT3G61430,AT4G38740,AT5G43850,AT5G19940,AT5G17310,AT5G54770,AT4G29330,AT1G67865,AT4G08950,AT2G42220,AT2G46830,AT1G52220,AT5G56600,AT1G23390,AT4G01050,AT2G40610,AT3G54900,AT2G26690,AT5G64170,AT3G56910,AT2G41250,AT3G47500,AT1G78080,AT4G13940,AT1G62390,AT2G31570,AT4G16520,AT5G51110,AT1G56170,AT1G09640,AT3G59060,AT1G73870,AT5G18600,AT5G62430,AT2G47710,AT1G78850,AT3G26510,AT2G18700,AT5G42220,AT1G15550,AT2G47610,AT4G11570,AT3G04920,AT5G28060,AT3G60320,AT2G15050,AT3G23080,AT3G27090,AT5G13120,AT1G22750,AT2G03890,AT2G26140,AT3G57870,AT3G03100,AT3G27160,AT4G26970,AT2G41410,AT2G28800,AT5G28770,AT5G11090,AT1G69620,AT5G45820,AT5G16400,AT5G45350,AT1G72820,AT1G54590,AT5G59080,AT5G07090	AT3G24500,AT5G02500,AT3G47470,AT1G10960,AT5G15450,AT5G54940,AT4G35090,AT1G51400,AT3G53420,AT1G30380,AT4G33660,AT4G35100,AT5G47610,AT3G56940,AT3G04120,AT1G55530,AT3G26520,AT4G05180,AT5G02380,AT5G14740,AT1G08380,AT1G03600,AT1G74670,AT3G21055,AT2G45960,AT1G79040,AT4G21280,AT5G24930,AT3G16140,AT1G23740,AT3G26450,AT1G60950,AT4G34350,AT1G23310,AT4G00430,AT4G28750,AT3G63310,AT1G44446,AT3G08970,AT4G23670,AT3G51910,AT1G80440,AT3G61430,AT4G38740,AT5G43850,AT1G76100,AT5G57660,AT4G04640,AT4G33666,AT4G05320,AT3G48140,AT4G29330,AT4G34620,AT4G08950,AT5G57345,AT2G46830,AT4G38840,AT1G52220,AT2G35260,AT4G01050,AT1G03870,AT2G30520,AT5G44020,AT2G30950,AT1G62380,AT3G56910,AT2G20670,AT5G66880,AT3G47500,AT1G49500,AT1G29070,AT2G47440,AT5G61670,AT1G78080,AT2G29650,AT5G62020,AT2G24100,AT5G43150,AT1G56170,AT5G42980,AT4G13010,AT3G59060,AT1G03630,AT1G56580,AT5G35460,AT3G26510,AT2G18700,AT1G78040,AT5G65380,AT5G67420,AT3G59280,AT3G11700,AT3G60320,AT1G06570,AT4G36730,AT1G18460,AT3G23080,AT3G27090,AT1G69410,AT3G23030,AT2G18300,AT3G08740,AT2G28800,AT5G28770,AT5G11090,AT3G23920,AT5G45350,AT3G12740,AT1G70290,AT3G04730,AT1G72020,AT2G25900,AT5G63190
2	AT1G49720	ABF1	6	113	PWM2170	JASPAR	MA0570.1	31	0.00001317565274074156	0.0007620627536822457	106	AT2G26150,AT1G10960,AT3G54890,AT5G15450,AT3G16050,AT1G52230,AT2G46820,AT4G35100,AT1G61520,AT3G56940,AT1G07590,AT3G04120,AT5G66570,AT4G05180,AT5G02380,AT1G26800,AT1G06680,AT4G25100,AT1G03600,AT4G12800,AT3G21055,AT3G50820,AT5G58770,AT2G45960,AT1G79040,AT4G21280,AT3G16140,AT1G60950,AT1G23310,AT2G30570,AT4G28750,AT4G15560,AT3G17800,AT1G73480,AT4G01150,AT1G44446,AT5G35630,AT3G54500,AT2G47400,AT3G61430,AT4G38740,AT5G43850,AT5G19940,AT5G17310,AT5G54770,AT4G29330,AT1G67865,AT5G36910,AT4G08950,AT2G42220,AT1G52220,AT5G56600,AT4G01050,AT2G40610,AT3G54900,AT5G14320,AT2G26690,AT5G64170,AT3G56910,AT2G41250,AT3G47500,AT1G78080,AT4G13940,AT1G62390,AT2G31570,AT4G16520,AT5G51110,AT1G56170,AT1G09640,AT4G13010,AT3G59060,AT1G73870,AT5G18600,AT5G62430,AT4G19170,AT2G47710,AT1G78850,AT3G26510,AT2G18700,AT5G42220,AT1G15550,AT2G47610,AT4G11570,AT3G04920,AT5G28060,AT3G60320,AT2G15050,AT3G27090,AT5G13120,AT2G03890,AT2G26140,AT3G57870,AT3G03100,AT3G27160,AT2G41410,AT2G28800,AT5G28770,AT5G11090,AT1G69620,AT5G45820,AT5G16400,AT5G45350,AT1G72820,AT1G54590,AT5G59080,AT5G07090	AT3G24500,AT5G02500,AT3G47470,AT1G10960,AT5G15450,AT5G54940,AT4G35090,AT1G51400,AT3G53420,AT1G30380,AT4G33660,AT4G35100,AT5G47610,AT3G56940,AT3G04120,AT1G55530,AT3G26520,AT4G05180,AT5G02380,AT5G14740,AT1G08380,AT1G03600,AT1G74670,AT3G21055,AT2G45960,AT1G79040,AT4G21280,AT5G24930,AT3G16140,AT1G23740,AT3G26450,AT1G60950,AT4G34350,AT1G23310,AT4G00430,AT4G28750,AT3G63310,AT1G44446,AT3G08970,AT4G23670,AT3G51910,AT1G80440,AT3G61430,AT4G38740,AT5G43850,AT1G76100,AT5G57660,AT4G04640,AT4G33666,AT4G05320,AT3G48140,AT4G29330,AT4G34620,AT4G08950,AT5G57345,AT2G46830,AT4G38840,AT1G52220,AT2G35260,AT4G01050,AT1G03870,AT2G30520,AT5G44020,AT2G30950,AT1G62380,AT3G56910,AT2G20670,AT5G66880,AT3G47500,AT1G49500,AT1G29070,AT2G47440,AT5G61670,AT1G78080,AT2G29650,AT5G62020,AT2G24100,AT5G43150,AT1G56170,AT5G42980,AT4G13010,AT3G59060,AT1G03630,AT1G56580,AT5G35460,AT3G26510,AT2G18700,AT1G78040,AT5G65380,AT5G67420,AT3G59280,AT3G11700,AT3G60320,AT1G06570,AT4G36730,AT1G18460,AT3G23080,AT3G27090,AT1G69410,AT3G23030,AT2G18300,AT3G08740,AT2G28800,AT5G28770,AT5G11090,AT3G23920,AT5G45350,AT3G12740,AT1G70290,AT3G04730,AT1G72020,AT2G25900,AT5G63190
2	AT1G49720	ABF1	6	113	PWM326	AGRIS		32	0.00001317565274074156	0.0007620627536822457	106	AT2G26150,AT1G10960,AT3G54890,AT5G09590,AT3G16050,AT5G54940,AT1G15820,AT1G52230,AT1G67740,AT2G39730,AT1G61520,AT3G56940,AT5G01530,AT1G07590,AT5G66570,AT3G61470,AT4G05180,AT5G38430,AT5G02380,AT5G14740,AT1G06680,AT4G22240,AT4G12800,AT1G18330,AT3G21055,AT3G50820,AT5G58770,AT2G45960,AT1G55670,AT1G79040,AT4G21280,AT3G16140,AT1G60950,AT2G38540,AT4G28750,AT4G15560,AT3G17800,AT1G44446,AT3G54500,AT2G47400,AT3G61430,AT4G38740,AT5G43850,AT1G13080,AT2G34620,AT5G54770,AT5G57660,AT2G20260,AT4G29330,AT1G67865,AT5G57345,AT4G38840,AT1G52220,AT5G52570,AT5G56600,AT1G54780,AT2G34480,AT2G40610,AT3G54900,AT2G26690,AT5G64170,AT3G56910,AT2G41250,AT5G66880,AT3G53020,AT5G61670,AT4G13940,AT1G62390,AT2G24100,AT4G16520,AT3G24830,AT1G67430,AT3G59060,AT1G73870,AT3G11940,AT5G35460,AT2G47710,AT1G78850,AT2G18700,AT2G39460,AT5G65380,AT2G36160,AT4G11570,AT3G04920,AT1G21920,AT5G28060,AT3G60320,AT2G15050,AT5G11770,AT3G27090,AT1G69410,AT2G26140,AT3G57870,AT3G08740,AT3G27160,AT4G26970,AT5G28770,AT5G11090,AT5G62390,AT5G16400,AT3G04730,AT1G72020,AT1G72820,AT5G37360,AT5G59080,AT3G28900	AT3G24500,AT5G02500,AT3G47470,AT1G10960,AT5G15450,AT5G54940,AT4G35090,AT1G51400,AT3G53420,AT1G30380,AT4G33660,AT4G35100,AT5G47610,AT3G56940,AT3G04120,AT1G55530,AT3G26520,AT4G05180,AT5G02380,AT5G14740,AT1G08380,AT1G03600,AT1G74670,AT3G21055,AT2G45960,AT1G79040,AT4G21280,AT5G24930,AT3G16140,AT1G23740,AT3G26450,AT1G60950,AT4G34350,AT1G23310,AT4G00430,AT4G28750,AT3G63310,AT1G44446,AT3G08970,AT4G23670,AT3G51910,AT1G80440,AT3G61430,AT4G38740,AT5G43850,AT1G76100,AT5G57660,AT4G04640,AT4G33666,AT4G05320,AT3G48140,AT4G29330,AT4G34620,AT4G08950,AT5G57345,AT2G46830,AT4G38840,AT1G52220,AT2G35260,AT4G01050,AT1G03870,AT2G30520,AT5G44020,AT2G30950,AT1G62380,AT3G56910,AT2G20670,AT5G66880,AT3G47500,AT1G49500,AT1G29070,AT2G47440,AT5G61670,AT1G78080,AT2G29650,AT5G62020,AT2G24100,AT5G43150,AT1G56170,AT5G42980,AT4G13010,AT3G59060,AT1G03630,AT1G56580,AT5G35460,AT3G26510,AT2G18700,AT1G78040,AT5G65380,AT5G67420,AT3G59280,AT3G11700,AT3G60320,AT1G06570,AT4G36730,AT1G18460,AT3G23080,AT3G27090,AT1G69410,AT3G23030,AT2G18300,AT3G08740,AT2G28800,AT5G28770,AT5G11090,AT3G23920,AT5G45350,AT3G12740,AT1G70290,AT3G04730,AT1G72020,AT2G25900,AT5G63190
2	AT1G49720	ABF1	6	113	PWM974	CisBP	M0254_1.01	42	0.000057345845429068665	0.0026364384834441056	103	AT1G30070,AT1G10960,AT3G54890,AT3G16050,AT5G54940,AT1G15820,AT1G52230,AT2G39730,AT2G46820,AT4G35100,AT1G61520,AT3G56940,AT5G66570,AT4G05180,AT5G02380,AT5G14740,AT1G06680,AT1G03600,AT3G21055,AT3G50820,AT5G15350,AT5G58770,AT2G45960,AT5G49910,AT1G79040,AT4G21280,AT5G24930,AT3G16140,AT1G60950,AT2G38540,AT5G53400,AT4G02770,AT4G28750,AT1G73480,AT4G01150,AT1G44446,AT3G54500,AT2G47400,AT3G08970,AT3G61430,AT5G43850,AT2G34620,AT5G54770,AT2G20260,AT4G29330,AT1G67865,AT5G15200,AT5G57345,AT2G46830,AT2G27580,AT1G52220,AT1G58290,AT5G52570,AT2G35260,AT1G03870,AT2G40610,AT3G54900,AT2G26690,AT5G64170,AT3G56910,AT2G41250,AT3G59940,AT1G49500,AT4G30490,AT1G62390,AT5G25610,AT2G24100,AT4G16520,AT5G43150,AT1G56170,AT1G33140,AT5G42980,AT3G24830,AT1G67430,AT1G73870,AT3G11670,AT5G37340,AT5G35460,AT2G18700,AT2G39460,AT1G15550,AT5G65380,AT4G11570,AT2G29400,AT5G28060,AT2G15050,AT1G06570,AT4G36730,AT1G04250,AT3G23030,AT1G22750,AT2G17360,AT2G28800,AT5G11090,AT3G15770,AT5G16400,AT3G12740,AT5G23120,AT3G04730,AT1G72020,AT1G72820,AT5G59080,AT2G25900	AT3G24500,AT5G02500,AT3G47470,AT1G10960,AT5G15450,AT5G54940,AT4G35090,AT1G51400,AT3G53420,AT1G30380,AT4G33660,AT4G35100,AT5G47610,AT3G56940,AT3G04120,AT1G55530,AT3G26520,AT4G05180,AT5G02380,AT5G14740,AT1G08380,AT1G03600,AT1G74670,AT3G21055,AT2G45960,AT1G79040,AT4G21280,AT5G24930,AT3G16140,AT1G23740,AT3G26450,AT1G60950,AT4G34350,AT1G23310,AT4G00430,AT4G28750,AT3G63310,AT1G44446,AT3G08970,AT4G23670,AT3G51910,AT1G80440,AT3G61430,AT4G38740,AT5G43850,AT1G76100,AT5G57660,AT4G04640,AT4G33666,AT4G05320,AT3G48140,AT4G29330,AT4G34620,AT4G08950,AT5G57345,AT2G46830,AT4G38840,AT1G52220,AT2G35260,AT4G01050,AT1G03870,AT2G30520,AT5G44020,AT2G30950,AT1G62380,AT3G56910,AT2G20670,AT5G66880,AT3G47500,AT1G49500,AT1G29070,AT2G47440,AT5G61670,AT1G78080,AT2G29650,AT5G62020,AT2G24100,AT5G43150,AT1G56170,AT5G42980,AT4G13010,AT3G59060,AT1G03630,AT1G56580,AT5G35460,AT3G26510,AT2G18700,AT1G78040,AT5G65380,AT5G67420,AT3G59280,AT3G11700,AT3G60320,AT1G06570,AT4G36730,AT1G18460,AT3G23080,AT3G27090,AT1G69410,AT3G23030,AT2G18300,AT3G08740,AT2G28800,AT5G28770,AT5G11090,AT3G23920,AT5G45350,AT3G12740,AT1G70290,AT3G04730,AT1G72020,AT2G25900,AT5G63190
2	AT3G24520	AT-HSFC1	25	0	PWM3183	DAP-seq	HSFC1_col	27	0.0000027342894853588155	0.00018856080950955216	109	AT3G12580,AT3G24500,AT1G07350,AT5G56030,AT5G56010,AT3G13470,AT2G46240,AT3G44110,AT3G09440,AT2G26150,AT3G25230,AT1G10960,AT3G08940,AT5G09590,AT3G16050,AT2G28000,AT5G54940,AT1G62510,AT1G14980,AT5G20720,AT4G33660,AT2G46820,AT4G23570,AT4G35100,AT1G07890,AT1G55530,AT1G26800,AT4G25100,AT1G74670,AT2G45960,AT5G49910,ATCG00670,ATCG00720,AT4G02920,ATCG00630,AT5G22060,AT3G26450,AT1G65490,AT2G46220,AT2G38540,AT5G53400,AT3G17800,AT2G25140,AT4G15420,AT3G54500,AT1G29150,AT1G14200,AT3G51910,AT5G43850,AT5G57660,AT4G33666,AT4G29330,AT3G14200,AT1G66080,AT2G43630,AT1G21550,AT5G36910,AT2G46830,AT2G27580,AT5G52570,AT5G56600,AT4G01050,AT2G34480,AT2G43030,AT5G04410,AT5G16030,AT1G31335,AT5G60600,AT2G29650,AT5G62020,AT4G30490,AT5G51110,AT4G11660,AT1G56170,AT4G13010,AT4G32590,AT4G23680,AT5G62430,AT5G02490,AT5G35460,AT4G01850,AT3G57810,AT2G47710,AT1G29430,AT3G26510,AT1G75100,AT5G42220,AT3G59540,AT2G47610,AT2G21650,AT3G09630,AT3G59280,AT2G29400,AT1G21920,AT2G15050,AT1G04250,AT4G00860,AT1G32920,AT4G23850,AT2G26140,AT3G50560,AT5G53120,AT2G28800,AT1G69620,AT3G15770,AT4G17250,AT3G23920,AT1G72820,AT5G24800	
2	AT1G74840	At1g74840	0	0	PWM3307	DAP-seq	AT1G74840_col	28	0.0000027342894853588155	0.00018856080950955216	109	AT5G02500,AT3G08940,AT3G54890,AT3G07090,AT1G30380,AT1G14980,AT4G33660,AT1G67740,AT2G39730,AT1G61520,AT4G10340,AT1G64720,AT3G61470,AT4G05180,AT5G14740,AT1G26800,AT4G25100,AT3G01500,AT4G12800,AT1G18330,AT3G21055,AT1G79040,AT2G25080,ATCG01230,AT4G03280,AT2G30570,AT4G02770,AT5G65480,AT1G73480,AT5G35630,AT1G13080,AT4G33666,AT1G01100,AT4G05320,AT1G67865,AT4G34620,AT1G21500,AT1G58290,AT1G23390,AT1G18080,AT5G44020,AT3G54900,AT1G64510,AT5G14320,AT2G26690,AT5G64170,AT5G41520,AT1G35680,AT2G41250,AT3G59940,AT3G54210,AT1G31335,AT3G47500,AT1G49500,AT5G27850,AT3G02080,AT4G13940,AT2G26500,AT4G16520,AT1G77940,AT4G11660,AT1G56170,AT1G74970,AT1G22780,AT5G11170,AT4G15000,AT1G56580,AT5G37340,AT2G43560,AT4G01850,AT2G47710,AT1G75100,AT2G33450,AT2G39460,AT2G21320,AT1G60000,AT5G10360,AT2G36160,AT3G04920,AT5G44190,AT3G05590,AT1G21920,AT5G28060,AT4G36730,AT3G23080,AT3G02560,AT2G03890,AT2G26140,AT1G21460,AT3G08740,AT3G27160,AT3G50560,AT5G53120,AT2G28800,AT5G28770,AT1G65290,AT3G15770,AT4G17250,AT5G27770,AT3G23920,AT5G16400,AT5G23120,AT1G70290,AT1G72820,AT5G24800,AT3G22230,AT5G48760,AT2G25900,AT5G63190	
2	AT1G75080	BZR1	0	na	PWM2150	JASPAR	MA0550.1	29	0.000007888756373505322	0.0004877427647481049	107	AT5G02500,AT2G05070,AT1G67360,AT3G47470,AT1G10960,AT3G54890,AT5G09590,AT5G15450,AT3G16050,AT5G13630,AT5G54940,AT1G62510,AT1G15820,AT1G52230,AT2G39730,AT2G46820,AT3G56940,AT5G01530,AT4G05180,AT5G02380,AT5G14740,AT1G26800,AT1G06680,AT1G03600,AT4G22240,AT4G12800,AT3G21055,AT2G45960,AT1G55670,AT1G79040,AT4G21280,AT3G16140,AT1G60950,AT2G38540,AT2G30570,AT4G28750,AT4G15560,AT3G17800,AT1G73480,AT4G01150,AT1G44446,AT5G35630,AT5G48490,AT2G47400,AT3G09680,AT3G61430,AT4G38740,AT5G43850,AT1G13080,AT2G34620,AT4G05320,AT2G20260,AT1G67865,AT5G15200,AT5G57345,AT2G46830,AT1G52220,AT5G52570,AT5G56600,AT4G01050,AT2G40610,AT3G54900,AT5G64170,AT3G56910,AT2G41250,AT5G61670,AT4G13940,AT5G62020,AT4G30490,AT1G62390,AT2G24100,AT4G16520,AT5G43150,AT1G56170,AT3G24830,AT5G48485,AT3G59060,AT1G73870,AT5G37340,AT5G35460,AT3G23400,AT2G18700,AT2G39460,AT1G15550,AT5G65380,AT2G21320,AT4G11570,AT2G21650,AT3G09630,AT5G28060,AT1G06570,AT4G36730,AT1G04250,AT1G18460,AT1G05850,AT3G57870,AT2G17360,AT3G27160,AT2G28800,AT5G11090,AT5G16400,AT5G23120,AT3G04730,AT1G72820,AT5G59080,AT2G25900,AT5G07090	na
2	AT1G75080	BZR1	0	na	PWM1390	CisBP	M2213_1.01	33	0.000021758292246517284	0.0011822005453941057	105	AT5G02500,AT2G05070,AT1G67360,AT3G47470,AT1G10960,AT3G54890,AT5G09590,AT5G15450,AT3G16050,AT5G13630,AT5G54940,AT1G62510,AT1G15820,AT1G52230,AT2G39730,AT2G46820,AT3G56940,AT5G01530,AT4G05180,AT5G02380,AT5G14740,AT1G26800,AT1G06680,AT1G03600,AT4G22240,AT4G12800,AT3G21055,AT2G45960,AT1G55670,AT1G79040,AT4G21280,AT3G16140,AT1G60950,AT2G38540,AT2G30570,AT4G28750,AT4G15560,AT3G17800,AT1G73480,AT4G01150,AT1G44446,AT5G35630,AT5G48490,AT2G47400,AT3G09680,AT3G61430,AT4G38740,AT5G43850,AT1G13080,AT2G34620,AT4G05320,AT2G20260,AT1G67865,AT5G15200,AT5G57345,AT2G46830,AT1G52220,AT5G52570,AT5G56600,AT4G01050,AT2G40610,AT3G54900,AT5G64170,AT3G56910,AT2G41250,AT5G61670,AT4G13940,AT5G62020,AT4G30490,AT1G62390,AT2G24100,AT5G43150,AT1G56170,AT3G24830,AT3G59060,AT1G73870,AT5G37340,AT5G35460,AT3G23400,AT2G18700,AT2G39460,AT1G15550,AT5G65380,AT2G21320,AT4G11570,AT3G04920,AT2G21650,AT3G09630,AT5G28060,AT1G06570,AT4G36730,AT1G04250,AT1G18460,AT1G05850,AT3G57870,AT2G17360,AT2G28800,AT5G11090,AT5G16400,AT5G23120,AT3G04730,AT1G72820,AT5G59080,AT2G25900,AT5G07090	na
2	AT5G11260	HY5	10	0	PWM2151	JASPAR	MA0551.1	30	0.000007888756373505322	0.0004877427647481049	107	AT3G47470,AT1G10960,AT3G08940,AT3G54890,AT5G09590,AT5G15450,AT3G16050,AT5G54940,AT1G15820,AT1G52230,AT4G33660,AT2G39730,AT2G46820,AT4G35100,AT1G61520,AT3G56940,AT5G01530,AT1G07590,AT5G66570,AT3G61470,AT4G05180,AT5G02380,AT5G14740,AT1G06680,AT1G03600,AT3G21055,AT3G50820,AT2G45960,AT1G55670,AT1G79040,AT4G21280,AT5G24930,AT3G16140,AT1G60950,AT1G23310,AT2G38540,AT2G30570,AT4G28750,AT3G63310,AT3G17800,AT1G73480,AT4G01150,AT1G44446,AT5G35630,AT2G47400,AT3G09680,AT3G61430,AT4G38740,AT5G43850,AT2G34620,AT5G57660,AT4G05320,AT2G20260,AT1G67865,AT5G57345,AT2G46830,AT1G52220,AT5G52570,AT5G56600,AT1G54780,AT2G35260,AT4G01050,AT2G40610,AT3G54900,AT2G26690,AT5G64170,AT3G56910,AT2G41250,AT1G78080,AT4G13940,AT4G30490,AT1G62390,AT2G24100,AT4G16520,AT1G56170,AT3G24830,AT3G59060,AT1G73870,AT3G11670,AT5G35460,AT1G78850,AT2G18700,AT3G55770,AT2G39460,AT1G15550,AT5G65380,AT2G21320,AT4G11570,AT3G09630,AT5G28060,AT2G15050,AT4G36730,AT1G04250,AT1G18460,AT3G27090,AT1G69410,AT3G57870,AT3G08740,AT5G11090,AT3G23920,AT5G16400,AT5G23120,AT3G04730,AT1G72020,AT1G72820,AT5G59080,AT2G25900	
2	AT5G61270	PIF7	114	na	PWM2901	DAP-seq	PIF7_col	34	0.000021758292246517284	0.0011822005453941057	105	AT2G26150,AT1G10960,AT3G54890,AT5G09590,AT3G16050,AT5G54940,AT1G15820,AT1G52230,AT1G67740,AT2G39730,AT1G61520,AT3G56940,AT5G01530,AT5G66570,AT3G61470,AT4G05180,AT5G14740,AT1G06680,AT1G03600,AT4G22240,AT4G12800,AT3G21055,AT3G50820,AT5G58770,AT2G45960,AT1G55670,AT1G79040,AT4G21280,AT5G24930,AT3G16140,AT1G60950,AT4G02770,AT4G28750,AT3G17800,AT4G01150,AT1G44446,AT3G54500,AT2G47400,AT3G09680,AT3G61430,AT5G43850,AT2G34620,AT1G67865,AT5G15200,AT5G57345,AT4G38840,AT1G52220,AT5G52570,AT5G56600,AT1G54780,AT2G35260,AT4G01050,AT1G03870,AT2G40610,AT3G54900,AT5G14320,AT2G26690,AT5G64170,AT3G56910,AT2G41250,AT5G66880,AT5G19510,AT5G61670,AT3G53870,AT4G30490,AT1G62390,AT4G16520,AT5G43150,AT1G56170,AT3G24830,AT1G67430,AT1G73870,AT5G37340,AT5G35460,AT3G23400,AT2G18700,AT2G39460,AT5G65380,AT2G21320,AT4G11570,AT3G04920,AT3G09630,AT1G21920,AT5G28060,AT2G15050,AT1G06570,AT1G04250,AT1G18460,AT1G69410,AT3G23030,AT1G05850,AT2G26140,AT3G57870,AT2G17360,AT3G08740,AT2G28800,AT5G28770,AT5G11090,AT3G23920,AT5G16400,AT1G70290,AT1G72820,AT5G37360,AT5G59080,AT2G25900	na
2	AT3G62420	ATBZIP53	3	na	PWM2925	DAP-seq	BZIP53_col	35	0.000021758292246517284	0.0011822005453941057	105	AT3G24500,AT3G27690,AT1G67360,AT3G09440,AT2G34430,AT1G30380,AT4G33660,AT2G46820,AT3G04120,AT4G10340,AT5G64510,AT4G05180,AT1G06680,AT4G22240,AT4G12800,AT1G18330,AT5G64040,AT3G46780,AT3G50820,AT1G79040,AT3G16140,AT4G02920,ATCG00470,AT1G65490,AT4G34350,AT2G46220,AT2G06520,AT1G20340,AT4G00430,AT4G28750,AT4G15560,AT1G73480,AT5G35630,AT3G54500,AT4G36040,AT3G09680,AT3G51910,AT5G18380,AT5G19940,AT2G41100,AT5G54770,AT1G76100,AT2G20260,AT4G29330,AT1G67865,AT3G05730,AT4G08950,AT1G21500,ATCG00440,AT1G54780,AT5G65730,AT1G18080,AT4G01050,AT1G03870,AT2G40610,AT5G04410,AT2G20670,AT2G41250,AT3G59940,AT5G66880,AT1G04270,AT3G47500,AT3G04400,AT5G61670,AT4G16520,AT2G01850,AT5G51110,AT4G13010,AT3G59060,AT1G73870,AT5G18600,AT3G11670,AT5G62430,AT5G37340,AT5G02490,AT3G23400,AT2G43560,AT2G47710,AT1G78850,AT1G06430,AT2G18700,AT2G47610,AT5G44190,AT5G28060,AT1G06570,AT4G17870,AT3G23080,AT3G46040,AT1G32920,AT5G13120,AT1G22750,AT2G03890,AT3G03100,AT4G26970,AT5G53120,AT2G28800,AT5G28770,AT5G45820,AT3G23920,AT1G70290,AT1G72820,AT3G28900,AT2G25900,AT5G07090,AT5G63190	na
2	AT5G38800	AtbZIP43	15	na	PWM2916	DAP-seq	BZIP43_col	36	0.00003552570125382411	0.0017693772874474063	104	AT3G24500,AT3G27690,AT2G05070,AT1G67360,AT3G16050,AT1G62510,AT1G15820,AT1G30380,AT2G04030,AT2G46820,AT3G04120,AT5G66570,AT4G10340,AT5G64510,AT4G05180,AT1G06680,AT4G22240,AT3G01500,AT4G12800,AT1G18330,AT5G64040,AT3G46780,AT3G50820,AT5G58770,AT1G79040,AT3G16140,ATCG00470,AT2G46220,AT2G06520,AT1G20340,AT4G00430,AT4G15560,AT1G73480,AT1G44446,AT5G35630,AT3G54500,AT4G36040,AT3G09680,AT3G51910,AT5G19940,AT1G13080,AT2G41100,AT5G54770,AT1G76100,AT4G04640,AT2G20260,AT1G67865,ATCG00440,AT5G52570,AT1G23390,AT5G65730,AT1G18080,AT4G01050,AT1G03870,AT2G40610,AT5G04410,AT2G20670,AT2G41250,AT3G59940,AT5G66880,AT3G47500,AT3G04400,AT5G61670,AT5G25610,AT2G42590,AT2G01850,AT5G51110,AT4G13010,AT3G59060,AT5G18600,AT3G11670,AT5G62430,AT5G37340,AT3G23400,AT2G43560,AT2G47710,AT1G06430,AT2G18700,AT3G55770,AT2G47610,AT2G36160,AT5G67420,AT5G44190,AT5G28060,AT1G06570,AT4G17870,AT3G23080,AT3G46040,AT1G32920,AT1G22750,AT2G03890,AT3G03100,AT4G26970,AT2G41410,AT2G28800,AT5G28770,AT5G45820,AT3G23920,AT1G70290,AT1G72820,AT4G12980,AT2G25900,AT5G07090,AT5G63190	na
2	AT1G75390	AtbZIP44	1	0	PWM2917	DAP-seq	BZIP44_col	37	0.00003552570125382411	0.0017693772874474063	104	AT3G24500,AT3G27690,AT1G67360,AT3G09440,AT2G34430,AT1G30380,AT2G04030,AT4G33660,AT2G46820,AT3G04120,AT4G10340,AT5G64510,AT4G05180,AT1G06680,AT4G12800,AT1G18330,AT5G64040,AT3G46780,AT3G50820,AT1G55670,AT1G79040,AT3G16140,AT4G02920,ATCG00470,AT4G34350,AT2G46220,AT2G06520,AT1G20340,AT4G00430,AT4G15560,AT1G06040,AT1G73480,AT5G35630,AT3G54500,AT4G36040,AT3G09680,AT3G51910,AT5G18380,AT5G19940,AT2G41100,AT2G34620,AT5G54770,AT1G76100,AT4G04640,AT2G20260,AT4G29330,AT1G67865,ATCG00440,AT1G54780,AT5G65730,AT1G18080,AT4G01050,AT1G03870,AT2G30950,AT2G40610,AT5G04410,AT2G41250,AT3G59940,AT5G66880,AT1G04270,AT3G47500,AT3G04400,AT5G61670,AT4G30490,AT2G01850,AT5G51110,AT4G13010,AT3G59060,AT1G73870,AT5G18600,AT3G11670,AT5G62430,AT5G02490,AT3G23400,AT2G43560,AT2G47710,AT1G78850,AT1G06430,AT2G18700,AT5G67420,AT5G44190,AT3G59280,AT5G28060,AT1G06570,AT4G36730,AT1G18460,AT3G23080,AT3G46040,AT1G32920,AT5G13120,AT1G22750,AT2G03890,AT3G03100,AT4G26970,AT2G28800,AT5G28770,AT5G45820,AT1G70290,AT1G72820,AT5G37360,AT3G28900,AT2G25900,AT5G07090,AT5G63190	
2	AT4G34590	ATB2	0	0	PWM2934	DAP-seq	GBF6_col	38	0.00003552570125382411	0.0017693772874474063	104	AT3G24500,AT3G27690,AT1G67360,AT3G09440,AT2G34430,AT1G30380,AT4G33660,AT2G46820,AT3G04120,AT4G10340,AT5G64510,AT4G05180,AT1G06680,AT4G22240,AT4G12800,AT1G18330,AT5G64040,AT3G46780,AT3G50820,AT1G79040,AT3G16140,AT4G02920,ATCG00470,AT1G65490,AT4G34350,AT2G46220,AT2G06520,AT1G20340,AT4G00430,AT4G15560,AT1G73480,AT5G35630,AT3G54500,AT4G36040,AT3G09680,AT3G51910,AT5G18380,AT5G19940,AT2G41100,AT5G54770,AT1G76100,AT4G04640,AT2G20260,AT4G29330,AT1G67865,AT4G08950,AT1G21500,ATCG00440,AT1G54780,AT1G23390,AT5G65730,AT1G18080,AT4G01050,AT1G03870,AT2G40610,AT5G04410,AT2G20670,AT2G41250,AT3G59940,AT5G66880,AT1G04270,AT3G47500,AT3G04400,AT5G61670,AT4G16520,AT2G01850,AT5G51110,AT4G13010,AT3G59060,AT1G73870,AT5G18600,AT3G11670,AT5G62430,AT5G37340,AT5G02490,AT3G23400,AT2G43560,AT2G47710,AT1G78850,AT1G06430,AT2G18700,AT2G47610,AT5G44190,AT5G28060,AT1G06570,AT4G17870,AT3G23080,AT3G46040,AT1G32920,AT1G22750,AT2G03890,AT3G03100,AT4G26970,AT5G53120,AT2G28800,AT5G28770,AT5G45820,AT3G23920,AT1G70290,AT1G72820,AT3G28900,AT2G25900,AT5G07090,AT5G63190	
2	AT2G04038	AtbZIP48	4	na	PWM2919	DAP-seq	BZIP48_col	39	0.000057345845429068665	0.0026364384834441056	103	AT3G24500,AT3G27690,AT2G05070,AT1G67360,AT3G09440,AT3G47470,AT2G34430,AT1G15820,AT1G30380,AT2G04030,AT4G33660,AT2G46820,AT3G04120,AT5G66570,AT4G10340,AT5G64510,AT1G06680,AT4G12800,AT1G18330,AT5G64040,AT3G46780,AT3G50820,AT2G45960,AT1G79040,AT3G16140,AT4G02920,ATCG00470,AT4G34350,AT2G46220,AT2G06520,AT1G20340,AT4G00430,AT4G28750,AT4G15560,AT1G73480,AT5G35630,AT3G54500,AT4G36040,AT3G09680,AT3G51910,AT5G18380,AT5G19940,AT2G41100,AT5G54770,AT1G76100,AT4G04640,AT2G20260,AT1G67865,ATCG00440,AT1G54780,AT1G23390,AT5G65730,AT1G18080,AT4G01050,AT1G03870,AT2G40610,AT5G04410,AT2G41250,AT3G59940,AT5G66880,AT3G47500,AT3G04400,AT5G61670,AT5G47930,AT2G26500,AT2G01850,AT5G51110,AT4G13010,AT3G59060,AT1G73870,AT5G18600,AT3G11670,AT5G62430,AT5G02490,AT3G23400,AT2G43560,AT2G47710,AT1G78850,AT1G06430,AT2G18700,AT5G67420,AT5G44190,AT5G28060,AT1G06570,AT4G36730,AT4G17870,AT3G23080,AT3G46040,AT1G32920,AT5G13120,AT1G22750,AT2G03890,AT3G03100,AT4G26970,AT2G28800,AT5G28770,AT5G45820,AT1G70290,AT1G72820,AT3G28900,AT2G25900,AT5G07090,AT5G63190	na
2	AT4G00250	AT4G00250	1	0	PWM3125	DAP-seq	AT4G00250_col	40	0.000057345845429068665	0.0026364384834441056	103	AT5G02500,AT3G08940,AT3G07090,AT1G30380,AT1G14980,AT1G67740,AT1G61520,AT5G01530,AT1G64720,AT3G61470,AT4G05180,AT5G14740,AT1G26800,AT4G25100,AT3G01500,AT4G12800,AT1G18330,AT5G64040,AT3G21055,AT1G79040,AT2G25080,ATCG01230,AT4G34350,AT4G03280,AT2G46220,AT4G02770,AT4G28750,AT5G65480,AT5G35630,AT3G54500,AT4G36040,AT1G14200,AT4G25050,AT1G13080,AT2G22990,AT4G05320,AT1G67865,AT4G34620,AT4G08950,AT1G21500,AT1G72430,AT1G23390,AT1G18080,AT2G34480,AT5G44020,AT5G14320,AT5G64170,AT3G56910,AT5G41520,AT2G41250,AT3G59940,AT3G54210,AT5G27700,AT3G47500,AT1G49500,AT1G07320,AT5G27850,AT5G47930,AT3G02080,AT4G13940,AT2G26500,AT2G29650,AT1G74970,AT1G22780,AT5G28750,AT5G11170,AT3G15190,AT1G56580,AT5G62430,AT5G37340,AT2G43560,AT4G01850,AT3G48930,AT2G39460,AT1G76200,AT1G07770,AT2G21320,AT1G60000,AT5G10360,AT2G36160,AT3G04920,AT1G21920,AT5G28060,AT4G36730,AT3G23080,AT2G03890,AT1G21460,AT3G08740,AT3G27160,AT5G28770,AT1G65290,AT3G15770,AT4G17250,AT5G16400,AT5G23120,AT1G70290,AT1G72820,AT4G12980,AT3G22230,AT5G48760,AT2G25900,AT2G32090,AT5G63190	
2	AT3G19290	ABF4	22	202	PWM746	AGRIS		41	0.000057345845429068665	0.0026364384834441056	103	AT2G26150,AT1G10960,AT3G54890,AT5G09590,AT3G16050,AT5G54940,AT1G52230,AT4G33660,AT1G67740,AT1G61520,AT3G56940,AT5G01530,AT1G07590,AT5G66570,AT3G61470,AT4G05180,AT5G38430,AT5G14740,AT1G06680,AT4G22240,AT1G18330,AT3G21055,AT3G50820,AT5G58770,AT2G45960,AT1G55670,AT1G79040,AT2G25080,AT4G21280,AT3G16140,AT1G60950,AT4G03280,AT2G06520,AT2G38540,AT4G00430,AT4G28750,AT4G15560,AT3G17800,AT1G44446,AT3G54500,AT2G47400,AT3G08970,AT3G61430,AT5G43850,AT2G34620,AT5G54770,AT5G57660,AT2G20260,AT4G29330,AT1G67865,AT2G42220,AT5G57345,AT1G52220,AT5G52570,AT5G56600,AT1G54780,AT3G54900,AT2G26690,AT5G64170,AT3G56910,AT2G41250,AT5G66880,AT1G49500,AT3G53020,AT5G61670,AT4G13940,AT1G62390,AT4G16520,AT2G01850,AT5G51110,AT5G43150,AT3G24830,AT1G67430,AT3G59060,AT1G73870,AT3G11670,AT5G35460,AT4G19170,AT2G47710,AT1G78850,AT1G06430,AT2G18700,AT2G39460,AT5G65380,AT4G11570,AT5G28060,AT2G15050,AT5G13120,AT2G03890,AT2G26140,AT3G57870,AT3G08740,AT3G27160,AT4G26970,AT5G28770,AT5G11090,AT5G45820,AT5G16400,AT2G32880,AT1G72020,AT5G59080,AT3G28900,AT2G32090	AT3G24500,AT5G56030,AT5G02500,AT2G47730,AT3G27690,AT2G05070,AT2G26150,AT3G47470,AT1G10960,AT3G08940,AT2G20560,AT3G09350,AT3G54890,AT3G07090,AT5G09590,AT5G15450,AT3G16050,AT5G13630,AT4G35090,AT1G51400,AT3G53420,AT1G30380,AT2G29450,AT3G16240,AT4G33660,AT2G39730,AT2G46820,AT4G35100,AT1G61520,AT3G56940,AT5G01530,AT1G76080,AT3G04120,AT3G61470,AT4G05180,AT5G02380,AT5G14740,AT1G26800,AT1G31330,AT1G06680,AT1G08380,AT1G03600,AT4G12800,AT1G18330,AT1G74670,AT3G46780,AT3G21055,AT3G50820,AT5G15350,AT5G58770,AT2G45960,AT5G49910,AT1G79040,AT2G25080,AT4G21280,AT5G24930,AT3G16140,AT1G23740,AT1G60950,AT4G34350,AT1G23310,AT2G45180,AT2G06520,AT1G20340,AT2G30570,AT4G00430,AT4G28750,AT4G15560,AT3G63310,AT1G06040,AT4G01150,AT1G44446,AT5G35630,AT3G54500,AT4G36040,AT1G14200,AT2G47400,AT3G08970,AT3G51910,AT1G80440,AT4G38740,AT5G43850,AT5G19940,AT1G13080,AT2G34620,AT5G54770,AT1G76100,AT5G19120,AT5G57660,AT4G04640,AT4G33666,AT2G22990,AT4G05320,AT3G48140,AT2G20260,AT4G29330,AT4G34620,AT4G08950,AT2G42220,AT5G57345,AT3G58610,AT4G38840,AT1G52220,AT5G56600,AT1G54780,AT3G62870,AT1G23390,AT2G35260,AT4G01050,AT1G03870,AT2G30520,AT5G44020,AT2G30950,AT2G40610,AT5G04410,AT2G20670,AT2G41250,AT5G66880,AT5G16030,AT3G47500,AT1G49500,AT1G07320,AT1G29070,AT2G47440,AT5G61670,AT1G78080,AT4G13940,AT2G29650,AT5G62020,AT1G62390,AT5G25610,AT2G42590,AT2G24100,AT4G16520,AT2G01850,AT5G51110,AT3G51840,AT1G74970,AT5G42980,AT4G13010,AT3G59060,AT1G73870,AT3G11670,AT4G34670,AT1G03630,AT1G56580,AT5G62430,AT5G35460,AT2G44130,AT4G01850,AT1G26630,AT3G57810,AT2G47710,AT1G78850,AT1G06430,AT2G18700,AT1G75100,AT5G61510,AT1G78040,AT5G65380,AT4G11570,AT5G67420,AT1G31812,AT3G59280,AT1G21920,AT3G11700,AT1G06570,AT4G36730,AT1G04250,AT1G04250,AT1G18460,AT3G23080,AT3G27090,AT1G14280,AT1G69410,AT3G23030,AT1G22750,AT2G03890,AT3G57870,AT3G08740,AT5G02450,AT3G50560,AT2G28800,AT5G28770,AT5G51740,AT5G11090,AT3G15770,AT5G62390,AT3G23920,AT5G45350,AT3G12740,AT5G23120,AT1G27950,AT3G04730,AT1G42550,AT1G72820,AT5G37360,AT5G59080,AT2G25900,AT2G32090,AT5G18040,AT5G63190
2	AT4G14410	bHLH104	0	0	PWM2877	DAP-seq	BHLH104_col	43	0.00009151223524832877	0.003815847390703569	102	AT2G05070,AT1G30070,AT2G26150,AT1G10960,AT3G54890,AT5G09590,AT5G15450,AT3G16050,AT5G54940,AT1G52230,AT2G46820,AT4G35100,AT1G61520,AT3G56940,AT5G01530,AT3G04120,AT5G66570,AT3G61470,AT4G05180,AT5G14740,AT1G06680,AT1G03600,AT1G74670,AT3G46780,AT3G21055,AT3G50820,AT5G58770,AT2G45960,AT4G21280,AT3G16140,AT1G23740,AT1G60950,AT4G03280,AT2G38540,AT5G53400,AT4G28750,AT3G17800,AT1G73480,AT4G01150,AT1G44446,AT5G35630,AT3G09680,AT4G25050,AT5G43850,AT2G34620,AT5G57660,AT3G48140,AT2G20260,AT2G46830,AT1G52220,AT5G52570,AT5G56600,AT4G01050,AT1G03870,AT3G54900,AT5G14320,AT2G26690,AT5G64170,AT3G56910,AT2G41250,AT5G19510,AT5G61670,AT1G09690,AT5G62020,AT4G30490,AT1G62390,AT4G16520,AT5G43150,AT1G56170,AT3G24830,AT1G73870,AT5G35460,AT3G23400,AT3G26510,AT2G18700,AT3G55770,AT2G39460,AT1G15550,AT5G65380,AT2G21320,AT2G47610,AT3G04920,AT3G09630,AT1G21920,AT5G28060,AT3G60320,AT4G36730,AT3G27090,AT1G69410,AT5G13120,AT2G26140,AT2G41410,AT2G28800,AT5G28770,AT5G11090,AT3G15770,AT3G23920,AT5G16400,AT5G23120,AT1G72820,AT5G59080,AT2G25900	
2	AT5G62020	AT-HSFB2A	33	0	PWM3171	DAP-seq	HSF6_col	44	0.00009151223524832877	0.003815847390703569	102	AT3G24500,AT1G07350,AT5G56030,AT5G56010,AT2G46240,AT3G09440,AT2G26150,AT3G47470,AT3G25230,AT1G10960,AT3G08940,AT2G20560,AT3G09350,AT5G09590,AT3G16050,AT2G28000,AT5G13630,AT1G14980,AT4G33660,AT4G35100,AT1G76080,AT3G04120,AT1G55530,AT5G38430,AT4G09150,AT5G14740,AT1G31330,AT1G74670,AT2G45960,AT5G49910,ATCG00720,AT4G02920,AT3G26450,AT5G53400,AT2G25140,AT5G48490,AT1G29150,AT3G51910,AT2G41100,AT5G57660,AT4G33666,AT2G22990,AT4G29330,AT4G34620,AT3G14200,AT1G66080,AT2G43630,AT1G21550,AT2G41840,AT2G27580,AT4G09010,AT2G44120,AT5G52570,AT5G56600,AT4G01050,AT3G56340,AT5G64170,AT5G04410,AT5G41520,AT3G54210,AT5G16030,AT1G31335,AT4G11150,AT3G04400,AT5G60600,AT5G62020,AT4G30490,AT5G51110,AT4G11660,AT1G56170,AT3G59060,AT4G14320,AT5G47700,AT5G28750,AT4G32590,AT5G46430,AT5G62430,AT5G37340,AT5G02490,AT5G35460,AT2G43560,AT4G01850,AT3G57810,AT2G47710,AT5G61510,AT2G21650,AT3G09630,AT2G29400,AT3G11700,AT1G04250,AT4G17870,AT5G56670,AT1G32920,AT2G26140,AT4G26970,AT3G50560,AT3G15770,AT4G17250,AT5G27770,AT3G23920,AT5G59080,AT5G07090	
2	AT5G47390	At5g47390	7	na	PWM3324	DAP-seq	AT5G47390_col	45	0.00009151223524832877	0.003815847390703569	102	AT3G13470,AT5G02500,AT3G08940,AT3G07090,AT1G30380,AT4G33660,AT1G67740,AT5G01530,AT1G55530,AT1G64720,AT3G61470,AT4G05180,AT5G14740,AT1G26800,AT4G25100,AT4G12800,AT1G18330,AT5G64040,ATCG00300,AT3G21055,AT1G79040,AT2G25080,ATCG01230,AT1G65490,AT4G34350,AT4G03280,AT4G02770,AT5G35630,AT1G14200,AT3G51910,AT5G43850,AT5G17310,AT2G34620,AT4G33666,AT2G22990,AT1G67865,AT4G34620,AT4G08950,AT1G58290,AT1G23390,AT1G18080,AT2G43030,AT5G14320,AT2G26690,AT5G64170,AT3G56910,AT5G41520,AT1G35680,AT2G41250,AT3G59940,AT3G54210,AT5G27700,AT3G47500,AT1G49500,AT5G27850,AT5G47930,AT3G02080,AT4G13940,AT4G16520,AT1G22780,AT5G28750,AT5G11170,AT2G19730,AT4G15000,AT1G56580,AT5G37340,AT2G43560,AT4G01850,AT2G47710,AT3G62460,AT2G33450,AT2G39460,AT2G21320,AT1G60000,AT5G10360,AT2G36160,AT4G11570,AT3G04920,AT3G05590,AT1G21920,AT4G36730,AT3G23080,AT3G23030,AT2G03890,AT2G26140,AT1G21460,AT3G08740,AT3G27160,AT3G50560,AT5G53120,AT2G28800,AT5G28770,AT1G65290,AT3G15770,AT5G16400,AT5G23120,AT1G70290,AT1G72820,AT4G12980,AT5G48760,AT2G25900,AT2G32090	na
2	AT2G43010	AtPIF4	8	79	PWM818	CisBP	M2224_1.01	46	0.00009151223524832877	0.003815847390703569	102	AT5G02500,AT2G26150,AT1G10960,AT3G54890,AT5G09590,AT3G16050,AT5G54940,AT1G15820,AT1G52230,AT1G67740,AT2G39730,AT1G61520,AT3G56940,AT5G01530,AT5G66570,AT3G61470,AT4G05180,AT5G38430,AT5G02380,AT5G14740,AT1G06680,AT1G03600,AT4G22240,AT4G12800,AT1G74670,AT3G21055,AT3G50820,AT5G58770,AT2G45960,AT1G55670,AT1G79040,AT4G21280,AT5G24930,AT3G16140,AT1G60950,AT2G46220,AT2G38540,AT2G30570,AT4G28750,AT3G17800,AT1G73480,AT1G44446,AT3G54500,AT2G47400,AT3G61430,AT4G38740,AT5G43850,AT1G13080,AT2G34620,AT5G19120,AT2G20260,AT1G67865,AT5G57345,AT4G38840,AT1G52220,AT5G52570,AT5G56600,AT2G35260,AT3G54900,AT2G26690,AT5G64170,AT3G56910,AT2G41250,AT5G66880,AT5G19510,AT5G61670,AT4G13940,AT1G62390,AT5G25610,AT2G24100,AT4G16520,AT3G24830,AT3G59060,AT1G73870,AT5G35460,AT2G18700,AT2G39460,AT1G15550,AT5G65380,AT2G21320,AT4G11570,AT3G04920,AT1G21920,AT5G28060,AT4G36730,AT1G04250,AT1G69410,AT3G23030,AT5G12050,AT2G26140,AT3G57870,AT3G08740,AT4G26970,AT5G11090,AT3G23920,AT5G16400,AT3G12740,AT3G04730,AT1G72020,AT1G72820,AT5G59080,AT2G25900	AT5G56030,AT3G27690,AT1G10960,AT3G08940,AT3G16050,AT3G53420,AT1G03130,AT3G16240,AT4G35100,AT1G07590,AT3G26520,AT3G61470,AT4G05180,AT4G09150,AT1G06680,AT4G25100,AT1G03600,AT1G74670,AT5G15350,AT2G45960,AT5G24930,AT1G20340,AT5G53400,AT3G54500,AT4G36040,AT3G61430,AT4G38740,AT5G19940,AT1G76100,AT5G19120,AT5G57660,AT2G22990,AT1G01100,AT4G29330,AT4G08950,AT5G52570,AT1G72430,AT2G46600,AT1G03870,AT2G30520,AT5G44020,AT1G62380,AT2G40610,AT3G59940,AT5G66880,AT5G16030,AT1G49500,AT2G47440,AT5G61670,AT4G30490,AT4G16520,AT3G24830,AT5G18600,AT3G11670,AT4G19170,AT3G57810,AT1G29430,AT3G22840,AT2G18700,AT1G78040,AT5G65380,AT3G04920,AT2G21650,AT1G31812,AT3G11700,AT1G18460,AT1G14280,AT1G69410,AT3G23030,AT2G03890,AT3G57870,AT5G11090,AT3G15770,AT4G22490,AT3G23920,AT5G45350,AT3G57610,AT3G04730,AT2G25900
2	AT2G43010	AtPIF4	8	79	PWM2161	JASPAR	MA0561.1	57	0.0005285753747313045	0.016626941173565418	98	AT5G02500,AT2G26150,AT3G47470,AT1G10960,AT3G54890,AT5G09590,AT3G16050,AT5G54940,AT1G15820,AT1G52230,AT1G67740,AT1G61520,AT3G56940,AT5G01530,AT5G66570,AT3G61470,AT4G05180,AT5G38430,AT5G02380,AT5G14740,AT1G06680,AT1G03600,AT4G22240,AT4G12800,AT1G74670,AT3G21055,AT3G50820,AT5G58770,AT2G45960,AT1G55670,AT1G79040,AT4G21280,AT5G24930,AT3G16140,AT1G60950,AT2G46220,AT2G38540,AT2G30570,AT4G28750,AT3G17800,AT1G73480,AT1G44446,AT3G54500,AT2G47400,AT3G61430,AT5G43850,AT1G13080,AT2G34620,AT5G19120,AT1G67865,AT5G57345,AT4G38840,AT1G52220,AT5G52570,AT5G56600,AT2G35260,AT3G54900,AT2G26690,AT5G64170,AT3G56910,AT2G41250,AT5G19510,AT5G61670,AT4G13940,AT1G62390,AT5G25610,AT2G24100,AT4G16520,AT3G59060,AT1G73870,AT5G35460,AT2G18700,AT2G39460,AT1G15550,AT5G65380,AT2G21320,AT4G11570,AT3G04920,AT1G21920,AT5G28060,AT4G36730,AT1G04250,AT1G69410,AT3G23030,AT5G12050,AT2G26140,AT3G57870,AT3G08740,AT4G26970,AT2G28800,AT5G11090,AT3G23920,AT5G16400,AT3G12740,AT3G04730,AT1G72820,AT5G59080,AT2G25900	AT5G56030,AT3G27690,AT1G10960,AT3G08940,AT3G16050,AT3G53420,AT1G03130,AT3G16240,AT4G35100,AT1G07590,AT3G26520,AT3G61470,AT4G05180,AT4G09150,AT1G06680,AT4G25100,AT1G03600,AT1G74670,AT5G15350,AT2G45960,AT5G24930,AT1G20340,AT5G53400,AT3G54500,AT4G36040,AT3G61430,AT4G38740,AT5G19940,AT1G76100,AT5G19120,AT5G57660,AT2G22990,AT1G01100,AT4G29330,AT4G08950,AT5G52570,AT1G72430,AT2G46600,AT1G03870,AT2G30520,AT5G44020,AT1G62380,AT2G40610,AT3G59940,AT5G66880,AT5G16030,AT1G49500,AT2G47440,AT5G61670,AT4G30490,AT4G16520,AT3G24830,AT5G18600,AT3G11670,AT4G19170,AT3G57810,AT1G29430,AT3G22840,AT2G18700,AT1G78040,AT5G65380,AT3G04920,AT2G21650,AT1G31812,AT3G11700,AT1G18460,AT1G14280,AT1G69410,AT3G23030,AT2G03890,AT3G57870,AT5G11090,AT3G15770,AT4G22490,AT3G23920,AT5G45350,AT3G57610,AT3G04730,AT2G25900
2	AT3G23210	bHLH34	1	0	PWM2887	DAP-seq	BHLH34_col	49	0.00022510984656398672	0.00858770116785592	100	AT2G05070,AT2G26150,AT1G10960,AT3G54890,AT5G09590,AT5G15450,AT3G16050,AT5G54940,AT1G52230,AT1G67740,AT2G46820,AT3G56940,AT5G01530,AT1G07590,AT5G66570,AT3G61470,AT4G05180,AT5G02380,AT1G06680,AT1G03600,AT1G18330,AT3G21055,AT3G50820,AT5G58770,AT2G45960,AT1G79040,AT4G21280,AT5G24930,AT3G16140,AT1G60950,AT4G03280,AT1G23310,AT2G46220,AT4G28750,AT1G73480,AT4G01150,AT1G44446,AT5G35630,AT3G17611,AT5G43850,AT2G34620,AT5G15200,AT5G57345,AT2G46830,AT5G35530,AT1G52220,AT5G56600,AT4G01050,AT1G03870,AT3G54900,AT2G26690,AT5G64170,AT3G56910,AT1G04480,AT5G61670,AT1G78080,AT5G62020,AT4G30490,AT1G62390,AT4G16520,AT5G43150,AT1G56170,AT3G24830,AT3G59060,AT1G73870,AT3G11670,AT5G37340,AT5G35460,AT3G23400,AT2G18700,AT2G39460,AT1G15550,AT5G65380,AT1G07770,AT2G21320,AT4G11570,AT3G04920,AT3G09630,AT2G29400,AT1G21920,AT5G28060,AT1G06570,AT4G36730,AT1G04250,AT1G18460,AT3G27090,AT1G69410,AT5G12050,AT2G26140,AT2G17360,AT5G53120,AT5G11090,AT3G15770,AT3G23920,AT5G16400,AT5G23120,AT3G04730,AT1G72820,AT5G59080,AT2G25900	
2	AT3G30530	ATBZIP42	0	na	PWM2914	DAP-seq	BZIP42_col	50	0.00022510984656398672	0.00858770116785592	100	AT3G24500,AT3G27690,AT2G05070,AT3G09440,AT1G30380,AT2G04030,AT2G46820,AT3G04120,AT5G66570,AT4G10340,AT5G64510,AT1G31330,AT1G06680,AT4G12800,AT1G18330,AT5G64040,AT3G26650,AT3G46780,AT3G50820,AT5G15350,AT3G16140,ATCG00470,AT1G65490,AT4G34350,AT2G46220,AT2G06520,AT4G00430,AT4G28750,AT4G15560,AT5G65480,AT1G73480,AT5G35630,AT3G54500,AT4G36040,AT3G09680,AT3G51910,AT5G18380,AT5G19940,AT1G13080,AT2G41100,AT5G54770,AT1G76100,AT4G04640,AT2G20260,AT1G67865,ATCG00440,AT1G23390,AT5G65730,AT1G18080,AT4G01050,AT1G03870,AT2G40610,AT5G04410,AT2G20670,AT2G41250,AT5G66880,AT3G47500,AT1G49500,AT3G04400,AT5G61670,AT2G26500,AT4G30490,AT2G42590,AT2G01850,AT5G51110,AT3G51840,AT4G13010,AT3G59060,AT1G73870,AT5G18600,AT3G11670,AT5G62430,AT3G23400,AT2G43560,AT2G47710,AT1G78850,AT1G06430,AT2G18700,AT2G36160,AT5G67420,AT5G44190,AT5G28060,AT1G06570,AT4G17870,AT3G23080,AT3G46040,AT1G32920,AT5G13120,AT1G22750,AT2G03890,AT3G03100,AT4G26970,AT2G28800,AT5G28770,AT5G45820,AT1G70290,AT1G72820,AT2G25900,AT5G07090,AT5G63190	na
2	AT4G36730	AtGBF1	33	1	PWM1292	CisBP	M0264_1.01	52	0.00034696617902143725	0.012198242333047784	99	AT3G27690,AT2G05070,AT1G10960,AT3G54890,AT5G09590,AT2G34430,AT1G15820,AT1G52230,AT4G33660,AT2G39730,AT1G61520,AT3G56940,AT5G66570,AT4G05180,AT5G38430,AT5G02380,AT1G06680,AT1G03600,AT4G22240,AT1G18330,AT3G46780,AT3G21055,AT3G50820,AT5G58770,AT1G79040,AT4G21280,AT5G24930,AT3G16140,AT1G65490,AT1G60950,AT2G46220,AT1G20340,AT4G28750,AT4G15560,AT3G17800,AT1G73480,AT1G44446,AT5G35630,AT3G54500,AT2G47400,AT3G51910,AT3G61430,AT2G34620,AT5G54770,AT1G76100,AT2G20260,AT4G29330,AT1G67865,AT5G15200,AT5G57345,AT1G52220,AT5G52570,AT1G54780,AT2G35260,AT4G01050,AT1G03870,AT2G40610,AT3G54900,AT2G26690,AT5G64170,AT2G41250,AT5G66880,AT3G47500,AT1G62390,AT4G16520,AT2G01850,AT5G51110,AT1G56170,AT3G24830,AT1G67430,AT4G13010,AT1G73870,AT5G18600,AT3G11670,AT5G35460,AT2G47710,AT2G18700,AT2G39460,AT1G15550,AT4G05050,AT5G65380,AT2G47610,AT4G11570,AT5G28060,AT4G36730,AT1G18460,AT1G69410,AT2G03890,AT2G26140,AT3G57870,AT2G41410,AT2G28800,AT5G28770,AT5G45820,AT5G23120,AT1G72020,AT2G25900,AT5G07090,AT5G63190	AT4G36730
2	AT1G35560	AtTCP23	13	0	PWM2662	JASPAR	MA1066.1	54	0.00034696617902143725	0.012198242333047784	99	AT5G56030,AT1G10960,AT5G15450,AT3G16050,AT5G54940,AT1G30380,AT3G16240,AT2G39730,AT2G46820,AT1G07890,AT5G02380,AT1G26800,ATCG00480,AT4G25100,AT3G46780,AT2G45960,AT1G79040,AT3G15353,AT1G60950,AT4G03280,AT5G53400,AT4G28750,ATCG00540,AT1G06040,AT5G35630,AT3G17611,AT4G36040,AT1G29150,ATCG00550,AT2G47400,AT4G23670,AT3G51910,AT4G25050,AT3G61430,AT4G38740,AT5G19940,AT5G17310,AT1G13080,AT1G01100,AT4G05320,AT1G67865,AT4G34620,AT2G46830,AT1G03870,AT3G49910,AT2G20670,AT2G41250,AT1G04270,AT3G53020,AT4G23400,AT1G04480,AT5G27850,AT3G02080,AT4G13940,AT3G53870,AT5G62020,AT1G62390,AT2G24100,AT5G61170,AT4G16520,AT2G01850,AT5G51110,AT3G24830,AT3G25520,AT4G13010,AT5G18600,AT4G32590,AT3G07110,AT4G01850,AT3G57810,AT1G18020,AT1G78850,AT1G15550,AT2G47610,AT5G10360,AT2G36160,AT5G23740,AT5G44190,AT4G29070,AT3G09630,AT4G36730,AT2G43460,AT4G00860,AT5G56670,AT1G69410,AT1G05850,AT2G47380,AT3G02560,AT3G57870,AT5G02450,AT3G50560,AT5G53120,AT5G28770,AT2G46790,AT1G27950,AT3G04730,AT4G12980,AT2G32090,AT1G22840	
2	AT4G18880	AT-HSFA4A	3	0	PWM3169	DAP-seq	HSF21_col	55	0.00034696617902143725	0.012198242333047784	99	AT3G12580,AT1G07350,AT5G56030,AT5G56010,AT3G13470,AT3G09440,AT2G26150,AT3G25230,AT3G08940,AT2G20560,AT3G07090,AT5G09590,AT3G16050,AT2G28000,AT1G62510,AT1G14980,AT5G20720,AT2G04030,AT2G29450,AT4G23570,AT1G76080,AT1G55530,AT4G09150,AT5G02380,AT5G14740,AT1G26800,AT1G31330,AT3G01500,ATCG00220,AT1G18330,AT1G74670,AT5G49910,AT2G25080,ATCG00720,AT4G02920,AT5G22060,AT5G53400,AT4G02770,AT4G15560,AT5G65480,AT2G25140,AT4G15420,AT5G35630,AT4G36040,AT5G26000,AT1G62740,AT1G14200,AT3G08970,AT3G51910,AT5G17310,AT2G34620,AT1G66080,AT1G21550,AT5G36910,AT2G27580,AT2G44120,AT5G56600,AT4G17390,AT5G04410,AT3G59940,AT1G31335,AT3G53020,AT4G11150,AT3G04400,AT5G62020,AT2G24100,AT5G51110,AT4G11660,AT1G56170,AT5G47700,AT5G28750,AT4G32590,AT5G46430,AT4G34670,AT5G62430,AT5G37340,AT5G02490,AT5G35460,AT3G23400,AT2G43560,AT3G26510,AT1G15550,AT5G65380,AT2G47610,AT4G11570,AT2G21650,AT3G09630,AT4G15930,AT2G29400,AT4G17870,AT1G32920,AT2G03890,AT2G26140,AT3G03100,AT3G50560,AT1G69620,AT4G12980,AT2G25900,AT5G06280	
2	AT5G08520	At5g08520	1	0	PWM3322	DAP-seq	AT5G08520_col	56	0.00034696617902143725	0.012198242333047784	99	AT5G02500,AT3G08940,AT1G30380,AT1G52230,AT1G61520,AT5G01530,AT1G64720,AT3G61470,AT4G05180,AT5G38430,AT4G09150,AT5G14740,AT4G25100,AT1G03600,AT3G01500,AT4G12800,AT5G64040,AT3G26650,AT3G21055,AT1G79040,AT2G25080,AT1G23740,ATCG01230,AT3G11630,AT1G20340,AT4G02770,AT5G65480,AT5G35630,AT3G54500,AT1G14200,AT1G79850,AT5G17310,AT1G76100,AT2G22990,AT1G67865,AT4G34620,AT2G04520,AT4G08950,AT1G21500,AT4G09010,AT4G38840,AT1G52220,AT1G23390,AT3G27850,AT5G44020,AT2G43030,AT1G64510,AT5G14320,AT5G64170,AT5G41520,AT2G41250,AT3G59940,AT3G54210,AT5G16030,AT1G49500,AT1G04480,AT1G29070,AT5G27850,AT2G47440,AT2G26500,AT1G64860,AT5G62020,AT4G30490,AT3G51840,AT3G59060,AT5G37340,AT5G02490,AT1G08360,AT3G62460,AT3G48930,AT2G39460,AT1G15550,AT2G21320,AT1G60000,AT3G05590,AT4G15930,AT1G21920,AT4G36730,AT4G17870,AT3G23080,AT1G14280,AT3G23030,AT2G03890,AT1G21460,AT3G08740,AT3G27160,AT2G41410,AT3G15770,AT4G17250,AT3G23920,AT5G23120,AT1G70290,AT1G72820,AT4G12980,AT5G24800,AT5G59080,AT5G48760,AT2G25900,AT5G63190	
2	AT1G19000	At1g19000	9	0	PWM3301	DAP-seq	AT1G19000_col	59	0.0005285753747313045	0.016626941173565418	98	AT5G02500,AT3G08940,AT3G07090,AT1G30380,AT1G14980,AT4G23570,AT1G61520,AT1G55530,AT1G64720,AT3G61470,AT4G05180,AT5G14740,AT1G26800,AT4G25100,AT3G01500,AT4G12800,AT5G64040,AT3G21055,AT1G79040,AT2G25080,AT4G03280,AT4G02770,AT4G28750,AT5G65480,AT5G35630,AT3G54500,AT4G36040,AT1G14200,AT4G25050,AT1G13080,AT2G22990,AT1G67865,AT4G34620,AT4G08950,AT1G21500,AT1G58290,AT1G72430,AT1G23390,AT1G18080,AT2G34480,AT5G44020,AT5G14320,AT2G26690,AT5G64170,AT3G56910,AT5G41520,AT2G20670,AT2G41250,AT3G59940,AT3G54210,AT3G47500,AT1G49500,AT5G27850,AT3G02080,AT4G13940,AT2G26500,AT2G29650,AT1G77940,AT4G11660,AT1G74970,AT1G22780,AT3G15190,AT1G56580,AT5G62430,AT4G01850,AT3G62460,AT2G33450,AT2G39460,AT1G07770,AT2G21320,AT5G10360,AT2G36160,AT1G21920,AT4G36730,AT3G23080,AT3G23030,AT2G03890,AT2G26140,AT1G21460,AT3G08740,AT3G27160,AT2G28800,AT5G28770,AT1G65290,AT3G15770,AT4G17250,AT3G23920,AT5G16400,AT5G23120,AT1G70290,AT3G04730,AT1G72820,AT5G24800,AT3G22230,AT5G48760,AT2G25900,AT2G32090,AT5G63190	
2	AT1G72740	AT1G72740	0	na	PWM3305	DAP-seq	AT1G72740_col	60	0.0005285753747313045	0.016626941173565418	98	AT5G56010,AT3G13470,AT5G02500,AT5G09590,AT5G54940,AT1G62510,AT2G04030,AT2G39730,AT4G35100,AT5G66570,AT5G02380,AT2G45960,AT5G24930,AT4G34350,AT5G53400,AT5G20290,AT1G52300,AT3G49010,AT5G54770,AT4G04640,AT3G60245,AT1G66080,AT2G43630,AT1G43170,AT3G53430,AT1G15930,AT1G23290,AT2G41840,AT5G35530,AT1G72370,AT2G44120,AT1G72430,AT5G56600,AT1G18080,AT2G30520,AT2G34480,AT5G44020,AT3G52590,AT4G17390,AT5G41520,AT1G35680,AT5G66880,AT2G47110,AT1G04270,AT4G16720,AT3G53020,AT2G27710,AT1G41880,AT5G19510,AT3G53740,AT5G27850,AT3G09200,AT3G02080,AT3G05560,AT1G09690,AT1G62390,AT5G02810,AT2G31570,AT3G51840,AT1G33140,AT3G24830,AT4G00100,AT4G14320,AT5G11170,AT3G11940,AT3G60770,AT3G07110,AT4G23680,AT4G34670,AT2G37190,AT5G39740,AT3G48930,AT2G33370,AT4G32470,AT1G66580,AT5G42220,AT2G39460,AT1G76200,AT1G60000,AT2G36160,AT4G11570,AT3G09630,AT5G28060,AT1G34030,AT5G11770,AT3G27090,AT3G46040,AT5G56670,AT5G58420,AT2G18300,AT3G57870,AT2G17360,AT5G02450,AT2G43750,AT5G23120,AT3G22230,AT5G48760,AT2G16070	na
2	AT5G67580	ATTBP3	0	na	PWM3342	DAP-seq	TBP3_col	61	0.0005285753747313045	0.016626941173565418	98	AT3G13470,AT5G02500,AT1G62510,AT2G04030,AT1G52230,AT4G35100,AT3G26520,AT5G02380,AT2G45960,AT5G24930,AT4G34350,AT1G73480,AT4G36040,AT1G52300,AT3G49010,AT5G18380,AT5G54770,AT4G04640,AT3G48140,AT3G60245,AT1G66080,AT2G43630,AT5G15200,AT3G53430,AT1G15930,AT1G23290,AT2G41840,AT1G72370,AT1G52220,AT2G44120,AT5G56600,AT1G18080,AT2G30520,AT2G34480,AT5G44020,AT3G52590,AT4G17390,AT5G41520,AT3G18740,AT5G66880,AT5G52470,AT4G16720,AT2G27710,AT1G41880,AT5G19510,AT5G27850,AT5G61670,AT3G09200,AT3G02080,AT3G05560,AT1G09690,AT1G62390,AT5G02810,AT1G33140,AT5G42980,AT5G16130,AT3G24830,AT4G00100,AT3G25520,AT5G28750,AT3G11940,AT3G60770,AT5G46430,AT4G34670,AT2G37190,AT5G39740,AT1G08360,AT2G47710,AT5G47030,AT3G48930,AT2G33370,AT2G18700,AT4G32470,AT1G66580,AT5G42220,AT5G61510,AT3G09500,AT2G39460,AT1G60000,AT2G36620,AT2G36160,AT3G09630,AT3G05590,AT5G28060,AT1G34030,AT2G43460,AT5G58420,AT3G02560,AT4G23850,AT3G57870,AT2G17360,AT3G08740,AT5G02450,AT2G43750,AT5G27770,AT5G45350,AT3G22230,AT2G16070	na
2	AT5G56840	AT5G56840	0	na	PWM3328	DAP-seq	AT5G56840_col	62	0.0007958522314294211	0.023015533079886324	97	AT5G02500,AT3G08940,AT3G07090,AT5G10695,AT1G30380,AT1G14980,AT1G52230,AT5G01530,AT4G10340,AT1G55530,AT1G64720,AT3G61470,AT4G05180,AT4G09150,AT5G14740,AT1G26800,AT4G25100,AT3G01500,AT4G12800,ATCG00300,AT3G21055,AT2G25080,AT1G23740,ATCG01230,AT1G65490,AT4G03280,AT1G20340,AT4G02770,AT4G28750,AT1G73480,AT5G35630,AT1G14200,AT3G61430,AT2G22990,AT4G05320,AT1G67865,AT4G34620,AT4G08950,AT1G21500,AT4G38840,AT1G52220,AT1G72430,AT1G23390,AT1G18080,AT2G34480,AT2G43030,AT5G64170,AT3G56910,AT5G41520,AT2G41250,AT3G59940,AT5G16030,AT1G49500,AT5G27850,AT2G47440,AT5G47930,AT3G02080,AT2G26500,AT5G62020,AT4G16520,AT5G42980,AT1G22780,AT3G15190,AT2G19730,AT1G56580,AT4G01850,AT3G62460,AT3G48930,AT2G33450,AT2G39460,AT2G21320,AT5G10360,AT2G36160,AT1G21920,AT4G36730,AT3G23080,AT2G03890,AT1G21460,AT3G08740,AT3G27160,AT3G50560,AT2G28800,AT5G28770,AT1G65290,AT3G15770,AT3G23920,AT5G16400,AT2G46790,AT5G23120,AT1G70290,AT3G04730,AT1G72820,AT4G12980,AT3G22230,AT5G48760,AT2G25900,AT5G63190	na
2	AT5G61620	AT5G61620	1	na	PWM3332	DAP-seq	AT5G61620_col	63	0.0007958522314294211	0.023015533079886324	97	AT5G02500,AT3G08940,AT3G07090,AT1G30380,AT1G52230,AT1G03130,AT4G33660,AT5G01530,AT4G10340,AT1G55530,AT1G64720,AT3G61470,AT4G05180,AT5G14740,AT4G25100,AT3G01500,AT4G12800,AT3G26650,AT3G21055,AT1G79040,AT2G25080,AT1G23740,ATCG01230,AT3G11630,AT4G03280,AT2G30570,AT4G02770,AT2G25140,AT1G73480,AT5G35630,AT3G17611,AT1G14200,AT3G61430,AT5G43850,AT4G33666,AT2G22990,AT1G67865,AT4G08950,AT1G21500,AT4G09010,AT1G52220,AT1G58290,AT1G23390,AT5G65730,AT1G18080,AT5G44020,AT2G43030,AT5G64170,AT3G56910,AT2G41250,AT3G59940,AT5G27700,AT1G49500,AT4G16720,AT1G29070,AT5G27850,AT3G02080,AT2G26500,AT5G62020,AT4G16520,AT1G77940,AT3G15190,AT4G32590,AT2G19730,AT1G56580,AT4G01850,AT1G26630,AT2G47710,AT2G33450,AT2G39460,AT5G10360,AT2G36160,AT1G21920,AT4G36730,AT3G23080,AT2G26140,AT1G21460,AT3G27160,AT5G53120,AT2G28800,AT5G28770,AT1G65290,AT3G15770,AT5G45820,AT4G17250,AT5G27770,AT3G23920,AT5G23120,AT5G13450,AT1G72820,AT4G12980,AT5G59080,AT3G22230,AT5G48760,AT2G25900,AT2G32090,AT5G63190	na
2	AT1G19350	BES1	25	9	PWM1485	CisBP	M2212_1.01	65	0.0011842489536252473	0.032667051905385665	96	AT5G02500,AT2G26150,AT3G47470,AT3G54890,AT5G15450,AT3G16050,AT1G62510,AT1G15820,AT1G52230,AT2G39730,AT2G46820,AT4G35100,AT1G61520,AT3G56940,AT5G66570,AT1G55530,AT3G61470,AT4G05180,AT5G02380,AT1G03600,AT4G12800,ATCG00070,AT3G21055,AT5G15350,AT2G45960,AT1G79040,AT4G21280,AT3G16140,AT1G23740,AT1G60950,AT2G46220,AT2G38540,AT4G28750,AT1G73480,AT4G01150,AT1G44446,AT4G36040,AT2G47400,AT4G38740,AT2G34620,AT5G19120,AT5G57660,AT4G05320,AT2G20260,AT1G67865,AT5G15200,AT2G46830,AT1G52220,AT5G56600,AT2G35260,AT1G03870,AT3G54900,AT5G64170,AT2G41250,AT5G61670,AT5G62020,AT1G62390,AT2G24100,AT5G43150,AT1G56170,AT1G67430,AT3G59060,AT1G73870,AT3G11670,AT2G18700,AT3G55770,AT3G09500,AT2G39460,AT5G65380,AT2G21320,AT4G11570,AT3G04920,AT2G21650,AT3G09630,AT2G29400,AT5G28060,AT1G67860,AT1G06570,AT4G36730,AT1G18460,AT1G69410,AT2G26140,AT2G17360,AT3G08740,AT2G28800,AT5G11090,AT3G15770,AT5G62390,AT3G23920,AT5G16400,AT5G23120,AT3G04730,AT1G72020,AT1G72820,AT5G59080,AT2G25900	AT1G67360,AT3G53420,AT1G03600,AT4G36040,AT5G19120,AT1G49500,AT3G59060,AT1G14280,AT2G17360
2	AT1G19350	BES1	25	9	PWM2149	JASPAR	MA0549.1	67	0.0011842489536252473	0.032667051905385665	96	AT5G02500,AT2G26150,AT3G47470,AT3G54890,AT5G15450,AT3G16050,AT1G62510,AT1G15820,AT1G52230,AT2G39730,AT2G46820,AT4G35100,AT1G61520,AT3G56940,AT5G66570,AT1G55530,AT3G61470,AT4G05180,AT5G02380,AT1G03600,AT4G12800,ATCG00070,AT3G21055,AT5G15350,AT2G45960,AT1G79040,AT4G21280,AT3G16140,AT1G23740,AT1G60950,AT2G46220,AT2G38540,AT4G28750,AT1G73480,AT4G01150,AT1G44446,AT4G36040,AT2G47400,AT4G38740,AT2G34620,AT5G19120,AT5G57660,AT4G05320,AT2G20260,AT1G67865,AT5G15200,AT2G46830,AT1G52220,AT5G56600,AT2G35260,AT1G03870,AT3G54900,AT5G64170,AT2G41250,AT5G61670,AT5G62020,AT1G62390,AT2G24100,AT5G43150,AT1G56170,AT1G67430,AT3G59060,AT1G73870,AT3G11670,AT2G18700,AT3G55770,AT3G09500,AT2G39460,AT5G65380,AT2G21320,AT4G11570,AT3G04920,AT2G21650,AT3G09630,AT2G29400,AT5G28060,AT1G67860,AT1G06570,AT4G36730,AT1G18460,AT1G69410,AT2G26140,AT2G17360,AT3G08740,AT2G28800,AT5G11090,AT3G15770,AT5G62390,AT3G23920,AT5G16400,AT5G23120,AT3G04730,AT1G72020,AT1G72820,AT5G59080,AT2G25900	AT1G67360,AT3G53420,AT1G03600,AT4G36040,AT5G19120,AT1G49500,AT3G59060,AT1G14280,AT2G17360
2	AT1G09530	PAP3	0	16	PWM1609	PBM		66	0.0011842489536252473	0.032667051905385665	96	AT5G02500,AT3G44110,AT2G26150,AT1G10960,AT3G54890,AT5G09590,AT5G54940,AT1G15820,AT1G14980,AT1G52230,AT4G33660,AT1G67740,AT2G39730,AT1G74470,AT1G61520,AT3G56940,AT5G01530,AT1G07590,AT5G66570,AT3G61470,AT4G05180,AT1G06680,AT4G22240,AT4G12800,AT3G21055,AT3G50820,AT2G45960,AT1G55670,AT1G79040,AT4G21280,AT5G24930,AT3G16140,AT3G26450,AT1G60950,AT5G53400,AT4G02770,AT4G28750,AT1G44446,AT2G34620,AT4G33666,AT4G29330,AT1G67865,AT5G15200,AT1G21550,AT5G57345,AT1G52220,AT5G52570,AT1G54780,AT2G34480,AT3G54900,AT5G14320,AT2G26690,AT5G64170,AT3G56910,AT2G41250,AT3G47500,AT1G49500,AT1G04480,AT5G02840,AT5G61670,AT4G13940,AT1G62390,AT4G16520,AT2G01850,AT4G11660,AT3G24830,AT1G67430,AT3G15190,AT5G18600,AT3G11670,AT5G35460,AT3G23400,AT2G18700,AT2G39460,AT5G65380,AT3G04920,AT1G21920,AT3G60320,AT3G27090,AT1G69410,AT3G23030,AT1G05850,AT2G18300,AT2G26140,AT3G57870,AT2G28800,AT5G28770,AT5G11090,AT3G23920,AT5G16400,AT3G12740,AT1G70290,AT5G37360,AT5G59080,AT3G28900,AT2G16070	AT3G16050,AT1G03600,AT3G54500,AT3G08970,AT1G01100,AT5G52570,AT3G59940,AT2G47440,AT4G30490,AT3G11670,AT2G18700,AT1G31812,AT1G04250,AT3G23030,AT3G57870,AT5G11090
2	AT1G09530	PAP3	0	16	PWM1019	CisBP	M2223_1.01	68	0.0017414813845086493	0.045918766506235414	95	AT5G02500,AT1G10960,AT3G54890,AT5G09590,AT5G54940,AT1G15820,AT1G52230,AT1G67740,AT2G39730,AT4G35100,AT1G61520,AT5G01530,AT5G66570,AT3G61470,AT4G05180,AT5G38430,AT5G02380,AT5G14740,AT1G06680,AT1G03600,AT4G22240,AT3G01500,AT4G12800,AT1G74670,AT3G21055,AT3G50820,AT5G15350,AT5G58770,AT2G45960,AT1G55670,AT1G79040,AT4G21280,AT5G24930,AT3G16140,AT1G60950,AT4G28750,AT3G17800,AT1G73480,AT4G01150,AT1G44446,AT3G54500,AT2G47400,AT3G09680,AT3G61430,AT5G43850,AT1G13080,AT2G34620,AT5G54770,AT1G67865,AT1G21550,AT5G57345,AT1G52220,AT5G52570,AT2G46600,AT1G03870,AT3G54900,AT2G26690,AT5G64170,AT3G56910,AT2G41250,AT3G59940,AT5G66880,AT5G19510,AT4G13940,AT1G62390,AT4G16520,AT1G56170,AT5G42980,AT3G24830,AT1G73870,AT5G37340,AT5G35460,AT2G18700,AT3G09500,AT2G39460,AT1G15550,AT5G65380,AT2G21320,AT4G11570,AT3G04920,AT4G36730,AT1G04250,AT1G14280,AT3G23030,AT5G12050,AT3G57870,AT3G08740,AT3G27160,AT4G26970,AT2G28800,AT5G28770,AT5G11090,AT3G23920,AT1G72820,AT2G25900	AT3G16050,AT1G03600,AT3G54500,AT3G08970,AT1G01100,AT5G52570,AT3G59940,AT2G47440,AT4G30490,AT3G11670,AT2G18700,AT1G31812,AT1G04250,AT3G23030,AT3G57870,AT5G11090
2	AT1G09530	PAP3	0	16	PWM2160	JASPAR	MA0560.1	69	0.0017414813845086493	0.045918766506235414	95	AT5G02500,AT1G10960,AT3G54890,AT5G09590,AT5G54940,AT1G15820,AT1G52230,AT1G67740,AT2G39730,AT1G61520,AT3G56940,AT5G01530,AT5G66570,AT3G61470,AT4G05180,AT5G38430,AT5G02380,AT5G14740,AT1G06680,AT1G03600,AT4G22240,AT3G01500,AT4G12800,AT1G74670,AT3G21055,AT3G50820,AT5G15350,AT5G58770,AT2G45960,AT1G55670,AT1G79040,AT4G21280,AT5G24930,AT3G16140,AT1G60950,AT5G53400,AT4G28750,AT3G17800,AT1G73480,AT4G01150,AT1G44446,AT3G54500,AT2G47400,AT3G09680,AT3G61430,AT5G43850,AT1G13080,AT2G34620,AT1G67865,AT1G21550,AT5G57345,AT1G52220,AT5G52570,AT5G56600,AT2G46600,AT1G03870,AT3G54900,AT2G26690,AT5G64170,AT3G56910,AT2G41250,AT3G59940,AT5G66880,AT5G19510,AT4G13940,AT1G62390,AT4G16520,AT1G56170,AT5G42980,AT3G24830,AT1G73870,AT5G37340,AT5G35460,AT2G18700,AT3G09500,AT2G39460,AT1G15550,AT5G65380,AT2G21320,AT4G11570,AT3G04920,AT4G36730,AT1G04250,AT3G23030,AT5G12050,AT3G57870,AT3G08740,AT3G27160,AT4G26970,AT2G28800,AT5G28770,AT5G11090,AT3G23920,AT1G72820,AT2G25900	AT3G16050,AT1G03600,AT3G54500,AT3G08970,AT1G01100,AT5G52570,AT3G59940,AT2G47440,AT4G30490,AT3G11670,AT2G18700,AT1G31812,AT1G04250,AT3G23030,AT3G57870,AT5G11090
2	AT1G09530	PAP3	0	16	PWM841	CisBP	M2732_1.01	71	0.0017414813845086493	0.045918766506235414	95	AT2G26150,AT1G10960,AT3G54890,AT3G16050,AT5G54940,AT1G52230,AT2G39730,AT2G46820,AT1G61520,AT3G56940,AT5G01530,AT5G66570,AT3G61470,AT5G02380,AT1G26800,AT1G06680,AT1G03600,AT4G12800,AT3G21055,AT5G58770,AT2G45960,AT1G79040,AT4G21280,AT3G16140,AT3G11630,AT1G60950,AT1G23310,AT2G38540,AT5G53400,AT4G15560,AT1G73480,AT4G01150,AT1G44446,AT1G07940,AT5G48490,AT4G36040,AT2G47400,AT3G51910,AT4G38740,AT2G34620,AT2G20260,AT3G14200,AT5G57345,AT2G46830,AT1G52220,AT5G52570,AT4G01050,AT1G03870,AT2G30950,AT3G54900,AT5G14320,AT2G26690,AT3G56910,AT2G41250,AT3G59940,AT3G47500,AT1G49500,AT4G13940,AT5G62020,AT4G30490,AT1G62390,AT4G16520,AT3G51840,AT1G56170,AT3G24830,AT5G48485,AT3G59060,AT1G73870,AT4G14320,AT3G11940,AT5G18600,AT3G11670,AT5G35460,AT3G23400,AT3G57810,AT1G78850,AT1G06430,AT2G18700,AT5G42220,AT2G21320,AT3G04920,AT2G21650,AT1G68520,AT3G09630,AT2G29400,AT3G60320,AT1G06570,AT2G26140,AT3G57870,AT2G28800,AT3G23920,AT5G16400,AT1G72820,AT5G59080,AT2G25900	AT3G16050,AT1G03600,AT3G54500,AT3G08970,AT1G01100,AT5G52570,AT3G59940,AT2G47440,AT4G30490,AT3G11670,AT2G18700,AT1G31812,AT1G04250,AT3G23030,AT3G57870,AT5G11090
2	AT1G49560	AT1G49560	0	0	PWM3098	DAP-seq	AT1G49560_col	70	0.0017414813845086493	0.045918766506235414	95	AT1G30070,AT3G47470,AT3G54890,AT3G07090,AT3G16050,AT3G53420,AT5G20720,AT1G52230,AT1G03130,AT2G39730,AT4G35100,AT3G56940,AT1G07590,AT1G07890,AT1G55530,ATCG00480,AT1G03600,ATCG00300,AT5G24930,AT3G16140,AT5G22060,ATCG01230,AT4G03280,AT4G15560,AT1G62740,AT4G23670,AT5G17310,AT4G04640,AT1G02780,AT4G29330,AT5G15200,AT1G43170,AT2G04520,AT1G15930,AT1G23290,AT5G35530,AT2G27580,AT4G09010,AT1G58290,AT2G35260,AT4G01050,AT3G49910,AT4G17390,AT3G54900,AT5G04410,AT5G41520,AT3G59940,AT5G03340,AT4G23400,AT1G41880,AT4G13940,AT5G60600,AT3G05560,AT2G21170,AT4G26230,AT2G24100,AT3G51840,AT1G33140,AT1G67430,AT1G09640,AT4G14320,AT5G11170,AT3G07110,AT4G15000,AT4G23680,AT2G37190,AT5G35460,AT2G43560,AT1G26630,AT1G18020,AT1G29430,AT3G22840,AT3G26510,AT5G61510,AT1G60550,AT5G10360,AT3G05590,AT3G11700,AT5G11770,AT4G17870,AT3G27090,AT5G13120,AT3G57870,AT2G17360,AT2G43750,AT1G29510,AT2G27530,AT4G37830,AT5G27770,AT5G23120,AT1G70290,AT5G13450,AT1G72820,AT5G37360,AT4G12980	
3	AT1G32150	AtbZIP68	0	0	PWM2927	DAP-seq	BZIP68_col	1	5.337741238031158e-13	9.570570039789866e-10	143	AT3G55800,AT2G21330,AT5G67030,AT5G23060,AT3G03780,AT3G02380,AT1G68010,AT4G39800,AT1G44575,AT5G64840,AT1G32060,AT4G35250,AT3G54050,AT3G61440,AT2G13360,AT1G32900,AT5G02120,AT4G22890,AT5G64940,AT3G28270,AT1G17220,AT1G74730,AT2G38230,AT3G01060,AT1G62750,AT1G62180,AT2G04039,AT3G12320,AT5G06980,AT2G21970,AT1G75690,AT1G55480,AT3G22890,AT2G40100,AT1G44000,AT5G40950,AT3G06510,AT4G39330,AT5G58870,AT1G02820,AT2G20890,AT4G28660,AT4G24780,AT1G22850,AT1G14150,AT1G67700,AT5G38520,AT5G67370,AT5G08050,AT5G61410,AT3G19710,AT1G70760,AT1G45474,AT2G18230,AT2G34460,AT5G54160,AT1G08570,AT1G50020,AT3G24170,AT1G53670,AT3G15360,AT2G40490,AT3G56360,AT1G11840,AT5G22620,AT1G10470,AT4G30960,AT1G78900,AT5G17870,AT3G13110,AT3G10420,AT3G13120,AT1G12240,AT2G39800,AT2G31790,AT5G47560,AT1G52510,AT1G13650,AT5G24120,AT5G50920,AT1G04410,AT5G13770,AT5G47040,AT4G00050,AT4G14210,AT1G73060,AT4G15530,AT1G60590,AT3G14067,AT5G51020,AT4G37800,AT5G39570,AT3G19030,AT2G21960,AT2G22240,AT5G57040,AT3G16910,AT3G30720,AT1G19000,AT3G24190,AT4G34630,AT4G00810,AT1G48830,AT1G15950,AT3G51730,AT5G63180,AT3G58990,AT5G13000,AT3G63520,AT2G05920,AT1G77090,AT3G52960,AT1G21440,AT4G23630,AT2G37240,AT2G24200,AT1G17050,AT3G04870,AT2G47070,AT2G40880,AT4G17340,AT2G01590,AT3G16150,AT4G24620,AT2G48020,AT3G52230,AT3G57020,AT5G26270,AT2G20570,AT4G27520,AT1G68440,AT1G24360,AT5G67360,AT5G62670,AT5G51010,AT4G00490,AT1G19050,AT4G32770,AT4G01800,AT3G19720,AT2G01670,AT1G63940,AT1G15290	
3	AT1G32150	AtbZIP68	0	0	PWM1236	CisBP	M0251_1.01	16	2.715472853513798e-7	0.000030430267664688996	123	AT3G55800,AT2G21330,AT5G67030,AT5G38980,AT4G26850,AT3G03780,AT1G72610,AT1G68010,AT3G01120,AT4G39800,AT1G44575,AT5G64840,AT1G32060,AT5G35970,AT4G35250,AT3G54050,AT3G61440,AT1G32900,AT4G22890,AT5G64940,AT4G28080,AT1G15690,AT3G01060,AT1G62750,AT2G04039,AT3G12320,AT2G38170,AT5G06980,AT2G21970,AT2G05620,AT5G58870,AT1G02820,AT2G20890,AT4G28660,AT4G26860,AT3G02020,AT2G23600,AT5G38520,AT5G67370,AT3G19710,AT1G70760,AT1G45474,AT2G18230,AT4G29060,AT3G21670,AT2G34860,AT1G53670,AT4G39940,AT3G15360,AT2G40490,AT3G56360,AT1G11840,AT5G23010,AT4G30960,AT3G13110,AT3G10420,AT1G12240,AT1G12800,AT4G08870,AT1G30120,AT5G47560,AT1G01490,AT1G13650,AT5G13770,AT5G47040,AT3G14067,AT5G51020,AT5G17170,AT3G19030,AT4G04840,AT2G22240,AT4G02890,AT3G16910,AT3G30720,AT1G72030,AT1G19000,AT3G24190,AT1G22410,AT1G31800,AT4G34630,AT4G00810,AT3G17510,AT4G24770,AT1G48830,AT3G51730,AT1G70370,AT5G42760,AT5G13000,AT5G47110,AT3G47430,AT2G39450,AT3G63490,AT1G21440,AT4G23630,AT2G37240,AT1G17050,AT5G08650,AT1G62560,AT3G04870,AT2G40880,AT4G17340,AT3G16150,AT2G48020,AT3G52230,AT3G57020,AT5G26270,AT5G35360,AT3G16460,AT4G13840,AT4G27520,AT2G15020,AT1G68440,AT5G67360,AT5G62670,AT4G00490,AT1G19050,AT1G02930,AT3G16530,AT4G32770,AT3G19720,AT5G03555,AT3G08730,AT5G04950	
3	AT1G32150	AtbZIP68	0	0	PWM2567	JASPAR	MA0968.1	18	2.715472853513798e-7	0.000030430267664688996	123	AT3G55800,AT2G21330,AT5G67030,AT5G38980,AT3G03780,AT1G72610,AT1G68010,AT3G01120,AT4G39800,AT1G44575,AT5G64840,AT1G32060,AT5G35970,AT4G35250,AT3G54050,AT3G61440,AT2G13360,AT4G22890,AT5G64940,AT4G28080,AT1G15690,AT3G01060,AT1G62750,AT2G04039,AT3G12320,AT2G38170,AT5G06980,AT2G21970,AT2G05620,AT5G58870,AT1G02820,AT2G20890,AT4G28660,AT3G02020,AT2G23600,AT5G38520,AT5G67370,AT3G19710,AT1G70760,AT1G45474,AT2G18230,AT4G29060,AT3G21670,AT2G34860,AT1G53670,AT4G39940,AT3G15360,AT2G40490,AT3G56360,AT1G11840,AT5G23010,AT4G30960,AT5G17870,AT3G13110,AT3G10420,AT1G12240,AT1G12800,AT4G08870,AT1G30120,AT5G47560,AT1G01490,AT1G13650,AT5G13770,AT5G47040,AT3G14067,AT5G51020,AT5G17170,AT3G19030,AT4G04840,AT2G22240,AT4G02890,AT3G16910,AT3G30720,AT1G72030,AT1G19000,AT3G24190,AT1G22410,AT1G31800,AT4G34630,AT4G00810,AT3G17510,AT4G24770,AT1G48830,AT3G51730,AT1G70370,AT5G42760,AT5G13000,AT5G47110,AT3G47430,AT2G39450,AT3G63490,AT1G21440,AT4G23630,AT2G37240,AT1G17050,AT5G08650,AT1G62560,AT3G04870,AT3G15810,AT2G40880,AT4G17340,AT3G16150,AT2G48020,AT3G52230,AT3G57020,AT5G26270,AT5G35360,AT3G16460,AT4G13840,AT4G27520,AT2G15020,AT1G68440,AT5G67360,AT5G62670,AT4G00490,AT1G19050,AT1G02930,AT3G16530,AT4G32770,AT3G19720,AT5G03555,AT3G08730,AT5G04950	
3	AT2G35530	AtbZIP16	0	1	PWM2908	DAP-seq	BZIP16_col	2	4.877288800192463e-12	4.3724894093725435e-9	140	AT3G55800,AT2G21330,AT5G67030,AT5G23060,AT1G11860,AT3G02380,AT1G68010,AT4G39800,AT1G44575,AT5G64840,AT1G32060,AT4G35250,AT3G54050,AT3G61440,AT2G13360,AT1G32900,AT1G07180,AT5G02120,AT4G22890,AT5G64940,AT3G28270,AT1G17220,AT1G74730,AT3G01060,AT1G62750,AT1G62180,AT1G32470,AT2G04039,AT3G12320,AT5G06980,AT2G21970,AT1G75690,AT1G55480,AT3G22890,AT2G40100,AT1G44000,AT3G06510,AT4G39330,AT4G13430,AT5G58870,AT1G02820,AT2G20890,AT4G28660,AT4G24780,AT1G22850,AT1G14150,AT1G67700,AT5G38520,AT5G67370,AT5G08050,AT5G43750,AT5G61410,AT3G19710,AT1G70760,AT2G18230,AT2G34460,AT3G61870,AT5G54160,AT1G50020,AT2G16500,AT1G53670,AT3G15360,AT2G40490,AT3G56360,AT1G11840,AT5G22620,AT1G10470,AT1G78900,AT5G17870,AT3G13110,AT3G10420,AT3G13120,AT1G12240,AT2G39800,AT2G31790,AT1G76450,AT5G47560,AT1G52510,AT1G13650,AT5G50920,AT1G04410,AT5G13770,AT5G47040,AT4G00050,AT4G14210,AT1G73060,AT4G15530,AT1G22710,AT1G60590,AT3G14067,AT5G51020,AT4G37800,AT5G39570,AT2G21960,AT2G22240,AT3G25530,AT3G16910,AT3G30720,AT1G19000,AT3G24190,AT4G34630,AT4G00810,AT3G51730,AT5G63180,AT3G58990,AT5G13000,AT3G63520,AT4G35760,AT1G77090,AT3G52960,AT2G39450,AT1G21440,AT4G23630,AT2G37240,AT1G17050,AT3G04870,AT2G47070,AT2G40880,AT4G17340,AT2G01590,AT3G16150,AT4G24620,AT3G52230,AT3G57020,AT5G26270,AT2G20570,AT4G27520,AT1G68440,AT5G67360,AT5G62670,AT5G08670,AT5G51010,AT4G00490,AT1G19050,AT4G32770,AT4G01800,AT3G19720,AT2G01670,AT1G63940,AT1G15290	AT5G23010
3	AT2G35530	AtbZIP16	0	1	PWM1237	CisBP	M0251_1.01	20	4.7295746434909476e-7	0.00004463224913568036	122	AT3G55800,AT2G21330,AT5G67030,AT5G38980,AT4G26850,AT3G03780,AT1G72610,AT1G68010,AT3G01120,AT4G39800,AT1G44575,AT5G64840,AT1G32060,AT5G35970,AT4G35250,AT3G54050,AT3G61440,AT1G32900,AT4G22890,AT5G64940,AT4G28080,AT1G15690,AT3G01060,AT1G62750,AT2G04039,AT3G12320,AT2G38170,AT5G06980,AT2G21970,AT2G05620,AT5G58870,AT1G02820,AT2G20890,AT4G28660,AT4G26860,AT3G02020,AT5G38520,AT5G67370,AT3G19710,AT1G70760,AT1G45474,AT2G18230,AT4G29060,AT3G21670,AT2G34860,AT1G53670,AT4G39940,AT3G15360,AT2G40490,AT3G56360,AT1G11840,AT5G23010,AT4G30960,AT3G13110,AT3G10420,AT1G12240,AT1G12800,AT4G08870,AT1G30120,AT5G47560,AT1G01490,AT1G13650,AT5G13770,AT5G47040,AT3G14067,AT5G51020,AT5G17170,AT3G19030,AT4G04840,AT2G22240,AT4G02890,AT3G16910,AT3G30720,AT1G72030,AT1G19000,AT3G24190,AT1G22410,AT1G31800,AT4G34630,AT4G00810,AT3G17510,AT4G24770,AT1G48830,AT3G51730,AT1G70370,AT5G42760,AT5G13000,AT5G47110,AT3G47430,AT2G39450,AT3G63490,AT1G21440,AT4G23630,AT2G37240,AT1G17050,AT5G08650,AT1G62560,AT3G04870,AT2G40880,AT4G17340,AT3G16150,AT2G48020,AT3G52230,AT3G57020,AT5G26270,AT5G35360,AT3G16460,AT4G13840,AT4G27520,AT2G15020,AT1G68440,AT5G67360,AT5G62670,AT4G00490,AT1G19050,AT1G02930,AT3G16530,AT4G32770,AT3G19720,AT5G03555,AT3G08730,AT5G04950	AT5G23010
3	AT3G10800	bZIP28	1	na	PWM2912	DAP-seq	BZIP28_col	3	1.0009673627549249e-11	5.982448271398601e-9	139	AT3G02468,AT3G55800,AT2G21330,AT5G67030,AT1G11860,AT3G03780,AT1G68010,AT4G39800,AT1G44575,AT5G64840,AT1G32060,AT5G13650,AT4G35250,AT3G54050,AT3G61440,AT1G32900,AT5G02120,AT4G22890,AT5G64940,AT3G28270,AT1G17220,AT1G74730,AT3G01060,AT1G62750,AT1G62180,AT2G04039,AT3G12320,AT5G06980,AT2G21970,AT5G59970,AT1G75690,AT1G55480,AT3G22890,AT1G44000,AT5G40950,AT3G06510,AT4G39330,AT4G13430,AT5G58870,AT1G02820,AT2G20890,AT4G28660,AT4G24780,AT1G22850,AT3G02020,AT1G14150,AT1G67700,AT5G38520,AT5G67370,AT5G08050,AT5G43750,AT3G19710,AT1G45474,AT2G18230,AT2G34460,AT1G08570,AT1G50020,AT1G53670,AT3G15360,AT2G40490,AT3G56360,AT4G30960,AT1G78900,AT5G17870,AT3G13110,AT3G10420,AT3G13120,AT2G31790,AT1G77760,AT5G47560,AT1G01490,AT1G13650,AT5G24120,AT1G08200,AT5G50920,AT1G04410,AT3G16470,AT5G13770,AT5G47040,AT4G00050,AT2G37040,AT4G14210,AT1G73060,AT4G15530,AT1G22710,AT1G60590,AT3G14067,AT5G51020,AT4G37800,AT5G39570,AT2G21960,AT2G22240,AT3G25530,AT3G16910,AT3G30720,AT1G19000,AT3G24190,AT4G34630,AT4G00810,AT1G48830,AT3G51730,AT5G63180,AT3G58990,AT5G13000,AT3G63520,AT2G05920,AT1G77090,AT3G52960,AT1G58807,AT1G21440,AT4G23630,AT2G37240,AT2G30010,AT1G17050,AT1G62560,AT2G47070,AT2G40880,AT4G17340,AT2G01590,AT3G16150,AT2G48020,AT3G52230,AT3G57020,AT5G26270,AT5G40850,AT2G20570,AT4G27520,AT2G15020,AT1G68440,AT1G24360,AT5G67360,AT5G62670,AT5G51010,AT4G00490,AT4G32770,AT4G01800,AT3G19720,AT2G01670,AT1G15290	na
3	AT3G10800	bZIP28	1	na	PWM883	CisBP	M0259_1.01	54	0.0000693697714279818	0.00243882353275238	112	AT2G21330,AT5G67030,AT1G69530,AT5G38980,AT1G11860,AT3G03780,AT1G72610,AT1G68010,AT3G26570,AT4G39800,AT1G44575,AT5G64840,AT1G32060,AT4G35250,AT3G54050,AT1G66200,AT2G13360,AT4G22890,AT4G30950,AT3G01060,AT1G62750,AT5G24150,AT3G12320,AT5G06980,AT2G21970,AT5G59970,AT5G17230,AT2G40100,AT1G44000,AT5G40950,AT4G13430,AT1G56070,AT5G59870,AT2G15620,AT1G14150,AT5G38520,AT5G65360,AT1G68660,AT3G19710,AT3G55440,AT1G45474,AT2G18230,AT1G65930,AT3G21670,AT1G53670,AT2G42600,AT4G39940,AT2G40490,AT3G56360,AT1G10470,AT5G23010,AT3G11930,AT3G13110,AT4G18370,AT3G10420,AT4G31500,AT2G39800,AT3G61220,AT5G47560,AT1G01490,AT1G13650,AT1G08200,AT4G00050,AT2G37040,AT3G14067,AT5G17170,AT4G04840,AT2G21960,AT4G02890,AT3G30720,AT1G19000,AT3G24190,AT1G68830,AT1G22410,AT1G31800,AT4G34630,AT4G00810,AT3G17510,AT1G15950,AT3G51730,AT4G01690,AT5G47110,AT5G13180,AT3G47430,AT2G05920,AT3G48420,AT2G39450,AT4G28240,AT1G58807,AT4G23630,AT2G37240,AT1G62560,AT3G04870,AT3G15810,AT2G01590,AT3G16150,AT2G48020,AT3G57020,AT3G16460,AT4G14030,AT2G15020,AT2G04795,AT5G62670,AT5G51010,AT4G00490,AT1G02930,AT3G16530,AT4G34450,AT1G51980,AT3G19720,AT2G01670,AT5G19240	na
3	AT3G19290	ABF4	1	199	PWM746	AGRIS		4	1.0009673627549249e-11	5.982448271398601e-9	139	AT2G26080,AT3G55800,AT2G21330,AT5G67030,AT1G37130,AT1G69530,AT5G23060,AT1G11860,AT4G26850,AT4G37930,AT3G02380,AT1G68010,AT4G39800,AT5G64840,AT5G35970,AT1G16720,AT4G35250,AT3G54050,AT3G61440,AT2G13360,AT1G32900,AT1G07180,AT5G02120,AT5G64940,AT1G17220,AT3G01060,AT5G24150,AT2G04039,AT3G12320,AT2G38170,AT5G59970,AT1G75690,AT1G55480,AT3G22890,AT4G39330,AT4G13430,AT5G58870,AT1G02820,AT4G28660,AT4G24780,AT1G22850,AT3G53260,AT4G26860,AT3G02020,AT1G14150,AT1G67700,AT5G38520,AT5G67370,AT5G61410,AT3G19710,AT2G34460,AT1G56500,AT3G24170,AT2G34860,AT1G53670,AT1G52400,AT3G56360,AT1G11840,AT5G22620,AT3G11930,AT1G78900,AT3G13110,AT3G10420,AT3G13120,AT2G39800,AT3G61220,AT1G30120,AT5G47560,AT1G01490,AT1G74090,AT1G13650,AT5G24120,AT1G04410,AT5G13770,AT5G47040,AT4G00050,AT2G37040,AT4G14210,AT4G35450,AT1G73060,AT4G15530,AT1G60590,AT2G14750,AT5G51020,AT5G39570,AT3G19030,AT2G22240,AT5G57040,AT3G25530,AT3G16910,AT1G72030,AT5G14260,AT1G19000,AT3G24190,AT1G62250,AT4G34630,AT4G00810,AT5G63180,AT1G78570,AT3G58990,AT5G42760,AT5G13000,AT5G13180,AT3G47430,AT1G77090,AT5G04590,AT2G39450,AT1G21440,AT4G23630,AT2G37240,AT1G17050,AT3G04870,AT2G45990,AT4G17340,AT3G16150,AT4G24620,AT5G53580,AT3G52230,AT3G57020,AT5G26270,AT5G53370,AT4G13840,AT2G20570,AT4G27520,AT1G68440,AT5G47570,AT2G28470,AT5G09870,AT5G51010,AT1G30530,AT4G00490,AT2G36870,AT4G32770,AT4G01800,AT3G19720,AT2G01670,AT5G03555,AT1G15290,AT3G08730	AT4G33010,AT1G31580,AT3G55800,AT4G38970,AT2G21330,AT1G12900,AT5G67030,AT1G37130,AT1G69530,AT4G26850,AT5G04140,AT3G03780,AT1G68010,AT4G39800,AT1G44575,AT4G15545,AT5G64840,AT1G32060,AT5G35970,AT4G35250,AT3G54050,AT3G61440,AT2G13360,AT1G32900,AT1G07180,AT5G02120,AT1G15980,AT1G16880,AT4G28080,AT1G74730,AT1G15690,AT3G01060,AT3G16430,AT4G16980,AT5G06980,AT2G21970,AT5G59970,AT1G75690,AT3G29240,AT3G25690,AT1G55480,AT3G22890,AT2G40100,AT1G01060,AT1G19150,AT4G39330,AT3G51920,AT2G24270,AT2G05620,AT5G58870,AT2G20890,AT4G28660,AT1G22850,AT4G34190,AT5G48930,AT1G51680,AT3G18490,AT3G56290,AT2G43910,AT1G67700,AT2G23600,AT5G12150,AT5G38520,AT5G67370,AT2G25450,AT2G25450,AT3G50685,AT5G43750,AT1G10370,AT5G61410,AT1G70760,AT1G45474,AT3G54660,AT1G65930,AT1G56500,AT3G61870,AT4G22570,AT5G54160,AT3G01480,AT1G08570,AT1G50020,AT1G04530,AT1G53670,AT3G49680,AT3G15360,AT2G40490,AT4G30530,AT3G56360,AT5G58330,AT1G11840,AT1G80380,AT1G10470,AT4G30960,AT1G78900,AT2G43710,AT3G23000,AT4G31500,AT4G31500,AT1G12240,AT4G34720,AT2G39800,AT1G12800,AT1G76450,AT1G30120,AT5G47560,AT5G57030,AT1G01490,AT1G74090,AT1G13650,AT1G08200,AT5G50920,AT1G04410,AT3G24430,AT1G23190,AT5G47040,AT4G00050,AT2G37040,AT4G37550,AT1G73060,AT1G22710,AT1G60590,AT4G25700,AT3G14067,AT5G51020,AT4G37800,AT5G39570,AT1G70730,AT2G21960,AT3G27060,AT5G57040,AT1G67350,AT3G25530,AT4G02890,AT3G16910,AT1G72030,AT5G14260,AT1G19000,AT3G24190,AT2G30490,AT1G31800,AT4G00810,AT3G17510,AT1G48830,AT1G15950,AT3G51730,AT1G70370,AT3G03250,AT4G01080,AT2G02930,AT4G37760,AT3G58990,AT3G58990,AT4G01690,AT3G63520,AT5G40890,AT3G47430,AT2G05920,AT5G59880,AT5G04590,AT2G39450,AT4G28240,AT3G63490,AT1G21440,AT4G23630,AT3G10720,AT2G37240,AT5G08530,AT2G30010,AT1G17050,AT1G62560,AT2G45990,AT2G40880,AT1G12110,AT4G17340,AT3G51895,AT3G52230,AT5G26270,AT5G53370,AT2G24540,AT4G27520,AT4G37680,AT4G14030,AT3G57040,AT2G35840,AT1G68440,AT1G06690,AT5G47570,AT2G28470,AT3G47960,AT5G67360,AT2G47940,AT5G62670,AT5G08640,AT4G00490,AT1G19050,AT4G01800,AT5G03555,AT1G15290,AT3G08730
3	AT3G56850	AREB3	1	2	PWM2906	DAP-seq	AREB3_col	5	2.03524429976368e-11	7.298386058952557e-9	138	AT3G02468,AT3G55800,AT2G21330,AT5G67030,AT1G11860,AT3G02380,AT1G68010,AT4G39800,AT1G44575,AT5G64840,AT1G32060,AT5G13650,AT4G35250,AT3G54050,AT3G61440,AT2G13360,AT1G32900,AT5G02120,AT5G64940,AT3G28270,AT1G17220,AT4G28080,AT1G74730,AT3G01060,AT1G62750,AT1G62180,AT2G04039,AT3G12320,AT4G16980,AT5G06980,AT5G59970,AT1G75690,AT1G55480,AT3G22890,AT2G40100,AT1G44000,AT1G19150,AT3G06510,AT4G39330,AT5G58870,AT1G02820,AT2G20890,AT4G28660,AT4G24780,AT1G22850,AT2G15620,AT1G14150,AT1G67700,AT5G38520,AT5G67370,AT5G08050,AT5G43750,AT5G61410,AT3G19710,AT1G70760,AT2G18230,AT2G34460,AT3G61870,AT1G08570,AT1G50020,AT1G53670,AT3G15360,AT2G40490,AT3G56360,AT1G11840,AT5G22620,AT4G30960,AT1G78900,AT5G17870,AT3G13110,AT3G10420,AT3G13120,AT2G39800,AT2G31790,AT1G76450,AT5G47560,AT1G13650,AT5G24120,AT5G50920,AT1G04410,AT5G13770,AT5G47040,AT4G00050,AT1G73060,AT4G15530,AT1G22710,AT1G60590,AT3G14067,AT5G51020,AT4G37800,AT5G39570,AT2G21960,AT2G22240,AT3G25530,AT4G02890,AT3G16910,AT3G30720,AT1G19000,AT3G24190,AT4G34630,AT4G00810,AT1G48830,AT3G51730,AT5G63180,AT3G03250,AT3G58990,AT5G13000,AT3G63520,AT1G77090,AT3G52960,AT3G63490,AT1G21440,AT4G23630,AT2G37240,AT3G09820,AT1G17050,AT3G04870,AT2G47070,AT2G40880,AT4G17340,AT2G01590,AT3G16150,AT3G52230,AT3G57020,AT5G26270,AT2G20570,AT4G27520,AT1G68440,AT5G67360,AT5G62670,AT5G08670,AT5G51010,AT4G00490,AT4G32770,AT4G01800,AT3G19720,AT2G01670,AT1G15290	AT1G51680,AT4G31500
3	AT2G36270	ABI5	4	108	PWM2530	JASPAR	MA0931.1	6	1.617191543813734e-10	4.832707396763375e-8	135	AT3G02468,AT3G55800,AT2G21330,AT1G69530,AT1G11860,AT5G04140,AT1G72610,AT3G02380,AT1G68010,AT4G39800,AT1G44575,AT5G64840,AT1G32060,AT4G35250,AT3G54050,AT3G61440,AT1G32900,AT5G02120,AT4G22890,AT5G64940,AT1G17220,AT4G28080,AT1G15690,AT3G01060,AT1G62750,AT2G04039,AT3G12320,AT5G06980,AT2G21970,AT5G59970,AT1G55480,AT3G22890,AT2G40100,AT1G01060,AT1G19150,AT4G13430,AT2G05620,AT5G58870,AT1G02820,AT2G20890,AT1G22850,AT4G34190,AT3G02020,AT2G15620,AT1G67700,AT5G67370,AT5G08050,AT1G10370,AT5G61410,AT3G19710,AT3G55440,AT1G70760,AT2G18230,AT2G34460,AT3G61870,AT5G54160,AT3G21670,AT1G53670,AT4G30530,AT3G56360,AT1G11840,AT1G10470,AT4G30960,AT3G11930,AT5G17870,AT3G13110,AT4G18370,AT3G10420,AT3G13120,AT2G39800,AT1G12800,AT1G76450,AT1G30120,AT5G47560,AT1G01490,AT5G24120,AT1G08200,AT5G13770,AT5G47040,AT1G73060,AT1G22710,AT1G60590,AT3G14067,AT5G51020,AT4G37800,AT5G39570,AT3G19030,AT4G04840,AT2G22240,AT3G25530,AT3G16910,AT1G72030,AT1G19000,AT3G24190,AT1G68830,AT4G00810,AT1G48830,AT5G63180,AT3G03250,AT3G58990,AT5G13000,AT5G47110,AT5G13180,AT1G77090,AT5G04590,AT2G39450,AT3G63490,AT1G21440,AT4G23630,AT2G37240,AT1G17050,AT1G62560,AT3G28220,AT3G04870,AT2G40880,AT1G12110,AT4G17340,AT3G16150,AT4G24620,AT3G52230,AT3G57020,AT5G26270,AT4G36360,AT2G20570,AT4G27520,AT1G68440,AT2G28470,AT5G67360,AT5G62670,AT5G08670,AT4G00490,AT4G34450,AT3G19720,AT1G15290,AT3G08730	AT4G33010,AT3G55800,AT5G67030,AT3G03780,AT4G39800,AT5G64840,AT1G32060,AT4G35250,AT3G54050,AT1G32900,AT1G07180,AT5G02120,AT5G64940,AT4G28080,AT5G06980,AT5G59970,AT1G55480,AT1G01060,AT1G19150,AT3G51920,AT1G02820,AT2G20890,AT4G28660,AT1G22850,AT4G34190,AT5G48930,AT1G51680,AT3G18490,AT5G12150,AT5G67370,AT2G25450,AT5G08050,AT1G70410,AT5G43750,AT1G10370,AT5G61410,AT1G18060,AT2G34460,AT1G65930,AT3G61870,AT1G08570,AT2G34860,AT1G53670,AT4G30530,AT5G58330,AT1G11840,AT1G80380,AT1G10470,AT4G30960,AT3G11930,AT2G43710,AT3G10420,AT3G23000,AT2G39800,AT1G12800,AT1G30120,AT5G47560,AT5G57030,AT1G01490,AT1G13650,AT5G50920,AT1G23190,AT5G47040,AT2G37040,AT4G37550,AT2G23670,AT4G15530,AT1G22710,AT3G14067,AT4G37800,AT3G19030,AT1G70730,AT5G57040,AT4G02890,AT3G16910,AT1G72030,AT1G19000,AT3G24190,AT3G17510,AT1G48830,AT1G70370,AT3G03250,AT4G37760,AT4G01690,AT3G63520,AT5G04590,AT2G39450,AT4G28240,AT3G63490,AT4G23630,AT2G37240,AT1G17050,AT2G40880,AT1G12110,AT4G17340,AT3G51895,AT3G52230,AT3G57020,AT5G53370,AT3G57040,AT1G68440,AT3G47960,AT5G67360,AT5G62670,AT4G32770,AT4G01800,AT2G01670,AT3G08730
3	AT2G36270	ABI5	4	108	PWM957	CisBP	M0257_1.01	8	6.141972852703676e-10	1.5732224749853845e-7	133	AT3G02468,AT3G55800,AT2G21330,AT1G69530,AT5G04140,AT1G72610,AT3G02380,AT1G68010,AT4G39800,AT1G44575,AT5G64840,AT1G32060,AT4G35250,AT3G54050,AT3G61440,AT1G32900,AT5G02120,AT4G22890,AT5G64940,AT1G17220,AT4G28080,AT1G15690,AT3G01060,AT2G04039,AT3G12320,AT5G06980,AT2G21970,AT5G59970,AT1G55480,AT3G22890,AT2G40100,AT1G01060,AT1G19150,AT4G13430,AT2G05620,AT5G58870,AT1G02820,AT2G20890,AT1G22850,AT4G34190,AT3G02020,AT2G15620,AT1G67700,AT5G67370,AT5G08050,AT1G10370,AT5G61410,AT3G19710,AT3G55440,AT1G70760,AT2G18230,AT2G34460,AT3G61870,AT5G54160,AT3G21670,AT1G53670,AT4G30530,AT3G56360,AT1G11840,AT1G10470,AT4G30960,AT3G11930,AT5G17870,AT3G13110,AT4G18370,AT3G10420,AT2G39800,AT1G12800,AT1G76450,AT1G30120,AT5G47560,AT1G01490,AT5G24120,AT1G08200,AT5G13770,AT5G47040,AT1G73060,AT1G22710,AT1G60590,AT3G14067,AT5G51020,AT4G37800,AT5G39570,AT3G19030,AT4G04840,AT2G22240,AT3G25530,AT3G16910,AT1G72030,AT1G19000,AT3G24190,AT1G68830,AT4G00810,AT1G48830,AT5G63180,AT3G03250,AT3G58990,AT5G13000,AT5G47110,AT5G13180,AT1G77090,AT5G04590,AT2G39450,AT3G63490,AT1G21440,AT4G23630,AT2G37240,AT1G17050,AT1G62560,AT3G28220,AT3G04870,AT2G40880,AT1G12110,AT4G17340,AT3G16150,AT4G24620,AT3G52230,AT3G57020,AT5G26270,AT4G36360,AT3G16460,AT2G20570,AT4G27520,AT1G68440,AT2G28470,AT5G67360,AT5G62670,AT5G08670,AT4G00490,AT4G34450,AT3G19720,AT1G15290,AT3G08730	AT4G33010,AT3G55800,AT5G67030,AT3G03780,AT4G39800,AT5G64840,AT1G32060,AT4G35250,AT3G54050,AT1G32900,AT1G07180,AT5G02120,AT5G64940,AT4G28080,AT5G06980,AT5G59970,AT1G55480,AT1G01060,AT1G19150,AT3G51920,AT1G02820,AT2G20890,AT4G28660,AT1G22850,AT4G34190,AT5G48930,AT1G51680,AT3G18490,AT5G12150,AT5G67370,AT2G25450,AT5G08050,AT1G70410,AT5G43750,AT1G10370,AT5G61410,AT1G18060,AT2G34460,AT1G65930,AT3G61870,AT1G08570,AT2G34860,AT1G53670,AT4G30530,AT5G58330,AT1G11840,AT1G80380,AT1G10470,AT4G30960,AT3G11930,AT2G43710,AT3G10420,AT3G23000,AT2G39800,AT1G12800,AT1G30120,AT5G47560,AT5G57030,AT1G01490,AT1G13650,AT5G50920,AT1G23190,AT5G47040,AT2G37040,AT4G37550,AT2G23670,AT4G15530,AT1G22710,AT3G14067,AT4G37800,AT3G19030,AT1G70730,AT5G57040,AT4G02890,AT3G16910,AT1G72030,AT1G19000,AT3G24190,AT3G17510,AT1G48830,AT1G70370,AT3G03250,AT4G37760,AT4G01690,AT3G63520,AT5G04590,AT2G39450,AT4G28240,AT3G63490,AT4G23630,AT2G37240,AT1G17050,AT2G40880,AT1G12110,AT4G17340,AT3G51895,AT3G52230,AT3G57020,AT5G53370,AT3G57040,AT1G68440,AT3G47960,AT5G67360,AT5G62670,AT4G32770,AT4G01800,AT2G01670,AT3G08730
3	AT2G36270	ABI5	4	108	PWM2904	DAP-seq	ABI5_col	10	4.230925043162847e-9	7.586048602390984e-7	130	AT3G55800,AT5G67030,AT1G11860,AT3G03780,AT3G02380,AT1G68010,AT4G39800,AT1G44575,AT5G64840,AT1G32060,AT5G13650,AT4G35250,AT3G54050,AT3G61440,AT2G13360,AT1G32900,AT5G02120,AT4G22890,AT5G64940,AT3G28270,AT1G74730,AT3G01060,AT1G62750,AT1G62180,AT3G12320,AT5G06980,AT5G59970,AT1G75690,AT1G55480,AT3G22890,AT2G40100,AT1G44000,AT5G40950,AT3G06510,AT4G39330,AT5G58870,AT2G20890,AT4G28660,AT4G24780,AT1G22850,AT1G14150,AT1G67700,AT5G38520,AT5G67370,AT5G08050,AT5G61410,AT3G19710,AT1G70760,AT2G18230,AT2G34460,AT1G08570,AT1G50020,AT1G53670,AT3G15360,AT2G40490,AT3G56360,AT1G11840,AT5G22620,AT1G10470,AT4G30960,AT1G78900,AT5G17870,AT3G13110,AT3G10420,AT3G13120,AT1G12240,AT2G39800,AT2G31790,AT1G76450,AT1G77760,AT5G47560,AT1G13650,AT5G24120,AT5G50920,AT1G04410,AT5G13770,AT5G47040,AT4G00050,AT1G73060,AT4G15530,AT1G22710,AT1G60590,AT3G14067,AT5G51020,AT4G37800,AT5G39570,AT2G21960,AT2G22240,AT3G16910,AT3G30720,AT1G19000,AT3G24190,AT4G34630,AT4G00810,AT1G48830,AT2G17340,AT3G51730,AT5G63180,AT3G58990,AT5G13000,AT3G63520,AT4G35760,AT1G77090,AT3G52960,AT3G63490,AT4G23630,AT2G37240,AT1G17050,AT3G04870,AT2G47070,AT2G40880,AT4G17340,AT2G01590,AT3G16150,AT3G52230,AT5G26270,AT5G40850,AT2G20570,AT4G27520,AT1G68440,AT5G67360,AT5G62670,AT5G08670,AT5G51010,AT4G00490,AT4G32770,AT3G19720,AT2G01670,AT1G63940,AT1G15290	AT4G33010,AT3G55800,AT5G67030,AT3G03780,AT4G39800,AT5G64840,AT1G32060,AT4G35250,AT3G54050,AT1G32900,AT1G07180,AT5G02120,AT5G64940,AT4G28080,AT5G06980,AT5G59970,AT1G55480,AT1G01060,AT1G19150,AT3G51920,AT1G02820,AT2G20890,AT4G28660,AT1G22850,AT4G34190,AT5G48930,AT1G51680,AT3G18490,AT5G12150,AT5G67370,AT2G25450,AT5G08050,AT1G70410,AT5G43750,AT1G10370,AT5G61410,AT1G18060,AT2G34460,AT1G65930,AT3G61870,AT1G08570,AT2G34860,AT1G53670,AT4G30530,AT5G58330,AT1G11840,AT1G80380,AT1G10470,AT4G30960,AT3G11930,AT2G43710,AT3G10420,AT3G23000,AT2G39800,AT1G12800,AT1G30120,AT5G47560,AT5G57030,AT1G01490,AT1G13650,AT5G50920,AT1G23190,AT5G47040,AT2G37040,AT4G37550,AT2G23670,AT4G15530,AT1G22710,AT3G14067,AT4G37800,AT3G19030,AT1G70730,AT5G57040,AT4G02890,AT3G16910,AT1G72030,AT1G19000,AT3G24190,AT3G17510,AT1G48830,AT1G70370,AT3G03250,AT4G37760,AT4G01690,AT3G63520,AT5G04590,AT2G39450,AT4G28240,AT3G63490,AT4G23630,AT2G37240,AT1G17050,AT2G40880,AT1G12110,AT4G17340,AT3G51895,AT3G52230,AT3G57020,AT5G53370,AT3G57040,AT1G68440,AT3G47960,AT5G67360,AT5G62670,AT4G32770,AT4G01800,AT2G01670,AT3G08730
3	AT2G36270	ABI5	4	108	PWM621	AthaMAP	T04543	29	0.0000023522199586705743	0.0001454320822722876	119	AT2G26080,AT3G55800,AT2G21330,AT5G67030,AT1G11860,AT3G02380,AT1G68010,AT4G39800,AT1G44575,AT5G64840,AT1G32060,AT5G13650,AT3G54050,AT3G61440,AT2G13360,AT1G32900,AT1G07180,AT5G02120,AT5G64940,AT1G17220,AT4G28080,AT3G01060,AT1G62750,AT3G12320,AT2G38170,AT4G16980,AT5G06980,AT5G59970,AT1G55480,AT2G40100,AT1G44000,AT1G01060,AT4G39330,AT4G13430,AT2G01250,AT5G58870,AT1G02820,AT2G20890,AT4G28660,AT1G22850,AT1G67700,AT5G67370,AT1G02500,AT1G10370,AT5G61410,AT1G70760,AT2G18230,AT2G34460,AT3G61870,AT1G53670,AT1G11840,AT4G30960,AT3G11930,AT1G78900,AT5G17870,AT3G13110,AT5G13510,AT3G10420,AT3G23000,AT3G13120,AT2G39800,AT1G12800,AT1G63770,AT3G61220,AT1G76450,AT1G77760,AT5G47560,AT1G13650,AT5G50920,AT5G47040,AT3G09260,AT1G73060,AT1G22710,AT1G60590,AT5G51020,AT4G37800,AT5G39570,AT3G19030,AT2G22240,AT5G57040,AT5G61420,AT3G25530,AT3G16910,AT1G19000,AT3G24190,AT4G00810,AT3G13920,AT1G70370,AT5G63180,AT3G58990,AT5G13000,AT3G63490,AT1G21440,AT4G23630,AT3G09820,AT3G04870,AT2G45990,AT2G40880,AT4G17340,AT3G16150,AT3G52230,AT3G57020,AT5G26270,AT2G20570,AT4G27520,AT2G15020,AT1G68440,AT5G62790,AT5G47570,AT2G28470,AT5G67360,AT5G62670,AT5G09870,AT4G34450,AT1G51980,AT3G19720,AT2G01670,AT2G40890,AT3G08730	AT4G33010,AT3G55800,AT5G67030,AT3G03780,AT4G39800,AT5G64840,AT1G32060,AT4G35250,AT3G54050,AT1G32900,AT1G07180,AT5G02120,AT5G64940,AT4G28080,AT5G06980,AT5G59970,AT1G55480,AT1G01060,AT1G19150,AT3G51920,AT1G02820,AT2G20890,AT4G28660,AT1G22850,AT4G34190,AT5G48930,AT1G51680,AT3G18490,AT5G12150,AT5G67370,AT2G25450,AT5G08050,AT1G70410,AT5G43750,AT1G10370,AT5G61410,AT1G18060,AT2G34460,AT1G65930,AT3G61870,AT1G08570,AT2G34860,AT1G53670,AT4G30530,AT5G58330,AT1G11840,AT1G80380,AT1G10470,AT4G30960,AT3G11930,AT2G43710,AT3G10420,AT3G23000,AT2G39800,AT1G12800,AT1G30120,AT5G47560,AT5G57030,AT1G01490,AT1G13650,AT5G50920,AT1G23190,AT5G47040,AT2G37040,AT4G37550,AT2G23670,AT4G15530,AT1G22710,AT3G14067,AT4G37800,AT3G19030,AT1G70730,AT5G57040,AT4G02890,AT3G16910,AT1G72030,AT1G19000,AT3G24190,AT3G17510,AT1G48830,AT1G70370,AT3G03250,AT4G37760,AT4G01690,AT3G63520,AT5G04590,AT2G39450,AT4G28240,AT3G63490,AT4G23630,AT2G37240,AT1G17050,AT2G40880,AT1G12110,AT4G17340,AT3G51895,AT3G52230,AT3G57020,AT5G53370,AT3G57040,AT1G68440,AT3G47960,AT5G67360,AT5G62670,AT4G32770,AT4G01800,AT2G01670,AT3G08730
3	AT2G46270	GBF3	10	332	PWM2930	DAP-seq	GBF3_col	7	6.141972852703676e-10	1.5732224749853845e-7	133	AT3G55800,AT2G21330,AT5G67030,AT5G23060,AT3G03780,AT1G68010,AT4G39800,AT5G36790,AT1G44575,AT5G64840,AT1G32060,AT4G35250,AT3G61440,AT2G13360,AT1G32900,AT5G02120,AT4G22890,AT5G64940,AT3G28270,AT1G17220,AT1G74730,AT2G38230,AT3G01060,AT1G62750,AT1G62180,AT3G12320,AT5G06980,AT2G21970,AT1G75690,AT1G55480,AT3G22890,AT2G40100,AT1G44000,AT5G40950,AT3G06510,AT4G39330,AT5G58870,AT2G20890,AT4G28660,AT4G24780,AT1G22850,AT3G02020,AT1G14150,AT1G67700,AT5G38520,AT5G67370,AT5G08050,AT5G61410,AT3G19710,AT1G70760,AT2G34460,AT5G54160,AT1G08570,AT1G50020,AT3G24170,AT1G53670,AT3G15360,AT2G40490,AT3G56360,AT1G11840,AT5G22620,AT1G10470,AT1G78900,AT5G17870,AT3G13110,AT3G10420,AT3G13120,AT1G12240,AT2G39800,AT2G31790,AT1G77760,AT5G47560,AT1G01490,AT1G52510,AT1G13650,AT5G24120,AT5G50920,AT1G04410,AT5G13770,AT5G47040,AT4G00050,AT4G14210,AT4G35450,AT1G73060,AT4G15530,AT3G14067,AT5G51020,AT4G37800,AT5G39570,AT2G21960,AT3G30720,AT1G19000,AT3G24190,AT4G34630,AT4G00810,AT1G48830,AT1G15950,AT3G51730,AT5G63180,AT3G58990,AT5G13000,AT3G63520,AT2G05920,AT4G35760,AT1G77090,AT3G52960,AT4G23630,AT2G37240,AT2G24200,AT1G64390,AT1G17050,AT3G04870,AT2G47070,AT2G01590,AT3G16150,AT4G24620,AT3G51895,AT5G40850,AT2G20570,AT4G27520,AT1G68440,AT1G24360,AT5G67360,AT5G62670,AT5G51010,AT4G00490,AT1G19050,AT4G32770,AT4G01800,AT3G19720,AT2G01670,AT1G63940,AT1G15290	AT4G33010,AT2G26080,AT1G31580,AT4G38970,AT2G21330,AT1G12900,AT5G67030,AT3G62410,AT1G37130,AT1G69530,AT5G46110,AT5G38980,AT5G23060,AT1G11860,AT1G55960,AT4G26850,AT5G04140,AT2G41090,AT3G03780,AT1G32080,AT3G26570,AT4G39800,AT1G44575,AT4G15545,AT1G09310,AT3G60750,AT1G32060,AT4G10120,AT5G35970,AT1G16720,AT4G35250,AT5G01410,AT3G54050,AT3G61440,AT1G66200,AT2G13360,AT1G32900,AT1G07180,AT5G02120,AT1G14320,AT3G15850,AT1G15980,AT4G22890,AT5G64940,AT1G16880,AT1G29660,AT4G30950,AT1G34310,AT1G17220,AT4G28080,AT5G12860,AT1G74730,AT1G15690,AT3G01060,AT5G24150,AT5G19760,AT2G38170,AT4G29350,AT4G16980,AT5G06980,AT2G21970,AT5G59970,AT1G75690,AT3G29240,AT3G25690,AT1G55480,AT2G36880,AT3G22890,AT2G40100,AT1G44000,AT1G01060,AT1G19150,AT5G40950,AT3G63410,AT3G06510,AT4G39330,AT3G51920,AT4G13430,AT1G65960,AT2G24270,AT5G58870,AT1G02820,AT5G30510,AT3G52930,AT2G20890,AT4G34050,AT4G28660,AT4G24780,AT1G22850,AT4G34190,AT5G48930,AT3G53260,AT3G23810,AT1G51680,AT3G18490,AT3G56290,AT2G43910,AT2G15620,AT1G14150,AT1G67700,AT3G52720,AT2G23600,AT5G12150,AT5G38520,AT5G67370,AT2G25450,AT3G50685,AT3G44300,AT5G08050,AT1G19450,AT1G70410,AT5G43750,AT1G02500,AT1G10370,AT5G61410,AT3G56240,AT1G56190,AT1G70760,AT2G31380,AT1G45474,AT3G54660,AT3G19450,AT1G65930,AT1G56500,AT3G61870,AT5G54160,AT1G08570,AT3G21670,AT1G04530,AT1G23490,AT1G53670,AT3G49680,AT3G49680,AT5G45680,AT1G50320,AT4G39940,AT3G15360,AT2G40490,AT5G66190,AT4G30530,AT1G52400,AT3G56360,AT5G42270,AT2G27420,AT1G11840,AT1G80380,AT1G10470,AT5G23010,AT4G30960,AT3G11930,AT5G17870,AT3G13110,AT2G24090,AT2G43710,AT2G22670,AT1G04350,AT5G07020,AT4G18370,AT3G23000,AT3G13120,AT4G31500,AT1G12240,AT1G07010,AT4G34720,AT2G39800,AT1G03680,AT1G12800,AT2G21210,AT4G36530,AT1G76450,AT1G30120,AT1G19570,AT1G21065,AT1G77760,AT5G47560,AT2G18162,AT5G57030,AT1G01490,AT5G48790,AT1G52510,AT1G16080,AT1G13650,AT1G08200,AT5G50920,AT1G04410,AT3G24430,AT5G13770,AT1G23190,AT5G47040,AT3G09260,AT4G00050,AT2G37040,AT1G73060,AT4G15530,AT1G22710,AT1G60590,AT1G53240,AT4G25700,AT3G14067,AT1G78820,AT5G51020,AT1G51060,AT4G37800,AT5G39570,AT1G70730,AT4G04840,AT2G21960,AT4G02530,AT3G27060,AT3G08610,AT5G57040,AT4G13500,AT5G61420,AT1G67350,AT3G25530,AT1G64780,AT4G02890,AT3G16910,AT4G39710,AT1G72030,AT5G14260,AT1G19000,AT3G24190,AT2G30490,AT1G68830,AT1G31800,AT3G17510,AT2G23000,AT4G24770,AT1G48830,AT1G15950,AT3G51730,AT1G70370,AT5G63180,AT3G03250,AT2G02930,AT4G37760,AT3G58990,AT5G65220,AT4G01690,AT5G13180,AT3G63520,AT5G40890,AT3G47430,AT2G05920,AT1G76990,AT5G42070,AT5G59880,AT5G04590,AT2G39450,AT4G28240,AT5G33320,AT3G63490,AT2G35810,AT5G06060,AT1G21440,AT4G23630,AT3G10720,AT2G37240,AT3G09820,AT1G64390,AT2G30010,AT1G17050,AT4G23890,AT1G62560,AT3G28220,AT3G04870,AT4G37200,AT3G15810,AT5G48300,AT2G45990,AT2G40880,AT1G12110,AT3G02830,AT1G62960,AT4G17340,AT5G52920,AT5G49480,AT2G01590,AT2G42770,AT2G35960,AT3G16150,AT2G23350,AT3G10840,AT3G51895,AT3G52230,AT2G20610,AT3G57020,AT5G26270,AT5G35360,AT5G53370,AT4G36360,AT2G44060,AT1G08520,AT3G16460,AT4G13840,AT2G20570,AT1G78290,AT4G31870,AT4G37680,AT4G14030,AT2G15020,AT3G57040,AT1G68440,AT1G06690,AT1G24360,AT2G28470,AT3G47960,AT5G67360,AT2G47940,AT5G62670,AT5G08640,AT5G51010,AT1G30530,AT5G36160,AT4G00490,AT2G36870,AT1G19050,AT3G22420,AT3G16530,AT4G29590,AT4G34450,AT4G01800,AT1G51500,AT4G27030,AT2G01670,AT1G63940,AT5G19240,AT5G03555,AT1G15290,AT3G08730,AT5G04950
3	AT2G46270	GBF3	10	332	PWM951	CisBP	M0260_1.01	41	0.000010673363507361269	0.000531592799130521	116	AT3G55800,AT2G21330,AT5G67030,AT3G03780,AT1G72610,AT1G68010,AT4G39800,AT1G44575,AT5G64840,AT1G32060,AT4G35250,AT3G54050,AT3G61440,AT2G13360,AT5G64940,AT1G78370,AT1G15690,AT3G01060,AT1G62750,AT3G12320,AT5G06980,AT2G21970,AT3G22890,AT1G44000,AT1G01060,AT5G40950,AT5G58870,AT1G02820,AT2G20890,AT1G56070,AT3G02020,AT2G15620,AT2G23600,AT5G38520,AT3G19710,AT1G70760,AT1G45474,AT2G18230,AT1G65930,AT4G29060,AT5G54160,AT3G21670,AT1G53670,AT2G42600,AT4G39940,AT2G40490,AT3G56360,AT5G23010,AT4G30960,AT3G11930,AT3G13110,AT3G10420,AT1G12240,AT4G08870,AT1G30120,AT5G47560,AT1G01490,AT1G13650,AT5G24120,AT1G08200,AT5G47040,AT3G09260,AT3G14067,AT5G51020,AT4G37800,AT5G17170,AT3G19030,AT5G57040,AT3G30720,AT4G39710,AT1G72030,AT1G19000,AT3G24190,AT1G68830,AT1G22410,AT1G31800,AT4G34630,AT3G17510,AT4G24770,AT1G48830,AT1G15950,AT3G51730,AT1G70370,AT5G13000,AT3G47430,AT2G39450,AT2G35810,AT4G23630,AT2G37240,AT1G17050,AT1G62560,AT3G04870,AT2G40880,AT2G01590,AT3G16150,AT2G23350,AT2G48020,AT3G57020,AT5G26270,AT5G35360,AT3G16460,AT4G13840,AT4G27520,AT2G15020,AT1G68440,AT5G47570,AT5G67360,AT5G62670,AT5G51010,AT5G36160,AT4G00490,AT1G19050,AT1G02930,AT3G16530,AT3G19720,AT3G08730	AT4G33010,AT2G26080,AT1G31580,AT4G38970,AT2G21330,AT1G12900,AT5G67030,AT3G62410,AT1G37130,AT1G69530,AT5G46110,AT5G38980,AT5G23060,AT1G11860,AT1G55960,AT4G26850,AT5G04140,AT2G41090,AT3G03780,AT1G32080,AT3G26570,AT4G39800,AT1G44575,AT4G15545,AT1G09310,AT3G60750,AT1G32060,AT4G10120,AT5G35970,AT1G16720,AT4G35250,AT5G01410,AT3G54050,AT3G61440,AT1G66200,AT2G13360,AT1G32900,AT1G07180,AT5G02120,AT1G14320,AT3G15850,AT1G15980,AT4G22890,AT5G64940,AT1G16880,AT1G29660,AT4G30950,AT1G34310,AT1G17220,AT4G28080,AT5G12860,AT1G74730,AT1G15690,AT3G01060,AT5G24150,AT5G19760,AT2G38170,AT4G29350,AT4G16980,AT5G06980,AT2G21970,AT5G59970,AT1G75690,AT3G29240,AT3G25690,AT1G55480,AT2G36880,AT3G22890,AT2G40100,AT1G44000,AT1G01060,AT1G19150,AT5G40950,AT3G63410,AT3G06510,AT4G39330,AT3G51920,AT4G13430,AT1G65960,AT2G24270,AT5G58870,AT1G02820,AT5G30510,AT3G52930,AT2G20890,AT4G34050,AT4G28660,AT4G24780,AT1G22850,AT4G34190,AT5G48930,AT3G53260,AT3G23810,AT1G51680,AT3G18490,AT3G56290,AT2G43910,AT2G15620,AT1G14150,AT1G67700,AT3G52720,AT2G23600,AT5G12150,AT5G38520,AT5G67370,AT2G25450,AT3G50685,AT3G44300,AT5G08050,AT1G19450,AT1G70410,AT5G43750,AT1G02500,AT1G10370,AT5G61410,AT3G56240,AT1G56190,AT1G70760,AT2G31380,AT1G45474,AT3G54660,AT3G19450,AT1G65930,AT1G56500,AT3G61870,AT5G54160,AT1G08570,AT3G21670,AT1G04530,AT1G23490,AT1G53670,AT3G49680,AT3G49680,AT5G45680,AT1G50320,AT4G39940,AT3G15360,AT2G40490,AT5G66190,AT4G30530,AT1G52400,AT3G56360,AT5G42270,AT2G27420,AT1G11840,AT1G80380,AT1G10470,AT5G23010,AT4G30960,AT3G11930,AT5G17870,AT3G13110,AT2G24090,AT2G43710,AT2G22670,AT1G04350,AT5G07020,AT4G18370,AT3G23000,AT3G13120,AT4G31500,AT1G12240,AT1G07010,AT4G34720,AT2G39800,AT1G03680,AT1G12800,AT2G21210,AT4G36530,AT1G76450,AT1G30120,AT1G19570,AT1G21065,AT1G77760,AT5G47560,AT2G18162,AT5G57030,AT1G01490,AT5G48790,AT1G52510,AT1G16080,AT1G13650,AT1G08200,AT5G50920,AT1G04410,AT3G24430,AT5G13770,AT1G23190,AT5G47040,AT3G09260,AT4G00050,AT2G37040,AT1G73060,AT4G15530,AT1G22710,AT1G60590,AT1G53240,AT4G25700,AT3G14067,AT1G78820,AT5G51020,AT1G51060,AT4G37800,AT5G39570,AT1G70730,AT4G04840,AT2G21960,AT4G02530,AT3G27060,AT3G08610,AT5G57040,AT4G13500,AT5G61420,AT1G67350,AT3G25530,AT1G64780,AT4G02890,AT3G16910,AT4G39710,AT1G72030,AT5G14260,AT1G19000,AT3G24190,AT2G30490,AT1G68830,AT1G31800,AT3G17510,AT2G23000,AT4G24770,AT1G48830,AT1G15950,AT3G51730,AT1G70370,AT5G63180,AT3G03250,AT2G02930,AT4G37760,AT3G58990,AT5G65220,AT4G01690,AT5G13180,AT3G63520,AT5G40890,AT3G47430,AT2G05920,AT1G76990,AT5G42070,AT5G59880,AT5G04590,AT2G39450,AT4G28240,AT5G33320,AT3G63490,AT2G35810,AT5G06060,AT1G21440,AT4G23630,AT3G10720,AT2G37240,AT3G09820,AT1G64390,AT2G30010,AT1G17050,AT4G23890,AT1G62560,AT3G28220,AT3G04870,AT4G37200,AT3G15810,AT5G48300,AT2G45990,AT2G40880,AT1G12110,AT3G02830,AT1G62960,AT4G17340,AT5G52920,AT5G49480,AT2G01590,AT2G42770,AT2G35960,AT3G16150,AT2G23350,AT3G10840,AT3G51895,AT3G52230,AT2G20610,AT3G57020,AT5G26270,AT5G35360,AT5G53370,AT4G36360,AT2G44060,AT1G08520,AT3G16460,AT4G13840,AT2G20570,AT1G78290,AT4G31870,AT4G37680,AT4G14030,AT2G15020,AT3G57040,AT1G68440,AT1G06690,AT1G24360,AT2G28470,AT3G47960,AT5G67360,AT2G47940,AT5G62670,AT5G08640,AT5G51010,AT1G30530,AT5G36160,AT4G00490,AT2G36870,AT1G19050,AT3G22420,AT3G16530,AT4G29590,AT4G34450,AT4G01800,AT1G51500,AT4G27030,AT2G01670,AT1G63940,AT5G19240,AT5G03555,AT1G15290,AT3G08730,AT5G04950
3	AT1G45249	ABF2	7	0	PWM2903	DAP-seq	ABF2_col	9	2.2451396232957927e-9	4.472817049521507e-7	131	AT3G02468,AT3G55800,AT2G21330,AT5G67030,AT5G23060,AT1G11860,AT3G03780,AT1G68010,AT4G39800,AT1G44575,AT5G64840,AT1G32060,AT4G35250,AT3G54050,AT3G61440,AT2G13360,AT1G32900,AT5G02120,AT5G64940,AT3G28270,AT1G17220,AT1G74730,AT3G01060,AT1G62750,AT1G62180,AT2G04039,AT3G12320,AT5G06980,AT1G75690,AT1G55480,AT3G22890,AT2G40100,AT1G44000,AT1G19150,AT5G40950,AT3G06510,AT4G39330,AT5G58870,AT2G20890,AT1G58380,AT4G28660,AT4G24780,AT1G22850,AT1G14150,AT1G67700,AT5G67370,AT2G25450,AT5G08050,AT1G10370,AT5G61410,AT3G19710,AT1G70760,AT2G18230,AT2G34460,AT1G08570,AT1G50020,AT1G53670,AT2G40490,AT3G56360,AT1G11840,AT5G22620,AT4G30960,AT3G11930,AT1G78900,AT5G17870,AT3G13110,AT3G10420,AT3G13120,AT2G39800,AT2G31790,AT1G76450,AT1G77760,AT5G47560,AT1G13650,AT5G24120,AT5G50920,AT1G04410,AT5G13770,AT5G47040,AT4G00050,AT1G73060,AT4G15530,AT1G22710,AT3G14067,AT5G51020,AT4G37800,AT5G39570,AT2G21960,AT2G22240,AT3G25530,AT3G16910,AT3G30720,AT1G19000,AT3G24190,AT4G34630,AT4G00810,AT1G48830,AT5G63180,AT3G58990,AT3G63520,AT1G77090,AT3G52960,AT3G63490,AT1G21440,AT4G23630,AT2G37240,AT2G30010,AT1G17050,AT3G04870,AT2G47070,AT2G40880,AT4G17340,AT2G01590,AT3G16150,AT3G52230,AT5G26270,AT4G23290,AT5G40850,AT2G20570,AT4G27520,AT1G68440,AT5G67360,AT5G62670,AT5G08670,AT5G51010,AT4G00490,AT4G32770,AT3G19720,AT2G01670,AT1G15290,AT3G08730	
3	AT1G45249	ABF2	7	0	PWM2540	JASPAR	MA0941.1	43	0.000027783506435147777	0.001158507605539999	114	AT4G33010,AT3G02468,AT3G55800,AT2G21330,AT5G67030,AT5G04140,AT5G13930,AT3G02380,AT1G68010,AT4G39800,AT5G64840,AT3G54050,AT3G61440,AT1G07180,AT5G64940,AT1G17220,AT4G28080,AT1G15690,AT3G01060,AT1G62750,AT3G12320,AT5G06980,AT2G21970,AT5G59970,AT1G55480,AT1G01060,AT1G19150,AT4G39330,AT2G05620,AT5G58870,AT2G20890,AT4G34190,AT5G48930,AT3G02020,AT2G15620,AT2G25450,AT3G50685,AT5G08050,AT1G10370,AT3G19710,AT1G70760,AT2G18230,AT4G29060,AT3G61870,AT3G21670,AT1G04530,AT2G34860,AT1G53670,AT1G52400,AT1G71500,AT3G56360,AT1G11840,AT5G22620,AT4G30960,AT3G11930,AT5G17870,AT3G13110,AT3G10420,AT3G13120,AT1G12240,AT1G12800,AT1G76450,AT1G30120,AT5G47560,AT1G01490,AT1G74090,AT1G13650,AT1G08200,AT5G13770,AT5G47040,AT1G73060,AT1G22710,AT5G51020,AT4G37800,AT2G22240,AT3G16910,AT1G72030,AT1G19000,AT4G00810,AT1G48830,AT1G70370,AT3G03250,AT5G47110,AT1G77090,AT2G39450,AT4G28240,AT3G63490,AT1G21440,AT4G23630,AT2G37240,AT2G30010,AT1G62560,AT3G28220,AT2G40880,AT1G12110,AT4G17340,AT5G49480,AT3G16150,AT3G52230,AT3G57020,AT5G26270,AT5G53370,AT4G36360,AT2G20570,AT4G27520,AT1G68440,AT2G28470,AT5G67360,AT5G62670,AT5G08670,AT4G00490,AT4G34450,AT3G19720,AT2G01670	
3	AT1G45249	ABF2	7	0	PWM1178	CisBP	M0252_1.01	46	0.00004413176529372646	0.0017201794602532945	113	AT4G33010,AT3G02468,AT2G21330,AT5G67030,AT5G04140,AT5G13930,AT3G02380,AT1G68010,AT4G39800,AT5G64840,AT3G54050,AT3G61440,AT1G07180,AT5G64940,AT1G17220,AT4G28080,AT1G15690,AT3G01060,AT1G62750,AT3G12320,AT5G06980,AT2G21970,AT5G59970,AT1G55480,AT1G01060,AT1G19150,AT4G39330,AT2G05620,AT5G58870,AT2G20890,AT4G34190,AT5G48930,AT3G02020,AT2G15620,AT2G25450,AT3G50685,AT5G08050,AT1G10370,AT3G19710,AT1G70760,AT2G18230,AT4G29060,AT3G61870,AT3G21670,AT1G04530,AT2G34860,AT1G53670,AT1G52400,AT1G71500,AT3G56360,AT1G11840,AT5G22620,AT4G30960,AT3G11930,AT5G17870,AT3G13110,AT3G10420,AT3G13120,AT1G12240,AT1G12800,AT1G76450,AT1G30120,AT5G47560,AT1G01490,AT1G74090,AT1G13650,AT1G08200,AT5G13770,AT5G47040,AT1G73060,AT1G22710,AT5G51020,AT4G37800,AT2G22240,AT3G16910,AT1G72030,AT1G19000,AT4G00810,AT1G48830,AT1G70370,AT3G03250,AT5G47110,AT1G77090,AT2G39450,AT4G28240,AT3G63490,AT1G21440,AT4G23630,AT2G37240,AT2G30010,AT1G62560,AT3G28220,AT2G40880,AT1G12110,AT4G17340,AT5G49480,AT3G16150,AT3G52230,AT3G57020,AT5G26270,AT5G53370,AT4G36360,AT2G20570,AT4G27520,AT1G68440,AT2G28470,AT5G67360,AT5G62670,AT5G08670,AT4G00490,AT4G34450,AT3G19720,AT2G01670	
3	AT4G36730	AtGBF1	3	0	PWM1292	CisBP	M0264_1.01	11	4.840841846793278e-8	0.000007890572210273043	126	AT3G55800,AT2G21330,AT5G67030,AT3G03780,AT1G72610,AT1G68010,AT4G39800,AT1G44575,AT5G64840,AT1G32060,AT4G35250,AT3G54050,AT3G61440,AT1G07180,AT5G64940,AT1G78370,AT3G28270,AT1G74730,AT1G15690,AT3G01060,AT1G62750,AT2G04039,AT3G12320,AT5G06980,AT2G21970,AT3G22890,AT1G44000,AT1G19150,AT5G40950,AT5G58870,AT1G02820,AT2G20890,AT4G28660,AT1G56070,AT3G02020,AT2G15620,AT1G14150,AT5G38520,AT5G67370,AT3G19710,AT1G70760,AT1G45474,AT2G18230,AT2G34460,AT1G65930,AT4G29060,AT5G54160,AT3G21670,AT2G34860,AT1G53670,AT4G39940,AT2G40490,AT3G56360,AT5G23010,AT4G30960,AT3G11930,AT3G13110,AT3G10420,AT1G12240,AT2G31790,AT1G30120,AT5G47560,AT1G01490,AT1G13650,AT5G24120,AT1G08200,AT1G04410,AT2G24280,AT5G47040,AT1G29700,AT3G09260,AT3G14067,AT5G51020,AT5G39570,AT3G19030,AT2G22240,AT3G30720,AT4G39710,AT1G72030,AT1G19000,AT3G24190,AT1G68830,AT4G34630,AT4G00810,AT3G17510,AT4G24770,AT1G48830,AT1G15950,AT3G51730,AT5G63180,AT3G58990,AT5G13000,AT3G47430,AT2G05920,AT2G39450,AT2G35810,AT1G21440,AT4G23630,AT2G37240,AT1G17050,AT1G62560,AT3G04870,AT2G40880,AT2G01590,AT3G16150,AT4G24620,AT2G48020,AT3G52230,AT3G57020,AT5G26270,AT3G16460,AT4G13840,AT2G20570,AT4G27520,AT2G15020,AT1G68440,AT5G47570,AT5G67360,AT5G62670,AT5G51010,AT4G00490,AT1G19050,AT3G16530,AT4G01800,AT3G19720,AT3G08730	
3	AT5G08520	At5g08520	0	0	PWM3322	DAP-seq	AT5G08520_col	12	4.840841846793278e-8	0.000007890572210273043	126	AT1G42970,AT1G09340,AT2G21330,AT5G67030,AT3G62410,AT5G49740,AT5G46110,AT1G55960,AT3G01120,AT4G17090,AT1G32060,AT4G10120,AT3G15850,AT4G22890,AT1G16880,AT4G30950,AT4G32260,AT3G22210,AT5G09660,AT1G62750,AT5G24150,AT3G16430,AT4G13770,AT1G75690,AT3G29240,AT2G24270,AT1G55490,AT1G56070,AT3G53260,AT2G43910,AT2G15620,AT2G39470,AT1G67700,AT3G44300,AT4G18480,AT5G65360,AT1G70760,AT2G31380,AT3G19450,AT2G34460,AT1G65930,AT5G44580,AT4G29060,AT3G01480,AT1G08570,AT1G23490,AT3G49680,AT3G56360,AT5G58330,AT1G78900,AT5G17870,AT1G07110,AT2G22670,AT4G14880,AT3G13120,AT1G12240,AT1G18730,AT1G68590,AT4G36530,AT3G61220,AT4G08870,AT5G47560,AT1G01490,AT2G38140,AT1G13650,AT3G16470,AT1G65230,AT5G47040,AT2G37040,AT4G37550,AT4G14210,AT1G22710,AT3G52150,AT2G14750,AT1G78820,AT4G37800,AT2G22240,AT4G02530,AT1G67350,AT3G16910,AT5G14260,AT1G19000,AT3G24190,AT1G62250,AT2G30490,AT4G34630,AT4G00810,AT4G24770,AT2G02930,AT5G65220,AT5G13000,AT3G20670,AT5G40890,AT4G35760,AT1G70580,AT5G33320,AT1G21440,AT3G09820,AT1G64390,AT5G08530,AT5G08650,AT4G23890,AT1G54350,AT4G28025,AT5G44650,AT4G10480,AT4G17340,AT2G48020,AT4G36360,AT5G40850,AT3G16460,AT2G24540,AT3G16220,AT5G64460,AT2G04795,AT3G47960,AT2G47940,AT5G08670,AT5G09870,AT1G49970,AT4G30010,AT5G42310,AT3G22420,AT4G01800,AT1G51980,AT1G15290	
3	AT3G17609	HYH	235	na	PWM1068	CisBP	M2214_1.01	13	8.687104472472992e-8	0.000011981521783956982	125	AT4G33010,AT3G02468,AT3G55800,AT2G21330,AT5G67030,AT1G11860,AT3G02380,AT1G68010,AT4G39800,AT5G64840,AT1G32060,AT3G54050,AT3G61440,AT2G13360,AT1G32900,AT1G07180,AT5G02120,AT5G64940,AT1G17220,AT4G28080,AT3G01060,AT3G12320,AT4G16980,AT5G06980,AT5G59970,AT1G55480,AT5G17230,AT3G22890,AT2G40100,AT1G44000,AT1G01060,AT1G19150,AT4G39330,AT2G05620,AT5G58870,AT1G02820,AT2G20890,AT4G28660,AT1G22850,AT4G34190,AT2G15620,AT1G67700,AT5G38520,AT5G67370,AT5G08050,AT5G43750,AT1G10370,AT5G61410,AT3G19710,AT1G70760,AT2G18230,AT2G34460,AT3G61870,AT5G54160,AT3G21670,AT1G53670,AT1G52400,AT5G58330,AT1G11840,AT3G51820,AT4G30960,AT3G11930,AT1G78900,AT5G17870,AT3G13110,AT3G10420,AT3G23000,AT3G13120,AT2G39800,AT1G63770,AT1G76450,AT5G47560,AT1G13650,AT5G50920,AT1G23190,AT5G47040,AT3G09260,AT1G73060,AT1G22710,AT1G60590,AT5G51020,AT4G37800,AT5G39570,AT3G19030,AT2G22240,AT3G25530,AT3G16910,AT1G72030,AT1G19000,AT3G24190,AT4G00810,AT1G48830,AT5G63180,AT3G03250,AT3G58990,AT3G63520,AT1G77090,AT2G39450,AT3G63490,AT1G21440,AT4G23630,AT2G37240,AT3G09820,AT1G17050,AT3G04870,AT2G45990,AT2G40880,AT4G17340,AT3G16150,AT3G10840,AT3G52230,AT3G57020,AT5G26270,AT2G20570,AT4G27520,AT1G68440,AT5G62790,AT5G67360,AT5G62670,AT5G08670,AT4G00490,AT3G19720,AT2G01670,AT1G15290,AT3G08730	na
3	AT1G49720	ABF1	7	85	PWM326	AGRIS		14	8.687104472472992e-8	0.000011981521783956982	125	AT2G26080,AT3G55800,AT2G21330,AT5G67030,AT1G37130,AT1G69530,AT1G11860,AT4G26850,AT3G02380,AT1G68010,AT4G39800,AT5G64840,AT5G35970,AT3G54050,AT3G61440,AT2G13360,AT1G32900,AT1G07180,AT5G02120,AT5G64940,AT1G17220,AT3G01060,AT5G24150,AT3G04840,AT2G04039,AT3G12320,AT2G38170,AT3G16430,AT5G06980,AT5G59970,AT1G75690,AT1G55480,AT3G22890,AT4G39330,AT4G13430,AT5G58870,AT1G02820,AT4G28660,AT1G56070,AT4G24780,AT1G22850,AT3G53260,AT4G26860,AT3G02020,AT1G67700,AT5G38520,AT5G67370,AT5G61410,AT3G56240,AT3G19710,AT2G18230,AT2G34460,AT3G61870,AT5G54160,AT3G21670,AT1G53670,AT4G30530,AT1G11840,AT1G10470,AT3G11930,AT1G78900,AT3G13110,AT3G10420,AT3G23000,AT3G13120,AT2G39800,AT5G47560,AT1G74090,AT5G13770,AT5G47040,AT2G37040,AT4G14210,AT1G73060,AT4G15530,AT1G22710,AT1G60590,AT5G51020,AT5G39570,AT3G19030,AT2G22240,AT3G25530,AT4G02890,AT3G16910,AT1G72030,AT1G19000,AT3G24190,AT1G62250,AT4G00810,AT4G24770,AT3G13920,AT1G70370,AT5G63180,AT3G48200,AT1G78570,AT3G58990,AT5G47110,AT5G13180,AT1G70580,AT2G39450,AT1G21440,AT4G23630,AT2G37240,AT5G09650,AT1G17050,AT3G04870,AT2G45990,AT4G17340,AT3G16150,AT4G24620,AT3G52230,AT5G26270,AT5G53370,AT4G23290,AT1G08520,AT3G16460,AT2G20570,AT4G27520,AT2G15020,AT1G68440,AT5G62670,AT5G09870,AT4G00490,AT3G19720,AT1G15290,AT3G08730	AT3G02468,AT3G55800,AT5G67030,AT4G39800,AT5G64840,AT1G32060,AT3G54050,AT3G61440,AT4G40030,AT5G02120,AT4G28080,AT1G62180,AT5G19760,AT4G16980,AT5G06980,AT2G21970,AT1G19150,AT3G51920,AT5G58870,AT2G20890,AT3G18490,AT5G12150,AT5G67370,AT3G08580,AT5G43750,AT1G10370,AT3G55440,AT2G44670,AT1G65930,AT3G61870,AT1G08570,AT4G30530,AT1G70490,AT4G30960,AT2G43710,AT3G23000,AT3G13120,AT2G39800,AT1G12800,AT1G76450,AT1G30120,AT5G47560,AT5G57030,AT1G01490,AT1G08200,AT5G50920,AT1G04410,AT5G47040,AT3G09260,AT1G22710,AT3G14067,AT4G37800,AT3G25530,AT4G02890,AT3G16910,AT1G19000,AT4G34630,AT1G48830,AT1G70370,AT3G03250,AT4G01080,AT4G01690,AT5G13180,AT5G40890,AT5G04590,AT2G39450,AT4G28240,AT4G23630,AT2G37240,AT1G17050,AT2G45990,AT2G40880,AT1G12110,AT4G17340,AT3G51895,AT3G52230,AT5G26270,AT2G44060,AT3G57040,AT1G68440,AT5G67360,AT5G62670,AT1G19050,AT2G01670,AT3G08730
3	AT1G49720	ABF1	7	85	PWM1495	CisBP	M2233_1.01	57	0.00010790077706988879	0.003454751665826975	111	AT3G55800,AT5G67030,AT1G37130,AT1G44575,AT5G64840,AT5G13650,AT4G35250,AT3G54050,AT3G61440,AT2G13360,AT1G32900,AT5G64940,AT4G28080,AT3G01060,AT1G62750,AT4G16980,AT5G06980,AT5G59970,AT1G55480,AT3G22890,AT1G19150,AT5G40950,AT3G06510,AT4G13430,AT5G58870,AT1G02820,AT2G20890,AT1G58380,AT4G28660,AT3G02020,AT1G14150,AT1G67700,AT5G67370,AT5G08050,AT1G02500,AT1G10370,AT3G55440,AT1G70760,AT2G18230,AT2G34460,AT3G61870,AT1G08570,AT3G21670,AT1G50250,AT1G53670,AT1G71500,AT1G11840,AT5G22620,AT1G10470,AT3G11930,AT1G78900,AT3G10420,AT3G13120,AT2G31790,AT1G77760,AT5G47560,AT1G13650,AT1G04410,AT1G23190,AT5G47040,AT3G09260,AT4G14210,AT4G15530,AT1G22710,AT1G60590,AT3G14067,AT5G51020,AT4G37800,AT3G19030,AT2G21960,AT2G22240,AT1G19000,AT3G24190,AT4G00810,AT4G24770,AT5G63180,AT3G03250,AT3G58990,AT5G13000,AT5G47110,AT1G70580,AT3G52960,AT3G63490,AT1G58807,AT4G23630,AT2G37240,AT5G55620,AT1G62560,AT3G04870,AT2G47070,AT2G40880,AT4G17340,AT3G16150,AT4G24620,AT3G52230,AT5G26270,AT2G20570,AT4G27520,AT1G68440,AT5G62790,AT5G47570,AT5G67360,AT5G62670,AT5G09870,AT5G51010,AT4G00490,AT3G02360,AT2G01670,AT5G19240,AT1G15290,AT3G08730	AT3G02468,AT3G55800,AT5G67030,AT4G39800,AT5G64840,AT1G32060,AT3G54050,AT3G61440,AT4G40030,AT5G02120,AT4G28080,AT1G62180,AT5G19760,AT4G16980,AT5G06980,AT2G21970,AT1G19150,AT3G51920,AT5G58870,AT2G20890,AT3G18490,AT5G12150,AT5G67370,AT3G08580,AT5G43750,AT1G10370,AT3G55440,AT2G44670,AT1G65930,AT3G61870,AT1G08570,AT4G30530,AT1G70490,AT4G30960,AT2G43710,AT3G23000,AT3G13120,AT2G39800,AT1G12800,AT1G76450,AT1G30120,AT5G47560,AT5G57030,AT1G01490,AT1G08200,AT5G50920,AT1G04410,AT5G47040,AT3G09260,AT1G22710,AT3G14067,AT4G37800,AT3G25530,AT4G02890,AT3G16910,AT1G19000,AT4G34630,AT1G48830,AT1G70370,AT3G03250,AT4G01080,AT4G01690,AT5G13180,AT5G40890,AT5G04590,AT2G39450,AT4G28240,AT4G23630,AT2G37240,AT1G17050,AT2G45990,AT2G40880,AT1G12110,AT4G17340,AT3G51895,AT3G52230,AT5G26270,AT2G44060,AT3G57040,AT1G68440,AT5G67360,AT5G62670,AT1G19050,AT2G01670,AT3G08730
3	AT1G49720	ABF1	7	85	PWM2170	JASPAR	MA0570.1	58	0.00010790077706988879	0.003454751665826975	111	AT3G55800,AT5G67030,AT1G37130,AT5G38980,AT1G68010,AT1G44575,AT5G64840,AT5G13650,AT4G35250,AT3G54050,AT3G61440,AT2G13360,AT1G32900,AT5G64940,AT4G28080,AT3G01060,AT1G62750,AT4G16980,AT5G06980,AT5G59970,AT1G55480,AT3G22890,AT1G19150,AT5G40950,AT3G06510,AT4G13430,AT5G58870,AT1G02820,AT2G20890,AT1G58380,AT4G28660,AT1G51680,AT3G02020,AT1G14150,AT1G67700,AT5G67370,AT5G08050,AT1G02500,AT1G10370,AT3G55440,AT1G70760,AT2G18230,AT2G34460,AT1G08570,AT3G21670,AT1G50250,AT1G53670,AT1G71500,AT1G11840,AT5G22620,AT1G10470,AT3G11930,AT1G78900,AT3G10420,AT3G13120,AT2G31790,AT1G77760,AT5G47560,AT1G13650,AT1G04410,AT5G47040,AT3G09260,AT4G14210,AT4G15530,AT1G22710,AT1G60590,AT3G14067,AT5G51020,AT4G37800,AT3G19030,AT2G21960,AT2G22240,AT1G19000,AT3G24190,AT4G00810,AT4G24770,AT5G63180,AT3G03250,AT3G58990,AT5G13000,AT5G47110,AT1G70580,AT3G52960,AT3G63490,AT1G58807,AT2G37240,AT5G55620,AT1G62560,AT3G04870,AT2G47070,AT2G40880,AT4G17340,AT3G16150,AT4G24620,AT3G52230,AT5G26270,AT4G36360,AT2G20570,AT4G27520,AT1G68440,AT5G62790,AT5G47570,AT5G67360,AT5G62670,AT5G09870,AT5G51010,AT4G00490,AT2G01670,AT5G19240,AT1G15290,AT3G08730	AT3G02468,AT3G55800,AT5G67030,AT4G39800,AT5G64840,AT1G32060,AT3G54050,AT3G61440,AT4G40030,AT5G02120,AT4G28080,AT1G62180,AT5G19760,AT4G16980,AT5G06980,AT2G21970,AT1G19150,AT3G51920,AT5G58870,AT2G20890,AT3G18490,AT5G12150,AT5G67370,AT3G08580,AT5G43750,AT1G10370,AT3G55440,AT2G44670,AT1G65930,AT3G61870,AT1G08570,AT4G30530,AT1G70490,AT4G30960,AT2G43710,AT3G23000,AT3G13120,AT2G39800,AT1G12800,AT1G76450,AT1G30120,AT5G47560,AT5G57030,AT1G01490,AT1G08200,AT5G50920,AT1G04410,AT5G47040,AT3G09260,AT1G22710,AT3G14067,AT4G37800,AT3G25530,AT4G02890,AT3G16910,AT1G19000,AT4G34630,AT1G48830,AT1G70370,AT3G03250,AT4G01080,AT4G01690,AT5G13180,AT5G40890,AT5G04590,AT2G39450,AT4G28240,AT4G23630,AT2G37240,AT1G17050,AT2G45990,AT2G40880,AT1G12110,AT4G17340,AT3G51895,AT3G52230,AT5G26270,AT2G44060,AT3G57040,AT1G68440,AT5G67360,AT5G62670,AT1G19050,AT2G01670,AT3G08730
3	AT1G49720	ABF1	7	85	PWM974	CisBP	M0254_1.01	70	0.0002529083647051402	0.006668598498769359	109	AT4G33010,AT3G02468,AT3G55800,AT4G38970,AT2G21330,AT4G26850,AT3G02380,AT1G68010,AT4G39800,AT5G64840,AT3G54050,AT3G61440,AT1G32900,AT1G07180,AT5G02120,AT5G64940,AT1G17220,AT4G28080,AT3G01060,AT3G12320,AT5G06980,AT2G21970,AT1G55480,AT1G44000,AT4G39330,AT2G05620,AT5G58870,AT1G02820,AT2G20890,AT4G28660,AT4G24780,AT1G22850,AT4G26860,AT3G02020,AT2G15620,AT5G67370,AT5G61410,AT3G19710,AT1G70760,AT2G18230,AT2G34460,AT3G61870,AT5G54160,AT3G21670,AT2G16500,AT1G53670,AT3G15360,AT1G11840,AT5G22620,AT4G30960,AT3G11930,AT5G17870,AT3G13110,AT3G10420,AT3G23000,AT1G12240,AT1G30120,AT5G47560,AT1G01490,AT1G74090,AT1G08200,AT5G13770,AT5G47040,AT1G73060,AT1G22710,AT1G60590,AT5G51020,AT3G19030,AT4G04840,AT2G22240,AT3G25530,AT1G72030,AT1G19000,AT3G24190,AT4G00810,AT3G17510,AT4G24770,AT1G48830,AT3G48200,AT1G78570,AT3G58990,AT5G13000,AT5G47110,AT1G77090,AT2G39450,AT4G28240,AT3G63490,AT1G21440,AT4G23630,AT2G37240,AT1G62560,AT3G28220,AT3G04870,AT4G17340,AT3G16150,AT3G52230,AT3G57020,AT5G26270,AT5G53370,AT2G20570,AT4G27520,AT1G68440,AT2G28470,AT2G32160,AT5G62670,AT5G08670,AT4G00490,AT3G19720,AT5G03555	AT3G02468,AT3G55800,AT5G67030,AT4G39800,AT5G64840,AT1G32060,AT3G54050,AT3G61440,AT4G40030,AT5G02120,AT4G28080,AT1G62180,AT5G19760,AT4G16980,AT5G06980,AT2G21970,AT1G19150,AT3G51920,AT5G58870,AT2G20890,AT3G18490,AT5G12150,AT5G67370,AT3G08580,AT5G43750,AT1G10370,AT3G55440,AT2G44670,AT1G65930,AT3G61870,AT1G08570,AT4G30530,AT1G70490,AT4G30960,AT2G43710,AT3G23000,AT3G13120,AT2G39800,AT1G12800,AT1G76450,AT1G30120,AT5G47560,AT5G57030,AT1G01490,AT1G08200,AT5G50920,AT1G04410,AT5G47040,AT3G09260,AT1G22710,AT3G14067,AT4G37800,AT3G25530,AT4G02890,AT3G16910,AT1G19000,AT4G34630,AT1G48830,AT1G70370,AT3G03250,AT4G01080,AT4G01690,AT5G13180,AT5G40890,AT5G04590,AT2G39450,AT4G28240,AT4G23630,AT2G37240,AT1G17050,AT2G45990,AT2G40880,AT1G12110,AT4G17340,AT3G51895,AT3G52230,AT5G26270,AT2G44060,AT3G57040,AT1G68440,AT5G67360,AT5G62670,AT1G19050,AT2G01670,AT3G08730
3	AT2G43010	AtPIF4	21	68	PWM818	CisBP	M2224_1.01	15	1.5435587377990405e-7	0.000018450672112491196	124	AT4G33010,AT3G55800,AT2G21330,AT5G67030,AT1G11860,AT3G02380,AT4G39800,AT5G64840,AT3G54050,AT3G61440,AT1G32900,AT1G07180,AT5G02120,AT5G64940,AT1G17220,AT4G28080,AT3G01060,AT2G04039,AT3G12320,AT2G38170,AT4G09320,AT3G12780,AT5G06980,AT1G75690,AT1G55480,AT3G22890,AT1G44000,AT4G39330,AT2G05620,AT5G58870,AT1G02820,AT4G28660,AT4G24780,AT1G22850,AT1G67700,AT5G38520,AT5G67370,AT5G61410,AT3G19710,AT1G56190,AT1G70760,AT2G18230,AT2G34460,AT3G61870,AT5G54160,AT3G21670,AT1G53670,AT1G11840,AT5G22620,AT1G10470,AT4G30960,AT3G11930,AT1G78900,AT5G17870,AT3G13110,AT3G10420,AT3G23000,AT3G13120,AT1G12240,AT2G39800,AT1G30120,AT5G47560,AT1G01490,AT1G74090,AT5G13770,AT5G47040,AT4G14210,AT1G73060,AT1G22710,AT1G60590,AT5G51020,AT5G39570,AT3G19030,AT4G04840,AT2G22240,AT3G25530,AT4G02890,AT3G16910,AT1G72030,AT1G19000,AT3G24190,AT4G00810,AT4G24770,AT3G13920,AT5G63180,AT1G78570,AT3G58990,AT5G47110,AT5G13180,AT5G04590,AT2G39450,AT4G28240,AT3G63490,AT2G35810,AT1G21440,AT4G23630,AT3G10720,AT2G37240,AT1G64390,AT5G09650,AT1G17050,AT1G62560,AT3G28220,AT3G04870,AT2G45990,AT1G12110,AT4G17340,AT3G16150,AT4G24620,AT3G52230,AT2G20610,AT5G26270,AT5G53370,AT2G20570,AT4G27520,AT1G68440,AT5G47570,AT5G67360,AT5G62670,AT4G00490,AT1G02930,AT3G19720,AT1G15290,AT3G08730	AT1G37130,AT1G72610,AT4G39800,AT4G15545,AT1G32060,AT1G16880,AT4G16980,AT5G06980,AT3G29240,AT1G19150,AT2G42690,AT1G65960,AT4G28660,AT4G24780,AT3G23810,AT3G18490,AT2G43910,AT5G38520,AT5G67370,AT3G44300,AT1G70410,AT1G65930,AT5G54160,AT3G01480,AT1G08570,AT2G42600,AT3G56360,AT1G11840,AT5G23010,AT5G07020,AT4G34720,AT2G21210,AT2G18162,AT1G01490,AT1G13650,AT1G08200,AT2G24280,AT4G15530,AT3G14067,AT4G37800,AT5G39570,AT3G27060,AT1G19000,AT1G68830,AT4G00810,AT1G70370,AT4G37760,AT5G40890,AT3G47430,AT2G05920,AT5G59880,AT4G28240,AT4G23630,AT3G10720,AT5G64290,AT2G47070,AT1G12110,AT2G23350,AT3G51895,AT4G36360,AT2G20570,AT3G57040,AT5G62670,AT2G36870,AT4G30010,AT5G03555,AT1G15290,AT3G13410
3	AT2G43010	AtPIF4	21	68	PWM2161	JASPAR	MA0561.1	23	8.15517073600014e-7	0.00006646464149840113	121	AT4G33010,AT3G55800,AT2G21330,AT5G67030,AT1G11860,AT3G02380,AT4G39800,AT5G64840,AT3G54050,AT1G32900,AT1G07180,AT5G02120,AT5G64940,AT1G17220,AT4G28080,AT3G01060,AT2G04039,AT3G12320,AT2G38170,AT4G09320,AT3G12780,AT5G06980,AT1G75690,AT1G55480,AT3G22890,AT1G44000,AT4G39330,AT2G05620,AT5G58870,AT1G02820,AT4G28660,AT4G24780,AT1G22850,AT1G67700,AT5G38520,AT5G67370,AT5G61410,AT3G19710,AT1G56190,AT1G70760,AT2G18230,AT2G34460,AT3G61870,AT5G54160,AT3G21670,AT1G53670,AT1G11840,AT5G22620,AT1G10470,AT5G23010,AT4G30960,AT3G11930,AT1G78900,AT5G17870,AT3G13110,AT3G10420,AT3G23000,AT3G13120,AT1G12240,AT2G39800,AT1G30120,AT5G47560,AT1G74090,AT5G13770,AT5G47040,AT4G14210,AT1G73060,AT1G22710,AT1G60590,AT5G51020,AT5G39570,AT3G19030,AT4G04840,AT2G22240,AT3G25530,AT4G02890,AT3G16910,AT1G19000,AT3G24190,AT4G00810,AT4G24770,AT3G13920,AT5G63180,AT1G78570,AT3G58990,AT5G47110,AT5G13180,AT5G04590,AT2G39450,AT4G28240,AT3G63490,AT2G35810,AT1G21440,AT3G10720,AT2G37240,AT1G64390,AT5G09650,AT1G17050,AT1G62560,AT3G28220,AT3G04870,AT2G45990,AT1G12110,AT4G17340,AT3G16150,AT4G24620,AT3G52230,AT2G20610,AT5G26270,AT5G53370,AT2G20570,AT4G27520,AT1G68440,AT5G47570,AT5G67360,AT5G62670,AT4G00490,AT1G02930,AT3G19720,AT1G15290,AT3G08730	AT1G37130,AT1G72610,AT4G39800,AT4G15545,AT1G32060,AT1G16880,AT4G16980,AT5G06980,AT3G29240,AT1G19150,AT2G42690,AT1G65960,AT4G28660,AT4G24780,AT3G23810,AT3G18490,AT2G43910,AT5G38520,AT5G67370,AT3G44300,AT1G70410,AT1G65930,AT5G54160,AT3G01480,AT1G08570,AT2G42600,AT3G56360,AT1G11840,AT5G23010,AT5G07020,AT4G34720,AT2G21210,AT2G18162,AT1G01490,AT1G13650,AT1G08200,AT2G24280,AT4G15530,AT3G14067,AT4G37800,AT5G39570,AT3G27060,AT1G19000,AT1G68830,AT4G00810,AT1G70370,AT4G37760,AT5G40890,AT3G47430,AT2G05920,AT5G59880,AT4G28240,AT4G23630,AT3G10720,AT5G64290,AT2G47070,AT1G12110,AT2G23350,AT3G51895,AT4G36360,AT2G20570,AT3G57040,AT5G62670,AT2G36870,AT4G30010,AT5G03555,AT1G15290,AT3G13410
3	AT5G11260	HY5	10	4	PWM2151	JASPAR	MA0551.1	17	2.715472853513798e-7	0.000030430267664688996	123	AT4G33010,AT3G02468,AT3G55800,AT2G21330,AT5G67030,AT1G11860,AT3G02380,AT1G68010,AT4G39800,AT5G64840,AT1G32060,AT3G54050,AT3G61440,AT2G13360,AT1G32900,AT1G07180,AT5G02120,AT5G64940,AT1G17220,AT4G28080,AT3G01060,AT3G12320,AT4G16980,AT5G06980,AT5G59970,AT1G55480,AT3G22890,AT2G40100,AT1G44000,AT1G01060,AT1G19150,AT4G39330,AT2G05620,AT5G58870,AT1G02820,AT2G20890,AT4G28660,AT1G22850,AT4G34190,AT2G15620,AT1G67700,AT5G38520,AT5G67370,AT5G08050,AT5G43750,AT1G10370,AT5G61410,AT1G70760,AT2G18230,AT2G34460,AT3G61870,AT5G54160,AT3G21670,AT1G53670,AT1G52400,AT5G58330,AT1G11840,AT3G51820,AT4G30960,AT3G11930,AT1G78900,AT5G17870,AT3G13110,AT3G10420,AT3G23000,AT3G13120,AT2G39800,AT1G63770,AT3G61220,AT1G76450,AT5G47560,AT1G13650,AT5G50920,AT1G23190,AT5G47040,AT3G09260,AT1G73060,AT1G22710,AT1G60590,AT5G51020,AT4G37800,AT5G39570,AT3G19030,AT2G22240,AT3G25530,AT3G16910,AT1G72030,AT1G19000,AT3G24190,AT4G00810,AT1G48830,AT5G63180,AT3G03250,AT3G58990,AT3G63520,AT1G77090,AT2G39450,AT3G63490,AT1G21440,AT4G23630,AT2G37240,AT1G17050,AT3G04870,AT3G15810,AT2G45990,AT2G40880,AT4G17340,AT3G16150,AT3G10840,AT3G52230,AT3G57020,AT5G26270,AT2G20570,AT4G27520,AT1G68440,AT5G62790,AT5G67360,AT5G62670,AT5G08670,AT4G00490,AT2G01670,AT1G15290,AT3G08730	AT5G48930,AT2G37040,AT2G30490,AT3G58990
3	AT5G11260	HY5	10	4	PWM623	AthaMAP	T10638	31	0.0000023522199586705743	0.0001454320822722876	119	AT2G26080,AT3G55800,AT2G21330,AT5G67030,AT1G11860,AT3G02380,AT1G68010,AT4G39800,AT1G44575,AT5G64840,AT1G32060,AT5G13650,AT3G54050,AT3G61440,AT2G13360,AT1G32900,AT1G07180,AT5G02120,AT5G64940,AT1G17220,AT4G28080,AT3G01060,AT1G62750,AT3G12320,AT2G38170,AT4G16980,AT5G06980,AT5G59970,AT1G55480,AT2G40100,AT1G44000,AT1G01060,AT4G39330,AT4G13430,AT2G01250,AT5G58870,AT1G02820,AT2G20890,AT4G28660,AT1G22850,AT1G67700,AT5G67370,AT1G02500,AT1G10370,AT5G61410,AT1G70760,AT2G18230,AT2G34460,AT3G61870,AT1G53670,AT1G11840,AT4G30960,AT3G11930,AT1G78900,AT5G17870,AT3G13110,AT5G13510,AT3G10420,AT3G23000,AT3G13120,AT2G39800,AT1G12800,AT1G63770,AT3G61220,AT1G76450,AT1G77760,AT5G47560,AT1G13650,AT5G50920,AT5G47040,AT3G09260,AT1G73060,AT1G22710,AT1G60590,AT5G51020,AT4G37800,AT5G39570,AT3G19030,AT2G22240,AT5G57040,AT5G61420,AT3G25530,AT3G16910,AT1G19000,AT3G24190,AT4G00810,AT3G13920,AT1G70370,AT5G63180,AT3G58990,AT5G13000,AT3G63490,AT1G21440,AT4G23630,AT3G09820,AT3G04870,AT2G45990,AT2G40880,AT4G17340,AT3G16150,AT3G52230,AT3G57020,AT5G26270,AT2G20570,AT4G27520,AT2G15020,AT1G68440,AT5G62790,AT5G47570,AT2G28470,AT5G67360,AT5G62670,AT5G09870,AT4G34450,AT1G51980,AT3G19720,AT2G01670,AT2G40890,AT3G08730	AT5G48930,AT2G37040,AT2G30490,AT3G58990
3	AT5G11260	HY5	10	4	PWM336	AthaMAP	T10638	50	0.00004413176529372646	0.0017201794602532945	113	AT2G26080,AT3G55800,AT4G38970,AT2G21330,AT5G23060,AT3G02380,AT1G68010,AT5G64840,AT5G13650,AT3G54050,AT3G61440,AT2G13360,AT1G32900,AT1G07180,AT5G64940,AT1G17220,AT4G28080,AT3G01060,AT5G24150,AT3G12320,AT3G16430,AT2G21970,AT1G55480,AT3G22890,AT3G11170,AT4G13430,AT5G58870,AT1G02820,AT1G22850,AT1G14150,AT1G67700,AT5G38520,AT5G67370,AT2G25450,AT5G65360,AT1G02500,AT1G56190,AT2G18230,AT2G34460,AT1G65930,AT3G61870,AT5G54160,AT3G01480,AT3G21670,AT2G34860,AT1G53670,AT1G52400,AT1G71500,AT4G31700,AT1G11840,AT1G10470,AT3G51820,AT3G11930,AT1G78900,AT3G13110,AT3G10420,AT3G23000,AT3G61220,AT1G77760,AT5G47560,AT1G01490,AT5G58140,AT1G13650,AT5G13770,AT5G47040,AT4G00050,AT1G73060,AT4G15530,AT1G22710,AT3G14067,AT5G51020,AT5G39570,AT3G19030,AT2G22240,AT3G16910,AT5G14260,AT1G19000,AT3G24190,AT4G00810,AT3G13920,AT5G63180,AT3G58990,AT4G01690,AT5G47110,AT3G63520,AT5G40890,AT3G47430,AT5G02830,AT5G59880,AT2G39450,AT5G33320,AT1G21440,AT3G10720,AT3G09820,AT2G30010,AT1G17050,AT3G04870,AT3G15810,AT4G17340,AT3G16150,AT3G10840,AT3G57020,AT4G13840,AT2G20570,AT1G68440,AT5G47570,AT3G27925,AT5G09870,AT4G00490,AT2G01670,AT5G03555,AT1G15290,AT5G04950	AT5G48930,AT2G37040,AT2G30490,AT3G58990
3	AT5G11260	HY5	10	4	PWM698	AthaMAP	T10638	69	0.0002529083647051402	0.006668598498769359	109	AT4G38970,AT2G21330,AT5G23060,AT3G02380,AT1G68010,AT4G39800,AT1G44575,AT5G35970,AT3G61440,AT1G66200,AT2G13360,AT5G64940,AT1G29660,AT1G17220,AT4G28080,AT1G15690,AT3G01060,AT5G24150,AT3G16430,AT3G12780,AT2G21970,AT1G75690,AT1G55480,AT3G22890,AT2G40100,AT4G13430,AT5G58870,AT1G02820,AT5G30510,AT5G59870,AT2G43910,AT1G14150,AT2G23600,AT5G38520,AT5G67370,AT1G70410,AT5G43750,AT1G02500,AT3G19710,AT1G70760,AT1G45474,AT2G34460,AT1G65930,AT3G61870,AT5G54160,AT3G01480,AT3G21670,AT2G34860,AT1G53670,AT1G52400,AT1G71500,AT1G10470,AT3G11930,AT3G13110,AT3G10420,AT3G23000,AT1G12240,AT3G61220,AT5G47560,AT1G01490,AT5G47040,AT3G09260,AT2G37040,AT1G22710,AT1G60590,AT3G14067,AT5G51020,AT5G39570,AT3G19030,AT1G65260,AT5G57040,AT1G72030,AT5G14260,AT1G19000,AT3G24190,AT1G68830,AT4G00810,AT3G13920,AT5G63180,AT3G58990,AT5G47110,AT5G13180,AT3G47430,AT5G02830,AT5G04590,AT2G39450,AT1G21440,AT4G23630,AT1G17050,AT3G15810,AT4G17340,AT3G16150,AT2G23350,AT4G24620,AT3G10840,AT3G51895,AT5G53370,AT2G35840,AT1G68440,AT2G32160,AT4G00490,AT1G02930,AT3G16530,AT3G19720,AT5G19240,AT5G03555,AT1G15290,AT3G08730,AT5G04950	AT5G48930,AT2G37040,AT2G30490,AT3G58990
3	AT2G20180	PIF1	4	0	PWM1082	CisBP	M0155_1.01	19	4.7295746434909476e-7	0.00004463224913568036	122	AT4G33010,AT1G31580,AT3G55800,AT2G21330,AT5G67030,AT1G69530,AT1G68010,AT4G39800,AT1G44575,AT5G64840,AT1G32060,AT3G54050,AT3G61440,AT1G32900,AT5G64940,AT1G17220,AT4G28080,AT3G01060,AT1G62750,AT3G12320,AT4G16980,AT5G06980,AT5G59970,AT4G13770,AT1G55480,AT1G44000,AT1G01060,AT1G19150,AT4G13430,AT2G05620,AT5G58870,AT1G02820,AT2G20890,AT1G58380,AT4G28660,AT1G22850,AT4G34190,AT2G15620,AT5G38520,AT3G50685,AT5G08050,AT5G43750,AT1G10370,AT5G61410,AT1G68660,AT3G19710,AT1G56190,AT1G70760,AT2G18230,AT2G34460,AT1G53670,AT4G39940,AT3G56360,AT1G11840,AT5G22620,AT5G23010,AT4G30960,AT3G11930,AT5G17870,AT3G13110,AT4G18370,AT3G10420,AT1G12240,AT2G39800,AT1G12800,AT1G30120,AT1G21065,AT5G47560,AT1G01490,AT1G08200,AT5G50920,AT3G16470,AT5G13770,AT5G47040,AT4G00050,AT4G14210,AT1G73060,AT1G22710,AT1G60590,AT3G14067,AT2G22240,AT4G02890,AT3G16910,AT1G19000,AT3G24190,AT4G00810,AT4G24770,AT3G13920,AT5G63180,AT3G03250,AT1G78570,AT3G47430,AT5G04590,AT2G39450,AT4G28240,AT5G33320,AT3G63490,AT1G21440,AT4G23630,AT2G37240,AT5G09650,AT3G28220,AT2G40880,AT1G12110,AT4G17340,AT3G16150,AT4G24620,AT2G48020,AT3G51895,AT3G52230,AT5G26270,AT2G20570,AT4G27520,AT3G16220,AT1G68440,AT2G28470,AT5G67360,AT5G62670,AT4G00490,AT1G02930,AT3G19720,AT3G08730	
3	AT2G20180	PIF1	4	0	PWM2152	JASPAR	MA0552.1	21	4.7295746434909476e-7	0.00004463224913568036	122	AT4G33010,AT1G31580,AT3G55800,AT2G21330,AT5G67030,AT1G69530,AT1G68010,AT4G39800,AT1G44575,AT5G64840,AT1G32060,AT3G54050,AT3G61440,AT1G32900,AT5G64940,AT1G17220,AT4G28080,AT3G01060,AT1G62750,AT3G12320,AT4G16980,AT5G06980,AT5G59970,AT4G13770,AT1G55480,AT1G44000,AT1G01060,AT4G13430,AT2G05620,AT5G58870,AT1G02820,AT2G20890,AT1G58380,AT4G28660,AT1G22850,AT4G34190,AT2G15620,AT5G38520,AT3G50685,AT5G08050,AT5G43750,AT1G10370,AT5G61410,AT1G68660,AT3G19710,AT1G56190,AT1G70760,AT2G18230,AT2G34460,AT1G53670,AT4G39940,AT3G56360,AT1G11840,AT5G22620,AT5G23010,AT4G30960,AT3G11930,AT5G17870,AT3G13110,AT4G18370,AT3G10420,AT1G12240,AT2G39800,AT1G12800,AT1G30120,AT1G21065,AT5G47560,AT1G01490,AT1G08200,AT5G50920,AT3G16470,AT5G13770,AT5G47040,AT3G09260,AT4G00050,AT4G14210,AT1G73060,AT1G22710,AT1G60590,AT3G14067,AT2G22240,AT4G02890,AT3G16910,AT1G19000,AT3G24190,AT4G00810,AT4G24770,AT3G13920,AT5G63180,AT3G03250,AT1G78570,AT3G47430,AT5G04590,AT2G39450,AT4G28240,AT5G33320,AT3G63490,AT1G21440,AT4G23630,AT2G37240,AT5G09650,AT3G28220,AT2G40880,AT1G12110,AT4G17340,AT2G01590,AT3G16150,AT4G24620,AT3G51895,AT3G52230,AT5G26270,AT2G20570,AT4G27520,AT3G16220,AT1G68440,AT2G28470,AT5G67360,AT5G62670,AT4G00490,AT1G02930,AT3G19720,AT3G08730	
3	AT2G20180	PIF1	4	0	PWM1238	CisBP	M2215_1.01	22	8.15517073600014e-7	0.00006646464149840113	121	AT4G33010,AT1G31580,AT3G55800,AT2G21330,AT5G67030,AT1G69530,AT1G68010,AT4G39800,AT1G44575,AT5G64840,AT1G32060,AT3G54050,AT3G61440,AT1G32900,AT5G64940,AT1G17220,AT4G28080,AT3G01060,AT1G62750,AT3G12320,AT4G16980,AT5G06980,AT5G59970,AT4G13770,AT1G55480,AT1G44000,AT1G01060,AT4G13430,AT2G05620,AT5G58870,AT1G02820,AT2G20890,AT1G58380,AT4G28660,AT1G22850,AT4G34190,AT2G15620,AT5G38520,AT3G50685,AT5G08050,AT5G43750,AT1G10370,AT5G61410,AT1G68660,AT3G19710,AT1G56190,AT1G70760,AT2G18230,AT2G34460,AT1G53670,AT4G39940,AT3G56360,AT1G11840,AT5G22620,AT5G23010,AT4G30960,AT3G11930,AT5G17870,AT3G13110,AT4G18370,AT3G10420,AT1G12240,AT2G39800,AT1G12800,AT1G30120,AT1G21065,AT5G47560,AT1G01490,AT1G08200,AT5G50920,AT3G16470,AT5G13770,AT5G47040,AT4G00050,AT4G14210,AT1G73060,AT1G22710,AT1G60590,AT3G14067,AT2G22240,AT4G02890,AT3G16910,AT1G19000,AT3G24190,AT4G00810,AT4G24770,AT3G13920,AT5G63180,AT3G03250,AT1G78570,AT3G47430,AT5G04590,AT2G39450,AT4G28240,AT5G33320,AT3G63490,AT1G21440,AT4G23630,AT2G37240,AT5G09650,AT3G28220,AT2G40880,AT1G12110,AT4G17340,AT3G16150,AT4G24620,AT2G48020,AT3G51895,AT3G52230,AT5G26270,AT2G20570,AT4G27520,AT3G16220,AT1G68440,AT2G28470,AT5G67360,AT5G62670,AT4G00490,AT1G02930,AT3G19720,AT3G08730	
3	AT5G15830	AtbZIP3	6	0	PWM2913	DAP-seq	BZIP3_col	24	8.15517073600014e-7	0.00006646464149840113	121	AT1G31580,AT4G38970,AT5G67030,AT5G23060,AT5G13930,AT2G41090,AT3G03780,AT1G68010,AT4G39800,AT5G36790,AT1G44575,AT5G64840,AT1G32060,AT4G35250,AT1G32900,AT4G22890,AT5G64940,AT3G28270,AT1G74730,AT2G38230,AT3G01060,AT1G62750,AT1G62180,AT4G29350,AT5G06980,AT5G59970,AT1G75690,AT3G22890,AT1G44000,AT1G01060,AT5G40950,AT3G06510,AT4G39330,AT5G58870,AT4G28660,AT4G24780,AT1G14150,AT1G67700,AT5G38520,AT5G65360,AT5G08050,AT3G19710,AT1G45474,AT3G19450,AT1G08570,AT1G50020,AT3G24170,AT2G16500,AT1G53670,AT3G15360,AT2G40490,AT5G66190,AT1G70490,AT3G56360,AT1G10470,AT3G13110,AT3G23000,AT3G13120,AT1G12240,AT2G31790,AT1G77760,AT5G47560,AT1G01490,AT1G52510,AT1G13650,AT5G24120,AT5G50920,AT1G04410,AT5G13770,AT4G00050,AT2G37040,AT4G14210,AT4G35450,AT4G15530,AT3G14067,AT2G21960,AT3G30720,AT3G24190,AT4G34630,AT4G00810,AT3G17510,AT1G48830,AT1G15950,AT3G51730,AT3G58990,AT5G13000,AT3G63520,AT2G05920,AT4G35760,AT1G77090,AT3G52960,AT1G58807,AT2G37240,AT2G24200,AT3G11945,AT1G64390,AT2G30010,AT1G17050,AT2G47070,AT3G02830,AT2G01590,AT3G16150,AT4G24620,AT2G48020,AT3G51895,AT5G40850,AT2G20570,AT4G27520,AT2G15020,AT3G57040,AT1G24360,AT5G67360,AT5G51010,AT4G00490,AT2G36870,AT1G19050,AT4G01800,AT3G19720,AT2G01670,AT1G63940,AT1G15290	
3	AT4G24470	GATA25	0	0	PWM3017	DAP-seq	ZIM_col	25	8.15517073600014e-7	0.00006646464149840113	121	AT4G33010,AT3G02468,AT5G67030,AT5G49740,AT1G37130,AT1G69530,AT5G46110,AT5G38980,AT5G23060,AT1G68010,AT3G01120,AT3G47070,AT3G60750,AT5G01410,AT3G61440,AT4G40030,AT1G32900,AT1G15980,AT1G72910,AT4G28080,AT5G12860,AT1G15690,AT1G62750,AT5G24150,AT4G09320,AT5G59970,AT1G75690,AT3G22890,AT3G11170,AT5G65010,AT2G05620,AT5G58870,AT3G52930,AT4G28660,AT1G55490,AT5G59870,AT3G53260,AT3G23810,AT1G64770,AT5G67370,AT3G50685,AT3G08580,AT5G65360,AT1G70410,AT1G02500,AT1G31180,AT2G18230,AT1G65930,AT3G01480,AT1G08570,AT2G16500,AT1G66330,AT4G39940,AT1G09200,AT3G56360,AT3G13110,AT2G24090,AT3G59970,AT1G07110,AT2G22670,AT3G23000,AT1G12240,AT4G34720,AT1G19570,AT1G21065,AT1G77760,AT5G47560,AT1G01490,AT1G16080,AT5G24120,AT5G50920,AT3G24430,AT1G23190,AT5G47040,AT2G37040,AT1G73060,AT4G15530,AT1G17880,AT1G60590,AT1G78820,AT1G51060,AT1G64780,AT4G39710,AT1G48830,AT3G13920,AT3G51730,AT1G58080,AT4G37760,AT5G42760,AT2G41680,AT3G20670,AT5G40890,AT1G70580,AT1G73650,AT5G04590,AT4G28240,AT2G35810,AT1G21440,AT4G23630,AT1G64390,AT2G44650,AT5G10470,AT2G47070,AT3G02830,AT1G62960,AT3G16150,AT2G23350,AT4G24620,AT5G53370,AT4G13840,AT5G27560,AT2G15020,AT2G35840,AT2G32160,AT5G67360,AT5G08640,AT5G08670,AT5G36160,AT4G34110,AT5G03555,AT1G15290	
3	AT5G59990	AT5G59990	1	na	PWM2962	DAP-seq	AT5G59990_col	26	0.0000013920613103076595	0.00009599868959160128	120	AT3G02468,AT5G67030,AT5G49740,AT1G69530,AT5G46110,AT1G13440,AT5G23060,AT3G01120,ATCG00760,AT3G47070,AT4G15545,AT3G60750,AT5G35970,AT5G01410,AT3G61440,AT2G13360,AT1G32900,AT4G20360,AT1G72910,AT1G29660,AT4G30950,AT5G46800,AT5G12860,AT3G14415,AT1G62750,AT5G24150,ATCG00770,AT5G59970,AT1G75690,AT3G11170,AT5G65010,AT3G06510,AT2G24270,AT2G05620,AT5G58870,AT1G55490,AT1G07610,AT1G56070,AT3G23810,AT1G64770,AT5G67370,AT3G08580,AT5G65360,AT1G70410,AT1G31180,AT2G18230,AT2G44670,AT3G01480,AT1G08570,AT2G16500,AT4G39940,AT2G40490,AT4G10060,AT3G56360,AT1G11840,AT3G51820,AT5G17870,AT3G13110,AT2G22670,AT3G23000,AT2G21210,AT1G19570,AT1G21065,AT5G47560,AT1G01490,AT5G50920,AT1G23190,AT5G47040,AT1G73060,AT4G15530,AT1G17880,AT1G60590,AT3G52150,AT2G14750,AT1G51060,AT3G19030,AT5G61420,AT1G67350,AT1G64780,AT1G62250,AT1G68830,AT3G17510,AT1G48830,AT3G13920,AT1G58080,AT3G03250,AT1G31190,AT4G01690,AT2G41680,AT4G35760,AT1G70580,AT4G28240,AT2G35810,AT4G23630,AT5G64290,AT1G64390,AT2G44650,AT1G54350,AT1G62560,AT5G10470,AT3G02830,AT1G62960,AT2G35960,AT3G16150,AT2G23350,AT4G24620,AT3G51895,AT5G35360,AT5G53370,AT4G36360,AT2G20570,AT2G15020,AT2G04795,AT5G67360,AT5G08640,AT5G36160,AT3G22420,AT4G29590,AT4G34110,AT1G15290	na
3	AT1G09530	PAP3	6	19	PWM829	AthaMAP	T04492	27	0.0000013920613103076595	0.00009599868959160128	120	AT4G33010,AT1G31580,AT2G21330,AT1G69530,AT1G11860,AT5G13930,AT3G02380,AT4G39800,AT5G13650,AT3G54050,AT1G32900,AT1G07180,AT5G02120,AT4G22890,AT5G64940,AT1G17220,AT4G28080,AT3G01060,AT3G12320,AT4G16980,AT5G06980,AT5G59970,AT1G75690,AT1G55480,AT2G40100,AT3G06510,AT4G39330,AT4G13430,AT2G05620,AT1G02820,AT2G20890,AT4G28660,AT4G34190,AT2G15620,AT5G67370,AT2G25450,AT3G50685,AT1G10370,AT1G68660,AT3G55440,AT2G18230,AT2G34460,AT5G54160,AT3G01480,AT1G50020,AT3G21670,AT2G16500,AT1G53670,AT1G71500,AT1G11840,AT1G10470,AT5G23010,AT4G30960,AT3G11930,AT5G17870,AT3G13110,AT3G10420,AT3G13120,AT1G12240,AT3G61220,AT1G76450,AT1G19570,AT5G47560,AT1G01490,AT1G74090,AT1G08200,AT1G23190,AT5G47040,AT4G00050,AT1G73060,AT1G22710,AT1G60590,AT5G51020,AT4G37800,AT5G39570,AT3G19030,AT2G22240,AT3G25530,AT4G02890,AT1G19000,AT3G24190,AT4G00810,AT3G17510,AT1G48830,AT5G63180,AT1G78570,AT3G58990,AT5G04590,AT2G39450,AT5G33320,AT3G63490,AT1G21440,AT3G10720,AT1G64390,AT1G17050,AT1G62560,AT3G04870,AT2G45990,AT2G40880,AT1G12110,AT4G10480,AT4G17340,AT3G16150,AT4G24620,AT2G48020,AT3G52230,AT4G36360,AT2G20570,AT4G27520,AT4G09350,AT3G02090,AT1G68440,AT5G67360,AT5G62670,AT5G08670,AT4G00490,AT2G36870,AT1G02930,AT1G15290,AT3G08730	AT1G17220,AT3G51920,AT4G28660,AT3G23810,AT3G18490,AT5G12150,AT3G44300,AT3G10420,AT2G18162,AT5G13770,AT5G39570,AT4G00810,AT5G40890,AT3G47430,AT2G39450,AT4G28240,AT4G23630,AT4G23890,AT2G40890
3	AT1G09530	PAP3	6	19	PWM841	CisBP	M2732_1.01	28	0.0000013920613103076595	0.00009599868959160128	120	AT4G33010,AT2G21330,AT1G69530,AT1G11860,AT3G02380,AT4G39800,AT1G44575,AT5G13650,AT2G13360,AT1G32900,AT1G07180,AT5G02120,AT4G22890,AT5G64940,AT1G16880,AT1G17220,AT4G28080,AT3G01060,AT3G12320,AT3G16430,AT4G16980,AT5G06980,AT5G59970,AT1G75690,AT1G55480,AT3G22890,AT2G40100,AT3G06510,AT4G13430,AT4G28660,AT4G34190,AT1G51680,AT2G43910,AT3G02020,AT1G67700,AT5G67370,AT2G25450,AT1G32220,AT1G10370,AT1G68660,AT1G56190,AT1G45474,AT2G18230,AT2G34460,AT5G54160,AT3G01480,AT1G50020,AT3G21670,AT2G16500,AT2G34860,AT1G53670,AT5G03850,AT1G71500,AT1G11840,AT1G10470,AT5G23010,AT4G30960,AT3G11930,AT3G13110,AT3G10420,AT1G12240,AT3G61220,AT1G77760,AT5G47560,AT1G01490,AT5G47040,AT3G09260,AT4G00050,AT1G73060,AT1G22710,AT1G60590,AT4G25700,AT5G51020,AT4G37800,AT5G39570,AT3G19030,AT2G22240,AT4G02530,AT3G25530,AT4G02890,AT3G16910,AT1G19000,AT3G24190,AT3G17510,AT1G48830,AT5G63180,AT1G78570,AT3G58990,AT4G01690,AT5G04590,AT4G28240,AT5G33320,AT3G63490,AT1G58807,AT2G35810,AT4G23630,AT1G64390,AT1G17050,AT3G04870,AT2G45990,AT4G10480,AT4G17340,AT3G16150,AT4G24620,AT2G48020,AT3G52230,AT2G20570,AT4G27520,AT4G14030,AT4G09350,AT3G02090,AT2G35840,AT1G68440,AT5G67360,AT5G62670,AT4G00490,AT2G36870,AT1G02930,AT1G15290,AT5G04950	AT1G17220,AT3G51920,AT4G28660,AT3G23810,AT3G18490,AT5G12150,AT3G44300,AT3G10420,AT2G18162,AT5G13770,AT5G39570,AT4G00810,AT5G40890,AT3G47430,AT2G39450,AT4G28240,AT4G23630,AT4G23890,AT2G40890
3	AT1G09530	PAP3	6	19	PWM2160	JASPAR	MA0560.1	83	0.0008378600438880871	0.018099795887847474	106	AT3G55800,AT2G21330,AT5G67030,AT1G11860,AT1G72610,AT4G39800,AT4G17090,AT5G64840,AT5G13650,AT3G54050,AT5G64940,AT1G17220,AT4G28080,AT3G01060,AT5G24150,AT2G04039,AT3G12320,AT2G38170,AT3G12780,AT5G06980,AT1G75690,AT3G22890,AT4G39330,AT4G13430,AT2G05620,AT5G58870,AT1G02820,AT4G28660,AT4G24780,AT2G43910,AT2G15620,AT1G67700,AT3G52720,AT5G38520,AT5G67370,AT5G43750,AT1G68660,AT3G19710,AT2G34460,AT5G54160,AT3G21670,AT1G53670,AT4G39940,AT5G22620,AT1G10470,AT3G11930,AT1G78900,AT3G13110,AT1G07110,AT4G18370,AT3G10420,AT1G12240,AT1G30120,AT5G47560,AT1G01490,AT1G74090,AT1G08200,AT3G16470,AT5G13770,AT5G47040,AT4G14210,AT1G73060,AT5G51020,AT5G39570,AT3G19030,AT4G04840,AT4G02890,AT1G19000,AT3G24190,AT4G00810,AT4G24770,AT1G15950,AT3G13920,AT5G63180,AT1G78570,AT3G58990,AT5G42760,AT5G47110,AT5G04590,AT2G39450,AT4G28240,AT1G21440,AT3G10720,AT2G37240,AT5G09650,AT1G17050,AT4G23890,AT1G62560,AT3G04870,AT2G45990,AT3G16150,AT4G24620,AT2G20610,AT5G53370,AT2G20570,AT4G27520,AT1G68440,AT5G67360,AT5G62670,AT5G36160,AT4G00490,AT1G02930,AT3G19720,AT1G15290,AT3G08730,AT5G04950	AT1G17220,AT3G51920,AT4G28660,AT3G23810,AT3G18490,AT5G12150,AT3G44300,AT3G10420,AT2G18162,AT5G13770,AT5G39570,AT4G00810,AT5G40890,AT3G47430,AT2G39450,AT4G28240,AT4G23630,AT4G23890,AT2G40890
3	AT1G09530	PAP3	6	19	PWM1019	CisBP	M2223_1.01	112	0.0025195970795817858	0.04033604967580484	103	AT3G55800,AT2G21330,AT5G67030,AT1G11860,AT4G39800,AT4G17090,AT5G64840,AT5G13650,AT3G54050,AT2G13360,AT5G64940,AT1G17220,AT4G28080,AT3G01060,AT5G24150,AT2G04039,AT3G12320,AT2G38170,AT5G06980,AT1G75690,AT3G22890,AT4G39330,AT4G13430,AT2G05620,AT5G58870,AT1G02820,AT4G28660,AT4G24780,AT2G43910,AT2G15620,AT1G67700,AT3G52720,AT5G38520,AT5G67370,AT5G43750,AT1G68660,AT3G19710,AT2G34460,AT5G54160,AT3G21670,AT1G53670,AT5G22620,AT1G10470,AT3G11930,AT1G78900,AT3G13110,AT1G07110,AT4G18370,AT3G10420,AT1G12240,AT1G30120,AT5G47560,AT1G01490,AT1G74090,AT1G08200,AT3G16470,AT5G13770,AT5G47040,AT4G14210,AT1G73060,AT5G51020,AT5G39570,AT3G19030,AT4G04840,AT4G02890,AT1G19000,AT3G24190,AT4G00810,AT4G24770,AT1G15950,AT3G13920,AT5G63180,AT1G78570,AT3G58990,AT5G42760,AT5G47110,AT5G04590,AT2G39450,AT4G28240,AT1G21440,AT3G10720,AT2G37240,AT5G09650,AT1G17050,AT1G62560,AT3G28220,AT3G04870,AT2G45990,AT3G16150,AT4G24620,AT2G20610,AT5G53370,AT2G20570,AT4G27520,AT1G68440,AT5G67360,AT5G62670,AT4G00490,AT1G02930,AT3G19720,AT1G15290,AT3G08730,AT5G04950	AT1G17220,AT3G51920,AT4G28660,AT3G23810,AT3G18490,AT5G12150,AT3G44300,AT3G10420,AT2G18162,AT5G13770,AT5G39570,AT4G00810,AT5G40890,AT3G47430,AT2G39450,AT4G28240,AT4G23630,AT4G23890,AT2G40890
3	AT1G09530	PAP3	6	19	PWM1609	PBM		114	0.0025195970795817858	0.04033604967580484	103	AT3G55800,AT4G38970,AT2G21330,AT5G23060,AT5G04140,AT5G13930,AT3G02380,AT1G68010,AT5G64840,AT3G54050,AT3G61440,AT2G13360,AT1G32900,AT1G07180,AT5G64940,AT1G17220,AT3G01060,AT5G24150,AT3G12320,AT3G16430,AT4G09320,AT1G55480,AT5G17230,AT3G22890,AT4G13430,AT5G58870,AT1G02820,AT1G22850,ATCG00740,AT1G14150,AT3G52720,AT5G51720,AT5G38520,AT5G67370,AT1G02500,AT5G61410,AT1G68660,AT3G19710,AT1G56190,AT2G34460,AT1G65930,AT5G54160,AT3G01480,AT3G21670,AT1G53670,AT3G15360,AT1G71500,AT5G22620,AT1G10470,AT3G51820,AT5G23010,AT3G11930,AT1G78900,AT3G13110,AT3G10420,AT3G23000,AT3G13120,AT1G12240,AT2G39800,AT3G61220,AT5G47560,AT1G01490,AT5G58140,AT1G74090,AT5G47040,AT4G14210,AT1G73060,AT1G22710,AT5G39570,AT3G19030,AT3G16910,AT1G19000,AT3G24190,AT3G13920,AT5G63180,AT1G10670,AT3G58990,AT5G47110,AT3G47430,AT5G02830,AT2G39450,AT5G33320,AT1G21440,AT5G08650,AT4G23890,AT3G04870,AT5G52920,AT3G16150,AT4G24620,AT3G10840,AT5G53370,AT4G36360,AT2G15020,AT2G32160,AT5G67360,AT5G62670,AT4G00490,AT5G49030,AT1G02930,AT3G19720,AT1G63940,AT1G15290,AT5G04950	AT1G17220,AT3G51920,AT4G28660,AT3G23810,AT3G18490,AT5G12150,AT3G44300,AT3G10420,AT2G18162,AT5G13770,AT5G39570,AT4G00810,AT5G40890,AT3G47430,AT2G39450,AT4G28240,AT4G23630,AT4G23890,AT2G40890
3	AT1G32640	ATMYC2	3	1	PWM622	AthaMAP	T05620	30	0.0000023522199586705743	0.0001454320822722876	119	AT2G26080,AT3G55800,AT2G21330,AT5G67030,AT1G11860,AT3G02380,AT1G68010,AT4G39800,AT1G44575,AT5G64840,AT1G32060,AT5G13650,AT3G54050,AT3G61440,AT2G13360,AT1G32900,AT1G07180,AT5G02120,AT5G64940,AT1G17220,AT4G28080,AT3G01060,AT1G62750,AT3G12320,AT2G38170,AT4G16980,AT5G06980,AT5G59970,AT1G55480,AT2G40100,AT1G44000,AT1G01060,AT4G39330,AT4G13430,AT2G01250,AT5G58870,AT1G02820,AT2G20890,AT4G28660,AT1G22850,AT1G67700,AT5G67370,AT1G02500,AT1G10370,AT5G61410,AT1G70760,AT2G18230,AT2G34460,AT3G61870,AT1G53670,AT1G11840,AT4G30960,AT3G11930,AT1G78900,AT5G17870,AT3G13110,AT5G13510,AT3G10420,AT3G23000,AT3G13120,AT2G39800,AT1G12800,AT1G63770,AT3G61220,AT1G76450,AT1G77760,AT5G47560,AT1G13650,AT5G50920,AT5G47040,AT3G09260,AT1G73060,AT1G22710,AT1G60590,AT5G51020,AT4G37800,AT5G39570,AT3G19030,AT2G22240,AT5G57040,AT5G61420,AT3G25530,AT3G16910,AT1G19000,AT3G24190,AT4G00810,AT3G13920,AT1G70370,AT5G63180,AT3G58990,AT5G13000,AT3G63490,AT1G21440,AT4G23630,AT3G09820,AT3G04870,AT2G45990,AT2G40880,AT4G17340,AT3G16150,AT3G52230,AT3G57020,AT5G26270,AT2G20570,AT4G27520,AT2G15020,AT1G68440,AT5G62790,AT5G47570,AT2G28470,AT5G67360,AT5G62670,AT5G09870,AT4G34450,AT1G51980,AT3G19720,AT2G01670,AT2G40890,AT3G08730	AT3G49680
3	AT1G03970	GBF4	0	0	PWM994	CisBP	M0319_1.01	32	0.000003934337990397456	0.00022044587552445748	118	AT4G33010,AT3G02468,AT3G55800,AT4G38970,AT2G21330,AT1G11860,AT3G02380,AT1G68010,AT4G39800,AT5G36790,AT5G64840,AT1G32060,AT3G54050,AT3G61440,AT1G32900,AT5G02120,AT4G22890,AT5G64940,AT1G17220,AT3G01060,AT3G12320,AT5G06980,AT5G59970,AT1G55480,AT3G22890,AT2G40100,AT1G01060,AT1G19150,AT4G39330,AT2G05620,AT1G02820,AT2G20890,AT4G28660,AT1G22850,AT4G34190,AT2G15620,AT1G67700,AT5G67370,AT3G50685,AT5G08050,AT1G10370,AT5G61410,AT3G55440,AT1G70760,AT2G18230,AT2G34460,AT3G61870,AT5G54160,AT3G21670,AT1G04530,AT1G53670,AT3G49680,AT1G71500,AT3G56360,AT1G11840,AT1G10470,AT4G30960,AT5G17870,AT3G13110,AT3G10420,AT3G13120,AT1G18730,AT2G39800,AT1G12800,AT4G36530,AT1G76450,AT1G30120,AT5G47560,AT1G01490,AT1G74090,AT1G13650,AT5G24120,AT1G23190,AT5G47040,AT1G73060,AT1G22710,AT1G60590,AT5G51020,AT4G37800,AT5G39570,AT3G19030,AT2G22240,AT3G25530,AT3G16910,AT1G72030,AT1G19000,AT3G24190,AT4G00810,AT3G17510,AT1G48830,AT3G03250,AT3G58990,AT5G47110,AT1G77090,AT2G39450,AT3G63490,AT1G21440,AT4G23630,AT2G37240,AT1G62560,AT3G28220,AT3G04870,AT2G45990,AT2G40880,AT4G17340,AT3G16150,AT3G52230,AT5G26270,AT4G27520,AT1G68440,AT2G28470,AT5G67360,AT5G62670,AT5G08670,AT4G00490,AT1G02930,AT1G15290,AT3G08730	
3	AT5G44080	AT5G44080	0	0	PWM995	CisBP	M0319_1.01	33	0.000003934337990397456	0.00022044587552445748	118	AT4G33010,AT3G02468,AT3G55800,AT4G38970,AT2G21330,AT1G11860,AT3G02380,AT1G68010,AT4G39800,AT5G36790,AT5G64840,AT1G32060,AT3G54050,AT3G61440,AT1G32900,AT5G02120,AT4G22890,AT5G64940,AT1G17220,AT3G01060,AT3G12320,AT5G06980,AT5G59970,AT1G55480,AT3G22890,AT2G40100,AT1G01060,AT1G19150,AT4G39330,AT2G05620,AT1G02820,AT2G20890,AT4G28660,AT1G22850,AT4G34190,AT2G15620,AT1G67700,AT5G67370,AT3G50685,AT5G08050,AT1G10370,AT5G61410,AT3G55440,AT1G70760,AT2G18230,AT2G34460,AT3G61870,AT5G54160,AT3G21670,AT1G04530,AT1G53670,AT3G49680,AT1G71500,AT3G56360,AT1G11840,AT1G10470,AT4G30960,AT5G17870,AT3G13110,AT3G10420,AT3G13120,AT1G18730,AT2G39800,AT1G12800,AT4G36530,AT1G76450,AT1G30120,AT5G47560,AT1G01490,AT1G74090,AT1G13650,AT5G24120,AT1G23190,AT5G47040,AT1G73060,AT1G22710,AT1G60590,AT5G51020,AT4G37800,AT5G39570,AT3G19030,AT2G22240,AT3G25530,AT3G16910,AT1G72030,AT1G19000,AT3G24190,AT4G00810,AT3G17510,AT1G48830,AT3G03250,AT3G58990,AT5G47110,AT1G77090,AT2G39450,AT3G63490,AT1G21440,AT4G23630,AT2G37240,AT1G62560,AT3G28220,AT3G04870,AT2G45990,AT2G40880,AT4G17340,AT3G16150,AT3G52230,AT5G26270,AT4G27520,AT1G68440,AT2G28470,AT5G67360,AT5G62670,AT5G08670,AT4G00490,AT1G02930,AT1G15290,AT3G08730	
3	AT5G28770	AtbZIP63	10	na	PWM1427	CisBP	M0268_1.01	34	0.000006513575896197335	0.00034349534064358303	117	AT4G38970,AT2G21330,AT5G67030,AT5G49740,AT1G69530,AT3G03780,AT1G72610,AT1G68010,AT4G39800,AT5G36790,AT1G44575,AT5G64840,AT1G32060,AT4G35250,AT2G13360,AT1G32900,AT4G22890,AT1G17220,AT4G28080,AT1G74730,AT3G01060,AT1G62750,AT1G62180,AT3G12320,AT5G06980,AT2G21970,AT5G59970,AT1G75690,AT3G22890,AT1G44000,AT5G40950,AT4G13430,AT2G05620,AT5G58870,AT2G15620,AT1G14150,AT5G38520,AT1G70410,AT1G68660,AT3G19710,AT2G18230,AT1G65930,AT3G21670,AT1G53670,AT4G39940,AT5G03850,AT3G15360,AT2G40490,AT4G30530,AT1G70490,AT3G56360,AT5G22620,AT1G10470,AT4G30960,AT4G18370,AT3G10420,AT1G12240,AT2G39800,AT2G31790,AT1G21065,AT1G77760,AT5G47560,AT1G01490,AT1G13650,AT1G08200,AT1G04410,AT3G16470,AT5G13770,AT5G47040,AT4G00050,AT4G14210,AT3G14067,AT2G21960,AT4G02890,AT3G30720,AT1G19000,AT3G24190,AT4G00810,AT3G17510,AT1G15950,AT3G51730,AT5G63180,AT1G78570,AT4G01690,AT3G47430,AT2G05920,AT4G35760,AT3G52960,AT2G39450,AT4G28240,AT1G58807,AT3G10720,AT2G37240,AT3G11945,AT5G09650,AT2G30010,AT1G62560,AT3G28220,AT2G47070,AT3G02830,AT2G01590,AT3G16150,AT2G48020,AT5G53370,AT3G16460,AT2G20570,AT4G27520,AT2G15020,AT1G24360,AT5G62670,AT5G51010,AT4G00490,AT1G02930,AT4G34450,AT4G01800,AT3G19720,AT1G15290	na
3	AT5G58900	AT5G58900	10	na	PWM3330	DAP-seq	AT5G58900_col	35	0.000006513575896197335	0.00034349534064358303	117	AT1G42970,AT1G09340,AT2G21330,AT3G62410,AT5G49740,AT5G46110,AT3G01120,AT5G36790,AT1G32060,AT3G54050,AT1G66200,AT4G22890,AT5G64940,AT3G28270,AT1G16880,AT4G28080,AT3G22210,AT5G09660,AT1G62750,AT5G24150,AT4G13770,AT1G75690,AT3G25690,AT2G40100,AT2G01250,AT1G55490,AT1G56070,AT1G51680,AT2G39470,AT1G67700,AT1G34000,AT5G12150,AT2G25450,AT3G44300,AT4G18480,AT5G65360,AT1G70410,AT2G34460,AT1G65930,AT5G44580,AT4G29060,AT3G01480,AT1G08570,AT2G16500,AT1G23490,AT3G49680,AT2G42600,AT3G15360,AT4G10060,AT3G56360,AT5G58330,AT5G17870,AT3G13110,AT3G59970,AT2G22670,AT4G14880,AT1G18730,AT3G61220,AT4G08870,AT5G47560,AT1G01490,AT1G13650,AT1G04410,AT3G16470,AT1G65230,AT5G47040,AT2G37040,AT4G37550,AT4G14210,AT4G15530,AT3G52150,AT1G78820,AT5G51020,AT4G37800,AT2G21960,AT2G22240,AT1G67350,AT3G16910,AT3G30720,AT1G19000,AT2G30490,AT1G22410,AT4G34630,AT4G00810,AT2G02930,AT5G65220,AT5G13000,AT2G41680,AT3G20670,AT5G40890,AT4G35760,AT1G76990,AT4G28240,AT1G21440,AT5G09650,AT5G08650,AT4G23890,AT4G28025,AT5G44650,AT4G10480,AT4G17340,AT3G16150,AT4G29030,AT5G40850,AT3G16460,AT2G24540,AT1G78290,AT3G16220,AT3G57040,AT2G04795,AT5G62790,AT3G47960,AT2G47940,AT1G49970,AT5G42310,AT4G01800,AT1G51980	na
3	AT4G01120	ATBZIP54	0	272	PWM1232	CisBP	M0262_1.01	36	0.000010673363507361269	0.000531592799130521	116	AT3G55800,AT2G21330,AT5G67030,AT5G38980,AT3G03780,AT1G72610,AT1G68010,AT3G01120,AT4G39800,AT1G44575,AT5G64840,AT1G32060,AT5G35970,AT4G35250,AT3G61440,AT2G13360,AT5G64940,AT1G78370,AT1G15690,AT3G01060,AT1G62750,AT3G12320,AT2G38170,AT4G09320,AT5G06980,AT2G21970,AT4G13430,AT5G58870,AT1G02820,AT2G20890,AT3G23810,AT3G02020,AT2G23600,AT5G38520,AT5G67370,AT3G19710,AT1G70760,AT1G45474,AT2G18230,AT4G29060,AT3G21670,AT1G53670,AT3G15360,AT2G40490,AT4G30530,AT3G56360,AT5G23010,AT3G11930,AT3G13110,AT3G10420,AT1G12240,AT4G08870,AT1G30120,AT5G47560,AT1G01490,AT5G13770,AT5G47040,AT2G37040,AT4G37800,AT5G17170,AT3G19030,AT4G04840,AT2G22240,AT3G25530,AT4G02890,AT3G16910,AT3G30720,AT1G72030,AT1G19000,AT1G68830,AT1G22410,AT1G31800,AT4G34630,AT4G00810,AT3G17510,AT4G24770,AT1G48830,AT1G70370,AT5G42760,AT5G13000,AT5G47110,AT5G13180,AT2G39450,AT3G63490,AT1G21440,AT4G23630,AT2G37240,AT1G17050,AT5G08650,AT1G62560,AT3G04870,AT3G15810,AT4G17340,AT3G16150,AT2G48020,AT3G52230,AT3G57020,AT5G26270,AT5G35360,AT3G16460,AT4G13840,AT4G27520,AT2G15020,AT1G68440,AT5G67360,AT5G62670,AT5G36160,AT4G00490,AT2G36870,AT1G19050,AT1G02930,AT3G16530,AT4G32770,AT3G19720,AT5G03555,AT5G04950	AT4G33010,AT2G26080,AT1G31580,AT4G38970,AT2G21330,AT1G12900,AT5G67030,AT3G62410,AT1G69530,AT5G46110,AT5G23060,AT1G55960,AT4G26850,AT5G04140,AT5G13930,AT2G41090,AT3G03780,AT3G26570,AT4G39800,AT1G44575,AT1G09310,AT3G60750,AT1G32060,AT4G10120,AT5G35970,AT1G16720,AT4G35250,AT3G54050,AT3G61440,AT2G13360,AT1G32900,AT1G07180,AT5G02120,AT1G15980,AT5G64940,AT1G16880,AT1G29660,AT4G30950,AT4G28080,AT5G12860,AT1G74730,AT1G15690,AT3G01060,AT5G24150,AT3G16430,AT4G16980,AT5G06980,AT2G21970,AT5G59970,AT1G75690,AT3G29240,AT1G55480,AT3G22890,AT2G40100,AT1G44000,AT5G40950,AT3G63410,AT4G39330,AT3G51920,AT4G13430,AT1G65960,AT2G24270,AT5G58870,AT1G02820,AT5G30510,AT2G20890,AT4G34050,AT4G28660,AT1G22850,AT4G34190,AT5G48930,AT3G23810,AT1G51680,AT1G51680,AT3G56290,AT2G43910,AT2G15620,AT1G14150,AT1G67700,AT2G23600,AT5G12150,AT5G38520,AT5G67370,AT2G25450,AT2G25450,AT3G50685,AT5G65360,AT1G70410,AT5G43750,AT1G02500,AT1G10370,AT5G61410,AT3G19710,AT3G55440,AT1G70760,AT1G45474,AT3G54660,AT1G65930,AT1G56500,AT3G61870,AT5G54160,AT3G01480,AT1G08570,AT1G04530,AT1G53670,AT3G49680,AT5G45680,AT4G39940,AT3G15360,AT2G40490,AT5G66190,AT4G30530,AT1G52400,AT3G56360,AT5G42270,AT2G27420,AT5G58330,AT1G11840,AT1G80380,AT1G10470,AT3G51820,AT4G30960,AT2G24090,AT2G47170,AT2G43710,AT5G07020,AT4G18370,AT3G23000,AT3G13120,AT4G31500,AT4G31500,AT1G12240,AT1G07010,AT4G34720,AT2G39800,AT1G12800,AT2G31790,AT2G21210,AT1G76450,AT4G08870,AT1G19570,AT1G21065,AT1G77760,AT5G47560,AT2G18162,AT5G57030,AT1G01490,AT1G16080,AT1G13650,AT1G08200,AT5G50920,AT1G04410,AT3G24430,AT5G13770,AT1G23190,AT5G47040,AT4G00050,AT1G79600,AT2G37040,AT4G37550,AT1G73060,AT4G15530,AT1G22710,AT1G60590,AT4G25700,AT3G14067,AT1G78820,AT5G51020,AT1G51060,AT4G37800,AT5G39570,AT1G70730,AT4G02530,AT3G27060,AT3G08610,AT5G57040,AT4G13500,AT5G61420,AT3G25530,AT1G64780,AT4G02890,AT3G16910,AT1G72030,AT5G14260,AT1G19000,AT3G24190,AT2G30490,AT1G68830,AT1G22410,AT1G31800,AT4G34630,AT3G17510,AT2G23000,AT1G15950,AT3G51730,AT1G70370,AT3G03250,AT4G01080,AT2G02930,AT4G37760,AT3G58990,AT4G01690,AT3G20670,AT5G13180,AT3G63520,AT5G40890,AT3G47430,AT2G05920,AT1G76990,AT5G59880,AT5G04590,AT2G39450,AT4G28240,AT5G33320,AT2G35810,AT1G21440,AT4G23630,AT3G10720,AT2G37240,AT1G64390,AT5G08530,AT2G30010,AT1G17050,AT4G23890,AT1G62560,AT3G15810,AT2G45990,AT2G40880,AT1G12110,AT3G02830,AT4G17340,AT2G01590,AT2G42770,AT2G23350,AT3G10840,AT3G51895,AT3G52230,AT5G26270,AT5G53370,AT4G36360,AT3G16460,AT4G13840,AT2G24540,AT2G20570,AT1G78290,AT4G14030,AT3G57040,AT1G68440,AT1G06690,AT2G28470,AT3G47960,AT5G67360,AT5G62670,AT5G08640,AT5G09870,AT5G51010,AT4G12030,AT1G30530,AT4G00490,AT2G36870,AT1G19050,AT3G22420,AT3G16530,AT4G29590,AT4G01800,AT1G63940,AT5G19240,AT5G03555,AT1G15290,AT3G13410,AT2G40890,AT3G08730
3	AT5G49330	ATMYB111	5	na	PWM1446	PBM		37	0.000010673363507361269	0.000531592799130521	116	AT2G26080,AT3G02468,AT1G12900,AT5G67030,AT1G37130,AT5G13930,AT4G37930,AT3G01120,AT3G26570,AT5G36790,AT1G09310,AT1G32060,AT5G35970,AT3G61440,AT1G66200,AT1G78370,AT4G30950,AT5G19760,AT4G13770,AT3G25690,AT3G22890,AT1G44000,AT5G40950,AT3G06510,AT4G39330,AT3G51920,AT4G13430,AT5G48930,AT3G53260,AT1G24020,AT1G67700,AT5G38520,AT5G67370,AT1G01790,AT1G19450,AT1G70410,AT1G02500,AT3G19710,AT3G23390,AT3G19450,AT4G22570,AT3G24170,AT5G52650,AT4G39940,AT5G66190,AT4G30530,AT1G11840,AT5G22620,AT5G23010,AT3G59970,AT1G07110,AT3G55330,AT5G07020,AT3G10420,AT1G18730,AT4G08870,AT1G77760,AT1G01490,AT5G24120,AT3G24430,AT5G47040,AT4G25700,AT2G14750,AT3G14067,AT1G65260,AT4G13500,AT5G61420,AT1G67350,AT5G14260,AT2G30490,AT1G68830,AT2G46650,AT3G17510,AT2G23000,AT1G48830,AT1G15950,AT2G17340,AT1G64370,AT1G58080,AT1G10670,AT5G65220,AT2G05920,AT4G35760,AT5G59880,AT5G04590,AT5G55620,AT3G11945,AT3G09820,AT5G08650,AT1G62560,AT1G12110,AT2G01590,AT3G10840,AT5G26270,AT2G01110,AT5G40850,AT3G16220,AT2G35840,AT1G68440,AT3G27925,AT3G47960,AT2G47940,AT5G08640,AT4G12030,AT1G30530,AT2G36870,AT2G46340,AT3G02360,AT1G51500,AT1G51980,AT3G19720,AT4G27030,AT2G01670,AT1G15290,AT2G40890,AT3G10060	na
3	AT5G49330	ATMYB111	5	na	PWM1553	PBM		75	0.000568092342874182	0.014147077371852893	107	AT4G33010,AT2G26080,AT3G02468,AT2G21330,AT5G67030,AT1G37130,AT5G13930,AT3G01120,AT3G26570,AT5G36790,AT1G44575,AT1G09310,AT4G10120,AT5G01410,AT3G61440,AT1G66200,AT1G78370,AT3G25690,AT3G22890,AT1G44000,AT5G40950,AT3G51920,AT4G13430,AT4G24780,AT3G63140,AT3G53260,AT1G24020,AT3G02020,AT1G67700,AT5G38520,AT5G67370,AT1G01790,AT5G43750,AT3G19710,AT1G31180,AT1G75280,AT3G19450,AT1G65930,AT4G22570,AT1G50020,AT3G24170,AT2G34860,AT4G39940,AT4G30530,AT3G56360,AT1G11840,AT5G22620,AT5G23010,AT3G59970,AT1G07110,AT5G07020,AT2G21210,AT1G68590,AT4G08870,AT1G77760,AT1G01490,AT3G24430,AT4G25700,AT1G78820,AT4G37800,AT1G70730,AT1G65260,AT4G02530,AT5G61420,AT1G67350,AT1G64780,AT4G39710,AT5G14260,AT2G30490,AT1G22410,AT2G46650,AT1G15950,AT1G70370,AT1G58080,AT1G31190,AT2G02930,AT1G10670,AT1G78570,AT5G42760,AT5G65220,AT2G05920,AT1G21440,AT3G09820,AT2G30010,AT1G62560,AT2G40880,AT2G01590,AT5G26270,AT5G53370,AT1G08520,AT3G16220,AT3G57040,AT1G68440,AT3G47960,AT2G47940,AT5G08640,AT5G09870,AT1G30530,AT2G36870,AT4G34450,AT1G51500,AT1G51980,AT3G19720,AT4G27030,AT2G01670,AT1G15290,AT2G40890	na
3	AT5G49330	ATMYB111	5	na	PWM2632	JASPAR	MA1036.1	115	0.0025195970795817858	0.04033604967580484	103	AT2G26080,AT3G02468,AT2G21330,AT5G67030,AT1G69530,AT5G23060,AT5G13930,AT4G37930,AT3G26570,AT5G36790,AT1G09310,AT4G10120,AT3G61440,AT1G66200,AT1G78370,AT1G17220,AT1G15690,AT1G62750,AT5G24150,AT2G21970,AT4G13770,AT3G25690,AT2G40100,AT1G44000,AT3G51920,AT3G02730,AT4G13430,AT4G34050,AT4G24780,AT5G48930,AT3G53260,AT1G24020,AT1G67700,AT5G67370,AT1G01790,AT1G70410,AT1G02500,AT1G68660,AT3G19710,AT1G75280,AT3G19450,AT1G50020,AT3G24170,AT2G34860,AT1G23490,AT4G39940,AT4G30530,AT1G52400,AT5G22620,AT5G23010,AT3G59970,AT1G07110,AT2G47170,AT3G55330,AT3G23000,AT1G18730,AT1G63770,AT2G21210,AT4G36530,AT1G77760,AT1G01490,AT5G24120,AT2G24280,AT4G14210,AT4G25700,AT1G78820,AT1G67350,AT5G14260,AT3G24190,AT2G30490,AT1G22410,AT2G46650,AT1G48830,AT1G15950,AT2G17340,AT1G78570,AT5G65220,AT1G21440,AT5G55620,AT5G09650,AT1G62560,AT2G01590,AT3G16150,AT5G53370,AT4G29030,AT5G40850,AT4G13840,AT3G57040,AT1G68440,AT3G47960,AT5G08640,AT5G09870,AT1G30530,AT2G36870,AT3G02360,AT1G51500,AT1G51980,AT3G19720,AT4G27030,AT2G01670,AT5G19240,AT1G15290,AT2G40890	na
3	AT5G61270	PIF7	233	na	PWM2901	DAP-seq	PIF7_col	38	0.000010673363507361269	0.000531592799130521	116	AT4G33010,AT3G55800,AT2G21330,AT5G67030,AT5G49740,AT1G69530,AT3G02380,AT1G68010,AT4G39800,AT1G32060,AT3G54050,AT3G61440,AT5G64940,AT1G17220,AT4G28080,AT5G24150,AT3G12320,AT2G38170,AT4G16980,AT3G12780,AT5G06980,AT3G22890,AT5G40950,AT4G39330,AT4G13430,AT5G58870,AT1G02820,AT1G58380,AT4G28660,AT4G24780,AT1G22850,AT4G34190,AT5G48930,AT2G15620,AT1G67700,AT5G51720,AT5G38520,AT5G67370,AT5G43750,AT5G61410,AT1G68660,AT3G19710,AT1G56190,AT1G70760,AT2G34460,AT5G54160,AT2G16500,AT1G53670,AT1G11840,AT5G22620,AT1G10470,AT5G23010,AT3G11930,AT1G78900,AT3G13110,AT4G18370,AT3G10420,AT3G13120,AT1G12240,AT2G39800,AT1G12800,AT1G30120,AT5G47560,AT1G01490,AT1G74090,AT1G13650,AT1G08200,AT5G47040,AT1G73060,AT1G60590,AT5G51020,AT5G39570,AT3G19030,AT2G22240,AT3G25530,AT3G16910,AT1G19000,AT3G24190,AT4G00810,AT4G24770,AT3G13920,AT5G63180,AT3G48200,AT1G78570,AT3G58990,AT5G47110,AT5G13180,AT2G39450,AT3G63490,AT2G35810,AT1G21440,AT3G10720,AT5G09650,AT1G17050,AT4G23890,AT3G04870,AT2G40880,AT4G17340,AT3G16150,AT4G24620,AT5G26270,AT5G53370,AT2G20570,AT4G27520,AT4G09350,AT2G35840,AT1G68440,AT5G47570,AT5G67360,AT5G62670,AT4G00490,AT1G02930,AT3G19720,AT1G15290,AT3G08730,AT5G04950	na
3	AT2G18160	ATBZIP2	3	na	PWM2932	DAP-seq	GBF5_col	39	0.000010673363507361269	0.000531592799130521	116	AT1G31580,AT5G67030,AT5G23060,AT2G41090,AT3G03780,AT1G68010,AT4G39800,AT5G36790,AT1G44575,AT1G32060,AT4G35250,AT1G32900,AT4G22890,AT5G64940,AT3G28270,AT1G74730,AT2G38230,AT1G15690,AT3G01060,AT1G62750,AT1G62180,AT4G29350,AT5G06980,AT1G75690,AT3G22890,AT1G44000,AT1G01060,AT5G40950,AT3G06510,AT4G39330,AT3G02730,AT5G58870,AT4G24780,AT1G14150,AT1G67700,AT5G38520,AT5G65360,AT3G19710,AT1G45474,AT3G19450,AT1G08570,AT1G50020,AT3G24170,AT2G16500,AT1G53670,AT3G15360,AT2G40490,AT5G66190,AT3G56360,AT1G10470,AT4G30960,AT5G17870,AT3G13110,AT3G23000,AT3G13120,AT1G12240,AT2G31790,AT1G77760,AT5G47560,AT1G01490,AT1G52510,AT1G13650,AT5G24120,AT5G50920,AT1G04410,AT4G00050,AT2G37040,AT4G14210,AT4G35450,AT4G15530,AT3G14067,AT2G21960,AT3G30720,AT3G24190,AT4G34630,AT4G00810,AT3G17510,AT1G48830,AT1G15950,AT3G51730,AT3G58990,AT3G63520,AT2G05920,AT4G35760,AT3G52960,AT1G58807,AT2G37240,AT2G24200,AT3G11945,AT1G64390,AT1G17050,AT2G47070,AT3G02830,AT2G01590,AT3G16150,AT4G24620,AT2G48020,AT3G51895,AT5G53370,AT5G40850,AT2G20570,AT4G27520,AT3G57040,AT1G24360,AT5G67360,AT5G62670,AT5G51010,AT4G00490,AT2G36870,AT1G19050,AT3G02720,AT4G01800,AT3G19720,AT2G01670,AT1G63940,AT1G15290	na
3	AT4G26030	AT4G26030	4	na	PWM3031	DAP-seq	AT4G26030_col	40	0.000010673363507361269	0.000531592799130521	116	AT4G33010,AT1G42970,AT1G12900,AT5G67030,AT1G37130,AT4G37930,AT3G01120,AT3G26570,AT1G44575,AT3G60750,AT1G32060,AT5G13650,AT5G35970,AT3G54050,AT3G61440,AT1G66200,AT2G13360,AT1G17220,AT5G46800,AT4G28080,AT5G19760,AT4G13770,AT3G22890,AT3G11170,AT3G51920,AT2G01250,AT3G52930,AT4G34050,AT4G24780,AT5G48930,AT3G53260,AT3G23810,AT1G51680,AT4G26860,AT2G15620,AT2G39470,AT5G67370,AT1G32220,AT5G43750,AT1G02500,AT3G54660,AT1G75280,AT3G19450,AT1G65930,AT4G29060,AT4G22570,AT3G01480,AT3G21670,AT2G16500,AT1G50250,AT2G34860,AT1G23490,AT4G10060,AT1G70490,AT1G11840,AT5G22620,AT5G59850,AT3G59970,AT1G07110,AT3G55330,AT3G23000,AT1G18730,AT2G21210,AT3G61220,AT1G77760,AT1G52510,AT2G24280,AT1G29700,AT2G37040,AT4G14210,AT1G73060,AT5G17170,AT4G13500,AT1G67350,AT2G30490,AT1G22410,AT2G46650,AT1G48830,AT1G15950,AT2G17340,AT1G58080,AT5G42760,AT5G65220,AT4G01690,AT5G13180,AT3G47430,AT3G48420,AT5G04590,AT4G28240,AT3G63490,AT2G35810,AT5G55620,AT3G09820,AT5G47840,AT1G62560,AT2G01590,AT3G10840,AT3G51895,AT5G26270,AT5G35360,AT5G53370,AT5G40850,AT3G16220,AT3G57040,AT2G35840,AT1G68440,AT3G27925,AT2G47940,AT5G08640,AT2G36870,AT3G02360,AT4G27030,AT5G19240,AT1G15290,AT2G40890,AT3G10060	na
3	AT4G27900	AT4G27900	1	na	PWM2961	DAP-seq	AT4G27900_col	42	0.00001731000247144866	0.0007389722483644631	115	AT3G02468,AT4G38970,AT5G67030,AT5G49740,AT1G69530,AT5G46110,AT1G13440,AT5G23060,AT2G41090,AT1G68010,AT3G47070,AT3G60750,AT5G01410,AT3G61440,AT1G32900,AT4G20360,AT1G72910,AT1G29660,AT5G12860,AT1G15690,AT1G62750,AT5G24150,AT4G09320,AT5G59970,AT1G75690,AT3G22890,AT3G11170,AT5G65010,AT3G06510,AT2G05620,AT5G58870,AT1G55490,AT1G56070,AT5G59870,AT4G34190,AT3G53260,AT3G23810,AT1G64770,AT5G67370,AT3G08580,AT5G65360,AT1G70410,AT1G02500,AT3G56240,AT1G31180,AT2G18230,AT2G44670,AT3G01480,AT1G08570,AT2G16500,AT1G66330,AT4G39940,AT1G09200,AT3G56360,AT3G13110,AT2G47170,AT2G22670,AT1G04350,AT3G23000,AT1G12240,AT1G19570,AT5G47560,AT1G01490,AT5G24120,AT5G50920,AT1G04410,AT1G23190,AT5G47040,AT2G37040,AT1G73060,AT2G14750,AT1G51060,AT5G39570,AT5G61420,AT1G67350,AT3G30720,AT5G14260,AT3G17510,AT1G48830,AT3G13920,AT1G70370,AT1G58080,AT4G01080,AT1G10670,AT4G01690,AT2G41680,AT5G40890,AT4G35760,AT1G76990,AT1G70580,AT1G77090,AT4G28240,AT2G35810,AT4G23630,AT3G11945,AT1G64390,AT2G30010,AT1G62560,AT5G10470,AT3G02830,AT3G16150,AT2G23350,AT4G24620,AT4G13840,AT2G15020,AT2G35840,AT2G32160,AT5G08640,AT5G36160,AT4G00490,AT4G32770,AT4G29590,AT1G51980,AT4G34110,AT1G15290	na
3	AT3G12820	AtMYB10	1	na	PWM3226	DAP-seq	MYB10_col	44	0.000027783506435147777	0.001158507605539999	114	AT4G33010,AT2G26080,AT3G02468,AT5G67030,AT1G37130,AT5G04140,AT5G13930,AT4G37930,AT3G26570,AT1G09310,AT1G32060,AT5G13650,AT4G10120,AT5G35970,AT1G78370,AT4G30950,AT1G17220,AT5G46800,AT1G15690,AT4G13770,AT3G25690,AT3G11170,AT1G44000,AT3G06510,AT3G51920,AT4G13430,AT3G52930,AT4G34050,AT4G34190,AT5G48930,AT3G53260,AT3G23810,AT1G51680,AT1G24020,AT3G02020,AT1G67700,AT5G38520,AT5G67370,AT1G01790,AT5G43750,AT1G02500,AT3G19710,AT3G23390,AT3G19450,AT1G65930,AT4G22570,AT3G21670,AT3G24170,AT2G34860,AT5G52650,AT4G39940,AT4G30530,AT3G56360,AT5G22620,AT5G23010,AT4G10300,AT3G59970,AT2G47170,AT3G55330,AT3G23000,AT3G13120,AT1G18730,AT1G68590,AT1G77760,AT1G01490,AT2G24280,AT5G47040,AT1G29700,AT2G37040,AT4G14210,AT4G15530,AT1G78820,AT5G17170,AT1G65260,AT1G26560,AT1G67350,AT3G24190,AT2G30490,AT1G22410,AT2G46650,AT1G48830,AT1G15950,AT2G17340,AT1G31190,AT5G42760,AT5G65220,AT4G01690,AT3G63520,AT5G02830,AT3G63490,AT5G55620,AT3G09820,AT1G64390,AT5G08650,AT1G62560,AT2G01590,AT3G10840,AT4G29030,AT5G40850,AT1G08520,AT4G09350,AT1G68440,AT2G28470,AT2G47940,AT4G12030,AT1G30530,AT2G36870,AT1G19050,AT3G19720,AT4G27030,AT2G01670,AT1G15290,AT2G40890,AT3G10060	na
3	AT3G12720	ATMYB67	2	na	PWM3277	DAP-seq	MYB67_col	45	0.000027783506435147777	0.001158507605539999	114	AT4G33010,AT2G26080,AT3G02468,AT1G42970,AT3G55800,AT5G67030,AT1G37130,AT5G04140,AT5G13930,AT3G26570,AT1G44575,AT1G09310,AT1G32060,AT5G35970,AT1G78370,AT5G19760,AT2G38170,AT3G25690,AT1G44000,AT5G40950,AT3G06510,AT3G51920,AT4G13430,AT1G65960,AT4G34050,AT4G34190,AT5G48930,AT1G51680,AT1G24020,AT1G67700,AT3G52720,AT5G38520,AT1G01790,AT5G43750,AT1G02500,AT1G68660,AT3G19710,AT1G75280,AT3G19450,AT4G22570,AT3G01480,AT3G24170,AT2G34860,AT5G52650,AT4G39940,AT3G56360,AT4G31700,AT5G22620,AT4G10300,AT3G59970,AT3G55330,AT1G18730,AT2G21210,AT1G68590,AT1G77760,AT1G01490,AT2G24280,AT5G47040,AT1G29700,AT2G37040,AT4G25700,AT5G17170,AT3G19030,AT1G65260,AT5G61420,AT5G14260,AT1G62250,AT2G30490,AT1G22410,AT2G46650,AT3G17510,AT2G23000,AT1G48830,AT1G15950,AT2G17340,AT1G64370,AT3G51730,AT1G58080,AT5G42760,AT5G65220,AT4G01690,AT3G63520,AT5G40890,AT2G05920,AT3G48420,AT3G63490,AT1G21440,AT3G09820,AT2G30010,AT1G62560,AT3G02830,AT2G01590,AT2G48020,AT3G10840,AT2G20610,AT5G53370,AT4G29030,AT4G36360,AT5G40850,AT3G57040,AT1G68440,AT2G28470,AT2G47940,AT5G08640,AT1G30530,AT2G36870,AT1G19050,AT3G02360,AT3G19720,AT4G27030,AT2G01670,AT5G19240,AT2G40890,AT3G10060	na
3	AT1G75080	BZR1	0	na	PWM1390	CisBP	M2213_1.01	47	0.00004413176529372646	0.0017201794602532945	113	AT4G33010,AT3G55800,AT2G21330,AT1G69530,AT3G02380,AT1G68010,AT4G39800,AT1G44575,AT5G64840,AT3G54050,AT3G61440,AT2G13360,AT1G32900,AT5G64940,AT1G17220,AT3G01060,AT3G12320,AT4G09320,AT5G06980,AT5G59970,AT1G75690,AT1G55480,AT1G19150,AT1G02820,AT2G20890,AT1G58380,AT4G28660,AT1G22850,AT4G34190,AT2G15620,AT1G67700,AT5G38520,AT5G08050,AT5G43750,AT1G10370,AT5G61410,AT1G56190,AT3G55440,AT1G70760,AT1G45474,AT2G18230,AT2G34460,AT3G61870,AT5G54160,AT3G21670,AT2G16500,AT1G53670,AT4G30530,AT3G56360,AT1G11840,AT5G22620,AT1G10470,AT4G30960,AT5G17870,AT3G13110,AT4G18370,AT3G10420,AT3G13120,AT1G18730,AT2G39800,AT5G47560,AT5G24120,AT1G08200,AT5G13770,AT1G23190,AT5G47040,AT4G00050,AT1G73060,AT1G22710,AT1G60590,AT3G14067,AT5G51020,AT4G37800,AT5G39570,AT3G19030,AT2G22240,AT3G25530,AT4G02890,AT3G16910,AT1G19000,AT3G24190,AT4G00810,AT3G17510,AT4G24770,AT1G48830,AT5G63180,AT5G47110,AT1G77090,AT2G39450,AT3G63490,AT1G21440,AT4G23630,AT2G37240,AT5G09650,AT1G62560,AT3G28220,AT3G04870,AT2G40880,AT4G17340,AT3G16150,AT4G24620,AT3G52230,AT5G26270,AT5G53370,AT2G20570,AT4G27520,AT1G68440,AT5G67360,AT5G62670,AT5G08670,AT4G00490,AT1G02930,AT1G15290	na
3	AT1G75080	BZR1	0	na	PWM2150	JASPAR	MA0550.1	48	0.00004413176529372646	0.0017201794602532945	113	AT4G33010,AT3G55800,AT2G21330,AT1G69530,AT3G02380,AT1G68010,AT4G39800,AT1G44575,AT5G64840,AT3G54050,AT3G61440,AT2G13360,AT1G32900,AT5G64940,AT1G17220,AT3G01060,AT3G12320,AT4G09320,AT5G06980,AT5G59970,AT1G75690,AT1G55480,AT1G19150,AT1G02820,AT2G20890,AT1G58380,AT4G28660,AT1G22850,AT4G34190,AT2G15620,AT1G67700,AT5G38520,AT5G08050,AT5G43750,AT1G10370,AT5G61410,AT1G56190,AT3G55440,AT1G70760,AT1G45474,AT2G18230,AT2G34460,AT3G61870,AT5G54160,AT3G21670,AT2G16500,AT1G53670,AT4G30530,AT3G56360,AT1G11840,AT5G22620,AT1G10470,AT4G30960,AT5G17870,AT3G13110,AT4G18370,AT3G10420,AT3G13120,AT1G18730,AT2G39800,AT5G47560,AT5G24120,AT1G08200,AT5G13770,AT1G23190,AT5G47040,AT4G00050,AT1G73060,AT1G22710,AT1G60590,AT3G14067,AT5G51020,AT4G37800,AT5G39570,AT3G19030,AT2G22240,AT3G25530,AT4G02890,AT3G16910,AT1G19000,AT3G24190,AT4G00810,AT3G17510,AT4G24770,AT1G48830,AT5G63180,AT5G47110,AT1G77090,AT2G39450,AT3G63490,AT1G21440,AT4G23630,AT2G37240,AT5G09650,AT1G62560,AT3G28220,AT3G04870,AT2G40880,AT4G17340,AT3G16150,AT4G24620,AT3G52230,AT5G26270,AT5G53370,AT2G20570,AT4G27520,AT1G68440,AT5G67360,AT5G62670,AT5G08670,AT4G00490,AT1G02930,AT1G15290	na
3	AT5G62320	ATMYB99	3	na	PWM3298	DAP-seq	MYB99_col	49	0.00004413176529372646	0.0017201794602532945	113	AT4G33010,AT2G26080,AT1G42970,AT1G12900,AT5G67030,AT1G37130,AT5G04140,AT5G13930,AT4G37930,AT3G26570,AT1G44575,AT3G60750,AT1G32060,AT5G13650,AT5G35970,AT3G61440,AT1G78370,AT4G30950,AT1G17220,AT4G28080,AT1G15690,AT5G19760,AT4G13770,AT3G11170,AT5G40950,AT3G51920,AT4G13430,AT2G01250,AT4G34050,AT4G34190,AT5G48930,AT3G53260,AT3G23810,AT1G51680,AT1G67700,AT3G52720,AT5G43750,AT1G02500,AT1G68660,AT3G19710,AT3G54660,AT1G75280,AT3G19450,AT4G29060,AT4G22570,AT1G50020,AT3G21670,AT2G34860,AT1G23490,AT4G39940,AT4G30530,AT1G11840,AT5G22620,AT5G23010,AT3G59970,AT2G47170,AT3G23000,AT1G18730,AT1G77760,AT1G01490,AT1G29700,AT2G37040,AT1G78820,AT1G67350,AT2G30490,AT1G22410,AT2G46650,AT1G48830,AT1G15950,AT2G17340,AT2G02930,AT5G42760,AT4G01690,AT2G41680,AT5G13180,AT5G02830,AT3G48420,AT5G04590,AT3G63490,AT1G21440,AT5G55620,AT3G09820,AT5G47840,AT1G62560,AT3G04870,AT2G01590,AT3G52230,AT5G26270,AT5G53370,AT4G29030,AT4G23290,AT5G40850,AT4G13840,AT3G16220,AT4G09350,AT3G57040,AT1G68440,AT3G27925,AT2G28470,AT2G47940,AT4G12030,AT1G30530,AT5G49030,AT2G46340,AT3G02360,AT1G51980,AT3G19720,AT4G27030,AT2G01670,AT5G19240,AT1G15290,AT2G40890,AT3G10060	na
3	AT1G19350	BES1	58	7	PWM2149	JASPAR	MA0549.1	51	0.0000693697714279818	0.00243882353275238	112	AT4G33010,AT3G02468,AT3G55800,AT2G21330,AT5G49740,AT1G69530,AT1G11860,AT3G02380,AT4G39800,AT5G36790,AT1G32060,AT3G61440,AT1G07180,AT5G02120,AT5G64940,AT4G28080,AT3G01060,AT3G12320,AT5G06980,AT4G13770,AT1G55480,AT1G19150,AT2G05620,AT2G20890,AT4G28660,AT1G22850,AT4G34190,AT2G15620,AT1G67700,AT1G34000,AT5G08050,AT1G10370,AT5G61410,AT1G68660,AT3G19710,AT1G56190,AT3G55440,AT1G70760,AT2G18230,AT3G61870,AT3G21670,AT2G16500,AT1G53670,AT1G70490,AT5G22620,AT1G10470,AT5G23010,AT4G30960,AT3G11930,AT5G17870,AT3G13110,AT3G10420,AT3G13120,AT1G18730,AT2G39800,AT4G36530,AT1G30120,AT5G47560,AT1G01490,AT2G38140,AT5G47040,AT1G22710,AT1G60590,AT5G51020,AT4G37800,AT5G39570,AT2G22240,AT3G25530,AT4G02890,AT3G16910,AT1G72030,AT1G19000,AT3G24190,AT2G46650,AT4G00810,AT1G48830,AT3G03250,AT5G47110,AT5G13180,AT3G47430,AT1G77090,AT5G04590,AT2G39450,AT4G28240,AT3G63490,AT2G35810,AT1G21440,AT2G37240,AT2G30010,AT1G62560,AT3G04870,AT1G12110,AT4G17340,AT3G16150,AT3G52230,AT5G26270,AT5G53370,AT4G36360,AT2G20570,AT4G27520,AT4G09350,AT3G02090,AT2G35840,AT1G68440,AT5G67360,AT5G62670,AT5G08670,AT4G12030,AT3G19720,AT1G15290,AT3G08730,AT5G04950	AT4G39800,AT3G12320,AT5G67370,AT1G30120,AT4G37800,AT4G01690,AT5G04590
3	AT1G19350	BES1	58	7	PWM1485	CisBP	M2212_1.01	56	0.00010790077706988879	0.003454751665826975	111	AT4G33010,AT3G02468,AT3G55800,AT2G21330,AT1G69530,AT1G11860,AT3G02380,AT4G39800,AT5G36790,AT1G32060,AT3G61440,AT1G07180,AT5G02120,AT5G64940,AT4G28080,AT3G01060,AT3G12320,AT5G06980,AT4G13770,AT1G55480,AT1G19150,AT2G05620,AT2G20890,AT4G28660,AT1G22850,AT4G34190,AT2G15620,AT1G67700,AT1G34000,AT5G08050,AT1G10370,AT5G61410,AT1G68660,AT3G19710,AT1G56190,AT3G55440,AT1G70760,AT2G18230,AT3G61870,AT3G21670,AT2G16500,AT1G53670,AT1G70490,AT5G22620,AT1G10470,AT5G23010,AT4G30960,AT3G11930,AT5G17870,AT3G13110,AT3G10420,AT3G13120,AT1G18730,AT2G39800,AT4G36530,AT1G30120,AT5G47560,AT1G01490,AT2G38140,AT5G47040,AT1G22710,AT1G60590,AT5G51020,AT4G37800,AT5G39570,AT2G22240,AT3G25530,AT4G02890,AT3G16910,AT1G72030,AT1G19000,AT3G24190,AT2G46650,AT4G00810,AT1G48830,AT3G03250,AT5G47110,AT5G13180,AT3G47430,AT1G77090,AT5G04590,AT2G39450,AT4G28240,AT3G63490,AT2G35810,AT1G21440,AT2G37240,AT2G30010,AT1G62560,AT3G04870,AT1G12110,AT4G17340,AT3G16150,AT3G52230,AT5G26270,AT5G53370,AT4G36360,AT2G20570,AT4G27520,AT4G09350,AT3G02090,AT2G35840,AT1G68440,AT5G67360,AT5G62670,AT5G08670,AT4G12030,AT3G19720,AT1G15290,AT3G08730,AT5G04950	AT4G39800,AT3G12320,AT5G67370,AT1G30120,AT4G37800,AT4G01690,AT5G04590
3	AT1G19000	At1g19000	2	1	PWM3301	DAP-seq	AT1G19000_col	52	0.0000693697714279818	0.00243882353275238	112	AT1G31580,AT2G25510,AT2G21330,AT3G62410,AT5G49740,AT1G55960,AT1G16720,AT4G40030,AT1G16880,AT4G32260,AT4G28080,AT3G22210,AT1G62750,AT5G24150,AT5G12470,AT5G06980,AT5G59970,AT1G75690,AT3G29240,AT3G22890,AT5G58870,AT1G55490,AT4G33865,AT4G24780,AT3G53260,AT1G51680,AT2G43910,AT2G39470,AT5G65360,AT1G70410,AT1G70760,AT3G54660,AT2G34460,AT3G01480,AT1G08570,AT1G66330,AT1G23490,AT2G42600,AT2G40490,AT1G70490,AT5G58330,AT5G22620,AT3G51820,AT4G30960,AT4G10300,AT5G17870,AT1G07110,AT2G47170,AT2G22670,AT3G13120,AT1G12240,AT1G18730,AT2G39800,AT1G68590,AT4G08870,AT5G47560,AT1G01490,AT5G48790,AT5G50920,AT1G65230,AT2G37040,AT4G37550,AT1G73060,AT1G60590,AT3G52150,AT4G25700,AT2G14750,AT1G78820,AT5G51020,AT1G32990,AT1G65260,AT2G22240,AT3G08610,AT1G67350,AT1G19000,AT3G24190,AT2G30490,AT2G17340,AT5G13000,AT3G20670,AT5G40890,AT3G47430,AT4G35760,AT5G04590,AT4G28240,AT5G33320,AT5G06060,AT1G21440,AT3G09820,AT5G09650,AT5G08530,AT1G54350,AT4G28025,AT5G10470,AT1G12110,AT4G17340,AT2G48020,AT4G36360,AT5G40850,AT2G24540,AT3G16220,AT5G64460,AT2G28470,AT3G47960,AT2G47940,AT5G08670,AT1G49970,AT5G49030,AT5G42310,AT3G22420,AT1G51980,AT2G40890	AT2G40890
3	AT2G40950	BZIP17	1	1	PWM882	CisBP	M0259_1.01	53	0.0000693697714279818	0.00243882353275238	112	AT2G21330,AT5G67030,AT1G69530,AT5G38980,AT1G11860,AT3G03780,AT1G72610,AT1G68010,AT3G26570,AT4G39800,AT1G44575,AT5G64840,AT1G32060,AT4G35250,AT3G54050,AT1G66200,AT2G13360,AT4G22890,AT4G30950,AT3G01060,AT1G62750,AT5G24150,AT3G12320,AT5G06980,AT2G21970,AT5G59970,AT5G17230,AT2G40100,AT1G44000,AT5G40950,AT4G13430,AT1G56070,AT5G59870,AT2G15620,AT1G14150,AT5G38520,AT5G65360,AT1G68660,AT3G19710,AT3G55440,AT1G45474,AT2G18230,AT1G65930,AT3G21670,AT1G53670,AT2G42600,AT4G39940,AT2G40490,AT3G56360,AT1G10470,AT5G23010,AT3G11930,AT3G13110,AT4G18370,AT3G10420,AT4G31500,AT2G39800,AT3G61220,AT5G47560,AT1G01490,AT1G13650,AT1G08200,AT4G00050,AT2G37040,AT3G14067,AT5G17170,AT4G04840,AT2G21960,AT4G02890,AT3G30720,AT1G19000,AT3G24190,AT1G68830,AT1G22410,AT1G31800,AT4G34630,AT4G00810,AT3G17510,AT1G15950,AT3G51730,AT4G01690,AT5G47110,AT5G13180,AT3G47430,AT2G05920,AT3G48420,AT2G39450,AT4G28240,AT1G58807,AT4G23630,AT2G37240,AT1G62560,AT3G04870,AT3G15810,AT2G01590,AT3G16150,AT2G48020,AT3G57020,AT3G16460,AT4G14030,AT2G15020,AT2G04795,AT5G62670,AT5G51010,AT4G00490,AT1G02930,AT3G16530,AT4G34450,AT1G51980,AT3G19720,AT2G01670,AT5G19240	AT2G30490
3	AT3G56660	BZIP49	0	na	PWM884	CisBP	M0259_1.01	55	0.0000693697714279818	0.00243882353275238	112	AT2G21330,AT5G67030,AT1G69530,AT5G38980,AT1G11860,AT3G03780,AT1G72610,AT1G68010,AT3G26570,AT4G39800,AT1G44575,AT5G64840,AT1G32060,AT4G35250,AT3G54050,AT1G66200,AT2G13360,AT4G22890,AT4G30950,AT3G01060,AT1G62750,AT5G24150,AT3G12320,AT5G06980,AT2G21970,AT5G59970,AT5G17230,AT2G40100,AT1G44000,AT5G40950,AT4G13430,AT1G56070,AT5G59870,AT2G15620,AT1G14150,AT5G38520,AT5G65360,AT1G68660,AT3G19710,AT3G55440,AT1G45474,AT2G18230,AT1G65930,AT3G21670,AT1G53670,AT2G42600,AT4G39940,AT2G40490,AT3G56360,AT1G10470,AT5G23010,AT3G11930,AT3G13110,AT4G18370,AT3G10420,AT4G31500,AT2G39800,AT3G61220,AT5G47560,AT1G01490,AT1G13650,AT1G08200,AT4G00050,AT2G37040,AT3G14067,AT5G17170,AT4G04840,AT2G21960,AT4G02890,AT3G30720,AT1G19000,AT3G24190,AT1G68830,AT1G22410,AT1G31800,AT4G34630,AT4G00810,AT3G17510,AT1G15950,AT3G51730,AT4G01690,AT5G47110,AT5G13180,AT3G47430,AT2G05920,AT3G48420,AT2G39450,AT4G28240,AT1G58807,AT4G23630,AT2G37240,AT1G62560,AT3G04870,AT3G15810,AT2G01590,AT3G16150,AT2G48020,AT3G57020,AT3G16460,AT4G14030,AT2G15020,AT2G04795,AT5G62670,AT5G51010,AT4G00490,AT1G02930,AT3G16530,AT4G34450,AT1G51980,AT3G19720,AT2G01670,AT5G19240	na
3	AT1G06180	ATMYB13	0	2	PWM3236	DAP-seq	MYB13_col	59	0.00010790077706988879	0.003454751665826975	111	AT4G33010,AT2G26080,AT3G02468,AT1G12900,AT5G67030,AT1G37130,AT1G11860,AT5G04140,AT5G13930,AT4G37930,AT3G01120,AT3G26570,AT1G32060,AT5G35970,AT4G35250,AT3G61440,AT1G66200,AT1G78370,AT1G17220,AT5G46800,AT5G19760,AT4G13770,AT3G25690,AT3G11170,AT1G44000,AT5G40950,AT3G06510,AT3G51920,AT4G13430,AT3G52930,AT4G34050,AT4G34190,AT5G48930,AT3G53260,AT3G23810,AT1G51680,AT1G24020,AT1G67700,AT5G38520,AT5G67370,AT1G02500,AT3G19450,AT4G22570,AT3G21670,AT3G24170,AT1G50250,AT2G34860,AT4G39940,AT4G30530,AT4G31700,AT5G22620,AT5G23010,AT3G59970,AT2G47170,AT3G55330,AT5G07020,AT3G23000,AT3G13120,AT1G18730,AT1G77760,AT1G01490,AT5G47040,AT1G29700,AT2G37040,AT4G14210,AT2G14750,AT5G17170,AT1G65260,AT1G67350,AT3G24190,AT2G30490,AT1G22410,AT2G46650,AT3G17510,AT1G48830,AT1G15950,AT2G17340,AT1G64370,AT1G58080,AT5G42760,AT4G01690,AT3G63520,AT5G02830,AT2G05920,AT3G63490,AT5G55620,AT3G09820,AT5G47840,AT5G08650,AT1G62560,AT3G02830,AT2G01590,AT3G10840,AT3G51895,AT4G29030,AT5G40850,AT4G13840,AT2G35840,AT1G68440,AT3G27925,AT2G28470,AT4G12030,AT1G30530,AT2G36870,AT5G49030,AT1G19050,AT3G02360,AT4G27030,AT2G01670,AT2G40890,AT3G10060	AT5G48930,AT1G51680
3	AT1G18570	AtMYB51	11	na	PWM3260	DAP-seq	MYB51_col	60	0.00010790077706988879	0.003454751665826975	111	AT4G33010,AT2G26080,AT1G42970,AT5G67030,AT1G37130,AT5G23060,AT5G13930,AT4G37930,AT3G26570,AT5G36790,AT1G32060,AT5G13650,AT5G35970,AT3G61440,AT1G78370,AT1G17220,AT5G46800,AT1G15690,AT5G19760,AT4G13770,AT3G51920,AT4G13430,AT2G01250,AT3G52930,AT4G34050,AT4G24780,AT3G53260,AT1G51680,AT2G15620,AT3G52720,AT5G67370,AT1G32220,AT3G08580,AT3G44300,AT1G01790,AT1G70410,AT5G43750,AT1G02500,AT1G68660,AT3G23390,AT3G19450,AT4G22570,AT1G50020,AT3G21670,AT3G24170,AT1G50250,AT2G34860,AT4G39940,AT4G30530,AT1G11840,AT5G22620,AT5G23010,AT3G59970,AT5G07020,AT3G23000,AT1G18730,AT2G21210,AT4G36530,AT1G77760,AT1G01490,AT1G52510,AT5G50920,AT1G29700,AT2G37040,AT4G14210,AT1G78820,AT4G02530,AT5G14260,AT2G30490,AT1G22410,AT2G46650,AT1G48830,AT1G15950,AT2G17340,AT2G02930,AT5G65220,AT4G01690,AT4G00780,AT3G48420,AT5G04590,AT3G63490,AT5G06060,AT5G55620,AT3G09820,AT5G47840,AT1G62560,AT3G04870,AT5G44650,AT2G35960,AT4G24620,AT3G10840,AT3G51895,AT5G53370,AT5G40850,AT1G08520,AT4G13840,AT2G24540,AT2G35840,AT1G68440,AT3G27925,AT5G18660,AT5G08640,AT5G09870,AT4G12030,AT2G36870,AT1G51500,AT4G27030,AT2G01670,AT1G15290,AT2G40890,AT3G10060	na
3	AT1G79180	ATMYB63	6	4	PWM3274	DAP-seq	MYB63_col	61	0.00010790077706988879	0.003454751665826975	111	AT4G33010,AT2G26080,AT5G67030,AT1G37130,AT1G13440,AT5G38980,AT1G11860,AT4G37930,AT3G26570,AT5G36790,AT1G44575,AT1G32060,AT5G13650,AT5G35970,AT4G35250,AT3G61440,AT1G66200,AT1G78370,AT1G16880,AT5G46800,AT4G28080,AT5G19760,AT4G13770,AT3G25690,AT3G11170,AT1G44000,AT3G06510,AT3G51920,AT3G52930,AT4G34050,AT4G24780,AT5G48930,AT3G53260,AT3G23810,AT1G51680,AT3G56290,AT5G38520,AT5G67370,AT1G01790,AT5G43750,AT1G02500,AT3G54660,AT3G23390,AT3G19450,AT4G29060,AT4G22570,AT3G21670,AT1G50250,AT1G23490,AT5G52650,AT4G39940,AT4G10060,AT5G22620,AT1G78900,AT5G17870,AT3G59970,AT3G55330,AT3G23000,AT1G18730,AT1G68590,AT1G77760,AT5G48790,AT1G52510,AT1G13650,AT5G47040,AT1G29700,AT2G37040,AT4G14210,AT5G17170,AT1G65260,AT5G61420,AT3G24190,AT2G30490,AT1G22410,AT3G17510,AT1G15950,AT2G17340,AT1G58080,AT5G65220,AT2G41680,AT3G48420,AT5G04590,AT5G33320,AT3G63490,AT5G55620,AT3G09820,AT5G08650,AT1G62560,AT2G01590,AT4G24620,AT3G10840,AT5G26270,AT2G43100,AT5G35360,AT5G40850,AT3G16460,AT3G02870,AT1G68440,AT2G28470,AT2G36870,AT5G49030,AT2G46340,AT4G32770,AT1G51500,AT1G51980,AT4G27030,AT2G01670,AT5G19240,AT1G15290,AT2G40890,AT3G10060	AT4G34050,AT5G48930,AT1G51680,AT2G30490
3	AT1G76890	AT-GT2	8	na	PWM3507	DAP-seq	GT2_col	62	0.00010790077706988879	0.003454751665826975	111	AT4G33010,AT1G37130,AT1G55960,AT4G26850,AT3G03780,AT1G32080,AT1G44575,AT1G09310,AT1G32060,AT4G35250,AT1G66200,AT2G13360,AT2G35370,AT1G48030,AT3G14415,AT1G15690,AT3G25690,AT3G22890,AT4G39330,AT3G02730,AT2G24270,AT1G55490,AT4G33865,AT1G56070,AT4G24780,AT1G51680,AT3G18490,AT3G56290,AT2G15620,AT3G52720,AT5G19220,AT3G47650,AT3G19710,AT3G55440,AT2G44670,AT3G01480,AT1G08570,AT1G50020,AT4G17600,AT3G49680,ATCG00780,AT4G39940,AT4G30530,AT1G11840,AT1G80380,AT5G22620,AT4G30960,AT3G23000,AT1G12240,AT4G36530,AT4G08870,AT1G77760,AT1G01490,AT1G13650,AT1G08200,AT2G37040,AT4G37550,AT1G22710,AT1G60590,AT1G53240,AT1G51060,AT3G08610,AT1G64780,AT4G02890,AT3G24190,AT2G30490,AT1G68830,AT1G22410,AT2G46650,AT1G31800,AT3G51730,AT1G70370,AT1G07700,AT5G13000,AT4G01690,AT3G47430,AT1G70580,AT3G52960,AT5G04590,AT2G39450,AT1G58807,AT3G10720,AT1G64390,AT5G47840,AT2G47070,AT1G62960,AT4G17340,AT2G42770,AT3G16150,AT1G48750,AT2G23350,AT3G57020,AT2G43100,AT4G23290,AT1G08520,AT4G13840,AT2G20570,AT3G02090,AT3G02870,AT2G35840,AT5G18660,AT5G08640,AT5G36160,AT4G00490,AT5G49030,AT1G19050,AT4G01800,AT3G19720,AT2G01670,AT4G34110,AT3G10060	na
3	AT4G16110	ARR2	2	na	PWM46	AthaMAP	T04730	63	0.00010790077706988879	0.003454751665826975	111	AT1G66100,AT5G49740,AT5G38980,AT5G23060,AT4G37930,AT1G68010,AT4G15545,AT5G13650,AT5G35970,AT2G13360,AT1G32900,AT5G02120,AT1G14320,AT4G28080,AT1G62180,AT2G04039,AT4G29350,AT4G09320,AT2G36880,AT1G44000,AT1G19150,AT3G63410,AT3G62030,AT5G30510,AT1G58380,AT1G56070,AT1G14150,AT2G23600,AT5G12150,AT3G44300,AT5G65360,AT1G19450,AT1G18540,AT5G43750,AT1G70760,AT3G54660,AT3G19450,AT1G56500,AT5G54160,AT4G17600,AT1G23490,AT3G49680,AT2G42600,AT5G03850,AT4G10060,AT5G66190,AT1G52400,AT1G11840,AT1G80380,AT4G10300,AT1G07110,AT3G55330,AT1G68590,AT1G76450,AT4G08870,AT5G57030,AT1G16080,AT1G08200,AT5G50920,AT3G24430,AT4G00050,AT1G22710,AT1G60590,AT5G39570,AT1G70730,ATCG00650,AT5G57040,AT3G25530,AT4G02890,AT1G68830,AT2G46650,AT4G00810,AT3G17510,AT1G58080,AT1G07700,AT4G37760,AT5G42760,AT5G13000,AT2G31670,AT3G48420,AT5G06060,AT1G21440,AT4G23630,AT5G55620,AT2G24200,AT3G09820,AT1G64390,AT5G09650,AT5G08650,AT3G28220,AT5G48300,AT2G45990,AT4G10480,AT2G42770,AT2G35960,AT1G64500,AT3G10840,AT3G51895,AT1G08520,AT1G78290,AT3G16220,AT4G09350,AT5G62790,AT2G28470,AT2G36870,AT1G17360,AT3G19720,AT1G63940,AT4G34110,AT1G15290,ATCG00660	na
3	AT2G46970	PIL1	5	na	PWM902	CisBP	M0150_1.01	64	0.00010790077706988879	0.003454751665826975	111	AT4G33010,AT1G31580,AT3G55800,AT2G21330,AT1G12900,AT5G67030,AT5G49740,AT1G69530,AT4G26850,AT3G03780,AT1G68010,AT3G47070,AT4G39800,AT5G64840,AT4G35250,AT1G07180,AT4G22890,AT1G17220,AT4G28080,AT3G01060,AT5G24150,AT2G04039,AT3G12320,AT2G38170,AT4G09320,AT5G06980,AT1G44000,AT1G19150,AT2G05620,AT5G58870,AT2G20890,AT4G26860,AT2G15620,AT1G34000,AT5G67370,AT5G43750,AT1G10370,AT1G68660,AT3G19710,AT1G70760,AT1G45474,AT1G56500,AT5G54160,AT3G21670,AT2G16500,AT1G04530,AT1G53670,AT3G56360,AT5G22620,AT1G10470,AT5G17870,AT3G13110,AT2G47170,AT4G18370,AT3G10420,AT1G12240,AT1G18730,AT4G34720,AT1G30120,AT5G47560,AT1G01490,AT1G74090,AT1G13650,AT1G08200,AT3G16470,AT5G13770,AT4G15530,AT3G14067,AT3G19030,AT4G04840,AT2G22240,AT4G02890,AT1G72030,AT1G19000,AT1G68830,AT4G00810,AT3G17510,AT1G48830,AT3G51730,AT1G70370,AT1G78570,AT2G05920,AT5G04590,AT2G39450,AT4G28240,AT1G58807,AT4G23630,AT3G10720,AT2G37240,AT1G62560,AT3G28220,AT1G12110,AT3G16150,AT2G48020,AT3G52230,AT5G53370,AT4G36360,AT3G16460,AT2G20570,AT4G27520,AT1G68440,AT3G47960,AT5G67360,AT5G62670,AT5G09870,AT4G00490,AT5G49030,AT1G02930,AT3G16530,AT3G19720,AT5G03555	na
3	AT5G12870	ATMYB46	13	0	PWM1440	PBM		65	0.00016607150938951934	0.004581018712852433	110	AT4G33010,AT2G26080,AT1G09340,AT5G49740,AT1G69530,AT1G13440,AT4G26850,AT1G44575,AT1G09310,AT5G64940,AT1G72910,AT1G29660,AT1G15690,AT3G04840,AT5G19760,AT4G29350,AT4G09320,AT2G21970,AT5G59970,AT3G06510,AT4G39330,AT2G24270,AT1G02820,AT4G34050,AT5G59870,AT1G51680,AT2G39470,AT2G25450,AT1G19450,AT3G56240,AT3G19450,AT1G65930,AT1G56500,AT3G21670,AT2G34860,AT5G45680,AT2G42600,AT5G52650,AT5G66190,AT1G80380,AT5G23010,AT4G30960,AT3G59970,AT2G47170,AT4G14880,AT1G18730,AT4G34720,AT4G12830,AT1G11650,AT4G08870,AT1G30120,AT1G13650,AT1G08200,AT5G13770,AT2G24280,AT1G29700,AT3G09260,AT4G00050,AT2G37040,AT4G35450,AT1G22710,AT1G60590,AT1G32990,AT1G65260,AT2G22240,AT5G61420,AT1G67350,AT4G02890,AT2G30490,AT4G34630,AT1G15950,AT1G70370,AT5G63180,AT1G58080,AT5G42760,AT5G65220,AT3G63520,AT5G40890,AT3G52960,AT3G48420,AT5G06060,AT4G23630,AT3G10720,AT5G55620,AT1G64390,AT5G09650,AT1G62560,AT2G47070,AT4G10480,AT4G17340,AT2G42770,AT2G01110,AT4G36360,AT5G40850,AT4G13840,AT2G24540,AT2G20570,AT3G57040,AT1G68440,AT2G28470,AT3G47960,AT2G32160,AT5G08640,AT5G08670,AT1G19050,AT1G02930,AT5G26751,AT4G34450,AT1G51500,AT2G40890	
3	AT5G12870	ATMYB46	13	0	PWM1552	PBM		94	0.0012225072180529037	0.023318674914562302	105	AT4G33010,AT2G26080,AT3G02468,AT2G21330,AT5G67030,AT1G69530,AT5G13930,AT4G37930,AT3G26570,AT1G44575,AT1G09310,AT5G01410,AT3G61440,AT1G66200,AT1G78370,AT2G38230,AT1G15690,AT5G19760,AT3G25690,AT1G44000,AT5G40950,AT3G51920,AT3G02730,AT4G13430,AT4G34050,AT4G24780,AT4G34190,AT5G48930,AT3G53260,AT1G24020,AT1G67700,AT5G67370,AT1G01790,AT5G43750,AT1G02500,AT1G68660,AT3G19710,AT1G75280,AT3G19450,AT1G65930,AT4G22570,AT3G24170,AT2G34860,AT4G39940,AT3G15360,AT4G30530,AT3G56360,AT5G22620,AT5G23010,AT3G59970,AT1G07110,AT3G55330,AT1G68590,AT1G77760,AT1G01490,AT1G52510,AT5G24120,AT4G00050,AT4G25700,AT1G78820,AT1G70730,AT1G65260,AT1G67350,AT5G14260,AT2G30490,AT1G22410,AT2G46650,AT2G23000,AT1G48830,AT1G15950,AT1G64370,AT1G70370,AT1G10670,AT1G78570,AT5G42760,AT5G65220,AT1G21440,AT3G09820,AT2G30010,AT1G62560,AT2G01590,AT3G16150,AT3G51895,AT5G53370,AT4G29030,AT5G40850,AT3G16460,AT3G16220,AT3G57040,AT1G68440,AT3G47960,AT2G47940,AT5G08640,AT5G09870,AT1G30530,AT2G36870,AT3G02360,AT1G51500,AT1G51980,AT3G19720,AT4G27030,AT2G01670,AT5G19240,AT1G15290,AT2G40890	
3	AT5G12870	ATMYB46	13	0	PWM2636	JASPAR	MA1040.1	135	0.0035587866201630797	0.04908388007655694	102	AT4G33010,AT2G26080,AT3G02468,AT2G21330,AT5G67030,AT1G37130,AT5G13930,AT4G37930,AT3G26570,AT4G10120,AT3G61440,AT1G66200,AT1G78370,AT4G30950,AT2G38230,AT1G15690,AT5G24150,AT4G13770,AT3G25690,AT2G40100,AT1G44000,AT3G02730,AT4G13430,AT4G34050,AT4G24780,AT4G34190,AT5G48930,AT3G53260,AT1G24020,AT1G67700,AT3G52720,AT5G67370,AT1G01790,AT5G43750,AT1G02500,AT1G68660,AT3G19710,AT1G75280,AT3G19450,AT1G50020,AT3G24170,AT2G34860,AT3G49680,AT3G15360,AT4G30530,AT3G56360,AT5G22620,AT5G23010,AT3G59970,AT1G07110,AT3G55330,AT2G21210,AT1G68590,AT1G77760,AT1G01490,AT5G24120,AT2G24280,AT4G00050,AT4G25700,AT1G78820,AT1G70730,AT5G61420,AT1G67350,AT3G25530,AT5G14260,AT3G24190,AT2G30490,AT1G22410,AT2G46650,AT1G48830,AT1G15950,AT1G64370,AT1G10670,AT1G78570,AT1G21440,AT1G64390,AT5G09650,AT1G62560,AT2G01590,AT3G16150,AT4G24620,AT3G10840,AT5G53370,AT4G29030,AT5G40850,AT3G57040,AT1G68440,AT3G47960,AT2G47940,AT5G08640,AT5G09870,AT1G30530,AT2G36870,AT1G19050,AT3G02360,AT1G51980,AT3G19720,AT4G27030,AT2G01670,AT5G19240,AT1G15290,AT2G40890	
3	AT5G54230	AtMYB49	1	1	PWM3257	DAP-seq	MYB49_col	66	0.00016607150938951934	0.004581018712852433	110	AT4G33010,AT2G26080,AT1G42970,AT5G67030,AT1G37130,AT5G13930,AT3G26570,AT4G39800,AT5G36790,AT4G10120,AT5G01410,AT3G54050,AT1G78370,AT4G30950,AT1G17220,AT2G38230,AT1G15690,AT5G24150,AT4G09320,AT1G75690,AT3G25690,AT3G22890,AT3G11170,AT1G01060,AT4G13430,AT3G62030,AT4G34050,AT4G24780,AT1G67700,AT3G52720,AT5G38520,AT5G67370,AT1G32220,AT1G01790,AT5G43750,AT1G02500,AT3G47650,AT1G68660,AT3G56240,AT3G19450,AT1G65930,AT1G56500,AT4G29060,AT4G22570,AT2G34860,AT4G30530,AT5G22620,AT5G23010,AT3G59970,AT2G47170,AT3G23000,AT4G31500,AT1G18730,AT2G21210,AT3G61220,AT4G08870,AT1G77760,AT1G01490,AT1G52510,AT2G24280,AT1G29700,AT4G14210,AT1G73060,AT4G15530,AT2G14750,AT3G30720,AT1G22410,AT2G46650,AT1G48830,AT1G15950,AT2G17340,AT1G64370,AT1G10670,AT5G42760,AT5G65220,AT4G01690,AT2G05920,AT1G76990,AT1G70580,AT3G48420,AT5G04590,AT4G28240,AT3G63490,AT2G35810,AT5G67600,AT2G37240,AT3G09820,AT5G47840,AT3G04870,AT3G02830,AT2G01590,AT2G20610,AT5G40850,AT1G08520,AT4G13840,AT3G16220,AT4G09350,AT2G35840,AT1G68440,AT3G47960,AT2G32160,AT2G47940,AT3G55040,AT5G08670,AT1G30530,AT2G36870,AT4G01800,AT2G01670,AT1G15290,AT2G40890	AT1G51680
3	AT1G49010	At1g49010	194	0	PWM3303	DAP-seq	AT1G49010_col	67	0.00016607150938951934	0.004581018712852433	110	AT1G42970,AT3G62410,AT5G49740,AT5G46110,AT3G01120,AT1G32060,AT5G35970,AT3G61440,AT3G15850,AT4G22890,AT1G16880,AT4G30950,AT4G28080,AT3G22210,AT1G15690,AT1G62750,AT5G24150,AT1G75690,AT3G25690,AT5G65010,AT5G40950,AT2G01250,AT1G55490,AT1G56070,AT4G24780,AT1G51680,AT2G43910,AT2G39470,AT1G67700,AT5G38520,AT3G44300,AT4G18480,AT3G26070,AT1G70410,AT1G18060,AT1G65930,AT4G29060,AT3G01480,AT1G08570,AT2G16500,AT3G15360,AT4G10060,AT3G56360,AT5G58330,AT1G10470,AT5G23010,AT1G78900,AT5G17870,AT2G22670,AT4G14880,AT5G07020,AT3G13120,AT1G63770,AT3G61220,AT4G08870,AT5G47560,AT1G01490,AT1G13650,AT1G65230,AT5G47040,AT2G37040,AT4G14210,AT3G52150,AT3G25920,AT4G37800,AT4G13500,AT1G67350,AT3G25530,AT4G02890,AT1G19000,AT1G62250,AT2G30490,AT1G68830,AT1G22410,AT4G34630,AT1G07700,AT1G10670,AT5G65220,AT5G13000,AT3G20670,AT5G40890,AT4G35760,AT1G76990,AT5G04590,AT1G58807,AT2G35810,AT1G21440,AT2G24200,AT5G08650,AT4G23890,AT4G28025,AT5G48300,AT4G10480,AT4G17340,AT3G16150,AT4G29030,AT1G08520,AT2G24540,AT1G78290,AT3G16220,AT5G64460,AT2G04795,AT5G62790,AT3G47960,AT2G47940,AT5G62670,AT1G49970,AT2G46340,AT5G42310,AT4G34450	
3	AT1G59640	bHLH31	11	na	PWM2886	DAP-seq	BHLH31_col	68	0.0002529083647051402	0.006668598498769359	109	AT4G33010,AT3G55800,AT2G21330,AT5G67030,AT1G69530,AT1G68010,AT4G39800,AT3G54050,AT3G61440,AT4G22890,AT5G64940,AT1G17220,AT4G28080,AT3G01060,AT3G12320,AT2G38170,AT5G06980,AT5G59970,AT3G22890,AT2G05620,AT5G58870,AT4G28660,AT4G24780,AT1G22850,AT4G34190,AT2G15620,AT1G67700,AT5G38520,AT1G10370,AT5G61410,AT3G19710,AT1G56190,AT1G70760,AT2G18230,AT2G34460,AT1G04530,AT1G52400,AT1G71500,AT3G56360,AT5G22620,AT5G23010,AT4G30960,AT3G11930,AT5G17870,AT3G13110,AT4G18370,AT3G10420,AT3G13120,AT1G12240,AT1G76450,AT1G30120,AT1G21065,AT5G47560,AT1G01490,AT1G13650,AT5G50920,AT3G16470,AT2G24280,AT5G47040,AT1G73060,AT1G22710,AT1G60590,AT4G37800,AT5G39570,AT2G22240,AT4G02890,AT3G16910,AT1G19000,AT3G24190,AT4G00810,AT4G24770,AT3G13920,AT5G63180,AT1G78570,AT3G58990,AT5G13180,AT3G63520,AT1G77090,AT5G04590,AT2G39450,AT5G33320,AT1G21440,AT4G23630,AT3G10720,AT2G37240,AT1G64390,AT3G04870,AT2G45990,AT2G40880,AT1G12110,AT4G17340,AT3G16150,AT2G48020,AT3G51895,AT3G52230,AT5G26270,AT5G53370,AT2G20570,AT4G27520,AT4G09350,AT1G68440,AT5G67360,AT5G62670,AT5G08670,AT4G00490,AT1G02930,AT3G19720,AT1G15290,AT3G08730	na
3	AT4G14410	bHLH104	9	0	PWM2559	JASPAR	MA0960.1	71	0.00038107495989711873	0.009623484550641322	108	AT3G55800,AT2G21330,AT5G67030,AT1G69530,AT1G11860,AT5G04140,AT1G68010,AT5G64840,AT3G54050,AT2G13360,AT1G32900,AT1G07180,AT5G02120,AT5G64940,AT1G29660,AT4G28080,AT5G24150,AT2G04039,AT3G12320,AT5G12470,AT4G09320,AT4G16980,AT5G06980,AT1G55480,AT3G22890,AT4G39330,AT4G13430,AT5G58870,AT1G02820,AT2G20890,AT1G22850,AT1G67700,AT5G38520,AT5G67370,AT3G08580,AT1G56190,AT2G18230,AT2G34460,AT1G65930,AT1G53670,AT1G52400,AT1G71500,AT1G11840,AT5G22620,AT5G23010,AT4G30960,AT3G11930,AT1G78900,AT3G13110,AT3G59970,AT4G18370,AT3G10420,AT3G23000,AT1G12240,AT1G76450,AT1G30120,AT5G47560,AT5G58140,AT1G52510,AT5G24120,AT1G08200,AT5G50920,AT5G13770,AT5G47040,AT1G73060,AT1G22710,AT4G37800,AT5G39570,AT2G22240,AT3G25530,AT4G02890,AT3G16910,AT1G19000,AT3G24190,AT4G00810,AT3G13920,AT5G63180,AT1G78570,AT3G58990,AT5G13180,AT3G63520,AT3G47430,AT1G70580,AT5G04590,AT2G39450,AT4G28240,AT5G33320,AT3G63490,AT1G21440,AT3G10720,AT1G64390,AT1G17050,AT2G45990,AT2G40880,AT1G12110,AT4G17340,AT3G16150,AT4G24620,AT3G51895,AT3G52230,AT2G20610,AT4G36360,AT2G20570,AT4G27520,AT5G62670,AT4G00490,AT1G15290,AT3G08730	
3	AT4G14410	bHLH104	9	0	PWM1300	CisBP	M0158_1.01	130	0.0035587866201630797	0.04908388007655694	102	AT3G55800,AT2G21330,AT5G67030,AT1G69530,AT5G04140,AT1G68010,AT3G01120,AT4G39800,AT5G64840,AT5G35970,AT3G54050,AT2G13360,AT1G32900,AT1G07180,AT5G02120,AT5G64940,AT1G29660,AT4G28080,AT2G04039,AT3G12320,AT4G09320,AT4G16980,AT5G06980,AT1G55480,AT3G22890,AT4G13430,AT5G58870,AT1G02820,AT1G55490,AT4G24780,AT1G22850,AT1G67700,AT5G38520,AT5G67370,AT3G08580,AT1G56190,AT2G18230,AT2G34460,AT1G65930,AT1G23490,AT1G52400,AT1G71500,AT1G11840,AT5G22620,AT5G23010,AT3G11930,AT1G78900,AT3G13110,AT3G59970,AT4G18370,AT3G10420,AT3G23000,AT1G12240,AT1G76450,AT1G30120,AT5G47560,AT5G58140,AT1G52510,AT1G08200,AT5G50920,AT5G13770,AT5G47040,AT1G73060,AT1G22710,AT1G53240,AT5G39570,AT2G22240,AT3G25530,AT4G02890,AT3G16910,AT1G19000,AT3G24190,AT4G00810,AT4G24770,AT3G13920,AT5G63180,AT1G78570,AT3G58990,AT4G01690,AT2G41680,AT5G13180,AT3G63520,AT3G47430,AT5G04590,AT2G39450,AT4G28240,AT5G33320,AT3G63490,AT3G10720,AT1G64390,AT1G12110,AT4G17340,AT3G16150,AT3G51895,AT3G52230,AT2G20610,AT4G36360,AT2G20570,AT5G62670,AT4G00490,AT3G08730,AT3G24160	
3	AT4G14410	bHLH104	9	0	PWM2877	DAP-seq	BHLH104_col	137	0.0035587866201630797	0.04908388007655694	102	AT1G09340,AT3G55800,AT2G21330,AT5G67030,AT5G49740,AT1G11860,AT3G02380,AT1G68010,AT4G39800,AT3G61440,AT2G13360,AT1G32900,AT5G02120,AT4G22890,AT1G17220,AT4G28080,AT3G12320,AT5G12470,AT5G06980,AT5G17230,AT2G40100,AT1G01060,AT1G19150,AT4G13430,AT2G05620,AT5G58870,AT1G02820,AT1G58380,AT1G22850,AT4G34190,AT2G43910,AT1G67700,AT5G67370,AT5G08050,AT1G10370,AT5G61410,AT1G68660,AT3G55440,AT1G70760,AT2G18230,AT3G19450,AT3G61870,AT1G04530,AT1G53670,AT1G11840,AT5G23010,AT4G30960,AT3G11930,AT1G78900,AT5G17870,AT3G13110,AT4G18370,AT3G10420,AT1G12240,AT1G12800,AT1G30120,AT5G47560,AT1G01490,AT1G13650,AT2G24280,AT1G23190,AT5G47040,AT4G00050,AT1G73060,AT1G22710,AT1G60590,AT4G37800,AT5G39570,AT3G16910,AT1G19000,AT3G24190,AT4G00810,AT3G13920,AT3G58990,AT2G41680,AT3G20670,AT5G13180,AT3G47430,AT1G77090,AT5G04590,AT2G39450,AT3G63490,AT1G21440,AT5G09650,AT2G45990,AT2G40880,AT1G12110,AT4G17340,AT3G16150,AT2G48020,AT3G10840,AT2G20570,AT4G27520,AT4G09350,AT2G15020,AT1G68440,AT2G47940,AT5G62670,AT5G09870,AT4G00490,AT2G01670,AT3G08730	
3	AT1G13260	EDF4	47	na	PWM1067	CisBP	M0078_1.01	72	0.000568092342874182	0.014147077371852893	107	AT2G26080,AT2G21330,AT1G69530,AT1G11860,AT4G26850,AT5G04140,AT4G37930,AT3G02380,AT3G01120,AT5G64840,AT3G60750,AT4G10120,AT1G16720,AT4G35250,AT3G61440,AT1G66200,AT3G15850,AT4G30950,AT3G01060,AT1G62750,AT1G55480,AT5G58870,AT1G55490,AT1G56070,AT3G63140,AT3G53260,AT4G26860,AT3G02020,AT2G39470,AT1G67700,AT3G52720,AT5G12150,AT5G67370,AT1G32220,AT3G47650,AT1G68660,AT2G18230,AT3G19450,AT4G29060,AT3G61870,AT3G24170,AT3G49680,AT5G45680,AT4G39940,AT2G40490,AT2G27420,AT1G80380,AT5G22620,AT3G11930,AT4G18370,AT1G12800,AT1G43560,AT4G36530,AT1G11650,AT1G19920,AT5G57030,AT1G74090,AT1G52510,AT1G16080,AT5G50920,AT1G04410,AT3G24430,AT1G29700,AT3G52150,AT1G70730,AT1G01090,AT3G16910,AT5G14260,AT1G19000,AT1G68830,AT1G22410,AT1G15950,AT5G63180,AT1G10670,AT5G42760,AT4G01690,AT1G73650,AT3G48420,AT5G04590,AT4G28240,AT2G35810,AT4G19840,AT3G09820,AT2G44650,AT1G17050,AT5G10470,AT2G40880,AT4G24620,AT2G48020,AT5G35360,AT4G13840,AT4G14030,AT3G02090,AT5G27560,AT3G57040,AT5G47570,AT2G28470,AT2G47940,AT5G62670,AT5G08640,AT5G09870,AT5G51010,AT4G00490,AT2G36870,AT5G49030,AT3G02720,AT4G01800	na
3	AT1G01030	NGA3	69	na	PWM1179	CisBP	M0078_1.01	73	0.000568092342874182	0.014147077371852893	107	AT2G26080,AT2G21330,AT1G69530,AT1G11860,AT4G26850,AT5G04140,AT4G37930,AT3G02380,AT3G01120,AT5G64840,AT3G60750,AT4G10120,AT1G16720,AT4G35250,AT3G61440,AT1G66200,AT3G15850,AT4G30950,AT3G01060,AT1G62750,AT1G55480,AT5G58870,AT1G55490,AT1G56070,AT3G63140,AT3G53260,AT4G26860,AT3G02020,AT2G39470,AT1G67700,AT3G52720,AT5G12150,AT5G67370,AT1G32220,AT3G47650,AT1G68660,AT2G18230,AT3G19450,AT4G29060,AT3G61870,AT3G24170,AT3G49680,AT5G45680,AT4G39940,AT2G40490,AT2G27420,AT1G80380,AT5G22620,AT3G11930,AT4G18370,AT1G12800,AT1G43560,AT4G36530,AT1G11650,AT1G76450,AT1G19920,AT5G57030,AT1G74090,AT1G52510,AT1G16080,AT5G50920,AT1G04410,AT3G24430,AT1G29700,AT3G52150,AT1G70730,AT1G01090,AT3G16910,AT5G14260,AT1G19000,AT1G68830,AT1G15950,AT5G63180,AT1G10670,AT5G42760,AT4G01690,AT1G73650,AT3G48420,AT5G04590,AT4G28240,AT2G35810,AT4G19840,AT3G09820,AT2G44650,AT1G17050,AT5G10470,AT2G40880,AT4G24620,AT2G48020,AT5G35360,AT4G13840,AT4G14030,AT3G02090,AT5G27560,AT3G57040,AT5G47570,AT2G28470,AT2G47940,AT5G62670,AT5G08640,AT5G09870,AT5G51010,AT4G00490,AT2G36870,AT5G49030,AT3G02720,AT4G01800	na
3	AT4G01680	AtMYB55	15	na	PWM1388	PBM		74	0.000568092342874182	0.014147077371852893	107	AT4G33010,AT2G26080,AT1G69530,AT5G04140,AT4G37930,AT1G09310,AT1G32060,AT5G35970,AT1G66200,AT1G78370,AT1G72910,AT1G29660,AT5G19760,AT2G38170,AT4G29350,AT2G21970,AT1G55480,AT3G22890,AT3G11170,AT5G40950,AT4G39330,AT1G65960,AT4G34050,AT1G24020,AT4G26860,AT5G38520,AT2G25450,ATCG00180,AT1G19450,AT1G02500,AT3G19450,AT1G65930,AT1G56500,AT4G22570,AT3G01480,AT3G21670,AT1G66330,AT2G34860,AT5G45680,AT2G42600,AT5G52650,AT4G10060,AT5G66190,AT5G22620,AT5G23010,AT3G59970,AT4G14880,AT3G23000,AT2G39800,AT2G31790,AT1G11650,AT4G08870,AT1G19570,AT1G77760,AT1G13650,AT1G08200,AT5G13770,AT2G24280,AT4G00050,AT1G22710,AT4G25700,AT5G51020,AT1G32990,AT2G22240,AT5G61420,AT1G67350,AT4G02890,AT4G34630,AT3G17510,AT1G15950,AT3G13920,AT1G70370,AT5G63180,AT5G42760,AT5G65220,AT4G01690,AT5G40890,AT5G42070,AT3G48420,AT5G06060,AT4G23630,AT5G55620,AT3G09820,AT5G09650,AT1G62560,AT4G10480,AT2G01590,AT2G42770,AT2G48020,AT3G10840,AT5G26270,AT4G36360,AT2G24540,AT1G68440,AT3G47960,AT2G32160,AT5G08640,AT1G19050,AT1G02930,AT3G02360,AT5G26751,AT4G34450,AT1G51500,AT1G51980,AT4G27030,AT2G01670,AT2G40890	na
3	AT2G01930	ATBPC1	0	0	PWM2870	DAP-seq	BPC1_col	76	0.000568092342874182	0.014147077371852893	107	AT3G55800,AT4G38970,AT1G66100,AT5G67030,AT1G37130,AT1G69530,AT1G55960,AT5G04140,AT5G36790,AT1G44575,AT4G17090,AT5G35970,AT4G35250,AT1G66200,AT1G15980,AT3G28270,AT1G34310,AT1G17220,AT4G28080,AT1G48030,AT1G15690,AT3G12320,AT5G19760,AT3G29240,AT3G11170,AT4G13430,AT2G24270,AT2G05620,AT5G58870,AT4G34050,AT4G24780,AT1G51680,AT4G26860,AT5G51720,AT1G34000,AT3G50685,AT5G08050,AT1G68660,AT3G54660,AT5G44580,AT4G22570,AT3G01480,AT1G23490,AT2G27420,AT1G80380,AT2G24090,AT1G48598,AT2G43710,AT4G34720,AT2G39800,AT1G12800,AT4G36530,AT3G61220,AT1G30120,AT1G01490,AT5G24120,AT5G50920,AT5G13770,AT1G79600,AT2G37040,AT1G73060,AT4G15530,AT1G53240,AT4G25700,AT3G25920,AT4G37800,AT1G64780,AT3G24190,AT1G22410,AT3G17510,AT4G24770,AT3G10230,AT5G13000,AT5G47110,AT4G00780,AT2G05920,AT1G76990,AT3G48420,AT5G04590,AT2G39450,AT1G58807,AT1G64390,AT5G47840,AT2G47070,AT1G12110,AT3G02830,AT1G62960,AT2G23350,AT4G24620,AT5G35360,AT4G13840,AT2G20570,AT4G27520,AT3G02090,AT5G27560,AT5G62790,AT5G08640,AT5G08670,AT2G36870,AT3G02720,AT3G22420,AT1G17360,AT1G51500,AT1G51980,AT3G19720,AT4G34110,AT5G04950	
3	AT3G23210	bHLH34	5	0	PWM2887	DAP-seq	BHLH34_col	77	0.000568092342874182	0.014147077371852893	107	AT4G33010,AT1G09340,AT3G55800,AT2G21330,AT5G67030,AT1G37130,AT1G69530,AT3G02380,AT1G68010,AT4G39800,AT5G64840,AT3G54050,AT3G61440,AT4G22890,AT5G64940,AT1G17220,AT4G28080,AT3G01060,AT5G24150,AT3G12320,AT5G12470,AT5G06980,AT5G59970,AT2G36880,AT1G19150,AT3G06510,AT4G13430,AT2G05620,AT4G34050,AT4G28660,AT1G22850,AT4G34190,AT1G67700,AT5G38520,AT3G08580,AT5G08050,AT1G10370,AT5G61410,AT3G19710,AT1G70760,AT2G18230,AT2G34460,AT1G04530,AT1G53670,AT4G39940,AT3G56360,AT1G11840,AT5G23010,AT4G30960,AT3G11930,AT5G17870,AT3G13110,AT4G14880,AT4G18370,AT3G10420,AT3G13120,AT1G12240,AT1G76450,AT1G30120,AT5G47560,AT1G01490,AT2G38140,AT5G47040,AT1G73060,AT1G22710,AT1G60590,AT5G51020,AT2G22240,AT4G02890,AT3G16910,AT1G19000,AT3G24190,AT1G31800,AT4G00810,AT4G24770,AT5G63180,AT3G58990,AT5G13180,AT1G77090,AT5G04590,AT2G39450,AT3G63490,AT1G58807,AT5G06060,AT1G21440,AT4G23630,AT2G37240,AT1G64390,AT3G04870,AT2G40880,AT1G12110,AT4G17340,AT3G16150,AT2G48020,AT3G52230,AT2G20570,AT4G27520,AT3G02090,AT1G68440,AT5G67360,AT5G62670,AT5G08670,AT1G02930,AT3G19720,AT4G34110,AT1G15290,AT3G08730	
3	AT1G75390	AtbZIP44	4	0	PWM2917	DAP-seq	BZIP44_col	78	0.000568092342874182	0.014147077371852893	107	AT1G31580,AT5G67030,AT5G23060,AT5G13930,AT2G41090,AT3G03780,AT1G68010,AT1G32080,AT4G39800,AT5G36790,AT1G44575,AT1G09310,AT5G64840,AT1G32060,AT5G35970,AT4G35250,AT1G32900,AT1G15980,AT4G22890,AT3G28270,AT1G74730,AT2G38230,AT1G15690,AT1G62750,AT1G62180,AT4G29350,AT5G06980,AT3G22890,AT1G44000,AT1G01060,AT5G40950,AT3G02730,AT4G28660,AT4G24780,AT3G53260,AT1G51680,AT1G14150,AT5G12150,AT5G65360,AT1G75280,AT3G19450,AT1G56500,AT1G08570,AT3G24170,AT3G15360,AT2G40490,AT5G66190,AT3G56360,AT1G80380,AT5G22620,AT5G23010,AT3G23000,AT1G12800,AT2G31790,AT1G01490,AT1G13650,AT5G24120,AT1G04410,AT4G00050,AT2G37040,AT4G35450,AT4G15530,AT3G14067,AT2G21960,AT3G16910,AT3G30720,AT4G39710,AT3G24190,AT4G34630,AT3G17510,AT1G48830,AT1G15950,AT3G51730,AT3G63520,AT3G47430,AT2G05920,AT4G35760,AT1G77090,AT1G58807,AT2G37240,AT2G24200,AT3G11945,AT1G64390,AT2G30010,AT2G47070,AT1G12110,AT3G02830,AT2G01590,AT3G16150,AT4G24620,AT2G48020,AT3G51895,AT5G53370,AT5G40850,AT2G15020,AT3G57040,AT1G68440,AT1G24360,AT5G62670,AT5G51010,AT4G00490,AT1G19050,AT3G02720,AT4G32770,AT4G01800,AT2G01670,AT1G63940	
3	AT1G72050	TFIIIA	0	na	PWM3058	DAP-seq	TF3A_col	79	0.000568092342874182	0.014147077371852893	107	AT5G67030,AT5G46110,AT1G11860,AT5G04140,AT1G72610,AT3G01120,AT1G32060,AT5G35970,AT3G61440,AT4G22890,AT5G64940,AT3G28270,AT1G17220,AT3G22210,AT1G15690,AT5G19760,AT4G29350,AT5G06980,AT5G17230,AT1G01060,AT3G63410,AT3G06510,AT4G13430,AT4G34050,AT1G55490,AT1G22850,AT3G02020,AT2G15620,AT5G15950,AT3G52720,AT4G18480,AT1G19450,AT1G70410,AT1G18060,AT1G70760,AT2G18230,AT3G19450,AT2G44670,AT1G65930,AT4G22570,AT3G01480,AT2G16500,AT1G50250,AT1G50320,AT5G52650,AT4G10060,AT1G52400,AT1G11840,AT1G10470,AT3G59970,AT5G13510,AT4G14880,AT3G55330,AT4G18370,AT1G12800,AT1G43560,AT1G19920,AT2G24280,AT1G17880,AT1G22710,AT5G51020,AT1G65260,AT2G21960,AT2G22240,AT4G02530,AT4G13500,AT3G24190,AT4G00810,AT3G17510,AT1G48830,AT1G15950,AT4G01080,AT5G65220,AT3G20670,AT5G13180,AT5G40890,AT2G05920,AT1G76990,AT4G28240,AT5G55620,AT1G64390,AT2G35410,AT1G54350,AT4G28025,AT5G48300,AT2G45990,AT4G10480,AT2G01590,AT2G42770,AT2G43100,AT4G36360,AT1G08520,AT2G20570,AT4G31870,AT5G27560,AT2G04795,AT1G06690,AT5G67360,AT5G62670,AT5G51010,AT2G36870,AT2G46340,AT3G22420,AT1G51980,AT3G19720,AT2G01670,AT3G13410	na
3	AT3G23250	ATMYB15	6	na	PWM3216	DAP-seq	ATY19_col	80	0.000568092342874182	0.014147077371852893	107	AT4G33010,AT2G26080,AT1G42970,AT5G67030,AT1G37130,AT1G11860,AT4G37930,AT3G26570,AT4G39800,AT5G36790,AT1G32060,AT5G35970,AT3G61440,AT1G66200,AT3G04790,AT1G14320,AT5G46800,AT1G15690,AT5G19760,AT4G13770,AT1G44000,AT3G06510,AT3G51920,AT4G13430,AT3G52930,AT4G34050,AT4G24780,AT5G48930,AT3G53260,AT3G23810,AT1G51680,AT2G15620,AT5G67370,AT3G08580,AT1G01790,AT1G70410,AT1G02500,AT3G19450,AT1G65930,AT3G01480,AT1G50020,AT3G21670,AT1G50250,AT4G39940,AT5G66190,AT4G31700,AT5G22620,AT1G78900,AT3G55330,AT3G23000,AT2G21210,AT1G77760,AT5G48790,AT1G52510,AT1G13650,AT1G08200,AT1G23190,AT1G29700,AT2G37040,AT4G14210,AT4G25700,AT1G78820,AT5G17170,AT4G02530,AT5G57040,AT4G13500,AT2G30490,AT1G22410,AT2G46650,AT3G17510,AT1G15950,AT2G17340,AT2G02930,AT5G42760,AT5G65220,AT2G41680,AT5G47110,AT4G00780,AT3G52960,AT3G48420,AT5G04590,AT3G63490,AT3G10720,AT5G55620,AT3G09820,AT1G62560,AT5G44650,AT2G42770,AT3G10840,AT3G51895,AT5G35360,AT2G01110,AT3G16460,AT2G24540,AT2G35840,AT1G68440,AT3G27925,AT5G08640,AT4G12030,AT2G36870,AT5G49030,AT1G02930,AT4G27030,AT2G01670,AT1G15290,AT2G40890,AT3G10060	na
3	AT4G17785	MYB39	2	na	PWM3246	DAP-seq	MYB39_col	81	0.000568092342874182	0.014147077371852893	107	AT4G33010,AT1G42970,AT5G67030,AT5G46110,AT5G04140,AT5G13930,AT4G37930,AT3G26570,AT4G39800,AT1G44575,AT1G32060,AT5G13650,AT3G54050,AT1G78370,AT1G72910,AT4G30950,AT1G15690,AT5G24150,AT4G29350,AT3G11170,AT1G44000,AT1G01060,AT3G02730,AT4G13430,AT2G24270,AT5G30510,AT4G34050,AT4G24780,AT2G15620,AT1G67700,AT3G52720,AT1G01790,AT5G43750,AT1G68660,AT1G18060,AT3G19450,AT1G65930,AT1G56500,AT2G34860,AT4G30530,AT5G58330,AT1G11840,AT5G22620,AT5G23010,AT3G59970,AT3G23000,AT1G18730,AT1G63770,AT1G77760,AT1G01490,AT5G47040,AT3G09260,AT1G73060,AT4G15530,AT2G14750,AT1G78820,AT4G02530,AT3G25530,AT2G30490,AT1G22410,AT2G46650,AT1G48830,AT1G15950,AT2G17340,AT1G64370,AT2G02930,AT1G10670,AT5G42760,AT5G02830,AT2G05920,AT1G76990,AT1G70580,AT3G48420,AT5G04590,AT3G63490,AT2G35810,AT5G67600,AT5G55620,AT3G09820,AT1G64390,AT5G47840,AT2G30010,AT1G62560,AT3G04870,AT1G12110,AT2G01590,AT3G51895,AT5G53370,AT4G29030,AT5G40850,AT3G16460,AT4G13840,AT1G78290,AT3G16220,AT4G09350,AT2G35840,AT1G68440,AT5G18660,AT2G47940,AT5G09870,AT1G30530,AT2G36870,AT1G51500,AT4G27030,AT2G01670,AT1G15290,AT2G40890	na
3	AT5G04760	AT5G04760	1	241	PWM820	CisBP	M1238_1.01	82	0.000568092342874182	0.014147077371852893	107	AT5G67030,AT5G23060,AT3G01120,AT4G10120,AT5G64940,AT1G16880,AT4G32260,AT1G17220,AT3G22210,AT5G09660,AT1G62750,AT5G24150,AT4G13770,AT1G75690,AT3G25690,AT3G22890,AT2G40100,AT5G40950,AT3G62030,AT5G30510,AT4G33865,AT2G43910,AT2G39470,AT1G67700,AT5G12150,AT5G38520,ATCG00180,AT3G44300,AT5G65360,AT1G70760,AT3G54660,AT4G29060,AT3G01480,AT1G50020,AT3G24170,AT2G16500,AT1G23490,AT3G49680,AT2G42600,AT1G70490,AT5G58330,AT5G17870,AT3G59970,AT2G47170,AT2G22670,AT3G13120,AT1G12240,AT1G18730,AT4G12830,AT1G63770,AT4G08870,AT5G47560,AT1G01490,AT1G13650,AT1G08200,AT5G50920,AT1G04410,AT1G65230,AT1G22710,AT1G60590,AT3G52150,AT1G78820,AT5G39570,AT1G67350,AT5G14260,AT1G19000,AT1G62250,AT2G30490,AT1G68830,AT1G22410,AT4G34630,AT4G00810,AT2G17340,AT1G58080,AT5G65220,AT5G13000,AT4G35760,AT4G28240,AT5G55620,AT2G24200,AT4G19840,AT5G64290,AT5G47840,AT5G08650,AT4G28025,AT5G44650,AT1G12110,AT4G10480,AT4G17340,AT3G16150,AT4G24620,AT3G51895,AT2G20610,AT4G36360,AT1G08520,AT3G16460,AT4G13840,AT2G20570,AT3G16220,AT4G09350,AT5G62790,AT3G27925,AT2G32160,AT4G00490,AT5G49030,AT5G42310,AT5G26751	AT4G33010,AT1G31580,AT1G09340,AT1G12900,AT5G67030,AT3G62410,AT1G69530,AT5G46110,AT1G11860,AT5G04140,AT2G41090,AT1G72610,AT4G37930,AT1G68010,AT3G01120,AT3G47070,AT4G39800,AT1G44575,AT4G15545,AT1G09310,AT3G60750,AT1G32060,AT5G35970,AT4G35250,AT3G54050,AT3G61440,AT1G66200,AT1G07180,AT1G14320,AT1G15980,AT4G20360,AT1G16880,AT1G29660,AT4G32260,AT1G17220,AT4G28080,AT5G12860,AT1G74730,AT5G09660,AT1G48030,AT1G15690,AT5G19760,AT3G16430,AT4G16980,AT5G06980,AT2G21970,AT1G75690,AT3G29240,AT3G25690,AT3G22890,AT2G40100,AT1G44000,AT1G19150,AT3G06510,AT2G42690,AT3G51920,AT4G13430,AT1G65960,AT2G24270,AT2G05620,AT5G58870,AT3G62030,AT2G20890,AT4G34050,AT1G07610,AT3G63140,AT5G48930,AT3G53260,AT3G23810,AT3G18490,AT2G43910,AT1G67700,AT2G23600,AT5G38520,AT5G67370,AT2G25450,AT3G08580,AT3G44300,AT4G18480,AT1G19450,AT1G70410,AT5G43750,AT5G61410,AT3G56240,AT3G55440,AT3G19450,AT1G65930,AT4G22570,AT5G54160,AT3G01480,AT1G08570,AT2G16500,AT1G04530,AT1G66330,AT1G23490,AT2G42600,AT3G15360,AT4G10060,AT5G66190,AT4G30530,AT1G71500,AT1G09200,AT3G56360,AT5G42270,AT2G27420,AT5G58330,AT1G80380,AT1G10470,AT5G23010,AT4G30960,AT5G17870,AT3G13110,AT2G24090,AT3G59970,AT2G47170,AT2G22670,AT1G48350,AT5G07020,AT4G18370,AT3G23000,AT3G13120,AT4G31500,AT1G12240,AT4G34720,AT2G39800,AT1G63770,AT2G21210,AT1G68590,AT4G36530,AT1G19570,AT5G47560,AT2G18162,AT1G01490,AT2G38140,AT5G50920,AT1G04410,AT3G24430,AT1G65230,AT5G47040,AT3G09260,AT4G00050,AT1G73060,AT4G15530,AT1G22710,AT3G52150,AT4G25700,AT3G14067,AT1G78820,AT1G51060,AT4G37800,AT5G39570,AT3G27060,AT3G08610,AT5G57040,AT1G67350,AT4G02890,AT3G16910,AT4G39710,AT5G14260,AT1G19000,AT3G24190,AT2G30490,AT1G68830,AT1G31800,AT4G00810,AT3G17510,AT2G23000,AT1G15950,AT1G70370,AT5G63180,AT3G10230,AT3G48200,AT2G02930,AT4G37760,AT5G65220,AT4G01690,AT2G41680,AT5G13180,AT5G40890,AT3G47430,AT4G00780,AT2G05920,AT1G76990,AT5G04590,AT4G28240,AT4G23630,AT3G10720,AT5G64290,AT1G64390,AT2G44650,AT2G35410,AT5G47840,AT2G30010,AT5G08650,AT4G23890,AT4G28025,AT3G04870,AT5G44650,AT3G15810,AT2G40880,AT1G12110,AT3G02830,AT1G62960,AT4G17340,AT5G49480,AT2G35960,AT3G51895,AT3G52230,AT5G26270,AT5G53370,AT4G36360,AT1G08520,AT3G16460,AT4G13840,AT2G20570,AT3G16220,AT4G14030,AT3G02090,AT3G57040,AT1G68440,AT1G24360,AT3G47960,AT5G67360,AT2G47940,AT5G62670,AT5G36160,AT4G00490,AT2G36870,AT1G19050,AT2G46340,AT5G26751,AT3G16530,AT4G01800,AT1G51500,AT3G19720,AT4G27030,AT2G01670,AT5G19240,AT5G03555,AT3G13410,AT3G08730
3	AT5G38800	AtbZIP43	12	na	PWM2916	DAP-seq	BZIP43_col	84	0.0008378600438880871	0.018099795887847474	106	AT1G31580,AT2G21330,AT5G67030,AT1G69530,AT5G13930,AT2G41090,AT3G03780,AT1G68010,AT1G32080,AT4G39800,AT5G36790,AT1G44575,AT1G09310,AT5G64840,AT4G35250,AT1G32900,AT4G22890,AT1G74730,AT2G38230,AT1G15690,AT1G62750,AT1G62180,AT5G19760,AT4G29350,AT1G75690,AT3G22890,AT1G44000,AT5G40950,AT4G39330,AT3G51920,AT3G02730,AT5G58870,AT2G20890,AT4G24780,AT1G14150,AT1G67700,AT5G12150,AT5G65360,AT1G19450,AT5G61410,AT1G75280,AT3G19450,AT3G24170,AT2G42600,AT3G15360,AT2G40490,AT5G66190,AT3G56360,AT1G80380,AT5G22620,AT5G17870,AT3G23000,AT3G13120,AT1G12240,AT1G03680,AT2G31790,AT1G77760,AT1G01490,AT5G58140,AT1G13650,AT5G24120,AT1G04410,AT4G00050,AT2G37040,AT4G14210,AT4G35450,AT1G53240,AT3G14067,AT1G01090,AT2G21960,AT3G30720,AT3G24190,AT4G34630,AT3G17510,AT1G48830,AT1G15950,AT3G51730,AT1G31190,AT3G47430,AT2G05920,AT4G35760,AT5G59880,AT2G39450,AT1G58807,AT2G37240,AT2G24200,AT3G11945,AT2G47070,AT3G02830,AT2G01590,AT3G16150,AT4G24620,AT2G48020,AT5G53370,AT5G40850,AT4G27520,AT2G15020,AT3G57040,AT1G24360,AT5G08640,AT5G51010,AT4G00490,AT1G19050,AT3G02720,AT2G01670,AT1G63940	na
3	AT2G04038	AtbZIP48	9	na	PWM2919	DAP-seq	BZIP48_col	85	0.0008378600438880871	0.018099795887847474	106	AT1G31580,AT4G38970,AT5G67030,AT5G23060,AT5G13930,AT2G41090,AT3G03780,AT1G68010,AT1G32080,AT4G39800,AT5G36790,AT1G44575,AT1G09310,AT5G64840,AT1G32060,AT4G35250,AT1G32900,AT4G22890,AT1G74730,AT2G38230,AT1G15690,AT1G62750,AT1G62180,AT4G29350,AT5G06980,AT3G22890,AT1G44000,AT1G01060,AT5G40950,AT3G02730,AT1G14150,AT5G12150,AT5G38520,AT5G65360,AT5G61410,AT1G45474,AT1G75280,AT3G19450,AT1G08570,AT3G24170,AT2G16500,AT3G15360,AT2G40490,AT5G66190,AT3G56360,AT1G80380,AT5G22620,AT3G23000,AT2G31790,AT1G01490,AT1G52510,AT1G13650,AT5G24120,AT1G04410,AT4G00050,AT2G37040,AT4G14210,AT4G35450,AT4G15530,AT3G14067,AT4G37800,AT1G01090,AT2G21960,AT3G30720,AT3G24190,AT1G22410,AT4G34630,AT3G17510,AT1G48830,AT1G15950,AT3G51730,AT1G31190,AT5G42760,AT3G47430,AT2G05920,AT4G35760,AT1G58807,AT2G37240,AT2G24200,AT3G11945,AT1G64390,AT2G30010,AT2G47070,AT3G02830,AT2G01590,AT3G16150,AT4G24620,AT2G48020,AT3G51895,AT5G53370,AT5G40850,AT4G13840,AT4G14030,AT2G15020,AT3G57040,AT1G24360,AT5G62670,AT5G08640,AT5G51010,AT4G00490,AT1G19050,AT3G02720,AT3G16530,AT4G01800,AT2G01670,AT1G63940	na
3	AT2G02080	AtIDD4	1	na	PWM3042	DAP-seq	IDD4_col	86	0.0008378600438880871	0.018099795887847474	106	AT1G69530,AT1G13440,AT5G23060,AT3G03780,AT1G32080,AT3G01120,AT4G39800,AT5G36790,AT4G15545,AT5G64840,AT1G16720,AT3G28270,AT4G20360,AT1G72910,AT1G29660,AT4G28080,AT3G14415,AT4G16980,AT5G06980,AT3G25690,AT4G13430,AT1G65960,AT5G58870,AT1G56070,AT3G23810,AT1G51680,AT2G43910,AT5G15950,AT5G38520,AT3G50685,AT3G44300,AT1G19450,AT1G70410,AT2G18230,AT2G44670,AT5G44580,AT1G53670,AT2G42600,AT3G15360,AT1G71500,AT4G14880,AT1G48350,AT1G04350,AT3G55330,AT4G08870,AT1G77760,AT5G47560,AT1G01490,AT1G16080,AT1G08200,AT2G24280,AT4G00050,AT1G79600,AT4G37550,AT4G14210,AT1G73060,AT3G25920,AT1G65260,AT1G26560,AT4G02890,AT3G16910,AT1G19000,AT2G30490,AT1G70370,AT3G48200,AT5G65220,AT4G01690,AT5G40890,AT1G76990,AT1G70580,AT3G48420,AT1G21440,AT5G64290,AT1G64390,AT2G30010,AT3G28220,AT3G04870,AT5G10470,AT2G45990,AT4G10480,AT3G02830,AT5G52920,AT3G51895,AT5G35360,AT5G40850,AT4G13840,AT4G09350,AT5G27560,AT1G68440,AT5G62790,AT1G06690,AT5G47570,AT5G18660,AT2G47940,AT5G09870,AT2G24820,AT5G36160,AT4G00490,AT3G10610,AT2G36870,AT5G26751,AT3G22420,AT4G34110,AT5G19240,AT2G40890,AT3G24160	na
3	AT2G01060	At2g01060	0	na	PWM3101	DAP-seq	AT2G01060_col	87	0.0008378600438880871	0.018099795887847474	106	AT1G31580,AT1G09340,AT4G38970,AT2G21330,AT1G37130,AT1G69530,AT1G13440,AT5G13930,AT1G44575,AT5G64840,AT5G13650,AT4G10120,AT3G61440,AT4G30950,AT5G12860,AT1G15690,AT4G09320,ATCG00770,AT5G58260,AT2G24270,AT5G58870,AT3G52930,AT4G28660,AT1G56070,AT5G67370,AT1G70410,AT5G61410,AT1G68660,AT3G55440,AT3G54660,AT1G65930,AT3G08770,AT1G50250,AT2G42600,ATCG00780,AT5G03850,AT2G40490,AT4G10060,AT1G52400,AT1G71500,AT4G31700,AT5G58330,AT5G22620,AT3G51820,AT5G23010,AT3G13110,AT3G59970,AT2G47170,AT5G07020,AT3G13120,AT2G39800,AT4G08870,AT1G19920,AT5G47560,AT5G48790,AT5G24120,AT5G13770,AT1G23190,AT4G15530,AT1G22710,AT1G78820,AT1G70730,AT1G32990,AT5G61420,AT4G39710,AT1G19000,AT3G24190,AT2G30490,AT1G22410,AT2G46650,AT4G34630,AT3G17510,AT1G70370,AT3G03250,AT4G01080,AT4G01690,AT5G47110,AT3G63520,AT3G47430,AT4G35760,AT5G04590,AT4G23630,AT5G55620,AT5G47840,AT1G17050,AT5G08650,AT5G10470,AT2G45990,AT3G02830,AT5G49480,AT2G01590,AT3G16150,AT2G23350,AT2G20610,AT4G36360,AT2G44060,AT3G02870,AT4G00490,AT3G02360,AT5G26751,AT4G34110,AT5G19240,AT1G15290,AT3G13410,AT3G08730,AT5G04950	na
3	AT4G37180	AT4G37180	2	na	PWM3117	DAP-seq	AT4G37180_col	88	0.0008378600438880871	0.018099795887847474	106	AT2G25510,AT1G09340,AT4G38970,AT1G37130,AT1G69530,AT5G23060,AT1G11860,AT1G72610,AT3G02380,AT1G32080,AT1G44575,AT4G10120,AT1G16720,AT1G15980,AT5G46800,AT3G12320,AT5G12470,AT4G29350,AT2G21970,AT3G25690,AT5G17230,AT2G42690,AT2G01250,AT2G24270,AT3G62030,AT4G34190,AT1G67700,AT1G32220,AT3G44300,AT1G02500,AT1G68660,AT3G23390,AT2G18230,AT2G44670,AT1G56500,AT4G22570,AT3G24170,AT2G42600,AT4G10060,AT1G52400,AT4G31700,AT3G51820,AT5G23010,AT1G78900,AT5G17870,AT3G13110,AT3G59970,AT3G55330,AT3G10420,AT3G13120,AT2G39800,AT4G12830,AT2G21210,AT5G47560,AT5G24120,AT1G08200,AT1G65230,AT1G79600,AT2G37040,AT4G35450,AT1G22710,AT3G14067,AT5G51020,AT1G65260,AT2G21960,AT5G57040,AT1G67350,AT4G39710,AT3G24190,AT2G46650,AT1G31800,AT3G51730,AT1G58080,AT3G03250,AT4G01080,AT4G01690,AT2G41680,AT5G47110,AT5G13180,AT3G63520,AT4G00780,AT4G35760,AT1G76990,AT3G48420,AT4G28240,AT5G55620,AT5G64290,AT1G64390,AT4G37200,AT2G45990,AT1G12110,AT4G17340,AT2G01590,AT3G16150,AT5G53580,AT3G51895,AT2G20610,AT5G35360,AT4G14030,AT4G09350,AT5G47570,AT3G47960,AT4G00490,AT1G49970,AT1G19050,AT3G10060	na
3	AT1G09540	ATMYB61	6	0	PWM3270	DAP-seq	MYB61_col	89	0.0008378600438880871	0.018099795887847474	106	AT4G33010,AT2G26080,AT3G02468,AT1G12900,AT5G67030,AT1G37130,AT5G13930,AT3G26570,AT1G44575,AT1G32060,AT5G35970,AT5G64940,AT1G78370,AT5G19760,AT3G11170,AT3G06510,AT4G39330,AT1G65960,AT2G24270,AT4G34050,AT4G28660,AT5G48930,AT3G53260,AT3G23810,AT1G51680,AT1G24020,AT4G26860,AT2G39470,AT1G67700,AT5G38520,AT1G19450,AT5G43750,AT1G02500,AT3G19450,AT4G22570,AT3G01480,AT1G50020,AT3G24170,AT2G16500,AT1G66330,AT2G34860,AT5G45680,AT4G39940,AT4G10060,AT4G30530,AT5G22620,AT5G23010,AT3G59970,AT3G55330,AT3G23000,AT1G18730,AT4G08870,AT1G77760,AT1G01490,AT1G08200,AT3G24430,AT2G24280,AT1G29700,AT2G37040,AT4G25700,AT2G14750,AT5G61420,AT1G67350,AT3G24190,AT2G30490,AT1G22410,AT2G46650,AT3G17510,AT1G48830,AT1G15950,AT2G17340,AT1G70370,AT1G58080,AT5G65220,AT3G63520,AT2G05920,AT3G48420,AT5G55620,AT3G09820,AT5G08650,AT1G62560,AT3G15810,AT2G47070,AT4G17340,AT2G01590,AT2G42770,AT2G48020,AT3G10840,AT4G29030,AT4G36360,AT5G40850,AT1G68440,AT2G28470,AT3G47960,AT5G08640,AT4G12030,AT1G30530,AT2G36870,AT1G19050,AT3G02360,AT5G26751,AT1G51500,AT4G27030,AT2G01670,AT2G40890,AT3G10060	
3	AT3G11280	At3g11280	101	1	PWM3315	DAP-seq	AT3G11280_col	90	0.0008378600438880871	0.018099795887847474	106	AT2G26080,AT1G42970,AT1G09340,AT5G46110,AT5G23060,AT1G11860,AT3G01120,AT1G09310,AT5G35970,AT1G66200,AT2G13360,AT3G15850,AT3G28270,AT1G16880,AT4G30950,AT4G32260,AT4G28080,AT5G12860,AT3G22210,AT1G15690,AT1G62750,AT5G24150,AT2G04039,AT3G25690,AT2G01250,AT2G24270,AT4G34050,AT1G55490,AT2G39470,AT1G67700,AT3G52720,AT5G38520,AT3G44300,AT4G18480,AT2G31380,AT5G44580,AT4G29060,AT5G54160,AT3G01480,AT1G50020,AT2G16500,AT1G23490,AT5G45680,AT2G42600,AT3G15360,AT4G10060,AT5G58330,AT1G10470,AT5G23010,AT1G78900,AT5G17870,AT2G24090,AT2G43710,AT2G22670,AT4G14880,AT2G21210,AT4G36530,AT3G61220,AT4G08870,AT5G47560,AT1G01490,AT2G38140,AT1G13650,AT1G65230,AT5G47040,AT4G14210,AT3G52150,AT4G37800,AT1G01090,AT4G02530,AT3G08610,AT4G13500,AT1G67350,AT1G19000,AT2G30490,AT1G68830,AT4G00810,AT4G24770,AT1G07700,AT1G10670,AT5G65220,AT5G13000,AT2G41680,AT3G20670,AT2G31670,AT4G28240,AT2G35810,AT1G21440,AT5G64290,AT1G64390,AT5G08650,AT5G44650,AT4G10480,AT2G42770,AT4G36360,AT1G08520,AT1G78290,AT5G64460,AT3G57040,AT2G28470,AT5G67360,AT5G62670,AT1G49970,AT5G42310,AT4G29590,AT4G34450	AT2G40890
3	AT5G05790	At5g05790	5	0	PWM3321	DAP-seq	AT5G05790_col	91	0.0008378600438880871	0.018099795887847474	106	AT1G09340,AT5G49740,AT5G46110,AT1G13440,AT1G11860,AT4G17090,AT1G09310,AT5G35970,AT4G35250,AT5G01410,AT3G61440,AT1G07180,AT3G15850,AT5G64940,AT3G28270,AT1G16880,AT4G30950,AT4G32260,AT4G28080,AT3G22210,AT1G15690,AT2G04039,AT3G22890,AT3G11170,AT2G24270,AT2G05620,AT4G34050,AT1G55490,AT3G53260,AT2G39470,AT1G67700,AT3G52720,AT5G38520,AT3G44300,AT4G18480,AT3G56240,AT2G31380,AT4G29060,AT3G01480,AT2G16500,AT1G66330,AT1G23490,AT5G45680,AT2G42600,AT4G10060,AT1G10470,AT5G23010,AT1G78900,AT5G17870,AT2G24090,AT2G22670,AT4G14880,AT3G10420,AT1G12800,AT2G21210,AT3G61220,AT4G08870,AT5G47560,AT1G01490,AT1G13650,AT5G47040,AT4G14210,AT1G22710,AT4G37800,AT4G02530,AT3G08610,AT4G13500,AT1G67350,AT3G16910,AT1G19000,AT3G24190,AT1G62250,AT2G30490,AT1G68830,AT4G24770,AT1G10670,AT2G41680,AT4G35760,AT1G76990,AT2G31670,AT4G28240,AT1G21440,AT5G64290,AT1G64390,AT5G47840,AT5G08650,AT5G44650,AT4G10480,AT3G02830,AT2G42770,AT1G48750,AT1G08520,AT4G27520,AT5G64460,AT3G02090,AT5G27560,AT3G57040,AT1G68440,AT2G28470,AT2G32160,AT5G67360,AT5G62670,AT5G08670,AT4G29590,AT4G34450,AT2G01670	
3	AT5G61620	AT5G61620	3	na	PWM3332	DAP-seq	AT5G61620_col	92	0.0008378600438880871	0.018099795887847474	106	AT2G26080,AT2G21330,AT3G62410,AT5G49740,AT5G46110,AT5G38980,AT3G60750,AT1G16720,AT3G61440,AT4G40030,AT1G32900,AT1G16880,AT4G32260,AT3G22210,AT2G38230,AT1G62750,AT5G24150,AT2G38170,AT2G21970,AT1G75690,AT3G29240,AT3G22890,AT2G01250,AT1G55490,AT4G33865,AT4G24780,AT1G51680,AT2G39470,AT5G38520,AT5G65360,AT1G70410,AT1G10370,AT1G70760,AT2G34460,AT4G22570,AT3G01480,AT1G08570,AT1G66330,AT2G34860,AT1G23490,AT2G42600,AT2G40490,AT5G58330,AT5G22620,AT4G30960,AT1G78900,AT5G17870,AT2G22670,AT4G14880,AT3G13120,AT4G31500,AT4G34720,AT1G43560,AT1G68590,AT4G08870,AT5G47560,AT1G01490,AT1G13650,AT3G16470,AT1G65230,AT2G37040,AT4G37550,AT4G14210,AT4G35450,AT1G73060,AT1G60590,AT3G52150,AT2G14750,AT1G78820,AT5G51020,AT4G37800,AT1G32990,AT1G65260,AT2G22240,AT3G08610,AT1G67350,AT1G19000,AT3G24190,AT2G30490,AT5G13000,AT3G20670,AT5G40890,AT3G47430,AT4G35760,AT5G04590,AT4G28240,AT5G33320,AT1G21440,AT3G09820,AT5G08530,AT5G08650,AT4G23890,AT4G28025,AT1G12110,AT2G48020,AT5G40850,AT3G16460,AT2G24540,AT3G16220,AT5G64460,AT3G47960,AT5G08670,AT5G49030,AT1G02930,AT3G22420,AT1G51980	na
3	AT4G38620	ATMYB4	2	na	PWM469	AGRIS		93	0.0008378600438880871	0.018099795887847474	106	AT2G26080,AT3G55800,AT5G67030,AT5G04140,AT5G13930,AT1G32080,AT3G26570,AT4G15545,AT3G61440,AT1G66200,AT4G30950,AT5G24150,AT4G09320,AT3G25690,AT3G11170,AT1G01060,AT3G06510,AT4G39330,AT4G13430,AT2G01250,AT2G24270,AT5G59870,AT5G48930,AT3G53260,AT1G24020,AT3G02020,AT2G15620,AT1G67700,AT1G34000,AT5G67370,AT1G01790,AT1G70410,AT1G02500,AT1G68660,AT1G70760,AT1G75280,AT3G19450,AT4G22570,AT1G50020,AT3G21670,AT1G04530,AT2G34860,AT5G45680,AT2G40490,AT4G30530,AT1G52400,AT5G22620,AT3G59970,AT1G07110,AT2G47170,AT3G55330,AT1G07010,AT1G12800,AT1G63770,AT4G36530,AT1G11650,AT1G30120,AT5G24120,AT3G24430,AT4G00050,AT1G79600,AT1G22710,AT4G25700,AT1G78820,AT4G04840,AT5G61420,AT3G16910,AT4G39710,AT3G24190,AT1G22410,AT2G46650,AT1G48830,AT1G15950,AT3G03250,AT4G01690,AT2G41680,AT5G47110,AT3G63520,AT2G05920,AT5G59880,AT3G48420,AT5G55620,AT1G64390,AT3G28220,AT5G48300,AT3G10840,AT2G43100,AT4G29030,AT2G01110,AT2G24540,AT4G14030,AT2G15020,AT3G57040,AT1G68440,AT5G62790,AT5G08640,AT5G09870,AT1G30530,AT2G36870,AT5G26751,AT4G27030,AT2G01670,AT5G19240,AT2G40890,AT3G10060,AT5G04950	na
3	AT4G38620	ATMYB4	2	na	PWM1356	CisBP	M1237_1.01	106	0.0017645864991443242	0.03132577814817597	104	AT2G26080,AT3G02468,AT5G67030,AT1G37130,AT5G13930,AT4G37930,AT3G26570,AT5G36790,AT4G10120,AT3G61440,AT1G66200,AT1G78370,AT1G17220,AT1G15690,AT5G19760,AT4G13770,AT2G40100,AT4G13430,AT4G34050,AT5G48930,AT3G53260,AT1G51680,AT1G24020,AT2G15620,AT2G39470,AT1G67700,AT5G67370,AT1G19450,AT1G02500,AT3G19710,AT3G55440,AT1G75280,AT3G19450,AT4G22570,AT1G50020,AT3G21670,AT2G34860,AT1G23490,AT5G45680,AT4G39940,AT4G30530,AT5G22620,AT5G23010,AT3G59970,AT1G07110,AT2G47170,AT3G55330,AT5G07020,AT1G18730,AT1G77760,AT1G01490,AT5G50920,AT3G24430,AT5G47040,AT4G14210,AT4G25700,AT1G78820,AT5G61420,AT1G67350,AT3G24190,AT2G30490,AT1G22410,AT2G46650,AT1G48830,AT1G15950,AT2G17340,AT1G64370,AT1G70370,AT5G65220,AT4G01690,AT3G48420,AT5G06060,AT5G55620,AT3G09820,AT1G64390,AT5G09650,AT5G47840,AT1G62560,AT3G28220,AT3G04870,AT2G01590,AT2G42770,AT4G24620,AT5G53370,AT5G40850,AT4G13840,AT2G24540,AT4G14030,AT4G09350,AT3G57040,AT1G68440,AT3G47960,AT5G08640,AT5G09870,AT4G12030,AT1G30530,AT2G36870,AT1G51500,AT1G51980,AT3G19720,AT4G27030,AT2G01670,AT2G40890,AT3G10060	na
3	AT4G38620	ATMYB4	2	na	PWM2635	JASPAR	MA1039.1	107	0.0017645864991443242	0.03132577814817597	104	AT2G26080,AT3G02468,AT5G67030,AT1G37130,AT5G13930,AT4G37930,AT3G26570,AT5G36790,AT3G61440,AT1G66200,AT1G78370,AT1G17220,AT1G15690,AT5G19760,AT4G13770,AT2G40100,AT4G13430,AT4G34050,AT5G48930,AT3G53260,AT1G51680,AT1G24020,AT2G15620,AT2G39470,AT1G67700,AT5G67370,AT1G19450,AT1G02500,AT3G19710,AT3G55440,AT1G75280,AT3G19450,AT4G22570,AT1G50020,AT3G21670,AT2G34860,AT1G23490,AT5G45680,AT4G39940,AT4G30530,AT5G22620,AT5G23010,AT3G59970,AT1G07110,AT2G47170,AT3G55330,AT5G07020,AT1G18730,AT1G77760,AT1G01490,AT5G50920,AT3G24430,AT5G47040,AT4G14210,AT4G25700,AT1G78820,AT1G70730,AT5G61420,AT1G67350,AT3G24190,AT2G30490,AT1G22410,AT2G46650,AT1G48830,AT1G15950,AT2G17340,AT1G64370,AT1G70370,AT5G65220,AT4G01690,AT3G48420,AT5G06060,AT5G55620,AT3G09820,AT1G64390,AT5G09650,AT5G47840,AT1G62560,AT3G28220,AT3G04870,AT2G01590,AT2G42770,AT4G24620,AT5G53370,AT5G40850,AT4G13840,AT2G24540,AT4G14030,AT4G09350,AT3G57040,AT1G68440,AT3G27925,AT2G28470,AT3G47960,AT5G08640,AT4G12030,AT1G30530,AT2G36870,AT1G51500,AT1G51980,AT3G19720,AT4G27030,AT2G01670,AT2G40890	na
3	AT4G38620	ATMYB4	2	na	PWM3259	DAP-seq	MYB4_col	126	0.0025195970795817858	0.04033604967580484	103	AT2G26080,AT1G42970,AT5G67030,AT1G37130,AT4G37930,AT3G26570,AT1G32060,AT5G13650,AT4G10120,AT1G78370,AT4G30950,AT1G17220,AT1G74730,AT1G15690,AT5G19760,AT2G21970,AT3G25690,AT1G44000,AT5G40950,AT3G51920,AT4G13430,AT2G01250,AT4G34050,AT3G53260,AT3G23810,AT1G51680,AT1G67700,AT3G52720,AT3G44300,AT1G01790,AT1G02500,AT3G47650,AT3G54660,AT1G75280,AT3G19450,AT1G65930,AT4G22570,AT1G50020,AT3G21670,AT3G24170,AT2G34860,AT4G39940,AT4G30530,AT5G22620,AT5G23010,AT3G59970,AT2G47170,AT3G55330,AT3G23000,AT1G18730,AT1G77760,AT1G01490,AT1G52510,AT5G47040,AT1G29700,AT2G37040,AT4G14210,AT1G73060,AT4G25700,AT1G78820,AT1G22410,AT2G46650,AT1G48830,AT1G15950,AT2G17340,AT1G64370,AT1G58080,AT2G02930,AT1G10670,AT5G42760,AT4G01690,AT5G40890,AT5G02830,AT3G48420,AT3G63490,AT2G35810,AT1G21440,AT5G55620,AT3G09820,AT2G35410,AT5G47840,AT2G30010,AT3G28220,AT2G47070,AT3G02830,AT2G01590,AT5G53370,AT5G40850,AT1G08520,AT1G48630,AT1G68440,AT3G27925,AT2G47940,AT4G12030,AT1G30530,AT2G36870,AT2G46340,AT4G34450,AT4G27030,AT2G01670,AT1G15290,AT2G40890,AT3G10060	na
3	AT1G22640	ATMYB3	2	107	PWM2634	JASPAR	MA1038.1	95	0.0012225072180529037	0.023318674914562302	105	AT4G33010,AT2G26080,AT3G02468,AT1G66100,AT5G67030,AT1G69530,AT1G13440,AT5G13930,AT3G01120,AT3G26570,AT1G44575,AT1G09310,AT5G13650,AT4G10120,AT5G01410,AT3G61440,AT1G66200,AT1G14320,AT1G78370,AT1G17220,AT1G15690,AT1G62750,AT3G22890,AT2G40100,AT1G44000,AT3G51920,AT4G13430,AT4G34050,AT3G63140,AT5G48930,AT1G24020,AT3G02020,AT1G67700,AT5G38520,AT5G67370,AT3G44300,AT1G01790,AT1G70410,AT5G43750,AT1G02500,AT1G10370,AT1G68660,AT3G19710,AT3G54660,AT1G75280,AT3G19450,AT4G22570,AT1G50020,AT3G24170,AT2G34860,AT4G39940,AT4G30530,AT5G22620,AT5G23010,AT3G59970,AT2G47170,AT3G55330,AT5G07020,AT2G21210,AT4G36530,AT1G77760,AT5G47560,AT1G01490,AT5G24120,AT5G50920,AT4G15530,AT1G78820,AT4G37800,AT1G70730,AT1G67350,AT5G14260,AT2G30490,AT1G22410,AT2G46650,AT1G15950,AT1G10670,AT1G78570,AT5G65220,AT4G01690,AT5G40890,AT1G21440,AT5G55620,AT3G09820,AT1G62560,AT1G12110,AT3G02830,AT2G01590,AT5G26270,AT2G43100,AT5G53370,AT4G29030,AT5G40850,AT1G08520,AT3G57040,AT1G68440,AT3G47960,AT5G08640,AT1G30530,AT2G36870,AT1G51980,AT3G19720,AT4G27030,AT2G01670,AT1G15290,AT2G40890	AT4G33010,AT1G31580,AT5G67030,AT2G41090,AT3G03780,AT4G37930,AT3G26570,AT4G39800,AT1G15980,AT1G29660,AT1G15690,AT5G19760,AT4G16980,AT5G06980,AT3G25690,AT3G22890,AT2G40100,AT3G06510,AT3G51920,AT4G13430,AT3G52930,AT4G34050,AT5G48930,AT5G48930,AT3G53260,AT1G51680,AT1G51680,AT2G43910,AT1G32220,AT1G01790,AT1G19450,AT1G70410,AT5G43750,AT3G56240,AT1G70760,AT2G44670,AT1G65930,AT5G54160,AT1G04530,AT4G30530,AT3G56360,AT1G11840,AT1G10470,AT3G59970,AT5G07020,AT4G31500,AT4G34720,AT2G21210,AT1G30120,AT1G19570,AT5G47560,AT2G18162,AT1G01490,AT1G08200,AT4G37550,AT3G14067,AT4G37800,AT3G08610,AT1G26560,AT1G67350,AT1G19000,AT2G30490,AT2G30490,AT1G22410,AT3G17510,AT2G23000,AT1G15950,AT2G17340,AT1G70370,AT4G01080,AT1G10670,AT4G01690,AT5G13180,AT5G40890,AT3G47430,AT2G05920,AT5G04590,AT2G39450,AT4G28240,AT5G33320,AT3G10720,AT2G24200,AT3G09820,AT1G64390,AT2G30010,AT3G04870,AT1G12110,AT4G24620,AT5G53580,AT3G52230,AT2G20610,AT2G20610,AT5G26270,AT3G16460,AT4G13840,AT4G37680,AT3G57040,AT1G68440,AT3G47960,AT2G36870,AT1G19050,AT4G30010,AT3G02360,AT1G17360,AT1G51500,AT4G27030,AT2G01670
3	AT1G22640	ATMYB3	2	107	PWM1105	CisBP	M1221_1.01	113	0.0025195970795817858	0.04033604967580484	103	AT4G33010,AT2G26080,AT3G02468,AT1G66100,AT5G67030,AT1G69530,AT1G13440,AT5G13930,AT3G01120,AT3G26570,AT1G44575,AT1G09310,AT5G13650,AT4G10120,AT5G01410,AT3G61440,AT1G66200,AT1G14320,AT1G78370,AT1G17220,AT1G15690,AT1G62750,AT3G22890,AT2G40100,AT1G44000,AT3G51920,AT4G13430,AT4G34050,AT3G63140,AT5G48930,AT1G24020,AT3G02020,AT1G67700,AT5G38520,AT5G67370,AT3G44300,AT1G01790,AT1G70410,AT5G43750,AT1G02500,AT3G19710,AT3G54660,AT1G75280,AT3G19450,AT4G22570,AT1G50020,AT3G24170,AT2G34860,AT4G39940,AT4G30530,AT5G22620,AT5G23010,AT3G59970,AT2G47170,AT3G55330,AT5G07020,AT2G21210,AT4G36530,AT1G77760,AT5G47560,AT1G01490,AT5G24120,AT5G50920,AT4G15530,AT1G78820,AT4G37800,AT1G70730,AT1G67350,AT5G14260,AT2G30490,AT1G22410,AT2G46650,AT1G15950,AT1G10670,AT1G78570,AT5G65220,AT4G01690,AT5G40890,AT1G21440,AT5G55620,AT3G09820,AT1G62560,AT1G12110,AT3G02830,AT2G01590,AT5G26270,AT2G43100,AT5G53370,AT4G29030,AT5G40850,AT3G57040,AT1G68440,AT3G47960,AT5G08640,AT1G30530,AT2G36870,AT3G02360,AT1G51980,AT3G19720,AT4G27030,AT2G01670,AT1G15290,AT2G40890	AT4G33010,AT1G31580,AT5G67030,AT2G41090,AT3G03780,AT4G37930,AT3G26570,AT4G39800,AT1G15980,AT1G29660,AT1G15690,AT5G19760,AT4G16980,AT5G06980,AT3G25690,AT3G22890,AT2G40100,AT3G06510,AT3G51920,AT4G13430,AT3G52930,AT4G34050,AT5G48930,AT5G48930,AT3G53260,AT1G51680,AT1G51680,AT2G43910,AT1G32220,AT1G01790,AT1G19450,AT1G70410,AT5G43750,AT3G56240,AT1G70760,AT2G44670,AT1G65930,AT5G54160,AT1G04530,AT4G30530,AT3G56360,AT1G11840,AT1G10470,AT3G59970,AT5G07020,AT4G31500,AT4G34720,AT2G21210,AT1G30120,AT1G19570,AT5G47560,AT2G18162,AT1G01490,AT1G08200,AT4G37550,AT3G14067,AT4G37800,AT3G08610,AT1G26560,AT1G67350,AT1G19000,AT2G30490,AT2G30490,AT1G22410,AT3G17510,AT2G23000,AT1G15950,AT2G17340,AT1G70370,AT4G01080,AT1G10670,AT4G01690,AT5G13180,AT5G40890,AT3G47430,AT2G05920,AT5G04590,AT2G39450,AT4G28240,AT5G33320,AT3G10720,AT2G24200,AT3G09820,AT1G64390,AT2G30010,AT3G04870,AT1G12110,AT4G24620,AT5G53580,AT3G52230,AT2G20610,AT2G20610,AT5G26270,AT3G16460,AT4G13840,AT4G37680,AT3G57040,AT1G68440,AT3G47960,AT2G36870,AT1G19050,AT4G30010,AT3G02360,AT1G17360,AT1G51500,AT4G27030,AT2G01670
3	AT1G63030	ddf2	6	na	PWM2793	DAP-seq	DDF2_col	96	0.0012225072180529037	0.023318674914562302	105	AT5G67030,AT1G37130,AT1G69530,AT1G72610,AT3G26570,AT1G44575,AT4G17090,AT3G60750,AT1G66200,AT5G64940,AT3G28270,AT1G29660,AT4G30950,AT1G17220,AT1G15690,AT5G24150,AT4G13770,AT3G22890,AT3G06510,AT1G65960,AT3G52930,AT2G20890,AT1G55490,AT1G56070,AT4G24780,AT5G59870,AT3G23810,AT1G64770,AT5G12150,AT3G44300,AT1G19450,AT1G70410,AT1G10370,AT3G55440,AT3G19450,AT3G08770,AT3G24170,AT4G17600,AT2G34860,AT3G49680,AT5G45680,AT1G52400,AT1G71500,AT1G11840,AT1G80380,AT3G01550,AT3G13110,AT2G43710,AT1G12240,AT1G77760,AT5G58140,AT1G52510,AT1G13650,AT1G08200,AT1G04410,AT3G24430,AT5G47040,AT2G37040,AT4G14210,AT1G22710,AT4G25700,AT4G37800,AT4G04840,AT4G02530,AT5G61420,AT3G24190,AT4G00810,AT1G70370,AT5G63180,AT3G03250,AT1G78570,AT5G13000,AT2G05920,AT1G76990,AT2G31670,AT5G33320,AT5G67600,AT1G64390,AT2G30010,AT3G15810,AT2G47070,AT2G40880,AT2G01590,AT3G16150,AT4G24620,AT3G10840,AT3G51895,AT4G29030,AT4G36360,AT5G40850,AT2G44060,AT4G13840,AT1G78290,AT4G27520,AT4G09350,AT2G04795,AT2G35840,AT3G27925,AT3G47960,AT5G09870,AT2G36870,AT5G26751,AT4G34450,AT3G19720,AT3G13410	na
3	AT4G11080	3xHMG-box1	0	na	PWM3145	DAP-seq	3XHMGBOX1_col	97	0.0012225072180529037	0.023318674914562302	105	AT1G31580,AT1G37130,AT1G69530,AT5G46110,AT5G38980,AT5G23060,AT4G26850,AT5G04140,AT4G39800,AT1G32060,AT5G13650,AT3G61440,AT1G32900,AT3G15850,AT4G32260,AT1G48030,AT1G15690,AT3G01060,AT5G24150,AT5G19760,AT2G21970,AT4G13430,AT2G05620,AT5G58870,AT4G24780,AT3G63140,AT3G53260,AT4G26860,AT2G15620,AT3G52720,AT1G32220,AT1G56190,AT3G55440,AT1G31180,AT3G54660,AT1G56500,AT3G61870,AT1G08570,AT3G49680,AT3G56360,AT5G22620,AT5G23010,AT3G59970,AT3G23000,AT2G39800,AT1G11650,AT1G30120,AT1G77760,AT5G57030,AT1G52510,AT5G50920,AT1G04410,AT3G16470,AT2G24280,AT1G23190,AT4G15530,AT5G17170,AT4G13500,AT1G26560,AT1G19000,AT2G30490,AT1G22410,AT4G00810,AT4G37760,AT5G65220,AT2G41680,AT3G20670,AT5G13180,AT3G47430,AT5G02830,AT3G52960,AT3G48420,AT5G33320,AT1G21440,AT4G23630,AT5G64290,AT1G64390,AT5G09650,AT2G35410,AT5G47840,AT5G08650,AT1G54350,AT5G10470,AT1G12110,AT4G10480,AT5G52920,AT2G01590,AT2G23350,AT4G24620,AT3G51895,AT2G20570,AT4G37680,AT4G14030,AT1G68440,AT1G24360,AT3G27925,AT2G28470,AT2G32160,AT5G51010,AT2G24820,AT5G26751,AT4G34450,AT3G19720,AT4G34110,AT3G13410	na
3	AT3G08500	AtMYB83	10	3	PWM3286	DAP-seq	MYB83_col	98	0.0012225072180529037	0.023318674914562302	105	AT4G33010,AT2G26080,AT1G42970,AT1G12900,AT5G67030,AT1G37130,AT1G11860,AT5G13930,AT4G37930,AT3G01120,AT3G26570,AT5G36790,AT1G44575,AT1G32060,AT5G13650,AT5G35970,AT3G61440,AT1G66200,AT5G12860,AT1G15690,AT5G19760,AT5G40950,AT3G06510,AT2G42690,AT3G51920,AT4G34050,AT4G24780,AT5G48930,AT3G53260,AT1G51680,AT2G15620,AT1G67700,AT1G02500,AT3G19450,AT1G65930,AT4G22570,AT3G21670,AT3G24170,AT1G50250,AT1G23490,AT3G49680,AT5G45680,AT5G52650,AT5G22620,AT5G23010,AT5G59850,AT3G01550,AT3G59970,AT2G47170,AT3G23000,AT1G18730,AT1G68590,AT4G08870,AT1G77760,AT5G58140,AT3G24430,AT5G47040,AT2G37040,AT4G14210,AT4G15530,AT1G53240,AT1G70730,AT1G65260,AT4G13500,AT5G61420,AT2G30490,AT1G68830,AT3G17510,AT1G15950,AT2G17340,AT1G70370,AT1G58080,AT3G48420,AT5G04590,AT3G63490,AT5G55620,AT3G44890,AT3G09820,AT1G64390,AT5G09650,AT1G17050,AT3G02830,AT2G01590,AT2G42770,AT2G23350,AT4G24620,AT2G48020,AT3G10840,AT5G26270,AT5G53370,AT3G16460,AT2G24540,AT4G09350,AT1G68440,AT3G27925,AT2G28470,AT5G49030,AT2G46340,AT5G26751,AT4G32770,AT1G51980,AT4G27030,AT2G01670,AT2G40890,AT3G10060	AT5G48930,AT1G51680,AT2G30490
3	AT5G56840	AT5G56840	25	na	PWM3328	DAP-seq	AT5G56840_col	99	0.0012225072180529037	0.023318674914562302	105	AT1G31580,AT1G09340,AT2G21330,AT3G62410,AT5G49740,AT5G46110,AT1G16720,AT4G35250,AT3G61440,AT4G40030,AT2G13360,AT1G07180,AT1G16880,AT4G32260,AT3G22210,AT1G62750,AT5G24150,AT4G13770,AT1G75690,AT3G29240,AT3G22890,AT5G58870,AT1G55490,AT4G33865,AT4G24780,AT1G51680,AT2G39470,AT3G52720,AT5G38520,AT5G65360,AT1G70410,AT1G10370,AT1G70760,AT2G34460,AT5G54160,AT3G01480,AT1G08570,AT1G66330,AT1G23490,AT2G42600,AT3G56360,AT5G58330,AT5G22620,AT1G78900,AT5G17870,AT3G13110,AT2G22670,AT3G13120,AT4G34720,AT1G68590,AT4G08870,AT5G47560,AT1G01490,AT1G13650,AT5G50920,AT3G16470,AT1G65230,AT2G37040,AT4G37550,AT4G14210,AT1G22710,AT3G52150,AT4G25700,AT2G14750,AT1G78820,AT5G51020,AT1G70730,AT1G32990,AT2G22240,AT3G08610,AT1G67350,AT1G19000,AT3G24190,AT2G30490,AT1G22410,AT2G02930,AT5G65220,AT3G20670,AT5G40890,AT3G47430,AT4G35760,AT5G04590,AT4G28240,AT5G33320,AT5G06060,AT1G21440,AT3G09820,AT5G09650,AT5G08530,AT4G23890,AT1G54350,AT4G28025,AT4G36360,AT5G40850,AT3G16460,AT2G24540,AT3G16220,AT2G15020,AT2G35840,AT2G28470,AT3G47960,AT5G08670,AT5G49030,AT5G42310,AT3G22420	na
3	AT1G33240	ATGTL1	18	0	PWM3510	DAP-seq	GTL1_col	100	0.0012225072180529037	0.023318674914562302	105	AT4G33010,AT1G37130,AT1G69530,AT1G55960,AT4G26850,AT3G03780,AT4G37930,AT1G68010,AT3G26570,AT1G44575,AT1G09310,AT1G32060,AT1G66200,AT1G07180,AT1G72910,AT1G48030,AT3G14415,AT1G15690,AT5G24150,AT4G16980,AT3G25690,AT3G22890,AT3G11170,AT3G06510,AT3G02730,AT1G55490,AT4G33865,AT3G52720,AT3G47650,AT3G55440,AT2G44670,AT3G01480,AT1G08570,ATCG00780,AT4G39940,AT4G10060,AT4G30530,AT1G52400,AT4G30960,AT3G10420,AT1G12240,AT1G03680,AT1G63770,AT4G36530,AT1G76450,AT4G08870,AT1G77760,AT5G57030,AT1G01490,AT1G52510,AT1G13650,AT4G37550,AT1G22710,AT1G53240,AT3G14067,AT1G78820,AT3G08610,AT5G57040,AT1G64780,AT4G02890,AT3G24190,AT2G30490,AT1G31800,AT4G00810,AT1G48830,AT3G13920,AT2G17340,AT3G51730,AT1G70370,AT4G01080,AT5G13000,AT4G01690,AT2G41680,AT3G48420,AT5G04590,AT2G39450,AT4G23630,AT3G10720,AT1G64390,AT2G30010,AT4G28025,AT2G47070,AT1G62960,AT4G17340,AT2G42770,AT2G23350,AT5G53580,AT5G35360,AT4G23290,AT1G08520,AT4G13840,AT2G20570,AT3G02090,AT3G02870,AT2G35840,AT5G18660,AT5G51010,AT5G36160,AT1G19050,AT3G02360,AT4G01800,AT1G51500,AT1G51980,AT2G01670,AT4G34110	
3	AT4G36930	SPT	4	0	PWM1293	CisBP	M0161_1.01	101	0.0017645864991443242	0.03132577814817597	104	AT4G33010,AT3G55800,AT2G21330,AT5G67030,AT1G69530,AT4G26850,AT3G02380,AT1G68010,AT4G39800,AT5G64840,AT4G35250,AT3G54050,AT3G61440,AT2G13360,AT4G22890,AT1G17220,AT4G28080,AT3G01060,AT5G24150,AT2G04039,AT3G12320,AT4G09320,AT5G06980,AT3G22890,AT4G13430,AT2G05620,AT5G58870,AT1G02820,AT1G56070,AT4G24780,ATCG00740,AT5G48930,AT4G26860,AT2G15620,AT1G34000,AT1G10370,AT1G68660,AT3G19710,AT1G56190,AT1G70760,AT2G18230,AT2G34460,AT5G54160,AT3G21670,AT1G53670,AT1G52400,AT5G22620,AT1G10470,AT5G23010,AT3G11930,AT5G17870,AT3G13110,AT4G18370,AT3G10420,AT1G12240,AT1G30120,AT5G47560,AT1G01490,AT1G74090,AT1G08200,AT3G16470,AT3G14067,AT5G51020,AT5G39570,AT3G19030,AT4G04840,AT2G22240,AT3G25530,AT4G02890,AT1G72030,AT1G19000,AT3G24190,AT1G31800,AT4G00810,AT3G17510,AT4G24770,AT3G13920,AT5G63180,AT1G78570,AT3G58990,AT5G47110,AT5G13180,AT5G04590,AT2G39450,AT4G28240,AT1G21440,AT4G23630,AT1G64390,AT5G09650,AT1G17050,AT1G62560,AT3G16150,AT3G52230,AT5G53370,AT4G27520,AT1G68440,AT5G67360,AT5G62670,AT5G36160,AT4G00490,AT1G02930,AT3G19720,AT5G03555,AT1G15290	
3	AT4G36930	SPT	4	0	PWM2657	JASPAR	MA1061.1	116	0.0025195970795817858	0.04033604967580484	103	AT4G33010,AT3G55800,AT2G21330,AT5G67030,AT1G69530,AT4G26850,AT3G02380,AT1G68010,AT4G39800,AT5G64840,AT4G35250,AT3G54050,AT3G61440,AT2G13360,AT4G22890,AT1G17220,AT4G28080,AT3G01060,AT5G24150,AT2G04039,AT3G12320,AT4G09320,AT5G06980,AT3G22890,AT4G13430,AT2G05620,AT5G58870,AT1G02820,AT1G56070,AT4G24780,ATCG00740,AT5G48930,AT4G26860,AT2G15620,AT1G34000,AT1G10370,AT1G68660,AT3G19710,AT1G56190,AT1G70760,AT2G18230,AT2G34460,AT5G54160,AT3G21670,AT1G53670,AT1G52400,AT5G22620,AT1G10470,AT5G23010,AT3G11930,AT5G17870,AT3G13110,AT4G18370,AT3G10420,AT1G12240,AT1G30120,AT5G47560,AT1G01490,AT1G74090,AT1G08200,AT3G16470,AT3G14067,AT5G51020,AT5G39570,AT3G19030,AT4G04840,AT2G22240,AT3G25530,AT4G02890,AT1G72030,AT1G19000,AT3G24190,AT1G31800,AT4G00810,AT3G17510,AT4G24770,AT3G13920,AT5G63180,AT1G78570,AT3G58990,AT5G47110,AT5G13180,AT5G04590,AT2G39450,AT4G28240,AT1G21440,AT4G23630,AT1G64390,AT5G09650,AT1G17050,AT3G16150,AT3G52230,AT5G53370,AT4G27520,AT1G68440,AT5G67360,AT5G62670,AT5G36160,AT4G00490,AT1G02930,AT3G19720,AT5G03555,AT1G15290	
3	AT5G67110	ALC	8	na	PWM1294	CisBP	M0161_1.01	102	0.0017645864991443242	0.03132577814817597	104	AT4G33010,AT3G55800,AT2G21330,AT5G67030,AT1G69530,AT4G26850,AT3G02380,AT1G68010,AT4G39800,AT5G64840,AT4G35250,AT3G54050,AT3G61440,AT2G13360,AT4G22890,AT1G17220,AT4G28080,AT3G01060,AT5G24150,AT2G04039,AT3G12320,AT4G09320,AT5G06980,AT3G22890,AT4G13430,AT2G05620,AT5G58870,AT1G02820,AT1G56070,AT4G24780,ATCG00740,AT5G48930,AT4G26860,AT2G15620,AT1G34000,AT1G10370,AT1G68660,AT3G19710,AT1G56190,AT1G70760,AT2G18230,AT2G34460,AT5G54160,AT3G21670,AT1G53670,AT1G52400,AT5G22620,AT1G10470,AT5G23010,AT3G11930,AT5G17870,AT3G13110,AT4G18370,AT3G10420,AT1G12240,AT1G30120,AT5G47560,AT1G01490,AT1G74090,AT1G08200,AT3G16470,AT3G14067,AT5G51020,AT5G39570,AT3G19030,AT4G04840,AT2G22240,AT3G25530,AT4G02890,AT1G72030,AT1G19000,AT3G24190,AT1G31800,AT4G00810,AT3G17510,AT4G24770,AT3G13920,AT5G63180,AT1G78570,AT3G58990,AT5G47110,AT5G13180,AT5G04590,AT2G39450,AT4G28240,AT1G21440,AT4G23630,AT1G64390,AT5G09650,AT1G17050,AT1G62560,AT3G16150,AT3G52230,AT5G53370,AT4G27520,AT1G68440,AT5G67360,AT5G62670,AT5G36160,AT4G00490,AT1G02930,AT3G19720,AT5G03555,AT1G15290	na
3	AT2G16720	ATMYB7	0	0	PWM1353	CisBP	M1237_1.01	103	0.0017645864991443242	0.03132577814817597	104	AT2G26080,AT3G02468,AT5G67030,AT1G37130,AT5G13930,AT4G37930,AT3G26570,AT5G36790,AT4G10120,AT3G61440,AT1G66200,AT1G78370,AT1G17220,AT1G15690,AT5G19760,AT4G13770,AT2G40100,AT4G13430,AT4G34050,AT5G48930,AT3G53260,AT1G51680,AT1G24020,AT2G15620,AT2G39470,AT1G67700,AT5G67370,AT1G19450,AT1G02500,AT3G19710,AT3G55440,AT1G75280,AT3G19450,AT4G22570,AT1G50020,AT3G21670,AT2G34860,AT1G23490,AT5G45680,AT4G39940,AT4G30530,AT5G22620,AT5G23010,AT3G59970,AT1G07110,AT2G47170,AT3G55330,AT5G07020,AT1G18730,AT1G77760,AT1G01490,AT5G50920,AT3G24430,AT5G47040,AT4G14210,AT4G25700,AT1G78820,AT5G61420,AT1G67350,AT3G24190,AT2G30490,AT1G22410,AT2G46650,AT1G48830,AT1G15950,AT2G17340,AT1G64370,AT1G70370,AT5G65220,AT4G01690,AT3G48420,AT5G06060,AT5G55620,AT3G09820,AT1G64390,AT5G09650,AT5G47840,AT1G62560,AT3G28220,AT3G04870,AT2G01590,AT2G42770,AT4G24620,AT5G53370,AT5G40850,AT4G13840,AT2G24540,AT4G14030,AT4G09350,AT3G57040,AT1G68440,AT3G47960,AT5G08640,AT5G09870,AT4G12030,AT1G30530,AT2G36870,AT1G51500,AT1G51980,AT3G19720,AT4G27030,AT2G01670,AT2G40890,AT3G10060	
3	AT4G09460	AtMYB6	9	na	PWM1354	CisBP	M1237_1.01	104	0.0017645864991443242	0.03132577814817597	104	AT2G26080,AT3G02468,AT5G67030,AT1G37130,AT5G13930,AT4G37930,AT3G26570,AT5G36790,AT4G10120,AT3G61440,AT1G66200,AT1G78370,AT1G17220,AT1G15690,AT5G19760,AT4G13770,AT2G40100,AT4G13430,AT4G34050,AT5G48930,AT3G53260,AT1G51680,AT1G24020,AT2G15620,AT2G39470,AT1G67700,AT5G67370,AT1G19450,AT1G02500,AT3G19710,AT3G55440,AT1G75280,AT3G19450,AT4G22570,AT1G50020,AT3G21670,AT2G34860,AT1G23490,AT5G45680,AT4G39940,AT4G30530,AT5G22620,AT5G23010,AT3G59970,AT1G07110,AT2G47170,AT3G55330,AT5G07020,AT1G18730,AT1G77760,AT1G01490,AT5G50920,AT3G24430,AT5G47040,AT4G14210,AT4G25700,AT1G78820,AT5G61420,AT1G67350,AT3G24190,AT2G30490,AT1G22410,AT2G46650,AT1G48830,AT1G15950,AT2G17340,AT1G64370,AT1G70370,AT5G65220,AT4G01690,AT3G48420,AT5G06060,AT5G55620,AT3G09820,AT1G64390,AT5G09650,AT5G47840,AT1G62560,AT3G28220,AT3G04870,AT2G01590,AT2G42770,AT4G24620,AT5G53370,AT5G40850,AT4G13840,AT2G24540,AT4G14030,AT4G09350,AT3G57040,AT1G68440,AT3G47960,AT5G08640,AT5G09870,AT4G12030,AT1G30530,AT2G36870,AT1G51500,AT1G51980,AT3G19720,AT4G27030,AT2G01670,AT2G40890,AT3G10060	na
3	AT4G34990	AtMYB32	1	0	PWM1355	CisBP	M1237_1.01	105	0.0017645864991443242	0.03132577814817597	104	AT2G26080,AT3G02468,AT5G67030,AT1G37130,AT5G13930,AT4G37930,AT3G26570,AT5G36790,AT4G10120,AT3G61440,AT1G66200,AT1G78370,AT1G17220,AT1G15690,AT5G19760,AT4G13770,AT2G40100,AT4G13430,AT4G34050,AT5G48930,AT3G53260,AT1G51680,AT1G24020,AT2G15620,AT2G39470,AT1G67700,AT5G67370,AT1G19450,AT1G02500,AT3G19710,AT3G55440,AT1G75280,AT3G19450,AT4G22570,AT1G50020,AT3G21670,AT2G34860,AT1G23490,AT5G45680,AT4G39940,AT4G30530,AT5G22620,AT5G23010,AT3G59970,AT1G07110,AT2G47170,AT3G55330,AT5G07020,AT1G18730,AT1G77760,AT1G01490,AT5G50920,AT3G24430,AT5G47040,AT4G14210,AT4G25700,AT1G78820,AT5G61420,AT1G67350,AT3G24190,AT2G30490,AT1G22410,AT2G46650,AT1G48830,AT1G15950,AT2G17340,AT1G64370,AT1G70370,AT5G65220,AT4G01690,AT3G48420,AT5G06060,AT5G55620,AT3G09820,AT1G64390,AT5G09650,AT5G47840,AT1G62560,AT3G28220,AT3G04870,AT2G01590,AT2G42770,AT4G24620,AT5G53370,AT5G40850,AT4G13840,AT2G24540,AT4G14030,AT4G09350,AT3G57040,AT1G68440,AT3G47960,AT5G08640,AT5G09870,AT4G12030,AT1G30530,AT2G36870,AT1G51500,AT1G51980,AT3G19720,AT4G27030,AT2G01670,AT2G40890,AT3G10060	
3	AT4G06746	DEAR5	5	na	PWM2798	DAP-seq	DEAR5_col	108	0.0017645864991443242	0.03132577814817597	104	AT5G67030,AT1G37130,AT1G69530,AT5G46110,AT1G44575,AT3G60750,AT1G78370,AT4G32260,AT1G15690,AT3G01060,AT1G62750,AT5G19760,AT5G12470,AT2G38170,AT3G29240,AT2G36880,AT3G11170,AT2G42690,AT3G02730,ATCG01100,AT1G65960,AT2G05620,AT5G58870,AT4G24780,AT3G53260,AT3G23810,AT1G24020,AT2G15620,AT5G51720,AT5G38520,AT3G44300,AT3G26070,AT1G70410,AT3G55440,AT1G65930,AT5G54160,AT3G49680,AT3G15360,AT1G71500,AT1G11840,AT5G22620,AT3G11930,AT1G78900,AT1G07110,AT2G47170,AT4G18370,AT1G12240,AT1G07010,AT4G08870,AT1G77760,AT5G48790,AT1G16080,AT1G08200,AT4G14210,AT1G17880,AT1G78820,AT2G22240,AT3G27060,AT1G67350,AT4G02890,AT4G39710,AT1G19000,AT3G24190,AT4G24770,AT3G13920,AT1G70370,AT1G58080,AT1G78570,AT4G01690,AT5G47110,AT5G13180,AT2G05920,AT1G76990,AT1G70580,AT5G04590,AT4G28240,AT5G06060,AT3G10720,AT2G24200,AT3G09820,AT1G64390,AT2G30010,AT2G47070,AT4G10480,AT4G17340,AT2G35960,AT3G16150,AT5G35360,AT2G01110,AT4G36360,AT2G44060,AT1G08520,AT4G09350,AT2G04795,AT1G68440,AT3G27925,AT3G47960,AT2G32160,AT5G09870,AT5G36160,AT2G36870,AT1G51980,AT3G19720,AT1G63940	na
3	AT3G28910	ATMYB30	4	1	PWM3243	DAP-seq	MYB30_col	109	0.0017645864991443242	0.03132577814817597	104	AT4G33010,AT2G26080,AT3G02468,AT1G37130,AT4G26850,AT3G01120,AT5G36790,AT1G44575,AT1G32060,AT3G61440,AT4G40030,AT1G15690,AT3G01060,AT4G16980,AT3G06510,AT4G39330,AT3G51920,AT2G24270,AT1G02820,AT4G34050,AT5G48930,AT3G53260,AT3G23810,AT1G24020,AT4G26860,AT2G25450,AT5G43750,AT1G02500,AT1G65930,AT1G56500,AT3G08770,AT3G21670,AT4G17600,AT1G04530,AT5G45680,AT1G50320,AT4G10060,AT1G52400,AT5G22620,AT5G23010,AT4G30960,AT1G78900,AT3G59970,AT2G47170,AT2G43710,AT2G39800,AT1G12800,AT4G08870,AT1G77760,AT1G52510,AT1G08200,AT5G13770,AT2G24280,AT5G47040,AT1G29700,AT2G37040,AT1G22710,AT3G14067,AT1G78820,AT5G61420,AT1G67350,AT4G02890,AT1G22410,AT4G34630,AT1G15950,AT1G70370,AT5G63180,AT1G07700,AT3G03250,AT2G41680,AT5G40890,AT2G05920,AT1G77090,AT2G31670,AT5G04590,AT3G10720,AT1G64390,AT1G62560,AT3G04870,AT3G02830,AT4G17340,AT5G49480,AT2G42770,AT1G48750,AT4G24620,AT3G51895,AT5G53370,AT4G29030,AT4G36360,AT2G44060,AT1G68440,AT5G08640,AT5G09870,AT2G24820,AT2G36870,AT1G19050,AT5G26751,AT1G51500,AT1G51980,AT4G27030,AT2G01670,AT1G63940,AT4G34110,AT2G40890	AT1G51680
3	AT4G05100	AtMYB74	37	0	PWM3280	DAP-seq	MYB74_col	110	0.0017645864991443242	0.03132577814817597	104	AT4G33010,AT2G26080,AT3G02468,AT1G42970,AT5G67030,AT1G13440,AT5G04140,AT5G13930,AT3G26570,AT1G44575,AT1G32060,AT5G13650,AT5G01410,AT1G66200,AT1G78370,AT1G17220,AT1G15690,AT4G13770,AT3G25690,AT1G44000,AT3G51920,AT3G02730,AT4G13430,AT5G30510,AT4G24780,AT3G63140,AT5G48930,AT1G24020,AT3G02020,AT1G67700,AT3G52720,AT5G67370,AT3G44300,AT4G18480,AT1G01790,AT1G19450,AT1G02500,AT1G68660,AT3G19710,AT1G75280,AT3G19450,AT1G56500,AT5G54160,AT1G50020,AT3G21670,AT3G24170,AT2G34860,AT4G39940,AT5G03850,AT4G10060,AT4G30530,AT5G22620,AT5G23010,AT3G59970,AT2G47170,AT3G55330,AT3G23000,AT2G21210,AT1G77760,AT1G01490,AT2G24280,AT2G37040,AT1G73060,AT4G15530,AT1G26560,AT1G67350,AT3G24190,AT2G30490,AT1G22410,AT1G15950,AT1G10670,AT5G42760,AT1G76990,AT1G70580,AT3G63490,AT1G21440,AT5G55620,AT2G30010,AT3G04870,AT2G01590,AT2G35960,AT3G16150,AT5G53370,AT4G29030,AT5G40850,AT1G08520,AT4G13840,AT3G16220,AT2G15020,AT3G57040,AT1G68440,AT2G28470,AT3G47960,AT2G47940,AT1G30530,AT2G36870,AT1G19050,AT3G02360,AT4G34450,AT1G51980,AT3G19720,AT4G27030,AT2G01670,AT1G15290	
3	AT3G10580	AT3G10580	2	na	PWM3313	DAP-seq	AT3G10580_col	111	0.0017645864991443242	0.03132577814817597	104	AT1G31580,AT1G42970,AT3G62410,AT5G49740,AT5G46110,AT1G13440,AT5G23060,AT3G01120,AT1G44575,AT3G54050,AT1G66200,AT3G15850,AT3G28270,AT1G16880,AT4G32260,AT3G22210,AT1G62750,AT5G24150,AT2G04039,AT1G75690,AT2G01250,AT2G24270,AT1G55490,AT1G51680,AT1G67700,AT5G12150,AT5G38520,AT3G44300,AT4G18480,AT5G65360,AT1G10370,AT1G18060,AT2G34460,AT4G29060,AT5G54160,AT1G08570,AT1G50020,AT2G16500,AT1G23490,AT2G42600,AT5G58330,AT1G78900,AT5G17870,AT3G13110,AT2G24090,AT2G43710,AT2G22670,AT4G14880,AT1G12240,AT1G43560,AT4G12830,AT3G61220,AT4G08870,AT5G47560,AT1G01490,AT1G13650,AT3G16470,AT1G65230,AT5G47040,AT2G37040,AT4G37550,AT4G14210,AT3G52150,AT3G14067,AT4G37800,AT1G65260,AT2G21960,AT2G22240,AT4G02530,AT3G08610,AT4G13500,AT1G67350,AT3G16910,AT3G30720,AT1G19000,AT2G30490,AT4G00810,AT2G02930,AT5G42760,AT3G20670,AT5G40890,AT4G00780,AT4G35760,AT4G28240,AT2G35810,AT1G21440,AT5G64290,AT1G64390,AT2G30010,AT5G08650,AT4G23890,AT4G28025,AT5G44650,AT4G10480,AT2G42770,AT4G29030,AT2G24540,AT1G78290,AT5G64460,AT5G45170,AT5G08670,AT5G49030,AT5G42310,AT3G22420	na
3	AT4G38910	ATBPC5	1	na	PWM2872	DAP-seq	BPC5_col	117	0.0025195970795817858	0.04033604967580484	103	AT1G09340,AT4G38970,AT1G12900,AT1G37130,AT1G13440,AT1G11860,AT5G04140,AT1G44575,AT4G17090,AT1G09310,AT5G35970,AT1G16720,AT1G66200,AT1G07180,AT1G14320,AT1G15980,AT1G16880,AT1G34310,AT1G17220,AT4G28080,AT1G15690,AT5G19760,AT3G29240,AT1G01060,AT1G19150,AT2G24270,AT5G58870,AT1G02820,AT1G07610,AT1G51680,AT1G14150,AT1G01790,AT1G19450,AT1G18540,AT1G02500,AT1G10370,AT1G68660,AT1G18060,AT3G01480,AT1G08570,AT1G04530,AT1G23490,AT1G09200,AT1G11840,AT1G22690,AT1G10470,AT1G07110,AT1G48598,AT1G48350,AT1G04350,AT1G12240,AT1G07010,AT1G18730,AT1G03680,AT1G12800,AT1G11650,AT1G30120,AT1G19920,AT1G19570,AT1G21065,AT1G01490,AT1G16080,AT1G13650,AT5G24120,AT1G08200,AT1G04410,AT1G79600,AT4G15530,AT1G17880,AT1G22710,AT1G53240,AT4G25700,AT4G37800,AT1G01090,AT1G64780,AT1G19000,AT1G22410,AT1G15950,AT1G07700,AT1G10670,AT5G47110,AT4G00780,AT3G48420,AT1G21440,AT1G64390,AT1G17050,AT2G47070,AT1G12110,AT4G10480,AT2G23350,AT1G08520,AT4G13840,AT3G02090,AT5G27560,AT1G06690,AT5G08640,AT1G19050,AT3G02720,AT1G02930,AT1G17360,AT1G51500,AT1G15290,AT5G04950	na
3	AT5G42520	ATBPC6	0	1	PWM2874	DAP-seq	BPC6_col	118	0.0025195970795817858	0.04033604967580484	103	AT4G38970,AT2G21330,AT1G37130,AT1G69530,AT1G55960,AT5G04140,AT5G36790,AT1G44575,AT4G17090,AT5G35970,AT4G35250,AT1G66200,AT3G28270,AT1G34310,AT4G28080,AT1G48030,AT5G19760,AT3G29240,AT3G11170,AT3G63410,AT4G13430,AT2G24270,AT2G05620,AT5G58870,AT4G34050,AT4G24780,AT1G51680,AT1G24020,AT4G26860,AT3G52720,AT5G51720,AT1G34000,AT3G50685,AT5G08050,AT3G47650,AT1G68660,AT3G54660,AT5G44580,AT3G01480,AT1G23490,AT2G42600,AT4G30530,AT2G27420,AT1G78900,AT1G48598,AT3G55330,AT4G34720,AT2G39800,AT1G12800,AT4G36530,AT3G61220,AT1G30120,AT1G01490,AT5G24120,AT5G50920,AT5G13770,AT1G79600,AT1G73060,AT4G15530,AT1G53240,AT4G25700,AT4G37800,AT1G22410,AT3G17510,AT4G24770,AT3G10230,AT5G47110,AT4G00780,AT2G05920,AT1G76990,AT3G48420,AT5G04590,AT2G39450,AT1G64390,AT5G08530,AT5G47840,AT3G04870,AT2G47070,AT1G12110,AT4G10480,AT1G62960,AT2G23350,AT4G24620,AT5G35360,AT4G13840,AT2G20570,AT4G27520,AT4G14030,AT3G02090,AT5G27560,AT2G47940,AT5G08640,AT5G08670,AT4G12030,AT5G36160,AT2G36870,AT3G02720,AT4G30010,AT3G22420,AT1G51500,AT4G34110,AT5G03555,AT5G04950	AT2G40890
3	AT5G45300	BAM8	0	na	PWM2875	DAP-seq	BAM8_col	119	0.0025195970795817858	0.04033604967580484	103	AT3G02468,AT3G55800,AT2G21330,AT1G37130,AT5G13930,AT4G39800,AT5G36790,AT5G64840,AT1G32060,AT3G61440,AT1G78370,AT1G17220,AT4G28080,AT3G12320,AT4G09320,AT4G16980,AT5G06980,AT1G55480,AT1G19150,AT2G05620,AT2G20890,AT4G28660,AT1G22850,AT2G15620,AT1G34000,AT2G25450,ATCG00180,AT1G10370,AT5G61410,AT1G56190,AT1G70760,AT2G18230,AT3G19450,AT3G61870,AT2G16500,AT1G04530,AT1G52400,AT1G11840,AT5G23010,AT4G30960,AT3G11930,AT5G17870,AT3G13110,ATCG00170,AT3G10420,AT3G13120,AT2G39800,AT4G36530,AT1G76450,AT1G30120,AT1G77760,AT1G01490,AT2G38140,AT5G50920,AT5G13770,AT1G23190,AT5G47040,AT4G15530,AT1G22710,AT1G60590,AT5G51020,AT4G37800,AT4G02890,AT3G16910,AT1G72030,AT1G19000,AT2G46650,AT1G31800,AT4G00810,AT1G48830,AT3G51730,AT3G03250,AT5G47110,AT5G13180,AT1G77090,AT5G04590,AT2G39450,AT3G63490,AT2G35810,AT1G21440,AT2G37240,AT1G64390,AT1G62560,AT3G04870,AT2G40880,AT4G17340,AT5G49480,AT3G16150,AT3G52230,AT5G26270,AT5G53370,AT4G36360,AT2G20570,AT4G27520,AT2G35840,AT1G68440,AT5G67360,AT5G62670,AT5G08670,AT4G12030,AT3G22420,AT4G32770,AT5G04950	na
3	AT3G30530	ATBZIP42	0	na	PWM2914	DAP-seq	BZIP42_col	120	0.0025195970795817858	0.04033604967580484	103	AT1G31580,AT5G13930,AT2G41090,AT3G03780,AT1G68010,AT1G32080,AT4G39800,AT5G36790,AT1G09310,AT5G64840,AT1G32060,AT4G35250,AT1G32900,AT4G22890,AT1G74730,AT2G38230,AT1G15690,AT1G62750,AT1G62180,AT5G19760,AT4G29350,AT5G06980,AT3G22890,AT1G44000,AT1G01060,AT5G40950,AT3G02730,AT4G24780,AT4G34190,AT1G51680,AT1G14150,AT5G12150,AT5G65360,AT5G61410,AT1G75280,AT3G19450,AT1G08570,AT3G24170,AT2G16500,AT2G42600,AT4G39940,AT2G40490,AT5G66190,AT3G56360,AT1G80380,AT5G22620,AT5G17870,AT3G23000,AT1G03680,AT2G31790,AT1G19570,AT1G01490,AT1G13650,AT5G24120,AT1G04410,AT4G00050,AT4G14210,AT4G35450,AT4G15530,AT1G53240,AT3G14067,AT2G21960,AT1G67350,AT3G30720,AT4G39710,AT3G24190,AT1G22410,AT4G34630,AT3G17510,AT1G48830,AT1G15950,AT3G51730,AT1G31190,AT3G47430,AT2G05920,AT4G35760,AT2G39450,AT2G37240,AT2G24200,AT3G11945,AT1G64390,AT2G30010,AT3G02830,AT2G01590,AT3G16150,AT4G24620,AT2G48020,AT3G51895,AT5G40850,AT2G15020,AT3G57040,AT1G24360,AT5G62670,AT5G08640,AT5G51010,AT5G36160,AT4G00490,AT1G19050,AT3G02720,AT3G02360,AT4G01800,AT2G01670,AT1G63940	na
3	AT3G62420	ATBZIP53	0	na	PWM2925	DAP-seq	BZIP53_col	121	0.0025195970795817858	0.04033604967580484	103	AT1G31580,AT5G67030,AT5G23060,AT5G13930,AT2G41090,AT3G03780,AT1G68010,AT4G39800,AT5G36790,AT1G44575,AT1G09310,AT5G64840,AT1G32060,AT4G35250,AT1G32900,AT1G15980,AT4G22890,AT3G28270,AT1G74730,AT2G38230,AT1G15690,AT1G62750,AT1G62180,AT4G29350,AT5G06980,AT3G22890,AT1G44000,AT1G01060,AT5G40950,AT3G02730,AT5G58870,AT4G24780,AT1G14150,AT5G12150,AT5G65360,AT1G75280,AT3G19450,AT1G65930,AT1G56500,AT1G08570,AT3G24170,AT4G39940,AT3G15360,AT2G40490,AT5G66190,AT1G52400,AT3G56360,AT5G22620,AT3G23000,AT1G12240,AT1G03680,AT2G31790,AT1G77760,AT1G01490,AT1G13650,AT5G24120,AT1G04410,AT3G16470,AT4G00050,AT4G14210,AT4G35450,AT4G15530,AT3G14067,AT2G21960,AT3G30720,AT4G39710,AT3G24190,AT4G34630,AT3G17510,AT1G48830,AT1G15950,AT3G51730,AT3G63520,AT2G05920,AT4G35760,AT1G58807,AT2G37240,AT2G24200,AT3G11945,AT1G64390,AT3G02830,AT2G01590,AT3G16150,AT4G24620,AT2G48020,AT3G51895,AT5G53370,AT5G40850,AT4G27520,AT2G15020,AT3G57040,AT1G68440,AT1G24360,AT5G62670,AT5G51010,AT4G00490,AT1G19050,AT3G02720,AT3G22420,AT4G01800,AT2G01670,AT1G63940,AT1G15290	na
3	AT1G14580	AT1G14580	63	0	PWM3023	DAP-seq	AT1G14580_col	122	0.0025195970795817858	0.04033604967580484	103	AT1G69530,AT1G13440,AT3G03780,AT1G32080,AT3G01120,AT4G39800,AT5G36790,AT5G64840,AT1G16720,AT1G07180,AT4G20360,AT1G72910,AT1G29660,AT4G30950,AT4G28080,AT4G16980,AT5G06980,AT4G13430,AT5G58870,AT3G52930,AT1G56070,AT3G23810,AT1G51680,AT5G15950,AT5G38520,AT3G50685,AT1G19450,AT1G70410,AT2G44670,AT5G44580,AT1G53670,AT2G42600,AT1G71500,AT5G23010,AT4G10300,AT2G43710,AT4G14880,AT1G48350,AT1G04350,AT4G08870,AT1G77760,AT5G47560,AT1G01490,AT1G16080,AT1G08200,AT3G16470,AT4G00050,AT1G79600,AT4G37550,AT4G14210,AT1G73060,AT3G25920,AT1G70730,AT1G65260,AT1G26560,AT4G02890,AT3G16910,AT1G19000,AT2G30490,AT1G70370,AT5G63180,AT4G01080,AT5G65220,AT4G01690,AT3G63520,AT5G40890,AT1G76990,AT1G70580,AT2G35810,AT5G64290,AT1G64390,AT5G08530,AT2G30010,AT3G28220,AT3G04870,AT5G10470,AT2G45990,AT4G10480,AT5G52920,AT2G48020,AT3G10840,AT5G35360,AT5G40850,AT4G13840,AT1G78290,AT4G14030,AT5G27560,AT1G68440,AT5G62790,AT1G06690,AT5G47570,AT5G08640,AT5G09870,AT2G24820,AT5G36160,AT4G00490,AT3G10610,AT5G26751,AT3G22420,AT4G34110,AT5G19240,AT2G40890,AT3G24160	
3	AT3G50700	AtIDD2	9	na	PWM3040	DAP-seq	IDD2_col	123	0.0025195970795817858	0.04033604967580484	103	AT1G69530,AT5G46110,AT1G13440,AT4G26850,AT5G04140,AT1G32080,AT4G39800,AT5G36790,AT4G15545,AT3G60750,AT1G07180,AT1G78370,AT3G28270,AT4G20360,AT1G72910,AT4G09320,AT4G16980,AT5G06980,AT2G21970,AT1G01060,AT4G39330,AT5G58870,AT4G28660,AT1G56070,AT5G15950,AT5G12150,AT5G38520,AT3G50685,AT3G44300,AT1G19450,AT1G70410,AT2G18230,AT2G44670,AT2G16500,AT1G53670,AT4G10060,AT1G52400,AT1G71500,AT3G01550,AT2G47170,AT1G48350,AT1G04350,AT3G55330,AT1G12800,AT4G08870,AT1G19570,AT1G77760,AT5G47560,AT1G16080,AT1G08200,AT5G50920,AT3G09260,AT4G00050,AT1G79600,AT4G37550,AT1G73060,AT3G14067,AT4G37800,AT1G70730,AT1G26560,AT5G61420,AT4G39710,AT2G30490,AT1G70370,AT2G02930,AT5G65220,AT5G40890,AT2G05920,AT1G76990,AT3G52960,AT2G24200,AT5G64290,AT2G35410,AT3G28220,AT5G44650,AT4G10480,AT5G52920,AT5G49480,AT2G48020,AT3G51895,AT5G40850,AT4G13840,AT3G16220,AT4G14030,AT4G09350,AT1G68440,AT1G06690,AT5G47570,AT5G67360,AT2G47940,AT5G62670,AT5G08640,AT5G09870,AT2G24820,AT5G36160,AT4G00490,AT1G19050,AT2G46340,AT5G26751,AT3G22420,AT4G34110,AT5G19240,AT2G40890	na
3	AT5G49450	AtbZIP1	2	0	PWM311	AthaMAP		124	0.0025195970795817858	0.04033604967580484	103	AT1G69530,AT5G23060,AT2G41090,AT3G03780,AT4G37930,AT1G68010,AT3G01120,AT4G39800,AT5G36790,AT5G64840,AT4G35250,AT1G32900,AT4G22890,AT4G32260,AT1G17220,AT1G74730,AT1G62750,AT1G62180,AT2G38170,AT3G22890,AT1G44000,AT4G13430,AT5G58870,AT4G28660,AT4G33865,AT3G23810,AT1G51680,AT3G18490,AT2G43910,AT1G14150,AT3G52720,AT5G65360,AT1G56500,AT5G54160,AT3G24170,AT2G16500,AT3G15360,AT2G40490,AT3G56360,AT2G27420,AT1G80380,AT5G22620,AT5G17870,AT2G43710,AT3G23000,AT1G12240,AT4G34720,AT1G12800,AT2G31790,AT1G11650,AT4G08870,AT5G47560,AT1G52510,AT1G13650,AT1G04410,AT2G37040,AT4G14210,AT4G35450,AT2G14750,AT3G14067,AT5G39570,AT3G19030,AT1G01090,AT4G04840,AT2G21960,AT4G02890,AT3G30720,AT3G24190,AT1G22410,AT2G46650,AT4G34630,AT3G17510,AT1G15950,AT3G51730,AT5G63180,AT3G48200,AT5G13000,AT4G01690,AT2G05920,AT4G35760,AT2G37240,AT2G24200,AT3G11945,AT2G30010,AT1G17050,AT3G02830,AT2G01590,AT3G16150,AT4G24620,AT2G48020,AT5G35360,AT5G53370,AT1G08520,AT3G16460,AT1G24360,AT5G47570,AT5G51010,AT4G00490,AT1G49970,AT1G19050,AT2G46340,AT4G01800,AT2G40890	
3	AT4G00250	AT4G00250	0	0	PWM3125	DAP-seq	AT4G00250_col	125	0.0025195970795817858	0.04033604967580484	103	AT1G31580,AT1G09340,AT2G21330,AT5G49740,AT1G55960,AT1G16720,AT4G40030,AT1G07180,AT4G20360,AT1G16880,AT1G72910,AT4G32260,AT4G28080,AT3G22210,AT1G62750,AT5G24150,AT5G12470,AT5G06980,AT5G59970,AT1G75690,AT3G22890,AT5G58870,AT1G55490,AT4G33865,AT5G59870,AT3G53260,AT1G51680,AT2G43910,AT2G39470,AT5G15950,AT2G23600,AT1G34000,AT5G67370,AT5G65360,AT1G70410,AT1G70760,AT3G54660,AT2G34460,AT1G65930,AT3G01480,AT1G08570,AT1G23490,AT2G42600,AT1G70490,AT5G58330,AT5G22620,AT3G51820,AT4G10300,AT5G17870,AT2G22670,AT3G13120,AT1G18730,AT1G68590,AT4G08870,AT5G47560,AT1G01490,AT5G48790,AT5G50920,AT1G65230,AT2G37040,AT4G37550,AT4G35450,AT4G15530,AT1G60590,AT3G52150,AT4G25700,AT2G14750,AT1G78820,AT5G51020,AT1G32990,AT2G22240,AT3G08610,AT1G67350,AT1G19000,AT3G24190,AT2G17340,AT5G13000,AT3G20670,AT5G40890,AT4G35760,AT5G04590,AT4G28240,AT5G33320,AT1G21440,AT5G09650,AT5G08530,AT1G54350,AT3G28220,AT1G12110,AT4G17340,AT2G48020,AT4G36360,AT5G40850,AT2G24540,AT3G16220,AT2G28470,AT3G47960,AT2G47940,AT5G08670,AT5G49030,AT5G42310,AT3G22420,AT4G34450	
3	AT5G47390	At5g47390	0	na	PWM3324	DAP-seq	AT5G47390_col	127	0.0025195970795817858	0.04033604967580484	103	AT1G31580,AT1G09340,AT2G21330,AT3G62410,AT5G49740,AT4G15545,AT1G16720,AT4G40030,AT1G16880,AT4G28080,AT3G22210,AT1G62750,AT5G24150,AT5G12470,AT5G59970,AT1G75690,AT3G29240,AT3G22890,AT4G39330,AT5G58870,AT1G55490,AT4G33865,AT1G51680,AT2G43910,AT2G39470,AT2G23600,AT1G34000,AT5G67370,AT5G65360,AT1G70410,AT1G10370,AT1G70760,AT2G18230,AT2G34460,AT3G01480,AT1G08570,AT1G66330,AT1G23490,AT2G42600,AT2G40490,AT1G70490,AT5G58330,AT5G22620,AT3G51820,AT4G30960,AT5G17870,AT2G22670,AT3G13120,AT1G12240,AT1G18730,AT1G68590,AT4G08870,AT5G47560,AT1G01490,AT5G48790,AT5G50920,AT3G16470,AT1G65230,AT2G37040,AT4G37550,AT4G35450,AT1G73060,AT4G15530,AT1G60590,AT3G52150,AT2G14750,AT1G78820,AT5G51020,AT1G32990,AT2G21960,AT2G22240,AT3G08610,AT1G67350,AT1G19000,AT2G30490,AT1G10670,AT5G13000,AT3G20670,AT5G40890,AT4G35760,AT5G04590,AT4G28240,AT5G33320,AT5G06060,AT1G21440,AT5G09650,AT5G08530,AT5G08650,AT3G28220,AT5G40850,AT3G16460,AT2G24540,AT3G16220,AT5G64460,AT5G62790,AT2G28470,AT3G47960,AT2G47940,AT5G08670,AT5G49030,AT5G42310,AT3G22420,AT1G51980	na
3	AT1G76870	AT1G76870	0	na	PWM3491	DAP-seq	AT1G76870_col	128	0.0025195970795817858	0.04033604967580484	103	AT2G21330,AT5G67030,AT1G69530,AT1G11860,AT5G04140,AT5G13930,AT3G26570,AT5G36790,AT4G15545,AT4G35250,AT1G34310,AT1G48030,AT3G01060,AT5G24150,AT4G09320,AT5G17230,AT3G51920,AT2G01250,AT1G65960,AT2G05620,AT2G20890,AT4G28660,AT3G53260,AT2G43910,AT2G15620,AT1G64770,AT5G51720,AT1G34000,AT3G47650,AT1G68660,AT2G18230,AT5G54160,AT1G08570,AT3G21670,AT1G23490,AT5G45680,AT2G42600,AT4G30530,AT1G71500,AT1G70490,AT1G11840,AT1G80380,AT5G23010,AT2G24090,AT2G47170,AT4G14880,AT1G04350,AT5G07020,AT4G31500,AT4G34720,AT2G39800,AT1G12800,AT4G36530,AT5G57030,AT1G16080,AT3G24430,AT1G22710,AT2G14750,AT5G57040,AT5G61420,AT1G64780,AT4G02890,AT1G22410,AT2G46650,AT2G23000,AT1G70370,AT1G58080,AT3G58990,AT1G76990,AT4G28240,AT2G35810,AT5G55620,AT3G44890,AT3G11945,AT1G64390,AT5G09650,AT2G35410,AT4G10480,AT1G62960,AT3G16150,AT4G24620,AT1G08520,AT5G64460,AT2G15020,AT3G02870,AT2G35840,AT5G62790,AT3G27925,AT2G28470,AT5G62670,AT2G24820,AT4G12030,AT1G49970,AT1G19050,AT4G30010,AT5G26751,AT3G22420,AT3G16530,AT4G01800,AT1G51980,AT4G34110,AT3G10060,AT3G24160	na
3	AT5G01380	GT3a	0	1	PWM3509	DAP-seq	GT3A_col	129	0.0025195970795817858	0.04033604967580484	103	AT3G02468,AT1G11860,AT4G26850,AT4G17090,AT5G64840,AT3G54050,AT3G61440,AT1G32900,AT5G02120,AT5G64940,AT1G78370,AT5G24150,AT3G12320,AT5G06980,AT1G55480,AT2G36880,AT3G22890,AT2G40100,AT1G01060,AT1G19150,AT3G06510,AT4G39330,AT4G13430,AT2G20890,AT1G58380,AT4G28660,AT4G24780,AT1G22850,AT2G15620,AT1G14150,AT2G25450,AT1G10370,AT3G19710,AT1G56190,AT3G55440,AT1G70760,AT2G18230,AT3G61870,AT1G08570,AT1G04530,AT3G49680,AT4G30530,AT5G22620,AT5G23010,AT3G11930,AT5G17870,AT3G13110,AT3G59970,AT1G07110,AT4G18370,AT3G10420,AT1G12240,AT1G18730,AT2G31790,AT4G36530,AT1G76450,AT1G30120,AT1G77760,AT1G01490,AT1G74090,AT1G08200,AT3G16470,AT5G47040,AT4G00050,AT2G37040,AT1G73060,AT1G22710,AT5G51020,AT3G19030,AT4G04840,AT3G25530,AT4G02890,AT3G16910,AT1G19000,AT4G00810,AT3G17510,AT4G24770,AT3G13920,AT5G63180,AT3G03250,AT3G58990,AT5G40890,AT2G39450,AT1G21440,AT2G37240,AT1G64390,AT1G62560,AT3G28220,AT3G04870,AT4G37200,AT2G40880,AT4G17340,AT3G16150,AT3G52230,AT2G20610,AT5G26270,AT2G20570,AT2G28470,AT5G67360,AT4G12030,AT5G49030,AT4G32770,AT3G19720	AT2G40890
3	AT1G75490	AT1G75490	6	0	PWM1363	CisBP	M0015_1.01	131	0.0035587866201630797	0.04908388007655694	102	AT5G67030,AT1G37130,AT1G69530,AT5G38980,AT4G26850,AT5G04140,AT1G68010,AT1G44575,AT5G01410,AT3G01060,AT5G24150,AT1G32470,AT5G19760,AT4G39330,ATCG01100,AT2G05620,AT5G58870,AT3G52930,AT1G56070,AT3G63140,AT3G53260,AT3G23810,AT1G24020,AT4G26860,AT1G14150,AT5G51720,AT2G23600,AT1G34000,AT2G25450,AT1G32220,AT3G44300,AT1G70410,AT1G68660,AT1G31180,AT3G19450,AT4G29060,AT1G08570,AT2G42600,AT4G39940,AT3G15360,AT2G27420,AT5G22620,AT1G10470,AT5G23010,AT4G30960,AT3G11930,AT5G17870,AT3G13110,AT2G24090,AT4G31500,AT2G39800,AT4G12830,AT4G08870,AT1G77760,AT1G52510,AT1G13650,AT1G08200,AT5G50920,AT3G24430,AT3G09260,AT4G00050,AT1G73060,AT4G25700,AT1G64780,AT4G02890,AT3G24190,AT2G30490,AT1G22410,AT1G15950,AT4G37760,AT3G58990,AT3G47430,AT1G70580,AT3G52960,AT3G48420,AT5G04590,AT4G28240,AT1G21440,AT3G10720,AT5G67600,AT1G64390,AT2G45990,AT1G12110,AT4G10480,AT4G17340,AT5G49480,AT2G35960,AT3G16150,AT2G43100,AT5G35360,AT5G53370,AT4G36360,AT1G08520,AT2G20570,AT2G04795,AT2G28470,AT2G32160,AT2G24820,AT2G36870,AT1G19050,AT4G34450,AT1G51980	
3	AT2G40350	AT2G40350	0	0	PWM1364	CisBP	M0015_1.01	132	0.0035587866201630797	0.04908388007655694	102	AT5G67030,AT1G37130,AT1G69530,AT5G38980,AT4G26850,AT5G04140,AT1G68010,AT1G44575,AT5G01410,AT3G01060,AT5G24150,AT1G32470,AT5G19760,AT4G39330,ATCG01100,AT2G05620,AT5G58870,AT3G52930,AT1G56070,AT3G63140,AT3G53260,AT3G23810,AT1G24020,AT4G26860,AT1G14150,AT5G51720,AT2G23600,AT1G34000,AT2G25450,AT1G32220,AT3G44300,AT1G70410,AT1G68660,AT1G31180,AT3G19450,AT4G29060,AT1G08570,AT2G42600,AT4G39940,AT3G15360,AT2G27420,AT5G22620,AT1G10470,AT5G23010,AT4G30960,AT3G11930,AT5G17870,AT3G13110,AT2G24090,AT4G31500,AT2G39800,AT4G12830,AT4G08870,AT1G77760,AT1G52510,AT1G13650,AT1G08200,AT5G50920,AT3G24430,AT3G09260,AT4G00050,AT1G73060,AT4G25700,AT1G64780,AT4G02890,AT3G24190,AT2G30490,AT1G22410,AT1G15950,AT4G37760,AT3G58990,AT3G47430,AT1G70580,AT3G52960,AT3G48420,AT5G04590,AT4G28240,AT1G21440,AT3G10720,AT5G67600,AT1G64390,AT2G45990,AT1G12110,AT4G10480,AT4G17340,AT5G49480,AT2G35960,AT3G16150,AT2G43100,AT5G35360,AT5G53370,AT4G36360,AT1G08520,AT2G20570,AT2G04795,AT2G28470,AT2G32160,AT2G24820,AT2G36870,AT1G19050,AT4G34450,AT1G51980	
3	AT5G18450	At5g18450	6	0	PWM1365	CisBP	M0015_1.01	133	0.0035587866201630797	0.04908388007655694	102	AT5G67030,AT1G37130,AT1G69530,AT5G38980,AT4G26850,AT5G04140,AT1G68010,AT1G44575,AT5G01410,AT3G01060,AT5G24150,AT1G32470,AT5G19760,AT4G39330,ATCG01100,AT2G05620,AT5G58870,AT3G52930,AT1G56070,AT3G63140,AT3G53260,AT3G23810,AT1G24020,AT4G26860,AT1G14150,AT5G51720,AT2G23600,AT1G34000,AT2G25450,AT1G32220,AT3G44300,AT1G70410,AT1G68660,AT1G31180,AT3G19450,AT4G29060,AT1G08570,AT2G42600,AT4G39940,AT3G15360,AT2G27420,AT5G22620,AT1G10470,AT5G23010,AT4G30960,AT3G11930,AT5G17870,AT3G13110,AT2G24090,AT4G31500,AT2G39800,AT4G12830,AT4G08870,AT1G77760,AT1G52510,AT1G13650,AT1G08200,AT5G50920,AT3G24430,AT3G09260,AT4G00050,AT1G73060,AT4G25700,AT1G64780,AT4G02890,AT3G24190,AT2G30490,AT1G22410,AT1G15950,AT4G37760,AT3G58990,AT3G47430,AT1G70580,AT3G52960,AT3G48420,AT5G04590,AT4G28240,AT1G21440,AT3G10720,AT5G67600,AT1G64390,AT2G45990,AT1G12110,AT4G10480,AT4G17340,AT5G49480,AT2G35960,AT3G16150,AT2G43100,AT5G35360,AT5G53370,AT4G36360,AT1G08520,AT2G20570,AT2G04795,AT2G28470,AT2G32160,AT2G24820,AT2G36870,AT1G19050,AT4G34450,AT1G51980	
3	AT1G42990	ATBZIP60	1	0	PWM1447	PBM		134	0.0035587866201630797	0.04908388007655694	102	AT5G67030,AT1G69530,AT3G03780,AT1G68010,AT1G32080,AT4G39800,AT5G36790,AT1G44575,AT5G64840,AT1G32060,AT4G35250,AT1G66200,AT1G32900,AT4G22890,AT4G20360,AT4G30950,AT1G74730,AT3G01060,AT1G62750,AT1G62180,AT2G04039,AT5G06980,AT2G21970,AT5G17230,AT3G22890,AT2G40100,AT1G44000,AT5G40950,AT4G13430,AT5G58870,AT4G28660,AT1G56070,AT3G23810,AT3G18490,AT3G56290,AT1G68660,AT3G19710,AT3G55440,AT1G75280,AT2G18230,AT3G19450,AT3G01480,AT1G50020,AT1G50250,AT3G15360,AT2G40490,AT4G10060,AT3G56360,AT4G31500,AT4G34720,AT2G39800,AT2G31790,AT3G61220,AT5G47560,AT1G01490,AT1G13650,AT1G04410,AT2G24280,AT2G37040,AT4G04840,AT2G21960,AT4G02890,AT3G30720,AT3G24190,AT1G31800,AT4G34630,AT3G17510,AT3G51730,AT5G63180,AT5G13000,AT4G01690,AT2G41680,AT3G47430,AT2G05920,AT1G77090,AT4G28240,AT1G58807,AT2G35810,AT2G37240,AT2G24200,AT3G11945,AT2G30010,AT3G02830,AT2G01590,AT3G16150,AT2G48020,AT3G51895,AT2G20610,AT5G40850,AT4G13840,AT2G20570,AT2G15020,AT2G04795,AT1G68440,AT1G24360,AT5G08640,AT5G51010,AT4G00490,AT4G01800,AT3G19720,AT2G01670,AT3G08730	
3	AT4G01500	NGA4	3	na	PWM2727	DAP-seq	NGA4_col	136	0.0035587866201630797	0.04908388007655694	102	AT2G26080,AT3G02468,AT1G09340,AT5G04140,AT3G01120,AT3G60750,AT1G16720,AT1G07180,AT3G15850,AT2G35370,AT5G09660,AT3G14415,AT1G55480,AT3G22890,AT4G13430,AT2G24270,AT5G58870,AT1G55490,AT4G33865,AT1G07610,AT1G51680,AT3G02020,AT2G39470,AT1G64770,AT1G01790,AT3G26070,AT1G70410,AT3G47650,AT1G56190,AT1G31180,AT4G39940,AT4G10060,AT5G66190,AT2G27420,AT3G11930,AT3G23000,AT2G39800,AT1G43560,AT1G63770,AT1G30120,AT1G21065,AT5G48790,AT5G58140,AT2G24280,AT1G23190,AT5G47040,AT1G29700,AT4G14210,AT4G35450,AT5G51020,AT4G37800,AT1G70730,AT4G13500,AT4G39710,AT1G72030,AT5G14260,AT1G68830,AT1G48830,AT2G17340,AT1G58080,AT5G42760,AT5G13000,AT4G01690,AT5G02830,AT4G35760,AT1G70580,AT1G73650,AT5G59880,AT4G28240,AT2G24200,AT1G64390,AT5G10470,AT2G47070,AT3G02830,AT3G16150,AT2G48020,AT5G26270,AT4G29030,AT4G36360,AT1G08520,AT5G64460,AT4G14030,AT4G09350,AT3G02090,AT5G62790,AT1G06690,AT1G24360,AT5G47570,AT3G27925,AT3G47960,AT2G47940,AT5G62670,AT5G09870,AT5G51010,AT5G36160,AT4G00490,AT3G10610,AT5G26751,AT1G17360,AT3G19720,AT2G40890,AT3G24160	na
3	AT4G34590	ATB2	0	0	PWM2934	DAP-seq	GBF6_col	138	0.0035587866201630797	0.04908388007655694	102	AT1G31580,AT5G67030,AT5G23060,AT5G13930,AT2G41090,AT3G03780,AT1G68010,AT4G39800,AT5G36790,AT1G44575,AT1G09310,AT5G64840,AT1G32060,AT4G35250,AT1G32900,AT1G15980,AT4G22890,AT3G28270,AT1G74730,AT2G38230,AT1G15690,AT1G62750,AT1G62180,AT4G29350,AT5G06980,AT3G22890,AT1G44000,AT1G01060,AT5G40950,AT3G02730,AT5G58870,AT4G24780,AT1G14150,AT5G12150,AT5G65360,AT1G75280,AT3G19450,AT1G08570,AT3G24170,AT4G39940,AT3G15360,AT2G40490,AT5G66190,AT1G70490,AT3G56360,AT5G22620,AT3G23000,AT1G12240,AT1G03680,AT2G31790,AT1G77760,AT1G01490,AT1G13650,AT5G24120,AT1G04410,AT3G16470,AT4G00050,AT4G14210,AT4G35450,AT4G15530,AT3G14067,AT2G21960,AT3G30720,AT4G39710,AT3G24190,AT4G34630,AT3G17510,AT1G48830,AT1G15950,AT3G51730,AT3G63520,AT3G47430,AT2G05920,AT4G35760,AT1G58807,AT2G37240,AT2G24200,AT3G11945,AT1G64390,AT2G47070,AT3G02830,AT2G01590,AT3G16150,AT4G24620,AT2G48020,AT3G51895,AT5G53370,AT5G40850,AT4G27520,AT4G14030,AT2G15020,AT3G57040,AT1G24360,AT5G62670,AT5G51010,AT4G00490,AT1G19050,AT3G02720,AT3G22420,AT4G01800,AT2G01670,AT1G63940	
3	AT1G08010	GATA11	0	na	PWM3003	DAP-seq	GATA11_col	139	0.0035587866201630797	0.04908388007655694	102	AT1G12900,AT1G66100,AT1G13440,AT1G11860,AT3G03780,AT1G72610,AT3G01120,AT3G47070,AT1G29660,AT1G15690,AT5G19760,AT2G38170,AT4G29350,AT5G06980,AT5G59970,AT1G55480,AT2G36880,AT3G22890,AT3G11170,AT4G39330,AT1G65960,AT3G52930,AT3G23810,AT5G51720,AT1G32220,AT3G08580,AT5G19220,AT1G70410,AT1G18540,AT1G02500,AT2G44670,AT1G65930,AT1G56500,AT3G01480,AT1G23490,AT3G11510,AT1G53670,AT2G42600,AT5G52650,AT4G10060,AT1G09200,AT1G11840,AT3G01550,AT1G78900,AT3G59970,AT2G47170,AT2G22670,AT3G23000,AT4G08870,AT1G08200,AT1G04410,AT2G24280,AT1G23190,AT4G15530,AT1G70730,AT4G04840,AT1G67350,AT3G25530,AT1G64780,AT4G02890,AT3G30720,AT5G14260,AT2G30490,AT3G17510,AT2G23000,AT3G13920,AT3G03250,AT1G78570,AT5G13000,AT3G20670,AT4G00780,AT3G48420,AT5G33320,AT5G64290,AT3G09820,AT5G10470,AT3G15810,AT4G10480,AT4G24620,AT2G48020,AT5G35360,AT2G44060,AT1G08520,AT4G37680,AT4G14030,AT5G27560,AT2G15020,AT2G35840,AT5G45170,AT5G67360,AT5G62670,AT5G08670,AT5G09870,AT4G30010,AT5G26751,AT4G34450,AT1G51980,AT2G01670,AT5G03555,AT3G08730,AT3G24160,AT5G04950	na
3	AT3G24120	At3g24120	0	0	PWM3115	DAP-seq	AT3G24120_col	140	0.0035587866201630797	0.04908388007655694	102	AT4G33010,AT1G09340,AT3G55800,AT4G38970,AT1G69530,AT5G23060,AT3G47070,AT5G36790,AT1G32060,AT5G13650,AT4G10120,AT5G35970,AT4G35250,AT1G66200,AT1G32900,AT1G07180,AT1G78370,AT1G74730,AT5G09660,AT3G12320,AT5G06980,AT2G42690,AT3G02730,AT5G58870,AT1G07610,AT4G34190,AT5G12150,AT5G67370,AT1G02500,AT1G10370,AT1G68660,AT2G31380,AT1G56500,AT3G49680,AT2G42600,AT5G52650,AT5G03850,AT4G10060,AT1G71500,AT4G31700,AT3G51820,AT4G30960,AT3G13110,AT3G10420,AT3G13120,AT1G18730,AT4G34720,AT1G03680,AT1G63770,AT2G21210,AT1G76450,AT5G47560,AT1G16080,AT5G24120,AT5G50920,AT2G37040,AT4G14210,AT4G35450,AT1G22710,AT2G14750,AT1G51060,AT4G37800,AT1G70730,AT3G16910,AT3G24190,AT1G62250,AT2G30490,AT2G46650,AT3G51730,AT1G58080,AT3G03250,AT4G01080,AT4G01690,AT5G47110,AT4G00780,AT1G76990,AT5G04590,AT2G37240,AT2G24200,AT5G64290,AT2G30010,AT2G47070,AT3G02830,AT2G01590,AT3G16150,AT5G53580,AT2G48020,AT3G51895,AT5G35360,AT1G48630,AT4G14030,AT4G09350,AT5G62790,AT5G47570,AT5G08640,AT2G24820,AT4G12030,AT1G49970,AT4G29590,AT1G17360,AT1G51500,AT2G01670	
3	AT5G16600	AtMYB43	12	na	PWM3254	DAP-seq	MYB43_col	141	0.0035587866201630797	0.04908388007655694	102	AT4G33010,AT5G67030,AT5G04140,AT5G13930,AT4G37930,AT3G26570,AT5G36790,AT3G60750,AT1G32060,AT5G13650,AT4G10120,AT5G35970,AT1G14320,AT1G78370,AT4G30950,AT1G17220,AT1G15690,AT4G13770,AT1G75690,AT3G25690,AT3G11170,AT1G44000,AT3G51920,AT4G13430,AT2G01250,AT4G34050,AT4G24780,AT5G48930,AT3G53260,AT1G51680,AT1G67700,AT1G32220,AT3G44300,AT1G01790,AT1G19450,AT1G02500,AT3G47650,AT1G68660,AT3G56240,AT3G23390,AT1G75280,AT3G19450,AT1G56500,AT4G22570,AT5G54160,AT3G21670,AT3G24170,AT2G34860,AT4G30530,AT5G22620,AT5G23010,AT3G59970,AT2G47170,AT3G23000,AT1G18730,AT1G77760,AT1G01490,AT5G47040,AT1G29700,AT3G09260,AT2G14750,AT1G78820,AT1G65260,AT2G30490,AT1G22410,AT2G46650,AT1G48830,AT1G15950,AT2G17340,AT1G64370,AT1G70370,AT1G10670,AT4G01690,AT3G47430,AT1G70580,AT3G48420,AT4G28240,AT3G63490,AT1G21440,AT5G55620,AT3G09820,AT5G47840,AT1G62560,AT3G04870,AT2G01590,AT3G51895,AT5G53370,AT4G29030,AT5G40850,AT4G13840,AT3G16220,AT4G09350,AT3G57040,AT2G35840,AT2G47940,AT5G09870,AT4G12030,AT1G30530,AT2G36870,AT4G27030,AT2G01670,AT2G40890	na
3	AT1G74840	At1g74840	1	2	PWM3307	DAP-seq	AT1G74840_col	142	0.0035587866201630797	0.04908388007655694	102	AT1G31580,AT2G25510,AT2G21330,AT5G67030,AT3G62410,AT5G49740,AT1G55960,AT3G60750,AT1G16720,AT4G40030,AT1G32900,AT1G16880,AT4G28080,AT3G22210,AT2G38230,AT1G62750,AT2G21970,AT5G59970,AT1G75690,AT3G29240,AT3G22890,AT4G39330,AT4G13430,AT5G58870,AT1G55490,AT3G53260,AT1G51680,AT2G43910,AT2G39470,AT2G23600,AT1G34000,AT5G67370,AT5G65360,AT1G70410,AT1G18540,AT1G70760,AT2G34460,AT1G56500,AT3G01480,AT1G08570,AT2G40490,AT5G66190,AT1G70490,AT5G58330,AT4G10300,AT1G07110,AT2G22670,AT3G13120,AT1G12240,AT1G18730,AT2G39800,AT1G63770,AT1G68590,AT5G47560,AT5G48790,AT5G50920,AT1G65230,AT2G37040,AT4G37550,AT4G35450,AT1G73060,AT4G15530,AT1G22710,AT3G52150,AT2G14750,AT1G78820,AT2G22240,AT3G27060,AT1G67350,AT1G19000,AT2G30490,AT2G17340,AT5G13000,AT3G20670,AT5G40890,AT4G35760,AT5G04590,AT4G28240,AT5G33320,AT1G58807,AT5G06060,AT3G09820,AT5G09650,AT5G08530,AT5G47840,AT5G08650,AT1G54350,AT1G12110,AT2G48020,AT2G20610,AT5G26270,AT5G40850,AT2G24540,AT3G16220,AT5G64460,AT2G28470,AT3G47960,AT2G47940,AT5G08670,AT5G49030,AT3G22420,AT1G51980	AT4G31500,AT1G62560
3	AT1G01260	JAM2	0	0	PWM897	CisBP	M0149_1.01	143	0.0035587866201630797	0.04908388007655694	102	AT4G33010,AT3G55800,AT2G21330,AT5G67030,AT1G69530,AT5G13930,AT1G68010,AT4G39800,AT1G32060,AT5G02120,AT4G22890,AT1G17220,AT4G28080,AT3G01060,AT3G12320,AT4G09320,AT5G06980,AT3G22890,AT4G13430,AT2G05620,AT5G58870,AT1G02820,AT2G15620,AT2G25450,AT3G50685,AT1G10370,AT3G19710,AT1G56190,AT1G70760,AT2G34460,AT3G61870,AT5G54160,AT3G21670,AT5G22620,AT1G10470,AT5G23010,AT4G30960,AT3G11930,AT5G17870,AT3G13110,AT4G18370,AT3G10420,AT1G12240,AT2G39800,AT1G30120,AT1G77760,AT5G47560,AT1G01490,AT1G74090,AT1G08200,AT3G16470,AT5G47040,AT1G17880,AT1G60590,AT5G51020,AT5G39570,AT3G19030,AT2G22240,AT3G25530,AT1G72030,AT1G19000,AT3G24190,AT4G00810,AT3G17510,AT1G48830,AT3G13920,AT5G63180,AT1G78570,AT3G58990,AT5G47110,AT5G13180,AT5G04590,AT2G39450,AT4G28240,AT2G35810,AT1G21440,AT5G09650,AT2G30010,AT1G17050,AT1G62560,AT3G28220,AT3G04870,AT1G12110,AT3G16150,AT4G24620,AT3G52230,AT5G26270,AT5G53370,AT4G36360,AT2G20570,AT4G27520,AT4G09350,AT2G35840,AT1G68440,AT2G28470,AT5G67360,AT5G62670,AT4G12030,AT4G00490,AT1G19050,AT1G02930,AT3G19720	
3	AT5G57150	AT5G57150	1	na	PWM898	CisBP	M0149_1.01	144	0.0035587866201630797	0.04908388007655694	102	AT4G33010,AT3G55800,AT2G21330,AT5G67030,AT1G69530,AT5G13930,AT1G68010,AT4G39800,AT1G32060,AT5G02120,AT4G22890,AT1G17220,AT4G28080,AT3G01060,AT3G12320,AT4G09320,AT5G06980,AT3G22890,AT4G13430,AT2G05620,AT5G58870,AT1G02820,AT2G15620,AT2G25450,AT3G50685,AT1G10370,AT3G19710,AT1G56190,AT1G70760,AT2G34460,AT3G61870,AT5G54160,AT3G21670,AT5G22620,AT1G10470,AT5G23010,AT4G30960,AT3G11930,AT5G17870,AT3G13110,AT4G18370,AT3G10420,AT1G12240,AT2G39800,AT1G30120,AT1G77760,AT5G47560,AT1G01490,AT1G74090,AT1G08200,AT3G16470,AT5G47040,AT1G17880,AT1G60590,AT5G51020,AT5G39570,AT3G19030,AT2G22240,AT3G25530,AT1G72030,AT1G19000,AT3G24190,AT4G00810,AT3G17510,AT1G48830,AT3G13920,AT5G63180,AT1G78570,AT3G58990,AT5G47110,AT5G13180,AT5G04590,AT2G39450,AT4G28240,AT2G35810,AT1G21440,AT5G09650,AT2G30010,AT1G17050,AT1G62560,AT3G28220,AT3G04870,AT1G12110,AT3G16150,AT4G24620,AT3G52230,AT5G26270,AT5G53370,AT4G36360,AT2G20570,AT4G27520,AT4G09350,AT2G35840,AT1G68440,AT2G28470,AT5G67360,AT5G62670,AT4G12030,AT4G00490,AT1G19050,AT1G02930,AT3G19720	na
4	AT2G46830	AtCCA1	4	140	PWM1555	PBM		1	1.821492018355735e-34	3.265935188911833e-31	152	AT2G21660,AT3G26740,AT1G13930,AT4G27440,AT2G33830,AT3G22231,AT3G09390,AT4G39090,AT3G63160,AT4G21960,AT3G46970,AT2G30860,AT1G10760,AT1G20020,AT2G15960,AT4G39260,AT4G32340,AT2G15890,AT4G13250,AT1G20620,AT2G37220,AT4G26530,AT1G06460,AT5G10860,AT1G54410,AT3G25760,AT4G04330,AT2G05520,AT1G21680,AT3G53460,AT2G31360,AT2G15970,AT2G02100,AT3G10410,AT1G20693,AT3G47860,AT1G70820,AT4G13850,AT4G30650,AT4G30660,AT1G59870,AT5G19780,AT2G33150,AT2G45740,AT2G18960,AT5G62720,AT1G30360,AT4G03520,AT1G69830,AT4G11600,AT1G20696,AT2G28840,AT4G26670,AT3G58680,AT4G27800,AT1G71030,AT1G11530,AT4G34950,AT5G08410,AT1G13270,AT5G28840,AT4G19120,AT5G37260,AT1G29670,AT5G28500,AT5G06690,AT4G16146,AT1G20010,AT4G14716,AT3G52180,AT2G40840,AT4G00370,AT4G02370,AT5G02240,AT4G18240,AT1G70890,AT2G04700,AT4G04340,AT5G13710,AT2G40080,AT1G07050,AT3G20810,AT4G04830,AT3G46010,AT2G24150,AT2G15090,AT1G50010,AT5G62360,AT5G53450,AT4G27130,AT5G54960,AT4G32940,AT4G14960,AT5G19540,AT3G05220,AT2G26900,AT5G11670,AT3G23280,AT5G03240,AT1G66410,AT4G24220,AT3G46000,AT5G19860,AT5G15230,AT3G04550,AT1G05190,AT4G35830,AT1G01470,AT1G75800,AT1G08550,AT1G27450,AT2G22450,AT3G43720,AT4G16370,AT5G38510,AT3G28040,AT3G01310,AT5G20280,AT4G23820,AT1G20630,AT1G18720,AT4G20890,AT4G09020,AT3G27820,AT5G37600,AT5G51820,AT2G05710,AT5G64860,AT2G25730,AT5G61380,AT5G24470,AT5G27380,AT1G04690,AT5G39210,AT1G21670,AT4G17140,AT1G28330,AT2G42840,AT3G12120,AT4G04770,AT1G70160,AT3G02570,AT4G39080,AT3G13460,AT5G54760,AT1G04820,AT4G29840,AT2G05790,AT5G57110,AT3G46630,AT4G30220,AT1G10200	AT3G26740,AT1G13930,AT4G27440,AT3G05880,AT3G62550,AT5G20630,AT2G33830,AT3G09390,AT4G39090,AT3G63160,AT1G12090,AT4G21960,AT3G46970,AT2G30860,AT1G10760,AT1G20020,AT4G39260,AT4G32340,AT3G15840,AT2G28900,AT2G15890,AT1G20620,AT3G26580,AT4G26530,AT1G06460,AT1G54410,AT5G23240,AT2G16600,AT4G04330,AT2G05520,AT5G26570,AT3G53460,AT3G45140,AT2G31360,AT2G15970,AT3G10410,AT3G47860,AT1G70820,AT3G57520,AT4G33510,AT4G30660,AT5G19780,AT3G29320,AT2G33150,AT5G62720,AT1G69830,AT4G11600,AT1G20696,AT2G28840,AT4G26670,AT3G26060,AT2G45470,AT4G27800,AT1G71030,AT4G34950,AT5G37780,AT2G14170,AT5G08410,AT1G13270,AT5G28840,AT4G19120,AT1G07440,AT3G48360,AT3G27770,AT5G37260,AT2G16280,AT2G31400,AT5G44340,AT5G06690,AT4G16146,AT1G20010,AT4G02370,AT5G02240,AT4G18240,AT1G68560,AT1G22530,AT5G13710,AT1G08980,AT1G07050,AT3G20810,AT3G17930,AT4G04830,AT5G62360,AT1G17290,AT5G53450,AT4G34120,AT1G04400,AT3G45780,AT4G27130,AT5G54960,AT3G05220,AT2G26900,AT3G23280,AT5G03240,AT1G66410,AT5G44680,AT3G46000,AT5G15230,AT2G42530,AT3G04550,AT1G29395,AT3G06483,AT5G59540,AT2G36390,AT1G75800,AT2G22450,AT5G38510,AT3G04910,AT3G01310,AT5G20280,AT2G22430,AT4G39980,AT1G20630,AT2G47390,AT4G20890,AT4G09020,AT1G75500,AT4G39730,AT5G37600,AT5G51820,AT5G64860,AT2G25730,AT5G61380,AT3G08510,AT5G24470,AT5G53460,AT1G21670,AT3G12120,AT4G04770,AT1G78995,AT2G25490,AT4G39080,AT5G54760,AT4G29840,AT1G09780,AT2G16660,AT5G57110,AT3G46630,AT1G21130,AT1G10200
4	AT2G46830	AtCCA1	4	140	PWM2571	JASPAR	MA0972.1	12	4.1846692591015956e-27	6.252593317974301e-25	139	AT2G21660,AT1G13930,AT4G27440,AT3G05880,AT2G33830,AT3G22231,AT3G09390,AT4G21960,AT2G30860,AT1G20020,AT2G15960,AT4G39260,AT4G32340,AT2G15890,AT4G13250,AT1G20620,AT3G26580,AT2G37220,AT4G26530,AT1G06460,AT1G43670,AT1G54410,AT3G25760,AT4G04330,AT2G05520,AT5G15960,AT1G21680,AT3G53460,AT2G31360,AT2G02100,AT3G10410,AT1G20693,AT3G18780,AT3G47860,AT2G30870,AT1G70820,AT4G33510,AT4G13850,AT4G30650,AT4G30660,AT5G19780,AT2G45740,AT2G18960,AT5G62720,AT4G03520,AT4G11600,AT1G20696,AT2G28840,AT4G26670,AT4G27800,AT1G71030,AT1G11530,AT3G55630,AT5G08410,AT1G13270,AT5G28840,AT4G19120,AT3G48360,AT5G37260,AT5G06690,AT4G16146,AT1G54100,AT1G20010,AT4G14716,AT3G52180,AT2G40840,AT4G00370,AT4G02370,AT5G02240,AT4G18240,AT4G04340,AT5G13710,AT2G40080,AT1G07050,AT3G20810,AT4G04830,AT3G46010,AT2G15090,AT5G62360,AT5G53450,AT4G34120,AT1G29390,AT4G19530,AT1G04400,AT3G45780,AT4G27130,AT5G54960,AT4G32940,AT5G19540,AT2G26900,AT3G23280,AT4G24220,AT5G15230,AT2G42530,AT3G04550,AT1G29395,AT3G06483,AT4G35830,AT2G36390,AT1G01470,AT1G61740,AT1G75800,AT1G08550,AT1G27450,AT2G22450,AT5G38510,AT3G01310,AT5G20280,AT4G23820,AT1G20630,AT5G61660,AT1G18720,AT4G20890,AT4G09020,AT3G27820,AT5G51820,AT2G05710,AT5G64860,AT2G25730,AT5G61380,AT5G24470,AT5G39410,AT1G21670,AT4G17140,AT1G28330,AT2G42840,AT3G12120,AT4G04770,AT4G39080,AT3G13460,AT5G54760,AT1G04820,AT4G29840,AT2G05790,AT5G57110,AT3G46630,AT4G30220,AT1G10200,AT5G65620	AT3G26740,AT1G13930,AT4G27440,AT3G05880,AT3G62550,AT5G20630,AT2G33830,AT3G09390,AT4G39090,AT3G63160,AT1G12090,AT4G21960,AT3G46970,AT2G30860,AT1G10760,AT1G20020,AT4G39260,AT4G32340,AT3G15840,AT2G28900,AT2G15890,AT1G20620,AT3G26580,AT4G26530,AT1G06460,AT1G54410,AT5G23240,AT2G16600,AT4G04330,AT2G05520,AT5G26570,AT3G53460,AT3G45140,AT2G31360,AT2G15970,AT3G10410,AT3G47860,AT1G70820,AT3G57520,AT4G33510,AT4G30660,AT5G19780,AT3G29320,AT2G33150,AT5G62720,AT1G69830,AT4G11600,AT1G20696,AT2G28840,AT4G26670,AT3G26060,AT2G45470,AT4G27800,AT1G71030,AT4G34950,AT5G37780,AT2G14170,AT5G08410,AT1G13270,AT5G28840,AT4G19120,AT1G07440,AT3G48360,AT3G27770,AT5G37260,AT2G16280,AT2G31400,AT5G44340,AT5G06690,AT4G16146,AT1G20010,AT4G02370,AT5G02240,AT4G18240,AT1G68560,AT1G22530,AT5G13710,AT1G08980,AT1G07050,AT3G20810,AT3G17930,AT4G04830,AT5G62360,AT1G17290,AT5G53450,AT4G34120,AT1G04400,AT3G45780,AT4G27130,AT5G54960,AT3G05220,AT2G26900,AT3G23280,AT5G03240,AT1G66410,AT5G44680,AT3G46000,AT5G15230,AT2G42530,AT3G04550,AT1G29395,AT3G06483,AT5G59540,AT2G36390,AT1G75800,AT2G22450,AT5G38510,AT3G04910,AT3G01310,AT5G20280,AT2G22430,AT4G39980,AT1G20630,AT2G47390,AT4G20890,AT4G09020,AT1G75500,AT4G39730,AT5G37600,AT5G51820,AT5G64860,AT2G25730,AT5G61380,AT3G08510,AT5G24470,AT5G53460,AT1G21670,AT3G12120,AT4G04770,AT1G78995,AT2G25490,AT4G39080,AT5G54760,AT4G29840,AT1G09780,AT2G16660,AT5G57110,AT3G46630,AT1G21130,AT1G10200
4	AT2G46830	AtCCA1	4	140	PWM44	AGRIS		167	0.0008330677041717559	0.009826910484078674	77	AT1G20020,AT4G13250,AT4G35770,AT2G37220,AT3G25760,AT5G63780,AT5G26570,AT1G17100,AT2G30870,AT1G49750,AT4G03520,AT4G04610,AT3G26060,AT4G27800,AT2G14170,AT1G13270,AT2G03420,AT4G19120,AT1G35720,AT2G31400,AT4G16146,AT1G54100,AT4G19410,AT1G20010,AT1G29250,AT4G04340,AT3G18130,AT1G22530,AT2G30390,AT3G20810,AT3G07470,AT4G04830,AT2G15090,AT4G19530,AT1G04400,AT4G27130,AT4G09000,AT4G32940,AT5G11670,AT2G39770,AT3G54090,AT5G44680,AT1G76180,AT5G08280,AT5G59540,AT3G50440,AT4G16370,AT2G19750,AT3G04910,AT3G01310,AT2G22430,AT1G78670,AT3G22200,AT2G19540,AT1G74560,AT3G03150,AT5G35680,AT5G15410,AT1G67660,AT5G64860,AT1G74880,AT2G25730,AT5G53460,AT1G04690,AT5G21090,AT2G34250,AT4G17140,AT1G02475,AT3G13750,AT2G42840,AT1G45332,AT1G04430,AT1G09780,AT5G57110,AT1G10200,AT1G26850,AT3G11710	AT3G26740,AT1G13930,AT4G27440,AT3G05880,AT3G62550,AT5G20630,AT2G33830,AT3G09390,AT4G39090,AT3G63160,AT1G12090,AT4G21960,AT3G46970,AT2G30860,AT1G10760,AT1G20020,AT4G39260,AT4G32340,AT3G15840,AT2G28900,AT2G15890,AT1G20620,AT3G26580,AT4G26530,AT1G06460,AT1G54410,AT5G23240,AT2G16600,AT4G04330,AT2G05520,AT5G26570,AT3G53460,AT3G45140,AT2G31360,AT2G15970,AT3G10410,AT3G47860,AT1G70820,AT3G57520,AT4G33510,AT4G30660,AT5G19780,AT3G29320,AT2G33150,AT5G62720,AT1G69830,AT4G11600,AT1G20696,AT2G28840,AT4G26670,AT3G26060,AT2G45470,AT4G27800,AT1G71030,AT4G34950,AT5G37780,AT2G14170,AT5G08410,AT1G13270,AT5G28840,AT4G19120,AT1G07440,AT3G48360,AT3G27770,AT5G37260,AT2G16280,AT2G31400,AT5G44340,AT5G06690,AT4G16146,AT1G20010,AT4G02370,AT5G02240,AT4G18240,AT1G68560,AT1G22530,AT5G13710,AT1G08980,AT1G07050,AT3G20810,AT3G17930,AT4G04830,AT5G62360,AT1G17290,AT5G53450,AT4G34120,AT1G04400,AT3G45780,AT4G27130,AT5G54960,AT3G05220,AT2G26900,AT3G23280,AT5G03240,AT1G66410,AT5G44680,AT3G46000,AT5G15230,AT2G42530,AT3G04550,AT1G29395,AT3G06483,AT5G59540,AT2G36390,AT1G75800,AT2G22450,AT5G38510,AT3G04910,AT3G01310,AT5G20280,AT2G22430,AT4G39980,AT1G20630,AT2G47390,AT4G20890,AT4G09020,AT1G75500,AT4G39730,AT5G37600,AT5G51820,AT5G64860,AT2G25730,AT5G61380,AT3G08510,AT5G24470,AT5G53460,AT1G21670,AT3G12120,AT4G04770,AT1G78995,AT2G25490,AT4G39080,AT5G54760,AT4G29840,AT1G09780,AT2G16660,AT5G57110,AT3G46630,AT1G21130,AT1G10200
4	AT4G01280	At4g01280	5	na	PWM3317	DAP-seq	AT4G01280_col	2	2.776763627898937e-33	2.489368592411397e-30	150	AT2G21660,AT3G26740,AT1G13930,AT3G05880,AT3G62550,AT2G33830,AT3G22231,AT3G09390,AT1G12090,AT4G21960,AT3G46970,AT2G30860,AT1G10760,AT1G20020,AT3G17390,AT2G15960,AT4G39260,AT4G32340,AT2G15890,AT4G13250,AT1G20620,AT2G37220,AT4G26530,AT1G06460,AT5G14920,AT1G54410,AT3G25760,AT4G04330,AT2G05520,AT5G26570,AT1G21680,AT3G53460,AT2G31360,AT2G02100,AT1G20693,AT3G47860,AT1G70820,AT4G33510,AT4G13850,AT4G30650,AT4G30660,AT5G19780,AT3G45980,AT2G33150,AT2G45740,AT2G18960,AT5G62720,AT1G30360,AT4G03520,AT1G69830,AT4G11600,AT1G20696,AT2G28840,AT4G26670,AT3G58680,AT3G26060,AT4G27800,AT1G71030,AT1G11530,AT4G34950,AT5G08410,AT1G13270,AT5G28840,AT4G19120,AT3G27770,AT5G37260,AT1G29670,AT5G06690,AT4G16146,AT1G20010,AT4G14716,AT3G52180,AT2G40840,AT4G00370,AT4G02370,AT5G02240,AT4G18240,AT2G04700,AT4G04340,AT1G22530,AT5G13710,AT2G40080,AT1G07050,AT3G20810,AT4G04830,AT3G46010,AT2G15090,AT1G50010,AT5G62360,AT5G53450,AT5G54960,AT4G14960,AT3G05220,AT2G26900,AT5G11670,AT3G23280,AT1G66410,AT4G24220,AT3G46000,AT1G76180,AT5G15230,AT2G42530,AT3G04550,AT1G05190,AT4G35830,AT2G36390,AT1G01470,AT1G75800,AT1G08550,AT1G27450,AT2G22450,AT5G38510,AT3G28040,AT3G01310,AT5G20280,AT4G39980,AT5G01750,AT4G23820,AT1G20630,AT2G47390,AT5G61660,AT1G18720,AT4G20890,AT4G09020,AT5G35680,AT1G23820,AT5G37600,AT2G05710,AT5G64860,AT2G25730,AT5G61380,AT5G24470,AT1G21670,AT4G17140,AT1G28330,AT2G42840,AT3G12120,AT4G04770,AT1G70160,AT3G02570,AT4G39080,AT5G54760,AT1G04820,AT4G29840,AT2G05790,AT5G57110,AT3G46630,AT4G30220,AT1G10200,AT1G01320	na
4	AT4G01280	At4g01280	5	na	PWM1200	CisBP	M1205_1.01	15	6.462835906621967e-17	8.91374213890245e-15	118	AT2G21660,AT3G05880,AT2G33830,AT3G22231,AT3G09390,AT1G12090,AT4G21960,AT2G30860,AT1G10760,AT2G15960,AT4G39260,AT4G13250,AT3G26580,AT2G37220,AT4G26530,AT1G06460,AT1G43670,AT1G54410,AT4G04330,AT2G05520,AT5G15960,AT3G45140,AT2G31360,AT2G15970,AT3G10410,AT1G20693,AT3G47860,AT2G30870,AT1G70820,AT4G33510,AT4G13850,AT4G30650,AT1G59870,AT5G19780,AT2G33150,AT2G18960,AT3G16370,AT1G69830,AT1G20696,AT2G28840,AT3G58680,AT4G27800,AT1G71030,AT1G11530,AT2G14170,AT5G08410,AT1G13270,AT5G28840,AT4G19120,AT1G66970,AT3G48360,AT4G12320,AT5G37260,AT5G44340,AT5G06690,AT4G16146,AT1G54100,AT1G20010,AT4G14716,AT3G52180,AT4G00370,AT4G02370,AT5G02240,AT4G18240,AT1G70890,AT4G04340,AT4G30190,AT2G40080,AT1G07050,AT3G20810,AT4G04830,AT1G50010,AT5G62360,AT5G53450,AT1G29390,AT5G54960,AT3G05220,AT2G26900,AT5G15230,AT3G04550,AT1G29395,AT3G06483,AT4G35830,AT2G36390,AT1G61740,AT1G75800,AT1G08550,AT5G08380,AT1G27450,AT3G01310,AT4G23820,AT5G61660,AT1G18720,AT4G20890,AT4G09020,AT3G27820,AT5G37600,AT2G05710,AT5G64860,AT3G55280,AT2G25730,AT5G61380,AT4G17140,AT2G42840,AT1G54270,AT3G12120,AT4G04770,AT1G70160,AT4G39080,AT3G13460,AT5G54760,AT1G04820,AT4G29840,AT5G57110,AT3G46630,AT2G37630,AT4G30220,AT1G10200	na
4	AT5G52660	At5g52660	3	na	PWM3326	DAP-seq	AT5G52660_col	3	2.776763627898937e-33	2.489368592411397e-30	150	AT2G21660,AT3G26740,AT1G13930,AT4G27440,AT3G05880,AT3G62550,AT2G33830,AT3G22231,AT3G09390,AT1G12090,AT4G21960,AT3G46970,AT2G30860,AT1G10760,AT1G20020,AT3G17390,AT2G15960,AT4G39260,AT4G32340,AT2G15890,AT4G13250,AT1G20620,AT2G37220,AT4G26530,AT1G06460,AT5G14920,AT1G54410,AT4G04330,AT2G05520,AT1G21680,AT2G31360,AT2G02100,AT3G10410,AT1G20693,AT3G47860,AT1G70820,AT4G33510,AT4G13850,AT4G30650,AT4G30660,AT1G59870,AT5G19780,AT2G33150,AT2G45740,AT2G18960,AT5G62720,AT1G30360,AT4G03520,AT1G69830,AT4G11600,AT1G20696,AT2G28840,AT4G26670,AT3G58680,AT4G27800,AT1G71030,AT1G11530,AT4G34950,AT5G08410,AT1G13270,AT5G28840,AT4G19120,AT3G27770,AT5G37260,AT1G29670,AT5G06690,AT4G16146,AT1G20010,AT4G14716,AT3G52180,AT2G40840,AT4G00370,AT4G02370,AT5G02240,AT4G18240,AT2G04700,AT4G04340,AT5G13710,AT2G40080,AT1G07050,AT3G20810,AT4G04830,AT3G46010,AT2G15090,AT1G50010,AT5G62360,AT5G53450,AT1G04400,AT5G54960,AT4G14960,AT2G43530,AT3G05220,AT2G26900,AT5G11670,AT3G23280,AT1G66410,AT4G24220,AT3G46000,AT1G76180,AT5G15230,AT2G42530,AT3G04550,AT1G05190,AT4G35830,AT1G01470,AT1G75800,AT1G08550,AT1G27450,AT2G22450,AT5G38510,AT3G28040,AT3G01310,AT5G20280,AT4G39980,AT5G01750,AT4G23820,AT1G20630,AT2G47390,AT5G61660,AT1G18720,AT4G20890,AT4G09020,AT1G75500,AT1G23820,AT5G37600,AT5G51820,AT2G05710,AT5G64860,AT2G25730,AT5G61380,AT5G24470,AT5G27380,AT5G39210,AT1G21670,AT4G17140,AT1G28330,AT2G42840,AT3G12120,AT4G04770,AT1G70160,AT3G02570,AT5G54760,AT1G04820,AT4G29840,AT2G05790,AT5G57110,AT3G46630,AT4G30220,AT1G10200,AT1G01320	na
4	AT5G52660	At5g52660	3	na	PWM1202	CisBP	M1205_1.01	17	6.462835906621967e-17	8.91374213890245e-15	118	AT2G21660,AT3G05880,AT2G33830,AT3G22231,AT3G09390,AT1G12090,AT4G21960,AT2G30860,AT1G10760,AT2G15960,AT4G39260,AT4G13250,AT3G26580,AT2G37220,AT4G26530,AT1G06460,AT1G43670,AT1G54410,AT4G04330,AT2G05520,AT5G15960,AT3G45140,AT2G31360,AT2G15970,AT3G10410,AT1G20693,AT3G47860,AT2G30870,AT1G70820,AT4G33510,AT4G13850,AT4G30650,AT1G59870,AT5G19780,AT2G33150,AT2G18960,AT3G16370,AT1G69830,AT1G20696,AT2G28840,AT3G58680,AT4G27800,AT1G71030,AT1G11530,AT2G14170,AT5G08410,AT1G13270,AT5G28840,AT4G19120,AT1G66970,AT3G48360,AT4G12320,AT5G37260,AT5G44340,AT5G06690,AT4G16146,AT1G54100,AT1G20010,AT4G14716,AT3G52180,AT4G00370,AT4G02370,AT5G02240,AT4G18240,AT1G70890,AT4G04340,AT4G30190,AT2G40080,AT1G07050,AT3G20810,AT4G04830,AT1G50010,AT5G62360,AT5G53450,AT1G29390,AT5G54960,AT3G05220,AT2G26900,AT5G15230,AT3G04550,AT1G29395,AT3G06483,AT4G35830,AT2G36390,AT1G61740,AT1G75800,AT1G08550,AT5G08380,AT1G27450,AT3G01310,AT4G23820,AT5G61660,AT1G18720,AT4G20890,AT4G09020,AT3G27820,AT5G37600,AT2G05710,AT5G64860,AT3G55280,AT2G25730,AT5G61380,AT4G17140,AT2G42840,AT1G54270,AT3G12120,AT4G04770,AT1G70160,AT4G39080,AT3G13460,AT5G54760,AT1G04820,AT4G29840,AT5G57110,AT3G46630,AT2G37630,AT4G30220,AT1G10200	na
4	AT5G02840	LCL1	3	0	PWM3336	DAP-seq	LCL1_col	4	2.776763627898937e-33	2.489368592411397e-30	150	AT2G21660,AT3G26740,AT1G13930,AT3G05880,AT3G62550,AT2G33830,AT3G22231,AT3G09390,AT3G63160,AT4G21960,AT3G46970,AT2G30860,AT1G10760,AT1G20020,AT3G17390,AT2G15960,AT4G39260,AT4G32340,AT2G15890,AT4G13250,AT1G20620,AT2G37220,AT4G26530,AT1G06460,AT5G14920,AT1G54410,AT3G25760,AT4G04330,AT2G05520,AT1G21680,AT2G02100,AT1G20693,AT3G18780,AT3G47860,AT1G70820,AT4G33510,AT4G13850,AT4G30650,AT4G30660,AT1G59870,AT5G19780,AT2G33150,AT2G45740,AT2G18960,AT5G62720,AT1G30360,AT4G03520,AT1G69830,AT4G11600,AT1G20696,AT2G28840,AT4G26670,AT3G58680,AT4G27800,AT1G71030,AT1G11530,AT4G34950,AT5G08410,AT1G13270,AT5G28840,AT4G19120,AT3G48360,AT3G27770,AT5G37260,AT5G44340,AT1G29670,AT5G28500,AT5G06690,AT4G16146,AT1G20010,AT4G14716,AT3G52180,AT2G40840,AT4G00370,AT4G02370,AT5G02240,AT4G18240,AT2G04700,AT4G04340,AT5G13710,AT2G40080,AT1G07050,AT3G20810,AT4G04830,AT3G46010,AT2G15090,AT1G50010,AT5G62360,AT5G53450,AT1G04400,AT5G54960,AT4G14960,AT3G05220,AT2G26900,AT5G11670,AT3G23280,AT1G66410,AT4G24220,AT3G46000,AT1G76180,AT5G47240,AT5G15230,AT2G42530,AT3G04550,AT1G05190,AT1G01470,AT1G75800,AT1G08550,AT1G27450,AT2G22450,AT3G43720,AT5G38510,AT3G28040,AT3G01310,AT5G20280,AT2G22430,AT4G39980,AT5G01750,AT4G23820,AT1G20630,AT5G61660,AT1G18720,AT4G20890,AT4G09020,AT1G75500,AT1G23820,AT5G37600,AT2G05710,AT5G64860,AT2G25730,AT5G61380,AT5G24470,AT1G21670,AT4G17140,AT1G28330,AT2G42840,AT3G12120,AT4G04770,AT1G70160,AT3G02570,AT5G54760,AT1G04820,AT4G29840,AT2G05790,AT5G57110,AT3G46630,AT4G30220,AT1G10200,AT3G06980,AT1G01320	
4	AT5G02840	LCL1	3	0	PWM1201	CisBP	M1205_1.01	16	6.462835906621967e-17	8.91374213890245e-15	118	AT2G21660,AT3G05880,AT2G33830,AT3G22231,AT3G09390,AT1G12090,AT4G21960,AT2G30860,AT1G10760,AT2G15960,AT4G39260,AT4G13250,AT3G26580,AT2G37220,AT4G26530,AT1G06460,AT1G43670,AT1G54410,AT4G04330,AT2G05520,AT5G15960,AT3G45140,AT2G31360,AT2G15970,AT3G10410,AT1G20693,AT3G47860,AT2G30870,AT1G70820,AT4G33510,AT4G13850,AT4G30650,AT1G59870,AT5G19780,AT2G33150,AT2G18960,AT3G16370,AT1G69830,AT1G20696,AT2G28840,AT3G58680,AT4G27800,AT1G71030,AT1G11530,AT2G14170,AT5G08410,AT1G13270,AT5G28840,AT4G19120,AT1G66970,AT3G48360,AT4G12320,AT5G37260,AT5G44340,AT5G06690,AT4G16146,AT1G54100,AT1G20010,AT4G14716,AT3G52180,AT4G00370,AT4G02370,AT5G02240,AT4G18240,AT1G70890,AT4G04340,AT4G30190,AT2G40080,AT1G07050,AT3G20810,AT4G04830,AT1G50010,AT5G62360,AT5G53450,AT1G29390,AT5G54960,AT3G05220,AT2G26900,AT5G15230,AT3G04550,AT1G29395,AT3G06483,AT4G35830,AT2G36390,AT1G61740,AT1G75800,AT1G08550,AT5G08380,AT1G27450,AT3G01310,AT4G23820,AT5G61660,AT1G18720,AT4G20890,AT4G09020,AT3G27820,AT5G37600,AT2G05710,AT5G64860,AT3G55280,AT2G25730,AT5G61380,AT4G17140,AT2G42840,AT1G54270,AT3G12120,AT4G04770,AT1G70160,AT4G39080,AT3G13460,AT5G54760,AT1G04820,AT4G29840,AT5G57110,AT3G46630,AT2G37630,AT4G30220,AT1G10200	
4	AT2G28920	AT2G28920	1	na	PWM3436	DAP-seq	AT2G28920_col	5	1.0672331427915011e-32	3.827098050050323e-30	149	AT2G21660,AT1G13930,AT4G27440,AT3G05880,AT3G62550,AT2G33830,AT3G22231,AT3G09390,AT3G63160,AT4G21960,AT3G46970,AT2G30860,AT1G20020,AT3G17390,AT2G15960,AT4G39260,AT4G32340,AT2G15890,AT4G13250,AT1G20620,AT2G37220,AT4G26530,AT1G06460,AT5G14920,AT1G43670,AT1G54410,AT3G25760,AT4G04330,AT2G05520,AT1G21680,AT2G31360,AT2G02100,AT1G20693,AT3G47860,AT1G70820,AT4G33510,AT4G13850,AT4G30650,AT4G30660,AT5G19780,AT2G33150,AT2G45740,AT2G18960,AT5G62720,AT1G30360,AT4G03520,AT1G69830,AT4G11600,AT1G20696,AT2G28840,AT4G26670,AT4G14400,AT3G58680,AT4G27800,AT1G71030,AT1G11530,AT4G34950,AT5G08410,AT1G13270,AT5G28840,AT4G19120,AT3G27770,AT2G44490,AT5G37260,AT1G29670,AT5G06690,AT4G16146,AT1G20010,AT4G14716,AT3G52180,AT2G40840,AT4G00370,AT4G02370,AT5G02240,AT4G18240,AT1G70890,AT2G04700,AT4G04340,AT5G13710,AT2G40080,AT1G07050,AT3G20810,AT4G04830,AT3G46010,AT2G15090,AT1G50010,AT5G62360,AT5G53450,AT4G19530,AT5G54960,AT4G32940,AT4G14960,AT3G05220,AT2G26900,AT5G11670,AT3G23280,AT1G66410,AT4G24220,AT3G46000,AT1G76180,AT5G15230,AT2G42530,AT3G04550,AT1G05190,AT4G35830,AT2G36390,AT1G75800,AT1G08550,AT1G27450,AT2G22450,AT3G43720,AT5G38510,AT3G28040,AT3G01310,AT5G20280,AT4G39980,AT5G01750,AT4G23820,AT1G20630,AT2G47390,AT5G61660,AT1G18720,AT4G20890,AT4G09020,AT1G75500,AT1G23820,AT5G37600,AT5G51820,AT2G05710,AT5G64860,AT2G25730,AT5G61380,AT5G24470,AT1G21670,AT4G17140,AT1G28330,AT2G42840,AT3G12120,AT4G04770,AT3G02570,AT4G39080,AT5G54760,AT1G04820,AT4G29840,AT2G05790,AT5G57110,AT3G46630,AT4G30220,AT1G10200	na
4	AT1G01060	LHY	3	na	PWM3338	DAP-seq	LHY1_col	6	4.058876750396061e-32	1.2129276689100229e-29	148	AT2G21660,AT1G13930,AT4G27440,AT3G05880,AT3G62550,AT2G33830,AT3G22231,AT3G09390,AT3G63160,AT4G21960,AT3G46970,AT2G30860,AT1G10760,AT1G20020,AT3G17390,AT2G15960,AT4G39260,AT4G32340,AT2G15890,AT4G13250,AT1G20620,AT4G26530,AT1G06460,AT5G14920,AT1G43670,AT1G54410,AT3G25760,AT4G04330,AT2G05520,AT1G21680,AT2G02100,AT1G20693,AT3G47860,AT1G70820,AT3G57520,AT4G33510,AT4G13850,AT4G30650,AT4G30660,AT1G59870,AT5G19780,AT2G33150,AT2G45740,AT2G18960,AT5G62720,AT1G30360,AT4G03520,AT1G69830,AT4G11600,AT1G20696,AT2G28840,AT4G26670,AT4G14400,AT3G58680,AT4G27800,AT1G71030,AT1G11530,AT4G34950,AT5G08410,AT1G13270,AT5G28840,AT4G19120,AT3G27770,AT5G37260,AT1G29670,AT5G06690,AT4G16146,AT1G20010,AT4G14716,AT3G52180,AT2G40840,AT4G00370,AT4G02370,AT5G02240,AT4G18240,AT2G04700,AT4G04340,AT5G13710,AT2G40080,AT1G07050,AT3G20810,AT4G04830,AT3G46010,AT2G15090,AT1G50010,AT5G62360,AT5G53450,AT5G54960,AT4G32940,AT4G14960,AT3G05220,AT2G26900,AT5G11670,AT3G23280,AT1G66410,AT4G24220,AT3G46000,AT1G76180,AT5G15230,AT2G42530,AT3G04550,AT1G05190,AT4G35830,AT2G36390,AT1G75800,AT1G08550,AT1G27450,AT2G22450,AT3G43720,AT5G38510,AT3G28040,AT3G01310,AT5G20280,AT4G39980,AT5G01750,AT4G23820,AT1G20630,AT2G47390,AT5G61660,AT1G18720,AT4G20890,AT4G09020,AT1G75500,AT1G23820,AT5G37600,AT5G51820,AT2G05710,AT5G64860,AT2G25730,AT5G61380,AT5G24470,AT1G21670,AT4G17140,AT1G28330,AT2G42840,AT3G12120,AT4G04770,AT3G02570,AT4G39080,AT5G54760,AT1G04820,AT4G29840,AT2G05790,AT5G57110,AT3G46630,AT4G30220,AT1G10200,AT3G06980	na
4	AT1G01060	LHY	3	na	PWM1020	CisBP	M1267_1.01	47	0.000013748502334501779	0.0005244907379949296	85	AT2G21660,AT4G27440,AT3G22231,AT4G39090,AT4G21960,AT2G30860,AT1G10760,AT1G20020,AT4G39260,AT1G06460,AT4G04330,AT1G21680,AT2G31360,AT3G10410,AT3G47860,AT2G30870,AT1G70820,AT3G22120,AT3G57520,AT3G29320,AT2G45740,AT1G20696,AT2G28840,AT4G26670,AT4G14400,AT1G71030,AT2G14170,AT5G28840,AT1G66970,AT3G27770,AT5G60360,AT5G06690,AT4G02370,AT4G04340,AT1G22530,AT2G40080,AT1G07050,AT3G20810,AT4G04830,AT1G50010,AT3G16250,AT1G51940,AT1G17290,AT1G04400,AT5G54960,AT4G14960,AT2G43530,AT3G54090,AT3G46000,AT5G19860,AT2G42530,AT1G25150,AT3G06483,AT4G35830,AT1G01470,AT1G08550,AT1G27450,AT2G22450,AT3G02230,AT5G61660,AT5G05200,AT4G20890,AT4G09020,AT3G27820,AT2G05710,AT5G05170,AT2G25730,AT3G08510,AT5G27380,AT5G39210,AT5G21090,AT4G17140,AT3G28940,AT1G78995,AT1G70160,AT3G02570,AT4G30760,AT3G13460,AT5G54760,AT1G04820,AT4G29840,AT5G57110,AT3G06980,AT3G11710,AT5G65620	na
4	AT3G09600	At3g09600	4	na	PWM3310	DAP-seq	AT3G09600_col	7	1.5274450142407113e-31	3.912441300762279e-29	147	AT2G21660,AT3G26740,AT1G13930,AT4G27440,AT3G05880,AT3G62550,AT2G33830,AT3G22231,AT3G09390,AT1G12090,AT4G21960,AT3G46970,AT2G30860,AT1G10760,AT1G20020,AT2G15960,AT4G39260,AT4G32340,AT2G15890,AT4G13250,AT1G20620,AT3G26580,AT2G37220,AT4G26530,AT1G06460,AT1G54410,AT3G25760,AT4G04330,AT2G05520,AT5G15960,AT1G21680,AT2G31360,AT3G10410,AT1G20693,AT3G18780,AT1G70820,AT3G57520,AT4G33510,AT4G13850,AT4G30650,AT4G30660,AT1G59870,AT5G19780,AT2G33150,AT2G45740,AT2G18960,AT5G62720,AT1G30360,AT4G03520,AT4G11600,AT1G20696,AT2G28840,AT4G26670,AT3G58680,AT4G27800,AT1G71030,AT1G11530,AT4G34950,AT5G08410,AT1G13270,AT5G28840,AT4G19120,AT3G48360,AT3G27770,AT5G37260,AT5G44340,AT5G06690,AT4G16146,AT1G20010,AT4G14716,AT3G52180,AT2G40840,AT4G02370,AT5G02240,AT4G18240,AT2G04700,AT4G04340,AT5G13710,AT2G40080,AT1G07050,AT3G20810,AT4G04830,AT3G46010,AT2G15090,AT1G50010,AT5G62360,AT5G53450,AT1G04400,AT5G54960,AT4G14960,AT2G26900,AT5G11670,AT3G23280,AT1G66410,AT4G24220,AT3G46000,AT1G76180,AT5G15230,AT2G42530,AT3G04550,AT1G05190,AT4G35830,AT2G36390,AT1G75800,AT1G08550,AT1G27450,AT2G22450,AT3G43720,AT5G38510,AT3G28040,AT3G01310,AT5G20280,AT4G39980,AT5G01750,AT4G23820,AT1G20630,AT2G47390,AT5G61660,AT1G18720,AT4G20890,AT4G09020,AT1G23820,AT5G37600,AT5G51820,AT2G05710,AT5G64860,AT2G25730,AT5G61380,AT5G24470,AT1G21670,AT4G17140,AT1G28330,AT2G42840,AT3G12120,AT4G04770,AT1G70160,AT3G02570,AT5G54760,AT1G04820,AT4G29840,AT2G05790,AT5G57110,AT3G46630,AT4G30220,AT1G10200,AT3G10970,AT1G01320	na
4	AT3G09600	At3g09600	4	na	PWM1199	CisBP	M1205_1.01	14	6.462835906621967e-17	8.91374213890245e-15	118	AT2G21660,AT3G05880,AT2G33830,AT3G22231,AT3G09390,AT1G12090,AT4G21960,AT2G30860,AT1G10760,AT2G15960,AT4G39260,AT4G13250,AT3G26580,AT2G37220,AT4G26530,AT1G06460,AT1G43670,AT1G54410,AT4G04330,AT2G05520,AT5G15960,AT3G45140,AT2G31360,AT2G15970,AT3G10410,AT1G20693,AT3G47860,AT2G30870,AT1G70820,AT4G33510,AT4G13850,AT4G30650,AT1G59870,AT5G19780,AT2G33150,AT2G18960,AT3G16370,AT1G69830,AT1G20696,AT2G28840,AT3G58680,AT4G27800,AT1G71030,AT1G11530,AT2G14170,AT5G08410,AT1G13270,AT5G28840,AT4G19120,AT1G66970,AT3G48360,AT4G12320,AT5G37260,AT5G44340,AT5G06690,AT4G16146,AT1G54100,AT1G20010,AT4G14716,AT3G52180,AT4G00370,AT4G02370,AT5G02240,AT4G18240,AT1G70890,AT4G04340,AT4G30190,AT2G40080,AT1G07050,AT3G20810,AT4G04830,AT1G50010,AT5G62360,AT5G53450,AT1G29390,AT5G54960,AT3G05220,AT2G26900,AT5G15230,AT3G04550,AT1G29395,AT3G06483,AT4G35830,AT2G36390,AT1G61740,AT1G75800,AT1G08550,AT5G08380,AT1G27450,AT3G01310,AT4G23820,AT5G61660,AT1G18720,AT4G20890,AT4G09020,AT3G27820,AT5G37600,AT2G05710,AT5G64860,AT3G55280,AT2G25730,AT5G61380,AT4G17140,AT2G42840,AT1G54270,AT3G12120,AT4G04770,AT1G70160,AT4G39080,AT3G13460,AT5G54760,AT1G04820,AT4G29840,AT5G57110,AT3G46630,AT2G37630,AT4G30220,AT1G10200	na
4	AT3G10113	AT3G10113	8	na	PWM3312	DAP-seq	AT3G10113_col	8	1.5274450142407113e-31	3.912441300762279e-29	147	AT2G21660,AT3G26740,AT1G13930,AT4G27440,AT3G05880,AT3G62550,AT2G33830,AT3G22231,AT1G12090,AT4G21960,AT3G46970,AT2G30860,AT1G10760,AT1G20020,AT3G17390,AT2G15960,AT4G39260,AT4G32340,AT4G13250,AT1G20620,AT2G37220,AT4G26530,AT1G06460,AT5G10860,AT1G43670,AT1G54410,AT3G25760,AT4G04330,AT2G05520,AT5G15960,AT1G21680,AT3G53460,AT2G31360,AT3G10410,AT1G20693,AT1G25275,AT3G57520,AT4G13850,AT4G30650,AT4G30660,AT5G19780,AT3G29320,AT2G33150,AT2G45740,AT2G18960,AT5G62720,AT1G30360,AT4G03520,AT4G11600,AT1G20696,AT2G28840,AT4G26670,AT3G58680,AT4G27800,AT1G71030,AT4G34950,AT5G08410,AT1G13270,AT5G28840,AT4G19120,AT2G44490,AT5G37260,AT1G35720,AT5G06690,AT4G16146,AT1G20010,AT4G00370,AT5G02240,AT4G18240,AT2G04700,AT4G04340,AT5G13710,AT1G52190,AT2G40080,AT1G07050,AT3G20810,AT3G17930,AT4G04830,AT3G46010,AT2G15090,AT1G50010,AT5G62360,AT5G53450,AT4G19530,AT1G04400,AT4G27130,AT5G54960,AT4G14960,AT3G05220,AT2G26900,AT5G11670,AT3G23280,AT1G66410,AT3G46000,AT1G76180,AT5G19860,AT5G15230,AT2G42530,AT3G04550,AT3G06483,AT2G36390,AT1G75800,AT1G08550,AT1G27450,AT2G22450,AT5G38510,AT3G28040,AT3G01310,AT5G20280,AT4G34870,AT4G23820,AT1G20630,AT1G71695,AT5G61660,AT5G05200,AT1G18720,AT4G20890,AT4G09020,AT5G15410,AT1G23820,AT5G37600,AT5G51820,AT2G05710,AT5G64860,AT1G31970,AT2G25730,AT5G61380,AT5G24470,AT5G27380,AT1G04690,AT5G39210,AT1G21670,AT4G17140,AT1G28330,AT2G42840,AT3G12120,AT3G02570,AT5G54760,AT1G04820,AT4G29840,AT2G05790,AT5G57110,AT3G46630,AT4G30220,AT1G10200,AT1G26850,AT5G65620	na
4	AT3G10113	AT3G10113	8	na	PWM959	CisBP	M1219_1.01	19	7.567778364178878e-13	7.141592951038279e-11	108	AT2G21660,AT1G13930,AT4G27440,AT3G62550,AT3G22231,AT3G09390,AT4G39090,AT2G30860,AT1G10760,AT1G20020,AT4G39260,AT4G32340,AT3G15840,AT2G28900,AT2G15890,AT1G06460,AT1G43670,AT3G18080,AT4G04330,AT1G21680,AT3G53460,AT2G31360,AT1G20693,AT3G47860,AT2G30870,AT1G70820,AT3G22120,AT3G57520,AT4G30650,AT3G29320,AT2G45740,AT4G11600,AT1G20696,AT4G26670,AT4G14400,AT1G71030,AT2G14170,AT5G08410,AT5G28840,AT4G19120,AT1G66970,AT5G60360,AT5G06690,AT4G16146,AT4G02370,AT5G02240,AT4G04340,AT5G58290,AT2G40080,AT1G07050,AT3G20810,AT4G04830,AT3G04760,AT1G50010,AT5G62360,AT4G34120,AT5G54960,AT4G32940,AT4G14960,AT3G23280,AT3G54090,AT5G19860,AT5G15230,AT2G42530,AT3G06483,AT1G72970,AT4G35830,AT1G01470,AT1G75800,AT1G08550,AT1G27450,AT2G22450,AT5G20280,AT3G02230,AT2G47390,AT1G71695,AT5G61660,AT5G05200,AT1G18720,AT4G20890,AT3G27820,AT5G51820,AT1G67660,AT2G05710,AT5G05170,AT3G03920,AT2G25730,AT5G61380,AT3G08510,AT5G24470,AT5G27380,AT5G39210,AT5G21090,AT1G21670,AT4G17140,AT1G28330,AT2G42840,AT4G04770,AT1G70160,AT4G30760,AT3G13460,AT5G54760,AT1G04820,AT4G29840,AT5G57110,AT3G46630,AT3G11710,AT5G65620	na
4	AT5G17300	RVE1	4	na	PWM3340	DAP-seq	RVE1_col	9	5.687549342029483e-31	1.1330862189176515e-28	146	AT2G21660,AT3G26740,AT1G13930,AT4G27440,AT3G05880,AT3G62550,AT2G33830,AT3G22231,AT3G09390,AT1G12090,AT4G21960,AT3G46970,AT2G30860,AT1G10760,AT1G20020,AT3G17390,AT2G15960,AT4G39260,AT4G32340,AT2G15890,AT4G13250,AT1G20620,AT2G37220,AT4G26530,AT1G06460,AT1G54410,AT3G25760,AT4G04330,AT2G05520,AT5G15960,AT1G21680,AT3G53460,AT2G31360,AT3G10410,AT1G20693,AT1G70820,AT3G57520,AT4G13850,AT4G30650,AT4G30660,AT1G59870,AT5G19780,AT2G33150,AT2G45740,AT2G18960,AT5G62720,AT1G30360,AT4G03520,AT4G11600,AT1G20696,AT2G28840,AT4G26670,AT4G14400,AT3G58680,AT4G27800,AT1G71030,AT1G11530,AT4G34950,AT2G14170,AT5G08410,AT1G13270,AT5G28840,AT4G19120,AT5G37260,AT5G06690,AT4G16146,AT1G20010,AT2G40840,AT4G00370,AT5G02240,AT4G18240,AT1G70890,AT2G04700,AT4G04340,AT5G13710,AT2G40080,AT1G07050,AT3G20810,AT4G04830,AT3G46010,AT2G15090,AT1G50010,AT5G62360,AT5G53450,AT4G19530,AT4G27130,AT5G54960,AT4G14960,AT3G05220,AT2G26900,AT5G11670,AT3G23280,AT1G66410,AT3G46000,AT1G76180,AT5G19860,AT5G15230,AT2G42530,AT3G04550,AT4G35830,AT2G36390,AT1G75800,AT1G08550,AT1G27450,AT2G22450,AT3G43720,AT5G38510,AT3G28040,AT3G01310,AT5G20280,AT4G23820,AT1G20630,AT1G71695,AT5G61660,AT1G18720,AT4G20890,AT4G09020,AT1G23820,AT5G37600,AT5G51820,AT2G05710,AT5G64860,AT1G31970,AT2G25730,AT5G61380,AT5G24470,AT5G27380,AT1G04690,AT1G21670,AT4G17140,AT1G28330,AT2G42840,AT3G12120,AT4G04770,AT3G02570,AT5G54760,AT1G04820,AT4G29840,AT2G05790,AT5G57110,AT3G46630,AT4G30220,AT1G10200,AT1G26850,AT3G10970,AT1G01320	na
4	AT5G17300	RVE1	4	na	PWM1556	PBM		11	3.469251317942165e-28	5.654879648245728e-26	141	AT2G21660,AT1G13930,AT3G62550,AT2G33830,AT3G22231,AT3G09390,AT4G39090,AT3G63160,AT4G21960,AT3G46970,AT1G10760,AT1G20020,AT2G15960,AT4G39260,AT4G32340,AT2G15890,AT4G13250,AT1G20620,AT2G37220,AT4G26530,AT1G06460,AT1G43670,AT3G25760,AT4G04330,AT2G05520,AT5G15960,AT1G21680,AT3G53460,AT2G31360,AT1G20693,AT3G18780,AT3G47860,AT1G70820,AT4G33510,AT4G13850,AT4G30650,AT1G59870,AT5G19780,AT3G29320,AT2G33150,AT2G45740,AT5G62720,AT1G30360,AT4G03520,AT1G69830,AT1G20696,AT2G28840,AT4G26670,AT3G58680,AT4G27800,AT1G71030,AT1G11530,AT4G34950,AT5G08410,AT1G13270,AT5G28840,AT4G19120,AT3G27770,AT5G37260,AT5G44340,AT1G29670,AT5G28500,AT5G06690,AT4G16146,AT1G20010,AT4G14716,AT3G52180,AT2G40840,AT4G00370,AT4G02370,AT5G02240,AT4G18240,AT2G04700,AT4G04340,AT1G22530,AT5G13710,AT2G40080,AT1G07050,AT3G20810,AT4G04830,AT3G46010,AT2G24150,AT2G15090,AT1G50010,AT5G62360,AT5G53450,AT4G27130,AT5G54960,AT4G14960,AT3G05220,AT2G26900,AT5G11670,AT5G03240,AT1G66410,AT4G24220,AT3G46000,AT1G76180,AT5G47240,AT5G15230,AT3G04550,AT1G05190,AT4G35830,AT1G75800,AT1G08550,AT1G27450,AT2G22450,AT3G43720,AT5G38510,AT3G28040,AT3G01310,AT5G01750,AT1G20630,AT2G47390,AT4G20890,AT4G09020,AT5G37600,AT5G51820,AT2G05710,AT5G64860,AT2G25730,AT5G61380,AT3G08510,AT1G04690,AT5G39210,AT1G21670,AT4G17140,AT1G28330,AT2G42840,AT3G12120,AT4G04770,AT1G70160,AT3G02570,AT4G39080,AT5G54760,AT1G04820,AT4G29840,AT5G57110,AT3G46630,AT4G30220,AT1G10200,AT1G01320	na
4	AT5G17300	RVE1	4	na	PWM1437	PBM		136	0.0005249595424020697	0.007353534840053993	78	AT2G21660,AT4G27440,AT4G39090,AT2G30860,AT1G10760,AT2G16600,AT3G18080,AT4G04330,AT5G26570,AT3G47860,AT1G70820,AT3G22120,AT5G23660,AT4G30650,AT4G30660,AT3G29320,AT4G04610,AT4G34950,AT3G27770,AT5G60360,AT1G35720,AT5G44340,AT5G28500,AT5G02760,AT3G52180,AT1G68560,AT4G04340,AT1G22530,AT5G58290,AT4G23100,AT4G04830,AT2G24150,AT1G50010,AT3G16250,AT1G51940,AT3G45780,AT4G32940,AT4G14960,AT3G54090,AT1G66410,AT5G15230,AT5G08280,AT3G06483,AT1G72970,AT1G01470,AT2G22450,AT5G38510,AT2G19750,AT3G01310,AT3G02230,AT4G39980,AT4G13930,AT4G20890,AT5G35680,AT1G25260,AT5G37600,AT5G51820,AT2G05710,AT5G05170,AT1G31970,AT5G61380,AT5G39210,AT5G21090,AT5G49720,AT4G17140,AT5G40670,AT3G28940,AT3G13750,AT3G12120,AT1G62780,AT4G30760,AT5G54760,AT1G04820,AT1G09780,AT3G46630,AT1G26850,AT3G06980,AT5G65620	na
4	AT1G18330	EPR1	7	na	PWM3334	DAP-seq	EPR1_col	10	2.0954198981711407e-30	3.7570878774208553e-28	145	AT2G21660,AT3G26740,AT1G13930,AT3G05880,AT3G62550,AT2G33830,AT3G22231,AT3G09390,AT4G39090,AT3G63160,AT4G21960,AT3G46970,AT1G10760,AT1G20020,AT3G17390,AT2G15960,AT4G39260,AT4G32340,AT2G15890,AT4G13250,AT1G20620,AT2G37220,AT4G26530,AT1G06460,AT1G54410,AT3G25760,AT4G04330,AT5G63780,AT2G05520,AT5G15960,AT1G21680,AT2G02100,AT1G20693,AT3G47860,AT1G70820,AT4G13850,AT4G30650,AT4G30660,AT5G19780,AT2G33150,AT2G45740,AT2G18960,AT5G62720,AT3G16370,AT1G30360,AT4G03520,AT4G11600,AT1G20696,AT2G28840,AT4G26670,AT3G58680,AT4G27800,AT1G71030,AT1G11530,AT4G34950,AT5G08410,AT5G28840,AT4G19120,AT3G27770,AT5G37260,AT5G44340,AT5G28500,AT5G06690,AT4G16146,AT1G20010,AT2G40840,AT4G00370,AT4G02370,AT4G18240,AT2G04700,AT4G04340,AT5G13710,AT1G52190,AT2G40080,AT1G07050,AT3G20810,AT4G04830,AT3G46010,AT2G15090,AT1G50010,AT5G62360,AT5G53450,AT1G04400,AT4G27130,AT5G54960,AT4G14960,AT3G05220,AT2G26900,AT5G11670,AT3G23280,AT1G66410,AT4G24220,AT3G46000,AT1G76180,AT5G15230,AT2G42530,AT3G04550,AT1G05190,AT1G75800,AT1G08550,AT1G27450,AT2G22450,AT3G43720,AT5G38510,AT3G28040,AT3G01310,AT5G20280,AT4G39980,AT4G23820,AT1G20630,AT5G61660,AT5G05200,AT1G18720,AT4G20890,AT4G09020,AT1G75500,AT1G23820,AT5G37600,AT5G51820,AT2G05710,AT5G64860,AT2G25730,AT5G61380,AT5G24470,AT5G27380,AT1G04690,AT5G39210,AT1G21670,AT4G17140,AT1G28330,AT2G42840,AT3G12120,AT4G04770,AT3G02570,AT5G54760,AT1G04820,AT4G29840,AT1G09780,AT2G05790,AT5G57110,AT3G46630,AT4G30220,AT1G10200,AT3G06980,AT1G01320	na
4	AT1G18330	EPR1	7	na	PWM958	CisBP	M1219_1.01	18	3.1326911599420425e-13	3.1205084720978235e-11	109	AT2G21660,AT1G13930,AT4G27440,AT3G62550,AT3G22231,AT3G09390,AT4G39090,AT2G30860,AT1G10760,AT1G20020,AT4G39260,AT4G32340,AT3G15840,AT2G28900,AT2G15890,AT1G06460,AT1G43670,AT3G18080,AT4G04330,AT1G21680,AT3G53460,AT2G31360,AT1G20693,AT3G47860,AT2G30870,AT1G70820,AT3G22120,AT3G57520,AT4G30650,AT3G29320,AT2G45740,AT4G11600,AT1G20696,AT4G26670,AT4G14400,AT1G71030,AT2G14170,AT5G08410,AT5G28840,AT4G19120,AT1G66970,AT5G60360,AT5G06690,AT4G16146,AT4G02370,AT5G02240,AT4G04340,AT5G58290,AT2G40080,AT1G07050,AT3G20810,AT4G04830,AT3G04760,AT1G50010,AT5G62360,AT4G34120,AT5G54960,AT4G32940,AT4G14960,AT3G23280,AT3G54090,AT5G19860,AT5G15230,AT2G42530,AT3G06483,AT1G72970,AT4G35830,AT1G01470,AT1G75800,AT1G08550,AT1G27450,AT2G22450,AT5G20280,AT3G02230,AT2G47390,AT1G71695,AT5G61660,AT5G05200,AT1G18720,AT4G20890,AT3G27820,AT5G37600,AT5G51820,AT1G67660,AT2G05710,AT5G05170,AT3G03920,AT2G25730,AT5G61380,AT3G08510,AT5G24470,AT5G27380,AT5G39210,AT5G21090,AT1G21670,AT4G17140,AT1G28330,AT2G42840,AT4G04770,AT1G70160,AT4G30760,AT3G13460,AT5G54760,AT1G04820,AT4G29840,AT5G57110,AT3G46630,AT3G11710,AT5G65620	na
4	AT1G01520	ASG4	3	na	PWM1198	CisBP	M1205_1.01	13	6.462835906621967e-17	8.91374213890245e-15	118	AT2G21660,AT3G05880,AT2G33830,AT3G22231,AT3G09390,AT1G12090,AT4G21960,AT2G30860,AT1G10760,AT2G15960,AT4G39260,AT4G13250,AT3G26580,AT2G37220,AT4G26530,AT1G06460,AT1G43670,AT1G54410,AT4G04330,AT2G05520,AT5G15960,AT3G45140,AT2G31360,AT2G15970,AT3G10410,AT1G20693,AT3G47860,AT2G30870,AT1G70820,AT4G33510,AT4G13850,AT4G30650,AT1G59870,AT5G19780,AT2G33150,AT2G18960,AT3G16370,AT1G69830,AT1G20696,AT2G28840,AT3G58680,AT4G27800,AT1G71030,AT1G11530,AT2G14170,AT5G08410,AT1G13270,AT5G28840,AT4G19120,AT1G66970,AT3G48360,AT4G12320,AT5G37260,AT5G44340,AT5G06690,AT4G16146,AT1G54100,AT1G20010,AT4G14716,AT3G52180,AT4G00370,AT4G02370,AT5G02240,AT4G18240,AT1G70890,AT4G04340,AT4G30190,AT2G40080,AT1G07050,AT3G20810,AT4G04830,AT1G50010,AT5G62360,AT5G53450,AT1G29390,AT5G54960,AT3G05220,AT2G26900,AT5G15230,AT3G04550,AT1G29395,AT3G06483,AT4G35830,AT2G36390,AT1G61740,AT1G75800,AT1G08550,AT5G08380,AT1G27450,AT3G01310,AT4G23820,AT5G61660,AT1G18720,AT4G20890,AT4G09020,AT3G27820,AT5G37600,AT2G05710,AT5G64860,AT3G55280,AT2G25730,AT5G61380,AT4G17140,AT2G42840,AT1G54270,AT3G12120,AT4G04770,AT1G70160,AT4G39080,AT3G13460,AT5G54760,AT1G04820,AT4G29840,AT5G57110,AT3G46630,AT2G37630,AT4G30220,AT1G10200	na
4	AT1G32150	AtbZIP68	0	0	PWM2927	DAP-seq	BZIP68_col	20	2.557251350451345e-10	2.2925758356796306e-8	101	AT3G26740,AT1G13930,AT4G27440,AT4G39090,AT3G46970,AT1G10760,AT2G15960,AT4G13250,AT1G20620,AT4G16190,AT1G43670,AT5G15960,AT1G21680,AT1G78020,AT2G15970,AT3G10410,AT1G20693,AT1G25275,AT3G57520,AT3G29320,AT3G45980,AT2G45740,AT2G06850,AT1G69830,AT1G20696,AT1G54500,AT3G55630,AT5G10980,AT3G48360,AT5G60360,AT2G44490,AT5G37260,AT1G35720,AT5G28500,AT4G16146,AT5G13730,AT4G14716,AT2G40840,AT4G00370,AT3G48990,AT1G14345,AT3G23700,AT4G18240,AT2G04700,AT4G30190,AT5G14780,AT3G07470,AT2G24150,AT5G53450,AT1G29390,AT4G19530,AT5G54960,AT3G20820,AT2G37660,AT1G22770,AT5G19860,AT4G29390,AT5G27280,AT1G29395,AT4G17560,AT1G72970,AT2G36390,AT2G22450,AT4G16370,AT5G38510,AT4G28510,AT3G01310,AT3G06680,AT1G48300,AT4G39980,AT2G47390,AT5G05200,AT3G22200,AT3G03150,AT4G09020,AT1G75500,AT3G08030,AT4G39730,AT5G51820,AT1G74880,AT2G25730,AT5G61380,AT5G24470,AT1G04690,AT5G39210,AT5G53490,AT5G49720,AT1G21670,AT2G34250,AT5G40670,AT1G28330,AT1G78995,AT1G62780,AT3G02570,AT4G39080,AT3G13460,AT5G54760,AT2G05790,AT5G57110,AT2G37630,AT5G16710	
4	AT1G32150	AtbZIP68	0	0	PWM2567	JASPAR	MA0968.1	118	0.00032594280465678865	0.005312867715905655	79	AT3G63160,AT4G21960,AT2G30860,AT1G10760,AT2G15960,AT2G15890,AT1G20620,AT4G16190,AT3G18080,AT4G04330,AT5G15960,AT1G21680,AT2G15970,AT2G31040,AT3G57520,AT4G13850,AT3G29320,AT2G33150,AT2G45740,AT1G69830,AT4G11600,AT1G20696,AT4G04610,AT1G54500,AT1G70782,AT3G55630,AT4G12320,AT3G27770,AT5G60360,AT5G37260,AT1G35720,AT4G16146,AT1G14345,AT4G18240,AT4G04340,AT3G07470,AT2G24150,AT1G29390,AT4G19530,AT4G27130,AT3G05220,AT1G76180,AT5G15230,AT1G29395,AT2G14910,AT3G24503,AT4G17560,AT2G36390,AT1G01470,AT1G75800,AT4G16370,AT5G38510,AT4G28510,AT3G04910,AT3G06680,AT1G48300,AT3G02230,AT5G05200,AT4G13930,AT3G03150,AT3G27820,AT2G05710,AT1G58270,AT5G61380,AT5G24470,AT1G21670,AT2G34250,AT1G28330,AT1G04770,AT2G42840,AT1G45332,AT4G04770,AT5G58310,AT1G78995,AT2G05790,AT5G57110,AT3G46630,AT3G51800,AT2G05990	
4	AT1G32150	AtbZIP68	0	0	PWM1236	CisBP	M0251_1.01	130	0.0005249595424020697	0.007353534840053993	78	AT3G63160,AT4G21960,AT2G30860,AT1G10760,AT2G15960,AT2G15890,AT1G20620,AT4G16190,AT3G18080,AT4G04330,AT5G15960,AT1G21680,AT2G15970,AT2G31040,AT3G57520,AT4G13850,AT3G29320,AT2G33150,AT2G45740,AT1G69830,AT4G11600,AT1G20696,AT4G04610,AT1G54500,AT1G70782,AT3G55630,AT4G12320,AT3G27770,AT5G60360,AT5G37260,AT1G35720,AT4G16146,AT1G14345,AT4G18240,AT4G04340,AT3G07470,AT2G24150,AT1G29390,AT4G19530,AT4G27130,AT3G05220,AT1G76180,AT5G15230,AT1G29395,AT2G14910,AT3G24503,AT4G17560,AT2G36390,AT1G01470,AT1G75800,AT4G16370,AT5G38510,AT4G28510,AT3G04910,AT3G06680,AT1G48300,AT3G02230,AT5G05200,AT4G13930,AT3G03150,AT3G27820,AT2G05710,AT1G58270,AT5G61380,AT5G24470,AT1G21670,AT2G34250,AT1G28330,AT1G04770,AT2G42840,AT4G04770,AT5G58310,AT1G78995,AT2G05790,AT5G57110,AT3G46630,AT3G51800,AT2G05990	
4	AT2G35530	AtbZIP16	0	0	PWM2908	DAP-seq	BZIP16_col	21	2.5594616776504776e-9	2.1852927562034793e-7	98	AT1G13930,AT4G27440,AT3G46970,AT1G10760,AT2G15960,AT4G13250,AT1G20620,AT4G35770,AT4G16190,AT1G43670,AT3G18080,AT1G21680,AT3G53460,AT1G78020,AT2G15970,AT3G10410,AT1G20693,AT1G25275,AT3G57520,AT3G29320,AT3G45980,AT2G33150,AT2G45740,AT2G18960,AT1G69830,AT1G20696,AT1G54500,AT3G55630,AT3G48360,AT2G44490,AT5G37260,AT1G35720,AT5G28500,AT4G16146,AT5G13730,AT4G14716,AT3G52180,AT2G40840,AT4G00370,AT3G48990,AT1G14345,AT3G23700,AT4G18240,AT2G04700,AT4G30190,AT5G14780,AT5G53450,AT1G29390,AT5G54960,AT3G20820,AT2G37660,AT1G76180,AT5G19860,AT4G29390,AT5G27280,AT1G29395,AT4G17560,AT1G72970,AT2G36390,AT2G22450,AT4G16370,AT5G38510,AT3G04910,AT3G01310,AT3G06680,AT1G48300,AT5G02480,AT4G39980,AT2G47390,AT5G05200,AT3G22200,AT4G13930,AT3G03150,AT4G09020,AT1G75500,AT3G08030,AT4G39730,AT2G16510,AT5G51820,AT2G25730,AT1G58270,AT5G61380,AT5G24470,AT1G04690,AT5G39210,AT5G53490,AT1G21670,AT2G34250,AT5G40670,AT1G28330,AT3G13750,AT1G78995,AT1G62780,AT3G13460,AT2G05790,AT5G57110,AT2G37630,AT5G16710	
4	AT2G35530	AtbZIP16	0	0	PWM1237	CisBP	M0251_1.01	131	0.0005249595424020697	0.007353534840053993	78	AT3G63160,AT4G21960,AT2G30860,AT1G10760,AT2G15960,AT2G15890,AT1G20620,AT4G16190,AT3G18080,AT4G04330,AT5G15960,AT1G21680,AT2G15970,AT2G31040,AT3G57520,AT4G13850,AT3G29320,AT2G33150,AT2G45740,AT1G69830,AT4G11600,AT1G20696,AT4G04610,AT1G54500,AT1G70782,AT3G55630,AT4G12320,AT3G27770,AT5G60360,AT5G37260,AT1G35720,AT4G16146,AT1G14345,AT4G18240,AT4G04340,AT3G07470,AT2G24150,AT1G29390,AT4G19530,AT4G27130,AT3G05220,AT1G76180,AT5G15230,AT1G29395,AT2G14910,AT3G24503,AT4G17560,AT2G36390,AT1G01470,AT1G75800,AT4G16370,AT5G38510,AT4G28510,AT3G04910,AT3G06680,AT1G48300,AT3G02230,AT5G05200,AT4G13930,AT3G03150,AT3G27820,AT2G05710,AT1G58270,AT5G61380,AT5G24470,AT1G21670,AT2G34250,AT1G28330,AT1G04770,AT2G42840,AT4G04770,AT5G58310,AT1G78995,AT2G05790,AT5G57110,AT3G46630,AT3G51800,AT2G05990	
4	AT2G46270	GBF3	14	256	PWM2930	DAP-seq	GBF3_col	22	5.373446110759126e-9	4.379358580268688e-7	97	AT1G13930,AT4G27440,AT4G39090,AT3G46970,AT2G15960,AT4G13250,AT1G20620,AT4G35770,AT4G16190,AT1G43670,AT1G21680,AT1G78020,AT2G15970,AT3G10410,AT1G20693,AT1G25275,AT3G57520,AT3G29320,AT3G45980,AT2G33150,AT2G06850,AT1G69830,AT1G20696,AT1G54500,AT5G10980,AT3G48360,AT5G60360,AT2G44490,AT5G37260,AT1G35720,AT4G16146,AT5G13730,AT4G14716,AT3G52180,AT2G40840,AT4G00370,AT3G48990,AT1G14345,AT3G23700,AT2G04700,AT3G07470,AT2G24150,AT5G53450,AT1G29390,AT5G54960,AT2G37660,AT1G22770,AT5G19860,AT4G29390,AT5G27280,AT1G29395,AT3G24503,AT4G17560,AT1G72970,AT2G36390,AT1G75800,AT2G22450,AT4G16370,AT5G38510,AT4G28510,AT3G01310,AT3G06680,AT1G48300,AT4G39980,AT2G47390,AT5G05200,AT3G22200,AT3G03150,AT4G09020,AT1G75500,AT3G08030,AT4G39730,AT5G51820,AT1G74880,AT2G25730,AT5G61380,AT5G24470,AT1G04690,AT5G39210,AT5G53490,AT5G49720,AT1G21670,AT2G34250,AT5G40670,AT1G28330,AT3G13750,AT1G78995,AT1G62780,AT4G24920,AT3G02570,AT4G39080,AT3G13460,AT5G54760,AT2G05790,AT5G57110,AT2G37630,AT5G16710	AT2G21660,AT1G13930,AT4G27440,AT2G33830,AT3G09390,AT4G39090,AT3G63160,AT1G12090,AT4G21960,AT3G46970,AT1G10760,AT4G39260,AT2G28900,AT2G15890,AT4G13250,AT1G20620,AT3G26580,AT4G35770,AT2G37220,AT4G26530,AT5G14920,AT4G16190,AT1G43670,AT1G54410,AT2G16600,AT3G18080,AT3G25760,AT4G04330,AT2G05520,AT5G15960,AT3G14310,AT1G21680,AT3G53460,AT1G78020,AT2G31360,AT1G17100,AT2G15970,AT2G02100,AT1G20693,AT1G25275,AT3G14210,AT1G09750,AT2G30870,AT2G31040,AT3G22120,AT3G57520,AT2G14560,AT4G13850,AT5G23660,AT4G30660,AT1G59870,AT5G19780,AT3G29320,AT3G45980,AT2G33150,AT2G18960,AT5G62720,AT1G30360,AT2G10940,AT2G06850,AT4G03520,AT1G69830,AT4G11600,AT2G28840,AT4G26670,AT4G14400,AT4G04610,AT1G54500,AT2G45470,AT1G70782,AT1G71030,AT1G11530,AT4G34950,AT4G21990,AT2G32480,AT5G37780,AT3G55630,AT3G53730,AT2G14170,AT5G08410,AT5G10980,AT5G28840,AT4G19120,AT1G07440,AT3G48360,AT4G12320,AT3G27770,AT5G60360,AT5G37260,AT2G16280,AT1G35720,AT5G44340,AT3G48740,AT1G29670,AT5G06690,AT5G19250,AT4G16146,AT4G32060,AT1G54100,AT4G19410,AT1G20010,AT5G02760,AT2G40840,AT4G00370,AT3G48990,AT1G14345,AT3G23700,AT1G68560,AT4G22690,AT1G28660,AT4G30190,AT1G22530,AT5G13710,AT1G52190,AT5G14780,AT1G08980,AT2G30390,AT1G07050,AT3G20810,AT4G23100,AT3G07470,AT4G04830,AT2G24150,AT1G50010,AT1G51940,AT5G62360,AT1G05010,AT4G34120,AT1G29390,AT4G19530,AT3G45780,AT4G09000,AT5G54960,AT4G14960,AT1G51805,AT3G20820,AT3G05220,AT2G26900,AT5G11670,AT1G53210,AT3G23280,AT5G03240,AT2G37660,AT5G44680,AT5G11420,AT2G47510,AT4G29390,AT4G37910,AT5G15230,AT5G27280,AT1G29395,AT3G06483,AT3G24503,AT5G59540,AT1G05190,AT1G72970,AT4G35830,AT2G36390,AT1G01470,AT1G61740,AT1G75800,AT2G22450,AT3G43720,AT4G16370,AT3G28040,AT3G04290,AT3G04910,AT3G01310,AT5G20280,AT1G55850,AT3G06680,AT1G48300,AT3G02230,AT5G02480,AT2G22430,AT4G34870,AT4G39980,AT1G78670,AT5G01750,AT4G23820,AT1G20630,AT1G71695,AT1G72160,AT5G05200,AT1G18720,AT3G22200,AT4G13930,AT4G20890,AT3G03150,AT4G09020,AT4G34930,AT3G27820,AT1G75500,AT5G15410,AT3G08030,AT4G39730,AT5G51820,AT2G05710,AT5G05170,AT5G64860,AT1G74880,AT3G52500,AT3G55280,AT1G31970,AT5G24690,AT5G43940,AT2G25730,AT1G58270,AT3G08510,AT5G53880,AT5G24470,AT5G27380,AT5G39410,AT5G53460,AT1G04690,AT5G53490,AT5G49720,AT5G49720,AT1G21670,AT4G17140,AT5G40670,AT1G28330,AT3G28940,AT3G13750,AT1G04770,AT2G42840,AT1G01120,AT2G26740,AT4G18970,AT5G10390,AT3G14840,AT4G13510,AT1G78995,AT1G62780,AT1G04430,AT4G24920,AT2G25490,AT4G39080,AT4G21620,AT1G04820,AT4G29840,AT1G09780,AT2G05790,AT2G16660,AT5G57110,AT3G46630,AT1G21130,AT4G25630,AT2G37630,AT1G10200,AT3G06980,AT5G16710,AT3G10970,AT3G46320,AT1G01320,AT3G11710
4	AT4G36240	GATA7	6	na	PWM1222	CisBP	M0691_1.01	23	2.2762962463556023e-8	0.0000017745213781372153	95	AT2G21660,AT1G12090,AT1G10760,AT3G17390,AT4G39260,AT1G20620,AT1G06460,AT5G10860,AT4G40040,AT4G04330,AT5G15960,AT5G26570,AT2G31360,AT1G20693,AT3G18780,AT3G47860,AT3G57520,AT2G14560,AT4G13850,AT5G19780,AT3G29320,AT3G45980,AT2G18960,AT1G20696,AT4G27800,AT5G10980,AT5G28840,AT4G19120,AT3G27770,AT5G60360,AT1G35720,AT3G07230,AT5G44340,AT5G28500,AT4G32060,AT4G19410,AT5G02760,AT2G40840,AT1G68560,AT2G04700,AT4G04340,AT1G22530,AT5G13710,AT5G58290,AT4G04830,AT1G50010,AT4G19530,AT3G45780,AT4G27130,AT4G09000,AT5G54960,AT4G14960,AT2G26900,AT2G39770,AT1G66410,AT5G44680,AT3G46000,AT5G27280,AT3G06483,AT4G35830,AT1G01470,AT1G75800,AT2G44310,AT3G02230,AT4G34870,AT1G20630,AT4G13930,AT4G20890,AT1G52930,AT3G03150,AT2G16510,AT5G37600,AT5G51820,AT2G05710,AT5G05170,AT3G52500,AT5G24470,AT1G04690,AT2G34250,AT3G13750,AT3G12120,AT3G14840,AT1G62780,AT4G24920,AT2G25490,AT4G39080,AT2G04280,AT3G13460,AT1G43710,AT5G54760,AT1G04820,AT1G10200,AT1G26850,AT3G10970,AT3G46320	na
4	AT1G45249	ABF2	0	0	PWM2903	DAP-seq	ABF2_col	24	4.592313951387398e-8	0.000003430841214515668	94	AT3G26740,AT1G13930,AT4G27440,AT2G33830,AT3G63160,AT3G46970,AT2G15960,AT4G13250,AT1G20620,AT4G16190,AT1G43670,AT1G21680,AT3G53460,AT1G78020,AT1G17100,AT2G15970,AT3G10410,AT1G20693,AT1G25275,AT3G57520,AT3G29320,AT3G45980,AT2G45740,AT2G06850,AT1G69830,AT1G20696,AT1G54500,AT5G60360,AT2G44490,AT5G37260,AT1G35720,AT4G16146,AT1G54100,AT4G14716,AT2G40840,AT4G00370,AT3G48990,AT1G14345,AT3G23700,AT4G18240,AT2G04700,AT5G53450,AT1G29390,AT5G54960,AT3G20820,AT5G03240,AT2G37660,AT1G76180,AT5G19860,AT4G29390,AT1G29395,AT2G14910,AT4G17560,AT1G72970,AT2G36390,AT1G75800,AT2G22450,AT4G16370,AT3G04910,AT3G06680,AT1G48300,AT5G02480,AT4G39980,AT1G78670,AT2G47390,AT5G05200,AT3G22200,AT4G13930,AT3G03150,AT4G09020,AT1G75500,AT3G08030,AT4G39730,AT5G51820,AT2G25730,AT1G58270,AT5G61380,AT1G04690,AT5G39210,AT5G53490,AT1G21670,AT2G34250,AT5G40670,AT1G28330,AT3G13750,AT1G78995,AT1G62780,AT3G02570,AT3G13460,AT1G04820,AT2G05790,AT5G57110,AT2G37630,AT5G16710	
4	AT1G45249	ABF2	0	0	PWM2540	JASPAR	MA0941.1	100	0.00019941730954153766	0.0036485228164079286	80	AT3G26740,AT3G05880,AT3G63160,AT3G46970,AT1G10760,AT2G15890,AT4G13250,AT1G20620,AT5G14920,AT4G16190,AT4G04330,AT5G15960,AT1G21680,AT3G53460,AT2G15970,AT3G10410,AT3G57520,AT3G29320,AT2G45740,AT1G69830,AT4G11600,AT1G54500,AT2G45470,AT1G70782,AT5G60360,AT5G37260,AT1G35720,AT2G31400,AT5G28500,AT4G16146,AT3G48990,AT4G02370,AT1G14345,AT4G18240,AT4G04340,AT1G52190,AT2G30390,AT2G24150,AT1G50010,AT5G62360,AT1G29390,AT5G54960,AT4G32940,AT1G76180,AT5G47240,AT2G42530,AT5G27280,AT1G29395,AT4G17560,AT2G36390,AT1G01470,AT2G22450,AT4G16370,AT3G04290,AT3G04910,AT1G48300,AT3G02230,AT1G78670,AT1G20630,AT3G03150,AT3G27820,AT1G25260,AT2G05710,AT2G25730,AT1G58270,AT1G04690,AT5G39210,AT5G21090,AT1G21670,AT1G28330,AT1G04770,AT2G26740,AT1G78995,AT3G02570,AT1G04820,AT5G57110,AT3G46630,AT2G37630,AT2G05990,AT5G16710	
4	AT1G45249	ABF2	0	0	PWM1178	CisBP	M0252_1.01	116	0.00032594280465678865	0.005312867715905655	79	AT3G26740,AT3G05880,AT3G63160,AT3G46970,AT1G10760,AT2G15890,AT4G13250,AT1G20620,AT5G14920,AT4G16190,AT4G04330,AT5G15960,AT1G21680,AT3G53460,AT2G15970,AT3G10410,AT3G57520,AT3G29320,AT2G45740,AT1G69830,AT4G11600,AT1G54500,AT2G45470,AT1G70782,AT5G60360,AT5G37260,AT1G35720,AT2G31400,AT5G28500,AT4G16146,AT3G48990,AT4G02370,AT1G14345,AT4G18240,AT4G04340,AT1G52190,AT2G30390,AT2G24150,AT1G50010,AT5G62360,AT1G29390,AT5G54960,AT4G32940,AT1G76180,AT5G47240,AT2G42530,AT5G27280,AT1G29395,AT4G17560,AT2G36390,AT1G01470,AT2G22450,AT4G16370,AT3G04910,AT1G48300,AT3G02230,AT1G78670,AT1G20630,AT3G03150,AT3G27820,AT1G25260,AT2G05710,AT2G25730,AT1G58270,AT1G04690,AT5G39210,AT5G21090,AT1G21670,AT1G28330,AT1G04770,AT2G26740,AT1G78995,AT3G02570,AT1G04820,AT5G57110,AT3G46630,AT2G37630,AT2G05990,AT5G16710	
4	AT3G56850	AREB3	1	1	PWM2906	DAP-seq	AREB3_col	25	4.592313951387398e-8	0.000003430841214515668	94	AT3G26740,AT1G13930,AT4G27440,AT2G33830,AT3G63160,AT3G46970,AT2G15960,AT4G13250,AT1G20620,AT4G16190,AT1G43670,AT1G21680,AT3G53460,AT1G78020,AT2G15970,AT3G10410,AT1G20693,AT1G25275,AT3G57520,AT3G29320,AT3G45980,AT2G06850,AT1G69830,AT1G20696,AT1G54500,AT3G55630,AT5G10980,AT5G60360,AT2G44490,AT5G37260,AT1G35720,AT4G16146,AT1G54100,AT4G14716,AT2G40840,AT4G00370,AT3G48990,AT1G14345,AT3G23700,AT4G18240,AT5G14780,AT2G30390,AT5G53450,AT1G29390,AT5G54960,AT5G03240,AT2G37660,AT1G76180,AT5G19860,AT4G29390,AT1G29395,AT2G14910,AT4G17560,AT1G72970,AT2G36390,AT1G75800,AT2G22450,AT4G16370,AT5G38510,AT3G04910,AT3G06680,AT1G48300,AT5G02480,AT4G39980,AT1G78670,AT1G20630,AT2G47390,AT5G05200,AT3G22200,AT4G13930,AT3G03150,AT4G09020,AT4G39730,AT5G51820,AT2G05710,AT2G25730,AT1G58270,AT5G61380,AT5G24470,AT1G04690,AT5G39210,AT5G53490,AT5G49720,AT1G21670,AT2G34250,AT5G40670,AT1G28330,AT3G13750,AT1G78995,AT1G62780,AT1G04820,AT5G57110,AT2G37630,AT5G16710	AT5G49720
4	AT5G15830	AtbZIP3	1	0	PWM2913	DAP-seq	BZIP3_col	26	4.592313951387398e-8	0.000003430841214515668	94	AT1G13930,AT4G27440,AT4G39090,AT3G63160,AT3G46970,AT1G20020,AT2G15960,AT1G20620,AT4G35770,AT4G26530,AT1G78020,AT2G15970,AT3G10410,AT1G20693,AT1G25275,AT3G57520,AT3G45980,AT2G18960,AT2G06850,AT1G69830,AT1G20696,AT4G26670,AT4G04610,AT5G10980,AT3G48360,AT5G60360,AT2G44490,AT5G37260,AT1G35720,AT4G16146,AT5G13730,AT4G14716,AT3G52180,AT2G40840,AT3G48990,AT1G14345,AT3G23700,AT2G04700,AT3G07470,AT2G24150,AT5G62360,AT5G53450,AT1G29390,AT4G19530,AT2G37660,AT1G22770,AT4G38800,AT5G19860,AT4G29390,AT5G15230,AT5G27280,AT1G29395,AT3G24503,AT1G72970,AT1G61740,AT1G75800,AT2G22450,AT4G16370,AT5G38510,AT4G28510,AT3G01310,AT1G48300,AT4G39980,AT5G61660,AT3G22200,AT4G09020,AT1G75500,AT3G08030,AT4G39730,AT1G74880,AT2G25730,AT5G61380,AT5G24470,AT1G04690,AT5G39210,AT5G53490,AT5G49720,AT1G21670,AT2G34250,AT5G40670,AT1G28330,AT3G28940,AT1G54270,AT5G10390,AT1G78995,AT1G62780,AT4G24920,AT3G02570,AT4G39080,AT3G13460,AT5G54760,AT2G05790,AT5G57110,AT3G46630	
4	AT2G36270	ABI5	2	90	PWM2904	DAP-seq	ABI5_col	27	9.141081878636883e-8	0.000006070355484591086	93	AT3G26740,AT1G13930,AT4G27440,AT2G33830,AT3G63160,AT3G46970,AT2G15960,AT4G13250,AT1G20620,AT4G35770,AT4G16190,AT1G43670,AT1G21680,AT3G53460,AT1G78020,AT2G15970,AT3G10410,AT1G20693,AT3G57520,AT3G29320,AT3G45980,AT2G06850,AT1G69830,AT1G20696,AT1G54500,AT3G55630,AT3G48360,AT5G60360,AT2G44490,AT5G37260,AT1G35720,AT4G16146,AT4G14716,AT3G52180,AT2G40840,AT4G00370,AT3G48990,AT1G14345,AT3G23700,AT2G04700,AT2G30390,AT5G53450,AT1G29390,AT5G54960,AT3G20820,AT2G37660,AT1G76180,AT5G19860,AT4G29390,AT1G29395,AT2G14910,AT4G17560,AT1G72970,AT2G36390,AT1G01470,AT1G75800,AT2G22450,AT4G16370,AT5G38510,AT3G04910,AT3G01310,AT3G06680,AT1G48300,AT5G02480,AT4G39980,AT2G47390,AT5G05200,AT3G22200,AT4G13930,AT3G03150,AT4G09020,AT1G75500,AT3G08030,AT4G39730,AT5G51820,AT2G25730,AT1G58270,AT5G61380,AT5G24470,AT1G04690,AT5G39210,AT5G53490,AT5G49720,AT1G21670,AT2G34250,AT5G40670,AT1G28330,AT3G13750,AT1G78995,AT1G62780,AT5G57110,AT2G37630,AT5G16710	AT4G39090,AT3G63160,AT4G21960,AT1G10760,AT4G13250,AT3G26580,AT2G37220,AT5G14920,AT4G16190,AT1G43670,AT5G15960,AT1G21680,AT1G78020,AT2G15970,AT3G10410,AT1G09750,AT2G30870,AT3G57520,AT3G29320,AT2G18960,AT1G30360,AT4G03520,AT4G11600,AT4G04610,AT5G37780,AT2G14170,AT5G28840,AT5G60360,AT5G37260,AT2G31400,AT3G48740,AT1G29670,AT1G54100,AT5G13730,AT4G00370,AT4G02370,AT5G02240,AT1G14345,AT1G68560,AT4G30190,AT5G14780,AT3G20810,AT2G24150,AT1G50010,AT1G29390,AT5G54960,AT4G32940,AT4G14960,AT3G20820,AT3G05220,AT5G11420,AT1G76180,AT2G36390,AT1G75800,AT4G16370,AT1G48300,AT2G22430,AT4G34870,AT5G01750,AT1G20630,AT1G71695,AT5G05200,AT3G22200,AT1G74560,AT3G03150,AT3G27820,AT1G75500,AT5G15410,AT4G39730,AT5G17190,AT1G58270,AT5G61380,AT5G24470,AT5G53460,AT1G04690,AT1G21670,AT5G40670,AT1G28330,AT1G04770,AT1G01120,AT3G14840,AT1G78995,AT3G02570,AT5G54760,AT1G04820,AT5G57110,AT1G21130,AT2G37630,AT5G16710,AT1G01320
4	AT2G36270	ABI5	2	90	PWM957	CisBP	M0257_1.01	64	0.000041843798151191765	0.0012935505187083936	83	AT3G22231,AT3G63160,AT1G10760,AT2G15960,AT2G15890,AT4G13250,AT1G20620,AT5G14920,AT4G16190,AT1G43670,AT2G16600,AT4G04330,AT5G15960,AT1G21680,AT3G53460,AT2G15970,AT3G10410,AT3G57520,AT5G23660,AT3G29320,AT2G33150,AT2G45740,AT1G69830,AT4G11600,AT1G54500,AT2G45470,AT1G70782,AT5G60360,AT5G37260,AT1G35720,AT4G16146,AT4G14716,AT4G00370,AT3G48990,AT4G02370,AT1G14345,AT4G18240,AT4G04340,AT4G30190,AT5G14780,AT2G30390,AT2G24150,AT1G50010,AT4G19530,AT5G54960,AT4G32940,AT3G20820,AT1G76180,AT5G47240,AT5G19860,AT4G17560,AT2G36390,AT1G01470,AT2G22450,AT4G16370,AT3G04910,AT3G06680,AT1G48300,AT3G02230,AT4G34870,AT1G78670,AT2G47390,AT5G05200,AT3G03150,AT1G25260,AT2G05710,AT2G25730,AT5G17190,AT1G58270,AT5G53460,AT1G04690,AT1G21670,AT1G28330,AT1G04770,AT5G58310,AT1G78995,AT3G02570,AT1G04820,AT2G05790,AT5G57110,AT3G46630,AT2G37630,AT5G16710	AT4G39090,AT3G63160,AT4G21960,AT1G10760,AT4G13250,AT3G26580,AT2G37220,AT5G14920,AT4G16190,AT1G43670,AT5G15960,AT1G21680,AT1G78020,AT2G15970,AT3G10410,AT1G09750,AT2G30870,AT3G57520,AT3G29320,AT2G18960,AT1G30360,AT4G03520,AT4G11600,AT4G04610,AT5G37780,AT2G14170,AT5G28840,AT5G60360,AT5G37260,AT2G31400,AT3G48740,AT1G29670,AT1G54100,AT5G13730,AT4G00370,AT4G02370,AT5G02240,AT1G14345,AT1G68560,AT4G30190,AT5G14780,AT3G20810,AT2G24150,AT1G50010,AT1G29390,AT5G54960,AT4G32940,AT4G14960,AT3G20820,AT3G05220,AT5G11420,AT1G76180,AT2G36390,AT1G75800,AT4G16370,AT1G48300,AT2G22430,AT4G34870,AT5G01750,AT1G20630,AT1G71695,AT5G05200,AT3G22200,AT1G74560,AT3G03150,AT3G27820,AT1G75500,AT5G15410,AT4G39730,AT5G17190,AT1G58270,AT5G61380,AT5G24470,AT5G53460,AT1G04690,AT1G21670,AT5G40670,AT1G28330,AT1G04770,AT1G01120,AT3G14840,AT1G78995,AT3G02570,AT5G54760,AT1G04820,AT5G57110,AT1G21130,AT2G37630,AT5G16710,AT1G01320
4	AT2G36270	ABI5	2	90	PWM2530	JASPAR	MA0931.1	84	0.00012023386062734147	0.002728852051959788	81	AT3G22231,AT3G63160,AT1G10760,AT2G15960,AT2G15890,AT4G13250,AT1G20620,AT5G14920,AT4G16190,AT1G43670,AT2G16600,AT4G04330,AT5G15960,AT1G21680,AT3G53460,AT2G15970,AT3G10410,AT3G57520,AT5G23660,AT3G29320,AT2G33150,AT2G45740,AT1G69830,AT4G11600,AT1G54500,AT2G45470,AT1G70782,AT5G60360,AT5G37260,AT1G35720,AT4G16146,AT4G14716,AT4G00370,AT3G48990,AT4G02370,AT1G14345,AT4G18240,AT4G04340,AT4G30190,AT5G14780,AT2G30390,AT2G24150,AT4G19530,AT5G54960,AT4G32940,AT3G20820,AT1G76180,AT5G47240,AT5G19860,AT4G17560,AT2G36390,AT1G01470,AT2G22450,AT4G16370,AT3G04910,AT3G06680,AT1G48300,AT3G02230,AT4G34870,AT1G78670,AT2G47390,AT5G05200,AT3G03150,AT1G25260,AT2G05710,AT2G25730,AT5G17190,AT1G58270,AT5G53460,AT1G04690,AT1G21670,AT1G28330,AT5G58310,AT1G78995,AT3G02570,AT1G04820,AT2G05790,AT5G57110,AT3G46630,AT2G37630,AT5G16710	AT4G39090,AT3G63160,AT4G21960,AT1G10760,AT4G13250,AT3G26580,AT2G37220,AT5G14920,AT4G16190,AT1G43670,AT5G15960,AT1G21680,AT1G78020,AT2G15970,AT3G10410,AT1G09750,AT2G30870,AT3G57520,AT3G29320,AT2G18960,AT1G30360,AT4G03520,AT4G11600,AT4G04610,AT5G37780,AT2G14170,AT5G28840,AT5G60360,AT5G37260,AT2G31400,AT3G48740,AT1G29670,AT1G54100,AT5G13730,AT4G00370,AT4G02370,AT5G02240,AT1G14345,AT1G68560,AT4G30190,AT5G14780,AT3G20810,AT2G24150,AT1G50010,AT1G29390,AT5G54960,AT4G32940,AT4G14960,AT3G20820,AT3G05220,AT5G11420,AT1G76180,AT2G36390,AT1G75800,AT4G16370,AT1G48300,AT2G22430,AT4G34870,AT5G01750,AT1G20630,AT1G71695,AT5G05200,AT3G22200,AT1G74560,AT3G03150,AT3G27820,AT1G75500,AT5G15410,AT4G39730,AT5G17190,AT1G58270,AT5G61380,AT5G24470,AT5G53460,AT1G04690,AT1G21670,AT5G40670,AT1G28330,AT1G04770,AT1G01120,AT3G14840,AT1G78995,AT3G02570,AT5G54760,AT1G04820,AT5G57110,AT1G21130,AT2G37630,AT5G16710,AT1G01320
4	AT2G36270	ABI5	2	90	PWM589	AthaMAP	T04543	107	0.00019941730954153766	0.0036485228164079286	80	AT3G26740,AT4G27440,AT3G46970,AT1G10760,AT2G15890,AT1G20620,AT5G14920,AT5G63780,AT1G21680,AT2G15970,AT3G14210,AT3G22120,AT3G57520,AT4G13850,AT3G29320,AT2G33150,AT2G45740,AT1G69830,AT1G54500,AT2G45470,AT2G14170,AT3G48360,AT2G44490,AT5G37260,AT3G48740,AT2G40840,AT4G00370,AT1G14345,AT2G04700,AT2G30620,AT1G52190,AT5G14780,AT3G07470,AT5G53450,AT4G34120,AT1G29390,AT4G19530,AT4G09000,AT4G32940,AT3G20820,AT2G26900,AT5G11670,AT2G39770,AT1G44920,AT4G24220,AT5G44680,AT5G11420,AT5G47240,AT5G19860,AT1G29395,AT2G36390,AT1G75800,AT5G38510,AT4G28510,AT3G04910,AT3G01310,AT3G06680,AT1G48300,AT4G39980,AT2G47390,AT5G05200,AT1G23820,AT4G39730,AT5G37600,AT5G51820,AT5G39410,AT5G53460,AT4G01610,AT1G21670,AT4G17140,AT3G13750,AT5G10390,AT3G14840,AT4G39080,AT3G13460,AT5G57110,AT3G46630,AT2G37630,AT3G51800,AT5G16710	AT4G39090,AT3G63160,AT4G21960,AT1G10760,AT4G13250,AT3G26580,AT2G37220,AT5G14920,AT4G16190,AT1G43670,AT5G15960,AT1G21680,AT1G78020,AT2G15970,AT3G10410,AT1G09750,AT2G30870,AT3G57520,AT3G29320,AT2G18960,AT1G30360,AT4G03520,AT4G11600,AT4G04610,AT5G37780,AT2G14170,AT5G28840,AT5G60360,AT5G37260,AT2G31400,AT3G48740,AT1G29670,AT1G54100,AT5G13730,AT4G00370,AT4G02370,AT5G02240,AT1G14345,AT1G68560,AT4G30190,AT5G14780,AT3G20810,AT2G24150,AT1G50010,AT1G29390,AT5G54960,AT4G32940,AT4G14960,AT3G20820,AT3G05220,AT5G11420,AT1G76180,AT2G36390,AT1G75800,AT4G16370,AT1G48300,AT2G22430,AT4G34870,AT5G01750,AT1G20630,AT1G71695,AT5G05200,AT3G22200,AT1G74560,AT3G03150,AT3G27820,AT1G75500,AT5G15410,AT4G39730,AT5G17190,AT1G58270,AT5G61380,AT5G24470,AT5G53460,AT1G04690,AT1G21670,AT5G40670,AT1G28330,AT1G04770,AT1G01120,AT3G14840,AT1G78995,AT3G02570,AT5G54760,AT1G04820,AT5G57110,AT1G21130,AT2G37630,AT5G16710,AT1G01320
4	AT2G36270	ABI5	2	90	PWM621	AthaMAP	T04543	217	0.0030438330023913308	0.026884692479249538	74	AT2G33830,AT2G30860,AT4G13250,AT1G20620,AT5G14920,AT4G16190,AT1G43670,AT2G16600,AT3G14310,AT1G21680,AT3G53460,AT1G17100,AT2G15970,AT3G10410,AT1G20693,AT3G57520,AT5G23660,AT3G29320,AT4G11600,AT1G54500,AT5G37780,AT5G08410,AT4G12320,AT5G60360,AT5G37260,AT1G35720,AT5G44340,AT1G29670,AT1G54100,AT4G00370,AT3G48990,AT4G02370,AT1G14345,AT4G18240,AT4G30190,AT5G14780,AT3G46010,AT4G34120,AT5G54960,AT1G76180,AT5G19860,AT4G17560,AT1G72970,AT2G36390,AT1G01470,AT1G75800,AT5G08380,AT2G22450,AT3G43720,AT4G16370,AT3G04910,AT1G48300,AT3G02230,AT4G39980,AT1G20630,AT2G47390,AT1G71695,AT4G13930,AT4G20890,AT3G03150,AT3G27820,AT1G75500,AT2G05710,AT2G25730,AT5G24470,AT1G21670,AT1G28330,AT3G13750,AT4G04770,AT1G78995,AT1G62780,AT1G09780,AT2G37630,AT5G16710	AT4G39090,AT3G63160,AT4G21960,AT1G10760,AT4G13250,AT3G26580,AT2G37220,AT5G14920,AT4G16190,AT1G43670,AT5G15960,AT1G21680,AT1G78020,AT2G15970,AT3G10410,AT1G09750,AT2G30870,AT3G57520,AT3G29320,AT2G18960,AT1G30360,AT4G03520,AT4G11600,AT4G04610,AT5G37780,AT2G14170,AT5G28840,AT5G60360,AT5G37260,AT2G31400,AT3G48740,AT1G29670,AT1G54100,AT5G13730,AT4G00370,AT4G02370,AT5G02240,AT1G14345,AT1G68560,AT4G30190,AT5G14780,AT3G20810,AT2G24150,AT1G50010,AT1G29390,AT5G54960,AT4G32940,AT4G14960,AT3G20820,AT3G05220,AT5G11420,AT1G76180,AT2G36390,AT1G75800,AT4G16370,AT1G48300,AT2G22430,AT4G34870,AT5G01750,AT1G20630,AT1G71695,AT5G05200,AT3G22200,AT1G74560,AT3G03150,AT3G27820,AT1G75500,AT5G15410,AT4G39730,AT5G17190,AT1G58270,AT5G61380,AT5G24470,AT5G53460,AT1G04690,AT1G21670,AT5G40670,AT1G28330,AT1G04770,AT1G01120,AT3G14840,AT1G78995,AT3G02570,AT5G54760,AT1G04820,AT5G57110,AT1G21130,AT2G37630,AT5G16710,AT1G01320
4	AT3G10800	bZIP28	0	na	PWM2912	DAP-seq	BZIP28_col	28	9.141081878636883e-8	0.000006070355484591086	93	AT3G26740,AT1G13930,AT4G27440,AT3G63160,AT3G46970,AT1G10760,AT2G15960,AT4G13250,AT1G20620,AT4G16190,AT1G43670,AT5G15960,AT1G21680,AT1G78020,AT2G15970,AT3G10410,AT1G20693,AT1G25275,AT3G57520,AT2G14560,AT3G29320,AT3G45980,AT2G45740,AT2G06850,AT1G69830,AT1G20696,AT1G54500,AT3G55630,AT5G10980,AT3G48360,AT5G60360,AT2G44490,AT5G37260,AT1G35720,AT4G16146,AT5G13730,AT4G14716,AT2G40840,AT4G00370,AT3G48990,AT1G14345,AT3G23700,AT4G18240,AT2G04700,AT5G14780,AT2G24150,AT5G53450,AT1G29390,AT5G54960,AT3G20820,AT2G37660,AT1G76180,AT5G19860,AT4G29390,AT1G29395,AT4G17560,AT1G72970,AT2G36390,AT2G22450,AT4G16370,AT5G38510,AT4G28510,AT3G04910,AT3G06680,AT1G48300,AT4G39980,AT2G47390,AT5G05200,AT3G22200,AT3G03150,AT4G09020,AT3G08030,AT4G39730,AT5G51820,AT2G25730,AT5G61380,AT5G24470,AT1G04690,AT5G39210,AT5G53490,AT5G49720,AT1G21670,AT2G34250,AT5G40670,AT1G54270,AT1G78995,AT1G62780,AT3G02570,AT3G13460,AT5G57110,AT3G46630,AT2G37630,AT5G16710	na
4	AT5G25830	GATA12	0	1	PWM1092	CisBP	M0689_1.01	29	1.7951110422538724e-7	0.00001109873827159032	92	AT2G21660,AT4G39090,AT1G10760,AT3G17390,AT4G39260,AT4G13250,AT1G20620,AT1G06460,AT5G10860,AT1G54410,AT4G40040,AT2G16600,AT3G25760,AT4G04330,AT5G26570,AT2G31360,AT3G18780,AT3G47860,AT3G57520,AT4G13850,AT4G30650,AT5G19780,AT3G29320,AT3G45980,AT1G20696,AT2G28840,AT4G04610,AT1G11530,AT4G21990,AT5G10980,AT5G28840,AT4G19120,AT3G16080,AT3G27770,AT5G60360,AT5G37260,AT1G35720,AT3G07230,AT5G44340,AT5G28500,AT4G32060,AT1G20010,AT2G30620,AT4G04340,AT1G22530,AT5G13710,AT5G58290,AT4G04830,AT3G46010,AT1G50010,AT4G27130,AT4G09000,AT4G14960,AT2G26900,AT2G39770,AT1G66410,AT3G46000,AT5G27280,AT3G06483,AT1G72970,AT4G35830,AT2G44310,AT3G02230,AT4G34870,AT4G13930,AT1G52930,AT3G03150,AT2G16510,AT5G37600,AT5G51820,AT2G05710,AT5G05170,AT5G17190,AT5G14040,AT1G04690,AT5G49720,AT2G34250,AT3G48730,AT3G13750,AT2G33210,AT3G12120,AT4G24920,AT2G25490,AT3G02570,AT4G30760,AT2G04280,AT3G13460,AT1G43710,AT5G54760,AT1G04820,AT1G26850,AT3G46320	AT2G22430
4	AT5G25830	GATA12	0	1	PWM1589	PBM		31	3.4775770351927796e-7	0.000020113856851937594	91	AT2G21660,AT4G39090,AT1G10760,AT3G17390,AT4G39260,AT4G13250,AT1G20620,AT1G06460,AT5G10860,AT1G54410,AT4G40040,AT2G16600,AT3G25760,AT4G04330,AT5G26570,AT2G31360,AT3G18780,AT3G47860,AT3G57520,AT4G13850,AT4G30650,AT5G19780,AT3G29320,AT3G45980,AT1G20696,AT2G28840,AT1G11530,AT4G21990,AT5G10980,AT5G28840,AT4G19120,AT3G16080,AT3G27770,AT5G60360,AT5G37260,AT1G35720,AT3G07230,AT5G44340,AT5G28500,AT4G32060,AT1G20010,AT2G30620,AT4G04340,AT1G22530,AT5G13710,AT5G58290,AT4G04830,AT3G46010,AT1G50010,AT4G27130,AT4G09000,AT4G14960,AT2G26900,AT2G39770,AT1G66410,AT3G46000,AT5G27280,AT3G06483,AT1G72970,AT4G35830,AT2G44310,AT3G02230,AT4G34870,AT4G13930,AT1G52930,AT3G03150,AT2G16510,AT5G37600,AT5G51820,AT2G05710,AT5G05170,AT5G17190,AT5G14040,AT1G04690,AT5G49720,AT2G34250,AT3G48730,AT3G13750,AT2G33210,AT3G12120,AT4G24920,AT2G25490,AT3G02570,AT4G30760,AT2G04280,AT3G13460,AT1G43710,AT5G54760,AT1G04820,AT1G26850,AT3G46320	AT2G22430
4	AT5G25830	GATA12	0	1	PWM3004	DAP-seq	GATA12_col	62	0.000041843798151191765	0.0012935505187083936	83	AT4G21960,AT3G46970,AT3G17390,AT4G13250,AT2G37220,AT5G10860,AT1G54410,AT4G40040,AT2G16600,AT4G04330,AT2G31360,AT1G20693,AT3G18780,AT4G38770,AT5G19780,AT3G29320,AT3G45980,AT2G18960,AT4G03520,AT1G69830,AT1G20696,AT1G11530,AT4G19120,AT3G27770,AT2G44490,AT2G16280,AT1G35720,AT5G44340,AT5G28500,AT5G19250,AT1G20010,AT4G22690,AT4G04340,AT5G58290,AT2G30390,AT3G07470,AT3G46010,AT1G50010,AT4G34120,AT4G14960,AT3G05220,AT5G11670,AT2G39770,AT5G44680,AT3G46000,AT4G37910,AT3G06483,AT3G04910,AT3G02230,AT2G22430,AT4G34870,AT4G23820,AT2G47390,AT4G13930,AT4G20890,AT3G03150,AT3G27820,AT1G25260,AT5G37600,AT2G05710,AT5G05170,AT3G03920,AT2G25730,AT5G17190,AT5G14040,AT5G24470,AT1G04690,AT2G30930,AT5G49720,AT2G34250,AT4G17140,AT3G13750,AT2G33210,AT3G12120,AT3G14840,AT1G04430,AT4G24920,AT2G25490,AT5G54760,AT1G04820,AT3G56070,AT2G05790,AT3G46320	AT2G22430
4	AT5G25830	GATA12	0	1	PWM2612	JASPAR	MA1015.1	102	0.00019941730954153766	0.0036485228164079286	80	AT2G21660,AT3G17390,AT4G39260,AT1G20620,AT1G06460,AT5G10860,AT1G43670,AT1G54410,AT4G40040,AT2G16600,AT4G04330,AT5G26570,AT2G31360,AT1G20693,AT3G18780,AT3G57520,AT4G13850,AT4G30650,AT3G29320,AT3G45980,AT2G18960,AT4G11600,AT1G20696,AT2G28840,AT4G21990,AT5G28840,AT4G19120,AT3G27770,AT5G37260,AT1G35720,AT3G07230,AT5G44340,AT4G32060,AT1G20010,AT2G04700,AT2G30620,AT4G04340,AT1G22530,AT5G13710,AT5G58290,AT4G04830,AT3G46010,AT1G50010,AT4G19530,AT4G27130,AT4G14960,AT2G26900,AT2G39770,AT5G03240,AT1G66410,AT3G46000,AT5G27280,AT4G35830,AT2G44310,AT3G02230,AT4G34870,AT4G13930,AT1G52930,AT3G03150,AT5G37600,AT2G05710,AT5G05170,AT5G14040,AT1G04690,AT5G49720,AT2G34250,AT4G17140,AT3G13750,AT3G12120,AT4G24920,AT2G25490,AT3G02570,AT4G30760,AT2G04280,AT3G13460,AT1G43710,AT5G54760,AT1G04820,AT1G26850,AT3G46320	AT2G22430
4	AT2G18160	ATBZIP2	1	na	PWM2932	DAP-seq	GBF5_col	30	1.7951110422538724e-7	0.00001109873827159032	92	AT1G13930,AT4G27440,AT4G39090,AT3G63160,AT3G46970,AT2G15960,AT1G20620,AT4G35770,AT4G26530,AT5G26570,AT1G78020,AT2G15970,AT3G10410,AT1G20693,AT1G25275,AT3G57520,AT3G45980,AT2G06850,AT1G69830,AT1G20696,AT4G26670,AT4G04610,AT5G10980,AT3G48360,AT5G60360,AT2G44490,AT5G37260,AT4G16146,AT5G13730,AT4G14716,AT3G52180,AT2G40840,AT1G14345,AT3G23700,AT2G04700,AT3G07470,AT2G24150,AT5G53450,AT1G29390,AT4G19530,AT5G54960,AT4G32940,AT2G37660,AT1G22770,AT4G38800,AT5G19860,AT4G29390,AT5G15230,AT5G27280,AT1G29395,AT3G24503,AT1G72970,AT1G75800,AT2G22450,AT4G16370,AT5G38510,AT4G28510,AT3G01310,AT1G48300,AT4G39980,AT5G61660,AT3G22200,AT1G52930,AT4G09020,AT1G75500,AT3G08030,AT4G39730,AT2G05710,AT2G25730,AT5G61380,AT5G24470,AT1G04690,AT5G39210,AT5G53490,AT5G49720,AT1G21670,AT2G34250,AT5G40670,AT1G28330,AT3G28940,AT1G54270,AT5G10390,AT1G78995,AT1G62780,AT4G24920,AT3G02570,AT4G39080,AT3G13460,AT5G54760,AT2G05790,AT5G57110,AT3G46630	na
4	AT3G60530	GATA4	0	0	PWM3015	DAP-seq	GATA4_col	32	3.4775770351927796e-7	0.000020113856851937594	91	AT2G21660,AT2G33830,AT3G22231,AT4G21960,AT3G46970,AT3G17390,AT4G13250,AT4G35770,AT1G06460,AT2G29630,AT1G54410,AT4G40040,AT4G04330,AT2G31360,AT3G18780,AT3G47860,AT4G38770,AT1G59870,AT5G19780,AT3G29320,AT1G69830,AT4G11600,AT1G20696,AT1G11530,AT5G10980,AT5G28840,AT4G19120,AT3G27770,AT2G44490,AT2G16280,AT1G35720,AT5G44340,AT5G19250,AT1G20010,AT5G02760,AT2G30620,AT4G04340,AT3G07470,AT3G46010,AT1G50010,AT1G29390,AT4G14960,AT2G26900,AT5G11670,AT2G39770,AT1G53210,AT1G66410,AT5G44680,AT3G46000,AT1G76180,AT4G37910,AT3G06483,AT2G36390,AT1G01470,AT3G04910,AT3G02230,AT2G22430,AT4G34870,AT1G78670,AT2G47390,AT4G13930,AT4G20890,AT3G03150,AT3G27820,AT1G25260,AT4G39730,AT2G05710,AT5G05170,AT3G03920,AT2G25730,AT5G17190,AT1G04690,AT5G49720,AT2G34250,AT3G48730,AT3G28940,AT3G13750,AT2G33210,AT3G12120,AT3G14840,AT1G62780,AT1G04430,AT4G24920,AT2G25490,AT3G02570,AT1G43710,AT5G54760,AT1G04820,AT3G56070,AT2G05790,AT1G26850	
4	AT3G60530	GATA4	0	0	PWM1070	CisBP	M0687_1.01	38	0.000002328187442760362	0.00011282270499646836	88	AT2G21660,AT4G39090,AT3G17390,AT4G39260,AT1G20620,AT1G06460,AT5G10860,AT1G43670,AT1G54410,AT4G40040,AT2G16600,AT4G04330,AT5G26570,AT2G31360,AT1G20693,AT3G18780,AT3G47860,AT2G30870,AT3G57520,AT4G30650,AT5G19780,AT3G29320,AT3G45980,AT2G18960,AT4G03520,AT1G20696,AT2G28840,AT4G21990,AT5G28840,AT4G19120,AT3G27770,AT5G60360,AT1G35720,AT3G07230,AT5G44340,AT5G28500,AT4G32060,AT1G20010,AT5G02760,AT2G30620,AT4G04340,AT5G13710,AT5G58290,AT4G04830,AT3G46010,AT1G50010,AT4G27130,AT4G09000,AT4G14960,AT2G26900,AT2G39770,AT1G66410,AT3G46000,AT5G27280,AT4G35830,AT1G75800,AT2G44310,AT3G02230,AT4G34870,AT4G13930,AT4G20890,AT3G03150,AT4G39730,AT2G16510,AT5G37600,AT2G05710,AT5G05170,AT5G14040,AT1G04690,AT5G49720,AT2G34250,AT3G48730,AT5G40670,AT3G13750,AT2G33210,AT3G12120,AT4G24920,AT2G25490,AT3G02570,AT4G30760,AT2G04280,AT3G13460,AT1G43710,AT5G54760,AT1G04820,AT1G26850,AT3G10970,AT3G46320	
4	AT5G38800	AtbZIP43	2	na	PWM2916	DAP-seq	BZIP43_col	33	0.0000012524978015503578	0.00006805238055090278	89	AT1G13930,AT4G27440,AT4G39090,AT3G63160,AT3G46970,AT1G10760,AT1G20020,AT2G15960,AT4G39260,AT1G20620,AT4G35770,AT4G26530,AT5G26570,AT1G78020,AT1G20693,AT3G57520,AT3G45980,AT2G18960,AT2G06850,AT1G69830,AT1G20696,AT4G26670,AT4G04610,AT3G26060,AT2G14170,AT5G10980,AT3G48360,AT5G60360,AT2G44490,AT5G37260,AT5G19250,AT4G16146,AT5G13730,AT4G14716,AT5G02760,AT3G52180,AT2G40840,AT3G23700,AT3G07470,AT4G04830,AT2G24150,AT1G29390,AT4G19530,AT4G27130,AT4G32940,AT2G37660,AT1G22770,AT3G46000,AT4G29390,AT5G27280,AT1G29395,AT3G06483,AT3G24503,AT1G72970,AT1G61740,AT1G75800,AT2G22450,AT4G16370,AT3G04290,AT3G01310,AT1G48300,AT5G61660,AT3G22200,AT1G52930,AT1G75500,AT4G39730,AT2G05710,AT2G25730,AT5G61380,AT5G24470,AT5G39210,AT5G21090,AT5G53490,AT5G49720,AT1G21670,AT2G34250,AT5G40670,AT3G28940,AT2G42840,AT3G46740,AT1G78995,AT4G24920,AT2G25490,AT3G02570,AT4G39080,AT3G13460,AT5G54760,AT5G57110,AT3G46630	na
4	AT3G45170	GATA14	4	na	PWM989	CisBP	M0685_1.01	34	0.0000012524978015503578	0.00006805238055090278	89	AT2G21660,AT1G10760,AT3G17390,AT4G39260,AT1G20620,AT1G06460,AT5G10860,AT4G40040,AT2G16600,AT4G04330,AT5G63780,AT5G26570,AT2G31360,AT1G20693,AT1G25275,AT3G18780,AT3G47860,AT3G22120,AT3G57520,AT4G30650,AT3G29320,AT3G45980,AT2G18960,AT2G06850,AT4G03520,AT1G20696,AT2G28840,AT4G19120,AT3G27770,AT5G60360,AT1G35720,AT3G07230,AT5G44340,AT5G28500,AT1G20010,AT3G52180,AT2G40840,AT1G68560,AT2G30620,AT4G04340,AT1G22530,AT5G13710,AT3G46010,AT1G50010,AT4G19530,AT1G04400,AT3G45780,AT4G27130,AT4G09000,AT4G14960,AT2G26900,AT2G39770,AT1G66410,AT3G46000,AT5G27280,AT3G06483,AT4G35830,AT1G01470,AT1G75800,AT2G44310,AT3G02230,AT4G34870,AT4G13930,AT4G20890,AT3G03150,AT5G37600,AT5G51820,AT2G05710,AT5G05170,AT3G52500,AT5G14040,AT1G04690,AT5G49720,AT2G34250,AT4G17140,AT3G13750,AT3G12120,AT3G14840,AT4G24920,AT2G25490,AT3G13460,AT1G43710,AT5G54760,AT1G04820,AT2G05790,AT1G10200,AT1G26850,AT3G10970,AT3G46320	na
4	AT3G45170	GATA14	4	na	PWM3006	DAP-seq	GATA14_col	40	0.000002328187442760362	0.00011282270499646836	88	AT2G21660,AT2G33830,AT3G09390,AT4G21960,AT3G46970,AT1G10760,AT3G17390,AT3G15840,AT4G13250,AT1G20620,AT5G10860,AT1G54410,AT4G40040,AT2G16600,AT5G26570,AT2G31360,AT1G20693,AT1G25275,AT3G18780,AT3G47860,AT3G57520,AT4G13850,AT4G38770,AT1G59870,AT5G19780,AT3G29320,AT3G45980,AT2G18960,AT1G69830,AT4G11600,AT1G20696,AT4G04610,AT4G34950,AT2G14170,AT1G13270,AT4G19120,AT4G12320,AT3G27770,AT5G37260,AT1G35720,AT5G28500,AT5G19250,AT4G22690,AT4G30190,AT3G46010,AT1G50010,AT4G19530,AT4G27130,AT4G14960,AT2G26900,AT2G39770,AT3G54090,AT5G44680,AT3G46000,AT1G76180,AT3G06483,AT3G24503,AT4G35830,AT3G02230,AT4G34870,AT4G13930,AT3G03150,AT3G27820,AT2G16510,AT5G05170,AT5G64860,AT3G03920,AT2G25730,AT5G17190,AT5G14040,AT5G49720,AT2G34250,AT4G17140,AT1G02475,AT3G13750,AT1G66820,AT3G12120,AT3G14840,AT1G04430,AT4G24920,AT2G25490,AT4G39080,AT1G43710,AT1G04820,AT1G09780,AT1G26850,AT3G10970,AT3G46320	na
4	AT3G51080	GATA6	0	na	PWM990	CisBP	M0685_1.01	35	0.0000012524978015503578	0.00006805238055090278	89	AT2G21660,AT1G10760,AT3G17390,AT4G39260,AT1G20620,AT1G06460,AT5G10860,AT4G40040,AT2G16600,AT4G04330,AT5G63780,AT5G26570,AT2G31360,AT1G20693,AT1G25275,AT3G18780,AT3G47860,AT3G22120,AT3G57520,AT4G30650,AT3G29320,AT3G45980,AT2G18960,AT2G06850,AT4G03520,AT1G20696,AT2G28840,AT4G19120,AT3G27770,AT5G60360,AT1G35720,AT3G07230,AT5G44340,AT5G28500,AT1G20010,AT3G52180,AT2G40840,AT1G68560,AT2G30620,AT4G04340,AT1G22530,AT5G13710,AT3G46010,AT1G50010,AT4G19530,AT1G04400,AT3G45780,AT4G27130,AT4G09000,AT4G14960,AT2G26900,AT2G39770,AT1G66410,AT3G46000,AT5G27280,AT3G06483,AT4G35830,AT1G01470,AT1G75800,AT2G44310,AT3G02230,AT4G34870,AT4G13930,AT4G20890,AT3G03150,AT5G37600,AT5G51820,AT2G05710,AT5G05170,AT3G52500,AT5G14040,AT1G04690,AT5G49720,AT2G34250,AT4G17140,AT3G13750,AT3G12120,AT3G14840,AT4G24920,AT2G25490,AT3G13460,AT1G43710,AT5G54760,AT1G04820,AT2G05790,AT1G10200,AT1G26850,AT3G10970,AT3G46320	na
4	AT3G51080	GATA6	0	na	PWM3016	DAP-seq	GATA6_col	86	0.00012023386062734147	0.002728852051959788	81	AT2G21660,AT3G22231,AT3G09390,AT4G21960,AT3G46970,AT3G17390,AT2G15960,AT4G13250,AT1G20620,AT1G54410,AT4G40040,AT3G25760,AT2G31360,AT2G15970,AT1G20693,AT3G18780,AT4G13850,AT4G38770,AT5G19780,AT3G29320,AT2G18960,AT2G10940,AT1G69830,AT4G11600,AT1G20696,AT1G11530,AT1G13270,AT4G19120,AT3G27770,AT2G16280,AT1G35720,AT5G44340,AT1G29670,AT5G19250,AT1G20010,AT3G52180,AT4G22690,AT2G30390,AT3G07470,AT3G46010,AT1G50010,AT4G34120,AT4G27130,AT4G14960,AT3G05220,AT5G11670,AT2G39770,AT3G54090,AT3G46000,AT1G76180,AT3G06483,AT3G02230,AT2G22430,AT2G47390,AT4G13930,AT4G20890,AT3G03150,AT3G27820,AT3G08030,AT5G37600,AT2G05710,AT5G05170,AT3G03920,AT2G25730,AT5G17190,AT5G14040,AT5G49720,AT2G34250,AT3G13750,AT3G12120,AT3G14840,AT1G04430,AT4G24920,AT2G25490,AT4G39080,AT1G43710,AT5G54760,AT1G04820,AT3G56070,AT2G05790,AT3G46320	na
4	AT5G66320	GATA5	0	0	PWM991	CisBP	M0685_1.01	36	0.0000012524978015503578	0.00006805238055090278	89	AT2G21660,AT1G10760,AT3G17390,AT4G39260,AT1G20620,AT1G06460,AT5G10860,AT4G40040,AT2G16600,AT4G04330,AT5G63780,AT5G26570,AT2G31360,AT1G20693,AT1G25275,AT3G18780,AT3G47860,AT3G22120,AT3G57520,AT4G30650,AT3G29320,AT3G45980,AT2G18960,AT2G06850,AT4G03520,AT1G20696,AT2G28840,AT4G19120,AT3G27770,AT5G60360,AT1G35720,AT3G07230,AT5G44340,AT5G28500,AT1G20010,AT3G52180,AT2G40840,AT1G68560,AT2G30620,AT4G04340,AT1G22530,AT5G13710,AT3G46010,AT1G50010,AT4G19530,AT1G04400,AT3G45780,AT4G27130,AT4G09000,AT4G14960,AT2G26900,AT2G39770,AT1G66410,AT3G46000,AT5G27280,AT3G06483,AT4G35830,AT1G01470,AT1G75800,AT2G44310,AT3G02230,AT4G34870,AT4G13930,AT4G20890,AT3G03150,AT5G37600,AT5G51820,AT2G05710,AT5G05170,AT3G52500,AT5G14040,AT1G04690,AT5G49720,AT2G34250,AT4G17140,AT3G13750,AT3G12120,AT3G14840,AT4G24920,AT2G25490,AT3G13460,AT1G43710,AT5G54760,AT1G04820,AT2G05790,AT1G10200,AT1G26850,AT3G10970,AT3G46320	
4	AT2G45050	GATA2	5	na	PWM1069	CisBP	M0687_1.01	37	0.000002328187442760362	0.00011282270499646836	88	AT2G21660,AT4G39090,AT3G17390,AT4G39260,AT1G20620,AT1G06460,AT5G10860,AT1G43670,AT1G54410,AT4G40040,AT2G16600,AT4G04330,AT5G26570,AT2G31360,AT1G20693,AT3G18780,AT3G47860,AT2G30870,AT3G57520,AT4G30650,AT5G19780,AT3G29320,AT3G45980,AT2G18960,AT4G03520,AT1G20696,AT2G28840,AT4G21990,AT5G28840,AT4G19120,AT3G27770,AT5G60360,AT1G35720,AT3G07230,AT5G44340,AT5G28500,AT4G32060,AT1G20010,AT5G02760,AT2G30620,AT4G04340,AT5G13710,AT5G58290,AT4G04830,AT3G46010,AT1G50010,AT4G27130,AT4G09000,AT4G14960,AT2G26900,AT2G39770,AT1G66410,AT3G46000,AT5G27280,AT4G35830,AT1G75800,AT2G44310,AT3G02230,AT4G34870,AT4G13930,AT4G20890,AT3G03150,AT4G39730,AT2G16510,AT5G37600,AT2G05710,AT5G05170,AT5G14040,AT1G04690,AT5G49720,AT2G34250,AT3G48730,AT5G40670,AT3G13750,AT2G33210,AT3G12120,AT4G24920,AT2G25490,AT3G02570,AT4G30760,AT2G04280,AT3G13460,AT1G43710,AT5G54760,AT1G04820,AT1G26850,AT3G10970,AT3G46320	na
4	AT3G54810	BME3	3	0	PWM2614	JASPAR	MA1017.1	39	0.000002328187442760362	0.00011282270499646836	88	AT2G21660,AT3G17390,AT4G39260,AT1G20620,AT1G06460,AT5G10860,AT1G54410,AT4G40040,AT2G16600,AT3G25760,AT5G63780,AT5G26570,AT2G31360,AT1G20693,AT3G18780,AT3G47860,AT2G30870,AT3G57520,AT4G13850,AT4G30650,AT5G19780,AT3G29320,AT3G45980,AT4G11600,AT1G20696,AT2G28840,AT4G21990,AT5G28840,AT4G19120,AT3G27770,AT5G60360,AT2G16280,AT1G35720,AT3G07230,AT5G44340,AT4G32060,AT1G20010,AT2G30620,AT5G13710,AT4G04830,AT3G46010,AT1G50010,AT4G27130,AT4G09000,AT4G14960,AT2G26900,AT2G39770,AT1G53210,AT5G03240,AT1G66410,AT3G46000,AT4G37910,AT5G27280,AT4G35830,AT3G02230,AT4G34870,AT1G78670,AT4G13930,AT4G20890,AT3G03150,AT4G39730,AT2G16510,AT2G05710,AT5G05170,AT3G03920,AT5G14040,AT1G04690,AT5G49720,AT2G34250,AT3G48730,AT5G40670,AT1G02475,AT3G13750,AT2G33210,AT3G12120,AT4G24920,AT2G25490,AT3G02570,AT4G30760,AT2G04280,AT3G13460,AT1G43710,AT5G54760,AT1G04820,AT2G05790,AT1G26850,AT3G10970,AT3G46320	
4	AT3G54810	BME3	3	0	PWM1517	CisBP	M0686_1.01	41	0.000004267790626153515	0.00018663777055349395	87	AT2G21660,AT3G17390,AT4G39260,AT1G20620,AT1G06460,AT5G10860,AT1G54410,AT4G40040,AT2G16600,AT3G25760,AT5G63780,AT5G26570,AT2G31360,AT1G20693,AT3G18780,AT3G47860,AT2G30870,AT3G57520,AT4G30650,AT5G19780,AT3G29320,AT3G45980,AT4G11600,AT1G20696,AT2G28840,AT4G21990,AT5G28840,AT4G19120,AT3G27770,AT5G60360,AT2G16280,AT1G35720,AT3G07230,AT5G44340,AT4G32060,AT1G20010,AT2G30620,AT5G13710,AT3G46010,AT1G50010,AT4G27130,AT4G09000,AT4G14960,AT2G26900,AT2G39770,AT1G53210,AT5G03240,AT1G66410,AT3G46000,AT4G37910,AT5G27280,AT4G35830,AT3G02230,AT4G34870,AT1G78670,AT4G13930,AT4G20890,AT3G03150,AT4G39730,AT2G16510,AT5G37600,AT2G05710,AT5G05170,AT3G03920,AT5G14040,AT1G04690,AT5G49720,AT2G34250,AT3G48730,AT5G40670,AT1G02475,AT3G13750,AT2G33210,AT3G12120,AT4G24920,AT2G25490,AT3G02570,AT4G30760,AT2G04280,AT3G13460,AT1G43710,AT5G54760,AT1G04820,AT2G05790,AT1G26850,AT3G10970,AT3G46320	
4	AT2G04038	AtbZIP48	8	na	PWM2919	DAP-seq	BZIP48_col	42	0.000004267790626153515	0.00018663777055349395	87	AT1G13930,AT4G27440,AT4G39090,AT3G46970,AT1G20020,AT1G20620,AT4G35770,AT1G43670,AT5G26570,AT1G78020,AT1G20693,AT3G57520,AT4G13850,AT3G45980,AT2G18960,AT2G06850,AT1G69830,AT1G20696,AT4G26670,AT4G04610,AT5G10980,AT3G48360,AT5G60360,AT2G44490,AT5G37260,AT5G13730,AT4G14716,AT5G02760,AT3G52180,AT2G40840,AT3G23700,AT3G07470,AT4G04830,AT2G24150,AT1G29390,AT4G19530,AT4G32940,AT1G53210,AT2G37660,AT1G22770,AT3G46000,AT4G38800,AT4G29390,AT5G27280,AT1G29395,AT3G24503,AT1G72970,AT1G61740,AT1G75800,AT2G22450,AT4G16370,AT5G38510,AT4G28510,AT3G04290,AT3G01310,AT1G48300,AT4G39980,AT5G61660,AT3G22200,AT1G52930,AT1G75500,AT3G08030,AT4G39730,AT5G64860,AT1G74880,AT2G25730,AT5G61380,AT5G24470,AT5G39210,AT5G53490,AT5G49720,AT1G21670,AT2G34250,AT5G40670,AT3G28940,AT1G54270,AT5G10390,AT3G46740,AT1G78995,AT4G24920,AT2G25490,AT3G02570,AT4G39080,AT3G13460,AT5G54760,AT5G57110,AT3G46630	na
4	AT2G43010	AtPIF4	19	65	PWM818	CisBP	M2224_1.01	43	0.000004267790626153515	0.00018663777055349395	87	AT5G20630,AT2G33830,AT3G63160,AT1G10760,AT2G15960,AT4G32340,AT2G15890,AT1G20620,AT4G16190,AT1G43670,AT2G16600,AT4G04330,AT2G05520,AT5G15960,AT1G21680,AT3G53460,AT2G15970,AT3G10410,AT3G57520,AT3G29320,AT2G33150,AT2G45740,AT4G11600,AT1G54500,AT3G55630,AT4G19120,AT2G44490,AT5G37260,AT1G35720,AT4G16146,AT1G54100,AT4G00370,AT3G48990,AT1G14345,AT4G18240,AT2G04700,AT4G04340,AT4G30190,AT1G52190,AT5G14780,AT3G46010,AT2G24150,AT3G20820,AT2G39770,AT5G44680,AT5G11420,AT1G76180,AT2G42530,AT2G36390,AT1G75800,AT2G22450,AT4G16370,AT5G38510,AT3G04290,AT3G04910,AT3G06680,AT1G48300,AT3G02230,AT4G34870,AT4G23820,AT2G47390,AT1G72160,AT5G61660,AT5G05200,AT4G13930,AT3G03150,AT4G09020,AT3G27820,AT1G75500,AT2G05710,AT2G25730,AT5G17190,AT1G04690,AT5G39210,AT1G21670,AT1G28330,AT1G04770,AT2G42840,AT1G62780,AT3G02570,AT1G04820,AT2G05790,AT2G16660,AT3G46630,AT2G37630,AT2G05990,AT5G16710	AT4G27440,AT5G20630,AT4G39090,AT1G12090,AT1G20620,AT4G35770,AT4G26530,AT5G14920,AT4G04330,AT1G25275,AT4G30660,AT5G19780,AT3G29320,AT2G18960,AT1G30360,AT2G10940,AT2G28840,AT4G19120,AT2G44490,AT1G54100,AT5G13730,AT5G02760,AT1G14345,AT3G23700,AT1G68560,AT5G13710,AT1G52190,AT5G14780,AT3G07470,AT3G45780,AT3G20820,AT3G05220,AT2G26900,AT5G11670,AT1G76180,AT5G15230,AT1G29395,AT3G24503,AT5G59540,AT4G17560,AT1G61740,AT1G75800,AT3G04910,AT2G22430,AT4G23820,AT1G72160,AT1G18720,AT3G03150,AT1G75500,AT5G15410,AT3G08030,AT3G55280,AT5G24470,AT1G04690,AT5G39210,AT5G21090,AT3G13750,AT2G33210,AT2G42840,AT2G25490,AT3G02570,AT2G05790,AT1G21130,AT4G25630,AT2G37630
4	AT2G43010	AtPIF4	19	65	PWM2161	JASPAR	MA0561.1	51	0.000013748502334501779	0.0005244907379949296	85	AT5G20630,AT2G33830,AT3G63160,AT1G10760,AT2G15960,AT4G32340,AT2G15890,AT1G20620,AT4G16190,AT1G43670,AT2G16600,AT4G04330,AT2G05520,AT5G15960,AT1G21680,AT3G53460,AT2G15970,AT3G10410,AT3G57520,AT3G29320,AT2G33150,AT2G45740,AT4G11600,AT1G54500,AT3G55630,AT4G19120,AT1G07440,AT2G44490,AT5G37260,AT1G35720,AT4G16146,AT1G54100,AT4G00370,AT3G48990,AT1G14345,AT4G18240,AT2G04700,AT4G04340,AT4G30190,AT1G52190,AT5G14780,AT3G46010,AT2G24150,AT3G20820,AT2G39770,AT5G11420,AT1G76180,AT2G42530,AT2G36390,AT1G75800,AT2G22450,AT4G16370,AT5G38510,AT3G04290,AT3G04910,AT3G06680,AT1G48300,AT3G02230,AT4G23820,AT2G47390,AT1G72160,AT5G61660,AT5G05200,AT4G13930,AT3G03150,AT4G09020,AT3G27820,AT1G75500,AT2G05710,AT2G25730,AT5G17190,AT1G04690,AT5G39210,AT1G21670,AT1G28330,AT1G04770,AT2G42840,AT1G62780,AT1G04820,AT2G05790,AT2G16660,AT3G46630,AT2G37630,AT2G05990,AT5G16710	AT4G27440,AT5G20630,AT4G39090,AT1G12090,AT1G20620,AT4G35770,AT4G26530,AT5G14920,AT4G04330,AT1G25275,AT4G30660,AT5G19780,AT3G29320,AT2G18960,AT1G30360,AT2G10940,AT2G28840,AT4G19120,AT2G44490,AT1G54100,AT5G13730,AT5G02760,AT1G14345,AT3G23700,AT1G68560,AT5G13710,AT1G52190,AT5G14780,AT3G07470,AT3G45780,AT3G20820,AT3G05220,AT2G26900,AT5G11670,AT1G76180,AT5G15230,AT1G29395,AT3G24503,AT5G59540,AT4G17560,AT1G61740,AT1G75800,AT3G04910,AT2G22430,AT4G23820,AT1G72160,AT1G18720,AT3G03150,AT1G75500,AT5G15410,AT3G08030,AT3G55280,AT5G24470,AT1G04690,AT5G39210,AT5G21090,AT3G13750,AT2G33210,AT2G42840,AT2G25490,AT3G02570,AT2G05790,AT1G21130,AT4G25630,AT2G37630
4	AT1G49720	ABF1	34	85	PWM974	CisBP	M0254_1.01	44	0.000004267790626153515	0.00018663777055349395	87	AT3G26740,AT5G20630,AT3G63160,AT2G30860,AT1G10760,AT2G15960,AT2G15890,AT4G13250,AT1G20620,AT4G16190,AT2G16600,AT4G04330,AT5G63780,AT5G15960,AT1G21680,AT3G53460,AT2G15970,AT3G10410,AT3G57520,AT3G29320,AT2G33150,AT2G45740,AT1G69830,AT4G11600,AT1G54500,AT1G70782,AT4G19120,AT5G37260,AT1G35720,AT3G48740,AT5G28500,AT4G16146,AT4G00370,AT3G48990,AT1G14345,AT4G18240,AT4G04340,AT4G30190,AT5G14780,AT1G06760,AT2G24150,AT1G50010,AT1G29390,AT4G19530,AT3G45780,AT4G27130,AT5G54960,AT4G14960,AT3G20820,AT5G44680,AT1G76180,AT5G47240,AT5G19860,AT1G29395,AT4G17560,AT2G36390,AT1G01470,AT1G75800,AT2G22450,AT3G43720,AT4G16370,AT3G04910,AT1G48300,AT3G02230,AT4G34870,AT1G78670,AT2G47390,AT3G03150,AT3G27820,AT2G05710,AT2G25730,AT1G58270,AT1G04690,AT1G21670,AT1G28330,AT1G04770,AT2G26740,AT3G12120,AT5G58310,AT1G78995,AT1G62780,AT3G02570,AT1G04820,AT3G46630,AT2G37630,AT2G05990,AT5G16710	AT3G09390,AT4G39090,AT1G12090,AT4G21960,AT1G10760,AT2G15960,AT4G13250,AT1G20620,AT4G35770,AT4G16190,AT1G54410,AT2G16600,AT4G04330,AT2G15970,AT2G30870,AT4G13850,AT1G49750,AT3G29320,AT2G18960,AT2G06850,AT4G11600,AT5G37780,AT2G14170,AT5G08410,AT3G48360,AT5G60360,AT2G44490,AT5G37260,AT1G29670,AT1G20010,AT4G00370,AT4G02370,AT5G02240,AT1G14345,AT3G23700,AT1G68560,AT4G30190,AT5G13710,AT3G46010,AT1G50010,AT3G16250,AT1G29390,AT3G45780,AT4G09000,AT5G54960,AT4G14960,AT3G20820,AT5G03240,AT1G76180,AT5G15230,AT3G24503,AT2G36390,AT1G01470,AT1G61740,AT1G75800,AT4G16370,AT3G04910,AT3G06680,AT2G22430,AT4G34870,AT1G78670,AT2G47390,AT1G72160,AT5G05200,AT1G74560,AT3G03150,AT1G75500,AT3G08030,AT4G39730,AT3G55280,AT1G58270,AT5G24470,AT1G04690,AT4G01610,AT1G21670,AT5G40670,AT1G28330,AT1G04770,AT1G78995,AT1G70160,AT2G25490,AT3G02570,AT1G04820,AT5G57110,AT2G37630
4	AT1G49720	ABF1	34	85	PWM326	AGRIS		57	0.000024157211252576205	0.0008172430146390404	84	AT3G05880,AT2G33830,AT3G63160,AT2G30860,AT1G10760,AT4G32340,AT1G20620,AT4G16190,AT1G43670,AT2G16600,AT4G04330,AT5G15960,AT1G21680,AT3G53460,AT1G78020,AT1G17100,AT2G15970,AT3G10410,AT3G14210,AT3G57520,AT3G29320,AT2G33150,AT2G45740,AT2G18960,AT3G16370,AT1G69830,AT4G11600,AT3G58680,AT4G04610,AT1G54500,AT3G55630,AT3G16080,AT5G37260,AT1G35720,AT4G16146,AT4G00370,AT3G48990,AT1G14345,AT4G18240,AT1G70890,AT2G04700,AT4G04340,AT4G30190,AT1G52190,AT5G14780,AT5G62360,AT3G45780,AT5G19540,AT3G20820,AT2G39770,AT5G11420,AT5G47240,AT5G19860,AT2G42530,AT2G36390,AT5G38510,AT3G04910,AT3G06680,AT1G48300,AT3G02230,AT4G39980,AT2G47390,AT5G61660,AT5G05200,AT4G13930,AT3G03150,AT4G09020,AT3G27820,AT4G39730,AT5G51820,AT2G25730,AT5G17190,AT5G61380,AT5G27380,AT1G21670,AT2G42840,AT4G04770,AT5G58310,AT3G14840,AT1G62780,AT2G05790,AT2G16660,AT3G46630,AT5G16710	AT3G09390,AT4G39090,AT1G12090,AT4G21960,AT1G10760,AT2G15960,AT4G13250,AT1G20620,AT4G35770,AT4G16190,AT1G54410,AT2G16600,AT4G04330,AT2G15970,AT2G30870,AT4G13850,AT1G49750,AT3G29320,AT2G18960,AT2G06850,AT4G11600,AT5G37780,AT2G14170,AT5G08410,AT3G48360,AT5G60360,AT2G44490,AT5G37260,AT1G29670,AT1G20010,AT4G00370,AT4G02370,AT5G02240,AT1G14345,AT3G23700,AT1G68560,AT4G30190,AT5G13710,AT3G46010,AT1G50010,AT3G16250,AT1G29390,AT3G45780,AT4G09000,AT5G54960,AT4G14960,AT3G20820,AT5G03240,AT1G76180,AT5G15230,AT3G24503,AT2G36390,AT1G01470,AT1G61740,AT1G75800,AT4G16370,AT3G04910,AT3G06680,AT2G22430,AT4G34870,AT1G78670,AT2G47390,AT1G72160,AT5G05200,AT1G74560,AT3G03150,AT1G75500,AT3G08030,AT4G39730,AT3G55280,AT1G58270,AT5G24470,AT1G04690,AT4G01610,AT1G21670,AT5G40670,AT1G28330,AT1G04770,AT1G78995,AT1G70160,AT2G25490,AT3G02570,AT1G04820,AT5G57110,AT2G37630
4	AT1G49720	ABF1	34	85	PWM1495	CisBP	M2233_1.01	187	0.0020061379891144174	0.019763766013638186	75	AT1G13930,AT4G27440,AT3G63160,AT3G46970,AT2G30860,AT1G10760,AT1G20620,AT1G43670,AT2G05520,AT1G21680,AT3G53460,AT2G15970,AT3G10410,AT3G14210,AT1G09750,AT3G57520,AT3G29320,AT2G45740,AT2G06850,AT1G69830,AT1G54500,AT4G21990,AT5G60360,AT1G35720,AT5G44340,AT4G16146,AT1G54100,AT2G40840,AT4G00370,AT1G14345,AT3G23700,AT4G18240,AT1G28660,AT4G30190,AT5G14780,AT2G30390,AT5G53450,AT5G54960,AT2G39770,AT2G37660,AT1G76180,AT5G19860,AT4G29390,AT3G06483,AT4G17560,AT1G72970,AT2G36390,AT1G01470,AT1G75800,AT2G22450,AT3G04910,AT3G01310,AT1G48300,AT4G34870,AT1G20630,AT2G47390,AT4G13930,AT3G03150,AT4G09020,AT1G75500,AT2G05710,AT2G25730,AT5G61380,AT5G53490,AT1G21670,AT2G34250,AT1G28330,AT4G04770,AT5G58310,AT3G14840,AT1G78995,AT1G62780,AT5G57110,AT2G37630,AT5G16710	AT3G09390,AT4G39090,AT1G12090,AT4G21960,AT1G10760,AT2G15960,AT4G13250,AT1G20620,AT4G35770,AT4G16190,AT1G54410,AT2G16600,AT4G04330,AT2G15970,AT2G30870,AT4G13850,AT1G49750,AT3G29320,AT2G18960,AT2G06850,AT4G11600,AT5G37780,AT2G14170,AT5G08410,AT3G48360,AT5G60360,AT2G44490,AT5G37260,AT1G29670,AT1G20010,AT4G00370,AT4G02370,AT5G02240,AT1G14345,AT3G23700,AT1G68560,AT4G30190,AT5G13710,AT3G46010,AT1G50010,AT3G16250,AT1G29390,AT3G45780,AT4G09000,AT5G54960,AT4G14960,AT3G20820,AT5G03240,AT1G76180,AT5G15230,AT3G24503,AT2G36390,AT1G01470,AT1G61740,AT1G75800,AT4G16370,AT3G04910,AT3G06680,AT2G22430,AT4G34870,AT1G78670,AT2G47390,AT1G72160,AT5G05200,AT1G74560,AT3G03150,AT1G75500,AT3G08030,AT4G39730,AT3G55280,AT1G58270,AT5G24470,AT1G04690,AT4G01610,AT1G21670,AT5G40670,AT1G28330,AT1G04770,AT1G78995,AT1G70160,AT2G25490,AT3G02570,AT1G04820,AT5G57110,AT2G37630
4	AT1G49720	ABF1	34	85	PWM2170	JASPAR	MA0570.1	211	0.0030438330023913308	0.026884692479249538	74	AT1G13930,AT4G27440,AT3G63160,AT3G46970,AT2G30860,AT1G10760,AT1G20620,AT1G43670,AT2G05520,AT1G21680,AT3G53460,AT2G15970,AT3G10410,AT3G14210,AT1G09750,AT3G57520,AT3G29320,AT2G45740,AT2G06850,AT1G69830,AT1G54500,AT4G21990,AT5G60360,AT1G35720,AT5G44340,AT4G16146,AT1G54100,AT2G40840,AT4G00370,AT1G14345,AT4G18240,AT4G30190,AT5G14780,AT2G30390,AT5G53450,AT5G54960,AT2G39770,AT2G37660,AT5G19860,AT4G29390,AT4G17560,AT1G72970,AT2G36390,AT1G01470,AT1G75800,AT2G22450,AT3G04910,AT3G01310,AT1G48300,AT5G02480,AT4G34870,AT1G20630,AT2G47390,AT4G13930,AT3G03150,AT4G09020,AT1G75500,AT2G05710,AT2G25730,AT1G58270,AT5G61380,AT5G53490,AT1G21670,AT2G34250,AT1G28330,AT4G04770,AT5G58310,AT3G14840,AT1G78995,AT1G62780,AT5G57110,AT2G37630,AT2G05990,AT5G16710	AT3G09390,AT4G39090,AT1G12090,AT4G21960,AT1G10760,AT2G15960,AT4G13250,AT1G20620,AT4G35770,AT4G16190,AT1G54410,AT2G16600,AT4G04330,AT2G15970,AT2G30870,AT4G13850,AT1G49750,AT3G29320,AT2G18960,AT2G06850,AT4G11600,AT5G37780,AT2G14170,AT5G08410,AT3G48360,AT5G60360,AT2G44490,AT5G37260,AT1G29670,AT1G20010,AT4G00370,AT4G02370,AT5G02240,AT1G14345,AT3G23700,AT1G68560,AT4G30190,AT5G13710,AT3G46010,AT1G50010,AT3G16250,AT1G29390,AT3G45780,AT4G09000,AT5G54960,AT4G14960,AT3G20820,AT5G03240,AT1G76180,AT5G15230,AT3G24503,AT2G36390,AT1G01470,AT1G61740,AT1G75800,AT4G16370,AT3G04910,AT3G06680,AT2G22430,AT4G34870,AT1G78670,AT2G47390,AT1G72160,AT5G05200,AT1G74560,AT3G03150,AT1G75500,AT3G08030,AT4G39730,AT3G55280,AT1G58270,AT5G24470,AT1G04690,AT4G01610,AT1G21670,AT5G40670,AT1G28330,AT1G04770,AT1G78995,AT1G70160,AT2G25490,AT3G02570,AT1G04820,AT5G57110,AT2G37630
4	AT1G75080	BZR1	0	na	PWM1390	CisBP	M2213_1.01	45	0.000007714270331526476	0.0003073708156539327	86	AT3G05880,AT2G33830,AT3G63160,AT4G21960,AT1G10760,AT4G32340,AT4G13250,AT1G20620,AT5G14920,AT1G43670,AT2G16600,AT4G04330,AT5G15960,AT1G21680,AT3G53460,AT2G15970,AT3G10410,AT3G57520,AT5G23660,AT3G29320,AT2G33150,AT2G45740,AT2G06850,AT1G69830,AT4G11600,AT1G54500,AT5G60360,AT2G44490,AT5G37260,AT1G35720,AT3G48740,AT5G28500,AT4G16146,AT5G13730,AT1G20010,AT4G00370,AT1G14345,AT4G18240,AT1G68560,AT2G04700,AT4G04340,AT4G30190,AT5G14780,AT2G30390,AT2G24150,AT1G50010,AT5G62360,AT5G54960,AT3G20820,AT1G76180,AT5G47240,AT2G42530,AT1G29395,AT3G24503,AT4G17560,AT2G36390,AT1G01470,AT1G75800,AT2G22450,AT4G16370,AT5G38510,AT3G04910,AT3G02230,AT4G34870,AT1G78670,AT2G47390,AT1G72160,AT5G61660,AT5G05200,AT4G13930,AT3G03150,AT2G25730,AT1G04690,AT5G39210,AT1G21670,AT1G28330,AT2G42840,AT2G26740,AT3G12120,AT1G78995,AT3G02570,AT1G04820,AT3G46630,AT2G37630,AT2G05990,AT5G16710	na
4	AT1G75080	BZR1	0	na	PWM2150	JASPAR	MA0550.1	50	0.000013748502334501779	0.0005244907379949296	85	AT3G05880,AT2G33830,AT3G63160,AT4G21960,AT1G10760,AT4G32340,AT4G13250,AT1G20620,AT5G14920,AT1G43670,AT2G16600,AT4G04330,AT5G15960,AT1G21680,AT3G53460,AT2G15970,AT3G10410,AT3G57520,AT5G23660,AT3G29320,AT2G33150,AT2G45740,AT2G06850,AT1G69830,AT4G11600,AT1G54500,AT5G60360,AT2G44490,AT5G37260,AT1G35720,AT3G48740,AT5G28500,AT4G16146,AT5G13730,AT1G20010,AT4G00370,AT1G14345,AT4G18240,AT1G68560,AT2G04700,AT4G04340,AT4G30190,AT5G14780,AT2G30390,AT2G24150,AT1G50010,AT5G62360,AT5G54960,AT3G20820,AT1G76180,AT5G47240,AT2G42530,AT1G29395,AT3G24503,AT4G17560,AT2G36390,AT1G01470,AT1G75800,AT2G22450,AT4G16370,AT5G38510,AT3G02230,AT4G34870,AT1G78670,AT2G47390,AT1G72160,AT5G61660,AT5G05200,AT4G13930,AT3G03150,AT2G25730,AT1G04690,AT5G39210,AT1G21670,AT1G28330,AT2G42840,AT2G26740,AT3G12120,AT1G78995,AT3G02570,AT1G04820,AT3G46630,AT2G37630,AT2G05990,AT5G16710	na
4	AT3G30530	ATBZIP42	3	na	PWM2914	DAP-seq	BZIP42_col	46	0.000007714270331526476	0.0003073708156539327	86	AT1G13930,AT4G27440,AT4G39090,AT3G46970,AT1G10760,AT1G20020,AT4G39260,AT1G20620,AT4G35770,AT5G26570,AT1G78020,AT1G20693,AT3G57520,AT3G45980,AT2G18960,AT2G06850,AT1G69830,AT1G20696,AT4G26670,AT4G04610,AT5G37780,AT5G10980,AT3G48360,AT5G60360,AT2G44490,AT5G37260,AT5G13730,AT4G14716,AT5G02760,AT3G52180,AT2G40840,AT3G23700,AT1G52190,AT3G07470,AT4G04830,AT2G24150,AT1G29390,AT4G19530,AT4G27130,AT4G32940,AT2G37660,AT1G22770,AT3G46000,AT4G29390,AT5G15230,AT5G27280,AT1G29395,AT3G24503,AT1G72970,AT1G61740,AT1G75800,AT2G22450,AT4G16370,AT3G04290,AT3G01310,AT1G48300,AT5G61660,AT1G18720,AT3G22200,AT1G52930,AT1G75500,AT3G08030,AT4G39730,AT5G64860,AT2G25730,AT5G61380,AT5G24470,AT5G39210,AT5G53490,AT5G49720,AT1G21670,AT2G34250,AT5G40670,AT3G28940,AT1G54270,AT3G46740,AT1G78995,AT4G24920,AT2G25490,AT3G02570,AT4G39080,AT3G13460,AT5G54760,AT5G57110,AT3G46630,AT4G30220	na
4	AT5G37260	CIR1	16	na	PWM1021	CisBP	M1267_1.01	48	0.000013748502334501779	0.0005244907379949296	85	AT2G21660,AT4G27440,AT3G22231,AT4G39090,AT4G21960,AT2G30860,AT1G10760,AT1G20020,AT4G39260,AT1G06460,AT4G04330,AT1G21680,AT2G31360,AT3G10410,AT3G47860,AT2G30870,AT1G70820,AT3G22120,AT3G57520,AT3G29320,AT2G45740,AT1G20696,AT2G28840,AT4G26670,AT4G14400,AT1G71030,AT2G14170,AT5G28840,AT1G66970,AT3G27770,AT5G60360,AT5G06690,AT4G02370,AT4G04340,AT1G22530,AT2G40080,AT1G07050,AT3G20810,AT4G04830,AT1G50010,AT3G16250,AT1G51940,AT1G17290,AT1G04400,AT5G54960,AT4G14960,AT2G43530,AT3G54090,AT3G46000,AT5G19860,AT2G42530,AT1G25150,AT3G06483,AT4G35830,AT1G01470,AT1G08550,AT1G27450,AT2G22450,AT3G02230,AT5G61660,AT5G05200,AT4G20890,AT4G09020,AT3G27820,AT2G05710,AT5G05170,AT2G25730,AT3G08510,AT5G27380,AT5G39210,AT5G21090,AT4G17140,AT3G28940,AT1G78995,AT1G70160,AT3G02570,AT4G30760,AT3G13460,AT5G54760,AT1G04820,AT4G29840,AT5G57110,AT3G06980,AT3G11710,AT5G65620	na
4	AT5G28770	AtbZIP63	7	na	PWM1427	CisBP	M0268_1.01	49	0.000013748502334501779	0.0005244907379949296	85	AT4G27440,AT3G05880,AT1G10760,AT4G32340,AT2G28900,AT4G35770,AT5G15960,AT1G21680,AT3G53460,AT1G78020,AT2G15970,AT1G20693,AT3G57520,AT3G29320,AT2G45740,AT2G06850,AT1G69830,AT1G20696,AT1G54500,AT5G10980,AT5G60360,AT2G44490,AT5G37260,AT1G35720,AT2G31400,AT4G16146,AT5G13730,AT1G20010,AT2G40840,AT4G00370,AT1G14345,AT3G23700,AT4G18240,AT2G04700,AT2G24150,AT5G62360,AT5G53450,AT1G29390,AT4G32940,AT2G39770,AT2G37660,AT3G46000,AT1G76180,AT5G19860,AT4G29390,AT2G42530,AT1G29395,AT3G06483,AT3G24503,AT4G17560,AT1G61740,AT1G75800,AT2G22450,AT4G16370,AT5G38510,AT3G04290,AT3G01310,AT1G48300,AT3G02230,AT4G34870,AT1G78670,AT1G20630,AT3G22200,AT4G09020,AT3G27820,AT1G75500,AT4G39730,AT5G51820,AT3G52500,AT5G61380,AT5G24470,AT5G39410,AT1G04690,AT5G39210,AT5G53490,AT1G21670,AT2G34250,AT1G54270,AT2G25490,AT3G02570,AT3G13460,AT5G54760,AT2G05790,AT5G57110,AT3G46630	na
4	AT3G27010	ATTCP20	0	0	PWM2661	JASPAR	MA1065.1	52	0.000013748502334501779	0.0005244907379949296	85	AT3G62550,AT4G39090,AT1G12090,AT2G30860,AT2G15890,AT4G13250,AT1G20620,AT2G37220,AT4G26530,AT5G14920,AT5G10860,AT3G14310,AT1G78020,AT2G31360,AT2G31040,AT2G14560,AT4G13850,AT4G38770,AT5G19780,AT2G18960,AT3G58680,AT2G45470,AT1G71030,AT4G34950,AT2G14170,AT4G12320,AT3G27770,AT5G44340,AT3G48740,AT1G29670,AT1G54100,AT5G02760,AT5G02240,AT1G70890,AT4G30190,AT5G13710,AT5G14780,AT1G07050,AT2G24150,AT1G29390,AT4G32940,AT5G44680,AT5G11420,AT3G04550,AT1G29395,AT2G14910,AT4G17560,AT4G35830,AT1G75800,AT1G27450,ATCG00490,AT3G28040,AT3G04910,AT3G01310,AT2G22430,AT1G78670,AT5G01750,AT2G47390,AT1G72160,AT4G13930,AT3G27820,AT1G75500,AT5G37600,AT2G05710,AT3G55280,AT1G58270,AT5G53880,AT5G39210,AT5G53490,AT5G49720,AT3G48730,AT3G13750,AT1G01120,AT3G14840,AT4G39080,AT4G21620,AT1G09780,AT2G05790,AT2G16660,AT3G46630,AT4G25630,AT2G37630,AT2G05990,AT3G10970,AT1G01320	
4	AT3G27010	ATTCP20	0	0	PWM1071	CisBP	M1517_1.01	53	0.000024157211252576205	0.0008172430146390404	84	AT4G39090,AT1G12090,AT2G30860,AT2G15890,AT4G13250,AT1G20620,AT4G26530,AT5G14920,AT5G10860,AT3G14310,AT1G78020,AT2G31360,AT2G31040,AT2G14560,AT4G13850,AT4G38770,AT5G19780,AT2G18960,AT3G58680,AT2G45470,AT1G71030,AT4G34950,AT2G14170,AT4G12320,AT3G27770,AT5G44340,AT3G48740,AT1G29670,AT1G54100,AT5G02760,AT5G02240,AT4G30190,AT5G13710,AT5G14780,AT1G07050,AT2G24150,AT1G29390,AT3G45780,AT4G32940,AT5G19540,AT5G44680,AT5G11420,AT3G04550,AT1G29395,AT2G14910,AT4G17560,AT4G35830,AT1G75800,AT1G27450,ATCG00490,AT3G28040,AT3G04910,AT3G01310,AT2G22430,AT1G78670,AT5G01750,AT2G47390,AT1G72160,AT4G13930,AT3G27820,AT1G75500,AT5G37600,AT2G05710,AT3G55280,AT1G58270,AT5G53880,AT5G39210,AT5G53490,AT5G49720,AT3G48730,AT3G13750,AT1G01120,AT3G14840,AT4G39080,AT4G21620,AT1G09780,AT2G05790,AT2G16660,AT5G57110,AT3G46630,AT4G25630,AT2G05990,AT3G10970,AT1G01320	
4	AT5G41030	AT5G41030	3	na	PWM1072	CisBP	M1517_1.01	54	0.000024157211252576205	0.0008172430146390404	84	AT4G39090,AT1G12090,AT2G30860,AT2G15890,AT4G13250,AT1G20620,AT4G26530,AT5G14920,AT5G10860,AT3G14310,AT1G78020,AT2G31360,AT2G31040,AT2G14560,AT4G13850,AT4G38770,AT5G19780,AT2G18960,AT3G58680,AT2G45470,AT1G71030,AT4G34950,AT2G14170,AT4G12320,AT3G27770,AT5G44340,AT3G48740,AT1G29670,AT1G54100,AT5G02760,AT5G02240,AT4G30190,AT5G13710,AT5G14780,AT1G07050,AT2G24150,AT1G29390,AT3G45780,AT4G32940,AT5G19540,AT5G44680,AT5G11420,AT3G04550,AT1G29395,AT2G14910,AT4G17560,AT4G35830,AT1G75800,AT1G27450,ATCG00490,AT3G28040,AT3G04910,AT3G01310,AT2G22430,AT1G78670,AT5G01750,AT2G47390,AT1G72160,AT4G13930,AT3G27820,AT1G75500,AT5G37600,AT2G05710,AT3G55280,AT1G58270,AT5G53880,AT5G39210,AT5G53490,AT5G49720,AT3G48730,AT3G13750,AT1G01120,AT3G14840,AT4G39080,AT4G21620,AT1G09780,AT2G05790,AT2G16660,AT5G57110,AT3G46630,AT4G25630,AT2G05990,AT3G10970,AT1G01320	na
4	AT4G34590	ATB2	0	0	PWM2934	DAP-seq	GBF6_col	55	0.000024157211252576205	0.0008172430146390404	84	AT1G13930,AT4G27440,AT4G39090,AT3G46970,AT1G20020,AT1G20620,AT4G35770,AT4G26530,AT1G43670,AT5G26570,AT1G78020,AT1G20693,AT3G57520,AT3G45980,AT2G18960,AT2G06850,AT1G69830,AT1G20696,AT4G26670,AT4G04610,AT5G10980,AT3G48360,AT5G60360,AT2G44490,AT5G37260,AT5G13730,AT4G14716,AT3G52180,AT2G40840,AT4G00370,AT1G14345,AT3G23700,AT3G07470,AT4G04830,AT2G24150,AT1G29390,AT4G19530,AT4G32940,AT2G37660,AT1G22770,AT4G38800,AT4G29390,AT5G27280,AT1G29395,AT3G24503,AT1G72970,AT1G75800,AT2G22450,AT4G16370,AT3G04290,AT3G01310,AT4G39980,AT1G20630,AT5G61660,AT3G22200,AT1G52930,AT1G75500,AT3G08030,AT4G39730,AT5G64860,AT1G74880,AT2G25730,AT5G61380,AT5G24470,AT5G39210,AT5G53490,AT5G49720,AT1G21670,AT2G34250,AT5G40670,AT1G28330,AT3G28940,AT1G54270,AT5G10390,AT1G78995,AT1G62780,AT4G24920,AT2G25490,AT3G02570,AT4G39080,AT3G13460,AT5G54760,AT5G57110,AT3G46630	
4	AT4G00250	AT4G00250	0	0	PWM3125	DAP-seq	AT4G00250_col	56	0.000024157211252576205	0.0008172430146390404	84	AT3G26740,AT4G27440,AT2G33830,AT3G22231,AT4G39090,AT4G21960,AT3G46970,AT1G20020,AT2G15890,AT1G20620,AT5G14920,AT2G16600,AT3G18080,AT4G04330,AT2G05520,AT5G15960,AT3G53460,AT3G45140,AT1G20693,AT1G09750,AT1G70820,AT3G57520,AT3G16370,AT1G30360,AT4G03520,AT1G20696,AT4G04610,AT3G55630,AT5G10980,AT3G48360,AT4G12320,AT2G16280,AT5G06690,AT4G19410,AT5G13730,AT4G00370,AT1G68560,AT4G04340,AT3G46010,AT3G16250,AT4G34120,AT1G04400,AT4G27130,AT5G19540,AT2G26900,AT5G11670,AT2G39770,AT1G53210,AT3G54090,AT3G46000,AT1G76180,AT2G47510,AT5G15230,AT2G14910,AT1G25150,AT3G06483,AT2G36390,AT1G08550,AT2G22450,AT3G43720,AT3G04910,AT3G01310,AT4G23820,AT1G20630,AT5G05200,AT1G18720,AT4G13930,AT2G16510,AT2G05710,AT3G03920,AT2G25730,AT1G58270,AT3G08510,AT5G49720,AT1G28330,AT1G04770,AT1G01120,AT3G56010,AT1G66820,AT1G70160,AT3G17170,AT5G52780,AT1G21130,AT1G01320	
4	AT4G31920	ARR10	1	na	PWM1730	JASPAR	MA0121.1	58	0.000041843798151191765	0.0012935505187083936	83	AT2G21660,AT2G30860,AT1G10760,AT4G39260,AT4G32340,AT3G15840,AT1G20620,AT5G63780,AT2G31360,AT3G47860,AT5G19780,AT3G29320,AT1G20696,AT4G04610,AT4G21990,AT5G28840,AT4G19120,AT1G07440,AT3G27770,AT5G60360,AT5G37260,AT1G35720,AT3G07230,AT5G19250,AT4G32060,AT4G19410,AT2G40840,AT4G22690,AT5G13710,AT3G20810,AT3G46010,AT2G15090,AT1G50010,AT4G19530,AT3G45780,AT4G09000,AT4G14960,AT5G11670,AT5G03240,AT5G24165,AT1G66410,AT3G46000,AT4G38800,AT1G72970,AT3G50440,AT5G38510,AT3G28040,AT3G04290,AT5G02480,AT1G20630,AT2G47390,AT4G13930,AT4G20890,AT4G09020,AT1G25260,AT2G16510,AT5G51820,AT2G05710,AT5G05170,AT5G14040,AT1G04690,AT5G21090,AT2G34250,AT4G17140,AT3G28940,AT3G13750,AT3G12120,AT3G14840,AT4G13510,AT1G78995,AT1G04430,AT4G24920,AT4G30760,AT2G04280,AT3G13460,AT5G54760,AT1G04820,AT1G09780,AT2G05790,AT4G30220,AT1G26850,AT5G16710,AT3G10970	na
4	AT4G31920	ARR10	1	na	PWM903	CisBP	M1811_1.01	170	0.0008330677041717559	0.009826910484078674	77	AT3G09390,AT2G30860,AT1G10760,AT4G39260,AT4G32340,AT3G15840,AT1G20620,AT1G43670,AT4G40040,AT5G63780,AT2G31360,AT3G47860,AT5G19780,AT1G20696,AT4G04610,AT4G21990,AT4G19120,AT1G07440,AT3G27770,AT5G60360,AT1G35720,AT3G07230,AT1G29670,AT5G19250,AT4G32060,AT4G19410,AT2G40840,AT4G22690,AT5G13710,AT3G46010,AT2G15090,AT4G19530,AT3G45780,AT4G32940,AT4G14960,AT5G24165,AT1G66410,AT3G46000,AT4G38800,AT1G72970,AT3G50440,AT5G38510,AT3G28040,AT3G04290,AT5G02480,AT1G20630,AT4G13930,AT4G20890,AT4G09020,AT3G27820,AT1G25260,AT2G16510,AT5G51820,AT2G05710,AT5G67510,AT5G05170,AT5G14040,AT1G04690,AT5G21090,AT2G34250,AT4G17140,AT3G28940,AT3G13750,AT3G12120,AT4G13510,AT1G78995,AT4G24920,AT4G30760,AT2G04280,AT3G13460,AT5G54760,AT5G43440,AT1G04820,AT1G09780,AT4G30220,AT1G26850,AT3G10970	na
4	AT1G08000	GATA10	0	na	PWM2610	JASPAR	MA1013.1	59	0.000041843798151191765	0.0012935505187083936	83	AT2G21660,AT2G33830,AT3G09390,AT4G21960,AT3G17390,AT4G39260,AT1G20620,AT4G40040,AT2G16600,AT3G25760,AT5G26570,AT2G31360,AT1G20693,AT3G18780,AT4G30650,AT5G19780,AT2G18960,AT2G10940,AT4G03520,AT1G69830,AT4G11600,AT1G20696,AT2G28840,AT4G19120,AT4G12320,AT3G16080,AT3G27770,AT5G37260,AT1G35720,AT3G07230,AT5G19250,AT2G40840,AT4G30190,AT5G13710,AT2G30390,AT3G46010,AT1G50010,AT1G05010,AT4G09000,AT4G14960,AT2G26900,AT2G39770,AT3G46000,AT1G76180,AT3G06483,AT4G35830,AT1G61740,AT3G02230,AT5G02480,AT4G34870,AT4G39980,AT1G78670,AT4G13930,AT3G03150,AT5G37600,AT2G05710,AT5G05170,AT3G03920,AT5G17190,AT5G14040,AT5G24470,AT5G53490,AT5G49720,AT2G34250,AT4G17140,AT1G28330,AT1G02475,AT3G13750,AT1G54270,AT3G12120,AT3G14840,AT1G04430,AT4G24920,AT2G25490,AT4G30760,AT2G04280,AT1G43710,AT5G54760,AT1G04820,AT2G05990,AT1G26850,AT3G46320,AT1G01320	na
4	AT1G08000	GATA10	0	na	PWM914	CisBP	M0679_1.01	78	0.00007144475670551547	0.0018838301290145475	82	AT2G21660,AT2G33830,AT3G09390,AT4G21960,AT3G17390,AT4G39260,AT1G20620,AT4G40040,AT2G16600,AT3G25760,AT5G26570,AT2G31360,AT1G20693,AT3G18780,AT5G19780,AT2G18960,AT2G10940,AT2G06850,AT4G03520,AT1G69830,AT4G11600,AT1G20696,AT2G28840,AT4G19120,AT4G12320,AT3G16080,AT3G27770,AT5G37260,AT1G35720,AT3G07230,AT5G19250,AT2G40840,AT4G30190,AT5G13710,AT2G30390,AT3G46010,AT1G50010,AT1G05010,AT4G09000,AT4G14960,AT2G26900,AT2G39770,AT3G46000,AT3G06483,AT4G35830,AT1G61740,AT3G02230,AT5G02480,AT4G34870,AT4G39980,AT1G78670,AT4G13930,AT3G03150,AT5G37600,AT2G05710,AT5G05170,AT3G03920,AT5G17190,AT5G14040,AT5G24470,AT5G53490,AT5G49720,AT2G34250,AT4G17140,AT1G28330,AT1G02475,AT3G13750,AT1G54270,AT3G12120,AT3G14840,AT1G04430,AT4G24920,AT2G25490,AT4G30760,AT2G04280,AT1G43710,AT5G54760,AT1G04820,AT2G05990,AT1G26850,AT3G46320,AT1G01320	na
4	AT1G75390	AtbZIP44	2	0	PWM2917	DAP-seq	BZIP44_col	60	0.000041843798151191765	0.0012935505187083936	83	AT1G13930,AT4G27440,AT4G39090,AT3G46970,AT1G20020,AT1G20620,AT4G35770,AT1G43670,AT5G26570,AT1G78020,AT1G20693,AT3G57520,AT3G45980,AT2G06850,AT1G69830,AT1G20696,AT4G26670,AT4G04610,AT5G10980,AT3G48360,AT5G60360,AT2G44490,AT5G37260,AT4G16146,AT5G13730,AT4G14716,AT3G52180,AT2G40840,AT3G23700,AT3G20810,AT3G07470,AT4G04830,AT2G24150,AT1G29390,AT4G19530,AT4G32940,AT1G53210,AT2G37660,AT1G22770,AT1G76180,AT4G38800,AT5G19860,AT4G29390,AT5G27280,AT1G29395,AT3G24503,AT1G72970,AT1G75800,AT2G22450,AT4G16370,AT4G28510,AT3G04290,AT3G01310,AT4G39980,AT5G61660,AT3G22200,AT1G52930,AT1G75500,AT3G08030,AT4G39730,AT5G37600,AT2G05710,AT1G74880,AT2G25730,AT5G61380,AT5G24470,AT5G39210,AT5G53490,AT5G49720,AT1G21670,AT2G34250,AT5G40670,AT3G28940,AT1G54270,AT5G10390,AT1G78995,AT4G24920,AT3G02570,AT4G39080,AT3G13460,AT5G54760,AT5G57110,AT3G46630	
4	AT1G75390	AtbZIP44	2	0	PWM1204	CisBP	M1791_1.01	205	0.0030438330023913308	0.026884692479249538	74	AT1G13930,AT4G27440,AT3G46970,AT2G30860,AT1G20020,AT4G26530,AT4G16190,AT1G21680,AT1G78020,AT1G20693,AT3G14210,AT3G18780,AT3G45980,AT2G18960,AT1G69830,AT1G20696,AT4G04610,AT5G10980,AT5G28840,AT5G60360,AT2G44490,AT5G37260,AT1G35720,AT5G13730,AT5G02760,AT2G40840,AT4G00370,AT3G23700,AT4G30190,AT1G08980,AT5G53450,AT1G29390,AT4G19530,AT3G45780,AT1G53210,AT2G37660,AT1G29395,AT3G06483,AT5G08380,AT2G22450,AT4G16370,AT5G38510,AT4G28510,AT3G04290,AT4G39980,AT1G20630,AT3G22200,AT1G52930,AT1G75500,AT3G08030,AT2G16510,AT5G51820,AT3G52500,AT5G24690,AT2G25730,AT5G61380,AT5G39410,AT5G53460,AT1G04690,AT5G39210,AT5G53490,AT5G49720,AT1G21670,AT4G17140,AT5G40670,AT1G28330,AT3G28940,AT2G25490,AT3G02570,AT4G39080,AT5G54760,AT2G05790,AT5G57110,AT3G51800	
4	AT3G62420	ATBZIP53	0	na	PWM2925	DAP-seq	BZIP53_col	61	0.000041843798151191765	0.0012935505187083936	83	AT1G13930,AT4G27440,AT4G39090,AT3G46970,AT1G20020,AT1G20620,AT4G35770,AT4G26530,AT5G26570,AT1G78020,AT1G20693,AT3G57520,AT3G45980,AT2G18960,AT2G06850,AT1G69830,AT1G20696,AT4G26670,AT4G04610,AT5G10980,AT3G48360,AT5G60360,AT2G44490,AT5G37260,AT5G13730,AT4G14716,AT3G52180,AT2G40840,AT4G00370,AT1G14345,AT3G23700,AT3G07470,AT2G24150,AT1G29390,AT4G19530,AT4G32940,AT2G37660,AT1G22770,AT4G38800,AT4G29390,AT5G27280,AT1G29395,AT3G24503,AT1G72970,AT1G75800,AT2G22450,AT4G16370,AT4G28510,AT3G04290,AT3G01310,AT4G39980,AT1G20630,AT5G61660,AT3G22200,AT1G52930,AT1G75500,AT3G08030,AT4G39730,AT5G64860,AT1G74880,AT2G25730,AT5G61380,AT5G24470,AT5G39210,AT5G53490,AT5G49720,AT1G21670,AT2G34250,AT5G40670,AT1G28330,AT3G28940,AT1G54270,AT5G10390,AT1G78995,AT1G62780,AT4G24920,AT2G25490,AT3G02570,AT4G39080,AT3G13460,AT5G54760,AT5G57110,AT3G46630	na
4	AT5G49450	AtbZIP1	6	0	PWM311	AthaMAP		63	0.000041843798151191765	0.0012935505187083936	83	AT4G27440,AT2G30860,AT4G35770,AT1G54410,AT4G04330,AT1G78020,AT1G20693,AT3G18780,AT2G30870,AT1G70820,AT3G57520,AT3G29320,AT2G18960,AT1G69830,AT4G11600,AT1G20696,AT4G04610,AT5G10980,AT1G66970,AT3G48360,AT5G60360,AT2G44490,AT5G37260,AT1G35720,AT5G13730,AT1G20010,AT4G14716,AT5G02760,AT3G52180,AT2G40840,AT3G23700,AT4G04340,AT3G07470,AT4G04830,AT2G24150,AT5G62360,AT5G53450,AT4G34120,AT1G29390,AT4G19530,AT4G32940,AT2G37660,AT5G11420,AT3G46000,AT1G76180,AT5G19860,AT4G29390,AT5G15230,AT2G42530,AT5G27280,AT1G29395,AT3G06483,AT4G35830,AT2G22450,AT3G43720,AT5G38510,AT3G01310,AT2G44310,AT5G02480,AT4G39980,AT3G22200,AT4G09020,AT4G39730,AT2G16510,AT1G67660,AT1G74880,AT1G58270,AT5G61380,AT5G24470,AT5G39210,AT5G53490,AT2G34250,AT4G17140,AT1G28330,AT3G14840,AT1G78995,AT4G24920,AT2G25490,AT3G13460,AT5G54760,AT2G05790,AT5G57110,AT3G46630	
4	AT3G19290	ABF4	6	159	PWM966	CisBP	M0253_1.01	65	0.000041843798151191765	0.0012935505187083936	83	AT3G26740,AT3G63160,AT2G30860,AT1G10760,AT2G15960,AT2G15890,AT4G13250,AT1G20620,AT3G26580,AT4G26530,AT4G16190,AT4G04330,AT5G15960,AT2G15970,AT3G10410,AT3G29320,AT2G45740,AT1G69830,AT4G11600,AT1G54500,AT1G70782,AT3G55630,AT5G08410,AT5G60360,AT5G37260,AT1G35720,AT5G28500,AT5G19250,AT4G16146,AT5G13730,AT4G00370,AT3G48990,AT4G02370,AT1G14345,AT4G18240,AT4G04340,AT4G30190,AT2G30390,AT2G24150,AT1G50010,AT5G62360,AT4G19530,AT3G45780,AT4G27130,AT5G54960,AT5G44680,AT1G76180,AT5G47240,AT2G14910,AT4G17560,AT1G01470,AT1G75800,AT2G22450,AT4G16370,AT3G04910,AT1G48300,AT4G34870,AT1G78670,AT4G23820,AT2G47390,AT1G18720,AT4G13930,AT3G03150,AT3G27820,AT1G23820,AT2G05710,AT2G25730,AT1G58270,AT5G24470,AT1G04690,AT1G28330,AT3G13750,AT1G04770,AT3G56010,AT3G12120,AT5G58310,AT1G78995,AT3G02570,AT1G04820,AT3G46630,AT2G37630,AT2G05990,AT5G16710	AT1G13930,AT4G27440,AT3G05880,AT2G33830,AT3G09390,AT4G39090,AT3G63160,AT4G21960,AT1G10760,AT2G28900,AT2G15890,AT4G13250,AT1G20620,AT3G26580,AT4G35770,AT4G26530,AT5G14920,AT4G16190,AT1G43670,AT2G16600,AT4G04330,AT2G05520,AT5G15960,AT1G21680,AT1G78020,AT2G15970,AT2G02100,AT1G25275,AT1G09750,AT2G30870,AT3G57520,AT4G13850,AT4G30660,AT3G29320,AT3G45980,AT5G62720,AT1G30360,AT2G06850,AT1G69830,AT4G11600,AT1G20696,AT4G04610,AT1G54500,AT2G45470,AT1G70782,AT1G71030,AT1G11530,AT5G37780,AT2G14170,AT5G28840,AT4G19120,AT1G07440,AT3G48360,AT3G27770,AT5G60360,AT2G44490,AT5G37260,AT1G35720,AT3G48740,AT1G29670,AT5G19250,AT4G16146,AT1G54100,AT1G20010,AT4G00370,AT3G48990,AT1G14345,AT3G23700,AT1G68560,AT1G28660,AT4G30190,AT5G13710,AT5G14780,AT2G30390,AT3G20810,AT3G07470,AT4G04830,AT2G24150,AT1G50010,AT1G51940,AT5G53450,AT1G29390,AT3G45780,AT4G32940,AT4G14960,AT3G20820,AT3G05220,AT1G53210,AT5G03240,AT2G37660,AT5G11420,AT1G76180,AT5G47240,AT5G19860,AT4G29390,AT5G15230,AT1G29395,AT3G24503,AT1G05190,AT2G36390,AT1G61740,AT1G75800,AT2G22450,AT4G16370,AT3G04910,AT5G20280,AT3G06680,AT1G48300,AT3G02230,AT2G22430,AT4G34870,AT4G39980,AT5G01750,AT4G23820,AT1G20630,AT1G71695,AT1G72160,AT5G05200,AT1G18720,AT3G22200,AT3G03150,AT3G27820,AT1G75500,AT5G15410,AT3G08030,AT4G39730,AT5G51820,AT1G74880,AT5G24690,AT2G25730,AT5G17190,AT1G58270,AT5G24470,AT5G53460,AT1G04690,AT5G53490,AT5G49720,AT1G21670,AT2G34250,AT5G40670,AT1G28330,AT1G04770,AT2G42840,AT1G01120,AT5G10390,AT3G14840,AT1G78995,AT1G70160,AT1G62780,AT2G25490,AT1G04820,AT1G09780,AT5G57110,AT3G46630,AT1G21130,AT4G25630,AT2G37630,AT1G10200,AT1G01320
4	AT3G19290	ABF4	6	159	PWM746	AGRIS		125	0.00032594280465678865	0.005312867715905655	79	AT4G27440,AT3G05880,AT2G33830,AT3G63160,AT2G30860,AT1G10760,AT4G32340,AT1G20620,AT4G16190,AT1G43670,AT5G15960,AT1G21680,AT3G53460,AT1G78020,AT1G17100,AT2G15970,AT3G10410,AT3G14210,AT3G57520,AT4G13850,AT1G49750,AT3G29320,AT2G33150,AT2G45740,AT3G16370,AT1G69830,AT4G11600,AT3G58680,AT1G54500,AT3G55630,AT3G48360,AT3G16080,AT5G37260,AT1G35720,AT4G16146,AT4G14716,AT4G00370,AT3G48990,AT1G14345,AT4G18240,AT1G28660,AT4G30190,AT1G52190,AT5G14780,AT4G04830,AT3G45780,AT3G20820,AT5G11420,AT5G47240,AT5G19860,AT2G42530,AT5G27280,AT2G36390,AT5G38510,AT4G28510,AT3G04910,AT3G06680,AT1G48300,AT4G39980,AT2G47390,AT5G61660,AT5G05200,AT4G13930,AT3G03150,AT4G09020,AT4G39730,AT1G74880,AT5G17190,AT5G61380,AT5G27380,AT1G21670,AT1G04770,AT2G42840,AT3G14840,AT1G78995,AT1G62780,AT5G57110,AT3G46630,AT5G16710	AT1G13930,AT4G27440,AT3G05880,AT2G33830,AT3G09390,AT4G39090,AT3G63160,AT4G21960,AT1G10760,AT2G28900,AT2G15890,AT4G13250,AT1G20620,AT3G26580,AT4G35770,AT4G26530,AT5G14920,AT4G16190,AT1G43670,AT2G16600,AT4G04330,AT2G05520,AT5G15960,AT1G21680,AT1G78020,AT2G15970,AT2G02100,AT1G25275,AT1G09750,AT2G30870,AT3G57520,AT4G13850,AT4G30660,AT3G29320,AT3G45980,AT5G62720,AT1G30360,AT2G06850,AT1G69830,AT4G11600,AT1G20696,AT4G04610,AT1G54500,AT2G45470,AT1G70782,AT1G71030,AT1G11530,AT5G37780,AT2G14170,AT5G28840,AT4G19120,AT1G07440,AT3G48360,AT3G27770,AT5G60360,AT2G44490,AT5G37260,AT1G35720,AT3G48740,AT1G29670,AT5G19250,AT4G16146,AT1G54100,AT1G20010,AT4G00370,AT3G48990,AT1G14345,AT3G23700,AT1G68560,AT1G28660,AT4G30190,AT5G13710,AT5G14780,AT2G30390,AT3G20810,AT3G07470,AT4G04830,AT2G24150,AT1G50010,AT1G51940,AT5G53450,AT1G29390,AT3G45780,AT4G32940,AT4G14960,AT3G20820,AT3G05220,AT1G53210,AT5G03240,AT2G37660,AT5G11420,AT1G76180,AT5G47240,AT5G19860,AT4G29390,AT5G15230,AT1G29395,AT3G24503,AT1G05190,AT2G36390,AT1G61740,AT1G75800,AT2G22450,AT4G16370,AT3G04910,AT5G20280,AT3G06680,AT1G48300,AT3G02230,AT2G22430,AT4G34870,AT4G39980,AT5G01750,AT4G23820,AT1G20630,AT1G71695,AT1G72160,AT5G05200,AT1G18720,AT3G22200,AT3G03150,AT3G27820,AT1G75500,AT5G15410,AT3G08030,AT4G39730,AT5G51820,AT1G74880,AT5G24690,AT2G25730,AT5G17190,AT1G58270,AT5G24470,AT5G53460,AT1G04690,AT5G53490,AT5G49720,AT1G21670,AT2G34250,AT5G40670,AT1G28330,AT1G04770,AT2G42840,AT1G01120,AT5G10390,AT3G14840,AT1G78995,AT1G70160,AT1G62780,AT2G25490,AT1G04820,AT1G09780,AT5G57110,AT3G46630,AT1G21130,AT4G25630,AT2G37630,AT1G10200,AT1G01320
4	AT1G03970	GBF4	1	0	PWM994	CisBP	M0319_1.01	66	0.000041843798151191765	0.0012935505187083936	83	AT3G26740,AT2G33830,AT4G39090,AT3G63160,AT3G46970,AT1G10760,AT2G15960,AT4G13250,AT1G20620,AT5G14920,AT4G16190,AT1G43670,AT2G16600,AT4G04330,AT5G15960,AT1G21680,AT3G53460,AT2G15970,AT3G10410,AT3G57520,AT4G33510,AT5G23660,AT3G29320,AT2G33150,AT2G45740,AT4G11600,AT1G54500,AT2G45470,AT2G14170,AT5G60360,AT5G37260,AT1G35720,AT3G48740,AT5G28500,AT4G16146,AT4G00370,AT3G48990,AT4G02370,AT1G14345,AT4G18240,AT4G04340,AT4G30190,AT5G14780,AT2G30390,AT3G46010,AT2G24150,AT1G50010,AT5G54960,AT4G14960,AT3G20820,AT5G11420,AT1G76180,AT2G42530,AT4G17560,AT2G36390,AT1G01470,AT1G75800,AT2G22450,AT4G16370,AT3G04910,AT3G06680,AT1G48300,AT3G02230,AT4G34870,AT1G78670,AT2G47390,AT5G05200,AT4G13930,AT3G03150,AT5G51820,AT2G25730,AT1G04690,AT5G21090,AT1G21670,AT1G28330,AT2G26740,AT5G58310,AT1G78995,AT3G02570,AT1G04820,AT3G46630,AT2G37630,AT5G16710	
4	AT5G44080	AT5G44080	0	0	PWM995	CisBP	M0319_1.01	67	0.000041843798151191765	0.0012935505187083936	83	AT3G26740,AT2G33830,AT4G39090,AT3G63160,AT3G46970,AT1G10760,AT2G15960,AT4G13250,AT1G20620,AT5G14920,AT4G16190,AT1G43670,AT2G16600,AT4G04330,AT5G15960,AT1G21680,AT3G53460,AT2G15970,AT3G10410,AT3G57520,AT4G33510,AT5G23660,AT3G29320,AT2G33150,AT2G45740,AT4G11600,AT1G54500,AT2G45470,AT2G14170,AT5G60360,AT5G37260,AT1G35720,AT3G48740,AT5G28500,AT4G16146,AT4G00370,AT3G48990,AT4G02370,AT1G14345,AT4G18240,AT4G04340,AT4G30190,AT5G14780,AT2G30390,AT3G46010,AT2G24150,AT1G50010,AT5G54960,AT4G14960,AT3G20820,AT5G11420,AT1G76180,AT2G42530,AT4G17560,AT2G36390,AT1G01470,AT1G75800,AT2G22450,AT4G16370,AT3G04910,AT3G06680,AT1G48300,AT3G02230,AT4G34870,AT1G78670,AT2G47390,AT5G05200,AT4G13930,AT3G03150,AT5G51820,AT2G25730,AT1G04690,AT5G21090,AT1G21670,AT1G28330,AT2G26740,AT5G58310,AT1G78995,AT3G02570,AT1G04820,AT3G46630,AT2G37630,AT5G16710	
4	AT1G06070	AT1G06070	0	1	PWM1267	CisBP	M0258_1.01	68	0.00007144475670551547	0.0018838301290145475	82	AT1G12090,AT3G46970,AT1G10760,AT2G15890,AT1G20620,AT4G04330,AT5G15960,AT2G15970,AT3G14210,AT3G47860,AT3G57520,AT4G13850,AT5G19780,AT2G18960,AT1G30360,AT2G06850,AT4G11600,AT4G34950,AT2G16280,AT3G07230,AT5G44340,AT1G29670,AT5G02760,AT3G52180,AT2G40840,AT4G02370,AT4G22690,AT4G04340,AT4G30190,AT4G23100,AT3G45780,AT4G14960,AT5G11670,AT2G39770,AT4G24220,AT1G22770,AT2G47510,AT5G08280,AT4G17560,AT1G72970,AT1G08550,AT5G08380,AT4G16370,AT3G04290,AT3G01310,AT1G55850,AT2G44310,AT1G71695,AT5G05200,AT1G18720,AT3G22200,AT2G19540,AT1G74560,AT4G20890,AT1G75500,AT5G51820,AT2G05710,AT5G05170,AT5G24690,AT2G25730,AT1G58270,AT5G24470,AT5G27380,AT5G53460,AT1G04690,AT5G49720,AT2G34250,AT4G17140,AT5G40670,AT2G33210,AT1G01120,AT3G14840,AT4G39080,AT1G04820,AT3G56070,AT2G05790,AT5G57110,AT1G21130,AT3G01660,AT1G01320,AT3G11710,AT4G32240	AT5G49720
4	AT2G31370	AT2G31370	1	0	PWM1268	CisBP	M0258_1.01	69	0.00007144475670551547	0.0018838301290145475	82	AT1G12090,AT3G46970,AT1G10760,AT2G15890,AT1G20620,AT4G04330,AT5G15960,AT2G15970,AT3G14210,AT3G47860,AT3G57520,AT4G13850,AT5G19780,AT2G18960,AT1G30360,AT2G06850,AT4G11600,AT4G34950,AT2G16280,AT3G07230,AT5G44340,AT1G29670,AT5G02760,AT3G52180,AT2G40840,AT4G02370,AT4G22690,AT4G04340,AT4G30190,AT4G23100,AT3G45780,AT4G14960,AT5G11670,AT2G39770,AT4G24220,AT1G22770,AT2G47510,AT5G08280,AT4G17560,AT1G72970,AT1G08550,AT5G08380,AT4G16370,AT3G04290,AT3G01310,AT1G55850,AT2G44310,AT1G71695,AT5G05200,AT1G18720,AT3G22200,AT2G19540,AT1G74560,AT4G20890,AT1G75500,AT5G51820,AT2G05710,AT5G05170,AT5G24690,AT2G25730,AT1G58270,AT5G24470,AT5G27380,AT5G53460,AT1G04690,AT5G49720,AT2G34250,AT4G17140,AT5G40670,AT2G33210,AT1G01120,AT3G14840,AT4G39080,AT1G04820,AT3G56070,AT2G05790,AT5G57110,AT1G21130,AT3G01660,AT1G01320,AT3G11710,AT4G32240	
4	AT2G40620	bZIP18	3	0	PWM1269	CisBP	M0258_1.01	70	0.00007144475670551547	0.0018838301290145475	82	AT1G12090,AT3G46970,AT1G10760,AT2G15890,AT1G20620,AT4G04330,AT5G15960,AT2G15970,AT3G14210,AT3G47860,AT3G57520,AT4G13850,AT5G19780,AT2G18960,AT1G30360,AT2G06850,AT4G11600,AT4G34950,AT2G16280,AT3G07230,AT5G44340,AT1G29670,AT5G02760,AT3G52180,AT2G40840,AT4G02370,AT4G22690,AT4G04340,AT4G30190,AT4G23100,AT3G45780,AT4G14960,AT5G11670,AT2G39770,AT4G24220,AT1G22770,AT2G47510,AT5G08280,AT4G17560,AT1G72970,AT1G08550,AT5G08380,AT4G16370,AT3G04290,AT3G01310,AT1G55850,AT2G44310,AT1G71695,AT5G05200,AT1G18720,AT3G22200,AT2G19540,AT1G74560,AT4G20890,AT1G75500,AT5G51820,AT2G05710,AT5G05170,AT5G24690,AT2G25730,AT1G58270,AT5G24470,AT5G27380,AT5G53460,AT1G04690,AT5G49720,AT2G34250,AT4G17140,AT5G40670,AT2G33210,AT1G01120,AT3G14840,AT4G39080,AT1G04820,AT3G56070,AT2G05790,AT5G57110,AT1G21130,AT3G01660,AT1G01320,AT3G11710,AT4G32240	
4	AT4G34680	GATA3	0	0	PWM1295	CisBP	M0690_1.01	71	0.00007144475670551547	0.0018838301290145475	82	AT2G21660,AT3G17390,AT4G39260,AT1G20620,AT1G06460,AT5G10860,AT4G40040,AT4G04330,AT2G31360,AT3G18780,AT3G47860,AT2G30870,AT3G22120,AT3G57520,AT4G30650,AT5G19780,AT3G29320,AT3G45980,AT1G20696,AT2G28840,AT3G58680,AT4G21990,AT5G10980,AT4G19120,AT3G27770,AT5G60360,AT1G35720,AT3G07230,AT5G44340,AT5G28500,AT4G32060,AT1G20010,AT4G14716,AT4G04340,AT5G13710,AT3G07470,AT4G04830,AT1G06760,AT3G46010,AT3G04760,AT1G50010,AT4G27130,AT4G09000,AT4G14960,AT2G26900,AT2G39770,AT1G66410,AT5G44680,AT3G46000,AT5G27280,AT4G35830,AT2G44310,AT3G02230,AT4G34870,AT1G20630,AT4G13930,AT4G20890,AT4G39730,AT2G16510,AT5G51820,AT2G05710,AT5G05170,AT5G14040,AT5G53460,AT1G04690,AT5G49720,AT2G34250,AT3G48730,AT5G40670,AT3G12120,AT4G24920,AT2G25490,AT3G02570,AT4G30760,AT2G04280,AT3G13460,AT1G43710,AT5G54760,AT1G04820,AT1G26850,AT3G10970,AT3G46320	
4	AT1G53230	TCP3	77	0	PWM1520	CisBP	M1515_1.01	72	0.00007144475670551547	0.0018838301290145475	82	AT3G05880,AT3G62550,AT4G39090,AT3G46970,AT3G17390,AT4G32340,AT1G20620,AT5G10860,AT3G14310,AT5G26570,AT1G78020,AT1G17100,AT3G14210,AT3G57520,AT2G14560,AT4G30650,AT4G30660,AT4G38770,AT1G49750,AT1G59870,AT5G19780,AT2G18960,AT4G04610,AT2G45470,AT1G71030,AT4G34950,AT3G55630,AT3G53730,AT2G14170,AT5G28840,AT3G16080,AT2G44490,AT5G44340,AT3G48740,AT1G29670,AT4G19410,AT1G20010,AT3G52180,AT5G02240,AT1G68560,AT5G14780,AT3G46010,AT3G45780,AT4G09000,AT4G32940,AT4G14960,AT2G37660,AT5G44680,AT3G46000,AT1G76180,AT3G24503,AT4G17560,AT1G72970,AT4G35830,AT3G28040,AT3G04290,AT3G01310,AT2G44310,AT2G22430,AT1G78670,AT5G01750,AT2G47390,AT1G71695,AT5G61660,AT1G74560,AT5G64860,AT3G55280,AT2G25730,AT1G58270,AT5G39210,AT3G48730,AT3G13750,AT1G01120,AT3G14840,AT4G39080,AT5G54760,AT1G09780,AT2G16660,AT2G37630,AT2G05990,AT1G10200,AT1G01320	
4	AT1G59750	ARF1	0	0	PWM2541	JASPAR	MA0942.1	73	0.00007144475670551547	0.0018838301290145475	82	AT1G13930,AT4G21960,AT3G17390,AT4G39260,AT2G28900,AT1G20620,AT1G54410,AT4G04330,AT3G14310,AT5G26570,AT2G31360,AT2G15970,AT2G02100,AT3G14210,AT1G70820,AT3G57520,AT4G38770,AT1G49750,AT2G06850,AT4G11600,AT2G45470,AT4G19120,AT5G37260,AT1G29670,AT5G28500,AT5G06690,AT5G19250,AT1G54100,AT4G19410,AT3G52180,AT2G40840,AT4G00370,AT4G22690,AT4G04340,AT1G22530,AT1G52190,AT5G14780,AT4G23100,AT2G15090,AT3G16250,AT1G04400,AT4G09000,AT2G26900,AT2G39770,AT1G53210,AT1G66410,AT4G24220,AT5G11420,AT1G76180,AT1G29395,AT2G14910,AT1G05190,AT1G01470,AT2G22450,AT3G43720,AT1G66670,AT4G28510,AT3G04290,AT3G04910,AT4G34870,AT5G61660,AT4G13930,AT3G03150,AT4G09020,AT4G39730,AT5G05170,AT3G55280,AT2G25730,AT5G14040,AT5G39410,AT1G04690,AT5G49720,AT4G17140,AT1G28330,AT5G58310,AT3G14840,AT1G04430,AT3G02570,AT2G04280,AT2G16660,AT1G26850,AT1G01320	
4	AT1G69690	At1g69690	1	0	PWM2658	JASPAR	MA1062.1	74	0.00007144475670551547	0.0018838301290145475	82	AT3G62550,AT4G21960,AT3G46970,AT1G10760,AT3G17390,AT4G39260,AT2G28900,AT4G13250,AT1G20620,AT2G37220,AT4G26530,AT5G10860,AT3G14310,AT1G78020,AT3G10410,AT2G14560,AT4G38770,AT1G49750,AT5G19780,AT3G58680,AT2G45470,AT1G71030,AT4G34950,AT2G32480,AT3G55630,AT3G48360,AT3G27770,AT5G37260,AT5G44340,AT3G48740,AT1G29670,AT1G54100,AT5G02760,AT3G52180,AT5G02240,AT2G30620,AT4G30190,AT5G13710,AT5G14780,AT3G04760,AT1G29390,AT5G11420,AT1G76180,AT3G04550,AT1G29395,AT5G59540,AT1G05190,AT4G17560,AT1G75800,AT1G27450,ATCG00490,AT3G01310,AT2G44310,AT2G22430,AT4G34870,AT1G78670,AT5G01750,AT4G13930,AT3G27820,AT1G75500,AT1G25260,AT4G39730,AT5G37600,AT2G05710,AT2G25730,AT5G53880,AT5G39210,AT5G53490,AT3G48730,AT1G28330,AT3G13750,AT3G12120,AT3G14840,AT3G02570,AT4G21620,AT4G29840,AT1G09780,AT3G46630,AT4G25630,AT2G05990,AT3G10970,AT1G01320	
4	AT1G69690	At1g69690	1	0	PWM3468	DAP-seq	AT1G69690_col	229	0.004549036552318279	0.037074647901393976	73	AT3G62550,AT1G12090,AT1G10760,AT4G13250,AT4G26530,AT5G23240,AT3G14310,AT3G53460,AT1G78020,AT3G10410,AT1G49750,AT5G19780,AT2G18960,AT1G30360,AT3G58680,AT2G45470,AT4G27800,AT1G71030,AT3G55630,AT4G19120,AT3G48360,AT3G27770,AT2G44490,AT5G37260,AT5G44340,AT1G29670,AT1G54100,AT5G13730,AT1G20010,AT4G30190,AT5G13710,AT3G17930,AT3G04760,AT1G29390,AT4G32940,AT4G14960,AT1G51805,AT3G23280,AT1G76180,AT1G29395,AT5G59540,AT4G17560,AT1G72970,AT4G35830,AT2G36390,AT1G27450,ATCG00490,AT3G28040,AT3G01310,AT2G44310,AT5G02480,AT2G22430,AT3G27820,AT1G75500,AT2G05710,AT3G55280,AT2G25730,AT5G53460,AT5G39210,AT5G53490,AT1G28330,AT3G13750,AT1G04770,AT1G01120,AT1G45332,AT3G14840,AT1G04430,AT4G21620,AT1G09780,AT2G05790,AT3G46630,AT2G05990,AT1G01320	
4	AT4G25490	ATCBF1	0	na	PWM2777	DAP-seq	CBF1_col	75	0.00007144475670551547	0.0018838301290145475	82	AT1G13930,AT4G21960,AT3G17390,AT4G39260,AT2G28900,AT1G20620,AT4G04330,AT2G05520,AT5G15960,AT3G14310,AT5G26570,AT2G31360,AT2G15970,AT3G14210,AT3G47860,AT4G38770,AT1G49750,AT5G19780,AT1G30360,AT2G06850,AT1G69830,AT4G11600,AT4G04610,AT2G45470,AT4G34950,AT5G28840,AT4G19120,AT5G37260,AT1G29670,AT5G06690,AT5G19250,AT4G16146,AT1G54100,AT4G19410,AT4G00370,AT4G22690,AT4G04340,AT4G23100,AT4G19530,AT1G04400,AT4G09000,AT2G26900,AT2G39770,AT1G53210,AT1G66410,AT4G24220,AT5G11420,AT1G76180,AT2G42530,AT1G29395,AT3G06483,AT4G17560,AT1G01470,AT1G61740,AT3G50440,AT4G28510,AT3G04910,AT1G48300,AT4G34870,AT5G01750,AT4G13930,AT3G03150,AT3G27820,AT5G05170,AT3G55280,AT2G25730,AT5G14040,AT5G39410,AT5G53460,AT1G04690,AT2G34250,AT4G17140,AT1G28330,AT2G42840,AT1G62780,AT1G04430,AT2G25490,AT2G04280,AT2G05790,AT2G16660,AT5G57110,AT3G46630	na
4	AT4G25490	ATCBF1	0	na	PWM36	AthaMAP	T02636	92	0.00012023386062734147	0.002728852051959788	81	AT3G26740,AT1G13930,AT4G21960,AT1G10760,AT2G15890,AT1G20620,AT5G14920,AT5G23240,AT4G04330,AT5G15960,AT3G14310,AT5G26570,AT2G15970,AT2G02100,AT1G20693,AT3G47860,AT1G70820,AT3G57520,AT5G23660,AT4G30650,AT4G30660,AT5G62720,AT4G03520,AT1G69830,AT1G20696,AT2G45470,AT4G34950,AT5G37780,AT3G55630,AT3G53730,AT1G35720,AT3G48740,AT5G28500,AT4G14716,AT4G00370,AT4G22690,AT4G04340,AT1G52190,AT3G46010,AT2G15090,AT5G23920,AT4G19530,AT1G04400,AT2G26900,AT1G53210,AT1G66410,AT4G24220,AT1G29395,AT3G06483,AT1G61740,AT1G75800,AT5G01015,AT3G43720,AT1G48300,AT5G01750,AT2G47390,AT5G61660,AT1G18720,AT4G13930,AT5G35680,AT1G23820,AT4G39730,AT2G05710,AT5G64860,AT5G39410,AT1G04690,AT5G49720,AT4G17140,AT1G02475,AT1G01120,AT3G12120,AT1G62780,AT1G04430,AT3G02570,AT2G04280,AT2G16660,AT3G46630,AT1G21130,AT4G30220,AT4G29120,AT4G32240	na
4	AT4G25490	ATCBF1	0	na	PWM1541	CisBP	M0031_1.01	209	0.0030438330023913308	0.026884692479249538	74	AT3G22240,AT1G13930,AT1G10760,AT4G39260,AT2G28900,AT1G20620,AT4G04330,AT2G05520,AT5G26570,AT2G31360,AT2G15970,AT3G47860,AT4G30650,AT4G38770,AT1G49750,AT5G19780,AT1G30360,AT2G06850,AT1G69830,AT4G11600,AT4G04610,AT2G45470,AT3G53730,AT5G28840,AT4G19120,AT5G37260,AT1G29670,AT5G06690,AT5G19250,AT4G16146,AT1G54100,AT4G19410,AT4G00370,AT4G22690,AT4G04340,AT1G22530,AT4G23100,AT3G46010,AT1G04400,AT4G09000,AT4G14960,AT2G26900,AT2G39770,AT1G53210,AT4G24220,AT5G11420,AT3G46000,AT1G76180,AT2G42530,AT1G29395,AT3G06483,AT1G01470,AT1G61740,AT3G50440,AT4G34870,AT5G01750,AT5G61660,AT4G13930,AT3G03150,AT3G27820,AT3G55280,AT2G25730,AT5G39410,AT5G53460,AT1G04690,AT5G58310,AT3G14840,AT1G62780,AT1G04430,AT2G25490,AT3G02570,AT2G05790,AT2G16660,AT5G57110	na
4	AT3G01470	ATHB1	3	na	PWM313	AGRIS		76	0.00007144475670551547	0.0018838301290145475	82	AT3G26740,AT3G22231,AT3G09390,AT4G21960,AT2G30860,AT1G20020,AT4G39260,AT4G32340,AT1G20620,AT4G26530,AT1G06460,AT2G29630,AT1G54410,AT4G04330,AT2G05520,AT1G20693,AT1G25275,AT2G30870,AT4G30650,AT4G30660,AT4G38770,AT1G20696,AT1G13270,AT5G10980,AT1G07440,AT3G48360,AT5G60360,AT2G44490,AT2G31400,AT1G29670,AT5G19250,AT1G54100,AT3G52180,AT3G23700,AT1G70890,AT1G28660,AT4G30190,AT1G22530,AT2G30390,AT3G17930,AT3G16250,AT5G62360,AT4G09000,AT1G51805,AT3G20820,AT2G39770,AT1G53210,AT5G24165,AT5G47240,AT2G14910,AT1G25150,AT3G06483,AT4G35830,AT2G36390,AT1G61740,AT1G75800,AT3G28040,AT1G48300,AT3G02230,AT5G02480,AT2G47390,AT4G09020,AT5G15410,AT5G67510,AT1G31970,AT5G17190,AT1G58270,AT5G24470,AT5G53490,AT1G28330,AT3G28940,AT3G13750,AT1G01120,AT1G45332,AT3G46740,AT1G70160,AT4G30760,AT3G13460,AT4G29840,AT1G10200,AT1G26850,AT4G32240	na
4	AT2G45680	At2g45680	3	0	PWM862	CisBP	M1526_1.01	77	0.00007144475670551547	0.0018838301290145475	82	AT1G12090,AT4G21960,AT3G46970,AT4G26530,AT5G14920,AT5G23240,AT3G14310,AT3G53460,AT1G78020,AT3G10410,AT2G31040,AT2G14560,AT4G38770,AT1G59870,AT5G19780,AT2G18960,AT1G30360,AT2G45470,AT1G71030,AT4G34950,AT3G55630,AT4G19120,AT3G48360,AT2G44490,AT5G37260,AT1G29670,AT5G06690,AT1G54100,AT5G13730,AT1G20010,AT5G02760,AT5G02240,AT4G30190,AT5G13710,AT5G14780,AT3G17930,AT3G04760,AT1G29390,AT4G32940,AT4G14960,AT5G44680,AT5G11420,AT1G76180,AT5G15230,AT3G04550,AT1G29395,AT5G59540,AT4G17560,AT2G36390,AT1G75800,AT1G27450,ATCG00490,AT3G28040,AT3G01310,AT2G44310,AT5G02480,AT2G22430,AT4G34870,AT1G78670,AT5G01750,AT4G13930,AT3G27820,AT1G75500,AT4G39730,AT5G37600,AT2G05710,AT3G55280,AT2G25730,AT5G53880,AT5G39210,AT5G53490,AT1G28330,AT3G13750,AT1G04770,AT1G01120,AT3G12120,AT3G14840,AT4G21620,AT5G57110,AT3G46630,AT2G05990,AT1G01320	
4	AT3G24050	GATA1	0	0	PWM1124	CisBP	M0684_1.01	79	0.00012023386062734147	0.002728852051959788	81	AT2G21660,AT4G39090,AT1G12090,AT3G17390,AT4G39260,AT1G20620,AT1G06460,AT5G10860,AT1G43670,AT4G40040,AT4G04330,AT2G31360,AT3G18780,AT3G47860,AT2G30870,AT3G57520,AT4G30650,AT5G19780,AT3G29320,AT3G45980,AT4G03520,AT1G20696,AT2G28840,AT5G10980,AT4G19120,AT3G27770,AT5G60360,AT1G35720,AT3G07230,AT5G44340,AT5G28500,AT4G32060,AT1G20010,AT5G02760,AT4G04340,AT5G13710,AT5G58290,AT4G04830,AT3G04760,AT1G50010,AT1G51940,AT4G27130,AT4G09000,AT4G14960,AT2G26900,AT1G66410,AT5G44680,AT3G46000,AT5G27280,AT3G06483,AT4G35830,AT2G44310,AT3G02230,AT4G34870,AT1G20630,AT4G13930,AT4G20890,AT4G39730,AT2G16510,AT2G05710,AT5G05170,AT5G14040,AT5G53460,AT1G04690,AT5G49720,AT2G34250,AT3G48730,AT5G40670,AT3G13750,AT3G12120,AT4G24920,AT2G25490,AT3G02570,AT4G30760,AT2G04280,AT3G13460,AT5G54760,AT1G04820,AT1G26850,AT3G10970,AT3G46320	
4	AT4G36730	AtGBF1	11	0	PWM1292	CisBP	M0264_1.01	80	0.00012023386062734147	0.002728852051959788	81	AT4G27440,AT3G63160,AT1G10760,AT2G15960,AT1G20620,AT4G16190,AT3G18080,AT5G15960,AT1G21680,AT1G78020,AT2G15970,AT3G10410,AT1G20693,AT3G14210,AT3G57520,AT2G14560,AT4G13850,AT3G29320,AT2G33150,AT2G45740,AT1G69830,AT4G11600,AT1G20696,AT4G04610,AT1G54500,AT5G60360,AT2G44490,AT5G37260,AT1G35720,AT4G16146,AT4G14716,AT5G02760,AT2G40840,AT1G14345,AT3G23700,AT4G18240,AT1G28660,AT3G07470,AT4G04830,AT2G24150,AT1G29390,AT4G19530,AT4G27130,AT2G26900,AT5G11420,AT1G76180,AT5G19860,AT5G27280,AT1G29395,AT4G17560,AT2G36390,AT1G75800,AT4G16370,AT5G38510,AT4G28510,AT3G06680,AT1G48300,AT3G02230,AT2G47390,AT5G05200,AT3G03150,AT4G09020,AT3G27820,AT4G39730,AT2G05710,AT1G74880,AT5G61380,AT5G24470,AT5G39210,AT5G53490,AT1G21670,AT4G17140,AT1G28330,AT1G54270,AT5G58310,AT1G78995,AT5G54760,AT2G05790,AT5G57110,AT3G46630,AT3G51800	
4	AT5G51910	AT5G51910	0	0	PWM1310	CisBP	M1519_1.01	81	0.00012023386062734147	0.002728852051959788	81	AT4G27440,AT1G12090,AT3G46970,AT1G20620,AT4G26530,AT5G14920,AT5G10860,AT3G14310,AT1G78020,AT2G02100,AT3G10410,AT2G31040,AT2G14560,AT1G59870,AT5G19780,AT2G18960,AT1G30360,AT2G06850,AT2G45470,AT1G71030,AT4G34950,AT3G55630,AT4G19120,AT3G27770,AT2G44490,AT3G48740,AT1G29670,AT5G13730,AT1G20010,AT5G02760,AT5G02240,AT1G70890,AT4G30190,AT5G13710,AT5G14780,AT3G17930,AT3G46010,AT3G04760,AT3G16250,AT1G29390,AT4G32940,AT4G14960,AT5G19540,AT5G44680,AT1G76180,AT4G37910,AT5G15230,AT3G04550,AT1G29395,AT5G59540,AT4G17560,AT1G61740,AT1G27450,ATCG00490,AT3G28040,AT3G01310,AT2G44310,AT2G22430,AT4G34870,AT1G78670,AT5G01750,AT3G27820,AT1G75500,AT5G37600,AT2G05710,AT3G55280,AT2G25730,AT1G58270,AT5G39210,AT5G53490,AT3G48730,AT3G13750,AT1G01120,AT3G14840,AT4G21620,AT2G05790,AT2G16660,AT5G57110,AT2G05990,AT3G46320,AT1G01320	
4	AT5G51910	AT5G51910	0	0	PWM2659	JASPAR	MA1063.1	165	0.0008330677041717559	0.009826910484078674	77	AT4G27440,AT1G12090,AT3G46970,AT1G20620,AT4G26530,AT5G14920,AT5G10860,AT3G14310,AT1G78020,AT2G02100,AT3G10410,AT2G31040,AT2G14560,AT1G59870,AT5G19780,AT2G18960,AT1G30360,AT2G06850,AT2G45470,AT1G71030,AT4G34950,AT3G55630,AT4G19120,AT3G27770,AT2G44490,AT3G48740,AT1G29670,AT5G13730,AT1G20010,AT5G02760,AT5G02240,AT4G30190,AT5G13710,AT5G14780,AT3G17930,AT3G04760,AT3G16250,AT1G29390,AT4G32940,AT4G14960,AT5G19540,AT5G44680,AT1G76180,AT5G15230,AT3G04550,AT1G29395,AT5G59540,AT4G17560,AT1G61740,AT1G27450,ATCG00490,AT3G28040,AT3G01310,AT2G44310,AT2G22430,AT4G34870,AT5G01750,AT3G27820,AT1G75500,AT5G37600,AT2G05710,AT3G55280,AT2G25730,AT1G58270,AT5G39210,AT5G53490,AT3G48730,AT3G13750,AT1G01120,AT3G14840,AT4G21620,AT2G05790,AT2G16660,AT5G57110,AT2G05990,AT3G46320,AT1G01320	
4	AT4G25480	ATCBF3	24	0	PWM1540	CisBP	M0031_1.01	82	0.00012023386062734147	0.002728852051959788	81	AT1G13930,AT4G21960,AT2G28900,AT1G20620,AT4G04330,AT2G05520,AT5G15960,AT3G14310,AT5G26570,AT2G31360,AT2G15970,AT2G02100,AT3G47860,AT1G70820,AT4G30650,AT4G38770,AT1G49750,AT5G19780,AT1G30360,AT2G06850,AT1G69830,AT4G11600,AT4G04610,AT2G45470,AT4G34950,AT3G53730,AT4G19120,AT5G37260,AT1G29670,AT5G06690,AT5G19250,AT4G16146,AT1G54100,AT4G19410,AT4G00370,AT3G48990,AT4G22690,AT4G04340,AT1G22530,AT4G23100,AT5G23920,AT1G04400,AT4G09000,AT4G14960,AT2G26900,AT2G39770,AT1G53210,AT1G66410,AT4G24220,AT5G11420,AT1G76180,AT2G42530,AT1G29395,AT4G17560,AT1G61740,AT3G50440,AT3G43720,AT3G04910,AT1G48300,AT4G34870,AT5G61660,AT4G13930,AT3G03150,AT3G27820,AT5G05170,AT3G55280,AT2G25730,AT5G14040,AT5G39410,AT1G04690,AT5G49720,AT4G17140,AT1G28330,AT3G14840,AT1G62780,AT1G04430,AT2G25490,AT2G04280,AT2G16660,AT5G57110,AT3G46630	
4	AT4G25480	ATCBF3	24	0	PWM33	AthaMAP	T02643	88	0.00012023386062734147	0.002728852051959788	81	AT3G26740,AT1G13930,AT4G21960,AT1G10760,AT2G15890,AT1G20620,AT5G14920,AT5G23240,AT4G04330,AT5G15960,AT3G14310,AT5G26570,AT2G15970,AT2G02100,AT1G20693,AT3G47860,AT1G70820,AT3G57520,AT5G23660,AT4G30650,AT4G30660,AT5G62720,AT4G03520,AT1G69830,AT1G20696,AT2G45470,AT4G34950,AT5G37780,AT3G55630,AT3G53730,AT1G35720,AT3G48740,AT5G28500,AT4G14716,AT4G00370,AT4G22690,AT4G04340,AT1G52190,AT3G46010,AT2G15090,AT5G23920,AT4G19530,AT1G04400,AT2G26900,AT1G53210,AT1G66410,AT4G24220,AT1G29395,AT3G06483,AT1G61740,AT1G75800,AT5G01015,AT3G43720,AT1G48300,AT5G01750,AT2G47390,AT5G61660,AT1G18720,AT4G13930,AT5G35680,AT1G23820,AT4G39730,AT2G05710,AT5G64860,AT5G39410,AT1G04690,AT5G49720,AT4G17140,AT1G02475,AT1G01120,AT3G12120,AT1G62780,AT1G04430,AT3G02570,AT2G04280,AT2G16660,AT3G46630,AT1G21130,AT4G30220,AT4G29120,AT4G32240	
4	AT4G25480	ATCBF3	24	0	PWM899	CisBP	M0032_1.01	93	0.00012023386062734147	0.002728852051959788	81	AT1G13930,AT4G21960,AT2G28900,AT1G20620,AT4G04330,AT2G05520,AT5G15960,AT3G14310,AT5G26570,AT2G31360,AT2G15970,AT2G02100,AT3G47860,AT1G70820,AT4G30650,AT4G38770,AT1G49750,AT5G19780,AT1G30360,AT2G06850,AT1G69830,AT4G11600,AT4G04610,AT2G45470,AT4G34950,AT3G53730,AT4G19120,AT5G37260,AT1G29670,AT5G06690,AT5G19250,AT4G16146,AT1G54100,AT4G19410,AT4G00370,AT3G48990,AT4G22690,AT4G04340,AT1G22530,AT4G23100,AT5G23920,AT1G04400,AT4G09000,AT4G14960,AT2G26900,AT2G39770,AT1G53210,AT1G66410,AT4G24220,AT5G11420,AT1G76180,AT2G42530,AT1G29395,AT4G17560,AT1G61740,AT3G50440,AT3G43720,AT3G04910,AT1G48300,AT4G34870,AT5G61660,AT4G13930,AT3G03150,AT3G27820,AT5G05170,AT3G55280,AT2G25730,AT5G14040,AT5G39410,AT1G04690,AT5G49720,AT4G17140,AT1G28330,AT3G14840,AT1G62780,AT1G04430,AT2G25490,AT2G04280,AT2G16660,AT5G57110,AT3G46630	
4	AT4G25480	ATCBF3	24	0	PWM2570	JASPAR	MA0971.1	101	0.00019941730954153766	0.0036485228164079286	80	AT1G13930,AT4G21960,AT2G28900,AT1G20620,AT4G04330,AT2G05520,AT5G15960,AT3G14310,AT5G26570,AT2G31360,AT2G15970,AT2G02100,AT3G47860,AT1G70820,AT4G38770,AT1G49750,AT5G19780,AT1G30360,AT2G06850,AT1G69830,AT4G11600,AT4G04610,AT2G45470,AT4G34950,AT3G53730,AT4G19120,AT5G37260,AT1G29670,AT5G06690,AT5G19250,AT4G16146,AT1G54100,AT4G19410,AT4G00370,AT3G48990,AT4G22690,AT4G04340,AT1G22530,AT4G23100,AT5G23920,AT1G04400,AT4G09000,AT4G14960,AT2G26900,AT2G39770,AT1G53210,AT1G66410,AT4G24220,AT5G11420,AT1G76180,AT2G42530,AT1G29395,AT4G17560,AT1G61740,AT3G50440,AT3G43720,AT3G04910,AT1G48300,AT4G34870,AT5G61660,AT4G13930,AT3G03150,AT3G27820,AT5G05170,AT3G55280,AT2G25730,AT5G14040,AT5G39410,AT1G04690,AT5G49720,AT4G17140,AT1G28330,AT3G14840,AT1G62780,AT1G04430,AT2G25490,AT2G04280,AT2G16660,AT5G57110,AT3G46630	
4	AT4G25480	ATCBF3	24	0	PWM2781	DAP-seq	CBF3_col	142	0.0005249595424020697	0.007353534840053993	78	AT1G13930,AT3G62550,AT3G17390,AT2G28900,AT1G20620,AT3G14310,AT5G26570,AT2G31360,AT2G15970,AT3G14210,AT3G47860,AT1G70820,AT4G38770,AT1G49750,AT5G19780,AT1G30360,AT2G06850,AT1G69830,AT4G11600,AT2G45470,AT4G34950,AT3G53730,AT4G19120,AT5G37260,AT5G44340,AT1G29670,AT5G28500,AT5G06690,AT5G19250,AT4G16146,AT1G54100,AT4G19410,AT4G00370,AT4G22690,AT4G30190,AT2G30390,AT4G23100,AT4G19530,AT1G04400,AT4G09000,AT2G26900,AT2G39770,AT1G53210,AT1G66410,AT4G24220,AT5G11420,AT1G76180,AT1G29395,AT1G05190,AT4G17560,AT1G01470,AT1G61740,AT3G50440,AT4G28510,AT3G04910,AT4G13930,AT3G27820,AT5G05170,AT3G55280,AT2G25730,AT1G58270,AT5G14040,AT5G39410,AT5G53460,AT1G04690,AT2G34250,AT4G17140,AT1G28330,AT2G42840,AT1G62780,AT1G04430,AT2G25490,AT2G04280,AT2G05790,AT2G16660,AT5G57110,AT3G46630,AT1G26850	
4	AT1G09530	PAP3	12	14	PWM2160	JASPAR	MA0560.1	83	0.00012023386062734147	0.002728852051959788	81	AT3G05880,AT5G20630,AT3G63160,AT1G10760,AT2G15960,AT4G32340,AT2G15890,AT1G20620,AT4G26530,AT4G16190,AT2G05520,AT5G15960,AT1G21680,AT3G53460,AT2G15970,AT3G10410,AT3G57520,AT3G29320,AT2G33150,AT2G45740,AT1G54500,AT3G55630,AT4G19120,AT2G44490,AT1G35720,AT4G16146,AT1G20010,AT3G48990,AT1G14345,AT4G18240,AT1G68560,AT2G04700,AT4G30190,AT1G52190,AT5G14780,AT2G24150,AT5G62360,AT1G17290,AT3G45780,AT1G74100,AT3G20820,AT2G39770,AT5G44680,AT5G11420,AT2G42530,AT3G06483,AT4G35830,AT2G36390,AT1G75800,AT3G43720,AT4G16370,AT5G38510,AT3G28040,AT3G04290,AT3G04910,AT3G06680,AT1G48300,AT3G02230,AT4G34870,AT4G23820,AT2G47390,AT1G72160,AT5G05200,AT1G18720,AT4G13930,AT4G09020,AT3G27820,AT1G75500,AT1G25260,AT3G52500,AT1G04690,AT5G39210,AT1G21670,AT1G28330,AT1G04770,AT5G58310,AT1G62780,AT3G02570,AT2G05790,AT2G16660,AT3G46630	AT5G14920,AT5G37260,AT4G02370,AT1G68560,AT3G20820,AT3G05220,AT3G24503,AT1G75800,AT3G04910,AT1G18720,AT3G08030,AT1G04770,AT3G02570,AT3G46630
4	AT1G09530	PAP3	12	14	PWM1019	CisBP	M2223_1.01	110	0.00032594280465678865	0.005312867715905655	79	AT3G05880,AT5G20630,AT3G63160,AT1G10760,AT2G15960,AT4G32340,AT2G15890,AT1G20620,AT4G26530,AT4G16190,AT5G15960,AT1G21680,AT3G53460,AT2G15970,AT3G10410,AT3G57520,AT3G29320,AT2G33150,AT2G45740,AT4G11600,AT1G54500,AT4G19120,AT2G44490,AT5G37260,AT1G35720,AT4G16146,AT3G48990,AT1G14345,AT4G18240,AT1G68560,AT2G04700,AT4G30190,AT1G52190,AT5G14780,AT2G24150,AT5G62360,AT1G17290,AT3G45780,AT2G39770,AT5G44680,AT5G11420,AT2G47510,AT2G42530,AT3G06483,AT4G35830,AT2G36390,AT1G75800,AT3G43720,AT4G16370,AT5G38510,AT3G28040,AT3G04910,AT3G06680,AT1G48300,AT3G02230,AT4G34870,AT4G23820,AT2G47390,AT1G72160,AT5G05200,AT1G18720,AT4G13930,AT4G09020,AT3G27820,AT1G75500,AT1G25260,AT3G52500,AT1G04690,AT5G39210,AT1G21670,AT1G28330,AT1G04770,AT2G42840,AT5G58310,AT1G62780,AT3G02570,AT2G05790,AT2G16660,AT3G46630	AT5G14920,AT5G37260,AT4G02370,AT1G68560,AT3G20820,AT3G05220,AT3G24503,AT1G75800,AT3G04910,AT1G18720,AT3G08030,AT1G04770,AT3G02570,AT3G46630
4	AT1G09530	PAP3	12	14	PWM1305	CisBP	M2733_1.01	135	0.0005249595424020697	0.007353534840053993	78	AT4G27440,AT3G05880,AT3G09390,AT4G39090,AT1G10760,AT3G17390,AT2G15960,AT4G32340,AT2G15890,AT1G20620,AT4G26530,AT1G43670,AT2G05520,AT5G15960,AT1G21680,AT3G53460,AT2G15970,AT3G57520,AT4G33510,AT2G33150,AT2G45740,AT1G69830,AT4G11600,AT2G28840,AT1G54500,AT5G60360,AT2G44490,AT1G35720,AT4G16146,AT4G19410,AT4G00370,AT4G02370,AT1G14345,AT1G70890,AT2G04700,AT1G52190,AT5G14780,AT1G29390,AT3G20820,AT2G39770,AT5G11420,AT1G29395,AT2G14910,AT4G35830,AT2G36390,AT1G75800,AT3G43720,AT4G16370,AT5G38510,AT3G28040,AT3G04910,AT3G06680,AT1G48300,AT4G34870,AT4G39980,AT1G78670,AT5G61660,AT5G05200,AT1G18720,AT4G13930,AT3G03150,AT4G09020,AT3G27820,AT5G51820,AT2G05710,AT5G39210,AT4G01610,AT1G21670,AT4G17140,AT1G28330,AT5G58310,AT1G62780,AT3G02570,AT2G05790,AT5G57110,AT3G46630,AT3G51800,AT5G16710	AT5G14920,AT5G37260,AT4G02370,AT1G68560,AT3G20820,AT3G05220,AT3G24503,AT1G75800,AT3G04910,AT1G18720,AT3G08030,AT1G04770,AT3G02570,AT3G46630
4	AT1G09530	PAP3	12	14	PWM962	AthaMAP	T04492	151	0.0005249595424020697	0.007353534840053993	78	AT4G27440,AT3G05880,AT4G39090,AT1G10760,AT3G17390,AT2G15960,AT4G32340,AT2G15890,AT4G26530,AT1G43670,AT2G05520,AT5G15960,AT1G21680,AT3G53460,AT2G15970,AT3G57520,AT4G33510,AT3G29320,AT2G33150,AT2G45740,AT1G69830,AT4G11600,AT2G28840,AT1G54500,AT2G44490,AT1G35720,AT4G16146,AT4G19410,AT4G00370,AT4G02370,AT1G14345,AT1G70890,AT2G04700,AT1G52190,AT5G14780,AT1G29390,AT3G20820,AT2G39770,AT5G11420,AT1G29395,AT4G35830,AT1G01470,AT1G75800,AT3G43720,AT4G16370,AT5G38510,AT3G28040,AT3G04910,AT3G06680,AT1G48300,AT4G34870,AT4G39980,AT1G78670,AT5G61660,AT5G05200,AT1G18720,AT4G13930,AT3G03150,AT4G09020,AT3G27820,AT5G51820,AT2G05710,AT5G39210,AT4G01610,AT1G21670,AT4G17140,AT1G28330,AT1G02475,AT1G01120,AT5G58310,AT1G62780,AT3G02570,AT2G05790,AT5G57110,AT3G46630,AT3G51800,AT5G16710,AT1G01320	AT5G14920,AT5G37260,AT4G02370,AT1G68560,AT3G20820,AT3G05220,AT3G24503,AT1G75800,AT3G04910,AT1G18720,AT3G08030,AT1G04770,AT3G02570,AT3G46630
4	AT4G32800	At4g32800	14	1	PWM2771	DAP-seq	AT4G32800_col	85	0.00012023386062734147	0.002728852051959788	81	AT3G22240,AT1G13930,AT3G63160,AT4G21960,AT3G17390,AT2G28900,AT1G20620,AT1G06460,AT5G15960,AT3G14310,AT5G26570,AT2G31360,AT2G02100,AT1G70820,AT1G49750,AT2G45740,AT2G06850,AT2G45470,AT4G34950,AT2G14170,AT4G19120,AT1G07440,AT3G27770,AT1G35720,AT5G44340,AT5G28500,AT5G06690,AT5G19250,AT4G19410,AT3G52180,AT2G40840,AT3G48990,AT4G22690,AT4G30190,AT5G14780,AT4G23100,AT3G45780,AT4G09000,AT5G11670,AT2G39770,AT3G54090,AT1G66410,AT4G24220,AT1G76180,AT2G47510,AT2G42530,AT1G29395,AT2G22450,AT3G43720,AT3G04290,AT3G04910,AT3G01310,AT1G48300,AT4G21210,AT4G34870,AT4G13930,AT3G03150,AT1G75500,AT2G05710,AT5G05170,AT3G52500,AT5G53880,AT5G14040,AT5G39410,AT5G53460,AT1G04690,AT5G49720,AT2G34250,AT4G17140,AT3G28940,AT3G13750,AT1G45332,AT5G58310,AT3G14840,AT1G04430,AT3G02570,AT2G04280,AT4G21620,AT2G16660,AT1G26850,AT3G11710	AT5G49720
4	AT4G32800	At4g32800	14	1	PWM2594	JASPAR	MA0996.1	139	0.0005249595424020697	0.007353534840053993	78	AT1G13930,AT4G21960,AT3G17390,AT4G39260,AT1G20620,AT1G06460,AT4G04330,AT3G14310,AT5G26570,AT2G31360,AT2G15970,AT2G02100,AT3G14210,AT3G47860,AT1G70820,AT4G38770,AT1G49750,AT2G06850,AT4G11600,AT2G45470,AT4G34950,AT4G19120,AT5G44340,AT1G29670,AT5G28500,AT5G06690,AT5G19250,AT4G19410,AT3G52180,AT2G40840,AT4G00370,AT4G22690,AT4G04340,AT1G22530,AT1G52190,AT5G14780,AT4G23100,AT2G15090,AT1G04400,AT3G45780,AT4G09000,AT2G26900,AT2G39770,AT1G53210,AT1G66410,AT4G24220,AT5G11420,AT1G76180,AT1G29395,AT2G14910,AT1G05190,AT1G01470,AT2G22450,AT3G43720,AT3G04910,AT4G34870,AT5G01750,AT5G61660,AT4G13930,AT3G03150,AT4G09020,AT4G39730,AT5G05170,AT3G55280,AT2G25730,AT1G58270,AT5G14040,AT5G39410,AT1G04690,AT5G49720,AT4G17140,AT1G28330,AT3G28940,AT1G04430,AT2G04280,AT2G16660,AT1G26850,AT3G11710	AT5G49720
4	AT4G32800	At4g32800	14	1	PWM1146	CisBP	M0034_1.01	155	0.0008330677041717559	0.009826910484078674	77	AT1G13930,AT4G21960,AT3G17390,AT4G39260,AT1G20620,AT1G06460,AT4G04330,AT3G14310,AT5G26570,AT2G31360,AT2G15970,AT2G02100,AT3G47860,AT1G70820,AT4G38770,AT1G49750,AT2G06850,AT4G11600,AT2G45470,AT4G34950,AT4G19120,AT5G44340,AT1G29670,AT5G28500,AT5G06690,AT5G19250,AT4G19410,AT3G52180,AT2G40840,AT4G00370,AT4G22690,AT4G04340,AT1G22530,AT1G52190,AT5G14780,AT4G23100,AT2G15090,AT1G04400,AT3G45780,AT4G09000,AT2G26900,AT2G39770,AT1G53210,AT1G66410,AT4G24220,AT5G11420,AT1G76180,AT1G29395,AT2G14910,AT1G05190,AT1G01470,AT2G22450,AT3G43720,AT3G04910,AT4G34870,AT5G01750,AT5G61660,AT4G13930,AT3G03150,AT4G09020,AT4G39730,AT5G05170,AT3G55280,AT2G25730,AT1G58270,AT5G14040,AT5G39410,AT1G04690,AT5G49720,AT4G17140,AT1G28330,AT3G28940,AT1G04430,AT2G04280,AT2G16660,AT1G26850,AT3G11710	AT5G49720
4	AT5G05410	DREB2	0	3	PWM32	AthaMAP	T02646	87	0.00012023386062734147	0.002728852051959788	81	AT3G26740,AT1G13930,AT4G21960,AT1G10760,AT2G15890,AT1G20620,AT5G14920,AT5G23240,AT4G04330,AT5G15960,AT3G14310,AT5G26570,AT2G15970,AT2G02100,AT1G20693,AT3G47860,AT1G70820,AT3G57520,AT5G23660,AT4G30650,AT4G30660,AT5G62720,AT4G03520,AT1G69830,AT1G20696,AT2G45470,AT4G34950,AT5G37780,AT3G55630,AT3G53730,AT1G35720,AT3G48740,AT5G28500,AT4G14716,AT4G00370,AT4G22690,AT4G04340,AT1G52190,AT3G46010,AT2G15090,AT5G23920,AT4G19530,AT1G04400,AT2G26900,AT1G53210,AT1G66410,AT4G24220,AT1G29395,AT3G06483,AT1G61740,AT1G75800,AT5G01015,AT3G43720,AT1G48300,AT5G01750,AT2G47390,AT5G61660,AT1G18720,AT4G13930,AT5G35680,AT1G23820,AT4G39730,AT2G05710,AT5G64860,AT5G39410,AT1G04690,AT5G49720,AT4G17140,AT1G02475,AT1G01120,AT3G12120,AT1G62780,AT1G04430,AT3G02570,AT2G04280,AT2G16660,AT3G46630,AT1G21130,AT4G30220,AT4G29120,AT4G32240	AT3G09390,AT3G05220,AT5G03240
4	AT1G74840	At1g74840	1	0	PWM3307	DAP-seq	AT1G74840_col	89	0.00012023386062734147	0.002728852051959788	81	AT3G26740,AT2G33830,AT3G22231,AT4G39090,AT4G21960,AT3G46970,AT3G17390,AT2G15890,AT1G20620,AT4G04330,AT5G15960,AT5G26570,AT3G53460,AT3G45140,AT1G20693,AT3G57520,AT5G19780,AT3G16370,AT1G30360,AT4G03520,AT1G20696,AT4G04610,AT2G45470,AT1G71030,AT3G55630,AT5G08410,AT5G10980,AT1G66970,AT3G48360,AT2G16280,AT5G06690,AT5G13730,AT3G52180,AT4G00370,AT3G23700,AT1G68560,AT4G04340,AT5G14780,AT3G46010,AT3G16250,AT4G34120,AT1G04400,AT4G27130,AT5G19540,AT2G26900,AT2G39770,AT3G54090,AT3G46000,AT1G76180,AT5G15230,AT3G04550,AT1G25150,AT3G06483,AT1G05190,AT2G36390,AT1G08550,AT2G22450,AT3G43720,AT3G04910,AT3G01310,AT4G23820,AT1G20630,AT5G05200,AT1G18720,AT4G13930,AT3G27820,AT5G51820,AT2G05710,AT3G03920,AT2G25730,AT5G61380,AT3G08510,AT5G49720,AT4G17140,AT1G28330,AT1G04770,AT1G01120,AT3G17170,AT3G13460,AT1G21130,AT1G01320	
4	AT5G11590	TINY2	21	na	PWM34	AthaMAP	T07771	90	0.00012023386062734147	0.002728852051959788	81	AT3G26740,AT1G13930,AT4G21960,AT1G10760,AT2G15890,AT1G20620,AT5G14920,AT5G23240,AT4G04330,AT5G15960,AT3G14310,AT5G26570,AT2G15970,AT2G02100,AT1G20693,AT3G47860,AT1G70820,AT3G57520,AT5G23660,AT4G30650,AT4G30660,AT5G62720,AT4G03520,AT1G69830,AT1G20696,AT2G45470,AT4G34950,AT5G37780,AT3G55630,AT3G53730,AT1G35720,AT3G48740,AT5G28500,AT4G14716,AT4G00370,AT4G22690,AT4G04340,AT1G52190,AT3G46010,AT2G15090,AT5G23920,AT4G19530,AT1G04400,AT2G26900,AT1G53210,AT1G66410,AT4G24220,AT1G29395,AT3G06483,AT1G61740,AT1G75800,AT5G01015,AT3G43720,AT1G48300,AT5G01750,AT2G47390,AT5G61660,AT1G18720,AT4G13930,AT5G35680,AT1G23820,AT4G39730,AT2G05710,AT5G64860,AT5G39410,AT1G04690,AT5G49720,AT4G17140,AT1G02475,AT1G01120,AT3G12120,AT1G62780,AT1G04430,AT3G02570,AT2G04280,AT2G16660,AT3G46630,AT1G21130,AT4G30220,AT4G29120,AT4G32240	na
4	AT5G11590	TINY2	21	na	PWM1147	CisBP	M0034_1.01	156	0.0008330677041717559	0.009826910484078674	77	AT1G13930,AT4G21960,AT3G17390,AT4G39260,AT1G20620,AT1G06460,AT4G04330,AT3G14310,AT5G26570,AT2G31360,AT2G15970,AT2G02100,AT3G47860,AT1G70820,AT4G38770,AT1G49750,AT2G06850,AT4G11600,AT2G45470,AT4G34950,AT4G19120,AT5G44340,AT1G29670,AT5G28500,AT5G06690,AT5G19250,AT4G19410,AT3G52180,AT2G40840,AT4G00370,AT4G22690,AT4G04340,AT1G22530,AT1G52190,AT5G14780,AT4G23100,AT2G15090,AT1G04400,AT3G45780,AT4G09000,AT2G26900,AT2G39770,AT1G53210,AT1G66410,AT4G24220,AT5G11420,AT1G76180,AT1G29395,AT2G14910,AT1G05190,AT1G01470,AT2G22450,AT3G43720,AT3G04910,AT4G34870,AT5G01750,AT5G61660,AT4G13930,AT3G03150,AT4G09020,AT4G39730,AT5G05170,AT3G55280,AT2G25730,AT1G58270,AT5G14040,AT5G39410,AT1G04690,AT5G49720,AT4G17140,AT1G28330,AT3G28940,AT1G04430,AT2G04280,AT2G16660,AT1G26850,AT3G11710	na
4	AT4G25470	ATCBF2	10	0	PWM35	AthaMAP	T04824	91	0.00012023386062734147	0.002728852051959788	81	AT3G26740,AT1G13930,AT4G21960,AT1G10760,AT2G15890,AT1G20620,AT5G14920,AT5G23240,AT4G04330,AT5G15960,AT3G14310,AT5G26570,AT2G15970,AT2G02100,AT1G20693,AT3G47860,AT1G70820,AT3G57520,AT5G23660,AT4G30650,AT4G30660,AT5G62720,AT4G03520,AT1G69830,AT1G20696,AT2G45470,AT4G34950,AT5G37780,AT3G55630,AT3G53730,AT1G35720,AT3G48740,AT5G28500,AT4G14716,AT4G00370,AT4G22690,AT4G04340,AT1G52190,AT3G46010,AT2G15090,AT5G23920,AT4G19530,AT1G04400,AT2G26900,AT1G53210,AT1G66410,AT4G24220,AT1G29395,AT3G06483,AT1G61740,AT1G75800,AT5G01015,AT3G43720,AT1G48300,AT5G01750,AT2G47390,AT5G61660,AT1G18720,AT4G13930,AT5G35680,AT1G23820,AT4G39730,AT2G05710,AT5G64860,AT5G39410,AT1G04690,AT5G49720,AT4G17140,AT1G02475,AT1G01120,AT3G12120,AT1G62780,AT1G04430,AT3G02570,AT2G04280,AT2G16660,AT3G46630,AT1G21130,AT4G30220,AT4G29120,AT4G32240	
4	AT4G25470	ATCBF2	10	0	PWM1228	CisBP	M0030_1.01	98	0.00019941730954153766	0.0036485228164079286	80	AT1G10760,AT4G39260,AT2G28900,AT1G20620,AT1G54410,AT4G04330,AT2G05520,AT5G15960,AT3G14310,AT5G26570,AT2G31360,AT2G15970,AT2G02100,AT3G14210,AT3G47860,AT4G30650,AT4G38770,AT1G49750,AT5G19780,AT3G45980,AT2G06850,AT1G69830,AT4G11600,AT4G04610,AT2G45470,AT5G37780,AT3G53730,AT5G28840,AT1G66970,AT5G28500,AT5G06690,AT4G16146,AT1G54100,AT4G00370,AT3G23700,AT4G22690,AT4G04340,AT1G22530,AT4G23100,AT4G04830,AT2G15090,AT3G16250,AT5G23920,AT1G04400,AT4G09000,AT4G14960,AT2G26900,AT1G53210,AT1G66410,AT4G24220,AT5G11420,AT1G76180,AT1G29395,AT1G61740,AT1G27450,AT3G43720,AT3G04910,AT5G20280,AT1G48300,AT4G13930,AT3G03150,AT4G09020,AT4G34930,AT3G08030,AT4G39730,AT3G55280,AT2G25730,AT5G53460,AT1G04690,AT5G49720,AT4G17140,AT5G58310,AT3G14840,AT1G04430,AT2G25490,AT3G02570,AT2G16660,AT5G57110,AT4G25630,AT1G01320	
4	AT4G25470	ATCBF2	10	0	PWM2779	DAP-seq	CBF2_col	119	0.00032594280465678865	0.005312867715905655	79	AT1G13930,AT3G62550,AT3G17390,AT2G28900,AT1G20620,AT1G54410,AT4G04330,AT5G15960,AT3G14310,AT5G26570,AT2G31360,AT2G15970,AT2G02100,AT3G14210,AT3G47860,AT4G30650,AT4G38770,AT1G49750,AT5G19780,AT1G30360,AT2G06850,AT1G69830,AT4G11600,AT4G04610,AT2G45470,AT4G34950,AT3G53730,AT4G19120,AT1G29670,AT5G19250,AT4G16146,AT1G54100,AT4G19410,AT4G00370,AT4G22690,AT4G04340,AT5G14780,AT4G23100,AT5G62360,AT1G04400,AT4G09000,AT2G26900,AT2G39770,AT1G53210,AT1G66410,AT4G24220,AT5G11420,AT1G76180,AT2G42530,AT1G29395,AT3G06483,AT1G05190,AT4G17560,AT1G01470,AT1G61740,AT4G28510,AT3G04910,AT1G48300,AT5G61660,AT4G09020,AT3G27820,AT5G05170,AT3G55280,AT2G25730,AT1G58270,AT5G14040,AT5G39410,AT5G53460,AT1G04690,AT4G17140,AT3G14840,AT1G62780,AT1G04430,AT2G25490,AT2G04280,AT2G05790,AT2G16660,AT5G57110,AT3G46630	
4	AT4G25470	ATCBF2	10	0	PWM2584	JASPAR	MA0985.1	180	0.0013024764139941078	0.013577559362159508	76	AT4G39260,AT2G28900,AT1G20620,AT1G54410,AT4G04330,AT2G05520,AT5G15960,AT3G14310,AT5G26570,AT2G31360,AT2G15970,AT2G02100,AT3G14210,AT3G47860,AT4G30650,AT4G38770,AT1G49750,AT5G19780,AT3G45980,AT2G33150,AT2G06850,AT1G69830,AT4G11600,AT3G58680,AT4G04610,AT2G45470,AT5G37780,AT3G53730,AT5G28840,AT1G66970,AT5G28500,AT5G06690,AT1G54100,AT4G00370,AT3G23700,AT4G22690,AT4G04340,AT1G22530,AT4G23100,AT4G04830,AT2G15090,AT3G16250,AT5G23920,AT1G04400,AT4G09000,AT4G14960,AT2G26900,AT1G53210,AT1G66410,AT4G24220,AT1G76180,AT1G29395,AT1G61740,AT1G27450,AT3G04910,AT5G20280,AT1G48300,AT3G02230,AT4G13930,AT3G03150,AT4G09020,AT4G34930,AT3G08030,AT4G39730,AT3G55280,AT2G25730,AT5G53460,AT1G04690,AT5G49720,AT4G17140,AT3G14840,AT1G04430,AT3G02570,AT2G16660,AT5G57110,AT1G01320	
4	AT4G06746	DEAR5	4	na	PWM910	CisBP	M0075_1.01	94	0.00012023386062734147	0.002728852051959788	81	AT1G13930,AT4G21960,AT3G17390,AT1G20620,AT4G35770,AT1G06460,AT4G04330,AT3G14310,AT5G26570,AT2G31360,AT2G02100,AT3G14210,AT4G38770,AT1G49750,AT5G19780,AT2G06850,AT4G11600,AT2G45470,AT4G34950,AT3G53730,AT5G28840,AT4G19120,AT5G60360,AT5G37260,AT5G44340,AT3G48740,AT5G28500,AT5G06690,AT5G19250,AT4G19410,AT3G52180,AT2G40840,AT4G00370,AT4G22690,AT4G04340,AT4G30190,AT1G22530,AT5G14780,AT4G23100,AT2G15090,AT1G04400,AT3G45780,AT4G09000,AT2G39770,AT1G66410,AT4G24220,AT5G11420,AT1G76180,AT5G47240,AT1G29395,AT1G05190,AT1G61740,AT2G22450,AT3G43720,AT3G04290,AT3G04910,AT2G44310,AT5G01750,AT5G61660,AT4G13930,AT4G09020,AT3G27820,AT5G05170,AT3G55280,AT5G14040,AT5G39410,AT1G04690,AT5G49720,AT3G48730,AT3G28940,AT1G01120,AT5G58310,AT3G46740,AT1G04430,AT3G02570,AT2G04280,AT2G05790,AT2G16660,AT5G57110,AT1G26850,AT3G11710	na
4	AT4G06746	DEAR5	4	na	PWM2798	DAP-seq	DEAR5_col	196	0.0020061379891144174	0.019763766013638186	75	AT4G21960,AT3G17390,AT2G15960,AT1G20620,AT4G35770,AT5G63780,AT2G05520,AT5G26570,AT1G21680,AT2G31360,AT3G14210,AT3G57520,AT5G19780,AT2G06850,AT2G28840,AT4G26670,AT2G45470,AT4G34950,AT2G14170,AT4G19120,AT3G48360,AT4G12320,AT5G44340,AT5G28500,AT5G06690,AT4G19410,AT3G52180,AT2G40840,AT4G22690,AT4G30190,AT5G14780,AT4G23100,AT3G17930,AT3G16250,AT3G05220,AT2G26900,AT2G39770,AT5G24165,AT1G66410,AT1G76180,AT2G47510,AT2G42530,AT5G08280,AT2G36390,AT5G08380,AT2G22450,AT3G43720,AT3G04910,AT5G01750,AT4G13930,AT4G39730,AT2G05710,AT5G05170,AT3G52500,AT5G14040,AT5G39410,AT5G53460,AT1G04690,AT5G49720,AT1G21670,AT2G34250,AT3G28940,AT3G13750,AT2G42840,AT5G58310,AT3G14840,AT3G46740,AT1G04430,AT4G24920,AT2G04280,AT2G05790,AT2G16660,AT5G57110,AT1G26850,AT3G11710	na
4	AT4G36900	DEAR4	2	1	PWM911	CisBP	M0075_1.01	95	0.00012023386062734147	0.002728852051959788	81	AT1G13930,AT4G21960,AT3G17390,AT1G20620,AT4G35770,AT1G06460,AT4G04330,AT3G14310,AT5G26570,AT2G31360,AT2G02100,AT3G14210,AT4G38770,AT1G49750,AT5G19780,AT2G06850,AT4G11600,AT2G45470,AT4G34950,AT3G53730,AT5G28840,AT4G19120,AT5G60360,AT5G37260,AT5G44340,AT3G48740,AT5G28500,AT5G06690,AT5G19250,AT4G19410,AT3G52180,AT2G40840,AT4G00370,AT4G22690,AT4G04340,AT4G30190,AT1G22530,AT5G14780,AT4G23100,AT2G15090,AT1G04400,AT3G45780,AT4G09000,AT2G39770,AT1G66410,AT4G24220,AT5G11420,AT1G76180,AT5G47240,AT1G29395,AT1G05190,AT1G61740,AT2G22450,AT3G43720,AT3G04290,AT3G04910,AT2G44310,AT5G01750,AT5G61660,AT4G13930,AT4G09020,AT3G27820,AT5G05170,AT3G55280,AT5G14040,AT5G39410,AT1G04690,AT5G49720,AT3G48730,AT3G28940,AT1G01120,AT5G58310,AT3G46740,AT1G04430,AT3G02570,AT2G04280,AT2G05790,AT2G16660,AT5G57110,AT1G26850,AT3G11710	AT5G49720
4	AT5G08330	At5g08330	4	0	PWM992	CisBP	M1527_1.01	96	0.00012023386062734147	0.002728852051959788	81	AT3G62550,AT1G12090,AT3G46970,AT2G30860,AT2G37220,AT4G26530,AT3G14310,AT1G78020,AT1G17100,AT3G10410,AT2G30870,AT2G14560,AT4G38770,AT1G49750,AT5G19780,AT2G18960,AT2G06850,AT3G58680,AT2G45470,AT1G71030,AT4G34950,AT2G32480,AT3G55630,AT3G53730,AT5G37260,AT5G44340,AT3G48740,AT1G29670,AT4G19410,AT5G02760,AT3G52180,AT5G02240,AT1G68560,AT4G30190,AT5G13710,AT5G14780,AT1G07050,AT3G17930,AT3G04760,AT5G62360,AT1G29390,AT4G14960,AT1G51805,AT5G11670,AT1G76180,AT1G29395,AT4G17560,AT1G72970,AT4G35830,ATCG00490,AT3G28040,AT3G04910,AT3G01310,AT2G44310,AT2G22430,AT4G34870,AT1G78670,AT4G13930,AT3G27820,AT1G75500,AT3G08030,AT4G39730,AT2G05710,AT3G55280,AT2G25730,AT1G58270,AT5G39210,AT5G53490,AT3G13750,AT2G33210,AT3G12120,AT3G14840,AT3G02570,AT4G30760,AT4G39080,AT4G21620,AT4G29840,AT1G09780,AT2G05990,AT1G26850,AT1G01320	
4	AT5G08330	At5g08330	4	0	PWM3474	DAP-seq	AT5G08330_col	216	0.0030438330023913308	0.026884692479249538	74	AT3G62550,AT3G46970,AT1G10760,AT3G17390,AT4G13250,AT4G26530,AT5G23240,AT3G14310,AT3G53460,AT1G78020,AT3G10410,AT2G31040,AT1G49750,AT5G19780,AT2G18960,AT1G30360,AT1G71030,AT3G55630,AT3G48360,AT3G27770,AT2G44490,AT5G37260,AT5G44340,AT1G29670,AT5G06690,AT4G16146,AT1G54100,AT5G13730,AT1G20010,AT4G30190,AT5G13710,AT3G17930,AT3G04760,AT1G29390,AT4G32940,AT4G14960,AT1G51805,AT3G23280,AT1G76180,AT2G42530,AT1G29395,AT5G59540,AT4G17560,AT1G72970,AT4G35830,AT2G36390,AT1G75800,AT1G27450,ATCG00490,AT3G01310,AT5G02480,AT2G22430,AT3G27820,AT1G75500,AT2G05710,AT3G55280,AT2G25730,AT5G53880,AT5G39210,AT5G53490,AT1G28330,AT3G13750,AT2G33210,AT1G04770,AT1G45332,AT3G14840,AT1G04430,AT4G21620,AT1G09780,AT2G05790,AT3G46630,AT2G05990,AT3G10970,AT1G01320	
4	AT5G23280	TCP7	2	0	PWM993	CisBP	M1527_1.01	97	0.00012023386062734147	0.002728852051959788	81	AT3G62550,AT1G12090,AT3G46970,AT2G30860,AT2G37220,AT4G26530,AT3G14310,AT1G78020,AT1G17100,AT3G10410,AT2G30870,AT2G14560,AT4G38770,AT1G49750,AT5G19780,AT2G18960,AT2G06850,AT3G58680,AT2G45470,AT1G71030,AT4G34950,AT2G32480,AT3G55630,AT3G53730,AT5G37260,AT5G44340,AT3G48740,AT1G29670,AT4G19410,AT5G02760,AT3G52180,AT5G02240,AT1G68560,AT4G30190,AT5G13710,AT5G14780,AT1G07050,AT3G17930,AT3G04760,AT5G62360,AT1G29390,AT4G14960,AT1G51805,AT5G11670,AT1G76180,AT1G29395,AT4G17560,AT1G72970,AT4G35830,ATCG00490,AT3G28040,AT3G04910,AT3G01310,AT2G44310,AT2G22430,AT4G34870,AT1G78670,AT4G13930,AT3G27820,AT1G75500,AT3G08030,AT4G39730,AT2G05710,AT3G55280,AT2G25730,AT1G58270,AT5G39210,AT5G53490,AT3G13750,AT2G33210,AT3G12120,AT3G14840,AT3G02570,AT4G30760,AT4G39080,AT4G21620,AT4G29840,AT1G09780,AT2G05990,AT1G26850,AT1G01320	
4	AT3G59060	PIF5	7	23	PWM2162	JASPAR	MA0562.1	99	0.00019941730954153766	0.0036485228164079286	80	AT3G05880,AT5G20630,AT3G09390,AT3G63160,AT1G10760,AT4G32340,AT2G15890,AT1G20620,AT4G26530,AT5G14920,AT2G05520,AT5G15960,AT2G15970,AT3G14210,AT3G29320,AT2G33150,AT2G45740,AT1G54500,AT3G55630,AT2G44490,AT3G48740,AT4G16146,AT1G54100,AT5G13730,AT3G52180,AT1G14345,AT4G18240,AT1G68560,AT2G04700,AT1G52190,AT4G04830,AT3G46010,AT2G24150,AT5G62360,AT3G45780,AT3G20820,AT2G39770,AT5G44680,AT5G11420,AT2G42530,AT3G24503,AT4G17560,AT4G35830,AT1G61740,AT4G16370,AT5G38510,AT3G28040,AT3G04290,AT3G01310,AT3G06680,AT1G48300,AT3G02230,AT4G34870,AT1G78670,AT1G72160,AT5G61660,AT5G05200,AT3G22200,AT4G09020,AT3G27820,AT1G75500,AT1G23820,AT1G25260,AT2G05710,AT5G64860,AT1G74880,AT5G53460,AT5G39210,AT4G17140,AT2G42840,AT3G56010,AT5G58310,AT1G62780,AT1G04430,AT2G25490,AT3G02570,AT2G05790,AT2G16660,AT5G57110,AT3G46630	AT2G21660,AT4G21960,AT1G20620,AT4G26530,AT5G14920,AT1G25275,AT2G10940,AT5G13730,AT1G68560,AT1G52190,AT5G62360,AT1G29395,AT3G24503,AT1G61740,AT1G75800,AT3G04910,AT4G23820,AT1G75500,AT3G08030,AT3G52500,AT3G02570,AT2G05790,AT4G25630
4	AT3G59060	PIF5	7	23	PWM904	CisBP	M2225_1.01	127	0.00032594280465678865	0.005312867715905655	79	AT3G05880,AT5G20630,AT3G63160,AT1G10760,AT4G32340,AT2G15890,AT1G20620,AT4G26530,AT5G14920,AT2G05520,AT5G15960,AT2G15970,AT3G14210,AT3G29320,AT2G33150,AT2G45740,AT1G54500,AT3G55630,AT2G44490,AT3G48740,AT4G16146,AT1G54100,AT4G19410,AT5G13730,AT1G14345,AT4G18240,AT1G68560,AT2G04700,AT1G52190,AT4G04830,AT3G46010,AT2G24150,AT5G62360,AT3G45780,AT3G20820,AT2G39770,AT5G44680,AT5G11420,AT2G47510,AT2G42530,AT4G17560,AT4G35830,AT1G61740,AT1G75800,AT4G16370,AT5G38510,AT3G28040,AT3G04290,AT3G01310,AT3G06680,AT1G48300,AT3G02230,AT4G34870,AT1G78670,AT4G23820,AT1G72160,AT5G61660,AT5G05200,AT3G22200,AT4G09020,AT3G27820,AT1G75500,AT1G25260,AT2G05710,AT5G64860,AT1G74880,AT5G53460,AT5G39210,AT4G17140,AT2G42840,AT3G56010,AT5G58310,AT1G62780,AT1G04430,AT3G02570,AT2G05790,AT2G16660,AT5G57110,AT3G46630	AT2G21660,AT4G21960,AT1G20620,AT4G26530,AT5G14920,AT1G25275,AT2G10940,AT5G13730,AT1G68560,AT1G52190,AT5G62360,AT1G29395,AT3G24503,AT1G61740,AT1G75800,AT3G04910,AT4G23820,AT1G75500,AT3G08030,AT3G52500,AT3G02570,AT2G05790,AT4G25630
4	AT3G15030	MEE35	57	0	PWM2631	JASPAR	MA1035.1	103	0.00019941730954153766	0.0036485228164079286	80	AT3G26740,AT3G05880,AT3G09390,AT3G46970,AT3G17390,AT4G39260,AT4G32340,AT2G15890,AT1G20620,AT4G26530,AT5G10860,AT3G14310,AT3G45140,AT2G31360,AT3G14210,AT2G14560,AT4G13850,AT3G29320,AT2G18960,AT2G06850,AT4G04610,AT2G14170,AT5G10980,AT5G28840,AT4G19120,AT1G66970,AT3G16080,AT3G27770,AT2G44490,AT3G48740,AT4G19410,AT1G20010,AT3G52180,AT1G68560,AT1G70890,AT5G13710,AT5G14780,AT3G04760,AT1G51940,AT1G05010,AT4G19530,AT3G45780,AT4G14960,AT2G37660,AT5G11420,AT1G76180,AT3G24503,AT4G17560,AT4G35830,AT1G75800,AT3G43720,AT4G16370,AT3G28040,AT3G04910,AT4G39980,AT2G47390,AT1G71695,AT4G13930,AT1G74560,AT4G34930,AT1G25260,AT5G64860,AT3G55280,AT5G39210,AT3G48730,AT1G04770,AT3G14840,AT3G02570,AT4G39080,AT4G21620,AT5G54760,AT3G56070,AT1G09780,AT2G16660,AT4G25630,AT2G37630,AT3G51800,AT3G10970,AT1G01320,AT4G32240	
4	AT3G15030	MEE35	57	0	PWM1230	CisBP	M1516_1.01	129	0.0005249595424020697	0.007353534840053993	78	AT3G26740,AT3G05880,AT3G09390,AT3G46970,AT3G17390,AT4G39260,AT4G32340,AT2G15890,AT1G20620,AT4G26530,AT5G10860,AT3G14310,AT3G45140,AT2G31360,AT3G14210,AT2G14560,AT4G13850,AT2G18960,AT2G06850,AT4G04610,AT2G14170,AT5G10980,AT5G28840,AT4G19120,AT1G66970,AT3G16080,AT2G44490,AT5G44340,AT3G48740,AT4G19410,AT1G20010,AT3G52180,AT1G68560,AT1G70890,AT5G13710,AT5G14780,AT3G04760,AT1G51940,AT1G05010,AT4G19530,AT3G45780,AT4G14960,AT2G37660,AT5G11420,AT1G76180,AT3G24503,AT4G17560,AT4G35830,AT1G75800,AT4G16370,AT3G28040,AT3G04910,AT4G39980,AT2G47390,AT1G71695,AT4G13930,AT1G74560,AT4G34930,AT1G25260,AT5G64860,AT3G55280,AT1G04690,AT5G39210,AT3G48730,AT1G04770,AT3G14840,AT3G02570,AT4G39080,AT4G21620,AT5G54760,AT3G56070,AT1G09780,AT2G16660,AT4G25630,AT3G51800,AT3G10970,AT1G01320,AT4G32240	
4	AT1G35560	AtTCP23	6	0	PWM2662	JASPAR	MA1066.1	104	0.00019941730954153766	0.0036485228164079286	80	AT4G21960,AT3G46970,AT1G10760,AT4G39260,AT2G28900,AT4G13250,AT1G20620,AT2G37220,AT4G26530,AT5G10860,AT4G04330,AT3G14310,AT1G78020,AT3G10410,AT4G38770,AT1G49750,AT5G19780,AT2G06850,AT3G58680,AT2G45470,AT1G71030,AT4G34950,AT2G32480,AT3G55630,AT3G27770,AT5G37260,AT5G44340,AT3G48740,AT1G29670,AT1G54100,AT3G52180,AT5G02240,AT1G14345,AT2G30620,AT4G04340,AT4G30190,AT5G13710,AT5G14780,AT3G04760,AT1G29390,AT5G11420,AT1G76180,AT1G29395,AT5G59540,AT1G05190,AT4G17560,AT1G75800,AT1G27450,ATCG00490,AT3G01310,AT2G44310,AT2G22430,AT4G34870,AT1G78670,AT5G01750,AT2G47390,AT4G13930,AT3G27820,AT1G75500,AT4G39730,AT5G37600,AT2G05710,AT2G25730,AT5G53880,AT5G39210,AT5G53490,AT5G49720,AT3G48730,AT1G28330,AT3G13750,AT3G14840,AT3G02570,AT4G21620,AT4G29840,AT1G09780,AT5G57110,AT3G46630,AT4G25630,AT2G05990,AT1G01320	
4	AT1G35560	AtTCP23	6	0	PWM1595	PBM		210	0.0030438330023913308	0.026884692479249538	74	AT1G13930,AT4G27440,AT4G39260,AT4G13250,AT1G20620,AT2G37220,AT4G26530,AT5G14920,AT3G14310,AT3G10410,AT1G70820,AT1G49750,AT5G19780,AT2G18960,AT2G06850,AT3G26060,AT2G45470,AT1G71030,AT3G55630,AT5G60360,AT5G37260,AT5G44340,AT3G48740,AT1G29670,AT1G20010,AT5G02240,AT1G14345,AT1G70890,AT4G30190,AT5G13710,AT5G14780,AT3G17930,AT3G04760,AT5G62360,AT1G29390,AT4G32940,AT5G19540,AT1G51805,AT1G76180,AT1G29395,AT5G59540,AT1G05190,AT4G17560,AT1G61740,AT1G75800,AT1G27450,ATCG00490,AT3G01310,AT5G02480,AT2G22430,AT4G34870,AT5G01750,AT4G13930,AT1G75500,AT4G39730,AT5G37600,AT2G05710,AT3G55280,AT2G25730,AT5G53880,AT5G39210,AT5G53490,AT4G17140,AT3G48730,AT3G13750,AT2G42840,AT3G12120,AT3G14840,AT4G21620,AT4G29840,AT1G09780,AT3G51800,AT2G05990,AT1G01320	
4	AT1G49010	At1g49010	51	1	PWM3303	DAP-seq	AT1G49010_col	105	0.00019941730954153766	0.0036485228164079286	80	AT3G26740,AT3G62550,AT3G09390,AT4G39090,AT4G21960,AT3G15840,AT2G15890,AT1G20620,AT1G43670,AT3G18080,AT1G21680,AT3G10410,AT1G70820,AT3G57520,AT2G33150,AT1G30360,AT4G03520,AT3G26060,AT1G70782,AT4G34950,AT5G08410,AT3G48360,AT3G07230,AT3G48740,AT5G28500,AT4G16146,AT2G40840,AT4G18240,AT1G68560,AT1G70890,AT5G13710,AT1G07050,AT3G17930,AT3G46010,AT1G17290,AT4G34120,AT1G04400,AT4G27130,AT4G32940,AT5G11670,AT1G53210,AT3G54090,AT5G24165,AT3G46000,AT1G76180,AT4G38800,AT2G47510,AT3G06483,AT4G35830,AT5G38510,AT2G19750,AT4G28510,AT3G28040,AT3G01310,AT1G78670,AT1G20630,AT5G05200,AT1G74560,AT1G52930,AT4G09020,AT5G35680,AT2G05710,AT5G67510,AT5G64860,AT3G03920,AT2G25730,AT3G08510,AT5G14040,AT1G28330,AT1G01120,AT3G56010,AT4G18970,AT3G46740,AT1G04430,AT5G52780,AT5G54760,AT2G05790,AT1G21130,AT3G06980,AT1G01320	AT5G49720
4	AT2G41070	ATBZIP12	2	1	PWM588	AthaMAP	T05618	106	0.00019941730954153766	0.0036485228164079286	80	AT3G26740,AT4G27440,AT3G46970,AT1G10760,AT2G15890,AT1G20620,AT5G14920,AT5G63780,AT1G21680,AT2G15970,AT3G14210,AT3G22120,AT3G57520,AT4G13850,AT3G29320,AT2G33150,AT2G45740,AT1G69830,AT1G54500,AT2G45470,AT2G14170,AT3G48360,AT2G44490,AT5G37260,AT3G48740,AT2G40840,AT4G00370,AT1G14345,AT2G04700,AT2G30620,AT1G52190,AT5G14780,AT3G07470,AT5G53450,AT4G34120,AT1G29390,AT4G19530,AT4G09000,AT4G32940,AT3G20820,AT2G26900,AT5G11670,AT2G39770,AT1G44920,AT4G24220,AT5G44680,AT5G11420,AT5G47240,AT5G19860,AT1G29395,AT2G36390,AT1G75800,AT5G38510,AT4G28510,AT3G04910,AT3G01310,AT3G06680,AT1G48300,AT4G39980,AT2G47390,AT5G05200,AT1G23820,AT4G39730,AT5G37600,AT5G51820,AT5G39410,AT5G53460,AT4G01610,AT1G21670,AT4G17140,AT3G13750,AT5G10390,AT3G14840,AT4G39080,AT3G13460,AT5G57110,AT3G46630,AT2G37630,AT3G51800,AT5G16710	AT5G49720
4	AT1G01260	JAM2	0	0	PWM897	CisBP	M0149_1.01	108	0.00019941730954153766	0.0036485228164079286	80	AT3G05880,AT4G39090,AT3G63160,AT4G21960,AT1G10760,AT2G15960,AT4G32340,AT2G15890,AT1G20620,AT5G14920,AT2G16600,AT4G04330,AT5G15960,AT1G21680,AT2G15970,AT3G10410,AT3G57520,AT5G23660,AT3G29320,AT2G33150,AT2G45740,AT2G18960,AT4G11600,AT1G54500,AT3G55630,AT5G37260,AT1G35720,AT4G16146,AT1G20010,AT5G02760,AT3G48990,AT4G02370,AT1G14345,AT4G18240,AT2G04700,AT4G04340,AT4G30190,AT1G52190,AT5G14780,AT4G04830,AT2G24150,AT5G62360,AT3G20820,AT2G39770,AT5G11420,AT4G17560,AT2G36390,AT1G61740,AT1G75800,AT3G43720,AT4G16370,AT3G04910,AT1G48300,AT3G02230,AT4G34870,AT1G78670,AT4G23820,AT2G47390,AT1G72160,AT5G05200,AT3G03150,AT4G09020,AT1G75500,AT1G23820,AT1G25260,AT5G51820,AT2G05710,AT5G64860,AT5G17190,AT5G53460,AT1G04690,AT5G39210,AT1G21670,AT2G42840,AT5G58310,AT3G02570,AT2G05790,AT3G46630,AT2G05990,AT5G16710	
4	AT5G57150	AT5G57150	0	na	PWM898	CisBP	M0149_1.01	109	0.00019941730954153766	0.0036485228164079286	80	AT3G05880,AT4G39090,AT3G63160,AT4G21960,AT1G10760,AT2G15960,AT4G32340,AT2G15890,AT1G20620,AT5G14920,AT2G16600,AT4G04330,AT5G15960,AT1G21680,AT2G15970,AT3G10410,AT3G57520,AT5G23660,AT3G29320,AT2G33150,AT2G45740,AT2G18960,AT4G11600,AT1G54500,AT3G55630,AT5G37260,AT1G35720,AT4G16146,AT1G20010,AT5G02760,AT3G48990,AT4G02370,AT1G14345,AT4G18240,AT2G04700,AT4G04340,AT4G30190,AT1G52190,AT5G14780,AT4G04830,AT2G24150,AT5G62360,AT3G20820,AT2G39770,AT5G11420,AT4G17560,AT2G36390,AT1G61740,AT1G75800,AT3G43720,AT4G16370,AT3G04910,AT1G48300,AT3G02230,AT4G34870,AT1G78670,AT4G23820,AT2G47390,AT1G72160,AT5G05200,AT3G03150,AT4G09020,AT1G75500,AT1G23820,AT1G25260,AT5G51820,AT2G05710,AT5G64860,AT5G17190,AT5G53460,AT1G04690,AT5G39210,AT1G21670,AT2G42840,AT5G58310,AT3G02570,AT2G05790,AT3G46630,AT2G05990,AT5G16710	na
4	AT1G03040	AT1G03040	0	na	PWM1022	CisBP	M0247_1.01	111	0.00032594280465678865	0.005312867715905655	79	AT5G20630,AT3G63160,AT4G21960,AT2G30860,AT1G10760,AT2G15960,AT4G32340,AT2G15890,AT4G13250,AT1G20620,AT4G26530,AT5G14920,AT4G16190,AT4G04330,AT5G15960,AT2G15970,AT3G10410,AT3G29320,AT2G33150,AT2G45740,AT2G18960,AT1G69830,AT4G11600,AT1G54500,AT1G70782,AT5G37260,AT5G28500,AT4G16146,AT5G13730,AT1G20010,AT4G00370,AT1G14345,AT4G18240,AT4G04340,AT5G13710,AT1G52190,AT4G04830,AT2G24150,AT1G50010,AT5G62360,AT4G19530,AT5G54960,AT2G39770,AT3G24503,AT4G17560,AT2G36390,AT1G61740,AT4G16370,AT3G04290,AT3G04910,AT3G06680,AT1G48300,AT3G02230,AT4G34870,AT1G78670,AT4G23820,AT2G47390,AT5G61660,AT1G18720,AT4G13930,AT3G03150,AT1G75500,AT1G23820,AT2G05710,AT5G64860,AT5G17190,AT5G53460,AT1G04690,AT5G39210,AT1G28330,AT2G42840,AT3G12120,AT4G04770,AT5G58310,AT3G02570,AT2G05790,AT3G46630,AT2G05990,AT1G01320	na
4	AT2G24260	LRL1	1	na	PWM1023	CisBP	M0247_1.01	112	0.00032594280465678865	0.005312867715905655	79	AT5G20630,AT3G63160,AT4G21960,AT2G30860,AT1G10760,AT2G15960,AT4G32340,AT2G15890,AT4G13250,AT1G20620,AT4G26530,AT5G14920,AT4G16190,AT4G04330,AT5G15960,AT2G15970,AT3G10410,AT3G29320,AT2G33150,AT2G45740,AT2G18960,AT1G69830,AT4G11600,AT1G54500,AT1G70782,AT5G37260,AT5G28500,AT4G16146,AT5G13730,AT1G20010,AT4G00370,AT1G14345,AT4G18240,AT4G04340,AT5G13710,AT1G52190,AT4G04830,AT2G24150,AT1G50010,AT5G62360,AT4G19530,AT5G54960,AT2G39770,AT3G24503,AT4G17560,AT2G36390,AT1G61740,AT4G16370,AT3G04290,AT3G04910,AT3G06680,AT1G48300,AT3G02230,AT4G34870,AT1G78670,AT4G23820,AT2G47390,AT5G61660,AT1G18720,AT4G13930,AT3G03150,AT1G75500,AT1G23820,AT2G05710,AT5G64860,AT5G17190,AT5G53460,AT1G04690,AT5G39210,AT1G28330,AT2G42840,AT3G12120,AT4G04770,AT5G58310,AT3G02570,AT2G05790,AT3G46630,AT2G05990,AT1G01320	na
4	AT4G02590	UNE12	0	na	PWM1024	CisBP	M0247_1.01	113	0.00032594280465678865	0.005312867715905655	79	AT5G20630,AT3G63160,AT4G21960,AT2G30860,AT1G10760,AT2G15960,AT4G32340,AT2G15890,AT4G13250,AT1G20620,AT4G26530,AT5G14920,AT4G16190,AT4G04330,AT5G15960,AT2G15970,AT3G10410,AT3G29320,AT2G33150,AT2G45740,AT2G18960,AT1G69830,AT4G11600,AT1G54500,AT1G70782,AT5G37260,AT5G28500,AT4G16146,AT5G13730,AT1G20010,AT4G00370,AT1G14345,AT4G18240,AT4G04340,AT5G13710,AT1G52190,AT4G04830,AT2G24150,AT1G50010,AT5G62360,AT4G19530,AT5G54960,AT2G39770,AT3G24503,AT4G17560,AT2G36390,AT1G61740,AT4G16370,AT3G04290,AT3G04910,AT3G06680,AT1G48300,AT3G02230,AT4G34870,AT1G78670,AT4G23820,AT2G47390,AT5G61660,AT1G18720,AT4G13930,AT3G03150,AT1G75500,AT1G23820,AT2G05710,AT5G64860,AT5G17190,AT5G53460,AT1G04690,AT5G39210,AT1G28330,AT2G42840,AT3G12120,AT4G04770,AT5G58310,AT3G02570,AT2G05790,AT3G46630,AT2G05990,AT1G01320	na
4	AT4G30980	LRL2	0	na	PWM1025	CisBP	M0247_1.01	114	0.00032594280465678865	0.005312867715905655	79	AT5G20630,AT3G63160,AT4G21960,AT2G30860,AT1G10760,AT2G15960,AT4G32340,AT2G15890,AT4G13250,AT1G20620,AT4G26530,AT5G14920,AT4G16190,AT4G04330,AT5G15960,AT2G15970,AT3G10410,AT3G29320,AT2G33150,AT2G45740,AT2G18960,AT1G69830,AT4G11600,AT1G54500,AT1G70782,AT5G37260,AT5G28500,AT4G16146,AT5G13730,AT1G20010,AT4G00370,AT1G14345,AT4G18240,AT4G04340,AT5G13710,AT1G52190,AT4G04830,AT2G24150,AT1G50010,AT5G62360,AT4G19530,AT5G54960,AT2G39770,AT3G24503,AT4G17560,AT2G36390,AT1G61740,AT4G16370,AT3G04290,AT3G04910,AT3G06680,AT1G48300,AT3G02230,AT4G34870,AT1G78670,AT4G23820,AT2G47390,AT5G61660,AT1G18720,AT4G13930,AT3G03150,AT1G75500,AT1G23820,AT2G05710,AT5G64860,AT5G17190,AT5G53460,AT1G04690,AT5G39210,AT1G28330,AT2G42840,AT3G12120,AT4G04770,AT5G58310,AT3G02570,AT2G05790,AT3G46630,AT2G05990,AT1G01320	na
4	AT4G30980	LRL2	0	na	PWM2890	DAP-seq	BHLH69_col	223	0.004549036552318279	0.037074647901393976	73	AT3G22231,AT3G63160,AT4G21960,AT2G15960,AT4G39260,AT1G20620,AT1G43670,AT4G04330,AT5G26570,AT1G21680,AT3G53460,AT2G15970,AT3G10410,AT2G31040,AT3G57520,AT5G23660,AT3G29320,AT2G45740,AT4G14400,AT4G16146,AT1G54100,AT4G19410,AT5G13730,AT4G14716,AT2G43550,AT4G18240,AT2G04700,AT4G04340,AT4G30190,AT3G46010,AT2G24150,AT1G50010,AT5G62360,AT4G27130,AT5G19540,AT2G39770,AT1G76180,AT5G19860,AT2G14910,AT2G36390,AT1G01470,AT1G61740,AT5G08380,AT3G43720,AT4G16370,AT3G04290,AT3G04910,AT3G02230,AT1G78670,AT1G20630,AT2G47390,AT1G72160,AT1G18720,AT3G03150,AT4G09020,AT1G23820,AT1G25260,AT5G64860,AT2G25730,AT5G17190,AT1G58270,AT5G49720,AT1G21670,AT1G28330,AT2G42840,AT3G56010,AT4G04770,AT5G58310,AT3G14840,AT1G62780,AT3G02570,AT1G09780,AT5G16710	na
4	AT5G58010	LRL3	2	0	PWM1026	CisBP	M0247_1.01	115	0.00032594280465678865	0.005312867715905655	79	AT5G20630,AT3G63160,AT4G21960,AT2G30860,AT1G10760,AT2G15960,AT4G32340,AT2G15890,AT4G13250,AT1G20620,AT4G26530,AT5G14920,AT4G16190,AT4G04330,AT5G15960,AT2G15970,AT3G10410,AT3G29320,AT2G33150,AT2G45740,AT2G18960,AT1G69830,AT4G11600,AT1G54500,AT1G70782,AT5G37260,AT5G28500,AT4G16146,AT5G13730,AT1G20010,AT4G00370,AT1G14345,AT4G18240,AT4G04340,AT5G13710,AT1G52190,AT4G04830,AT2G24150,AT1G50010,AT5G62360,AT4G19530,AT5G54960,AT2G39770,AT3G24503,AT4G17560,AT2G36390,AT1G61740,AT4G16370,AT3G04290,AT3G04910,AT3G06680,AT1G48300,AT3G02230,AT4G34870,AT1G78670,AT4G23820,AT2G47390,AT5G61660,AT1G18720,AT4G13930,AT3G03150,AT1G75500,AT1G23820,AT2G05710,AT5G64860,AT5G17190,AT5G53460,AT1G04690,AT5G39210,AT1G28330,AT2G42840,AT3G12120,AT4G04770,AT5G58310,AT3G02570,AT2G05790,AT3G46630,AT2G05990,AT1G01320	
4	AT2G20180	PIF1	6	0	PWM2152	JASPAR	MA0552.1	117	0.00032594280465678865	0.005312867715905655	79	AT2G21660,AT3G26740,AT3G63160,AT1G10760,AT2G15890,AT1G20620,AT2G37220,AT4G26530,AT5G14920,AT1G43670,AT4G04330,AT5G15960,AT3G53460,AT2G15970,AT1G25275,AT3G57520,AT3G29320,AT2G45740,AT2G06850,AT1G69830,AT4G11600,AT1G54500,AT5G10980,AT5G60360,AT5G37260,AT1G35720,AT3G48740,AT5G28500,AT1G20010,AT4G00370,AT3G48990,AT4G02370,AT1G14345,AT4G18240,AT1G68560,AT2G04700,AT4G04340,AT4G30190,AT5G13710,AT2G30390,AT2G24150,AT5G62360,AT5G53450,AT5G54960,AT3G20820,AT1G76180,AT5G47240,AT5G19860,AT4G17560,AT2G36390,AT1G01470,AT1G61740,AT2G22450,AT4G16370,AT5G38510,AT3G04910,AT3G06680,AT1G48300,AT3G02230,AT1G78670,AT4G23820,AT2G47390,AT5G61660,AT5G05200,AT3G03150,AT2G05710,AT5G64860,AT5G53460,AT5G39210,AT4G17140,AT1G28330,AT1G62780,AT3G02570,AT1G04820,AT2G05790,AT3G46630,AT2G37630,AT3G06980,AT5G16710	
4	AT2G20180	PIF1	6	0	PWM1082	CisBP	M0155_1.01	128	0.0005249595424020697	0.007353534840053993	78	AT2G21660,AT3G26740,AT3G63160,AT1G10760,AT2G15890,AT1G20620,AT2G37220,AT4G26530,AT5G14920,AT1G43670,AT5G15960,AT3G53460,AT2G15970,AT1G25275,AT3G57520,AT3G29320,AT2G45740,AT2G06850,AT1G69830,AT4G11600,AT1G54500,AT5G10980,AT5G60360,AT5G37260,AT1G35720,AT3G48740,AT5G28500,AT1G20010,AT4G00370,AT3G48990,AT4G02370,AT1G14345,AT4G18240,AT1G68560,AT2G04700,AT4G30190,AT5G13710,AT2G30390,AT2G24150,AT5G62360,AT5G53450,AT5G54960,AT3G20820,AT1G76180,AT5G47240,AT5G19860,AT4G17560,AT2G36390,AT1G01470,AT1G61740,AT2G22450,AT4G16370,AT5G38510,AT3G04910,AT3G06680,AT1G48300,AT3G02230,AT1G78670,AT4G23820,AT2G47390,AT5G61660,AT5G05200,AT3G03150,AT4G09020,AT2G05710,AT5G64860,AT5G53460,AT5G39210,AT4G17140,AT1G28330,AT1G62780,AT3G02570,AT1G04820,AT2G05790,AT3G46630,AT2G37630,AT3G06980,AT5G16710	
4	AT2G20180	PIF1	6	0	PWM1238	CisBP	M2215_1.01	132	0.0005249595424020697	0.007353534840053993	78	AT2G21660,AT3G26740,AT3G63160,AT1G10760,AT2G15890,AT1G20620,AT2G37220,AT4G26530,AT5G14920,AT1G43670,AT5G15960,AT3G53460,AT2G15970,AT1G25275,AT3G57520,AT3G29320,AT2G45740,AT2G06850,AT1G69830,AT4G11600,AT1G54500,AT5G10980,AT5G60360,AT5G37260,AT1G35720,AT3G48740,AT5G28500,AT1G20010,AT4G00370,AT3G48990,AT4G02370,AT1G14345,AT4G18240,AT1G68560,AT2G04700,AT4G30190,AT5G13710,AT2G30390,AT2G24150,AT5G62360,AT5G53450,AT5G54960,AT3G20820,AT1G76180,AT5G47240,AT5G19860,AT4G17560,AT2G36390,AT1G01470,AT1G61740,AT2G22450,AT4G16370,AT5G38510,AT3G04910,AT3G06680,AT1G48300,AT3G02230,AT1G78670,AT4G23820,AT2G47390,AT5G61660,AT5G05200,AT3G03150,AT4G09020,AT2G05710,AT5G64860,AT5G53460,AT5G39210,AT4G17140,AT1G28330,AT1G62780,AT3G02570,AT1G04820,AT2G05790,AT3G46630,AT2G37630,AT3G06980,AT5G16710	
4	AT1G08010	GATA11	0	na	PWM3003	DAP-seq	GATA11_col	120	0.00032594280465678865	0.005312867715905655	79	AT4G21960,AT3G46970,AT3G17390,AT4G13250,AT1G20620,AT2G29630,AT5G10860,AT1G54410,AT4G40040,AT2G16600,AT4G04330,AT2G31360,AT3G18780,AT4G38770,AT1G59870,AT5G19780,AT3G29320,AT3G45980,AT2G33150,AT2G18960,AT1G69830,AT1G20696,AT1G11530,AT5G28840,AT4G19120,AT3G27770,AT2G44490,AT5G37260,AT1G35720,AT5G44340,AT1G29670,AT1G20010,AT5G02760,AT3G52180,AT2G30620,AT4G04340,AT3G07470,AT3G46010,AT1G50010,AT1G05010,AT4G34120,AT4G09000,AT4G14960,AT2G26900,AT5G11670,AT2G39770,AT1G76180,AT3G06483,AT3G02230,AT5G02480,AT2G22430,AT4G34870,AT2G47390,AT4G13930,AT4G20890,AT3G03150,AT3G27820,AT4G39730,AT5G37600,AT2G05710,AT5G05170,AT3G03920,AT2G25730,AT5G17190,AT5G49720,AT2G34250,AT4G17140,AT3G28940,AT3G13750,AT3G12120,AT3G14840,AT1G04430,AT2G25490,AT4G39080,AT5G54760,AT1G04820,AT3G56070,AT2G05790,AT3G11710	na
4	AT1G08010	GATA11	0	na	PWM2611	JASPAR	MA1014.1	164	0.0008330677041717559	0.009826910484078674	77	AT2G33830,AT3G09390,AT4G21960,AT3G17390,AT1G20620,AT4G40040,AT2G16600,AT5G26570,AT2G31360,AT3G14210,AT3G18780,AT4G30650,AT2G18960,AT2G10940,AT2G06850,AT1G69830,AT4G11600,AT1G20696,AT4G04610,AT4G12320,AT3G16080,AT5G37260,AT1G35720,AT3G07230,AT5G28500,AT5G19250,AT5G02760,AT2G40840,AT4G30190,AT5G13710,AT5G58290,AT2G30390,AT3G46010,AT1G50010,AT1G05010,AT4G14960,AT2G26900,AT2G39770,AT3G46000,AT1G76180,AT3G06483,AT1G72970,AT1G61740,AT2G22450,AT3G01310,AT3G02230,AT5G02480,AT4G34870,AT4G13930,AT3G03150,AT4G09020,AT5G37600,AT5G05170,AT3G03920,AT5G17190,AT5G61380,AT1G57660,AT5G14040,AT5G24470,AT5G21090,AT5G53490,AT4G01610,AT5G49720,AT2G34250,AT4G17140,AT1G02475,AT3G13750,AT1G54270,AT3G12120,AT3G14840,AT1G04430,AT4G24920,AT2G25490,AT1G43710,AT5G43440,AT1G04820,AT2G05990	na
4	AT1G08010	GATA11	0	na	PWM1547	CisBP	M0680_1.01	190	0.0020061379891144174	0.019763766013638186	75	AT2G33830,AT3G09390,AT4G21960,AT3G17390,AT1G20620,AT4G40040,AT2G16600,AT5G26570,AT2G31360,AT3G14210,AT3G18780,AT4G30650,AT5G19780,AT2G18960,AT2G10940,AT2G06850,AT1G69830,AT4G11600,AT1G20696,AT4G04610,AT4G12320,AT3G16080,AT5G37260,AT1G35720,AT3G07230,AT5G19250,AT5G02760,AT2G40840,AT4G30190,AT5G13710,AT5G58290,AT2G30390,AT3G46010,AT1G50010,AT1G05010,AT4G14960,AT2G26900,AT2G39770,AT1G76180,AT3G06483,AT1G72970,AT1G61740,AT2G22450,AT3G01310,AT3G02230,AT5G02480,AT4G34870,AT4G13930,AT3G03150,AT4G09020,AT5G37600,AT5G05170,AT3G03920,AT5G17190,AT5G61380,AT1G57660,AT5G14040,AT5G24470,AT5G21090,AT5G53490,AT5G49720,AT2G34250,AT4G17140,AT1G02475,AT3G13750,AT1G54270,AT3G12120,AT3G14840,AT1G04430,AT4G24920,AT2G25490,AT1G43710,AT5G43440,AT1G04820,AT2G05990	na
4	AT5G03790	ATHB51	0	na	PWM3141	DAP-seq	LMI1_col	121	0.00032594280465678865	0.005312867715905655	79	AT3G26740,AT3G09390,AT2G30860,AT4G39260,AT4G32340,AT2G28900,AT1G20620,AT1G06460,AT4G04330,AT2G05520,AT3G14310,AT1G21680,AT2G31360,AT2G30870,AT1G70820,AT4G13850,AT5G23660,AT4G38770,AT1G54500,AT2G32480,AT1G13270,AT3G48360,AT5G60360,AT2G44490,AT1G29670,AT5G19250,AT1G20010,AT2G40840,AT3G48990,AT3G23700,AT1G70890,AT4G04340,AT4G30190,AT1G52190,AT2G40080,AT3G20810,AT5G62360,AT4G19530,AT1G51805,AT3G20820,AT2G39770,AT1G53210,AT5G24165,AT5G27280,AT2G14910,AT3G06483,AT3G24503,AT1G05190,AT4G35830,AT2G36390,AT1G61740,AT5G08380,AT2G19750,AT3G04290,AT3G04910,AT1G48300,AT3G02230,AT5G02480,AT5G01750,AT5G35680,AT1G75500,AT5G15410,AT5G51820,AT5G05170,AT3G55280,AT5G43940,AT2G25730,AT1G58270,AT5G53460,AT1G21670,AT3G13750,AT1G45332,AT3G14840,AT5G52780,AT3G13460,AT5G57110,AT1G10200,AT1G26850,AT1G01320	na
4	AT5G61620	AT5G61620	4	na	PWM3332	DAP-seq	AT5G61620_col	122	0.00032594280465678865	0.005312867715905655	79	AT3G26740,AT3G05880,AT2G33830,AT3G22231,AT1G20020,AT2G15890,AT1G20620,ATCG00640,AT3G18080,AT4G04330,AT3G53460,AT1G17100,AT3G10410,AT1G09750,AT5G23660,AT2G33150,AT3G16370,AT1G30360,AT4G03520,AT4G04610,AT2G45470,AT1G71030,AT5G08410,AT3G48360,AT2G16280,AT2G31400,AT5G06690,AT5G13730,AT5G02760,AT4G00370,AT3G23700,AT2G04700,AT4G04340,AT5G14780,AT3G46010,AT3G16250,AT5G23920,AT5G53450,AT4G34120,AT1G04400,AT4G27130,AT5G19540,AT2G26900,AT1G53210,AT3G54090,AT3G46000,AT1G76180,AT2G47510,AT3G06483,AT2G36390,AT1G08550,AT5G38510,AT1G66670,AT3G28040,AT3G04290,AT3G04910,AT3G01310,AT5G20280,AT3G06680,AT1G20630,AT2G47390,AT5G05200,AT4G09020,AT3G27820,AT5G51820,AT2G05710,AT3G03920,AT2G25730,AT1G58270,AT3G08510,AT5G49720,AT1G01120,AT1G70160,AT3G17170,AT5G52780,AT5G54760,AT1G21130,AT3G06980,AT1G01320	na
4	AT4G38170	FRS9	0	na	PWM3437	DAP-seq	FRS9_col	123	0.00032594280465678865	0.005312867715905655	79	AT3G05880,AT2G30860,AT1G10760,AT2G15960,AT4G39260,AT4G04330,AT3G47860,AT1G09750,AT2G30870,AT4G13850,AT4G30660,AT4G38770,AT3G45980,AT2G33150,AT2G45740,AT2G18960,AT3G16370,AT1G69830,AT2G28840,AT3G58680,AT4G34950,AT3G16080,AT1G35720,AT2G31400,AT4G32060,AT4G19410,AT1G20010,AT4G14716,AT2G40840,AT3G23700,AT1G68560,AT1G70890,AT1G22530,AT5G13710,AT1G52190,AT5G53450,AT3G05220,AT2G26900,AT5G11670,AT1G22770,AT4G38800,AT5G19860,AT5G08280,AT2G14910,AT3G24503,AT4G17560,AT1G72970,AT5G08380,AT3G43720,AT3G04290,AT3G04910,AT3G01310,AT5G02480,AT2G22430,AT3G22200,AT4G13930,AT4G34930,AT1G23820,AT5G05170,AT5G24690,AT5G43940,AT5G61380,AT3G08510,AT5G53880,AT1G04690,AT4G01610,AT3G12120,AT4G18970,AT1G78995,AT4G24920,AT4G39080,AT2G05790,AT1G21130,AT2G37630,AT4G30220,AT2G05990,AT1G10200,AT1G26850,AT3G10970	na
4	AT1G30210	ATTCP24	2	0	PWM3486	DAP-seq	TCP24_col	124	0.00032594280465678865	0.005312867715905655	79	AT3G26740,AT4G27440,AT3G05880,AT3G62550,AT3G09390,AT1G12090,AT4G21960,AT3G46970,AT3G17390,AT4G32340,AT2G15890,AT1G20620,AT3G45140,AT2G31360,AT1G17100,AT4G13850,AT2G18960,AT4G11600,AT4G04610,AT1G71030,AT4G34950,AT3G55630,AT2G14170,AT5G08410,AT5G10980,AT2G44490,AT5G44340,AT3G48740,AT4G19410,AT1G20010,AT3G52180,AT1G68560,AT4G30190,AT1G22530,AT5G14780,AT1G07050,AT3G04760,AT1G05010,AT4G19530,AT3G45780,AT4G14960,AT1G51805,AT2G26900,AT1G66410,AT2G37660,AT5G44680,AT5G11420,AT3G24503,AT4G17560,AT1G72970,AT4G35830,AT4G16370,ATCG00490,AT3G28040,AT3G04910,AT2G22430,AT5G01750,AT1G71695,AT4G13930,AT1G74560,AT4G34930,AT1G75500,AT1G25260,AT2G16510,AT5G64860,AT2G25730,AT5G39210,AT5G21090,AT3G13750,AT1G04770,AT1G01120,AT3G14840,AT4G39080,AT5G54760,AT3G56070,AT2G16660,AT1G10200,AT3G10970,AT4G32240	
4	AT2G46970	PIL1	0	na	PWM902	CisBP	M0150_1.01	126	0.00032594280465678865	0.005312867715905655	79	AT3G26740,AT5G20630,AT3G63160,AT4G21960,AT1G10760,AT2G15960,AT2G15890,AT1G20620,AT4G26530,AT5G14920,AT4G04330,AT5G15960,AT3G10410,AT3G29320,AT2G33150,AT2G45740,AT2G06850,AT1G69830,AT4G11600,AT4G12320,AT5G60360,AT2G44490,AT5G37260,AT1G35720,AT5G28500,AT4G16146,AT5G13730,AT1G20010,AT5G02760,AT4G18240,AT4G04340,AT5G13710,AT2G24150,AT1G50010,AT5G62360,AT4G19530,AT3G45780,AT3G20820,AT2G39770,AT5G11420,AT1G76180,AT3G24503,AT4G17560,AT1G01470,AT1G61740,AT1G75800,AT3G43720,AT4G16370,AT4G28510,AT3G04910,AT1G48300,AT3G02230,AT4G34870,AT1G78670,AT4G23820,AT1G18720,AT3G03150,AT3G27820,AT1G75500,AT1G23820,AT1G25260,AT2G05710,AT5G64860,AT3G52500,AT5G17190,AT1G58270,AT5G24470,AT5G53460,AT1G04690,AT1G21670,AT2G42840,AT3G56010,AT5G58310,AT1G78995,AT1G62780,AT3G02570,AT2G05790,AT3G46630,AT2G05990	na
4	AT4G36930	SPT	10	0	PWM1293	CisBP	M0161_1.01	133	0.0005249595424020697	0.007353534840053993	78	AT3G05880,AT5G20630,AT3G63160,AT4G21960,AT1G10760,AT2G15960,AT4G32340,AT2G15890,AT1G20620,AT4G26530,AT5G14920,AT4G04330,AT5G15960,AT2G15970,AT3G10410,AT4G38770,AT3G29320,AT2G33150,AT2G45740,AT1G69830,AT4G11600,AT1G54500,AT4G19120,AT4G12320,AT2G44490,AT5G37260,AT1G35720,AT4G16146,AT5G13730,AT1G20010,AT4G00370,AT3G48990,AT1G14345,AT4G18240,AT4G04340,AT5G13710,AT1G52190,AT2G24150,AT5G62360,AT1G29390,AT4G19530,AT3G20820,AT2G39770,AT5G44680,AT5G11420,AT1G29395,AT4G17560,AT2G36390,AT1G61740,AT1G75800,AT4G16370,AT3G04290,AT3G04910,AT1G48300,AT3G02230,AT4G34870,AT1G78670,AT4G23820,AT2G47390,AT5G61660,AT5G05200,AT1G18720,AT3G03150,AT3G27820,AT1G75500,AT1G23820,AT2G05710,AT5G64860,AT5G17190,AT1G04690,AT5G39210,AT2G42840,AT5G58310,AT1G62780,AT3G02570,AT2G05790,AT3G46630,AT2G05990	
4	AT4G36930	SPT	10	0	PWM2657	JASPAR	MA1061.1	140	0.0005249595424020697	0.007353534840053993	78	AT3G05880,AT5G20630,AT3G63160,AT4G21960,AT1G10760,AT2G15960,AT4G32340,AT2G15890,AT1G20620,AT4G26530,AT5G14920,AT4G04330,AT5G15960,AT2G15970,AT3G10410,AT4G38770,AT3G29320,AT2G33150,AT2G45740,AT1G69830,AT4G11600,AT1G54500,AT4G19120,AT4G12320,AT5G37260,AT1G35720,AT5G28500,AT4G16146,AT5G13730,AT1G20010,AT4G00370,AT3G48990,AT1G14345,AT4G18240,AT4G04340,AT5G13710,AT1G52190,AT2G24150,AT5G62360,AT1G29390,AT4G19530,AT3G20820,AT2G39770,AT5G44680,AT5G11420,AT1G29395,AT4G17560,AT2G36390,AT1G61740,AT1G75800,AT4G16370,AT3G04290,AT3G04910,AT1G48300,AT3G02230,AT4G34870,AT1G78670,AT4G23820,AT2G47390,AT5G61660,AT5G05200,AT1G18720,AT3G03150,AT3G27820,AT1G75500,AT1G23820,AT2G05710,AT5G64860,AT5G17190,AT1G04690,AT5G39210,AT2G42840,AT5G58310,AT1G62780,AT3G02570,AT2G05790,AT3G46630,AT2G05990	
4	AT5G67110	ALC	1	na	PWM1294	CisBP	M0161_1.01	134	0.0005249595424020697	0.007353534840053993	78	AT3G05880,AT5G20630,AT3G63160,AT4G21960,AT1G10760,AT2G15960,AT4G32340,AT2G15890,AT1G20620,AT4G26530,AT5G14920,AT4G04330,AT5G15960,AT2G15970,AT3G10410,AT4G38770,AT3G29320,AT2G33150,AT2G45740,AT1G69830,AT4G11600,AT1G54500,AT4G19120,AT4G12320,AT2G44490,AT5G37260,AT1G35720,AT4G16146,AT5G13730,AT1G20010,AT4G00370,AT3G48990,AT1G14345,AT4G18240,AT4G04340,AT5G13710,AT1G52190,AT2G24150,AT5G62360,AT1G29390,AT4G19530,AT3G20820,AT2G39770,AT5G44680,AT5G11420,AT1G29395,AT4G17560,AT2G36390,AT1G61740,AT1G75800,AT4G16370,AT3G04290,AT3G04910,AT1G48300,AT3G02230,AT4G34870,AT1G78670,AT4G23820,AT2G47390,AT5G61660,AT5G05200,AT1G18720,AT3G03150,AT3G27820,AT1G75500,AT1G23820,AT2G05710,AT5G64860,AT5G17190,AT1G04690,AT5G39210,AT2G42840,AT5G58310,AT1G62780,AT3G02570,AT2G05790,AT3G46630,AT2G05990	na
4	AT1G01250	AT1G01250	17	na	PWM1483	CisBP	M0072_1.01	137	0.0005249595424020697	0.007353534840053993	78	AT1G13930,AT4G21960,AT3G17390,AT1G20620,AT4G35770,AT1G06460,AT1G54410,AT4G04330,AT3G14310,AT5G26570,AT2G31360,AT2G02100,AT3G14210,AT3G57520,AT4G38770,AT1G49750,AT5G19780,AT2G45740,AT2G06850,AT2G45470,AT5G28840,AT4G19120,AT5G60360,AT5G37260,AT5G44340,AT3G48740,AT5G28500,AT5G06690,AT4G19410,AT3G52180,AT2G40840,AT4G00370,AT4G22690,AT4G04340,AT4G30190,AT1G22530,AT5G14780,AT4G23100,AT2G15090,AT5G53450,AT4G09000,AT2G39770,AT1G66410,AT5G11420,AT1G76180,AT5G47240,AT1G29395,AT1G05190,AT1G61740,AT2G22450,AT1G66670,AT3G04290,AT3G04910,AT2G44310,AT5G61660,AT4G13930,AT3G03150,AT4G09020,AT5G05170,AT5G14040,AT5G39410,AT1G04690,AT5G49720,AT3G48730,AT2G42840,AT1G01120,AT3G14840,AT3G46740,AT1G04430,AT3G02570,AT2G04280,AT2G05790,AT2G16660,AT5G57110,AT3G46630,AT1G26850,AT1G01320,AT3G11710	na
4	AT4G36540	BEE2	28	0	PWM2555	JASPAR	MA0956.1	138	0.0005249595424020697	0.007353534840053993	78	AT3G26740,AT3G05880,AT5G20630,AT3G63160,AT4G21960,AT1G10760,AT2G15890,AT4G13250,AT1G20620,AT4G26530,AT5G14920,AT4G04330,AT5G15960,AT3G14310,AT2G15970,AT3G10410,AT3G29320,AT2G33150,AT2G45740,AT2G18960,AT1G30360,AT1G69830,AT4G11600,AT1G70782,AT4G12320,AT5G37260,AT3G48740,AT5G28500,AT4G16146,AT5G13730,AT1G20010,AT5G02760,AT1G14345,AT4G18240,AT4G04340,AT5G13710,AT1G52190,AT2G24150,AT1G50010,AT5G62360,AT1G17290,AT4G19530,AT4G27130,AT5G54960,AT3G20820,AT2G39770,AT1G76180,AT3G24503,AT4G17560,AT1G61740,AT1G75800,AT4G16370,AT3G04910,AT1G48300,AT3G02230,AT4G34870,AT1G78670,AT4G23820,AT2G47390,AT1G18720,AT3G03150,AT3G27820,AT1G75500,AT1G23820,AT1G25260,AT2G05710,AT5G64860,AT2G25730,AT5G17190,AT1G58270,AT1G04690,AT1G04770,AT4G04770,AT1G62780,AT3G02570,AT2G05790,AT3G46630,AT2G05990	
4	AT4G36540	BEE2	28	0	PWM964	CisBP	M0160_1.01	171	0.0008330677041717559	0.009826910484078674	77	AT3G26740,AT3G05880,AT5G20630,AT3G63160,AT4G21960,AT1G10760,AT2G15890,AT4G13250,AT1G20620,AT4G26530,AT5G14920,AT4G04330,AT5G15960,AT2G15970,AT3G10410,AT3G29320,AT2G33150,AT2G45740,AT2G18960,AT1G30360,AT1G69830,AT4G11600,AT1G70782,AT4G12320,AT5G37260,AT3G48740,AT5G28500,AT4G16146,AT5G13730,AT1G20010,AT5G02760,AT1G14345,AT4G18240,AT4G04340,AT5G13710,AT1G52190,AT2G24150,AT1G50010,AT5G62360,AT1G17290,AT4G19530,AT4G27130,AT5G54960,AT3G20820,AT2G39770,AT1G76180,AT3G24503,AT4G17560,AT1G61740,AT1G75800,AT4G16370,AT3G04910,AT1G48300,AT3G02230,AT4G34870,AT1G78670,AT4G23820,AT2G47390,AT1G18720,AT3G03150,AT3G27820,AT1G75500,AT1G23820,AT1G25260,AT2G05710,AT5G64860,AT2G25730,AT5G17190,AT1G58270,AT1G04690,AT1G04770,AT4G04770,AT1G62780,AT3G02570,AT2G05790,AT3G46630,AT2G05990	
4	AT2G44940	AT2G44940	12	1	PWM2757	DAP-seq	AT2G44940_col	141	0.0005249595424020697	0.007353534840053993	78	AT1G13930,AT4G21960,AT3G17390,AT1G20620,AT1G06460,AT2G05520,AT3G14310,AT5G26570,AT2G31360,AT2G15970,AT2G02100,AT1G25275,AT3G47860,AT2G30870,AT3G57520,AT1G49750,AT1G30360,AT2G06850,AT1G69830,AT4G26670,AT3G58680,AT2G45470,AT4G34950,AT4G21990,AT2G14170,AT4G19120,AT5G60360,AT5G37260,AT1G35720,AT5G44340,AT5G28500,AT5G06690,AT5G19250,AT4G19410,AT2G40840,AT4G00370,AT4G22690,AT4G30190,AT5G14780,AT4G23100,AT3G45780,AT4G09000,AT2G39770,AT3G54090,AT1G66410,AT4G24220,AT1G76180,AT2G42530,AT5G08280,AT1G29395,AT1G05190,AT1G01470,AT2G22450,AT3G43720,AT4G28510,AT3G04910,AT2G44310,AT5G01750,AT4G13930,AT3G03150,AT5G05170,AT2G25730,AT5G53880,AT5G14040,AT5G39410,AT5G53460,AT1G04690,AT5G49720,AT2G34250,AT4G17140,AT3G28940,AT2G42840,AT1G62780,AT1G04430,AT2G04280,AT2G16660,AT1G26850,AT3G11710	AT5G49720
4	AT5G25810	TINY	7	0	PWM2860	DAP-seq	TINY_col	143	0.0005249595424020697	0.007353534840053993	78	AT1G13930,AT4G21960,AT3G17390,AT1G20620,AT1G06460,AT3G14310,AT5G26570,AT2G31360,AT2G15970,AT2G02100,AT1G25275,AT3G47860,AT2G30870,AT3G57520,AT1G49750,AT1G30360,AT2G06850,AT1G69830,AT4G11600,AT4G26670,AT3G58680,AT2G45470,AT4G34950,AT4G21990,AT2G14170,AT4G19120,AT5G37260,AT1G35720,AT5G44340,AT5G28500,AT5G06690,AT5G19250,AT4G19410,AT2G40840,AT4G00370,AT4G22690,AT5G14780,AT4G23100,AT1G04400,AT3G45780,AT4G09000,AT2G39770,AT3G54090,AT1G66410,AT4G24220,AT5G11420,AT1G76180,AT2G47510,AT2G42530,AT5G08280,AT1G29395,AT1G05190,AT1G01470,AT3G50440,AT2G22450,AT4G28510,AT3G04910,AT4G13930,AT1G25260,AT5G05170,AT2G25730,AT1G58270,AT5G53880,AT5G14040,AT5G39410,AT5G53460,AT1G04690,AT5G49720,AT2G34250,AT4G17140,AT3G28940,AT1G62780,AT1G04430,AT3G02570,AT2G04280,AT2G16660,AT1G26850,AT3G11710	
4	AT5G25810	TINY	7	0	PWM1148	CisBP	M0034_1.01	157	0.0008330677041717559	0.009826910484078674	77	AT1G13930,AT4G21960,AT3G17390,AT4G39260,AT1G20620,AT1G06460,AT4G04330,AT3G14310,AT5G26570,AT2G31360,AT2G15970,AT2G02100,AT3G47860,AT1G70820,AT4G38770,AT1G49750,AT2G06850,AT4G11600,AT2G45470,AT4G34950,AT4G19120,AT5G44340,AT1G29670,AT5G28500,AT5G06690,AT5G19250,AT4G19410,AT3G52180,AT2G40840,AT4G00370,AT4G22690,AT4G04340,AT1G22530,AT1G52190,AT5G14780,AT4G23100,AT2G15090,AT1G04400,AT3G45780,AT4G09000,AT2G26900,AT2G39770,AT1G53210,AT1G66410,AT4G24220,AT5G11420,AT1G76180,AT1G29395,AT2G14910,AT1G05190,AT1G01470,AT2G22450,AT3G43720,AT3G04910,AT4G34870,AT5G01750,AT5G61660,AT4G13930,AT3G03150,AT4G09020,AT4G39730,AT5G05170,AT3G55280,AT2G25730,AT1G58270,AT5G14040,AT5G39410,AT1G04690,AT5G49720,AT4G17140,AT1G28330,AT3G28940,AT1G04430,AT2G04280,AT2G16660,AT1G26850,AT3G11710	
4	AT1G47655	AT1G47655	0	na	PWM2966	DAP-seq	AT1G47655_col	144	0.0005249595424020697	0.007353534840053993	78	AT5G20630,AT3G22231,AT3G09390,ATCG00640,AT5G14920,AT1G54410,AT3G18080,AT3G53460,AT3G45140,AT3G14210,AT3G57520,AT1G49750,AT1G69830,AT1G20696,AT4G26670,AT2G45470,AT4G34950,AT3G55630,AT2G14170,AT3G16080,AT5G37260,AT1G35720,AT2G31400,AT3G48740,AT5G06690,AT4G19410,AT3G52180,AT4G00370,AT3G48990,AT3G23700,AT4G18240,AT4G22690,AT2G04700,AT3G18130,AT1G22530,AT5G13710,AT5G14780,AT3G17930,AT1G05010,AT1G04400,AT4G27130,AT1G51805,AT5G11670,AT3G23280,AT5G19860,AT3G01440,AT1G75800,AT3G43720,AT3G01310,AT5G20280,AT3G06680,AT5G02480,AT4G39980,AT2G47390,AT3G22200,AT1G23820,AT3G08030,AT5G64860,AT2G25730,AT5G53880,AT5G39410,AT5G53460,AT1G04690,AT4G17140,AT1G28330,AT3G13750,AT1G04770,AT2G42840,AT3G12120,AT5G58310,AT4G13510,AT1G04430,AT3G13460,AT2G37630,AT3G01660,AT4G12280,AT1G01320,AT3G11710	na
4	AT1G19000	At1g19000	5	0	PWM3301	DAP-seq	AT1G19000_col	145	0.0005249595424020697	0.007353534840053993	78	AT3G26740,AT2G33830,AT3G22231,AT4G21960,AT3G46970,AT1G20020,AT2G15890,AT1G20620,AT4G26530,AT5G14920,AT2G16600,AT3G18080,AT4G04330,AT3G53460,AT3G45140,AT3G10410,AT1G20693,AT1G09750,AT1G70820,AT3G57520,AT3G16370,AT1G30360,AT4G03520,AT1G20696,AT2G45470,AT1G71030,AT3G55630,AT5G10980,AT3G48360,AT4G12320,AT2G16280,AT5G06690,AT4G19410,AT5G13730,AT4G00370,AT3G23700,AT4G04340,AT3G46010,AT4G34120,AT1G04400,AT4G27130,AT5G19540,AT2G26900,AT3G54090,AT3G46000,AT1G76180,AT2G47510,AT2G14910,AT3G06483,AT2G36390,AT2G22450,AT3G43720,AT3G28040,AT3G04910,AT3G01310,AT1G78670,AT4G23820,AT1G20630,AT5G05200,AT1G18720,AT4G13930,AT4G09020,AT3G27820,AT2G05710,AT3G03920,AT2G25730,AT1G58270,AT3G08510,AT5G49720,AT1G28330,AT1G01120,AT3G56010,AT1G66820,AT1G70160,AT3G17170,AT1G21130,AT3G51800,AT1G01320	
4	AT5G47390	At5g47390	3	na	PWM3324	DAP-seq	AT5G47390_col	146	0.0005249595424020697	0.007353534840053993	78	AT3G26740,AT4G27440,AT3G62550,AT2G33830,AT3G22231,AT4G21960,AT3G46970,AT1G20020,AT2G15890,AT1G20620,AT5G14920,AT3G18080,AT4G04330,AT3G53460,AT1G09750,AT3G57520,AT3G16370,AT1G30360,AT4G03520,AT4G04610,AT2G45470,AT3G55630,AT5G08410,AT5G10980,AT3G48360,AT2G16280,AT5G06690,AT5G13730,AT4G00370,AT3G23700,AT1G68560,AT4G04340,AT3G46010,AT3G16250,AT5G53450,AT4G34120,AT1G04400,AT4G27130,AT5G19540,AT2G26900,AT2G39770,AT3G54090,AT3G46000,AT1G76180,AT5G15230,AT3G06483,AT4G35830,AT2G36390,AT1G08550,AT1G27450,AT2G22450,AT3G43720,AT3G28040,AT3G04910,AT3G01310,AT4G23820,AT1G20630,AT5G05200,AT1G18720,AT4G13930,AT4G09020,AT2G16510,AT5G51820,AT2G05710,AT3G03920,AT2G25730,AT3G08510,AT5G49720,AT1G28330,AT1G04770,AT1G01120,AT3G56010,AT3G08010,AT1G70160,AT5G52780,AT3G13460,AT1G21130,AT1G01320	na
4	AT5G47390	At5g47390	3	na	PWM948	CisBP	M1246_1.01	150	0.0005249595424020697	0.007353534840053993	78	AT3G22231,AT3G09390,AT4G39090,AT4G21960,AT1G20020,AT3G17390,AT4G32340,AT1G20620,AT4G35770,AT4G26530,ATCG00640,AT3G25760,AT4G04330,AT3G14310,AT3G53460,AT3G45140,AT1G20693,AT1G30360,AT4G03520,AT1G20696,AT4G26670,AT3G58680,AT4G34950,AT3G55630,AT5G08410,AT3G48360,AT5G06690,AT3G48990,AT4G04340,AT1G07050,AT3G46010,AT4G34120,AT4G27130,AT5G19540,AT5G11670,AT1G53210,AT3G54090,AT2G37660,AT3G46000,AT4G38800,AT2G47510,AT3G04550,AT2G14910,AT1G25150,AT3G06483,AT1G05190,AT3G43720,AT3G28040,AT3G01310,AT1G78670,AT1G20630,AT5G05200,AT1G18720,AT2G19540,AT4G13930,AT4G09020,AT4G34930,AT1G75500,AT2G05710,AT5G05170,AT5G64860,AT3G03920,AT2G25730,AT1G58270,AT5G39410,AT5G53460,AT5G64350,AT3G48730,AT1G04770,AT1G01120,AT3G56010,AT3G08010,AT4G18970,AT3G14840,AT5G52780,AT1G09780,AT5G57110,AT1G01320	na
4	AT3G21890	BBX31	4	0	PWM3442	DAP-seq	BBX31_col	147	0.0005249595424020697	0.007353534840053993	78	AT4G27440,AT5G20630,AT1G10760,AT1G20020,AT5G14920,AT1G43670,AT1G54410,AT5G63780,AT3G14310,AT5G26570,AT2G31360,AT2G02100,AT1G20693,AT2G30870,AT2G31040,AT1G49750,AT2G28840,AT4G26670,AT3G26060,AT1G73655,AT5G37780,AT2G14170,AT4G12320,AT2G44490,AT5G37260,AT1G35720,AT4G16146,AT1G20010,AT4G00370,AT3G48990,AT1G14345,AT1G70890,AT4G30190,AT3G46010,AT5G62360,AT4G19530,AT1G04400,AT2G26900,AT5G11670,AT3G23280,AT3G04550,AT5G59540,AT1G75800,AT5G08380,AT3G01310,AT5G20280,AT5G02480,AT4G34870,AT4G39980,AT2G47390,AT1G71695,AT1G72160,AT3G22200,AT1G74560,AT1G75500,AT5G15410,AT2G05710,AT5G64860,AT3G55280,AT5G24690,AT5G14040,AT2G30930,AT5G39210,AT4G01610,AT1G28330,AT1G54270,AT3G12120,AT3G14840,AT1G04430,AT4G24920,AT4G39080,AT5G57110,AT1G21130,AT2G37630,AT4G30220,AT3G01660,AT1G01320,AT3G11710	
4	AT5G65210	TGA1	1	1	PWM498	AGRIS		148	0.0005249595424020697	0.007353534840053993	78	AT4G27440,AT2G30860,AT1G20020,AT4G39260,AT4G32340,AT1G54410,AT1G78020,AT1G20693,AT3G57520,AT2G14560,AT4G13850,AT2G33150,AT2G18960,AT2G06850,AT1G69830,AT1G20696,AT1G73655,AT5G10980,AT4G19120,AT2G44490,AT5G37260,AT3G48740,AT4G16146,AT5G13730,AT4G14716,AT2G40840,AT3G23700,AT2G04700,AT4G04830,AT2G24150,AT2G15090,AT5G62360,AT5G53450,AT1G29390,AT5G11670,AT2G39770,AT2G37660,AT5G11420,AT3G46000,AT5G19860,AT4G29390,AT5G15230,AT1G29395,AT1G25150,AT3G06483,AT4G35830,AT3G50440,AT2G22450,AT3G02230,AT5G02480,AT1G72160,AT4G13930,AT3G08030,AT4G39730,AT5G64860,AT3G52500,AT5G61380,AT5G24470,AT1G04690,AT5G39210,AT5G53490,AT1G21670,AT2G34250,AT3G48730,AT1G28330,AT1G04770,AT2G42840,AT1G54270,AT1G01120,AT3G14840,AT1G70160,AT2G25490,AT3G02570,AT3G13460,AT5G54760,AT2G05790,AT5G57110,AT3G51800	AT5G49720
4	AT5G11260	HY5	7	0	PWM698	AthaMAP	T10638	149	0.0005249595424020697	0.007353534840053993	78	AT3G26740,AT4G27440,AT5G20630,AT1G10760,AT1G20620,AT4G16190,AT2G16600,AT2G05520,AT5G15960,AT1G21680,AT3G53460,AT1G17100,AT2G15970,AT3G10410,AT3G14210,AT3G57520,AT5G19780,AT3G29320,AT2G33150,AT2G45740,AT3G16370,AT2G06850,AT1G69830,AT4G11600,AT2G28840,AT4G04610,AT1G54500,AT5G10980,AT5G37260,AT1G29670,AT5G28500,AT5G19250,AT1G14345,AT4G18240,AT1G70890,AT2G04700,AT4G30190,AT1G52190,AT5G14780,AT4G04830,AT3G46010,AT1G29390,AT4G19530,AT3G45780,AT4G09000,AT3G20820,AT2G39770,AT5G11420,AT1G29395,AT3G06483,AT2G36390,AT1G01470,AT3G43720,AT4G16370,AT5G38510,AT3G06680,AT1G48300,AT4G34870,AT4G39980,AT5G01750,AT2G47390,AT5G05200,AT3G03150,AT4G09020,AT3G27820,AT5G37600,AT5G39210,AT4G01610,AT1G21670,AT5G58310,AT3G14840,AT3G02570,AT2G05790,AT5G57110,AT3G46630,AT2G37630,AT3G51800,AT5G16710	
4	AT5G11260	HY5	7	0	PWM2151	JASPAR	MA0551.1	192	0.0020061379891144174	0.019763766013638186	75	AT2G33830,AT3G63160,AT1G10760,AT4G13250,AT1G20620,AT5G14920,AT4G16190,AT1G43670,AT2G16600,AT4G04330,AT5G15960,AT1G21680,AT3G53460,AT2G15970,AT3G10410,AT3G57520,AT3G29320,AT2G33150,AT2G45740,AT4G11600,AT1G54500,AT2G45470,AT5G08410,AT5G37260,AT1G35720,AT1G29670,AT1G54100,AT4G00370,AT3G48990,AT4G02370,AT1G14345,AT4G18240,AT4G04340,AT4G30190,AT5G14780,AT2G30390,AT3G46010,AT5G54960,AT4G14960,AT3G20820,AT5G03240,AT1G76180,AT5G19860,AT4G17560,AT2G36390,AT1G01470,AT1G75800,AT5G08380,AT2G22450,AT4G16370,AT5G38510,AT3G04910,AT3G06680,AT1G48300,AT3G02230,AT4G34870,AT2G47390,AT5G05200,AT4G13930,AT3G03150,AT3G27820,AT1G75500,AT2G05710,AT2G25730,AT1G04690,AT5G21090,AT1G21670,AT1G28330,AT1G45332,AT1G78995,AT1G62780,AT1G04820,AT3G46630,AT2G37630,AT5G16710	
4	AT5G11260	HY5	7	0	PWM223	AthaMAP	T10638	213	0.0030438330023913308	0.026884692479249538	74	AT5G20630,AT3G09390,AT3G63160,AT5G14920,AT1G43670,AT2G16600,AT2G05520,AT3G53460,AT1G78020,AT2G31360,AT2G15970,AT2G02100,AT3G14210,AT1G70820,AT3G57520,AT4G13850,AT3G29320,AT1G69830,AT4G11600,AT1G54500,AT1G70782,AT4G34950,AT4G19120,AT3G27770,AT5G60360,AT5G37260,AT5G44340,AT4G16146,AT5G13730,AT5G02760,AT4G00370,AT4G02370,AT1G14345,AT1G70890,AT1G52190,AT5G14780,AT2G30390,AT4G04830,AT3G46010,AT2G24150,AT2G15090,AT2G39770,AT5G44680,AT1G76180,AT5G19860,AT3G06483,AT1G72970,AT1G01470,AT1G75800,AT5G08380,AT2G22450,AT3G43720,AT4G16370,AT3G28040,AT3G02230,AT1G78670,AT4G13930,AT3G03150,AT1G75500,AT5G37600,AT2G25730,AT1G58270,AT5G61380,AT5G24470,AT5G53460,AT5G40670,AT1G28330,AT1G66820,AT3G02570,AT3G56070,AT2G05790,AT5G57110,AT5G16710,AT1G01320	
4	AT5G11260	HY5	7	0	PWM623	AthaMAP	T10638	219	0.0030438330023913308	0.026884692479249538	74	AT2G33830,AT2G30860,AT4G13250,AT1G20620,AT5G14920,AT4G16190,AT1G43670,AT2G16600,AT3G14310,AT1G21680,AT3G53460,AT1G17100,AT2G15970,AT3G10410,AT1G20693,AT3G57520,AT5G23660,AT3G29320,AT4G11600,AT1G54500,AT5G37780,AT5G08410,AT4G12320,AT5G60360,AT5G37260,AT1G35720,AT5G44340,AT1G29670,AT1G54100,AT4G00370,AT3G48990,AT4G02370,AT1G14345,AT4G18240,AT4G30190,AT5G14780,AT3G46010,AT4G34120,AT5G54960,AT1G76180,AT5G19860,AT4G17560,AT1G72970,AT2G36390,AT1G01470,AT1G75800,AT5G08380,AT2G22450,AT3G43720,AT4G16370,AT3G04910,AT1G48300,AT3G02230,AT4G39980,AT1G20630,AT2G47390,AT1G71695,AT4G13930,AT4G20890,AT3G03150,AT3G27820,AT1G75500,AT2G05710,AT2G25730,AT5G24470,AT1G21670,AT1G28330,AT3G13750,AT4G04770,AT1G78995,AT1G62780,AT1G09780,AT2G37630,AT5G16710	
4	AT3G17609	HYH	7	na	PWM1068	CisBP	M2214_1.01	152	0.0008330677041717559	0.009826910484078674	77	AT2G33830,AT3G63160,AT1G10760,AT4G13250,AT1G20620,AT5G14920,AT4G16190,AT1G43670,AT2G16600,AT4G04330,AT5G15960,AT1G21680,AT3G53460,AT2G15970,AT3G10410,AT1G20693,AT3G57520,AT3G29320,AT2G33150,AT2G45740,AT4G11600,AT1G54500,AT2G45470,AT5G08410,AT5G37260,AT1G35720,AT1G54100,AT4G00370,AT3G48990,AT4G02370,AT1G14345,AT4G18240,AT4G04340,AT4G30190,AT5G14780,AT2G30390,AT3G46010,AT2G24150,AT5G54960,AT4G14960,AT3G20820,AT5G03240,AT1G76180,AT5G19860,AT4G17560,AT1G72970,AT2G36390,AT1G01470,AT1G75800,AT5G08380,AT2G22450,AT4G16370,AT5G38510,AT3G04910,AT3G06680,AT1G48300,AT3G02230,AT4G34870,AT2G47390,AT5G05200,AT4G13930,AT3G03150,AT3G27820,AT1G75500,AT2G05710,AT2G25730,AT1G04690,AT4G01610,AT1G21670,AT1G28330,AT1G45332,AT1G78995,AT1G62780,AT1G04820,AT3G46630,AT2G37630,AT5G16710	na
4	AT2G25820	ESE2	7	0	PWM1144	CisBP	M0034_1.01	153	0.0008330677041717559	0.009826910484078674	77	AT1G13930,AT4G21960,AT3G17390,AT4G39260,AT1G20620,AT1G06460,AT4G04330,AT3G14310,AT5G26570,AT2G31360,AT2G15970,AT2G02100,AT3G47860,AT1G70820,AT4G38770,AT1G49750,AT2G06850,AT4G11600,AT2G45470,AT4G34950,AT4G19120,AT5G44340,AT1G29670,AT5G28500,AT5G06690,AT5G19250,AT4G19410,AT3G52180,AT2G40840,AT4G00370,AT4G22690,AT4G04340,AT1G22530,AT1G52190,AT5G14780,AT4G23100,AT2G15090,AT1G04400,AT3G45780,AT4G09000,AT2G26900,AT2G39770,AT1G53210,AT1G66410,AT4G24220,AT5G11420,AT1G76180,AT1G29395,AT2G14910,AT1G05190,AT1G01470,AT2G22450,AT3G43720,AT3G04910,AT4G34870,AT5G01750,AT5G61660,AT4G13930,AT3G03150,AT4G09020,AT4G39730,AT5G05170,AT3G55280,AT2G25730,AT1G58270,AT5G14040,AT5G39410,AT1G04690,AT5G49720,AT4G17140,AT1G28330,AT3G28940,AT1G04430,AT2G04280,AT2G16660,AT1G26850,AT3G11710	
4	AT3G16280	AT3G16280	2	na	PWM1145	CisBP	M0034_1.01	154	0.0008330677041717559	0.009826910484078674	77	AT1G13930,AT4G21960,AT3G17390,AT4G39260,AT1G20620,AT1G06460,AT4G04330,AT3G14310,AT5G26570,AT2G31360,AT2G15970,AT2G02100,AT3G47860,AT1G70820,AT4G38770,AT1G49750,AT2G06850,AT4G11600,AT2G45470,AT4G34950,AT4G19120,AT5G44340,AT1G29670,AT5G28500,AT5G06690,AT5G19250,AT4G19410,AT3G52180,AT2G40840,AT4G00370,AT4G22690,AT4G04340,AT1G22530,AT1G52190,AT5G14780,AT4G23100,AT2G15090,AT1G04400,AT3G45780,AT4G09000,AT2G26900,AT2G39770,AT1G53210,AT1G66410,AT4G24220,AT5G11420,AT1G76180,AT1G29395,AT2G14910,AT1G05190,AT1G01470,AT2G22450,AT3G43720,AT3G04910,AT4G34870,AT5G01750,AT5G61660,AT4G13930,AT3G03150,AT4G09020,AT4G39730,AT5G05170,AT3G55280,AT2G25730,AT1G58270,AT5G14040,AT5G39410,AT1G04690,AT5G49720,AT4G17140,AT1G28330,AT3G28940,AT1G04430,AT2G04280,AT2G16660,AT1G26850,AT3G11710	na
4	AT3G02150	PTF1	7	0	PWM1210	CisBP	M1533_1.01	158	0.0008330677041717559	0.009826910484078674	77	AT3G26740,AT3G05880,AT3G62550,AT3G09390,AT3G46970,AT3G17390,AT2G15890,AT1G20620,AT3G25760,AT3G14310,AT5G26570,AT1G17100,AT1G20693,AT3G14210,AT4G38770,AT2G18960,AT4G11600,AT1G20696,AT4G04610,AT2G45470,AT1G71030,AT4G34950,AT2G14170,AT5G28840,AT4G19120,AT2G44490,AT5G44340,AT3G48740,AT4G19410,AT5G02760,AT3G52180,AT5G02240,AT1G68560,AT5G13710,AT5G14780,AT1G51940,AT1G05010,AT3G45780,AT4G32940,AT4G14960,AT2G37660,AT5G44680,AT5G11420,AT1G76180,AT3G24503,AT1G72970,AT4G35830,AT3G50440,AT4G16370,AT3G28040,AT3G04290,AT3G04910,AT3G01310,AT2G44310,AT4G39980,AT2G47390,AT1G71695,AT4G13930,AT1G74560,AT4G34930,AT1G75500,AT1G25260,AT4G39730,AT5G64860,AT3G55280,AT5G43940,AT5G39210,AT1G66820,AT4G39080,AT5G54760,AT3G56070,AT2G16660,AT2G37630,AT1G10200,AT3G10970,AT1G01320,AT4G32240	
4	AT5G42630	ATS	0	na	PWM1221	CisBP	M1242_1.01	159	0.0008330677041717559	0.009826910484078674	77	AT3G22240,AT4G21960,AT1G10760,AT4G39260,AT2G28900,AT3G26580,AT1G54410,AT4G04330,AT2G05520,AT5G15960,AT5G26570,AT2G31360,AT2G15970,AT3G14210,AT3G47860,AT3G57520,AT4G13850,AT4G30650,AT4G38770,AT1G30360,AT2G10940,AT2G06850,AT4G11600,AT4G04610,AT2G45470,AT2G14170,AT2G16280,AT5G06690,AT1G54100,AT5G02760,AT4G00370,AT2G43550,AT4G22690,AT4G04340,AT4G30190,AT1G52190,AT4G23100,AT2G15090,AT5G62360,AT1G29390,AT4G19530,AT1G04400,AT4G09000,AT1G51805,AT2G26900,AT1G53210,AT1G66410,AT4G24220,AT1G76180,AT1G29395,AT3G06483,AT1G61740,AT3G04910,AT5G20280,AT1G48300,AT4G13930,AT4G09020,AT5G35680,AT3G27820,AT3G08030,AT2G05710,AT3G52500,AT2G25730,AT5G53460,AT1G04690,AT2G34250,AT4G17140,AT2G42840,AT1G45332,AT3G12120,AT3G14840,AT1G04430,AT2G25490,AT2G16660,AT5G57110,AT3G01660,AT1G01320	na
4	AT1G51600	GATA28	0	0	PWM1412	CisBP	M0681_1.01	160	0.0008330677041717559	0.009826910484078674	77	AT2G21660,AT5G20630,AT4G39090,AT3G17390,AT4G39260,AT1G20620,AT5G10860,AT1G43670,AT4G40040,AT5G26570,AT3G18780,AT2G30870,AT3G29320,AT2G18960,AT4G03520,AT4G11600,AT2G28840,AT5G37780,AT3G27770,AT5G60360,AT1G35720,AT3G07230,AT5G44340,AT5G28500,AT4G32060,AT4G19410,AT1G20010,AT2G40840,AT4G02370,AT5G13710,AT4G04830,AT3G46010,AT1G50010,AT1G04400,AT4G27130,AT4G09000,AT4G14960,AT2G26900,AT2G39770,AT5G03240,AT1G66410,AT4G24220,AT1G22770,AT5G44680,AT3G46000,AT5G27280,AT4G35830,AT2G19750,AT3G04910,AT5G20280,AT3G02230,AT1G20630,AT4G13930,AT4G39730,AT2G16510,AT2G05710,AT5G05170,AT3G08510,AT5G14040,AT5G27380,AT5G53460,AT1G04690,AT5G49720,AT2G34250,AT5G40670,AT3G12120,AT4G24920,AT2G25490,AT3G02570,AT4G30760,AT3G13460,AT1G43710,AT5G54760,AT1G04820,AT1G26850,AT3G10970,AT3G46320	
4	AT1G12610	DDF1	5	0	PWM1566	PBM		161	0.0008330677041717559	0.009826910484078674	77	AT3G22240,AT4G21960,AT1G10760,AT4G39260,AT2G28900,AT3G26580,AT1G54410,AT4G04330,AT2G05520,AT5G15960,AT5G26570,AT2G31360,AT2G15970,AT3G14210,AT3G47860,AT3G57520,AT4G13850,AT4G30650,AT4G38770,AT1G30360,AT2G10940,AT2G06850,AT4G11600,AT4G04610,AT2G45470,AT2G14170,AT2G16280,AT5G06690,AT1G54100,AT5G02760,AT4G00370,AT2G43550,AT4G22690,AT4G04340,AT4G30190,AT1G52190,AT4G23100,AT2G15090,AT5G62360,AT1G29390,AT4G19530,AT1G04400,AT4G09000,AT1G51805,AT2G26900,AT1G53210,AT1G66410,AT4G24220,AT1G76180,AT1G29395,AT3G06483,AT1G61740,AT3G04910,AT5G20280,AT1G48300,AT4G13930,AT4G09020,AT5G35680,AT3G27820,AT3G08030,AT2G05710,AT3G52500,AT2G25730,AT5G53460,AT1G04690,AT2G34250,AT4G17140,AT2G42840,AT1G45332,AT3G12120,AT3G14840,AT1G04430,AT2G25490,AT2G16660,AT5G57110,AT3G01660,AT1G01320	
4	AT1G12610	DDF1	5	0	PWM2791	DAP-seq	DDF1_col	195	0.0020061379891144174	0.019763766013638186	75	AT3G22240,AT1G10760,AT2G28900,AT3G26580,AT4G04330,AT5G26570,AT2G31360,AT2G15970,AT3G14210,AT3G47860,AT3G57520,AT5G23660,AT4G30650,AT4G38770,AT1G49750,AT1G30360,AT2G10940,AT2G06850,AT1G69830,AT4G11600,AT2G45470,AT1G71030,AT4G19120,AT2G16280,AT1G29670,AT5G19250,AT4G16146,AT1G54100,AT4G19410,AT5G02760,AT4G00370,AT4G22690,AT4G04340,AT2G30390,AT4G23100,AT5G62360,AT1G29390,AT4G19530,AT1G04400,AT4G09000,AT1G51805,AT2G26900,AT2G39770,AT1G53210,AT4G24220,AT5G11420,AT1G76180,AT1G29395,AT1G05190,AT1G01470,AT1G61740,AT4G28510,AT3G04910,AT4G13930,AT3G27820,AT2G05710,AT3G52500,AT2G25730,AT1G58270,AT5G14040,AT5G24470,AT5G39410,AT5G53460,AT1G04690,AT2G34250,AT4G17140,AT1G45332,AT3G12120,AT1G04430,AT2G25490,AT2G05790,AT2G16660,AT5G57110,AT3G51800,AT3G01660	
4	AT1G69010	BIM2	0	0	PWM2564	JASPAR	MA0965.1	162	0.0008330677041717559	0.009826910484078674	77	AT2G21660,AT3G05880,AT5G20630,AT3G63160,AT4G21960,AT1G10760,AT4G32340,AT2G15890,AT4G13250,AT1G20620,AT4G26530,AT5G14920,AT4G04330,AT5G15960,AT3G53460,AT2G15970,AT3G10410,AT3G29320,AT2G45740,AT2G18960,AT1G30360,AT1G54500,AT5G37260,AT2G31400,AT5G28500,AT4G16146,AT5G13730,AT1G20010,AT1G14345,AT4G18240,AT1G68560,AT4G04340,AT5G13710,AT1G52190,AT4G04830,AT2G24150,AT1G50010,AT5G62360,AT1G17290,AT3G45780,AT5G54960,AT2G39770,AT2G42530,AT4G17560,AT1G61740,AT4G16370,AT5G38510,AT3G04290,AT3G04910,AT1G48300,AT3G02230,AT4G34870,AT1G78670,AT4G23820,AT2G47390,AT1G18720,AT3G27820,AT1G75500,AT1G23820,AT2G05710,AT5G64860,AT2G25730,AT5G17190,AT5G53460,AT1G04690,AT5G39210,AT4G17140,AT2G42840,AT3G56010,AT3G12120,AT1G62780,AT3G02570,AT1G09780,AT2G05790,AT2G16660,AT3G46630,AT2G05990	
4	AT1G69010	BIM2	0	0	PWM1439	CisBP	M0153_1.01	177	0.0013024764139941078	0.013577559362159508	76	AT2G21660,AT3G05880,AT5G20630,AT3G63160,AT4G21960,AT1G10760,AT4G32340,AT2G15890,AT4G13250,AT1G20620,AT4G26530,AT5G14920,AT4G04330,AT5G15960,AT3G53460,AT2G15970,AT3G10410,AT3G29320,AT2G45740,AT2G18960,AT1G30360,AT1G54500,AT5G37260,AT2G31400,AT5G28500,AT4G16146,AT5G13730,AT1G20010,AT1G14345,AT4G18240,AT1G68560,AT4G04340,AT5G13710,AT1G52190,AT4G04830,AT2G24150,AT1G50010,AT5G62360,AT1G17290,AT3G45780,AT5G54960,AT2G39770,AT2G42530,AT4G17560,AT1G61740,AT4G16370,AT5G38510,AT3G04290,AT3G04910,AT1G48300,AT3G02230,AT1G78670,AT4G23820,AT2G47390,AT1G18720,AT3G27820,AT1G75500,AT1G23820,AT2G05710,AT5G64860,AT2G25730,AT5G17190,AT5G53460,AT1G04690,AT5G39210,AT4G17140,AT2G42840,AT3G56010,AT3G12120,AT1G62780,AT3G02570,AT1G09780,AT2G05790,AT2G16660,AT3G46630,AT2G05990	
4	AT1G63030	ddf2	8	na	PWM2577	JASPAR	MA0978.1	163	0.0008330677041717559	0.009826910484078674	77	AT3G22240,AT4G21960,AT1G10760,AT2G28900,AT3G26580,AT1G54410,AT4G04330,AT2G05520,AT5G15960,AT5G26570,AT2G31360,AT2G15970,AT3G14210,AT3G47860,AT3G57520,AT4G13850,AT5G23660,AT4G30650,AT4G38770,AT1G49750,AT1G30360,AT2G10940,AT2G06850,AT4G11600,AT4G04610,AT2G45470,AT2G14170,AT2G16280,AT5G06690,AT1G54100,AT5G02760,AT4G00370,AT2G43550,AT4G22690,AT4G04340,AT4G30190,AT4G23100,AT2G15090,AT3G16250,AT5G62360,AT1G29390,AT4G19530,AT1G04400,AT4G09000,AT1G51805,AT2G26900,AT1G53210,AT1G66410,AT4G24220,AT1G76180,AT1G29395,AT3G06483,AT1G61740,AT3G04910,AT1G48300,AT4G13930,AT4G09020,AT5G35680,AT3G08030,AT2G05710,AT3G52500,AT3G55280,AT2G25730,AT5G53460,AT1G04690,AT2G34250,AT4G17140,AT2G42840,AT1G45332,AT3G12120,AT3G14840,AT1G04430,AT2G25490,AT2G16660,AT5G57110,AT3G01660,AT1G01320	na
4	AT1G63030	ddf2	8	na	PWM1539	CisBP	M0031_1.01	188	0.0020061379891144174	0.019763766013638186	75	AT3G22240,AT1G13930,AT1G10760,AT4G39260,AT2G28900,AT1G20620,AT4G04330,AT2G05520,AT5G26570,AT2G31360,AT2G15970,AT3G47860,AT4G30650,AT4G38770,AT1G49750,AT5G19780,AT1G30360,AT2G06850,AT1G69830,AT4G11600,AT4G04610,AT2G45470,AT3G53730,AT5G28840,AT4G19120,AT5G37260,AT1G29670,AT5G06690,AT5G19250,AT4G16146,AT1G54100,AT4G19410,AT4G00370,AT4G22690,AT4G04340,AT1G22530,AT4G23100,AT3G46010,AT1G04400,AT4G09000,AT4G14960,AT2G26900,AT2G39770,AT1G53210,AT4G24220,AT5G11420,AT3G46000,AT1G76180,AT2G42530,AT1G29395,AT3G06483,AT1G01470,AT1G61740,AT3G50440,AT4G34870,AT5G01750,AT5G61660,AT4G13930,AT3G03150,AT3G27820,AT3G55280,AT2G25730,AT5G14040,AT5G39410,AT5G53460,AT1G04690,AT5G58310,AT3G14840,AT1G62780,AT1G04430,AT2G25490,AT3G02570,AT2G05790,AT2G16660,AT5G57110	na
4	AT5G11510	AtMYB3R4	0	0	PWM3250	DAP-seq	MYB3R4_col	166	0.0008330677041717559	0.009826910484078674	77	AT2G33830,AT3G22231,AT4G39090,AT1G20020,AT2G15960,AT1G20620,AT4G35770,AT4G40040,AT2G16600,AT3G25760,AT4G04330,AT5G63780,AT3G14310,AT1G21680,AT3G45140,AT2G15970,AT1G49750,AT5G19780,AT3G45980,AT2G18960,AT3G16370,AT4G26670,AT3G53730,AT1G66970,AT3G48360,AT5G44340,AT5G28500,AT1G68560,AT2G30620,AT4G04340,AT4G30190,AT4G04830,AT3G46010,AT1G04400,AT3G45780,AT1G51805,AT3G05220,AT2G26900,AT5G11670,AT5G44680,AT5G19860,AT2G42530,AT2G14910,AT3G24503,AT3G01440,AT1G72970,AT1G75800,AT5G38510,AT3G28040,AT3G04290,AT4G21210,AT4G39980,AT1G78670,AT4G13930,AT2G16510,AT3G03920,AT2G25730,AT1G57660,AT5G39410,AT5G53460,AT4G01610,AT1G21670,AT1G28330,AT3G28940,AT5G10390,AT1G62780,AT3G17170,AT2G25490,AT5G52780,AT4G39080,AT3G13460,AT1G21130,AT1G10200,AT1G26850,AT4G12280,AT3G46320,AT5G65620	
4	AT1G59640	bHLH31	18	na	PWM826	CisBP	M0152_1.01	168	0.0008330677041717559	0.009826910484078674	77	AT3G26740,AT5G20630,AT3G63160,AT4G21960,AT1G10760,AT2G15960,AT2G15890,AT1G20620,AT4G26530,AT5G14920,AT4G16190,AT4G04330,AT5G15960,AT2G15970,AT3G10410,AT3G29320,AT2G33150,AT2G45740,AT2G18960,AT1G69830,AT4G11600,AT1G54500,AT4G12320,AT5G37260,AT5G28500,AT4G16146,AT5G13730,AT1G20010,AT1G14345,AT4G18240,AT4G04340,AT5G13710,AT1G52190,AT2G24150,AT1G50010,AT5G62360,AT4G19530,AT4G27130,AT5G54960,AT3G20820,AT2G39770,AT1G76180,AT5G47240,AT2G14910,AT3G24503,AT4G17560,AT1G61740,AT1G75800,AT4G16370,AT3G04910,AT1G48300,AT3G02230,AT4G34870,AT1G78670,AT4G23820,AT1G18720,AT4G13930,AT3G03150,AT3G27820,AT1G75500,AT1G23820,AT3G08030,AT2G05710,AT5G64860,AT3G52500,AT5G17190,AT1G58270,AT5G53460,AT1G04690,AT3G13750,AT3G56010,AT2G26740,AT1G62780,AT3G02570,AT2G05790,AT3G46630,AT2G05990	na
4	AT5G62610	AT5G62610	0	0	PWM827	CisBP	M0152_1.01	169	0.0008330677041717559	0.009826910484078674	77	AT3G26740,AT5G20630,AT3G63160,AT4G21960,AT1G10760,AT2G15960,AT2G15890,AT1G20620,AT4G26530,AT5G14920,AT4G16190,AT4G04330,AT5G15960,AT2G15970,AT3G10410,AT3G29320,AT2G33150,AT2G45740,AT2G18960,AT1G69830,AT4G11600,AT1G54500,AT4G12320,AT5G37260,AT5G28500,AT4G16146,AT5G13730,AT1G20010,AT1G14345,AT4G18240,AT4G04340,AT5G13710,AT1G52190,AT2G24150,AT1G50010,AT5G62360,AT4G19530,AT4G27130,AT5G54960,AT3G20820,AT2G39770,AT1G76180,AT5G47240,AT2G14910,AT3G24503,AT4G17560,AT1G61740,AT1G75800,AT4G16370,AT3G04910,AT1G48300,AT3G02230,AT4G34870,AT1G78670,AT4G23820,AT1G18720,AT4G13930,AT3G03150,AT3G27820,AT1G75500,AT1G23820,AT3G08030,AT2G05710,AT5G64860,AT3G52500,AT5G17190,AT1G58270,AT5G53460,AT1G04690,AT3G13750,AT3G56010,AT2G26740,AT1G62780,AT3G02570,AT2G05790,AT3G46630,AT2G05990	
4	AT4G28790	AT4G28790	14	na	PWM1083	CisBP	M0155_1.01	172	0.0013024764139941078	0.013577559362159508	76	AT2G21660,AT3G05880,AT5G20630,AT3G63160,AT1G10760,AT4G32340,AT2G15890,AT1G20620,AT4G26530,AT5G14920,AT4G04330,AT5G15960,AT3G53460,AT2G15970,AT3G29320,AT2G33150,AT2G45740,AT1G69830,AT4G11600,AT1G54500,AT3G55630,AT4G12320,AT2G44490,AT5G37260,AT1G35720,AT5G28500,AT4G16146,AT5G13730,AT1G20010,AT1G14345,AT4G18240,AT4G04340,AT5G13710,AT1G52190,AT2G24150,AT5G62360,AT1G17290,AT5G54960,AT3G20820,AT2G39770,AT2G42530,AT1G61740,AT1G75800,AT4G16370,AT5G38510,AT3G04290,AT3G04910,AT3G06680,AT1G48300,AT3G02230,AT4G34870,AT1G78670,AT4G23820,AT2G47390,AT5G61660,AT1G18720,AT3G03150,AT4G09020,AT3G27820,AT1G75500,AT1G23820,AT1G25260,AT2G05710,AT5G64860,AT5G17190,AT1G04690,AT5G39210,AT2G42840,AT3G56010,AT1G45332,AT1G62780,AT3G02570,AT2G05790,AT3G46630,AT2G05990,AT5G16710	na
4	AT4G28800	AT4G28800	0	na	PWM1084	CisBP	M0155_1.01	173	0.0013024764139941078	0.013577559362159508	76	AT2G21660,AT3G05880,AT5G20630,AT3G63160,AT1G10760,AT4G32340,AT2G15890,AT1G20620,AT4G26530,AT5G14920,AT4G04330,AT5G15960,AT3G53460,AT2G15970,AT3G29320,AT2G33150,AT2G45740,AT1G69830,AT4G11600,AT1G54500,AT3G55630,AT4G12320,AT2G44490,AT5G37260,AT1G35720,AT5G28500,AT4G16146,AT5G13730,AT1G20010,AT1G14345,AT4G18240,AT4G04340,AT5G13710,AT1G52190,AT2G24150,AT5G62360,AT1G17290,AT5G54960,AT3G20820,AT2G39770,AT2G42530,AT1G61740,AT1G75800,AT4G16370,AT5G38510,AT3G04290,AT3G04910,AT3G06680,AT1G48300,AT3G02230,AT4G34870,AT1G78670,AT4G23820,AT2G47390,AT5G61660,AT1G18720,AT3G03150,AT4G09020,AT3G27820,AT1G75500,AT1G23820,AT1G25260,AT2G05710,AT5G64860,AT5G17190,AT1G04690,AT5G39210,AT2G42840,AT3G56010,AT1G45332,AT1G62780,AT3G02570,AT2G05790,AT3G46630,AT2G05990,AT5G16710	na
4	AT4G28811	AT4G28811	3	na	PWM1085	CisBP	M0155_1.01	174	0.0013024764139941078	0.013577559362159508	76	AT2G21660,AT3G05880,AT5G20630,AT3G63160,AT1G10760,AT4G32340,AT2G15890,AT1G20620,AT4G26530,AT5G14920,AT4G04330,AT5G15960,AT3G53460,AT2G15970,AT3G29320,AT2G33150,AT2G45740,AT1G69830,AT4G11600,AT1G54500,AT3G55630,AT4G12320,AT2G44490,AT5G37260,AT1G35720,AT5G28500,AT4G16146,AT5G13730,AT1G20010,AT1G14345,AT4G18240,AT4G04340,AT5G13710,AT1G52190,AT2G24150,AT5G62360,AT1G17290,AT5G54960,AT3G20820,AT2G39770,AT2G42530,AT1G61740,AT1G75800,AT4G16370,AT5G38510,AT3G04290,AT3G04910,AT3G06680,AT1G48300,AT3G02230,AT4G34870,AT1G78670,AT4G23820,AT2G47390,AT5G61660,AT1G18720,AT3G03150,AT4G09020,AT3G27820,AT1G75500,AT1G23820,AT1G25260,AT2G05710,AT5G64860,AT5G17190,AT1G04690,AT5G39210,AT2G42840,AT3G56010,AT1G45332,AT1G62780,AT3G02570,AT2G05790,AT3G46630,AT2G05990,AT5G16710	na
4	AT4G28815	AT4G28815	2	na	PWM1086	CisBP	M0155_1.01	175	0.0013024764139941078	0.013577559362159508	76	AT2G21660,AT3G05880,AT5G20630,AT3G63160,AT1G10760,AT4G32340,AT2G15890,AT1G20620,AT4G26530,AT5G14920,AT4G04330,AT5G15960,AT3G53460,AT2G15970,AT3G29320,AT2G33150,AT2G45740,AT1G69830,AT4G11600,AT1G54500,AT3G55630,AT4G12320,AT2G44490,AT5G37260,AT1G35720,AT5G28500,AT4G16146,AT5G13730,AT1G20010,AT1G14345,AT4G18240,AT4G04340,AT5G13710,AT1G52190,AT2G24150,AT5G62360,AT1G17290,AT5G54960,AT3G20820,AT2G39770,AT2G42530,AT1G61740,AT1G75800,AT4G16370,AT5G38510,AT3G04290,AT3G04910,AT3G06680,AT1G48300,AT3G02230,AT4G34870,AT1G78670,AT4G23820,AT2G47390,AT5G61660,AT1G18720,AT3G03150,AT4G09020,AT3G27820,AT1G75500,AT1G23820,AT1G25260,AT2G05710,AT5G64860,AT5G17190,AT1G04690,AT5G39210,AT2G42840,AT3G56010,AT1G45332,AT1G62780,AT3G02570,AT2G05790,AT3G46630,AT2G05990,AT5G16710	na
4	AT4G01120	ATBZIP54	7	219	PWM1232	CisBP	M0262_1.01	176	0.0013024764139941078	0.013577559362159508	76	AT3G63160,AT4G21960,AT2G30860,AT1G10760,AT2G15890,AT1G20620,AT4G26530,AT3G18080,AT4G04330,AT5G15960,AT2G15970,AT2G31040,AT3G57520,AT2G14560,AT4G13850,AT3G29320,AT2G33150,AT2G45740,AT1G69830,AT4G11600,AT1G20696,AT4G04610,AT1G54500,AT3G55630,AT4G12320,AT3G27770,AT5G60360,AT5G37260,AT1G35720,AT4G16146,AT4G02370,AT1G14345,AT4G18240,AT4G04340,AT3G07470,AT2G24150,AT1G29390,AT4G19530,AT4G27130,AT4G32940,AT3G05220,AT1G76180,AT4G37910,AT5G15230,AT1G29395,AT2G14910,AT3G24503,AT4G17560,AT2G36390,AT1G01470,AT1G75800,AT4G16370,AT5G38510,AT4G28510,AT3G04910,AT3G06680,AT1G48300,AT3G02230,AT5G05200,AT4G13930,AT3G03150,AT3G27820,AT2G05710,AT3G03920,AT1G58270,AT5G61380,AT5G24470,AT1G28330,AT1G04770,AT4G04770,AT5G58310,AT1G78995,AT2G05790,AT5G57110,AT3G46630,AT2G05990	AT3G26740,AT1G13930,AT4G27440,AT3G05880,AT2G33830,AT3G09390,AT4G39090,AT1G12090,AT4G21960,AT1G10760,AT3G17390,AT4G39260,AT2G28900,AT2G15890,AT4G13250,AT1G20620,AT4G35770,AT4G26530,AT5G14920,AT4G16190,AT1G43670,AT1G54410,AT2G16600,AT3G18080,AT4G04330,AT2G05520,AT5G15960,AT3G14310,AT1G21680,AT1G78020,AT1G17100,AT2G15970,AT2G02100,AT1G25275,AT3G14210,AT1G09750,AT2G30870,AT3G57520,AT4G13850,AT4G30660,AT1G59870,AT5G19780,AT3G29320,AT3G45980,AT2G33150,AT2G18960,AT1G30360,AT2G10940,AT2G06850,AT4G03520,AT1G69830,AT4G11600,AT1G20696,AT2G28840,AT4G26670,AT4G14400,AT4G04610,AT1G54500,AT2G45470,AT1G70782,AT1G71030,AT1G11530,AT4G34950,AT2G32480,AT5G37780,AT2G14170,AT5G08410,AT5G10980,AT5G28840,AT4G19120,AT3G48360,AT3G27770,AT5G60360,AT2G44490,AT5G37260,AT2G16280,AT1G35720,AT5G44340,AT3G48740,AT1G29670,AT5G06690,AT5G19250,AT4G16146,AT4G32060,AT1G54100,AT4G19410,AT1G20010,AT5G02760,AT3G52180,AT4G00370,AT3G48990,AT1G14345,AT3G23700,AT1G68560,AT1G28660,AT4G30190,AT1G22530,AT5G13710,AT1G52190,AT5G14780,AT1G08980,AT1G07050,AT3G20810,AT4G23100,AT3G07470,AT4G04830,AT2G24150,AT1G50010,AT3G16250,AT1G51940,AT1G05010,AT4G34120,AT1G29390,AT4G19530,AT3G45780,AT4G14960,AT1G51805,AT3G20820,AT3G05220,AT5G11670,AT1G53210,AT5G03240,AT2G37660,AT4G24220,AT5G44680,AT5G11420,AT1G76180,AT5G19860,AT4G29390,AT5G15230,AT5G27280,AT1G29395,AT3G06483,AT3G24503,AT5G59540,AT2G36390,AT1G61740,AT1G75800,AT2G22450,AT3G43720,AT4G16370,AT3G28040,AT3G04290,AT3G04910,AT5G20280,AT1G48300,AT5G02480,AT2G22430,AT4G34870,AT4G39980,AT5G01750,AT4G23820,AT1G20630,AT2G47390,AT1G71695,AT1G72160,AT5G05200,AT1G18720,AT3G22200,AT4G13930,AT3G03150,AT3G27820,AT1G75500,AT5G15410,AT1G23820,AT3G08030,AT4G39730,AT5G51820,AT5G05170,AT5G64860,AT1G74880,AT3G52500,AT5G24690,AT2G25730,AT5G17190,AT1G58270,AT5G61380,AT3G08510,AT5G53880,AT5G24470,AT5G27380,AT5G39410,AT5G53460,AT1G04690,AT5G53490,AT5G49720,AT5G49720,AT1G21670,AT2G34250,AT4G17140,AT5G64350,AT5G40670,AT3G28940,AT1G04770,AT2G42840,AT1G01120,AT5G10390,AT3G14840,AT4G13510,AT1G70160,AT1G62780,AT4G24920,AT2G25490,AT4G39080,AT1G04820,AT4G29840,AT1G09780,AT2G05790,AT2G16660,AT5G57110,AT3G46630,AT1G21130,AT4G25630,AT2G37630,AT3G51800,AT1G10200,AT3G10970,AT1G01320,AT3G11710
4	AT4G14410	bHLH104	4	0	PWM2559	JASPAR	MA0960.1	178	0.0013024764139941078	0.013577559362159508	76	AT2G21660,AT3G22231,AT3G63160,AT4G21960,AT2G30860,AT1G10760,AT4G39260,AT4G13250,AT1G20620,AT5G14920,AT4G16190,AT1G43670,AT3G53460,AT2G15970,AT3G57520,AT4G30650,AT3G29320,AT2G45740,AT1G54500,AT3G55630,AT4G12320,AT5G37260,AT1G35720,AT5G06690,AT4G16146,AT1G54100,AT5G13730,AT4G00370,AT3G48990,AT4G02370,AT1G14345,AT4G18240,AT4G30190,AT1G52190,AT4G23100,AT5G54960,AT3G20820,AT2G39770,AT1G76180,AT2G14910,AT4G17560,AT1G27450,AT2G22450,AT4G16370,AT5G38510,AT3G04290,AT3G04910,AT3G06680,AT1G48300,AT3G02230,AT4G39980,AT4G23820,AT2G47390,AT5G61660,AT5G05200,AT1G18720,AT4G13930,AT4G20890,AT3G03150,AT4G09020,AT1G25260,AT5G51820,AT5G64860,AT2G25730,AT5G17190,AT4G17140,AT2G42840,AT3G56010,AT1G78995,AT1G62780,AT3G02570,AT2G16660,AT5G57110,AT3G46630,AT2G37630,AT5G16710	
4	AT4G14410	bHLH104	4	0	PWM2877	DAP-seq	BHLH104_col	197	0.0020061379891144174	0.019763766013638186	75	AT3G63160,AT4G21960,AT4G13250,AT1G20620,AT2G37220,AT4G26530,AT5G14920,AT1G43670,AT5G15960,AT1G21680,AT3G53460,AT2G15970,AT3G10410,AT3G57520,AT3G29320,AT2G45740,AT2G18960,AT2G06850,AT1G54500,AT5G37260,AT1G35720,AT2G31400,AT4G00370,AT3G48990,AT4G02370,AT1G14345,AT4G18240,AT4G30190,AT1G52190,AT5G14780,AT2G30390,AT3G17930,AT5G54960,AT2G43530,AT3G20820,AT3G05220,AT1G76180,AT3G24503,AT4G17560,AT2G36390,AT1G27450,AT2G22450,AT4G16370,AT3G04910,AT3G06680,AT1G48300,AT4G34870,AT1G78670,AT4G23820,AT1G20630,AT5G61660,AT2G19540,AT4G20890,AT3G03150,AT4G09020,AT3G08030,AT1G25260,AT2G25730,AT1G04690,AT1G21670,AT3G56010,AT2G26740,AT1G45332,AT3G12120,AT4G04770,AT5G58310,AT3G14840,AT1G78995,AT1G62780,AT3G02570,AT1G04820,AT5G57110,AT3G46630,AT2G37630,AT5G16710	
4	AT5G38860	BIM3	1	na	PWM2565	JASPAR	MA0966.1	179	0.0013024764139941078	0.013577559362159508	76	AT3G26740,AT3G05880,AT5G20630,AT3G22231,AT3G63160,AT4G21960,AT1G10760,AT4G39260,AT4G32340,AT2G15890,AT4G13250,AT4G26530,AT5G14920,AT4G04330,AT5G15960,AT2G15970,AT3G10410,AT3G29320,AT2G33150,AT2G45740,AT2G18960,AT1G30360,AT1G54500,AT5G10980,AT5G37260,AT3G48740,AT4G16146,AT1G20010,AT1G14345,AT4G18240,AT4G04340,AT5G13710,AT1G52190,AT4G04830,AT2G24150,AT1G50010,AT5G62360,AT1G17290,AT5G54960,AT2G39770,AT5G47240,AT3G24503,AT4G17560,AT1G61740,AT4G16370,AT3G04290,AT3G04910,AT1G48300,AT3G02230,AT4G34870,AT1G78670,AT5G01750,AT4G23820,AT2G47390,AT5G61660,AT1G18720,AT3G27820,AT1G75500,AT1G23820,AT1G25260,AT2G05710,AT5G64860,AT5G17190,AT1G58270,AT1G04690,AT5G39210,AT2G42840,AT3G56010,AT1G62780,AT3G02570,AT2G05790,AT2G16660,AT5G57110,AT3G46630,AT2G05990,AT1G01320	na
4	AT5G38860	BIM3	1	na	PWM1277	CisBP	M0163_1.01	183	0.0020061379891144174	0.019763766013638186	75	AT3G26740,AT3G05880,AT5G20630,AT3G22231,AT3G63160,AT4G21960,AT1G10760,AT4G39260,AT4G32340,AT2G15890,AT4G13250,AT4G26530,AT5G14920,AT4G04330,AT5G15960,AT2G15970,AT3G10410,AT3G29320,AT2G33150,AT2G45740,AT2G18960,AT1G30360,AT1G54500,AT5G10980,AT5G37260,AT3G48740,AT4G16146,AT1G20010,AT1G14345,AT4G18240,AT4G04340,AT5G13710,AT1G52190,AT4G04830,AT2G24150,AT1G50010,AT5G62360,AT1G17290,AT5G54960,AT2G39770,AT3G24503,AT4G17560,AT1G61740,AT4G16370,AT3G04290,AT3G04910,AT1G48300,AT3G02230,AT4G34870,AT1G78670,AT5G01750,AT4G23820,AT2G47390,AT5G61660,AT1G18720,AT3G27820,AT1G75500,AT1G23820,AT1G25260,AT2G05710,AT5G64860,AT5G17190,AT1G58270,AT1G04690,AT5G39210,AT2G42840,AT3G56010,AT1G62780,AT3G02570,AT2G05790,AT2G16660,AT5G57110,AT3G46630,AT2G05990,AT1G01320	na
4	AT1G77080	AGL27	0	24	PWM2609	JASPAR	MA1012.1	181	0.0013024764139941078	0.013577559362159508	76	AT2G33830,AT3G46970,AT4G32340,AT3G15840,AT5G14920,AT5G10860,AT3G14310,AT4G13850,AT2G33150,AT2G45740,AT5G62720,AT1G30360,AT4G26670,AT4G27800,AT4G34950,AT3G48360,AT3G27770,AT2G44490,AT1G35720,AT3G48740,AT4G32060,AT1G54100,AT5G13730,AT5G02760,AT3G52180,AT1G68560,AT2G30620,AT1G28660,AT1G52190,AT3G20810,AT4G04830,AT1G51940,AT5G62360,AT4G34120,AT3G45780,AT1G74100,AT5G11670,AT5G24165,AT1G76180,AT5G15230,AT5G08280,AT5G59540,AT3G50440,AT2G22450,AT2G19750,AT3G04290,AT3G04910,AT1G55850,AT4G34870,AT4G39980,AT1G20630,AT1G72160,AT3G22200,AT1G52930,AT3G27820,AT1G75500,AT5G37600,AT5G05170,AT5G53460,AT1G04690,AT2G30930,AT3G48730,AT1G28330,AT3G28940,AT3G13750,AT2G33210,AT1G01120,AT3G12120,AT4G18970,AT3G14840,AT2G04280,AT1G04820,AT3G56070,AT5G57110,AT3G46630,AT1G01320	AT2G21660,AT3G05880,AT4G32340,AT1G20620,AT5G62720,AT4G27800,AT1G71030,AT4G34950,AT3G53730,AT3G48360,AT5G19250,AT1G68560,AT5G13710,AT1G07050,AT3G20810,AT1G50010,AT3G45780,AT3G28040,AT1G55850,AT2G22430,AT5G51820,AT5G24690,AT3G48730,AT5G54760
4	AT5G46880	HB-7	0	0	PWM1131	CisBP	M0768_1.01	182	0.0020061379891144174	0.019763766013638186	75	AT1G13930,AT4G27440,AT4G39260,AT4G13250,AT1G20620,AT2G37220,AT4G26530,AT5G14920,AT3G14310,AT3G10410,AT1G70820,AT1G49750,AT5G19780,AT2G18960,AT2G06850,AT3G26060,AT2G45470,AT1G71030,AT3G55630,AT5G60360,AT5G37260,AT5G44340,AT3G48740,AT1G29670,AT1G20010,AT5G02240,AT1G14345,AT1G70890,AT4G30190,AT5G13710,AT5G14780,AT3G17930,AT3G04760,AT5G62360,AT1G29390,AT4G32940,AT5G19540,AT1G51805,AT1G76180,AT1G29395,AT5G59540,AT1G05190,AT4G17560,AT1G61740,AT1G75800,AT1G27450,ATCG00490,AT3G01310,AT5G02480,AT2G22430,AT4G34870,AT5G01750,AT4G13930,AT1G75500,AT4G39730,AT5G37600,AT2G05710,AT3G55280,AT2G25730,AT5G53880,AT5G39210,AT5G53490,AT4G17140,AT3G48730,AT3G13750,AT2G42840,AT3G12120,AT3G14840,AT4G21620,AT4G29840,AT1G09780,AT5G57110,AT3G51800,AT2G05990,AT1G01320	
4	AT1G20700	ATWOX14	0	0	PWM1308	CisBP	M1116_1.01	184	0.0020061379891144174	0.019763766013638186	75	AT3G22240,AT3G62550,AT2G15960,AT1G20620,AT2G29630,AT4G40040,AT2G15970,AT1G20693,AT1G09750,AT1G59870,AT2G18960,AT5G62720,AT4G04610,AT1G54500,AT4G27800,AT1G71030,AT3G53730,AT2G14170,AT1G07440,AT3G16080,AT3G27770,AT5G37260,AT3G48740,AT1G54100,AT1G20010,AT4G02370,AT1G29250,AT4G22690,AT4G04340,AT1G52190,AT1G08980,AT4G23100,AT1G05010,AT1G51805,AT2G26900,AT1G53210,AT3G23280,AT3G54090,AT1G22770,AT5G11420,AT5G27280,AT1G29395,AT3G24503,AT4G35830,AT3G50440,AT3G28040,AT3G04290,AT3G04910,AT5G61660,AT3G22200,AT1G52930,AT3G27820,AT1G23820,AT4G39730,AT2G05710,AT3G52500,AT2G25730,AT5G17190,AT5G61380,AT3G08510,AT1G57660,AT5G27380,AT5G53490,AT4G01610,AT4G17140,AT3G48730,AT3G28940,AT3G12120,AT4G30760,AT4G39080,AT4G25630,AT4G30220,AT3G51800,AT1G10200,AT3G01660	
4	AT1G20710	WOX10	2	na	PWM1309	CisBP	M1116_1.01	185	0.0020061379891144174	0.019763766013638186	75	AT3G22240,AT3G62550,AT2G15960,AT1G20620,AT2G29630,AT4G40040,AT2G15970,AT1G20693,AT1G09750,AT1G59870,AT2G18960,AT5G62720,AT4G04610,AT1G54500,AT4G27800,AT1G71030,AT3G53730,AT2G14170,AT1G07440,AT3G16080,AT3G27770,AT5G37260,AT3G48740,AT1G54100,AT1G20010,AT4G02370,AT1G29250,AT4G22690,AT4G04340,AT1G52190,AT1G08980,AT4G23100,AT1G05010,AT1G51805,AT2G26900,AT1G53210,AT3G23280,AT3G54090,AT1G22770,AT5G11420,AT5G27280,AT1G29395,AT3G24503,AT4G35830,AT3G50440,AT3G28040,AT3G04290,AT3G04910,AT5G61660,AT3G22200,AT1G52930,AT3G27820,AT1G23820,AT4G39730,AT2G05710,AT3G52500,AT2G25730,AT5G17190,AT5G61380,AT3G08510,AT1G57660,AT5G27380,AT5G53490,AT4G01610,AT4G17140,AT3G48730,AT3G28940,AT3G12120,AT4G30760,AT4G39080,AT4G25630,AT4G30220,AT3G51800,AT1G10200,AT3G01660	na
4	AT1G67710	ARR11	5	0	PWM1422	PBM		186	0.0020061379891144174	0.019763766013638186	75	AT2G21660,AT3G05880,AT2G30860,AT4G39260,AT4G32340,AT1G43670,AT4G04330,AT2G31360,AT1G20693,AT3G47860,AT4G38770,AT4G03520,AT1G69830,AT1G20696,AT4G04610,AT2G14170,AT5G10980,AT5G28840,AT1G66970,AT3G27770,AT2G44490,AT1G35720,AT3G07230,AT4G16146,AT4G18240,AT1G29250,AT4G04340,AT5G58290,AT1G52190,AT1G07050,AT4G04830,AT1G50010,AT1G04400,AT4G09000,AT4G14960,AT2G43530,AT3G54090,AT5G03240,AT3G46000,AT1G76180,AT4G38800,AT1G72970,AT1G61740,AT4G28510,AT3G01310,AT5G02480,AT1G20630,AT5G05200,AT4G13930,AT1G52930,AT3G27820,AT1G75500,AT1G25260,AT5G51820,AT2G25730,AT3G08510,AT5G27380,AT5G39410,AT1G04690,AT5G21090,AT5G53490,AT5G49720,AT1G28330,AT3G13750,AT2G42840,AT1G70160,AT2G25490,AT5G54760,AT5G43440,AT1G04820,AT5G57110,AT4G12280,AT5G16710,AT3G10970,AT1G01320	
4	AT5G51990	CBF4	1	0	PWM1542	CisBP	M0031_1.01	189	0.0020061379891144174	0.019763766013638186	75	AT3G22240,AT1G13930,AT1G10760,AT4G39260,AT2G28900,AT1G20620,AT4G04330,AT2G05520,AT5G26570,AT2G31360,AT2G15970,AT3G47860,AT4G30650,AT4G38770,AT1G49750,AT5G19780,AT1G30360,AT2G06850,AT1G69830,AT4G11600,AT4G04610,AT2G45470,AT3G53730,AT5G28840,AT4G19120,AT5G37260,AT1G29670,AT5G06690,AT5G19250,AT4G16146,AT1G54100,AT4G19410,AT4G00370,AT4G22690,AT4G04340,AT1G22530,AT4G23100,AT3G46010,AT1G04400,AT4G09000,AT4G14960,AT2G26900,AT2G39770,AT1G53210,AT4G24220,AT5G11420,AT3G46000,AT1G76180,AT2G42530,AT1G29395,AT3G06483,AT1G01470,AT1G61740,AT3G50440,AT4G34870,AT5G01750,AT5G61660,AT4G13930,AT3G03150,AT3G27820,AT3G55280,AT2G25730,AT5G14040,AT5G39410,AT5G53460,AT1G04690,AT5G58310,AT3G14840,AT1G62780,AT1G04430,AT2G25490,AT3G02570,AT2G05790,AT2G16660,AT5G57110	
4	AT5G51990	CBF4	1	0	PWM2783	DAP-seq	CBF4_col	194	0.0020061379891144174	0.019763766013638186	75	AT1G13930,AT3G17390,AT4G39260,AT2G28900,AT1G20620,AT4G04330,AT2G05520,AT5G15960,AT3G14310,AT5G26570,AT2G31360,AT2G15970,AT3G14210,AT3G47860,AT4G38770,AT1G49750,AT5G19780,AT1G30360,AT2G06850,AT1G69830,AT4G11600,AT4G04610,AT2G45470,AT4G34950,AT3G53730,AT4G19120,AT1G29670,AT5G06690,AT5G19250,AT4G16146,AT1G54100,AT4G00370,AT4G22690,AT4G04340,AT2G30390,AT4G23100,AT4G19530,AT1G04400,AT4G09000,AT2G26900,AT2G39770,AT1G53210,AT1G66410,AT4G24220,AT5G11420,AT1G76180,AT2G42530,AT1G29395,AT1G05190,AT1G01470,AT1G61740,AT3G50440,AT3G43720,AT4G28510,AT3G04910,AT1G48300,AT5G61660,AT4G13930,AT3G27820,AT5G05170,AT3G55280,AT2G25730,AT5G14040,AT5G39410,AT5G53460,AT1G04690,AT2G34250,AT1G28330,AT1G62780,AT1G04430,AT2G25490,AT2G04280,AT2G05790,AT2G16660,AT5G57110	
4	AT2G28340	GATA13	0	na	PWM1548	CisBP	M0680_1.01	191	0.0020061379891144174	0.019763766013638186	75	AT2G33830,AT3G09390,AT4G21960,AT3G17390,AT1G20620,AT4G40040,AT2G16600,AT5G26570,AT2G31360,AT3G14210,AT3G18780,AT4G30650,AT5G19780,AT2G18960,AT2G10940,AT2G06850,AT1G69830,AT4G11600,AT1G20696,AT4G04610,AT4G12320,AT3G16080,AT5G37260,AT1G35720,AT3G07230,AT5G19250,AT5G02760,AT2G40840,AT4G30190,AT5G13710,AT5G58290,AT2G30390,AT3G46010,AT1G50010,AT1G05010,AT4G14960,AT2G26900,AT2G39770,AT1G76180,AT3G06483,AT1G72970,AT1G61740,AT2G22450,AT3G01310,AT3G02230,AT5G02480,AT4G34870,AT4G13930,AT3G03150,AT4G09020,AT5G37600,AT5G05170,AT3G03920,AT5G17190,AT5G61380,AT1G57660,AT5G14040,AT5G24470,AT5G21090,AT5G53490,AT5G49720,AT2G34250,AT4G17140,AT1G02475,AT3G13750,AT1G54270,AT3G12120,AT3G14840,AT1G04430,AT4G24920,AT2G25490,AT1G43710,AT5G43440,AT1G04820,AT2G05990	na
4	AT3G16857	ARR1	1	0	PWM2544	JASPAR	MA0945.1	193	0.0020061379891144174	0.019763766013638186	75	AT2G21660,AT3G17390,AT4G39260,AT4G32340,AT2G15890,AT1G43670,AT4G04330,AT5G63780,AT3G47860,AT5G19780,AT3G29320,AT1G20696,AT2G28840,AT4G21990,AT5G28840,AT4G19120,AT1G07440,AT1G66970,AT5G60360,AT1G35720,AT3G07230,AT5G28500,AT4G32060,AT1G68560,AT4G04340,AT3G07470,AT4G04830,AT3G46010,AT2G24150,AT1G50010,AT1G17290,AT3G45780,AT4G27130,AT4G09000,AT5G03240,AT5G24165,AT1G66410,AT3G46000,AT1G76180,AT2G14910,AT4G35830,AT3G50440,AT5G38510,AT3G04910,AT3G01310,AT1G78670,AT1G20630,AT4G20890,AT4G09020,AT2G16510,AT2G05710,AT5G67510,AT5G05170,AT3G08510,AT5G53460,AT1G04690,AT5G21090,AT3G48730,AT3G28940,AT2G33210,AT2G42840,AT3G12120,AT4G13510,AT4G24920,AT2G25490,AT4G30760,AT2G04280,AT3G13460,AT5G54760,AT1G04820,AT1G09780,AT2G05790,AT3G46630,AT3G06980,AT3G10970	
4	AT3G16857	ARR1	1	0	PWM1104	CisBP	M1229_1.01	204	0.0030438330023913308	0.026884692479249538	74	AT2G21660,AT3G17390,AT4G39260,AT4G32340,AT2G15890,AT1G43670,AT4G04330,AT5G63780,AT3G47860,AT5G19780,AT3G29320,AT1G20696,AT2G28840,AT4G21990,AT5G28840,AT4G19120,AT1G07440,AT1G66970,AT5G60360,AT1G35720,AT3G07230,AT5G28500,AT4G32060,AT1G68560,AT4G04340,AT3G07470,AT4G04830,AT3G46010,AT2G24150,AT1G50010,AT1G17290,AT3G45780,AT4G27130,AT4G09000,AT5G03240,AT5G24165,AT1G66410,AT3G46000,AT1G76180,AT2G14910,AT4G35830,AT3G50440,AT5G38510,AT3G04910,AT3G01310,AT1G78670,AT1G20630,AT4G20890,AT4G09020,AT2G16510,AT2G05710,AT5G67510,AT5G05170,AT3G08510,AT5G53460,AT1G04690,AT5G21090,AT3G48730,AT3G28940,AT2G33210,AT2G42840,AT3G12120,AT4G13510,AT4G24920,AT2G25490,AT4G30760,AT2G04280,AT3G13460,AT5G54760,AT1G04820,AT1G09780,AT2G05790,AT3G46630,AT3G10970	
4	AT3G23210	bHLH34	1	0	PWM2887	DAP-seq	BHLH34_col	198	0.0020061379891144174	0.019763766013638186	75	AT3G26740,AT3G63160,AT1G10760,AT4G13250,AT1G20620,AT5G14920,AT1G43670,AT4G04330,AT5G15960,AT1G21680,AT3G53460,AT2G15970,AT3G10410,AT3G57520,AT4G33510,AT3G29320,AT2G45740,AT2G18960,AT2G06850,AT4G11600,AT1G54500,AT5G08410,AT5G37260,AT1G35720,AT4G16146,AT5G13730,AT5G02760,AT3G48990,AT4G02370,AT1G14345,AT4G18240,AT4G04340,AT4G30190,AT5G13710,AT1G52190,AT5G14780,AT2G30390,AT3G17930,AT4G27130,AT5G54960,AT1G76180,AT2G14910,AT4G17560,AT2G36390,AT1G01470,AT1G75800,AT5G08380,AT3G50440,AT2G22450,AT4G16370,AT5G38510,AT3G04910,AT3G06680,AT1G48300,AT1G78670,AT4G23820,AT2G47390,AT5G61660,AT5G05200,AT4G20890,AT3G03150,AT4G09020,AT1G25260,AT2G25730,AT1G04690,AT1G21670,AT1G28330,AT3G56010,AT2G26740,AT4G04770,AT1G78995,AT1G62780,AT2G37630,AT2G05990,AT5G16710	
4	AT4G24020	NLP7	0	na	PWM3449	DAP-seq	NLP7_col	199	0.0020061379891144174	0.019763766013638186	75	AT1G20620,AT2G37220,AT1G43670,AT5G23240,AT3G18780,AT2G30870,AT2G31040,AT5G23660,AT3G29320,AT2G18960,AT5G62720,AT1G69830,AT2G28840,AT4G26670,AT1G54500,AT3G26060,AT4G34950,AT4G19120,AT1G66970,AT5G37260,AT2G31400,AT3G07230,AT1G54100,AT1G20010,AT2G40840,AT3G48990,AT1G68560,AT4G30190,AT4G04830,AT2G15090,AT5G62360,AT5G53450,AT4G14960,AT1G51805,AT3G05220,AT1G66410,AT5G11420,AT3G46000,AT4G37910,AT5G27280,AT3G06483,AT1G05190,AT1G72970,AT1G61740,AT1G27450,AT1G66670,AT3G06680,AT5G02480,AT4G21210,AT2G22430,AT4G39980,AT1G78670,AT3G22200,AT1G52930,AT5G35680,AT1G75500,AT1G23820,AT1G25260,AT4G39730,AT3G52500,AT3G55280,AT1G31970,AT2G25730,AT5G61380,AT5G24470,AT3G28940,AT2G33210,AT5G58310,AT1G78995,AT2G25490,AT4G30760,AT2G04280,AT1G43710,AT5G57110,AT4G29120	na
4	AT5G61850	LFY	2	54	PWM608	AthaMAP		200	0.0020061379891144174	0.019763766013638186	75	AT4G27440,AT3G05880,AT3G09390,AT4G39090,AT4G21960,AT4G39260,AT3G26580,AT2G37220,AT2G29630,AT1G43670,AT1G54410,AT4G40040,AT4G04330,AT5G26570,AT3G53460,AT3G10410,AT2G14560,AT2G33150,AT1G30360,AT4G04610,AT2G14170,AT5G08410,AT5G10980,AT5G28840,AT2G31400,AT5G28500,AT5G19250,AT4G19410,AT4G14716,AT1G14345,AT3G23700,AT4G22690,AT1G70890,AT3G07470,AT3G17930,AT3G45780,AT5G19540,AT1G44920,AT5G24165,AT1G76180,AT1G72970,AT2G22450,AT3G01310,AT3G06680,AT2G22430,AT4G34870,AT1G71695,AT3G22200,AT4G13930,AT4G09020,AT3G27820,AT3G08030,AT1G25260,AT2G05710,AT3G55280,AT2G25730,AT1G57660,AT5G53460,AT5G53490,AT4G01610,AT5G49720,AT5G64350,AT1G54270,AT3G56010,AT1G45332,AT3G14840,AT4G39080,AT5G54760,AT1G67280,AT2G37630,AT5G44320,AT4G28740,AT3G10970,AT1G01320,AT3G11710	AT3G26740,AT3G09390,AT4G21960,AT4G32340,AT1G20620,AT2G31360,AT1G25275,AT1G49750,AT2G18960,AT4G14400,AT1G71030,AT4G34950,AT3G48360,AT2G44490,AT2G31400,AT4G00370,AT3G48990,AT5G02240,AT1G68560,AT4G30190,AT3G20810,AT1G65190,AT3G46010,AT2G15090,AT1G05010,AT4G19530,AT3G05220,AT5G11670,AT5G11420,AT5G47240,AT5G15230,AT2G42530,AT3G24503,AT1G27450,AT3G43720,AT4G16370,AT3G28040,AT3G04910,AT2G47390,AT1G72160,AT5G15410,AT4G39730,AT5G51820,AT5G05170,AT5G64860,AT3G55280,AT1G04690,AT3G13750,AT3G12120,AT4G13510,AT2G25490,AT4G30760,AT1G21130,AT1G10200
4	AT2G46510	AIB	5	na	PWM845	CisBP	M0148_1.01	201	0.0020061379891144174	0.019763766013638186	75	AT3G26740,AT3G63160,AT4G21960,AT1G10760,AT2G15960,AT2G15890,AT1G20620,AT4G26530,AT5G14920,AT4G04330,AT5G15960,AT3G10410,AT3G29320,AT2G45740,AT2G18960,AT2G06850,AT1G69830,AT4G12320,AT5G37260,AT1G35720,AT5G28500,AT4G16146,AT5G13730,AT1G20010,AT4G18240,AT4G04340,AT5G13710,AT2G24150,AT1G50010,AT5G62360,AT4G27130,AT3G20820,AT2G14910,AT3G24503,AT4G17560,AT1G01470,AT1G61740,AT4G16370,AT4G28510,AT3G04910,AT1G48300,AT3G02230,AT4G34870,AT1G78670,AT4G23820,AT1G20630,AT5G61660,AT1G18720,AT4G13930,AT3G03150,AT3G27820,AT1G75500,AT1G23820,AT1G25260,AT2G05710,AT5G64860,AT3G52500,AT5G17190,AT1G58270,AT5G53460,AT1G04690,AT1G21670,AT5G64350,AT3G13750,AT1G04770,AT2G42840,AT3G56010,AT2G26740,AT1G78995,AT1G62780,AT3G02570,AT2G04280,AT2G05790,AT5G57110,AT2G05990	na
4	AT5G46830	ATNIG1	15	na	PWM846	CisBP	M0148_1.01	202	0.0020061379891144174	0.019763766013638186	75	AT3G26740,AT3G63160,AT4G21960,AT1G10760,AT2G15960,AT2G15890,AT1G20620,AT4G26530,AT5G14920,AT4G04330,AT5G15960,AT3G10410,AT3G29320,AT2G45740,AT2G18960,AT2G06850,AT1G69830,AT4G12320,AT5G37260,AT1G35720,AT5G28500,AT4G16146,AT5G13730,AT1G20010,AT4G18240,AT4G04340,AT5G13710,AT2G24150,AT1G50010,AT5G62360,AT4G27130,AT3G20820,AT2G14910,AT3G24503,AT4G17560,AT1G01470,AT1G61740,AT4G16370,AT4G28510,AT3G04910,AT1G48300,AT3G02230,AT4G34870,AT1G78670,AT4G23820,AT1G20630,AT5G61660,AT1G18720,AT4G13930,AT3G03150,AT3G27820,AT1G75500,AT1G23820,AT1G25260,AT2G05710,AT5G64860,AT3G52500,AT5G17190,AT1G58270,AT5G53460,AT1G04690,AT1G21670,AT5G64350,AT3G13750,AT1G04770,AT2G42840,AT3G56010,AT2G26740,AT1G78995,AT1G62780,AT3G02570,AT2G04280,AT2G05790,AT5G57110,AT2G05990	na
4	AT4G32890	GATA9	5	0	PWM1091	CisBP	M0689_1.01	203	0.0030438330023913308	0.026884692479249538	74	AT2G21660,AT3G09390,AT4G21960,AT3G46970,AT1G10760,AT3G17390,AT4G39260,AT4G13250,AT1G20620,AT5G10860,AT1G54410,AT4G40040,AT2G16600,AT3G45140,AT2G31360,AT1G20693,AT3G18780,AT4G38770,AT5G19780,AT3G45980,AT1G69830,AT4G11600,AT1G20696,AT1G13270,AT4G19120,AT4G12320,AT5G37260,AT1G35720,AT3G07230,AT5G19250,AT1G20010,AT5G13710,AT2G30390,AT3G46010,AT1G50010,AT4G19530,AT4G09000,AT4G14960,AT2G39770,AT3G54090,AT3G46000,AT3G24503,AT1G72970,AT3G50440,AT3G01310,AT3G02230,AT5G02480,AT4G13930,AT1G52930,AT3G03150,AT4G09020,AT3G27820,AT5G05170,AT3G03920,AT2G25730,AT5G17190,AT5G14040,AT1G04690,AT5G49720,AT2G34250,AT4G17140,AT1G02475,AT3G13750,AT3G12120,AT1G04430,AT4G24920,AT2G25490,AT2G04280,AT1G43710,AT5G54760,AT5G43440,AT1G04820,AT1G26850,AT3G46320	
4	AT4G32890	GATA9	5	0	PWM2615	JASPAR	MA1018.1	214	0.0030438330023913308	0.026884692479249538	74	AT2G21660,AT3G09390,AT4G21960,AT3G46970,AT1G10760,AT3G17390,AT4G13250,AT1G20620,AT5G10860,AT1G54410,AT4G40040,AT2G16600,AT3G45140,AT2G31360,AT1G20693,AT3G18780,AT4G38770,AT5G19780,AT3G45980,AT1G69830,AT4G11600,AT1G20696,AT1G13270,AT4G19120,AT4G12320,AT5G37260,AT1G35720,AT3G07230,AT5G19250,AT1G20010,AT5G13710,AT2G30390,AT3G46010,AT1G50010,AT4G19530,AT4G09000,AT4G14960,AT2G39770,AT3G54090,AT3G46000,AT3G24503,AT1G72970,AT3G50440,AT3G01310,AT3G02230,AT5G02480,AT4G13930,AT1G52930,AT3G03150,AT4G09020,AT3G27820,AT5G51820,AT5G05170,AT3G03920,AT2G25730,AT5G17190,AT5G14040,AT1G04690,AT5G53490,AT5G49720,AT2G34250,AT4G17140,AT1G02475,AT3G13750,AT3G12120,AT1G04430,AT4G24920,AT2G25490,AT2G04280,AT1G43710,AT5G54760,AT5G43440,AT1G04820,AT3G46320	
4	AT1G13260	EDF4	19	na	PWM1470	CisBP	M2737_1.01	206	0.0030438330023913308	0.026884692479249538	74	AT4G27440,AT4G39090,AT3G46970,AT1G10760,AT4G40040,AT5G63780,AT5G26570,AT1G17100,AT3G57520,AT4G30660,AT1G49750,AT2G18960,AT1G69830,AT4G04610,AT2G45470,AT3G55630,AT1G13270,AT5G28840,AT4G19120,AT5G37260,AT1G29670,AT5G19250,AT1G54100,AT4G00370,AT3G48990,AT4G18240,AT4G04340,AT4G30190,AT5G13710,AT1G08980,AT2G30390,AT4G23100,AT1G51940,AT5G53450,AT2G26900,AT1G53210,AT2G37660,AT1G22770,AT2G47510,AT5G15230,AT4G35830,AT2G36390,AT1G75800,AT1G08550,AT3G50440,AT3G43720,AT3G06680,AT5G02480,AT1G78670,AT1G20630,AT3G22200,AT4G09020,AT3G08030,AT5G37600,AT5G51820,AT2G05710,AT5G05170,AT3G55280,AT1G31970,AT2G25730,AT5G53460,AT1G04690,AT4G17140,AT2G42840,AT3G14840,AT4G39080,AT1G09780,AT5G57110,AT4G30220,AT1G26850,AT3G10970,AT1G01320,AT3G11710,AT5G65620	na
4	AT1G13260	EDF4	19	na	PWM1482	CisBP	M2246_1.01	207	0.0030438330023913308	0.026884692479249538	74	AT4G27440,AT4G39090,AT3G46970,AT1G10760,AT4G40040,AT5G63780,AT5G26570,AT1G17100,AT3G57520,AT4G30660,AT1G49750,AT2G18960,AT1G69830,AT4G04610,AT2G45470,AT3G55630,AT1G13270,AT5G28840,AT4G19120,AT5G37260,AT1G29670,AT5G19250,AT1G54100,AT4G00370,AT3G48990,AT4G18240,AT4G04340,AT4G30190,AT5G13710,AT1G08980,AT2G30390,AT4G23100,AT1G51940,AT5G53450,AT2G26900,AT1G53210,AT2G37660,AT1G22770,AT2G47510,AT5G15230,AT4G35830,AT2G36390,AT1G75800,AT1G08550,AT3G50440,AT3G43720,AT3G06680,AT5G02480,AT1G78670,AT1G20630,AT3G22200,AT4G09020,AT3G08030,AT5G37600,AT5G51820,AT2G05710,AT5G05170,AT3G55280,AT1G31970,AT2G25730,AT5G53460,AT1G04690,AT4G17140,AT2G42840,AT3G14840,AT4G39080,AT1G09780,AT5G57110,AT4G30220,AT1G26850,AT3G10970,AT1G01320,AT3G11710,AT5G65620	na
4	AT1G13260	EDF4	19	na	PWM2182	JASPAR	MA0583.1	212	0.0030438330023913308	0.026884692479249538	74	AT4G27440,AT4G39090,AT3G46970,AT1G10760,AT4G40040,AT5G63780,AT5G26570,AT1G17100,AT3G57520,AT4G30660,AT1G49750,AT2G18960,AT1G69830,AT4G04610,AT2G45470,AT3G55630,AT1G13270,AT5G28840,AT4G19120,AT5G37260,AT1G29670,AT5G19250,AT1G54100,AT4G00370,AT4G18240,AT4G04340,AT4G30190,AT5G13710,AT1G08980,AT2G30390,AT4G23100,AT1G51940,AT5G53450,AT2G26900,AT1G53210,AT2G37660,AT1G22770,AT2G47510,AT5G15230,AT4G35830,AT2G36390,AT1G75800,AT1G08550,AT3G50440,AT3G43720,AT3G06680,AT5G02480,AT1G78670,AT1G20630,AT3G22200,AT4G09020,AT3G08030,AT5G37600,AT5G51820,AT2G05710,AT5G05170,AT3G55280,AT1G31970,AT2G25730,AT5G53460,AT1G04690,AT4G17140,AT2G42840,AT3G14840,AT3G46740,AT4G39080,AT1G09780,AT5G57110,AT4G30220,AT1G26850,AT3G10970,AT1G01320,AT3G11710,AT5G65620	na
4	AT1G13260	EDF4	19	na	PWM853	AthaMAP	T02637	232	0.004549036552318279	0.037074647901393976	73	AT4G27440,AT4G39090,AT3G46970,AT1G10760,AT4G40040,AT5G63780,AT5G26570,AT1G17100,AT3G57520,AT4G30660,AT1G49750,AT2G18960,AT1G69830,AT4G04610,AT2G45470,AT1G13270,AT5G28840,AT4G19120,AT5G37260,AT1G29670,AT5G19250,AT1G54100,AT4G00370,AT3G48990,AT4G18240,AT4G04340,AT4G30190,AT5G13710,AT1G08980,AT2G30390,AT4G23100,AT1G51940,AT5G53450,AT2G26900,AT1G53210,AT2G37660,AT1G22770,AT2G47510,AT4G35830,AT2G36390,AT1G75800,AT1G08550,AT3G50440,AT3G43720,AT3G01310,AT3G06680,AT5G02480,AT1G78670,AT1G20630,AT3G22200,AT4G09020,AT3G08030,AT5G37600,AT5G51820,AT2G05710,AT5G05170,AT3G55280,AT1G31970,AT2G25730,AT5G53460,AT1G04690,AT4G17140,AT2G42840,AT3G14840,AT4G39080,AT1G09780,AT5G57110,AT4G30220,AT1G26850,AT3G10970,AT1G01320,AT3G11710,AT5G65620	na
4	AT1G29160	COG1	0	0	PWM1494	CisBP	M0571_1.01	208	0.0030438330023913308	0.026884692479249538	74	AT3G22231,AT4G21960,AT3G46970,AT1G20020,AT3G26580,AT2G37220,AT5G14920,AT3G18080,AT5G63780,AT5G26570,AT3G45140,AT3G14210,AT3G18780,AT4G30660,AT4G38770,AT2G18960,AT3G16370,AT1G30360,AT2G06850,AT1G69830,AT2G45470,AT1G73655,AT3G55630,AT5G10980,AT4G19120,AT4G12320,AT5G60360,AT3G48740,AT5G02760,AT3G48990,AT3G23700,AT4G18240,AT1G68560,AT4G22690,AT1G52190,AT1G51940,AT1G05010,AT1G04400,AT1G74100,AT3G20820,AT5G11670,AT1G76180,AT5G47240,AT4G37910,AT3G04290,AT3G01310,AT3G22200,AT5G35680,AT2G16510,AT3G52500,AT3G55280,AT5G17190,AT5G39410,AT5G53460,AT1G04690,AT2G30930,AT4G17140,AT3G48730,AT1G28330,AT2G33210,AT1G04770,AT2G42840,AT2G26740,AT3G12120,AT4G04770,AT4G13510,AT1G78995,AT1G62780,AT1G04430,AT3G56070,AT2G37630,AT1G10200,AT1G01320,AT3G11710	
4	AT4G32730	ATMYB3R1	0	na	PWM3248	DAP-seq	MYB3R1_col	215	0.0030438330023913308	0.026884692479249538	74	AT2G33830,AT3G22231,AT4G39090,AT2G15960,AT1G20620,AT4G35770,AT4G40040,AT2G16600,AT3G25760,AT4G04330,AT5G63780,AT1G21680,AT3G45140,AT2G15970,AT5G23660,AT5G19780,AT3G45980,AT2G18960,AT3G16370,AT4G11600,AT4G26670,AT3G53730,AT1G66970,AT5G28500,AT1G68560,AT2G30620,AT4G04340,AT4G30190,AT5G13710,AT1G52190,AT4G04830,AT3G46010,AT4G19530,AT1G04400,AT1G51805,AT2G26900,AT5G11670,AT5G44680,AT5G19860,AT2G14910,AT3G24503,AT3G01440,AT1G61740,AT5G08380,AT5G38510,AT3G28040,AT3G04290,AT1G55850,AT4G21210,AT4G39980,AT1G78670,AT4G13930,AT5G51820,AT3G03920,AT2G25730,AT1G57660,AT5G39410,AT5G53460,AT4G01610,AT1G21670,AT3G28940,AT5G10390,AT1G62780,AT3G17170,AT2G25490,AT5G52780,AT4G39080,AT3G13460,AT1G10200,AT1G26850,AT4G12280,AT3G46320,AT1G01320,AT5G65620	na
4	AT1G32640	ATMYC2	4	0	PWM622	AthaMAP	T05620	218	0.0030438330023913308	0.026884692479249538	74	AT2G33830,AT2G30860,AT4G13250,AT1G20620,AT5G14920,AT4G16190,AT1G43670,AT2G16600,AT3G14310,AT1G21680,AT3G53460,AT1G17100,AT2G15970,AT3G10410,AT1G20693,AT3G57520,AT5G23660,AT3G29320,AT4G11600,AT1G54500,AT5G37780,AT5G08410,AT4G12320,AT5G60360,AT5G37260,AT1G35720,AT5G44340,AT1G29670,AT1G54100,AT4G00370,AT3G48990,AT4G02370,AT1G14345,AT4G18240,AT4G30190,AT5G14780,AT3G46010,AT4G34120,AT5G54960,AT1G76180,AT5G19860,AT4G17560,AT1G72970,AT2G36390,AT1G01470,AT1G75800,AT5G08380,AT2G22450,AT3G43720,AT4G16370,AT3G04910,AT1G48300,AT3G02230,AT4G39980,AT1G20630,AT2G47390,AT1G71695,AT4G13930,AT4G20890,AT3G03150,AT3G27820,AT1G75500,AT2G05710,AT2G25730,AT5G24470,AT1G21670,AT1G28330,AT3G13750,AT4G04770,AT1G78995,AT1G62780,AT1G09780,AT2G37630,AT5G16710	
4	AT4G18960	AG	0	na	PWM1435	CisBP	M2476_1.01	220	0.004549036552318279	0.037074647901393976	73	AT2G21660,AT3G22240,AT3G62550,AT4G32340,AT3G15840,AT3G26580,AT2G37220,AT1G06460,AT1G43670,AT1G54410,AT5G63780,AT3G14210,AT3G57520,AT2G33150,AT2G18960,AT3G16370,AT4G26670,AT3G58680,AT4G27800,AT4G34950,AT2G14170,AT5G10980,AT5G28840,AT3G48360,AT5G37260,AT1G29670,AT3G52180,AT2G40840,AT3G48990,AT5G02240,AT3G23700,AT2G30620,AT2G30390,AT4G04830,AT1G51940,AT5G62360,AT4G34120,AT4G19530,AT1G04400,AT4G14960,AT5G11670,AT1G44920,AT4G24220,AT5G44680,AT4G38800,AT4G37910,AT2G42530,AT3G06483,AT1G61740,AT3G50440,AT3G43720,AT2G19750,AT4G28510,AT3G28040,AT3G04290,AT3G02230,AT5G61660,AT4G09020,AT1G75500,AT5G37600,AT5G51820,AT2G05710,AT2G25730,AT5G53880,AT1G21670,AT3G28940,AT3G13750,AT4G18970,AT3G14840,AT3G13460,AT1G04820,AT1G67280,AT3G01660	na
4	AT4G18960	AG	0	na	PWM863	CisBP	M1710_1.01	233	0.004549036552318279	0.037074647901393976	73	AT2G21660,AT3G22240,AT3G62550,AT4G32340,AT3G15840,AT3G26580,AT2G37220,AT1G06460,AT1G43670,AT1G54410,AT5G63780,AT3G14210,AT3G57520,AT2G33150,AT2G18960,AT3G16370,AT4G26670,AT3G58680,AT4G27800,AT4G34950,AT2G14170,AT5G10980,AT5G28840,AT3G48360,AT5G37260,AT1G29670,AT3G52180,AT2G40840,AT3G48990,AT5G02240,AT3G23700,AT2G30620,AT2G30390,AT4G04830,AT1G51940,AT5G62360,AT4G34120,AT4G19530,AT1G04400,AT4G14960,AT5G11670,AT1G44920,AT4G24220,AT5G44680,AT4G38800,AT4G37910,AT2G42530,AT3G06483,AT1G61740,AT3G50440,AT3G43720,AT2G19750,AT4G28510,AT3G28040,AT3G04290,AT3G02230,AT5G61660,AT4G09020,AT1G75500,AT5G37600,AT5G51820,AT2G05710,AT2G25730,AT5G53880,AT1G21670,AT3G28940,AT3G13750,AT4G18970,AT3G14840,AT3G13460,AT1G04820,AT1G67280,AT3G01660	na
4	AT1G19350	BES1	17	6	PWM1485	CisBP	M2212_1.01	221	0.004549036552318279	0.037074647901393976	73	AT2G33830,AT3G63160,AT4G21960,AT1G10760,AT2G15960,AT4G13250,AT1G20620,AT5G14920,AT4G16190,AT2G16600,AT4G04330,AT5G15960,AT1G21680,AT2G15970,AT3G10410,AT3G47860,AT3G57520,AT4G33510,AT5G23660,AT3G29320,AT2G45740,AT2G06850,AT1G54500,AT2G45470,AT4G34950,AT5G37260,AT1G35720,AT2G31400,AT4G16146,AT5G13730,AT3G48990,AT1G14345,AT4G18240,AT4G04340,AT5G14780,AT2G30390,AT1G50010,AT5G62360,AT5G54960,AT4G14960,AT2G39770,AT1G76180,AT2G42530,AT4G17560,AT2G36390,AT1G75800,AT2G22450,AT4G16370,AT3G04910,AT3G06680,AT1G48300,AT3G02230,AT4G34870,AT2G47390,AT5G61660,AT3G03150,AT1G23820,AT1G25260,AT5G51820,AT2G25730,AT5G17190,AT5G39210,AT1G21670,AT4G17140,AT1G28330,AT2G42840,AT3G02570,AT1G04820,AT2G05790,AT3G46630,AT2G37630,AT2G05990,AT5G16710	AT4G21960,AT5G13710,AT3G20820,AT1G29395,AT3G08030,AT5G43440
4	AT1G19350	BES1	17	6	PWM2149	JASPAR	MA0549.1	222	0.004549036552318279	0.037074647901393976	73	AT2G33830,AT3G63160,AT4G21960,AT1G10760,AT2G15960,AT4G13250,AT1G20620,AT5G14920,AT4G16190,AT2G16600,AT4G04330,AT5G15960,AT1G21680,AT2G15970,AT3G10410,AT3G47860,AT3G57520,AT4G33510,AT5G23660,AT3G29320,AT2G45740,AT2G06850,AT1G54500,AT2G45470,AT4G34950,AT5G37260,AT1G35720,AT2G31400,AT4G16146,AT5G13730,AT3G48990,AT1G14345,AT4G18240,AT4G04340,AT5G14780,AT2G30390,AT1G50010,AT5G62360,AT5G54960,AT4G14960,AT2G39770,AT1G76180,AT2G42530,AT4G17560,AT2G36390,AT1G75800,AT2G22450,AT4G16370,AT3G04910,AT3G06680,AT1G48300,AT3G02230,AT4G34870,AT2G47390,AT5G61660,AT3G03150,AT1G23820,AT1G25260,AT5G51820,AT2G25730,AT5G17190,AT5G39210,AT1G21670,AT4G17140,AT1G28330,AT2G42840,AT3G02570,AT1G04820,AT2G05790,AT3G46630,AT2G37630,AT2G05990,AT5G16710	AT4G21960,AT5G13710,AT3G20820,AT1G29395,AT3G08030,AT5G43440
4	AT5G61270	PIF7	22	na	PWM2901	DAP-seq	PIF7_col	224	0.004549036552318279	0.037074647901393976	73	AT5G20630,AT2G33830,AT3G63160,AT1G10760,AT2G15960,AT4G32340,AT1G20620,AT5G14920,AT4G16190,AT1G43670,AT5G15960,AT1G21680,AT3G53460,AT2G15970,AT3G10410,AT3G57520,AT3G29320,AT2G33150,AT2G45740,AT2G06850,AT4G11600,AT1G54500,AT4G19120,AT5G37260,AT1G35720,AT2G31400,AT4G16146,AT5G13730,AT4G00370,AT3G48990,AT1G14345,AT4G18240,AT4G30190,AT1G52190,AT5G14780,AT5G54960,AT3G20820,AT2G39770,AT5G11420,AT2G36390,AT1G01470,AT3G43720,AT4G16370,AT5G38510,AT3G04910,AT3G06680,AT1G48300,AT4G34870,AT1G78670,AT4G23820,AT2G47390,AT5G61660,AT5G05200,AT1G18720,AT3G03150,AT4G09020,AT1G25260,AT2G05710,AT1G04690,AT5G39210,AT1G21670,AT1G28330,AT3G56010,AT3G12120,AT5G58310,AT1G62780,AT3G02570,AT2G05790,AT5G57110,AT3G46630,AT2G37630,AT3G06980,AT5G16710	na
4	AT1G73730	AtEIL3	1	1	PWM3090	DAP-seq	EIL3_col	225	0.004549036552318279	0.037074647901393976	73	AT1G12090,AT3G17390,AT4G13250,AT1G20620,AT3G26580,AT2G29630,AT3G18080,AT4G04330,AT2G05520,AT3G14310,AT3G18780,AT1G09750,AT5G23660,AT4G04610,AT4G21990,AT2G14170,AT1G13270,AT5G28840,AT4G12320,AT3G27770,AT5G37260,AT3G07230,AT3G48740,AT5G28500,AT4G16146,AT5G02760,AT4G00370,AT5G02240,AT2G30620,AT4G04340,AT1G22530,AT4G23100,AT3G07470,AT4G04830,AT1G06760,AT1G50010,AT3G16250,AT1G17290,AT3G45780,AT5G19540,AT5G11670,AT5G11420,AT2G47510,AT4G37910,AT2G42530,AT5G27280,AT5G08280,AT4G35830,AT1G75800,AT3G50440,AT4G28510,AT5G02480,AT4G34870,AT5G05200,AT1G75500,AT1G25260,AT2G16510,AT5G51820,AT3G52500,AT2G25730,AT3G08510,AT5G53880,AT5G21090,AT4G17140,AT1G04770,AT1G45332,AT3G14840,AT3G46740,AT1G62780,AT2G25490,AT4G39080,AT2G05990,AT5G65620	AT5G49720
4	AT2G38090	AT2G38090	8	0	PWM3309	DAP-seq	AT2G38090_col	226	0.004549036552318279	0.037074647901393976	73	AT3G26740,AT2G33830,AT4G21960,AT3G15840,AT2G15890,AT1G20620,AT1G43670,AT3G18080,AT3G25760,AT5G63780,AT2G02100,AT3G10410,AT1G25275,AT1G09750,AT3G57520,AT5G19780,AT2G33150,AT1G30360,AT4G03520,AT1G71030,AT1G73655,AT5G08410,AT4G19120,AT1G07440,AT3G48360,AT5G28500,AT5G13730,AT5G02760,AT4G00370,AT3G23700,AT1G68560,AT2G30390,AT3G17930,AT5G62360,AT5G23920,AT4G34120,AT4G19530,AT4G27130,AT2G26900,AT1G53210,AT3G54090,AT5G11420,AT2G47510,AT5G27280,AT3G04550,AT3G06483,AT1G05190,AT1G61740,AT1G27450,AT3G43720,AT4G28510,AT3G28040,AT3G04910,AT1G55850,AT4G23820,AT3G22200,AT2G19540,AT4G09020,AT3G27820,AT2G05710,AT3G03920,AT5G21090,AT5G49720,AT2G34250,AT1G28330,AT1G01120,AT1G70160,AT1G62780,AT2G05790,AT1G21130,AT3G51800,AT3G06980,AT5G16710	
4	AT5G56840	AT5G56840	9	na	PWM3328	DAP-seq	AT5G56840_col	227	0.004549036552318279	0.037074647901393976	73	AT3G26740,AT2G33830,AT3G22231,AT4G21960,AT1G10760,AT1G20020,AT2G15890,AT1G20620,AT5G14920,AT1G54410,AT2G16600,AT3G18080,AT4G04330,AT3G53460,AT1G20693,AT1G09750,AT5G23660,AT3G16370,AT1G30360,AT4G03520,AT4G11600,AT1G20696,AT4G04610,AT3G55630,AT5G08410,AT2G31400,AT5G06690,AT5G13730,AT5G02760,AT4G00370,AT3G23700,AT4G04340,AT3G46010,AT3G16250,AT5G23920,AT5G53450,AT1G04400,AT4G27130,AT4G32940,AT5G19540,AT2G26900,AT1G53210,AT3G54090,AT3G46000,AT1G76180,AT2G47510,AT2G14910,AT3G06483,AT2G36390,AT1G08550,AT2G22450,AT3G43720,AT5G38510,AT4G28510,AT3G28040,AT3G04910,AT3G01310,AT1G20630,AT3G08030,AT2G16510,AT2G05710,AT3G03920,AT2G25730,AT1G58270,AT3G08510,AT5G49720,AT1G01120,AT3G14840,AT1G70160,AT3G17170,AT5G52780,AT1G21130,AT1G01320	na
4	AT5G58900	AT5G58900	10	na	PWM3330	DAP-seq	AT5G58900_col	228	0.004549036552318279	0.037074647901393976	73	AT3G26740,AT3G62550,AT4G21960,AT1G20020,AT4G32340,AT2G15890,AT1G20620,AT2G16600,AT3G18080,AT1G09750,AT2G14560,AT2G33150,AT1G30360,AT4G03520,AT3G55630,AT5G08410,AT5G28500,AT5G06690,AT5G13730,AT4G00370,AT1G68560,AT2G04700,AT5G13710,AT3G17930,AT3G46010,AT2G15090,AT3G16250,AT5G53450,AT4G34120,AT1G04400,AT4G27130,AT4G32940,AT2G26900,AT1G53210,AT3G54090,AT5G03240,AT3G46000,AT4G38800,AT2G47510,AT3G06483,AT4G35830,AT2G36390,AT1G61740,AT1G08550,AT3G50440,AT2G19750,AT4G28510,AT3G28040,AT3G04910,AT3G01310,AT1G20630,AT5G05200,AT1G18720,AT3G22200,AT2G16510,AT2G05710,AT5G67510,AT3G03920,AT2G25730,AT3G08510,AT5G49720,AT5G64350,AT1G01120,AT3G56010,AT4G18970,AT3G14840,AT3G46740,AT5G52780,AT4G39080,AT3G46630,AT1G21130,AT3G06980,AT1G01320	na
4	AT1G26960	AtHB23	4	0	PWM3573	DAP-seq	ATHB23_col	230	0.004549036552318279	0.037074647901393976	73	AT3G22231,AT4G21960,AT3G17390,ATCG00640,AT1G54410,AT3G18080,AT4G04330,AT3G45140,AT1G78020,AT2G31360,AT1G20693,AT3G18780,AT3G57520,AT2G45740,AT5G62720,AT2G06850,AT2G45470,AT5G10980,AT5G37260,AT5G44340,AT3G48740,AT5G28500,AT5G06690,AT4G16146,AT1G54100,AT4G02370,AT1G68560,AT1G70890,AT2G30620,AT4G30190,AT1G52190,AT2G30390,AT1G07050,AT1G65190,AT5G62360,AT1G74100,AT3G20820,AT2G37660,AT5G44680,AT1G76180,AT4G37910,AT5G15230,AT5G27280,AT1G29395,AT2G14910,AT3G24503,AT4G35830,AT3G50440,ATCG00490,AT5G38510,AT3G04290,AT3G04910,AT4G34870,AT5G61660,AT5G05200,AT4G34930,AT1G75500,AT5G15410,AT3G08030,AT4G39730,AT3G52500,AT5G43940,AT1G58270,AT5G53490,AT4G01610,AT4G17140,AT3G28940,AT3G12120,AT5G58310,AT1G70160,AT2G25490,AT5G57110,AT4G12280	
4	AT2G01760	ARR14	0	0	PWM816	CisBP	M1226_1.01	231	0.004549036552318279	0.037074647901393976	73	AT2G21660,AT3G17390,AT4G39260,AT4G32340,AT2G15890,AT1G43670,AT4G04330,AT5G63780,AT3G47860,AT5G19780,AT3G29320,AT1G20696,AT2G28840,AT4G21990,AT5G28840,AT4G19120,AT1G07440,AT1G66970,AT5G60360,AT1G35720,AT3G07230,AT5G28500,AT4G32060,AT1G68560,AT4G04340,AT3G20810,AT3G07470,AT4G04830,AT3G46010,AT2G24150,AT1G50010,AT1G17290,AT4G19530,AT3G45780,AT4G27130,AT4G09000,AT5G03240,AT5G24165,AT1G66410,AT3G46000,AT1G76180,AT3G06483,AT1G27450,AT3G50440,AT5G38510,AT3G04910,AT3G01310,AT1G78670,AT1G20630,AT4G20890,AT4G09020,AT2G16510,AT2G05710,AT5G67510,AT5G05170,AT5G53460,AT1G04690,AT5G21090,AT3G28940,AT1G66820,AT3G12120,AT4G24920,AT2G25490,AT4G30760,AT2G04280,AT3G13460,AT4G21620,AT5G54760,AT1G09780,AT2G05790,AT3G46630,AT3G06980,AT3G10970	
