GeneSet	Regulator	Symbol	CO	PD	PWM_num	PWM_source	PWM_name	rank	p-value	q-value	#hits	hits	PDtargets
0	AT4G11660	AT-HSFB2B	150	na	PWM3172	DAP-seq	HSF7_col	1	5.947204945398414e-34	1.0663338467099356e-30	249	AT2G26150,AT1G52560,AT3G16050,AT5G12020,AT4G25200,AT1G71000,AT1G74310,AT3G14200,AT1G53540,AT1G59860,AT2G29500,AT5G12030,AT3G46230,AT5G51440,AT2G20560,AT5G52640,AT5G62920,AT5G48570,AT2G46240,AT3G24500,AT4G27657,AT3G63350,AT1G66080,AT3G51910,AT1G72660,AT3G12580,AT3G09440,AT5G49700,AT4G12400,AT3G09350,AT1G21550,AT1G26800,AT3G17110,AT1G30070,AT5G18340,AT1G14200,AT5G25450,AT4G11660,AT1G03070,AT5G02490,AT3G08970,AT1G54050,AT5G35320,AT4G23570,AT2G32120,AT1G07350,AT2G24100,AT3G07090,AT2G47180,AT3G53230,AT1G44414,AT1G18330,AT5G09590,AT1G61340,AT3G12050,AT3G42080,AT5G05410,AT4G15660,AT4G29770,AT5G17300,AT3G25230,AT5G56030,AT2G25140,AT5G47830,AT5G23480,AT5G47160,AT5G12110,AT5G52570,AT5G22390,AT2G19310,ATMG00630,AT1G56170,AT1G73480,AT2G36030,AT5G65390,AT1G55530,AT2G36080,ATMG00160,AT2G23110,AT3G22840,AT4G23885,AT5G09930,AT2G41160,AT4G14270,AT5G53400,AT1G01940,AT3G03520,AT1G31280,AT5G58590,AT5G56010,AT4G03710,AT1G05920,AT2G21650,AT2G21940,AT4G15420,AT1G28170,AT4G09150,AT2G14300,AT3G17611,AT2G27580,AT1G15550,AT1G41797,AT2G36460,AT2G29450,AT5G62430,AT1G47780,AT5G62020,AT3G60940,AT1G66510,AT4G30490,AT1G79920,AT3G32280,AT3G57880,AT4G08190,AT4G29330,AT1G31040,AT4G29140,AT3G23990,AT4G26780,AT3G29810,AT3G15770,AT5G22060,AT2G12990,AT2G07675,AT2G15790,AT2G01029,AT4G22670,AT1G27090,AT3G07770,AT1G13080,AT1G09140,AT1G43755,ATMG00060,AT3G14620,AT1G35660,AT1G42580,AT1G31335,AT1G42410,AT3G13470,AT5G04340,AT4G10240,AT1G60340,AT2G30000,AT1G37060,AT5G58787,AT2G19320,AT2G32140,AT3G08690,AT1G33500,AT5G06820,AT3G42900,AT3G44110,AT1G62510,ATMG01360,ATMG00640,AT2G38510,AT5G11680,AT2G07550,AT2G41580,AT5G13080,AT4G25340,AT1G07410,AT3G63310,AT3G03830,AT4G04590,AT1G10230,AT1G32680,AT4G27652,AT2G35570,AT2G11060,AT4G02980,AT1G58170,AT2G07714,AT3G50560,AT1G62740,AT2G20940,ATMG00430,AT5G19015,AT3G28120,AT1G70300,AT1G33830,AT1G66380,AT1G32010,AT1G60980,AT5G66880,AT2G07736,AT4G33660,AT5G35600,AT1G19610,AT1G66090,AT2G28120,AT1G19180,AT4G13090,AT2G03360,AT1G65490,AT3G30660,AT2G25090,AT2G30480,AT1G55300,AT1G68840,AT1G33813,AT1G21910,AT4G23680,AT1G59590,AT4G09290,AT5G02500,AT5G45240,AT3G10800,AT2G42640,AT5G55970,AT5G02020,AT2G14230,AT3G45280,AT4G30230,AT3G42250,AT2G03890,AT5G35890,AT1G21120,AT2G12100,AT4G30450,AT4G12550,AT5G52020,AT5G49450,AT3G03270,AT3G18180,AT2G23970,AT1G78600,AT3G49480,AT1G14980,AT1G65980,AT1G08650,AT5G39660,AT4G36040,AT5G02430,AT2G48140,AT2G30640,AT3G44470,AT1G50220,AT4G22740,AT2G10450,AT1G11990,AT5G01820,AT5G03740,AT4G15410,AT1G10970,AT5G56570,AT1G78150,AT4G21050,AT4G07350	na
0	AT2G01818	AT2G01818	10	na	PWM3443	DAP-seq	AT2G01818_col	2	1.1756545018054899e-32	1.0539742608686217e-29	246	AT2G26150,AT1G52560,AT3G16050,AT5G12020,AT4G25200,AT1G71000,AT1G74310,AT3G14200,AT1G59860,AT2G29500,AT5G12030,AT3G46230,AT5G51440,AT2G20560,AT5G52640,AT5G62920,AT5G48570,AT2G46240,AT3G24500,AT3G63350,AT1G66080,AT3G51910,AT1G72660,AT3G12580,AT3G09440,AT4G12400,AT3G09350,AT3G20180,AT1G21550,AT1G26800,AT3G17110,AT1G30070,AT5G18340,AT3G02380,AT1G14200,AT3G12320,AT5G25450,AT4G11660,AT1G03070,AT5G02490,AT3G08970,AT1G54050,AT5G35320,AT4G23570,AT3G07150,AT2G32120,AT1G07350,AT2G24100,AT3G07090,AT2G47180,AT3G53230,AT1G18330,AT5G09590,AT1G01520,AT3G12050,AT3G42080,AT5G05410,AT4G15660,AT4G29770,AT5G17300,AT3G25230,AT5G56030,AT2G25140,AT5G47830,AT5G23480,AT5G47160,AT5G12110,AT2G14770,AT5G22390,AT2G19310,ATMG00630,AT4G15680,AT1G56170,AT1G73480,AT5G64170,AT2G36030,AT5G65390,AT1G55530,AT2G36080,ATMG00160,AT2G23110,AT5G19875,AT4G23885,AT5G09930,AT2G41160,AT4G14270,AT5G53400,AT3G03520,AT1G31280,AT5G58590,AT5G56010,AT4G03710,AT1G05920,AT2G21650,AT2G21940,AT4G15420,AT3G47420,AT1G28170,AT4G09150,AT2G14300,AT3G17611,AT2G27580,AT2G26520,AT1G41797,AT2G36460,AT2G29450,AT5G62430,AT5G62020,AT3G60940,AT1G66510,AT4G30490,AT4G19430,AT1G79920,AT3G57880,AT4G29330,AT4G29140,AT3G23990,AT4G26780,AT3G29810,AT3G15770,AT5G22060,AT2G07675,AT5G16600,AT2G15790,AT2G01029,AT4G22670,AT1G27090,AT3G07770,AT1G13080,AT1G09140,ATMG00060,AT3G14620,AT5G44120,AT1G35660,AT1G42580,AT1G31335,AT1G42410,AT3G13470,AT5G04340,AT4G10240,AT1G60340,AT3G19270,AT2G30000,AT1G37060,AT5G58787,AT2G19320,AT2G32140,AT2G05090,AT3G08690,AT1G33500,AT3G44110,AT1G62510,ATMG01360,ATMG00640,AT2G38510,AT2G07550,AT5G13080,AT4G34510,AT1G07410,AT3G63310,AT3G03830,AT4G04590,AT1G10230,AT5G59820,AT1G23570,AT1G32680,AT4G27652,AT2G35570,AT2G11060,AT4G02980,AT1G58170,AT2G07714,AT3G50560,AT1G62940,AT1G62740,AT2G20940,ATMG00430,AT5G19015,AT1G19530,AT1G70300,AT5G22530,AT1G33830,ATMG00920,AT1G32010,AT1G60980,AT5G66880,AT3G23150,AT4G33660,AT5G35600,AT1G66090,AT2G28120,AT4G13090,AT2G03360,AT5G37030,AT2G31080,AT3G30660,AT2G25090,AT2G30480,AT1G55300,AT1G68840,AT1G21910,AT4G23680,AT1G59590,AT4G09290,AT5G57660,AT5G02500,AT3G07350,AT5G45240,AT3G10800,AT2G42640,AT5G55970,AT5G02020,AT2G14230,AT3G45280,AT4G30230,AT5G22410,AT3G42250,AT2G03890,AT1G21120,AT4G12550,AT5G52020,AT1G64200,AT1G78600,AT3G49480,AT5G18160,AT1G14980,AT1G65980,AT1G08650,AT1G23580,AT5G39660,AT4G36040,AT5G02430,AT2G48140,AT1G73260,AT2G30640,AT3G44470,AT1G50220,AT4G22740,AT2G10450,AT1G11990,AT5G03740,AT4G15410,AT1G10970,AT5G56570,AT1G78150,AT4G07350	na
0	AT3G02990	ATHSFA1E	52	0	PWM3174	DAP-seq	HSFA1E_col	3	2.2057633400218013e-31	1.3183112228863633e-28	243	AT2G26150,AT1G52560,AT3G16050,AT5G12020,AT4G25200,AT1G71000,AT1G74310,AT3G14200,AT1G53540,AT1G59860,AT2G29500,AT5G12030,AT3G46230,AT5G51440,AT2G20560,AT5G52640,AT5G62920,AT5G48570,AT2G46240,AT3G24500,AT4G27657,AT3G63350,AT1G66080,AT3G51910,AT1G72660,AT3G12580,AT3G09440,AT5G49700,AT4G12400,AT3G20180,AT1G26800,AT3G17110,AT5G18340,AT3G02380,AT1G14200,AT3G12320,AT5G25450,AT4G11660,AT1G03070,AT5G02490,AT3G08970,AT1G54050,AT4G23570,AT3G07150,AT5G13170,AT2G32120,AT1G07350,AT2G47180,AT3G53230,AT1G18330,AT5G09590,AT3G12050,AT3G42080,AT5G05410,AT4G15660,AT4G29770,AT5G17300,AT3G25230,AT5G56030,AT2G25140,AT5G47830,AT4G03810,AT5G23480,AT5G47160,AT5G12110,AT5G22390,AT2G19310,ATMG00630,AT4G15680,AT1G56170,AT5G64170,AT2G36030,AT5G65390,AT1G55530,AT1G07500,AT2G36080,AT5G19875,AT4G23885,AT5G09930,AT2G41160,AT4G14270,AT5G53400,AT4G17250,AT3G03520,AT1G31280,AT4G12410,AT2G45500,AT5G58590,AT5G56010,AT4G03710,AT3G28270,AT1G05920,AT2G21650,AT2G21940,AT4G15420,AT3G47420,AT1G28170,AT4G09150,AT3G17611,AT2G27580,AT2G26520,AT2G36460,AT2G29450,AT5G62430,AT1G47780,AT5G62020,AT1G66510,AT4G30490,AT1G79920,AT3G57880,ATMG00940,AT4G29330,AT2G33590,AT4G29140,AT3G23990,AT4G26780,AT3G29810,AT3G15770,AT5G22060,AT2G15790,AT4G22670,AT1G27090,AT3G07770,AT1G13080,AT1G09140,ATMG00060,AT3G14620,AT5G44120,AT1G35660,AT1G42580,AT1G31335,AT1G42410,AT3G13470,AT5G04340,AT2G36050,AT4G10240,AT1G60340,AT2G30000,AT1G37060,AT2G19320,AT2G32140,AT2G05090,AT3G08690,AT1G33500,AT3G42900,AT3G44110,AT1G62510,ATMG01360,AT5G59080,AT3G59060,AT2G38510,AT3G13310,AT2G07550,AT5G13080,AT4G34510,AT1G07410,AT3G63310,AT3G03830,AT3G09020,AT1G32090,AT4G04590,AT1G10230,AT1G32680,AT4G27652,AT1G13130,AT2G35570,AT2G11060,AT2G06020,AT4G02980,AT2G07714,AT3G50560,AT5G43620,AT1G62940,AT1G62740,AT2G20940,AT5G19015,AT1G19530,AT1G70300,AT5G22530,AT1G33830,ATMG00920,AT1G66380,AT1G60980,AT5G66880,AT2G07736,AT4G33660,AT5G35600,AT1G19610,AT1G66090,AT2G28120,AT1G19180,AT2G03360,AT1G65490,AT5G37030,AT2G25090,AT2G30480,AT1G55300,AT1G21910,AT4G23680,AT4G09290,AT5G57660,AT3G28740,AT5G45240,AT3G10800,AT2G42640,AT5G55970,AT2G14230,AT3G45280,AT4G30230,AT5G22410,AT3G42250,AT2G03890,AT1G21120,AT4G30450,AT4G12550,AT5G52020,AT3G03270,AT2G23970,AT1G78600,AT3G49480,AT5G58110,AT1G14980,AT1G65980,AT1G08650,AT5G02430,AT2G48140,AT5G67030,AT1G73260,AT2G30640,AT3G44470,AT1G50220,AT4G22740,AT2G10450,AT1G11990,AT5G01820,AT5G03740,AT4G15410,AT1G10970,AT5G56570,AT1G78150,AT4G04270,AT3G06660,AT4G07350	
0	AT1G23810	AT1G23810	23	na	PWM3440	DAP-seq	AT1G23810_col	4	2.2057633400218013e-31	1.3183112228863633e-28	243	AT2G26150,AT1G52560,AT3G16050,AT5G12020,AT4G25200,AT1G71000,AT1G74310,AT3G14200,AT1G53540,AT1G59860,AT2G29500,AT5G12030,AT3G46230,AT5G51440,AT2G20560,AT5G52640,AT5G62920,AT5G48570,AT2G46240,AT3G24500,AT3G63350,AT1G66080,AT3G51910,AT1G72660,AT3G12580,AT3G09440,AT5G49700,AT4G12400,AT3G09350,AT1G21550,AT1G26800,AT3G17110,AT5G18340,AT3G02380,AT1G14200,AT5G25450,AT4G11660,AT1G03070,AT5G02490,AT3G08970,AT1G54050,AT5G35320,AT4G23570,AT3G07150,AT2G32120,AT1G07350,AT2G24100,AT3G07090,AT2G47180,AT3G53230,AT1G18330,AT5G09590,AT1G61340,AT3G12050,AT3G42080,AT5G05410,AT4G29770,AT5G17300,AT3G25230,AT5G56030,AT2G25140,AT5G47830,AT4G03810,AT5G23480,AT5G47160,AT5G12110,AT2G14770,AT5G52570,AT5G22390,AT2G19310,ATMG00630,AT4G15680,AT1G56170,AT1G73480,AT5G64170,AT2G36030,AT5G65390,AT1G55530,AT1G07500,AT2G36080,ATMG00160,AT2G23110,AT5G19875,AT4G23885,AT5G09930,AT2G41160,AT4G14270,AT5G53400,AT3G03520,AT1G31280,AT5G58590,AT5G56010,AT4G03710,AT1G05920,AT2G21650,AT2G21940,AT4G15420,AT1G28170,AT4G09150,AT2G14300,AT3G17611,AT2G27580,AT1G15550,AT1G41797,AT2G36460,AT2G29450,AT5G62430,AT1G47780,AT5G62020,AT1G66510,AT4G30490,AT1G79920,AT3G57880,AT4G29330,AT1G31040,AT4G29140,AT3G23990,AT4G26780,AT3G29810,AT5G22060,AT2G12990,AT2G15790,AT2G01029,AT4G22670,AT1G27090,AT3G07770,AT1G13080,AT1G09140,AT1G43755,ATMG00060,AT3G14620,AT5G44120,AT1G35660,AT1G42580,AT1G31335,AT1G42410,AT3G13470,AT5G04340,AT4G10240,AT1G60340,AT2G30000,AT1G37060,AT2G19320,AT2G32140,AT3G08690,AT1G33500,AT5G06820,AT3G44110,AT1G62510,ATMG01360,AT3G59060,AT2G38510,AT3G13310,AT2G07550,AT2G41580,AT5G13080,AT4G34510,AT4G25340,AT1G07410,AT3G03830,AT4G04590,AT1G10230,AT5G59820,AT1G32680,AT4G27652,AT2G35570,AT2G11060,AT4G02980,AT1G58170,AT3G50560,AT1G62940,AT2G30600,AT2G20940,ATMG00430,AT5G19015,AT3G28120,AT1G70300,AT5G22530,AT1G33830,AT1G66380,AT1G32010,AT1G60980,AT5G66880,AT2G19580,AT5G36910,AT4G33660,AT5G35600,AT1G66090,AT2G28120,AT2G03360,AT1G65490,AT5G37030,AT1G50720,AT3G30660,AT2G25090,AT2G30480,AT1G55300,AT1G68840,AT1G35490,AT1G21910,AT4G23680,AT1G59590,AT4G09290,AT5G02500,AT5G45240,AT3G10800,AT2G42640,AT5G55970,AT5G02020,AT2G14230,AT3G45280,AT4G30230,AT5G22410,AT2G03890,AT1G21120,AT4G12550,AT5G52020,AT5G49450,AT3G03270,AT2G23970,AT1G78600,AT2G31210,AT3G49480,AT1G14980,AT1G65980,AT1G08650,AT5G39660,AT2G37170,AT4G36040,AT5G02430,AT2G48140,AT1G73260,AT3G44470,AT1G50220,AT4G22740,AT1G11990,AT5G01820,AT5G03740,AT4G15410,AT1G10970,AT5G56570,AT1G78150,AT4G07350	na
0	AT3G22830	AT-HSFA6B	6	na	PWM3178	DAP-seq	HSFA6B_col	5	6.628510652511004e-29	2.376983919990446e-26	237	AT2G26150,AT1G52560,AT3G16050,AT5G12020,AT4G25200,AT1G71000,AT1G74310,AT3G14200,AT1G59860,AT2G29500,AT5G12030,AT3G46230,AT5G51440,AT2G20560,AT5G52640,AT5G48570,AT2G46240,AT3G24500,AT3G63350,AT1G66080,AT5G37670,AT3G51910,AT1G72660,AT3G12580,AT3G09440,AT5G49700,AT4G12400,AT3G09350,AT1G21550,AT1G26800,AT3G17110,AT1G30070,AT5G18340,AT1G14200,AT3G12320,AT5G25450,AT4G11660,AT1G03070,AT5G02490,AT3G08970,AT1G54050,AT5G35320,AT4G23570,AT3G07150,AT2G32120,AT1G07350,AT3G07090,AT3G10020,AT2G47180,AT3G53230,AT1G18330,AT5G09590,AT1G61340,AT3G12050,AT3G42080,AT5G05410,AT4G15660,AT4G29770,AT5G17300,AT3G25230,AT5G56030,AT2G25140,AT5G47830,AT5G23480,AT5G47160,AT5G12110,AT2G14770,AT5G52570,AT5G22390,AT2G19310,ATMG00630,AT4G15680,AT1G56170,AT1G10050,AT1G73480,AT2G36030,AT5G65390,AT1G55530,AT2G36080,ATMG00160,AT2G23110,AT2G14510,AT4G23885,AT5G09930,AT2G41160,AT4G14270,AT5G53400,AT3G03520,AT1G31280,AT5G58590,AT5G56010,AT4G03710,AT1G05920,AT2G21650,AT2G21940,AT4G15420,AT3G47420,AT1G28170,AT4G09150,AT2G14300,AT5G15250,AT2G27580,AT1G41797,AT2G36460,AT2G29450,AT5G62430,AT1G47780,AT5G62020,AT1G66510,AT4G30490,AT1G79920,AT3G32280,AT3G46370,AT3G57880,AT4G08190,AT4G29330,AT4G29140,AT3G23990,AT4G26780,AT1G02700,AT3G29810,AT3G15770,AT5G22060,AT2G07675,AT5G16600,AT2G01029,AT4G22670,AT1G27090,AT3G07770,AT1G13080,AT1G09140,AT3G14620,AT1G35660,AT1G42580,AT1G31335,AT1G42410,AT3G13470,AT5G04340,AT1G42710,AT4G10240,AT1G60340,AT3G19270,AT2G30000,AT1G37060,AT5G58787,AT2G32140,AT3G08690,AT5G06820,AT5G45630,AT3G44110,AT1G62510,ATMG01360,ATMG00640,AT2G38510,AT2G07550,AT5G13080,AT4G34510,AT4G25340,AT1G07410,AT3G63310,AT3G03830,AT4G04590,AT1G10230,AT1G32680,AT4G27652,AT2G35570,AT2G11060,AT4G02980,AT1G58170,AT2G04038,AT2G07714,AT3G50560,AT2G20940,AT5G19015,AT1G70300,AT5G22530,AT1G33830,ATMG00920,AT1G32010,AT1G60980,AT5G66880,AT3G23150,AT4G33660,AT5G35600,AT1G66090,AT2G28120,AT4G13090,AT2G03360,AT3G30660,AT2G25090,AT2G30480,AT1G55300,AT1G68840,AT1G21910,AT4G23680,AT1G59590,AT2G06150,AT4G09290,AT5G02500,AT5G45240,AT3G10800,AT5G55970,AT5G02020,AT2G14230,AT3G45280,AT4G30230,AT5G22410,AT3G42250,AT2G03890,AT1G21120,AT2G12100,AT5G52020,AT5G49450,AT3G18180,AT1G64200,AT1G78600,AT3G49480,AT1G14980,AT1G65980,AT1G08650,AT5G39660,AT5G02430,AT2G48140,AT3G44470,AT1G50220,AT4G22740,AT2G10450,AT5G01820,AT5G03740,AT2G23210,AT4G15410,AT1G10970,AT5G56570,AT1G78150,AT4G21050,AT1G75180,AT4G07350	na
0	AT3G09735	AT3G09735	0	na	PWM3452	DAP-seq	AT3G09735_col	6	4.234802530224034e-28	1.2655001561152823e-25	235	AT2G26150,AT1G52560,AT3G16050,AT5G12020,AT4G25200,AT1G71000,AT1G74310,AT3G14200,AT1G59860,AT2G29500,AT5G12030,AT3G46230,AT5G51440,AT2G20560,AT5G52640,AT5G62920,AT5G48570,AT2G46240,AT3G24500,AT3G63350,AT1G66080,AT3G51910,AT1G72660,AT3G12580,AT3G09440,AT4G12400,AT3G09350,AT1G21550,AT1G26800,AT3G17110,AT1G30070,AT5G18340,AT3G02380,AT1G14200,AT3G12320,AT5G25450,AT4G11660,AT1G03070,AT5G02490,AT3G08970,AT1G54050,AT4G23570,AT3G07150,AT2G32120,AT1G07350,AT2G24100,AT3G07090,AT2G47180,AT3G53230,AT1G18330,AT5G09590,AT3G12050,AT3G42080,AT5G05410,AT4G15660,AT4G29770,AT5G17300,AT3G25230,AT5G56030,AT2G25140,AT5G47830,AT4G03810,AT5G23480,AT5G47160,AT5G12110,AT2G14770,AT5G22390,AT2G19310,ATMG00630,AT4G15680,AT1G56170,AT1G73480,AT2G36030,AT5G65390,AT1G55530,AT2G36080,ATMG00160,AT2G23110,AT4G23885,AT5G09930,AT2G41160,AT4G14270,AT5G53400,AT3G03520,AT1G31280,AT5G58590,AT5G56010,AT4G03710,AT3G28270,AT1G05920,AT2G21650,AT2G21940,AT4G15420,AT3G47420,AT1G28170,AT4G09150,AT2G14300,AT3G17611,AT2G27580,AT1G41797,AT2G36460,AT2G29450,AT5G62430,AT5G62020,AT3G60940,AT1G66510,AT4G30490,AT1G79920,AT3G57880,AT4G29330,AT1G31040,AT4G29140,AT3G23990,AT4G26780,AT3G29810,AT3G15770,AT5G22060,AT2G07675,AT5G16600,AT2G15790,AT2G01029,AT4G22670,AT1G27090,AT3G07770,AT1G13080,AT1G09140,ATMG00060,AT3G14620,AT1G35660,AT1G42580,AT1G31335,AT1G42410,AT3G13470,AT5G04340,AT4G10240,AT1G60340,AT3G19270,AT2G30000,AT1G37060,AT5G58787,AT2G19320,AT2G32140,AT2G05090,AT3G08690,AT1G33500,AT3G44110,AT1G62510,ATMG01360,AT3G59060,ATMG00640,AT2G38510,AT2G07550,AT5G13080,AT4G34510,AT1G07410,AT3G63310,AT3G03830,AT4G04590,AT1G10230,AT1G32680,AT4G27652,AT2G35570,AT2G11060,AT4G02980,AT1G58170,AT2G07714,AT3G50560,AT1G62940,AT2G20940,AT5G19015,AT1G19530,AT1G70300,AT5G22530,AT1G33830,ATMG00920,AT1G32010,AT1G60980,AT5G66880,AT3G23150,AT4G33660,AT5G35600,AT1G19610,AT1G66090,AT2G28120,AT4G13090,AT2G03360,AT5G37030,AT3G30660,AT2G25090,AT2G30480,AT1G55300,AT1G68840,AT1G21910,AT4G23680,AT1G59590,AT4G09290,AT5G57660,AT5G02500,AT5G45240,AT3G10800,AT5G55970,AT5G02020,AT2G14230,AT3G45280,AT4G30230,AT5G22410,AT3G42250,AT2G03890,AT1G21120,AT4G12550,AT5G52020,AT1G64200,AT1G78600,AT3G49480,AT5G58110,AT1G14980,AT1G65980,AT1G08650,AT5G39660,AT4G36040,AT5G02430,AT2G48140,AT1G73260,AT2G30640,AT3G44470,AT1G50220,AT4G22740,AT2G10450,AT1G11990,AT5G03740,AT4G15410,AT1G10970,AT5G56570,AT1G78150,AT4G07350	na
0	AT5G16820	ATHSF3	2	na	PWM3170	DAP-seq	HSF3_col	7	6.539337310734829e-27	1.675004542592507e-24	232	AT2G26150,AT1G52560,AT3G16050,AT5G12020,AT3G09640,AT4G25200,AT1G71000,AT1G74310,AT3G14200,AT1G53540,AT1G59860,AT2G29500,AT5G12030,AT3G46230,AT5G51440,AT2G20560,AT5G52640,AT5G62920,AT5G48570,AT2G46240,AT3G24500,AT4G27657,AT3G63350,AT1G66080,AT3G51910,AT1G72660,AT3G12580,AT3G09440,AT5G49700,AT4G12400,AT3G09350,AT1G21550,AT1G26800,AT3G17110,AT5G18340,AT1G14200,AT5G25450,AT4G11660,AT1G03070,AT5G02490,AT3G08970,AT1G54050,AT4G23570,AT3G07150,AT2G32120,AT1G07350,AT1G32900,AT3G10020,AT2G47180,AT3G53230,AT1G18330,AT5G09590,AT3G12050,AT3G42080,AT5G05410,AT4G15660,AT4G29770,AT3G25230,AT5G56030,AT2G25140,AT5G47830,AT5G23480,AT5G47160,AT5G12110,AT2G14770,AT5G52570,AT5G22390,ATMG00630,AT4G15680,AT1G56170,AT2G36030,AT5G65390,AT1G55530,AT2G36080,ATMG00160,AT2G23110,AT4G23885,AT5G09930,AT2G41160,AT4G14270,AT5G53400,AT4G17250,AT3G03520,AT1G31280,AT4G12410,AT2G45500,AT5G58590,AT5G56010,AT4G03710,AT1G05920,AT2G21650,AT2G21940,AT4G15420,AT1G28170,AT4G09150,AT5G15250,AT2G27580,AT2G36460,AT2G29450,AT5G62430,AT5G62020,AT1G36030,AT1G66510,AT4G30490,AT1G79920,AT3G46370,AT3G57880,ATMG00940,AT4G08190,AT4G29330,AT2G33590,AT4G29140,AT3G23990,AT4G26780,AT1G02700,AT3G29810,AT3G15770,AT5G22060,AT5G35280,AT2G15790,AT2G01029,AT4G22670,AT1G27090,AT3G07770,AT1G13080,AT3G14620,AT1G35660,AT1G31335,AT1G42410,AT3G13470,AT5G04340,AT3G43160,AT4G10240,AT1G60340,AT2G30000,AT1G37060,AT5G58787,AT2G32140,AT2G05090,AT3G08690,AT1G33500,AT5G03680,AT3G42900,AT3G44110,AT1G62510,ATMG01360,AT2G38510,AT5G13080,AT4G34510,AT1G07410,AT3G63310,AT3G03830,AT3G09020,AT4G04590,AT1G10230,AT5G59820,AT1G32680,AT4G27652,AT1G13130,AT2G35570,AT2G11060,AT2G06020,AT4G02980,AT2G07714,AT3G50560,AT1G62940,AT1G62740,AT2G20940,AT5G19015,AT5G02810,AT1G70300,AT5G22530,ATMG00920,AT1G33960,AT1G60980,AT5G66880,AT3G23150,AT4G33660,AT5G35600,AT1G66090,AT4G36490,AT2G28120,AT2G03360,AT1G65490,AT5G15450,AT5G37030,AT2G25090,AT2G30480,AT1G55300,AT1G21910,AT4G23680,AT4G09290,AT5G57660,AT5G02500,AT5G45240,AT5G55970,AT2G14230,AT3G45280,AT4G30230,AT5G22410,AT3G42250,AT2G03890,AT1G21120,AT4G30450,AT1G49560,AT1G35910,AT5G52020,AT3G03270,AT2G23970,AT3G49480,AT5G58110,AT1G14980,AT1G65980,AT1G08650,AT5G39660,AT5G44640,AT5G02430,AT2G48140,AT2G30640,AT3G44470,AT1G50220,AT4G22740,AT2G10450,AT1G11990,AT5G03740,AT2G23210,AT4G15410,AT1G10970,AT5G56570,AT2G16620,AT1G78150,AT4G07350	na
0	AT1G10720	AT1G10720	0	na	PWM2902	DAP-seq	AT1G10720_col	8	3.9352720969703315e-26	8.819928587334755e-24	230	AT2G26150,AT1G52560,AT3G16050,AT5G12020,AT4G25200,AT1G71000,AT1G74310,AT3G14200,AT1G53540,AT2G29500,AT3G46230,AT5G51440,AT2G20560,AT5G52640,AT5G62920,AT5G48570,AT2G46240,AT3G24500,AT3G63350,AT1G66080,AT3G51910,AT1G72660,AT3G09440,AT5G49700,AT3G09350,AT1G21550,AT1G26800,AT3G17110,AT1G30070,AT5G18340,AT3G02380,AT1G14200,AT5G25450,AT4G11660,AT1G03070,AT5G02490,AT1G54050,AT5G35320,AT4G23570,AT5G13170,AT2G32120,AT1G07350,AT2G24100,AT3G07090,AT3G53230,AT1G18330,AT5G09590,AT3G12050,AT3G42080,AT5G05410,AT4G15660,AT4G29770,AT5G17300,AT3G25230,AT5G56030,AT2G25140,AT5G47830,AT4G03810,AT5G23480,AT5G47160,AT5G12110,AT5G22390,AT2G19310,ATMG00630,AT4G15680,AT1G56170,AT1G73480,AT5G64170,AT2G36030,AT5G65390,AT1G55530,AT2G36080,ATMG00160,AT2G23110,AT5G19875,AT5G09930,AT2G41160,AT4G14270,AT5G53400,AT3G03520,AT1G31280,AT4G12410,AT5G58590,AT5G56010,AT3G28270,AT1G05920,AT2G21650,AT2G21940,AT4G15420,AT3G47420,AT1G28170,AT4G09150,AT2G14300,AT3G17611,AT2G27580,AT1G41797,AT2G36460,AT2G29450,AT5G62430,AT1G47780,AT5G62020,AT3G60940,AT1G66510,AT4G30490,AT1G79920,AT3G57880,AT4G29330,AT1G31040,AT4G29140,AT3G23990,AT4G26780,AT5G22060,AT2G07675,AT2G15790,AT2G01029,AT4G22670,AT1G27090,AT3G07770,AT5G28160,AT1G13080,AT1G09140,AT1G43755,ATMG00060,AT4G38680,AT3G14620,AT1G35660,AT1G42580,AT1G31335,AT1G42410,AT3G13470,AT5G04340,AT4G10240,AT1G60340,AT2G30000,AT1G37060,AT2G19320,AT2G32140,AT3G08690,AT1G33500,AT3G44110,AT1G62510,AT3G59060,AT2G38510,AT3G13310,AT5G13080,AT2G44840,AT1G07410,AT3G03830,AT3G09020,AT4G04590,AT1G10230,AT1G32680,AT4G27652,AT2G35570,AT2G11060,AT4G02980,AT1G58170,AT3G23230,AT5G24550,AT3G50560,AT1G62940,AT2G20940,ATMG00430,AT5G19015,AT1G19530,AT1G70300,AT5G22530,AT1G33830,ATMG00920,AT1G60980,AT5G66880,AT2G07736,AT4G33660,AT5G35600,AT1G19610,AT1G66090,AT2G28120,AT4G13090,AT2G03360,AT1G65490,AT5G37030,AT3G30660,AT2G25090,AT2G30480,AT1G55300,AT1G68840,AT4G23680,AT1G59590,AT4G09290,AT4G28085,AT5G45240,AT2G42640,AT5G55970,AT5G02020,AT2G14230,AT3G45280,AT4G30230,AT5G22410,AT3G42250,AT2G03890,AT3G52400,AT1G21120,AT4G12550,AT5G52020,AT5G49450,AT3G03270,AT2G23970,AT1G64200,AT1G78600,AT2G31210,AT3G49480,AT1G14980,AT1G65980,AT1G08650,AT2G37170,AT3G47740,AT4G36040,AT5G02430,AT2G48140,AT1G73260,AT3G44470,AT1G50220,AT4G22740,AT1G11990,AT5G03740,AT4G15410,AT1G10970,AT5G56570,AT1G78150,AT4G07350	na
0	AT2G15660	AGL95	40	na	PWM3433	DAP-seq	AGL95_col	9	9.566819915350385e-26	1.9059231231359156e-23	229	AT2G26150,AT1G52560,AT3G16050,AT5G12020,AT4G25200,AT1G71000,AT1G74310,AT3G14200,AT1G53540,AT1G59860,AT2G29500,AT5G12030,AT3G46230,AT5G51440,AT2G20560,AT5G52640,AT5G62920,AT5G48570,AT2G46240,AT3G24500,AT3G63350,AT1G66080,AT5G37670,AT3G51910,AT1G72660,AT4G23493,AT3G12580,AT3G09440,AT5G49700,AT4G12400,AT3G09350,AT1G21550,AT1G26800,AT3G17110,AT1G30070,AT5G18340,AT3G02380,AT1G14200,AT5G25450,AT4G11660,AT1G03070,AT5G02490,AT3G08970,AT1G54050,AT4G23570,AT3G07150,AT2G32120,AT1G07350,AT3G07090,AT3G10020,AT2G47180,AT3G53230,AT1G18330,AT5G09590,AT3G12050,AT3G42080,AT5G05410,AT4G15660,AT4G29770,AT5G17300,AT3G25230,AT5G56030,AT2G25140,AT5G47830,AT5G23480,AT5G12110,AT2G14770,AT5G22390,ATMG00630,AT4G15680,AT1G56170,AT1G10050,AT4G08300,AT2G36030,AT5G65390,AT1G55530,AT1G07500,ATMG00160,AT2G23110,AT5G09930,AT2G41160,AT4G14270,AT5G53400,AT3G03520,AT1G31280,AT5G58590,AT5G56010,AT4G03710,AT1G05920,AT2G21650,AT2G21940,AT3G47420,AT1G28170,AT4G09150,AT2G14300,AT5G15250,AT2G27580,AT2G36460,AT2G29450,AT5G62430,AT5G62020,AT1G66510,AT4G30490,AT1G79920,AT3G46370,AT3G57880,AT4G08190,AT4G29330,AT1G31040,AT4G29140,AT3G23990,AT4G26780,AT3G29810,AT5G22060,AT2G12990,AT5G16600,AT2G15790,AT2G01029,AT4G22670,AT1G27090,AT3G07770,AT1G13080,AT1G09140,AT3G14620,AT1G35660,AT1G42580,AT1G31335,AT1G42410,AT3G13470,AT5G04340,AT4G10240,AT1G60340,AT3G19270,AT2G30000,AT1G37060,AT5G58787,AT2G32140,AT3G08690,AT1G33500,AT5G06820,AT3G44110,AT1G62510,ATMG01360,AT3G59060,AT2G38510,AT2G07550,AT5G13080,AT4G34510,AT1G07410,AT3G03830,AT4G04590,AT1G10230,AT5G59820,AT1G32680,AT4G27652,AT1G13130,AT2G35570,AT5G01380,AT2G11060,AT4G02980,AT1G58170,AT2G04038,AT3G50560,AT1G62740,AT2G20940,AT5G19015,AT5G02810,AT1G70300,AT5G22530,AT1G33830,ATMG00920,AT1G60980,AT5G66880,AT3G23150,AT4G33660,AT5G35600,AT1G66090,AT2G28120,AT4G13090,AT2G03360,ATMG01130,AT1G65490,AT5G37030,AT3G30660,AT2G25090,AT2G30480,AT1G55300,AT1G68840,AT2G30220,AT1G21910,AT4G23680,AT1G59590,AT2G06150,AT4G09290,AT5G45240,AT3G10800,AT2G42640,AT5G55970,AT5G02020,AT2G14230,AT3G45280,AT5G22410,AT3G42250,AT2G03890,AT1G49560,AT4G12550,AT5G52020,AT5G49450,AT3G03270,AT1G64200,AT1G78600,AT3G49480,AT1G14980,AT1G65980,AT1G08650,AT4G36040,AT5G02430,AT2G48140,AT3G44470,AT1G50220,AT4G22740,AT2G10450,AT1G11990,AT5G03740,AT2G23210,AT4G15410,AT1G10970,AT1G78150,AT4G07350	na
0	AT1G46264	AT-HSFB4	3	na	PWM3182	DAP-seq	HSFB4_col	10	1.3254221136045613e-24	2.3764818496929785e-22	226	AT2G26150,AT1G52560,AT3G16050,AT5G12020,AT4G25200,AT1G71000,AT1G74310,AT3G14200,AT1G53540,AT1G59860,AT2G29500,AT3G46230,AT5G51440,AT2G20560,AT5G52640,AT5G48570,AT2G46240,AT3G24500,AT3G63350,AT1G66080,AT3G51910,AT3G12580,AT3G09440,AT4G12400,AT3G09350,AT1G21550,AT1G26800,AT3G17110,AT1G30070,AT5G18340,AT1G14200,AT5G25450,AT4G11660,AT1G03070,AT5G02490,AT3G08970,AT1G54050,AT5G35320,AT4G23570,AT2G32120,AT1G07350,AT2G24100,AT3G07090,AT3G10020,AT2G47180,AT3G53230,AT1G44414,AT1G18330,AT5G09590,AT1G61340,AT3G12050,AT3G42080,AT5G05410,AT4G29770,AT5G17300,AT3G25230,AT5G56030,AT2G25140,AT5G47830,AT5G23480,AT5G47160,AT5G12110,AT2G14770,AT5G52570,AT5G22390,AT2G19310,AT1G56170,AT2G36030,AT5G65390,AT1G55530,ATMG00160,AT2G23110,AT3G22840,AT4G23885,AT5G09930,AT2G41160,AT4G14270,AT5G53400,AT3G03520,AT1G31280,AT5G58590,AT5G56010,AT4G03710,AT1G05920,AT2G21650,AT2G21940,AT3G47420,AT1G28170,AT4G09150,AT2G14300,AT2G27580,AT1G15550,AT1G41797,AT2G36460,AT2G29450,AT5G62430,AT5G62020,AT1G66510,AT4G30490,AT1G79920,AT3G57880,AT4G08190,AT4G29330,AT1G31040,AT4G29140,AT3G23990,AT4G26780,AT1G64780,AT3G29810,AT5G22060,AT2G12990,AT5G16600,AT2G01029,AT4G22670,AT1G27090,AT3G07770,AT1G13080,AT1G09140,AT1G35660,AT1G42580,AT1G31335,AT1G42410,AT3G13470,AT5G04340,AT1G42710,AT4G10240,AT3G19270,AT2G30000,AT1G37060,AT5G58787,AT2G19320,AT2G32140,AT3G08690,AT1G33500,AT5G06820,AT3G44110,AT1G62510,ATMG01360,AT2G38510,AT5G13080,AT4G34510,AT1G07410,AT3G03830,AT4G04590,AT1G10230,AT1G32680,AT4G27652,AT2G35570,AT5G01380,AT2G11060,AT4G02980,AT1G58170,AT2G04038,AT3G50560,AT1G62740,AT2G20940,ATMG00430,AT5G19015,AT5G02810,AT1G70300,AT1G33830,ATMG00920,AT1G66380,AT1G32010,AT5G66880,AT3G23150,AT2G04670,AT4G33660,AT1G35140,AT5G35600,AT1G66090,AT2G28120,AT1G19180,AT4G13090,AT2G03360,ATMG01130,AT3G47050,AT5G37030,AT3G30660,AT2G25090,AT2G30480,AT1G55300,AT1G68840,AT1G35490,AT1G21910,AT4G23680,AT1G59590,AT2G06150,AT4G09290,AT5G45240,AT3G10800,AT2G42640,AT5G55970,AT5G02020,AT2G14230,AT3G45280,AT2G33735,AT2G03890,AT2G12100,AT3G28190,AT4G12550,AT5G52020,AT5G49450,AT3G03270,AT1G78600,AT3G49480,AT5G18160,AT1G14980,AT1G65980,AT1G08650,AT5G66815,AT4G36040,AT5G02430,AT2G48140,AT2G30640,AT3G44470,AT1G33820,AT1G50220,AT4G22740,AT1G11990,AT5G03740,AT2G23210,AT4G15410,AT1G10970,AT1G78150,AT4G07350	na
0	AT5G43840	AT-HSFA6A	5	19	PWM3176	DAP-seq	HSFA6A_col	11	4.0491472033957646e-23	6.600109941535096e-21	222	AT2G26150,AT1G52560,AT3G16050,AT5G12020,AT3G09640,AT4G25200,AT1G71000,AT3G14200,AT1G59860,AT2G29500,AT5G12030,AT3G46230,AT5G51440,AT2G20560,AT5G52640,AT5G48570,AT2G46240,AT3G24500,AT3G63350,AT1G66080,AT3G51910,AT1G72660,AT3G12580,AT3G09440,AT5G49700,AT4G12400,AT3G09350,AT1G21550,AT1G26800,AT3G17110,AT5G18340,AT3G02380,AT1G14200,AT5G25450,AT2G32690,AT4G11660,AT1G03070,AT5G02490,AT3G08970,AT1G54050,AT4G23570,AT2G32120,AT1G07350,AT2G24100,AT3G07090,AT3G10020,AT2G47180,AT3G53230,AT1G18330,AT5G09590,AT3G12050,AT3G42080,AT5G05410,AT4G15660,AT4G29770,AT5G17300,AT3G25230,AT5G56030,AT2G25140,AT5G47830,AT4G03810,AT5G23480,AT5G47160,AT5G12110,AT2G14770,AT5G52570,AT5G22390,ATMG00630,AT4G15680,AT1G56170,AT1G10050,AT1G73480,AT2G36030,AT5G65390,AT1G55530,AT2G36080,ATMG00160,AT4G23885,AT2G41160,AT4G14270,AT5G53400,AT3G03520,AT1G31280,AT4G12410,AT5G58590,AT5G56010,AT4G03710,AT1G05920,AT2G21650,AT2G21940,AT4G15420,AT1G28170,AT4G09150,AT3G17611,AT2G27580,AT1G41797,AT2G36460,AT2G29450,AT5G62430,AT5G62020,AT4G30490,AT1G79920,AT3G32280,AT3G57880,AT4G08190,AT4G29330,AT3G23990,AT4G26780,AT3G29810,AT3G15770,AT5G22060,AT2G07675,AT1G13700,AT2G15790,AT2G01029,AT4G22670,AT1G27090,AT3G07770,AT1G13080,AT1G43755,ATMG00060,AT3G14620,AT1G35660,AT1G42580,AT1G31335,AT1G42410,AT3G13470,AT5G04340,AT4G10240,AT1G60340,AT3G19270,AT2G30000,AT1G37060,AT2G41260,AT2G32140,AT3G08690,AT5G06820,AT3G44110,AT1G62510,AT2G38510,AT2G41580,AT5G13080,AT4G34510,AT4G25340,AT1G07410,AT3G03830,AT4G04590,AT1G10230,AT5G59820,AT5G25350,AT4G27652,AT2G35570,AT5G01380,AT2G11060,AT4G02980,AT1G58170,AT3G50560,AT1G62940,AT2G20940,AT5G19015,AT1G70300,AT5G22530,AT1G33830,AT1G32010,AT1G60980,AT5G66880,AT3G23150,AT4G33660,AT5G35600,AT1G66090,AT2G28120,AT3G11480,AT4G13090,AT1G29450,AT2G03360,AT2G31080,AT4G25820,AT2G25090,AT2G30480,AT1G55300,AT1G68840,AT4G23680,AT4G09290,AT1G36020,AT5G57660,AT5G02500,AT5G45240,AT3G10800,AT1G77730,AT5G55970,AT5G02020,AT2G14230,AT2G04210,AT2G33735,AT3G42250,AT2G03890,AT1G21120,AT4G12550,AT5G52020,AT5G49450,AT1G64200,AT3G49480,AT5G58110,AT1G14980,AT1G65980,AT1G08650,AT5G39660,AT5G44640,AT4G36040,AT5G02430,AT2G48140,AT3G44470,AT1G50220,AT4G22740,AT2G10450,AT5G03740,AT2G23210,AT4G15410,AT1G10970,AT5G56570,AT1G78150,AT1G75180	AT2G26150,AT3G24500,AT3G12580,AT2G46830,AT1G26800,AT1G14200,AT4G11660,AT1G67360,AT1G07350,AT1G18330,AT5G09590,AT2G25140,AT1G55530,AT5G62020,AT3G13470,AT1G33500,AT3G50560,AT1G80440,AT5G02500
0	AT3G24520	AT-HSFC1	28	0	PWM3183	DAP-seq	HSFC1_col	12	4.932221009645529e-22	7.369560225245361e-20	219	AT2G26150,AT1G52560,AT3G16050,AT3G09640,AT4G25200,AT1G74310,AT3G14200,AT1G53540,AT2G29500,AT3G46230,AT5G51440,AT5G52640,AT5G62920,AT5G48570,AT2G46240,AT3G24500,AT4G27657,AT3G63350,AT1G66080,AT3G51910,AT1G72660,AT3G12580,AT3G09440,AT5G49700,AT4G12400,AT2G46830,AT1G21550,AT1G26800,AT3G17110,AT5G18340,AT3G02380,AT1G14200,AT4G11660,AT1G03070,AT5G02490,AT1G54050,AT4G23570,AT3G07150,AT2G32120,AT1G07350,AT3G10020,AT3G53230,AT3G54500,AT5G09590,AT3G12050,AT3G42080,AT5G05410,AT4G29770,AT3G25230,AT5G56030,AT2G25140,AT5G23480,AT5G12110,AT5G52570,AT4G15680,AT1G56170,AT2G36030,AT5G65390,AT1G55530,AT1G07500,AT2G36080,ATMG00160,AT2G23110,AT4G23885,AT5G09930,AT2G41160,AT4G14270,AT5G53400,AT4G17250,AT2G17080,AT3G03520,AT1G31280,AT4G12410,AT5G58590,AT5G56010,AT4G03710,AT1G05920,AT2G21650,AT2G21940,AT4G15420,AT3G47420,AT1G28170,AT5G15250,AT2G27580,AT5G62430,AT5G62020,AT3G60940,AT1G50040,AT4G30490,AT1G79920,AT3G32280,AT3G46370,ATMG00940,AT4G29330,AT4G26780,AT3G15770,AT5G22060,AT2G15790,AT2G01029,AT1G27090,AT3G07770,AT3G14620,AT1G31335,AT1G42410,AT3G13470,AT5G04340,AT1G34280,AT4G10240,AT1G60340,AT1G74870,AT3G19270,AT2G30000,AT1G37060,AT2G32140,AT3G08690,AT1G33500,AT5G03680,AT3G42900,AT3G19780,AT3G44110,AT1G62510,AT2G38510,AT2G07550,AT4G34510,AT3G03830,AT3G09020,AT4G04590,AT1G10230,AT5G59820,AT1G23570,AT1G41770,AT4G27652,AT1G13130,AT2G35570,AT5G01380,AT2G06020,AT4G02980,AT3G51680,AT1G22420,AT3G50560,AT1G06170,AT1G62940,AT1G04130,AT4G30270,AT2G20940,AT1G70300,AT3G28210,AT3G45560,AT4G07540,AT5G22530,AT2G30090,AT1G33830,AT3G56380,AT1G60980,AT3G23150,AT2G19580,AT5G36910,AT4G33660,AT5G35600,AT1G66090,AT2G28120,AT3G11480,AT4G13090,AT2G03360,AT1G24938,ATMG01130,AT2G16250,AT1G65490,AT5G22920,AT3G30260,AT2G25090,AT2G30480,AT4G23680,AT1G59590,AT5G64940,AT4G09290,AT5G57660,AT4G23780,AT1G75100,AT1G33770,AT5G45240,AT1G77730,AT5G55970,AT2G14230,AT3G45280,AT4G30230,AT3G42250,AT1G21120,AT2G12100,AT1G49560,AT5G52020,AT2G23970,AT1G64200,AT5G63990,AT1G69630,AT2G38340,AT5G41620,AT3G49480,AT5G18160,AT1G14980,AT1G65980,AT1G08650,AT1G23580,AT5G39660,AT2G26410,AT5G02430,AT5G57910,AT3G44470,AT2G10450,AT1G11990,AT5G03740,AT2G23210,AT4G15410,AT1G10970,AT5G56570,AT2G16620,AT1G78150,AT1G75180,AT4G07350	
0	AT3G24520	AT-HSFC1	28	0	PWM839	PBM		16	5.130518967171421e-9	5.749387817586473e-7	175	AT2G26150,AT1G52560,AT3G16050,AT5G12020,AT3G14200,AT1G53540,AT2G29500,AT3G46230,AT5G51440,AT5G62920,AT3G63350,AT1G66080,AT3G51910,AT3G09440,AT4G12400,AT3G20180,AT1G21550,AT1G14200,AT1G56600,AT4G11660,AT1G03070,AT3G08970,AT1G54050,AT1G07350,AT1G32900,AT3G10020,AT1G01520,AT3G12050,AT3G42080,AT4G29770,AT2G25140,AT4G03810,AT2G14770,AT5G58770,ATMG00630,AT1G56170,AT1G59980,AT5G64170,AT5G65390,AT3G22090,AT1G30030,ATMG00160,AT1G23910,AT3G47340,AT4G23885,AT2G41160,AT5G62280,AT5G27660,AT3G03520,AT2G45500,AT4G03710,AT5G45830,AT2G21940,AT2G07749,AT1G30080,AT2G14300,AT2G26520,AT2G36460,AT5G62430,AT5G62020,AT5G54470,AT3G60940,AT4G30490,AT1G79920,AT5G07760,AT2G12990,AT2G01029,AT3G07770,AT3G31410,AT5G02900,AT3G13470,AT4G30290,AT2G36050,AT1G74870,AT2G30000,AT1G37060,AT5G58787,AT2G32140,AT3G08690,AT5G06820,AT3G42900,AT3G19780,AT5G27190,ATMG01360,AT5G59080,AT3G13270,AT4G08880,AT2G41580,AT4G34510,AT2G44840,AT1G07410,AT3G63310,AT3G03830,AT1G23570,AT4G27652,AT1G13130,AT2G35570,AT3G10930,AT2G25780,AT5G44890,AT4G02980,AT2G04038,AT2G07714,AT3G23230,AT5G17030,AT1G06170,AT1G04130,AT3G61930,AT5G02810,AT1G19530,AT3G45560,AT4G07540,AT4G12930,AT1G08570,AT1G33830,AT3G56380,AT1G32010,AT1G60980,AT5G45820,AT2G04670,AT4G33660,AT1G66090,AT1G20070,ATMG00730,AT1G24938,AT2G31080,AT2G30480,AT1G55300,AT1G68840,AT1G59590,AT4G09290,AT5G40320,AT4G28085,AT5G57660,AT2G36040,AT1G77730,AT3G24050,AT5G55970,AT2G14230,AT4G36460,AT4G30230,AT5G35890,AT1G35910,AT5G52020,AT2G23970,AT1G78600,AT5G63990,AT1G69630,AT3G49480,AT5G58110,AT1G14980,AT1G65980,AT1G23580,AT4G21830,AT1G10470,AT2G23900,AT3G47740,AT5G02430,AT5G57910,AT5G39100,AT5G67030,AT1G13260,AT5G40645,AT2G15720,AT5G38700,AT2G10450,AT2G14630,AT2G13750,AT3G04420,AT5G01820,AT3G29220,AT1G19020,AT4G15410,AT1G78150,AT5G12340	
0	AT5G62020	AT-HSFB2A	52	0	PWM3171	DAP-seq	HSF6_col	13	1.1538568043235282e-13	1.591434807809297e-11	193	AT2G26150,AT3G16050,AT5G12020,AT3G09640,AT4G25200,AT1G71000,AT1G74310,AT3G14200,AT1G53540,AT2G29500,AT5G12030,AT3G46230,AT5G51440,AT2G20560,AT5G52640,AT5G62920,AT5G48570,AT2G46240,AT3G24500,AT4G27657,AT3G63350,AT1G66080,AT3G51910,AT1G72660,AT3G09440,AT5G49700,AT4G12400,AT3G09350,AT3G20180,AT1G21550,AT3G17110,AT5G18340,AT3G02380,AT5G25450,AT4G11660,AT1G03070,AT5G02490,AT1G54050,AT3G07150,AT2G32120,AT1G07350,AT1G32900,AT3G10020,AT2G47180,AT3G53230,AT5G09590,AT3G12050,AT3G42080,AT5G05410,AT4G29770,AT3G25230,AT5G56030,AT2G25140,AT5G23480,AT5G52570,ATMG00630,AT1G56170,AT4G08300,AT5G64170,AT2G36030,AT5G65390,AT1G55530,AT1G07500,AT2G36080,ATMG00160,AT2G23110,AT5G09930,AT4G14270,AT5G53400,AT4G17250,AT3G03520,AT1G31280,AT4G12410,AT2G45500,AT5G58590,AT5G56010,AT4G03710,AT1G05920,AT2G21650,AT2G21940,AT1G28170,AT4G09150,AT5G15250,AT2G27580,AT2G26520,AT2G36460,AT5G62430,AT1G47780,AT5G62020,AT5G54470,AT3G60940,AT4G30490,AT1G79920,AT3G46370,AT3G57880,AT4G29330,AT4G29140,AT3G15770,AT2G07675,AT2G15790,AT2G01029,AT1G27090,AT3G07770,AT5G02900,AT3G14620,AT1G31335,AT3G42480,AT5G04340,AT2G36050,AT1G60340,AT2G30000,AT1G37060,AT3G45370,AT2G32140,AT2G05090,AT3G08690,AT1G33500,AT5G03680,AT3G42900,ATMG01360,AT5G59080,AT3G59060,AT1G69490,AT3G13310,AT2G07550,AT4G34510,AT2G44840,AT3G03830,AT3G09020,AT1G10230,AT5G59820,AT4G27652,AT1G13130,AT2G35570,AT4G02980,AT5G17030,AT3G50560,AT1G62940,AT2G20940,AT5G19015,AT5G22530,AT1G33830,AT1G60980,AT4G33660,AT5G35600,AT1G66090,AT2G28120,AT3G11480,AT1G29450,AT2G03360,AT5G37030,AT2G31080,AT2G30480,AT1G55300,AT1G35490,AT1G59590,AT4G09290,AT5G40320,AT5G57660,AT2G36040,AT3G28740,AT5G45240,AT1G77730,AT5G55970,AT2G14230,AT5G22410,AT5G35890,AT1G21120,AT1G35910,AT5G52020,AT2G23970,AT3G49480,AT4G17480,AT5G58110,AT1G14980,AT1G65980,AT1G08650,AT4G21830,AT5G44640,AT5G02430,AT2G30640,AT3G44470,AT3G28810,AT2G10450,AT1G11990,AT5G01820,AT5G03740,AT4G15410,AT1G10970,AT5G56570,AT1G78150,AT1G75180,AT4G07350	
0	AT5G62020	AT-HSFB2A	52	0	PWM1597	PBM		18	0.0000066100230341128	0.0006584317388980139	160	AT2G26150,AT3G16050,AT5G12020,AT1G71000,AT1G74310,AT3G14200,AT1G53540,AT2G20560,AT5G52640,AT3G24500,AT3G63350,AT1G66080,AT3G51910,AT4G23493,AT3G09440,AT4G12400,AT3G20180,AT1G21550,AT1G14200,AT4G11660,AT1G03070,AT3G08970,AT1G54050,AT5G25140,AT1G32900,AT3G07090,AT1G18330,AT3G42080,AT2G14770,AT5G06980,AT5G58770,ATMG00630,AT1G73480,AT5G65390,AT3G22090,AT1G30030,ATMG00160,AT1G23910,AT2G46360,AT3G47340,AT4G23885,AT2G41160,AT5G62280,AT1G31280,AT2G45500,AT4G03710,AT1G05920,AT2G21940,AT2G07749,AT1G30080,AT5G62430,AT5G54470,AT3G60940,AT4G30490,AT1G79920,AT3G32280,AT5G07760,AT3G57880,ATMG00940,AT2G33590,AT2G12990,AT2G05010,AT2G01029,AT1G19050,AT3G07770,AT4G03760,AT2G24780,AT5G02900,AT3G14620,AT1G35660,AT1G42410,AT3G13470,AT4G30290,AT3G43160,AT2G36050,AT1G74870,AT4G20790,AT2G30000,AT5G58787,AT2G19320,AT2G32140,AT1G33500,AT5G06820,AT3G19780,AT3G06560,AT4G07523,AT5G27190,ATMG01360,AT5G59080,AT2G07550,AT4G08880,AT2G41580,AT4G34510,AT2G44840,AT3G63310,AT3G03830,AT4G27652,AT1G13130,AT2G35570,AT3G10930,AT2G25780,AT1G58170,AT3G23230,AT1G14360,AT5G17030,AT2G20940,AT3G61930,AT5G02810,AT1G19530,AT3G45560,AT4G07540,AT4G12930,AT3G56380,AT2G04670,AT4G33660,AT2G28120,ATMG00730,AT1G24938,AT5G13700,AT2G31080,AT2G30480,AT1G55300,AT1G68840,AT4G09290,AT5G40320,AT4G28085,AT5G57660,AT2G36040,AT3G07350,AT5G45240,AT5G55970,AT4G36460,AT4G30230,AT3G01290,AT5G35890,AT1G35910,AT5G52020,AT2G23970,AT5G63990,AT1G69630,AT5G40430,AT5G58110,AT1G14980,AT1G08650,AT4G21830,AT1G10470,AT2G23900,AT5G62080,AT1G47280,AT5G02430,AT5G57910,AT1G13260,AT2G15720,AT5G38700,AT3G04420,AT5G01820,AT3G62640,AT4G15410,AT1G78150,AT5G12340	
0	AT5G62020	AT-HSFB2A	52	0	PWM1297	PBM		49	0.0008423152900919277	0.03082186357418013	147	AT2G26150,AT5G12020,AT3G09640,AT1G71000,AT1G59860,AT2G29500,AT5G12030,AT5G51440,AT5G52640,AT5G48570,AT3G24500,AT3G63350,AT1G66080,AT5G37670,AT3G51910,AT3G12580,AT3G09440,AT1G21550,AT3G17110,AT1G30070,AT4G11660,AT5G02490,AT3G08970,AT1G54050,AT1G67360,AT3G07150,AT5G13170,AT1G07350,AT2G24100,AT3G07090,AT1G18330,AT5G09590,AT3G42080,AT5G05410,AT5G17300,AT1G15830,AT3G25230,AT5G56030,AT1G16730,AT5G47160,AT5G12110,AT1G10050,AT1G07500,AT3G22090,AT2G41160,AT4G14270,AT5G53400,AT4G17250,AT5G27660,AT3G03520,AT2G21940,AT1G30080,AT4G09150,AT1G41797,AT2G36460,AT4G04070,AT1G79920,AT4G02550,AT1G31040,AT4G21323,AT3G29810,AT2G12990,AT2G05010,AT2G15790,AT2G01029,AT5G28810,AT3G07770,AT5G28160,AT1G09140,AT1G43755,AT4G03760,AT5G07380,AT1G66690,AT2G15110,AT1G42580,AT4G14640,AT3G20110,AT3G50720,AT5G58787,AT5G06820,AT3G19780,AT1G62510,AT4G07523,AT3G59060,ATMG00640,AT3G13310,AT2G04063,AT3G03830,AT1G32090,AT4G12480,AT5G59820,AT5G25350,AT1G74490,AT2G35570,AT2G19630,AT1G58170,AT2G24400,AT2G30600,AT1G62740,AT2G20940,AT2G15700,AT2G30090,AT1G33830,AT3G29660,AT5G66880,AT2G04670,AT1G66090,AT5G54460,AT2G16250,AT4G10040,AT4G08770,AT2G30480,AT1G55300,AT1G68840,AT2G02680,AT1G21910,AT5G57660,AT1G01720,AT3G29750,AT1G33770,AT5G45240,AT5G55970,AT5G46730,AT2G12100,AT1G80820,AT4G12550,AT5G52020,AT3G18180,AT3G49480,AT4G17480,AT5G18160,AT1G65980,AT2G37170,AT5G62080,AT4G36040,AT3G60330,AT5G38700,AT2G13750,AT5G03740,AT1G19020,AT4G15410,AT5G49050,AT2G27700,AT4G04270,AT2G41860,AT1G53690,AT4G07350	
0	AT2G41690	AT-HSFB3	11	na	PWM3180	DAP-seq	HSFB3_col	14	5.238653206448841e-12	6.70921799940198e-10	187	AT2G26150,AT3G16050,AT5G12020,AT1G71000,AT3G14200,AT1G59860,AT2G29500,AT5G12030,AT3G46230,AT5G51440,AT5G52640,AT5G62920,AT5G48570,AT4G27657,AT3G63350,AT1G66080,AT3G51910,AT3G12580,AT3G09440,AT4G12400,AT1G21550,AT3G17110,AT1G30070,AT5G18340,AT3G02380,AT1G14200,AT4G11660,AT5G02490,AT3G08970,AT1G54050,AT5G35320,AT4G23570,AT1G67360,AT2G32120,AT1G07350,AT2G24100,AT3G07090,AT3G10020,AT3G53230,AT1G18330,AT5G09590,AT3G12050,AT3G25230,AT2G25140,AT5G47830,AT5G12110,AT2G14770,AT5G52570,AT5G22390,AT2G19310,ATMG00630,AT4G08300,AT1G07500,ATMG00160,AT2G23110,AT3G25650,AT2G14510,AT1G07180,AT2G41160,AT4G14270,AT4G17250,AT3G03520,AT1G31280,AT5G58590,AT5G56010,AT2G21650,AT2G21940,AT1G28170,AT4G09150,AT2G27580,AT1G15550,AT1G41797,AT2G36460,AT2G29450,AT1G47780,AT5G62020,AT1G66510,AT1G79920,AT5G07760,AT3G23990,AT4G26780,AT1G64780,AT3G29810,AT5G22060,AT2G12990,AT2G15790,AT2G01029,AT1G09140,AT1G43755,ATMG00060,AT3G01250,AT1G35660,AT1G66690,AT1G31335,AT4G04300,AT3G13470,AT5G04340,AT3G45950,AT4G10240,AT5G58787,AT2G41260,AT2G32140,AT3G08690,AT1G33500,AT3G13820,AT3G44110,AT1G62510,ATMG01360,AT3G30420,AT2G38510,AT3G13270,AT3G13310,AT5G13080,AT3G03830,ATMG00670,AT5G59820,AT1G32680,AT2G35570,AT5G01380,AT2G06020,AT4G02980,AT3G51680,AT1G58170,AT2G04038,AT5G11220,AT1G62740,AT2G20940,ATMG00430,AT2G15700,AT1G70300,AT3G28210,AT1G80440,AT5G22530,AT1G33830,ATMG00920,AT5G35600,AT1G66090,AT2G28120,AT1G35730,AT4G10040,AT2G31080,AT3G30660,AT3G30260,AT2G25090,AT2G30480,AT1G55300,AT1G68840,AT1G35490,AT2G02680,AT1G59590,AT5G64940,AT4G09290,AT1G01720,AT1G33770,AT5G45240,AT3G10800,AT2G42640,AT5G55970,AT5G22410,AT3G42250,AT2G03890,AT3G52400,AT5G46730,AT2G12100,AT4G12550,AT5G52020,AT4G04120,AT2G43010,AT3G49480,AT4G17480,AT5G18160,AT1G65980,AT1G08650,AT4G36040,AT5G02430,AT2G48140,AT3G60330,AT3G44470,AT4G22740,AT3G27800,AT5G03740,AT2G23210,AT1G47790,AT4G15410,AT5G49050,AT1G66760,AT4G07350	na
0	AT4G18880	AT-HSFA4A	36	0	PWM3169	DAP-seq	HSF21_col	15	5.77833860770293e-10	6.907040749074236e-8	179	AT2G26150,AT3G16050,AT5G12020,AT1G71000,AT1G59860,AT2G29500,AT5G12030,AT3G46230,AT5G51440,AT2G20560,AT5G52640,AT5G48570,AT3G63350,AT1G66080,AT3G51910,AT3G12580,AT3G09440,AT5G49700,AT1G21550,AT1G26800,AT5G18340,AT1G14200,AT4G11660,AT1G03070,AT5G02490,AT3G08970,AT1G54050,AT4G23570,AT2G32120,AT1G07350,AT2G24100,AT3G07090,AT3G10020,AT3G53230,AT1G18330,AT5G09590,AT3G12050,AT3G42080,AT5G05410,AT5G17300,AT3G25230,AT5G56030,AT2G25140,AT5G47830,AT5G23480,AT5G22390,AT1G56170,AT1G10050,AT2G36030,AT5G65390,AT1G55530,AT1G07500,AT3G22090,AT1G30030,AT2G23110,AT4G14270,AT5G53400,AT5G27660,AT3G03520,AT1G31280,AT5G58590,AT1G51000,AT5G56010,AT4G03710,AT1G05920,AT2G21650,AT2G21940,AT4G15420,AT1G30080,AT4G09150,AT2G27580,AT1G15550,AT2G36460,AT2G29450,AT5G62430,AT1G47780,AT5G62020,AT1G66510,AT1G79920,AT3G02140,AT3G23990,AT4G26780,AT3G29810,AT5G22060,AT2G12990,AT1G13700,AT2G15790,AT2G01029,AT1G27090,AT3G07770,AT1G09140,AT1G43755,AT5G07380,AT1G42580,AT1G31335,AT3G13470,AT5G04340,AT3G50720,AT1G60340,AT1G37060,AT5G58787,AT2G32140,AT1G33500,AT5G06820,AT1G62510,AT2G38510,AT3G13310,AT2G07550,AT2G41580,AT4G03360,AT3G03830,AT4G04590,AT1G10230,AT4G27652,AT1G74490,AT2G35570,AT2G19630,AT5G01380,AT4G02980,AT3G51680,AT1G58170,AT3G50560,AT2G30600,AT1G62740,AT2G20940,AT5G22530,AT1G33830,AT1G32010,AT3G23150,AT5G36910,AT1G66090,AT1G59670,AT2G28120,AT4G10040,AT4G08770,AT5G37030,AT3G30660,AT4G13230,AT2G25090,AT2G30480,AT1G55300,AT1G68840,AT2G02680,AT1G01720,AT1G33770,AT3G07350,AT5G45240,AT3G10800,AT5G55970,AT2G04210,AT2G33735,AT4G30230,AT5G22410,AT2G03890,AT1G21120,AT4G12550,AT5G52020,AT2G43010,AT1G78600,AT5G18160,AT1G14980,AT1G65980,AT1G08650,AT2G37170,AT4G36040,AT5G02430,AT2G48140,AT3G60330,AT3G44470,AT2G10450,AT3G27800,AT5G03740,AT1G47790,AT1G19020,AT4G15410,AT5G49050,AT1G78150,AT4G04270,AT4G07350	
0	AT2G46970	PIL1	4	na	PWM902	CisBP	M0150_1.01	17	0.000004317488226020221	0.0004553680228973092	161	AT4G27657,AT3G63350,AT3G51910,AT4G12400,AT3G17110,AT1G30070,AT5G18340,AT3G12320,AT2G32690,AT1G56600,AT1G03070,AT3G08970,AT4G39675,AT5G13170,AT4G26270,AT2G47180,AT3G54500,AT5G09590,AT1G01520,AT1G61340,AT5G17300,AT4G03810,AT1G16730,AT5G12110,AT5G44260,AT5G06980,AT5G58770,AT2G41250,AT1G56170,AT1G59980,AT1G73480,AT2G36030,AT5G65390,AT1G07500,AT3G43040,AT2G36080,AT2G23110,AT2G46360,AT1G07180,AT5G09930,AT5G53400,AT2G17080,AT1G30080,AT4G29710,AT1G15550,AT5G37260,AT4G04070,AT5G54470,AT2G21320,AT4G30490,AT3G46370,AT5G07330,AT3G02140,AT4G16000,AT1G02700,AT5G16600,AT2G36780,AT2G42380,AT1G13080,AT2G47270,AT4G09600,AT5G44120,AT3G27690,AT3G52830,AT1G70920,AT1G42710,AT1G34280,AT2G36050,AT2G41850,AT3G19270,AT3G45370,AT2G19320,AT1G02930,AT2G05090,AT5G06820,AT5G45630,AT3G53200,AT5G59080,AT3G30420,AT4G27450,AT5G51270,AT2G04063,AT5G20770,AT2G36640,AT2G44840,AT1G66120,AT1G41770,AT1G13130,AT4G16260,AT5G01380,AT2G06020,AT5G44890,AT2G04038,AT3G23230,AT1G14360,AT5G24550,AT1G63450,AT1G62940,AT1G09155,AT2G42870,AT3G06780,AT1G19530,AT1G70300,AT5G43840,AT3G31403,AT3G56380,AT1G33960,AT1G66380,AT1G35570,AT5G66880,AT3G27170,AT5G26630,AT1G19610,AT4G36490,AT4G27530,AT2G28120,AT2G37740,AT4G08770,AT5G13700,AT2G18700,AT1G59590,AT4G28085,AT2G27080,AT2G23130,AT1G01720,AT3G07350,AT3G10800,AT4G27460,AT1G70870,AT2G42640,AT5G55970,AT2G32930,AT3G15500,AT1G73000,AT3G31460,AT5G22410,AT2G12100,AT5G62380,AT1G35910,AT3G19680,AT2G23970,AT2G06700,AT4G13310,AT5G35940,AT3G49480,AT5G39660,AT1G10470,AT2G25160,AT5G35920,AT1G70880,AT5G62080,AT5G02430,AT3G52780,AT5G67030,AT3G60330,AT2G13890,AT3G06070,AT3G62640,AT2G40170,AT5G49050,AT1G66760	na
0	AT3G62420	ATBZIP53	6	na	PWM2925	DAP-seq	BZIP53_col	19	0.00001004440647789826	0.0009478747797300832	159	AT1G73870,AT3G24500,AT3G63350,AT3G51910,AT3G09440,AT5G64510,AT5G18340,AT5G02490,AT1G54050,AT1G67360,AT5G13170,AT4G26270,AT1G32900,AT1G18330,AT3G54500,AT1G61340,AT5G05410,AT4G15660,AT5G17300,AT1G15830,AT5G47160,AT5G44260,AT5G06980,AT2G41250,AT2G20670,AT3G45970,AT4G15680,AT1G73480,AT2G36030,AT3G22090,AT2G36080,AT4G02850,ATMG00160,AT2G36220,AT2G14510,AT5G09930,AT3G03520,AT2G21820,AT1G27790,AT4G03710,AT3G28270,AT5G45830,AT3G62950,AT2G07749,AT5G37260,AT5G62430,AT4G04070,AT5G54470,AT1G79920,AT3G57880,AT4G08190,AT4G29330,AT3G23990,AT4G16000,AT1G02700,AT3G29810,AT2G01029,AT1G19050,AT1G27090,AT5G28160,AT3G31410,AT4G35770,AT4G38680,AT5G02900,AT5G44120,AT3G27690,AT1G42410,AT1G70920,AT2G41850,AT1G60340,ATMG00620,AT3G19270,AT2G41260,AT5G06820,AT1G80660,ATMG01360,AT3G59060,AT3G49790,AT3G30420,AT2G38510,AT3G13270,AT1G69490,AT3G13310,AT2G07550,AT4G08880,AT2G04063,AT2G44840,AT1G66120,AT3G09020,AT1G32090,AT1G20350,AT5G59820,AT4G27652,AT5G01380,AT3G15450,AT3G19184,AT2G10380,AT2G42870,AT3G61930,AT2G15700,AT2G22960,AT5G43840,AT2G30090,AT1G08570,AT3G29660,AT5G66880,AT5G45820,AT4G33660,AT5G23220,AT2G38830,AT4G27530,AT3G11480,AT4G13090,AT2G37740,AT2G16250,AT1G65490,AT2G18700,AT3G63460,AT1G35490,AT4G28085,AT2G36040,AT1G01720,AT1G33770,AT2G42640,AT5G55970,AT2G32930,AT1G73000,AT4G36460,AT3G31460,AT2G03890,AT1G80820,AT5G06900,AT4G08950,AT1G35910,AT1G68300,AT1G26790,AT3G47500,AT5G23190,AT2G06700,AT1G04980,AT5G39660,AT4G21830,AT4G36040,AT5G67030,AT1G13260,AT5G40645,AT5G54080,AT2G14630,AT1G11990,AT2G13750,AT1G22990,AT5G46300,AT3G29220,AT2G25490,AT1G09950,AT3G20690,AT1G33860,AT1G66760,AT1G53690	na
0	AT2G46270	GBF3	6	378	PWM951	CisBP	M0260_1.01	20	0.00003368866395151933	0.003020188723253708	156	AT1G74310,AT1G73870,AT4G27657,AT3G63350,AT3G51910,AT1G30070,AT5G18340,AT3G12320,AT1G56600,AT1G03070,AT4G26270,AT1G18330,AT3G54500,AT1G01520,AT1G61340,AT3G12050,AT5G17300,AT1G16730,AT5G52570,AT5G06980,AT5G58770,AT2G41250,AT5G22390,AT2G19310,AT1G56170,AT5G64170,AT2G36030,AT5G65390,AT1G07500,AT2G36080,ATMG00160,AT2G36220,AT5G09930,AT3G03520,AT2G21820,AT5G45830,AT3G47420,AT3G62950,AT1G30080,AT1G15550,AT5G37260,AT5G54470,AT4G30490,AT3G32280,AT5G07330,AT4G29330,AT3G02140,AT4G16000,AT1G02700,AT5G07010,AT5G16600,AT1G19050,AT5G28160,AT2G47270,AT4G38680,AT5G44120,AT3G27690,AT3G52830,AT2G36050,AT3G19270,AT2G19320,AT1G02930,AT5G06820,AT5G45630,AT3G06560,AT3G49790,AT4G27450,AT3G13310,AT2G07550,AT2G36640,AT4G30540,AT1G07410,AT1G66120,AT5G05860,AT1G20350,AT1G41770,AT4G16260,AT5G01380,AT2G25780,AT3G51680,AT3G23230,AT1G14360,AT5G24550,AT1G22420,AT1G06170,AT2G10380,AT5G11220,AT1G09155,AT2G30600,AT2G15700,AT3G06780,AT5G07480,AT1G19530,AT5G43840,AT4G07540,AT3G31403,AT3G56380,AT1G66380,AT5G66880,AT5G45820,AT2G04670,AT3G27170,AT4G33660,AT5G23220,AT4G36490,AT4G27530,AT2G37740,AT2G16250,AT4G10040,AT5G13700,AT1G65490,AT2G18700,AT2G25090,AT2G30480,AT1G35490,AT5G64940,AT1G01720,AT3G07350,AT4G27460,AT1G70870,AT5G25950,AT5G55970,AT2G32930,AT5G15830,AT2G30750,AT2G12100,AT1G80820,AT3G28190,AT1G35910,AT3G19680,AT1G26790,AT2G06700,AT4G13310,AT5G35940,AT5G63990,AT1G04980,AT3G49480,AT5G39660,AT5G35920,AT1G70880,AT5G62080,AT1G47280,AT5G04770,AT5G02430,AT5G57910,AT5G39100,AT5G67030,AT1G13260,AT5G38700,AT5G54080,AT3G04420,AT3G29220,AT2G01024,AT2G40170,AT1G78150,AT1G66760	AT1G52560,AT3G16050,AT3G09640,AT1G71000,AT1G74310,AT3G14200,AT1G59860,AT2G29500,AT5G62920,AT1G73870,AT5G48570,AT3G24500,AT4G27657,AT3G63350,AT5G37670,AT3G51910,AT4G23493,AT3G09440,AT5G49700,AT4G12400,AT1G26800,AT3G17110,AT1G17870,AT5G18340,AT1G14200,AT2G32690,AT1G56600,AT4G11660,AT1G03070,AT5G02490,AT3G08970,AT1G54050,AT5G25140,AT3G07150,AT5G13170,AT4G26270,AT2G24100,AT1G32900,AT3G07090,AT3G10020,AT2G47180,AT3G53230,AT1G18330,AT3G54500,AT1G01520,AT1G61340,AT3G12050,AT5G05410,AT3G13370,AT5G17300,AT1G30720,AT5G56030,AT1G16730,AT5G23480,AT5G47160,AT5G44260,AT5G52570,AT5G06980,AT5G58770,AT2G41250,AT2G46735,AT5G22390,AT2G20670,AT3G45970,AT1G59980,AT1G10050,AT4G08300,AT1G73480,AT5G47610,AT5G65390,AT2G30925,AT1G07500,AT3G22090,AT1G30030,AT2G36080,AT2G36220,AT3G22840,AT2G14510,AT5G19875,AT2G46360,AT1G07180,AT3G47340,AT5G09930,AT4G14270,AT5G62280,AT5G53400,AT1G01940,AT3G03520,AT2G21820,AT4G12410,AT2G45500,AT5G57560,AT4G25420,AT5G56010,AT5G45830,AT2G21650,AT4G15420,AT3G47420,AT3G62950,AT4G09150,AT2G47730,AT3G17611,AT4G29710,AT2G26520,AT1G15550,AT2G36460,AT2G29450,AT5G37260,AT5G62430,AT4G04070,AT5G62020,AT5G54470,AT3G60940,AT1G50040,AT5G07760,AT3G57880,AT5G07330,AT4G08190,AT4G29330,AT3G02140,AT1G31040,AT4G29140,AT1G64780,AT1G02700,AT3G29810,AT1G13700,AT2G31380,AT5G07010,AT5G16600,AT4G37010,AT2G15790,AT1G19050,AT1G27090,AT2G39510,AT2G42380,AT3G07770,AT5G28160,AT1G13080,AT2G47270,AT4G09600,AT2G16290,AT1G26380,AT2G29740,AT4G35770,AT4G38680,AT5G44120,AT3G27690,AT5G59070,AT4G14640,AT3G58120,AT3G13470,AT5G04340,AT3G52830,AT4G30290,AT1G70920,AT1G26860,AT2G46310,AT4G30280,AT2G36050,AT2G41850,AT3G19270,AT5G58787,AT2G41260,AT5G53250,AT2G19320,AT5G03680,AT5G06820,AT5G45630,AT3G06560,AT1G80660,AT1G62510,AT3G22570,AT1G22130,AT5G59080,AT3G59060,AT3G49790,AT5G06040,AT2G38510,AT5G11680,AT4G27450,AT1G69490,AT3G13310,AT5G13080,AT2G36640,AT1G65690,AT3G21660,AT2G44840,AT3G63310,AT3G09020,AT1G32090,AT1G64940,AT1G10230,AT5G59820,AT5G25350,AT4G27652,AT1G13130,AT4G16260,AT5G01380,AT3G15450,AT3G28840,AT2G25780,AT3G51680,AT5G07780,AT2G04038,AT3G23230,AT1G14360,AT5G24550,AT1G22420,AT5G17030,AT3G50560,AT1G63450,AT1G06170,AT5G43620,AT4G14130,AT1G09155,AT1G04130,AT4G30270,AT2G42870,AT2G30600,AT1G62740,AT3G61930,AT3G06780,AT5G07480,AT1G19530,AT1G61330,AT2G44130,AT1G70300,AT3G28210,AT5G57790,AT5G66110,AT1G80440,AT5G43840,AT5G65100,AT5G50335,AT1G08570,AT3G29660,AT3G56380,AT4G36370,AT1G66380,AT1G35570,AT5G66880,AT5G45820,AT3G23150,AT3G27170,AT4G33660,AT1G35140,AT5G23220,AT2G23060,AT2G38830,AT1G20070,AT4G27530,AT5G04190,AT1G78080,AT2G28120,AT3G11480,AT1G49100,AT1G19180,AT4G13090,AT1G29450,AT2G37740,AT2G03360,AT2G42360,AT4G10040,AT5G15450,AT2G18700,AT5G22920,AT4G25820,AT2G25090,AT5G19120,AT2G30480,AT3G63460,AT2G30220,AT2G02680,AT1G21910,AT4G23680,AT1G59590,AT5G64940,AT2G25990,AT4G09290,AT4G28085,AT2G27080,AT5G57660,AT2G36040,AT2G23130,AT1G01720,AT3G28740,AT1G75100,AT4G01110,AT5G02500,AT4G05630,AT3G07350,AT1G76230,AT3G10800,AT1G77730,AT4G27460,AT1G70870,AT2G42640,AT5G25950,AT3G24050,AT2G32930,AT1G21890,AT3G12500,AT3G15500,AT3G15500,AT5G15830,AT3G01290,AT2G03890,AT3G52400,AT1G21120,AT1G80820,AT5G62380,AT4G08950,AT1G35910,AT3G19680,AT4G12550,AT2G22860,AT5G52020,AT1G68300,AT1G26790,AT5G43150,AT3G47500,AT2G43010,AT3G03270,AT2G23970,AT5G23190,AT1G64200,AT4G13310,AT5G35940,AT5G40430,AT1G04980,AT1G52240,AT5G41620,AT4G17480,AT1G14980,AT1G65980,AT5G25190,AT5G39660,AT4G21830,AT1G10470,AT4G05310,AT2G25160,AT5G35920,AT2G37170,AT1G70880,AT5G44640,AT1G76240,AT5G04770,AT4G36040,AT5G02430,AT3G52780,AT5G57910,AT5G67030,AT1G73260,AT1G13260,AT5G39650,AT5G38700,AT1G50220,AT5G54080,AT2G32360,AT3G04420,AT5G01820,AT1G22990,AT3G27800,AT3G29220,AT2G25490,AT3G06070,AT4G15410,AT1G75600,AT1G09950,AT2G40170,AT5G49690,AT3G20690,AT1G33860,AT1G78150,AT1G66760,AT1G75180,AT5G12340,AT1G53690
0	AT2G46270	GBF3	6	378	PWM2930	DAP-seq	GBF3_col	38	0.00043469439260641093	0.021650195720647077	149	AT3G16050,AT1G74310,AT1G73870,AT3G24500,AT3G63350,AT3G09440,AT5G64510,AT5G18340,AT3G12320,AT1G56600,AT1G03070,AT5G02490,AT3G08970,AT1G54050,AT5G13170,AT4G26270,AT2G24100,AT1G32900,AT1G18330,AT3G54500,AT5G09590,AT1G01520,AT1G61340,AT5G05410,AT4G15660,AT5G17300,AT1G16730,AT5G47160,AT5G44260,AT5G06980,AT5G58770,AT2G41250,AT1G73480,AT5G64170,AT2G36030,AT5G65390,AT3G22090,AT1G49870,ATMG00160,AT2G36220,AT2G14510,AT5G19875,AT5G09930,AT3G03520,AT2G21820,AT1G27790,AT3G28270,AT5G45830,AT3G62950,AT1G15550,AT5G37260,AT5G62430,AT5G54470,AT4G30490,AT3G57880,AT4G08190,AT4G29330,AT3G02140,AT1G02700,AT3G29810,AT2G01029,AT1G19050,AT5G28160,AT3G31410,AT4G35770,AT4G38680,AT5G02900,AT5G44120,AT3G27690,AT1G70920,AT3G19270,AT2G41260,AT2G19320,AT5G06820,AT5G59080,AT3G59060,AT4G27450,AT3G13270,AT3G13310,AT2G36640,AT1G66120,AT4G04590,AT1G20350,AT1G41770,AT5G01380,AT3G23230,AT5G24550,AT5G17030,AT2G10380,AT2G42870,AT3G61930,AT2G15700,AT5G07480,AT5G57790,AT5G43840,AT2G30090,AT1G08570,AT3G31403,AT3G56380,AT5G66880,AT5G45820,AT4G36490,AT4G27530,AT4G13090,AT2G37740,AT2G16250,AT5G15450,AT2G18700,AT5G22920,AT3G63460,AT1G35490,AT5G64940,AT4G28085,AT1G01720,AT3G28740,AT3G07350,AT1G70870,AT5G55970,AT1G73000,AT2G03890,AT1G49560,AT4G12550,AT1G68300,AT1G26790,AT3G47500,AT2G43010,AT5G23190,AT2G06700,AT5G39660,AT1G10470,AT1G70880,AT4G36040,AT5G02430,AT2G48140,AT5G67030,AT1G13260,AT5G40645,AT5G54080,AT2G13750,AT3G04420,AT1G22990,AT3G29220,AT3G62640,AT1G75600,AT2G40170,AT3G20690,AT1G78150,AT1G66760,AT1G53690	AT1G52560,AT3G16050,AT3G09640,AT1G71000,AT1G74310,AT3G14200,AT1G59860,AT2G29500,AT5G62920,AT1G73870,AT5G48570,AT3G24500,AT4G27657,AT3G63350,AT5G37670,AT3G51910,AT4G23493,AT3G09440,AT5G49700,AT4G12400,AT1G26800,AT3G17110,AT1G17870,AT5G18340,AT1G14200,AT2G32690,AT1G56600,AT4G11660,AT1G03070,AT5G02490,AT3G08970,AT1G54050,AT5G25140,AT3G07150,AT5G13170,AT4G26270,AT2G24100,AT1G32900,AT3G07090,AT3G10020,AT2G47180,AT3G53230,AT1G18330,AT3G54500,AT1G01520,AT1G61340,AT3G12050,AT5G05410,AT3G13370,AT5G17300,AT1G30720,AT5G56030,AT1G16730,AT5G23480,AT5G47160,AT5G44260,AT5G52570,AT5G06980,AT5G58770,AT2G41250,AT2G46735,AT5G22390,AT2G20670,AT3G45970,AT1G59980,AT1G10050,AT4G08300,AT1G73480,AT5G47610,AT5G65390,AT2G30925,AT1G07500,AT3G22090,AT1G30030,AT2G36080,AT2G36220,AT3G22840,AT2G14510,AT5G19875,AT2G46360,AT1G07180,AT3G47340,AT5G09930,AT4G14270,AT5G62280,AT5G53400,AT1G01940,AT3G03520,AT2G21820,AT4G12410,AT2G45500,AT5G57560,AT4G25420,AT5G56010,AT5G45830,AT2G21650,AT4G15420,AT3G47420,AT3G62950,AT4G09150,AT2G47730,AT3G17611,AT4G29710,AT2G26520,AT1G15550,AT2G36460,AT2G29450,AT5G37260,AT5G62430,AT4G04070,AT5G62020,AT5G54470,AT3G60940,AT1G50040,AT5G07760,AT3G57880,AT5G07330,AT4G08190,AT4G29330,AT3G02140,AT1G31040,AT4G29140,AT1G64780,AT1G02700,AT3G29810,AT1G13700,AT2G31380,AT5G07010,AT5G16600,AT4G37010,AT2G15790,AT1G19050,AT1G27090,AT2G39510,AT2G42380,AT3G07770,AT5G28160,AT1G13080,AT2G47270,AT4G09600,AT2G16290,AT1G26380,AT2G29740,AT4G35770,AT4G38680,AT5G44120,AT3G27690,AT5G59070,AT4G14640,AT3G58120,AT3G13470,AT5G04340,AT3G52830,AT4G30290,AT1G70920,AT1G26860,AT2G46310,AT4G30280,AT2G36050,AT2G41850,AT3G19270,AT5G58787,AT2G41260,AT5G53250,AT2G19320,AT5G03680,AT5G06820,AT5G45630,AT3G06560,AT1G80660,AT1G62510,AT3G22570,AT1G22130,AT5G59080,AT3G59060,AT3G49790,AT5G06040,AT2G38510,AT5G11680,AT4G27450,AT1G69490,AT3G13310,AT5G13080,AT2G36640,AT1G65690,AT3G21660,AT2G44840,AT3G63310,AT3G09020,AT1G32090,AT1G64940,AT1G10230,AT5G59820,AT5G25350,AT4G27652,AT1G13130,AT4G16260,AT5G01380,AT3G15450,AT3G28840,AT2G25780,AT3G51680,AT5G07780,AT2G04038,AT3G23230,AT1G14360,AT5G24550,AT1G22420,AT5G17030,AT3G50560,AT1G63450,AT1G06170,AT5G43620,AT4G14130,AT1G09155,AT1G04130,AT4G30270,AT2G42870,AT2G30600,AT1G62740,AT3G61930,AT3G06780,AT5G07480,AT1G19530,AT1G61330,AT2G44130,AT1G70300,AT3G28210,AT5G57790,AT5G66110,AT1G80440,AT5G43840,AT5G65100,AT5G50335,AT1G08570,AT3G29660,AT3G56380,AT4G36370,AT1G66380,AT1G35570,AT5G66880,AT5G45820,AT3G23150,AT3G27170,AT4G33660,AT1G35140,AT5G23220,AT2G23060,AT2G38830,AT1G20070,AT4G27530,AT5G04190,AT1G78080,AT2G28120,AT3G11480,AT1G49100,AT1G19180,AT4G13090,AT1G29450,AT2G37740,AT2G03360,AT2G42360,AT4G10040,AT5G15450,AT2G18700,AT5G22920,AT4G25820,AT2G25090,AT5G19120,AT2G30480,AT3G63460,AT2G30220,AT2G02680,AT1G21910,AT4G23680,AT1G59590,AT5G64940,AT2G25990,AT4G09290,AT4G28085,AT2G27080,AT5G57660,AT2G36040,AT2G23130,AT1G01720,AT3G28740,AT1G75100,AT4G01110,AT5G02500,AT4G05630,AT3G07350,AT1G76230,AT3G10800,AT1G77730,AT4G27460,AT1G70870,AT2G42640,AT5G25950,AT3G24050,AT2G32930,AT1G21890,AT3G12500,AT3G15500,AT3G15500,AT5G15830,AT3G01290,AT2G03890,AT3G52400,AT1G21120,AT1G80820,AT5G62380,AT4G08950,AT1G35910,AT3G19680,AT4G12550,AT2G22860,AT5G52020,AT1G68300,AT1G26790,AT5G43150,AT3G47500,AT2G43010,AT3G03270,AT2G23970,AT5G23190,AT1G64200,AT4G13310,AT5G35940,AT5G40430,AT1G04980,AT1G52240,AT5G41620,AT4G17480,AT1G14980,AT1G65980,AT5G25190,AT5G39660,AT4G21830,AT1G10470,AT4G05310,AT2G25160,AT5G35920,AT2G37170,AT1G70880,AT5G44640,AT1G76240,AT5G04770,AT4G36040,AT5G02430,AT3G52780,AT5G57910,AT5G67030,AT1G73260,AT1G13260,AT5G39650,AT5G38700,AT1G50220,AT5G54080,AT2G32360,AT3G04420,AT5G01820,AT1G22990,AT3G27800,AT3G29220,AT2G25490,AT3G06070,AT4G15410,AT1G75600,AT1G09950,AT2G40170,AT5G49690,AT3G20690,AT1G33860,AT1G78150,AT1G66760,AT1G75180,AT5G12340,AT1G53690
0	AT4G34590	ATB2	0	0	PWM2934	DAP-seq	GBF6_col	21	0.00004967092875752632	0.004240951202964033	155	AT1G73870,AT3G24500,AT3G63350,AT3G51910,AT3G09440,AT5G64510,AT5G18340,AT5G02490,AT1G54050,AT1G67360,AT5G13170,AT4G26270,AT1G32900,AT1G18330,AT3G54500,AT1G61340,AT5G05410,AT4G15660,AT5G17300,AT5G47160,AT5G44260,AT5G06980,AT2G41250,AT2G20670,AT3G45970,AT4G15680,AT1G73480,AT2G36030,AT3G22090,AT4G02850,ATMG00160,AT2G36220,AT2G14510,AT5G09930,AT3G03520,AT2G21820,AT1G27790,AT4G03710,AT3G28270,AT5G45830,AT3G62950,AT5G37260,AT5G62430,AT4G04070,AT5G54470,AT1G79920,AT3G57880,AT4G08190,AT4G29330,AT3G23990,AT4G16000,AT1G02700,AT3G29810,AT2G01029,AT1G19050,AT1G27090,AT5G28160,AT3G31410,AT4G35770,AT4G38680,AT5G02900,AT5G44120,AT3G27690,AT1G42410,AT1G70920,AT3G43160,AT2G41850,AT1G60340,ATMG00620,AT3G19270,AT2G41260,AT5G06820,AT1G80660,ATMG01360,AT3G59060,AT3G49790,AT3G30420,AT2G38510,AT3G13270,AT1G69490,AT3G13310,AT2G07550,AT4G08880,AT2G04063,AT2G44840,AT1G66120,AT3G09020,AT1G32090,AT1G20350,AT5G59820,AT4G27652,AT1G13130,AT5G01380,AT3G15450,AT2G10380,AT2G42870,AT3G61930,AT2G15700,AT2G22960,AT5G43840,AT2G30090,AT1G08570,AT3G29660,AT5G66880,AT5G45820,AT4G33660,AT5G23220,AT2G38830,AT4G27530,AT4G13090,AT2G37740,AT2G16250,AT1G65490,AT2G18700,AT3G63460,AT1G35490,AT4G28085,AT2G36040,AT1G01720,AT1G33770,AT2G42640,AT5G55970,AT2G32930,AT1G73000,AT3G31460,AT2G03890,AT1G80820,AT5G06900,AT4G08950,AT1G35910,AT1G68300,AT1G26790,AT3G47500,AT5G23190,AT2G06700,AT1G04980,AT5G39660,AT4G21830,AT4G36040,AT5G67030,AT1G13260,AT5G40645,AT5G54080,AT2G14630,AT1G11990,AT2G13750,AT1G22990,AT5G46300,AT3G29220,AT2G25490,AT1G09950,AT3G20690,AT1G33860,AT1G66760,AT1G53690	
0	AT5G15830	AtbZIP3	34	1	PWM2913	DAP-seq	BZIP3_col	22	0.00015209626719789538	0.012395845776628472	152	AT3G16050,AT1G74310,AT1G73870,AT3G24500,AT3G63350,AT3G51910,AT3G09440,AT5G64510,AT5G18340,AT1G03070,AT5G02490,AT3G08970,AT1G54050,AT1G67360,AT5G13170,AT4G26270,AT1G32900,AT1G18330,AT3G54500,AT1G61340,AT5G05410,AT4G15660,AT5G17300,AT5G47160,AT5G44260,AT5G06980,AT5G58770,AT2G41250,AT3G45970,AT4G15680,AT1G73480,AT2G36030,AT3G22090,AT1G49870,ATMG00160,AT2G36220,AT2G14510,AT5G19875,AT5G09930,AT3G03520,AT2G21820,AT1G27790,AT3G28270,AT5G45830,AT3G62950,AT1G15550,AT5G37260,AT5G62430,AT5G54470,AT1G79920,AT3G57880,AT5G07330,AT4G08190,AT4G29330,AT1G02700,AT3G29810,AT2G01029,AT1G19050,AT5G28160,AT3G31410,AT4G35770,AT4G38680,AT5G02900,AT5G44120,AT3G27690,AT1G70920,AT2G41850,AT3G19270,AT2G30000,AT2G41260,AT2G19320,AT5G06820,AT3G06560,AT3G59060,AT3G49790,AT3G30420,AT3G13270,AT3G13310,AT4G08880,AT2G04063,AT1G66120,AT1G32090,AT1G20350,AT1G41770,AT5G01380,AT5G24550,AT2G10380,AT2G42870,AT3G61930,AT2G15700,AT5G07480,AT5G57790,AT5G43840,AT4G07540,AT2G30090,AT1G08570,AT3G31403,AT5G66880,AT5G45820,AT4G36490,AT2G38830,AT4G27530,AT4G13090,AT2G37740,AT2G16250,AT5G15450,AT2G18700,AT3G63460,AT5G64940,AT4G28085,AT1G01720,AT3G28740,AT3G07350,AT1G70870,AT2G42640,AT5G55970,AT1G73000,AT3G31460,AT2G03890,AT1G80820,AT5G06900,AT1G35910,AT4G12550,AT1G68300,AT3G47500,AT5G23190,AT2G06700,AT4G13310,AT1G04980,AT5G39660,AT1G10470,AT1G70880,AT4G36040,AT2G48140,AT5G67030,AT1G13260,AT3G44470,AT5G40645,AT5G54080,AT2G14630,AT2G13750,AT1G22990,AT5G46300,AT3G29220,AT3G62640,AT1G75600,AT2G40170,AT3G20690,AT1G33860,AT1G78150,AT1G66760,AT1G53690	AT5G15830
0	AT2G46510	AIB	15	na	PWM845	CisBP	M0148_1.01	23	0.00015209626719789538	0.012395845776628472	152	AT3G16050,AT3G63350,AT4G12400,AT2G46830,AT3G17110,AT1G30070,AT5G18340,AT3G12320,AT1G56600,AT1G03070,AT3G08970,AT5G13170,AT3G54500,AT1G01520,AT5G05410,AT5G17300,AT4G03810,AT1G16730,AT2G14770,AT5G44260,AT5G06980,AT2G41250,AT5G22390,AT1G56170,AT1G59980,AT1G73480,AT2G36030,AT1G07500,AT2G36080,AT2G23110,AT2G46360,AT5G09930,AT5G62280,AT2G17080,AT1G27790,AT2G21650,AT1G30080,AT4G29710,AT1G15550,AT5G37260,AT4G04070,AT5G54470,AT2G21320,AT1G66510,AT3G46370,AT5G07330,AT4G08190,AT3G02140,AT1G02700,AT2G36780,AT1G13080,AT2G47270,AT4G09600,AT5G44120,AT3G27690,AT3G52830,AT1G34280,AT2G36050,AT2G41850,AT3G19270,AT2G19320,AT2G32140,AT5G45630,AT5G59080,AT5G06040,AT2G38510,AT5G51270,AT2G04063,AT2G36640,AT1G66120,AT1G64500,AT1G41770,AT1G13130,AT5G01380,AT2G25780,AT2G06020,AT5G44890,AT4G15700,AT3G23230,AT5G24550,AT1G22420,AT5G17030,AT1G63450,AT5G43620,AT1G62940,AT1G09155,AT2G42870,AT3G06780,AT1G61330,AT1G70300,AT5G43840,AT3G31403,AT3G56380,AT1G66380,AT1G60980,AT1G35570,AT3G27170,AT1G35140,AT5G23220,AT1G19610,AT4G36490,AT4G27530,AT1G78080,AT2G28120,AT2G03360,AT4G08770,AT5G13700,AT1G50720,AT2G18700,AT1G35490,AT1G59590,AT4G28085,AT2G27080,AT1G01720,AT4G05630,AT1G33770,AT3G07350,AT3G10800,AT1G70870,AT2G42640,AT5G55970,AT2G32930,AT3G15500,AT1G73000,AT5G22410,AT2G30750,AT2G12100,AT3G28190,AT5G62380,AT1G35910,AT5G52020,AT1G26790,AT4G27170,AT2G23970,AT2G06700,AT4G13310,AT5G35940,AT3G49480,AT5G39660,AT1G10470,AT5G35920,AT1G70880,AT1G47280,AT5G02430,AT3G52780,AT5G67030,AT3G60330,AT1G50220,AT3G62640,AT2G40170,AT5G49050,AT2G16620	na
0	AT5G46830	ATNIG1	11	na	PWM846	CisBP	M0148_1.01	24	0.00015209626719789538	0.012395845776628472	152	AT3G16050,AT3G63350,AT4G12400,AT2G46830,AT3G17110,AT1G30070,AT5G18340,AT3G12320,AT1G56600,AT1G03070,AT3G08970,AT5G13170,AT3G54500,AT1G01520,AT5G05410,AT5G17300,AT4G03810,AT1G16730,AT2G14770,AT5G44260,AT5G06980,AT2G41250,AT5G22390,AT1G56170,AT1G59980,AT1G73480,AT2G36030,AT1G07500,AT2G36080,AT2G23110,AT2G46360,AT5G09930,AT5G62280,AT2G17080,AT1G27790,AT2G21650,AT1G30080,AT4G29710,AT1G15550,AT5G37260,AT4G04070,AT5G54470,AT2G21320,AT1G66510,AT3G46370,AT5G07330,AT4G08190,AT3G02140,AT1G02700,AT2G36780,AT1G13080,AT2G47270,AT4G09600,AT5G44120,AT3G27690,AT3G52830,AT1G34280,AT2G36050,AT2G41850,AT3G19270,AT2G19320,AT2G32140,AT5G45630,AT5G59080,AT5G06040,AT2G38510,AT5G51270,AT2G04063,AT2G36640,AT1G66120,AT1G64500,AT1G41770,AT1G13130,AT5G01380,AT2G25780,AT2G06020,AT5G44890,AT4G15700,AT3G23230,AT5G24550,AT1G22420,AT5G17030,AT1G63450,AT5G43620,AT1G62940,AT1G09155,AT2G42870,AT3G06780,AT1G61330,AT1G70300,AT5G43840,AT3G31403,AT3G56380,AT1G66380,AT1G60980,AT1G35570,AT3G27170,AT1G35140,AT5G23220,AT1G19610,AT4G36490,AT4G27530,AT1G78080,AT2G28120,AT2G03360,AT4G08770,AT5G13700,AT1G50720,AT2G18700,AT1G35490,AT1G59590,AT4G28085,AT2G27080,AT1G01720,AT4G05630,AT1G33770,AT3G07350,AT3G10800,AT1G70870,AT2G42640,AT5G55970,AT2G32930,AT3G15500,AT1G73000,AT5G22410,AT2G30750,AT2G12100,AT3G28190,AT5G62380,AT1G35910,AT5G52020,AT1G26790,AT4G27170,AT2G23970,AT2G06700,AT4G13310,AT5G35940,AT3G49480,AT5G39660,AT1G10470,AT5G35920,AT1G70880,AT1G47280,AT5G02430,AT3G52780,AT5G67030,AT3G60330,AT1G50220,AT3G62640,AT2G40170,AT5G49050,AT2G16620	na
0	AT1G32150	AtbZIP68	0	0	PWM1236	CisBP	M0251_1.01	25	0.00021751039887946198	0.015599845807635014	151	AT1G74310,AT3G46230,AT1G73870,AT4G27657,AT3G63350,AT3G51910,AT3G17110,AT1G30070,AT5G18340,AT3G12320,AT1G56600,AT1G03070,AT4G26270,AT1G32900,AT3G54500,AT1G01520,AT1G61340,AT3G12050,AT5G17300,AT1G16730,AT5G52570,AT5G06980,AT5G58770,AT2G41250,AT5G22390,AT2G19310,AT1G56170,AT1G73480,AT5G64170,AT2G36030,AT5G65390,AT1G07500,AT2G36080,AT2G36220,AT5G19875,AT5G09930,AT3G03520,AT2G21820,AT5G45830,AT3G62950,AT1G30080,AT1G15550,AT5G37260,AT5G54470,AT3G32280,AT3G46370,AT5G07330,AT4G29330,AT3G02140,AT1G02700,AT5G16600,AT1G19050,AT5G28160,AT2G47270,AT4G38680,AT5G44120,AT3G27690,AT3G52830,AT2G36050,AT3G19270,AT2G41260,AT2G19320,AT1G02930,AT5G06820,AT5G45630,AT3G49790,AT3G13310,AT2G07550,AT2G36640,AT1G07410,AT1G66120,AT5G05860,AT1G20350,AT1G41770,AT5G01380,AT2G25780,AT5G44890,AT2G04038,AT3G23230,AT1G14360,AT5G24550,AT1G06170,AT3G28560,AT5G11220,AT1G09155,AT2G15700,AT3G06780,AT1G19530,AT1G70300,AT5G43840,AT3G31403,AT3G56380,AT1G66380,AT5G66880,AT3G27170,AT4G33660,AT5G23220,AT1G66090,AT4G36490,AT4G27530,AT2G37740,AT2G16250,AT4G10040,AT5G13700,AT2G18700,AT2G30480,AT1G35490,AT5G64940,AT4G28085,AT5G57660,AT1G01720,AT4G05630,AT3G07350,AT1G70870,AT5G25950,AT5G55970,AT2G32930,AT1G73000,AT2G30750,AT5G62380,AT1G35910,AT1G26790,AT3G29420,AT5G43150,AT3G47500,AT2G06700,AT4G13310,AT5G35940,AT5G63990,AT5G40430,AT1G04980,AT3G49480,AT5G39660,AT5G35920,AT1G70880,AT1G47280,AT5G04770,AT5G02430,AT3G52780,AT5G57910,AT5G67030,AT1G13260,AT5G39650,AT5G54080,AT3G04420,AT3G29220,AT2G40170,AT5G49690,AT2G16620,AT1G66760,AT1G53690	
0	AT1G32150	AtbZIP68	0	0	PWM2567	JASPAR	MA0968.1	34	0.00030867728913268794	0.017853496110158372	150	AT1G74310,AT3G46230,AT1G73870,AT4G27657,AT3G63350,AT3G51910,AT3G17110,AT1G30070,AT5G18340,AT3G12320,AT1G56600,AT1G03070,AT4G26270,AT3G54500,AT1G01520,AT1G61340,AT3G12050,AT5G17300,AT1G16730,AT5G52570,AT5G06980,AT5G58770,AT2G41250,AT5G22390,AT2G19310,AT1G56170,AT1G73480,AT5G64170,AT2G36030,AT5G65390,AT1G07500,AT2G36080,AT2G36220,AT5G19875,AT5G09930,AT3G03520,AT2G21820,AT5G45830,AT3G62950,AT1G30080,AT1G15550,AT5G37260,AT5G54470,AT3G32280,AT3G46370,AT5G07330,AT4G29330,AT3G02140,AT1G02700,AT5G16600,AT1G19050,AT5G28160,AT4G38680,AT5G44120,AT3G27690,AT3G52830,AT2G36050,AT3G19270,AT2G41260,AT2G19320,AT1G02930,AT5G06820,AT5G45630,AT3G49790,AT3G13310,AT2G07550,AT2G36640,AT1G07410,AT1G66120,AT5G05860,AT1G20350,AT1G41770,AT1G13130,AT5G01380,AT2G25780,AT5G44890,AT2G04038,AT3G23230,AT1G14360,AT5G24550,AT1G06170,AT3G28560,AT5G11220,AT1G09155,AT2G15700,AT3G06780,AT1G19530,AT1G70300,AT5G43840,AT3G31403,AT3G56380,AT1G66380,AT5G66880,AT3G27170,AT4G33660,AT5G23220,AT1G66090,AT4G36490,AT4G27530,AT2G37740,AT2G16250,AT4G10040,AT5G13700,AT2G18700,AT2G30480,AT1G35490,AT5G64940,AT4G28085,AT5G57660,AT1G01720,AT3G07350,AT1G70870,AT5G25950,AT5G55970,AT2G32930,AT5G15830,AT1G73000,AT2G30750,AT5G62380,AT1G35910,AT1G26790,AT3G29420,AT5G43150,AT3G47500,AT2G06700,AT4G13310,AT5G35940,AT5G63990,AT5G40430,AT1G04980,AT3G49480,AT5G39660,AT5G35920,AT1G70880,AT1G47280,AT5G04770,AT5G02430,AT3G52780,AT5G57910,AT5G67030,AT1G13260,AT5G39650,AT5G54080,AT3G04420,AT3G29220,AT2G40170,AT5G49690,AT2G16620,AT1G66760,AT1G53690	
0	AT1G32150	AtbZIP68	0	0	PWM2927	DAP-seq	BZIP68_col	50	0.0008423152900919277	0.03082186357418013	147	AT3G16050,AT1G74310,AT1G73870,AT3G24500,AT4G27657,AT3G63350,AT3G09440,AT5G18340,AT3G02380,AT3G12320,AT1G56600,AT1G03070,AT3G08970,AT1G54050,AT5G13170,AT4G26270,AT2G24100,AT1G32900,AT3G07090,AT1G18330,AT3G54500,AT5G09590,AT1G01520,AT1G61340,AT5G05410,AT4G15660,AT5G17300,AT1G16730,AT5G47160,AT5G44260,AT5G06980,AT5G58770,AT2G41250,AT5G64170,AT2G36030,AT5G65390,AT1G07500,AT3G22090,AT1G49870,ATMG00160,AT2G36220,AT2G14510,AT5G19875,AT5G09930,AT2G21820,AT3G28270,AT5G45830,AT3G62950,AT1G15550,AT5G37260,AT5G62430,AT5G54470,AT4G30490,AT3G57880,AT4G08190,AT4G29330,AT3G02140,AT1G02700,AT3G29810,AT2G01029,AT1G19050,AT5G28160,AT3G31410,AT4G38680,AT5G02900,AT5G44120,AT3G27690,AT3G19270,AT2G41260,AT2G19320,AT5G06820,AT3G06560,AT5G59080,AT3G59060,AT3G13270,AT3G13310,AT5G13080,AT2G36640,AT1G66120,AT4G04590,AT1G20350,AT1G41770,AT5G01380,AT2G04038,AT3G23230,AT5G24550,AT2G10380,AT3G61930,AT2G15700,AT5G07480,AT5G57790,AT5G43840,AT2G30090,AT1G08570,AT3G31403,AT3G56380,AT5G66880,AT5G45820,AT4G33660,AT4G36490,AT4G27530,AT4G13090,AT2G37740,AT2G16250,AT4G10040,AT5G15450,AT2G18700,AT2G25090,AT3G63460,AT1G35490,AT5G64940,AT1G01720,AT3G28740,AT3G07350,AT1G70870,AT5G55970,AT1G73000,AT2G03890,AT1G49560,AT3G19680,AT4G12550,AT1G68300,AT1G26790,AT3G47500,AT2G43010,AT2G06700,AT4G13310,AT5G39660,AT1G10470,AT1G70880,AT4G36040,AT5G02430,AT2G48140,AT5G67030,AT1G13260,AT3G44470,AT5G40645,AT5G39650,AT5G54080,AT2G13750,AT3G29220,AT3G62640,AT1G75600,AT2G40170,AT3G20690,AT1G78150,AT1G66760	
0	AT2G35530	AtbZIP16	0	0	PWM1237	CisBP	M0251_1.01	26	0.00021751039887946198	0.015599845807635014	151	AT1G74310,AT3G46230,AT1G73870,AT4G27657,AT3G63350,AT3G51910,AT3G17110,AT1G30070,AT5G18340,AT3G12320,AT1G56600,AT1G03070,AT4G26270,AT1G32900,AT3G54500,AT1G01520,AT1G61340,AT3G12050,AT5G17300,AT1G16730,AT5G52570,AT5G06980,AT5G58770,AT2G41250,AT5G22390,AT2G19310,AT1G56170,AT1G73480,AT5G64170,AT2G36030,AT5G65390,AT1G07500,AT2G36080,AT2G36220,AT5G19875,AT5G09930,AT3G03520,AT2G21820,AT5G45830,AT3G62950,AT1G30080,AT1G15550,AT5G37260,AT5G54470,AT3G32280,AT3G46370,AT5G07330,AT4G29330,AT3G02140,AT1G02700,AT5G16600,AT1G19050,AT5G28160,AT2G47270,AT4G38680,AT5G44120,AT3G27690,AT3G52830,AT2G36050,AT3G19270,AT2G41260,AT2G19320,AT1G02930,AT5G06820,AT5G45630,AT3G49790,AT3G13310,AT2G07550,AT2G36640,AT1G07410,AT1G66120,AT5G05860,AT1G20350,AT1G41770,AT5G01380,AT2G25780,AT5G44890,AT2G04038,AT3G23230,AT1G14360,AT5G24550,AT1G06170,AT3G28560,AT5G11220,AT1G09155,AT2G15700,AT3G06780,AT1G19530,AT1G70300,AT5G43840,AT3G31403,AT3G56380,AT1G66380,AT5G66880,AT3G27170,AT4G33660,AT5G23220,AT1G66090,AT4G36490,AT4G27530,AT2G37740,AT2G16250,AT4G10040,AT5G13700,AT2G18700,AT2G30480,AT1G35490,AT5G64940,AT4G28085,AT5G57660,AT1G01720,AT4G05630,AT3G07350,AT1G70870,AT5G25950,AT5G55970,AT2G32930,AT1G73000,AT2G30750,AT5G62380,AT1G35910,AT1G26790,AT3G29420,AT5G43150,AT3G47500,AT2G06700,AT4G13310,AT5G35940,AT5G63990,AT5G40430,AT1G04980,AT3G49480,AT5G39660,AT5G35920,AT1G70880,AT1G47280,AT5G04770,AT5G02430,AT3G52780,AT5G57910,AT5G67030,AT1G13260,AT5G39650,AT5G54080,AT3G04420,AT3G29220,AT2G40170,AT5G49690,AT2G16620,AT1G66760,AT1G53690	
0	AT2G35530	AtbZIP16	0	0	PWM2908	DAP-seq	BZIP16_col	44	0.0006074491990140415	0.02532921892632968	148	AT3G16050,AT1G74310,AT1G73870,AT3G24500,AT4G27657,AT3G63350,AT5G18340,AT3G02380,AT3G12320,AT2G32690,AT1G56600,AT1G03070,AT3G08970,AT5G13170,AT4G26270,AT2G24100,AT1G32900,AT3G07090,AT1G18330,AT3G54500,AT5G09590,AT1G01520,AT1G61340,AT5G05410,AT5G17300,AT1G16730,AT5G52570,AT5G06980,AT5G58770,AT2G41250,AT1G56170,AT5G64170,AT2G36030,AT5G65390,AT1G07500,AT1G49870,ATMG00160,AT2G36220,AT2G14510,AT1G07180,AT5G09930,AT3G03520,AT2G21820,AT3G28270,AT5G45830,AT3G62950,AT1G15550,AT5G37260,AT5G62430,AT5G54470,AT4G30490,AT3G57880,AT4G08190,AT4G29330,AT3G02140,AT1G02700,AT3G29810,AT5G07010,AT2G01029,AT1G19050,AT5G28160,AT4G35770,AT4G38680,AT5G02900,AT5G44120,AT3G27690,AT3G19270,AT2G41260,AT2G19320,AT5G06820,AT5G59080,AT3G59060,AT3G49790,AT4G27450,AT3G13270,AT3G13310,AT2G36640,AT1G66120,AT4G04590,AT1G20350,AT1G41770,AT5G01380,AT2G04038,AT3G23230,AT5G24550,AT2G10380,AT3G61930,AT2G15700,AT5G07480,AT5G57790,AT5G43840,AT3G31403,AT3G56380,AT5G66880,AT5G45820,AT3G27170,AT4G36490,AT4G27530,AT4G13090,AT2G37740,AT2G16250,AT4G10040,AT5G15450,AT2G18700,AT5G22920,AT2G31080,AT3G63460,AT1G35490,AT5G64940,AT5G57660,AT1G01720,AT3G28740,AT3G07350,AT1G70870,AT5G55970,AT1G73000,AT2G03890,AT1G49560,AT3G19680,AT4G12550,AT1G68300,AT1G26790,AT3G47500,AT2G43010,AT2G06700,AT5G40430,AT5G39660,AT1G10470,AT1G70880,AT4G36040,AT5G02430,AT5G57910,AT2G48140,AT5G67030,AT1G13260,AT5G40645,AT5G39650,AT5G54080,AT2G13750,AT3G04420,AT3G02810,AT3G29220,AT1G75600,AT2G40170,AT3G20690,AT1G78150,AT1G66760,AT1G53690	
0	AT4G16430	JAM3	0	na	PWM2556	JASPAR	MA0957.1	27	0.00021751039887946198	0.015599845807635014	151	AT2G26150,AT4G12400,AT2G46830,AT3G17110,AT1G30070,AT5G18340,AT3G12320,AT1G56600,AT1G03070,AT2G24100,AT2G47180,AT1G01520,AT1G61340,AT4G29770,AT5G17300,AT1G16730,AT2G14770,AT5G06980,AT2G41250,AT1G56170,AT1G59980,AT4G08300,AT1G73480,AT5G64170,AT2G36030,AT5G65390,AT1G55530,AT1G07500,AT2G36080,AT2G23110,AT5G19875,AT5G62280,AT3G03520,AT2G45500,AT1G27790,AT1G51000,AT1G30080,AT2G14300,AT4G29710,AT1G15550,AT4G04070,AT5G62020,AT2G21320,AT4G19430,AT3G46370,AT3G57880,AT3G02140,AT4G29140,AT1G02700,AT3G15770,AT1G13700,AT5G07010,AT2G36780,AT2G42380,AT2G47270,AT4G09600,AT1G43755,AT2G16290,AT4G38680,AT5G04340,AT4G30290,AT2G03720,AT2G36050,AT2G41850,AT2G41260,AT2G32140,AT1G62510,AT3G53200,ATMG01360,AT5G13080,AT2G04063,AT1G07410,AT1G66120,AT1G41770,AT1G13130,AT5G01380,AT2G06020,AT4G15700,AT3G23230,AT5G11220,AT1G09155,AT3G06780,AT1G19530,AT3G28120,AT1G70300,AT5G57790,AT5G66110,AT5G50335,AT3G31403,AT3G56380,AT4G36370,AT1G66380,AT1G35570,AT4G07586,AT3G27170,AT1G35140,AT4G36490,AT4G27530,AT1G78080,AT1G19180,ATMG00730,AT1G35740,AT5G13700,AT2G18700,AT5G19120,AT5G66100,AT3G29450,AT4G28085,AT2G27080,AT5G57660,AT1G01720,AT2G21690,AT5G02500,AT4G05630,AT3G07350,AT3G10800,AT1G70870,AT2G42640,AT5G55970,AT2G32930,AT3G15500,AT1G73000,AT3G31460,AT5G22410,AT2G03890,AT2G12100,AT1G80820,AT1G35910,AT2G23970,AT2G06700,AT1G64200,AT4G13310,AT5G40430,AT3G49480,AT1G65980,AT5G25190,AT2G25160,AT5G35920,AT1G70880,AT1G76240,AT5G02430,AT5G57910,AT5G67030,AT3G60330,AT1G50220,AT3G04420,AT2G23210,AT1G09950,AT2G40170,AT1G66760,AT5G12340	na
0	AT1G01260	JAM2	0	0	PWM2557	JASPAR	MA0958.1	28	0.00021751039887946198	0.015599845807635014	151	AT2G26150,AT4G12400,AT3G17110,AT5G18340,AT3G12320,AT1G56600,AT1G67360,AT2G24100,AT2G47180,AT1G01520,AT1G61340,AT5G17300,AT1G16730,AT2G14770,AT5G06980,AT1G56170,AT1G59980,AT4G08300,AT1G73480,AT5G64170,AT2G36030,AT5G65390,AT1G55530,AT1G07500,AT2G36080,AT2G23110,AT5G19875,AT1G07180,AT5G46960,AT5G62280,AT2G45500,AT1G27790,AT2G14300,AT1G15550,AT5G37260,AT4G04070,AT5G62020,AT2G21320,AT4G19430,AT3G46370,AT3G57880,AT3G02140,AT4G29140,AT1G02700,AT3G15770,AT1G13700,AT5G07010,AT2G36780,AT2G42380,AT1G13080,AT2G47270,AT4G09600,AT1G43755,AT2G16290,AT4G38680,AT5G04340,AT4G30290,AT2G03720,AT2G36050,AT2G41850,AT2G41260,AT2G32140,AT5G01990,AT1G62510,AT3G53200,ATMG01360,AT5G13080,AT2G04063,AT1G65690,AT1G07410,AT1G66120,AT5G05860,AT1G41770,AT1G13130,AT5G01380,AT2G06020,AT4G15700,AT3G23230,AT5G11220,AT1G09155,AT3G06780,AT5G07480,AT1G19530,AT3G28120,AT1G70300,AT5G57790,AT5G66110,AT5G50335,AT3G31403,AT3G56380,AT4G36370,AT1G66380,AT1G35570,AT4G07586,AT3G27170,AT1G35140,AT4G36490,AT4G27530,AT2G28120,AT1G19180,ATMG00730,AT1G35740,AT5G13700,AT5G15450,AT2G18700,AT5G19120,AT5G66100,AT3G29450,AT4G28085,AT5G57660,AT1G01720,AT5G02500,AT4G05630,AT3G07350,AT3G10800,AT1G70870,AT2G42640,AT3G24050,AT5G55970,AT2G32930,AT3G15500,AT1G73000,AT3G31460,AT5G22410,AT2G12100,AT1G49560,AT1G35910,AT2G23970,AT2G06700,AT1G64200,AT4G13310,AT5G40430,AT3G49480,AT1G65980,AT5G25190,AT1G10470,AT2G25160,AT5G35920,AT1G70880,AT1G76240,AT5G02430,AT5G57910,AT5G67030,AT3G60330,AT1G50220,AT3G04420,AT3G02810,AT2G23210,AT1G09950,AT1G66760,AT5G12340	
0	AT1G34190	anac017	3	0	PWM3355	DAP-seq	ANAC017_col	29	0.00021751039887946198	0.015599845807635014	151	AT4G25200,AT1G71000,AT1G59860,AT5G51440,AT5G52640,AT5G48570,AT1G56600,AT1G03070,AT4G26270,AT1G32900,AT3G07090,AT2G47180,AT3G54500,AT1G01520,AT3G42080,AT5G44260,AT5G58770,AT2G20670,AT1G10050,AT1G73480,AT1G07500,AT3G22090,AT1G30030,AT2G23110,AT3G25650,AT2G14510,AT1G07180,AT3G47340,AT4G14270,AT2G21820,AT2G45500,AT3G28270,AT1G05920,AT4G15420,AT2G07749,AT4G30490,AT4G02550,AT2G04050,AT4G21323,AT1G21240,AT3G15770,AT5G35280,AT3G43970,AT2G01029,AT2G39510,ATMG01220,AT5G28160,ATMG00060,AT2G02120,AT2G21640,AT4G30290,AT1G70920,AT2G12290,AT2G41850,AT1G60340,AT1G74870,AT4G20790,AT3G19270,AT5G53250,AT4G01180,AT2G32140,AT3G13820,AT5G03680,AT3G42900,AT3G06560,AT2G07550,AT2G04063,AT5G28510,AT4G25340,AT1G64940,ATMG00670,AT1G20350,AT1G23570,AT3G14520,AT1G41770,AT3G23350,AT4G27652,AT1G13130,AT2G07714,AT5G17030,AT3G28560,AT5G10660,AT1G62940,AT4G30270,ATMG00430,AT2G15700,AT3G06780,AT1G19530,AT1G61330,AT2G31730,AT5G57790,AT3G45560,AT4G07540,AT2G30090,AT3G56380,AT1G33960,AT1G35570,AT2G07736,AT4G33660,AT5G23220,AT4G19780,AT4G36490,AT3G11480,AT5G54460,ATMG01130,AT3G47050,AT2G23270,AT1G52660,AT1G33813,AT1G35490,AT2G30220,AT1G59590,AT1G75100,AT1G77730,AT5G55970,AT5G02020,AT2G32930,AT5G48390,AT4G36460,AT4G30230,AT3G03270,AT3G18180,AT5G23190,AT1G78600,AT1G69630,AT2G22950,AT1G52240,AT5G18160,AT1G65980,AT3G13610,AT5G39660,AT4G21830,AT2G29300,AT2G26410,AT1G33817,AT1G65970,AT5G38700,AT1G23510,AT1G11990,AT2G13890,AT1G13310,AT2G32360,AT1G22990,AT1G47790,AT5G52690,AT5G40010,AT1G05330,AT1G09950,AT2G27700,AT2G41860,AT4G07350	
0	AT5G46760	MYC3	2	0	PWM879	CisBP	M0164_1.01	30	0.00021751039887946198	0.015599845807635014	151	AT2G26150,AT3G16050,AT3G63350,AT4G12400,AT2G46830,AT3G17110,AT1G30070,AT5G18340,AT3G02380,AT3G12320,AT1G56600,AT1G03070,AT3G08970,AT5G13170,AT1G32900,AT3G54500,AT1G01520,AT5G17300,AT1G16730,AT2G14770,AT5G44260,AT5G06980,AT5G58770,AT1G56170,AT1G59980,AT1G73480,AT2G36030,AT1G07500,AT2G36080,AT2G23110,AT2G46360,AT5G09930,AT2G17080,AT1G27790,AT1G30080,AT1G15550,AT5G37260,AT4G04070,AT5G54470,AT2G21320,AT3G46370,AT4G08190,AT3G02140,AT3G23990,AT1G13080,AT4G09600,AT3G27690,AT3G52830,AT2G36050,AT2G41850,AT3G19270,AT2G19320,AT2G32140,AT1G02930,AT5G45630,AT5G59080,AT3G59060,AT5G51270,AT2G04063,AT1G66120,AT1G64500,AT4G04590,AT1G41770,AT1G13130,AT1G74490,AT5G01380,AT2G25780,AT2G06020,AT5G44890,AT4G15700,AT2G04038,AT3G23230,AT1G14360,AT5G24550,AT1G22420,AT1G62940,AT1G09155,AT2G42870,AT3G06780,AT1G19530,AT1G70300,AT5G57790,AT5G43840,AT3G31403,AT3G56380,AT1G66380,AT5G66880,AT3G27170,AT1G35140,AT5G23220,AT1G19610,AT4G36490,AT4G27530,AT1G78080,AT2G28120,AT1G19180,AT4G08770,AT5G13700,AT1G50720,AT2G18700,AT3G30660,AT3G23460,AT5G40320,AT4G28085,AT2G27080,AT5G57660,AT1G01720,AT4G05630,AT1G33770,AT3G07350,AT3G10800,AT1G70870,AT2G42640,AT3G24050,AT2G32930,AT3G15500,AT1G73000,AT5G22410,AT2G30750,AT1G80820,AT3G28190,AT5G62380,AT1G35910,AT3G19680,AT4G12550,AT5G43150,AT4G27170,AT2G23970,AT2G06700,AT5G35940,AT3G27510,AT5G41620,AT3G49480,AT5G39660,AT1G10470,AT2G25160,AT5G35920,AT1G70880,AT5G62080,AT1G47280,AT5G02430,AT3G52780,AT5G57910,AT5G67030,AT3G60330,AT5G38700,AT1G50220,AT3G04420,AT1G78150,AT1G66760,AT1G53690	
0	AT5G38860	BIM3	0	na	PWM1277	CisBP	M0163_1.01	31	0.00030867728913268794	0.017853496110158372	150	AT2G26150,AT4G12400,AT3G17110,AT1G30070,AT5G18340,AT3G12320,AT1G56600,AT1G03070,AT3G08970,AT5G13170,AT2G47180,AT3G54500,AT1G01520,AT5G17300,AT1G16730,AT2G14770,AT5G06980,AT5G58770,AT2G41250,AT1G56170,AT1G59980,AT1G73480,AT2G36030,AT5G65390,AT1G07500,AT2G36080,AT2G23110,AT5G19875,AT3G03520,AT1G27790,AT2G21650,AT3G62950,AT1G30080,AT4G29710,AT1G15550,AT5G37260,AT5G62020,AT5G54470,AT2G21320,AT4G19430,AT5G07760,AT3G46370,AT3G02140,AT4G29140,AT4G16000,AT1G13700,AT5G07010,AT2G36780,AT1G13080,AT2G47270,AT4G09600,AT3G47440,AT4G38680,AT3G27690,AT5G59070,AT3G52830,AT2G21640,AT2G36050,AT2G41850,AT3G19270,AT5G58787,AT2G19320,AT5G01990,AT5G06820,AT1G66100,AT3G53200,AT5G59080,AT4G27450,AT4G08880,AT5G13080,AT2G04063,AT2G36640,AT5G59060,AT2G44840,AT1G66120,AT4G04590,AT1G41770,AT1G13130,AT1G74490,AT5G01380,AT2G06020,AT5G44890,AT4G15700,AT2G04038,AT3G23230,AT5G24550,AT1G62940,AT1G09155,AT2G42870,AT3G06780,AT5G07480,AT1G70300,AT5G57790,AT5G43840,AT4G12930,AT3G31403,AT3G56380,AT1G66380,AT1G35570,AT5G66880,AT4G07586,AT3G27170,AT5G23220,AT1G19610,AT4G36490,AT4G27530,AT1G19180,AT2G37740,AT5G13700,AT2G18700,AT5G19120,AT3G29450,AT4G28085,AT2G23130,AT1G01720,AT5G02500,AT1G33770,AT3G07350,AT3G10800,AT4G27460,AT1G70870,AT2G42640,AT2G32930,AT3G15500,AT1G73000,AT1G35910,AT2G22860,AT2G23970,AT2G06700,AT4G13310,AT5G40430,AT3G49480,AT5G25190,AT5G39660,AT1G10470,AT5G35920,AT1G70880,AT4G36040,AT5G02430,AT3G52780,AT5G57910,AT5G67030,AT3G60330,AT1G13260,AT5G40645,AT1G50220,AT1G23510,AT2G13890,AT2G27700,AT5G12340	na
0	AT5G38860	BIM3	0	na	PWM2565	JASPAR	MA0966.1	33	0.00030867728913268794	0.017853496110158372	150	AT2G26150,AT4G12400,AT3G17110,AT1G30070,AT5G18340,AT3G12320,AT1G56600,AT1G03070,AT3G08970,AT5G13170,AT2G47180,AT3G54500,AT5G09590,AT1G01520,AT5G17300,AT1G16730,AT2G14770,AT5G06980,AT5G58770,AT2G41250,AT1G56170,AT1G59980,AT1G73480,AT5G64170,AT2G36030,AT5G65390,AT1G07500,AT2G36080,AT2G23110,AT5G19875,AT5G09930,AT3G03520,AT2G21650,AT3G62950,AT1G30080,AT1G15550,AT5G37260,AT5G62020,AT5G54470,AT2G21320,AT4G19430,AT3G46370,AT3G02140,AT4G29140,AT4G16000,AT1G13700,AT5G07010,AT2G36780,AT1G13080,AT2G47270,AT4G09600,AT3G47440,AT4G38680,AT3G27690,AT5G59070,AT3G52830,AT2G21640,AT2G36050,AT2G41850,AT3G19270,AT5G58787,AT2G19320,AT5G01990,AT5G06820,AT1G66100,AT3G53200,AT5G59080,AT4G27450,AT4G08880,AT5G13080,AT2G04063,AT2G36640,AT5G59060,AT2G44840,AT1G66120,AT4G04590,AT1G41770,AT1G13130,AT1G74490,AT5G01380,AT2G06020,AT5G44890,AT4G15700,AT2G04038,AT3G23230,AT5G24550,AT1G62940,AT1G09155,AT2G42870,AT3G06780,AT5G07480,AT1G70300,AT5G57790,AT5G43840,AT4G12930,AT3G56380,AT1G66380,AT1G35570,AT5G66880,AT4G07586,AT3G27170,AT5G23220,AT1G19610,AT4G36490,AT4G27530,AT1G19180,AT2G37740,AT5G13700,AT2G18700,AT5G19120,AT3G29450,AT4G28085,AT2G23130,AT1G01720,AT5G02500,AT1G33770,AT3G07350,AT3G10800,AT4G27460,AT1G70870,AT2G42640,AT2G32930,AT3G15500,AT1G73000,AT1G35910,AT2G22860,AT2G43010,AT2G23970,AT2G06700,AT4G13310,AT5G40430,AT3G49480,AT5G25190,AT5G39660,AT1G10470,AT5G35920,AT1G70880,AT4G36040,AT5G02430,AT3G52780,AT5G57910,AT5G67030,AT3G60330,AT1G13260,AT5G40645,AT1G50220,AT2G13890,AT3G62640,AT2G27700,AT5G12340	na
0	AT4G36730	AtGBF1	95	0	PWM1292	CisBP	M0264_1.01	32	0.00030867728913268794	0.017853496110158372	150	AT1G74310,AT1G73870,AT4G27657,AT3G63350,AT3G51910,AT5G18340,AT3G12320,AT1G56600,AT1G03070,AT4G26270,AT1G18330,AT3G54500,AT5G09590,AT1G01520,AT1G61340,AT3G12050,AT5G17300,AT1G16730,AT5G44260,AT5G52570,AT5G06980,AT5G58770,AT2G41250,AT2G19310,AT1G56170,AT1G73480,AT5G64170,AT2G36030,AT5G65390,AT1G07500,AT1G49870,AT2G36080,ATMG00160,AT2G36220,AT5G19875,AT1G07180,AT5G09930,AT3G03520,AT2G21820,AT3G28270,AT5G45830,AT3G47420,AT3G62950,AT1G15550,AT5G37260,AT5G54470,AT3G32280,AT3G57880,AT5G07330,AT4G08190,AT4G29330,AT3G02140,AT4G16000,AT1G02700,AT3G29810,AT5G07010,AT5G16600,AT1G19050,AT5G28160,AT3G31410,AT4G38680,AT5G44120,AT3G27690,AT3G52830,AT2G36050,AT3G19270,AT2G41260,AT2G19320,AT5G06820,AT5G45630,AT3G06560,AT3G49790,AT3G13310,AT2G36640,AT4G30540,AT1G66120,AT5G05860,AT1G20350,AT1G41770,AT5G01380,AT2G04038,AT3G23230,AT1G14360,AT5G24550,AT1G22420,AT1G09155,AT2G15700,AT3G06780,AT1G19530,AT1G70300,AT5G43840,AT3G31403,AT3G56380,AT5G66880,AT5G45820,AT3G27170,AT4G33660,AT5G23220,AT4G36490,AT5G36090,AT4G27530,AT4G13090,AT2G37740,AT2G16250,AT4G10040,AT1G65490,AT2G18700,AT2G30480,AT1G35490,AT5G64940,AT1G01720,AT3G07350,AT1G70870,AT5G25950,AT5G55970,AT2G32930,AT2G03890,AT2G12100,AT3G28190,AT1G35910,AT4G12550,AT1G26790,AT3G47500,AT5G23190,AT2G06700,AT4G13310,AT5G63990,AT3G27510,AT5G40430,AT1G04980,AT3G49480,AT5G39660,AT5G35920,AT1G70880,AT5G62080,AT5G04770,AT5G02430,AT5G57910,AT5G67030,AT1G13260,AT5G39650,AT5G38700,AT5G54080,AT3G04420,AT3G29220,AT2G01024,AT2G40170,AT3G20690,AT1G78150,AT1G66760	
0	AT1G19040	AT1G19040	24	na	PWM3397	DAP-seq	AT1G19040_col	35	0.00030867728913268794	0.017853496110158372	150	AT5G12020,AT4G25200,AT1G71000,AT1G59860,AT5G12030,AT3G46230,AT5G51440,AT5G52640,AT5G48570,AT3G20180,AT4G39675,AT1G07350,AT4G26270,AT1G32900,AT2G47180,AT1G44414,AT5G09590,AT3G42080,AT5G17300,AT5G58770,AT2G20670,AT1G10050,AT1G73480,AT1G07500,AT3G22090,AT1G30030,AT2G23110,AT3G25650,AT1G07180,AT3G47340,AT4G14270,AT1G05920,AT4G15420,AT2G07749,AT2G26520,AT5G37260,AT4G04070,AT4G30490,AT3G57880,AT2G04050,AT3G15770,AT5G35280,AT2G31380,AT3G43970,AT1G19050,ATMG01220,AT5G28160,ATMG00060,AT4G14640,AT3G26150,AT2G21640,AT2G41850,AT1G74870,AT3G19270,AT5G53250,AT4G01180,AT2G32140,AT3G13820,AT5G03680,AT3G42900,AT3G06560,AT2G07550,AT5G51270,AT2G04063,AT4G25340,AT1G20350,AT1G23570,AT3G14520,AT1G41770,AT3G23350,AT2G35570,AT3G10930,AT3G28840,AT2G07714,AT5G24550,AT1G63450,AT1G06170,AT3G28560,AT5G10660,AT1G62940,AT5G01180,AT4G30270,AT4G22330,AT3G06780,AT1G61330,AT3G28210,AT3G45560,AT2G30090,AT3G56380,AT1G35570,AT2G07736,AT4G19780,AT4G36490,AT2G38830,AT5G39280,AT3G11480,AT5G54460,ATMG01130,AT3G47050,AT5G15450,AT2G31080,AT2G23270,AT1G52660,AT1G33813,AT1G35490,AT2G30220,AT1G21910,AT1G59590,AT5G64940,AT1G75100,AT1G77730,AT5G02020,AT2G32930,AT5G48390,AT4G36460,AT3G45280,AT4G30230,ATMG00040,AT5G46730,AT3G28190,AT4G04490,AT3G03270,AT3G18180,AT1G69630,AT3G21170,AT1G52240,AT4G17480,AT1G65980,AT5G25190,AT5G39660,AT4G21830,AT1G33817,AT5G61650,AT1G65970,AT3G60330,AT5G39650,AT2G10450,AT1G23510,AT2G13890,AT1G13310,AT2G32360,AT3G29220,AT1G47790,AT1G09950,AT5G56570,AT3G20690,AT2G27700,AT1G78150,AT2G41860,AT4G07350	na
0	AT5G54680	bHLH105	9	1	PWM1375	CisBP	M0166_1.01	36	0.00043469439260641093	0.021650195720647077	149	AT3G16050,AT4G12400,AT2G46830,AT3G17110,AT5G18340,AT3G02380,AT3G12320,AT1G56600,AT1G03070,AT3G08970,AT5G13170,AT2G24100,AT2G47180,AT3G54500,AT1G01520,AT5G17300,AT1G16730,AT2G14770,AT5G06980,AT5G58770,AT2G41250,AT5G22390,AT1G56170,AT1G59980,AT1G73480,AT5G65390,AT1G07500,AT1G49870,AT2G36080,AT2G23110,AT2G46360,AT5G09930,AT3G03520,AT1G51000,AT3G62950,AT4G29710,AT1G15550,AT5G37260,AT4G04070,AT5G54470,AT2G21320,AT4G19430,AT3G46370,AT3G02140,AT1G02700,AT5G07010,AT1G13080,AT2G47270,AT4G09600,AT5G59070,AT3G52830,AT2G36050,AT3G19270,AT2G19320,AT2G32140,AT1G02930,AT5G01990,AT5G06820,AT5G45630,AT3G53200,AT3G59060,AT5G51270,AT2G04063,AT2G36640,AT5G59060,AT1G66120,AT1G64500,AT1G41770,AT1G13130,AT1G74490,AT5G01380,AT2G25780,AT2G06020,AT4G15700,AT5G24550,AT1G22420,AT3G28560,AT1G62940,AT1G09155,AT3G06780,AT1G19530,AT1G61330,AT1G70300,AT5G57790,AT5G43840,AT3G56380,AT1G66380,AT1G60980,AT1G35570,AT5G66880,AT4G07586,AT3G27170,AT1G35140,AT1G19610,AT4G36490,AT4G27530,AT1G78080,AT1G19180,AT4G10040,AT5G13700,AT1G50720,AT2G18700,AT3G29450,AT1G35490,AT4G28085,AT1G01720,AT4G05630,AT3G07350,AT3G10800,AT1G70870,AT2G42640,AT5G55970,AT2G32930,AT3G15500,AT1G73000,AT2G30750,AT1G80820,AT3G28190,AT5G62380,AT1G35910,AT4G12550,AT2G22860,AT1G26790,AT3G29420,AT2G43010,AT2G23970,AT2G06700,AT5G35940,AT5G40430,AT3G49480,AT5G39660,AT1G10470,AT5G35920,AT1G70880,AT1G47280,AT5G02430,AT3G52780,AT5G57910,AT2G13230,AT5G67030,AT3G60330,AT1G13260,AT5G40645,AT1G50220,AT1G09950,AT2G40170,AT2G27700,AT2G16620,AT1G53690	AT5G62380
0	AT1G45249	ABF2	1	0	PWM2540	JASPAR	MA0941.1	37	0.00043469439260641093	0.021650195720647077	149	AT3G16050,AT3G09640,AT1G71000,AT1G73870,AT4G27657,AT5G49700,AT2G46830,AT3G17110,AT5G18340,AT3G02380,AT3G12320,AT1G56600,AT1G03070,AT3G08970,AT2G24100,AT3G54500,AT1G01520,AT1G61340,AT5G17300,AT1G16730,AT5G06980,AT2G41250,AT1G56170,AT1G73480,AT5G64170,AT2G36030,AT5G65390,AT1G55530,AT1G07500,AT1G49870,AT2G36080,AT2G23110,AT1G07180,AT5G09930,AT2G21820,AT2G45500,AT3G62950,AT5G37260,AT4G04070,AT5G62020,AT5G54470,AT2G21320,AT4G30490,AT3G46370,AT3G57880,AT4G29330,AT3G02140,AT4G16000,AT1G02700,AT1G13080,AT4G09600,AT1G26860,AT2G36050,AT3G19270,AT2G41260,AT2G19320,AT2G32140,AT5G06820,AT5G45630,AT1G62510,AT3G53200,AT5G59080,AT3G59060,AT2G36640,AT1G65690,AT1G66120,AT5G05860,AT4G04590,AT1G41770,AT5G01380,AT2G06020,AT3G23230,AT5G24550,AT1G22420,AT5G11220,AT1G09155,AT3G06780,AT5G07480,AT1G19530,AT1G70300,AT5G57790,AT2G30090,AT3G31403,AT3G56380,AT1G66380,AT1G35570,AT5G66880,AT3G27170,AT4G33660,AT5G26630,AT4G36490,AT4G27530,AT1G78080,AT2G37740,AT2G42360,AT4G10040,AT5G15450,AT2G18700,AT5G64940,AT4G28085,AT5G57660,AT2G23130,AT1G01720,AT4G05630,AT1G33770,AT3G07350,AT3G10800,AT1G70870,AT2G42640,AT5G25950,AT3G24050,AT5G55970,AT2G32930,AT3G15500,AT1G73000,AT3G31460,AT1G80820,AT1G49560,AT1G35910,AT3G19680,AT3G29420,AT5G43150,AT2G43010,AT2G06700,AT1G64200,AT5G40430,AT1G04980,AT3G49480,AT1G65980,AT5G39660,AT2G25160,AT5G35920,AT1G70880,AT5G04770,AT4G36040,AT5G02430,AT3G52780,AT5G57910,AT5G67030,AT3G60330,AT3G44470,AT5G39650,AT3G04420,AT3G02810,AT3G06070,AT2G40170,AT2G16620,AT1G78150,AT1G66760	
0	AT1G45249	ABF2	1	0	PWM1178	CisBP	M0252_1.01	43	0.0006074491990140415	0.02532921892632968	148	AT3G16050,AT3G09640,AT1G71000,AT1G73870,AT4G27657,AT5G49700,AT2G46830,AT3G17110,AT5G18340,AT3G02380,AT3G12320,AT1G56600,AT1G03070,AT3G08970,AT2G24100,AT3G54500,AT1G01520,AT1G61340,AT5G17300,AT1G16730,AT5G06980,AT2G41250,AT1G56170,AT1G73480,AT5G64170,AT2G36030,AT5G65390,AT1G55530,AT1G07500,AT1G49870,AT2G36080,AT2G23110,AT1G07180,AT5G09930,AT2G21820,AT2G45500,AT3G62950,AT5G37260,AT4G04070,AT5G62020,AT5G54470,AT2G21320,AT4G30490,AT3G46370,AT3G57880,AT4G29330,AT3G02140,AT4G16000,AT1G02700,AT1G13080,AT4G09600,AT1G66690,AT1G26860,AT2G36050,AT3G19270,AT2G41260,AT2G19320,AT2G32140,AT5G06820,AT5G45630,AT1G62510,AT3G53200,AT5G59080,AT3G59060,AT2G36640,AT1G65690,AT1G66120,AT5G05860,AT4G04590,AT1G41770,AT5G01380,AT2G06020,AT3G23230,AT5G24550,AT1G22420,AT5G11220,AT1G09155,AT3G06780,AT5G07480,AT1G19530,AT1G70300,AT5G57790,AT2G30090,AT3G31403,AT3G56380,AT1G66380,AT1G35570,AT5G66880,AT3G27170,AT4G33660,AT5G26630,AT4G36490,AT4G27530,AT1G78080,AT2G37740,AT2G42360,AT4G10040,AT5G15450,AT2G18700,AT5G64940,AT4G28085,AT5G57660,AT2G23130,AT1G01720,AT4G05630,AT3G07350,AT3G10800,AT1G70870,AT2G42640,AT5G25950,AT3G24050,AT5G55970,AT2G32930,AT3G15500,AT1G73000,AT3G31460,AT1G80820,AT1G49560,AT1G35910,AT3G19680,AT3G29420,AT5G43150,AT2G43010,AT2G06700,AT1G64200,AT5G40430,AT3G49480,AT1G65980,AT5G39660,AT2G25160,AT5G35920,AT1G70880,AT5G04770,AT4G36040,AT5G02430,AT3G52780,AT5G57910,AT5G67030,AT3G60330,AT3G44470,AT5G39650,AT3G04420,AT3G02810,AT3G06070,AT2G40170,AT2G16620,AT1G78150,AT1G66760	
0	AT2G24430	ANAC038	33	0	PWM3360	DAP-seq	ANAC038_col	39	0.00043469439260641093	0.021650195720647077	149	AT4G25200,AT1G71000,AT1G59860,AT5G51440,AT5G52640,AT5G48570,AT3G20180,AT3G17110,AT1G56600,AT1G03070,AT1G32900,AT2G47180,AT4G03810,AT5G23480,AT5G47160,AT5G58770,AT2G46735,AT2G20670,AT1G10050,AT1G73480,AT1G30030,ATMG00160,AT3G25650,AT1G07180,AT3G47340,AT5G09930,AT1G05920,AT1G30080,AT5G15250,AT4G04070,AT1G47780,AT1G50040,AT4G30490,AT3G57850,AT1G62080,AT3G57880,AT2G04050,AT3G15770,AT3G43970,AT1G19050,AT5G28160,AT1G43755,ATMG00060,AT4G35770,AT4G14640,AT3G26150,AT2G21640,AT1G70920,AT2G41850,AT1G60340,AT1G74870,ATMG00620,AT3G19270,AT3G42390,AT2G41260,AT5G53250,AT4G01180,AT2G32140,AT2G05090,AT3G13820,AT5G03680,AT3G06560,AT3G59060,AT5G06040,ATMG00640,AT2G07550,AT5G51270,AT5G13080,AT2G04063,AT1G66120,ATMG00670,AT1G20350,AT1G41770,AT3G23350,AT4G27652,AT3G10930,AT3G28840,AT2G07714,AT3G23230,AT3G50560,AT1G06170,AT3G28560,AT1G62940,AT5G01180,AT4G30270,AT3G06780,AT1G61330,AT3G45560,AT1G80440,AT3G56380,AT1G35570,AT2G04670,AT1G33100,AT5G23220,AT2G23060,AT4G19780,AT4G36490,AT3G11480,AT1G35730,AT3G47050,AT4G08770,AT2G18700,AT2G23270,AT1G52660,AT1G33813,AT2G30220,AT1G59590,AT1G75100,AT4G25810,AT1G77730,AT5G25950,AT5G55970,AT2G32930,AT3G12500,AT1G73000,AT2G30750,AT5G46730,AT3G28190,AT3G21830,AT1G18990,AT4G04490,AT3G18180,AT5G35940,AT5G63990,AT1G69630,AT3G03410,AT1G52240,AT4G17480,AT1G65980,AT3G13610,AT4G21830,AT1G33817,AT4G32280,AT1G47280,AT5G61650,AT3G60330,AT1G13260,AT1G23510,AT2G13890,AT1G13310,AT2G32360,AT2G01024,AT5G52690,AT2G40170,AT5G56570,AT5G49050,AT2G27700,AT1G78150,AT2G41860	
0	AT1G01720	ANAC002	114	na	PWM3399	DAP-seq	ATAF1_col	40	0.00043469439260641093	0.021650195720647077	149	AT1G73870,AT5G48570,AT1G66080,AT1G72660,AT3G17110,AT5G18340,AT3G12320,AT4G26270,AT3G07090,AT1G01520,AT3G12050,AT5G05410,AT5G17300,AT5G47160,AT2G14770,AT5G44260,AT4G15680,AT1G10050,AT1G73480,AT2G36030,AT4G05070,AT1G07500,AT2G36080,AT2G14510,AT4G03710,AT3G47420,AT3G62950,AT1G41797,AT4G04070,AT3G60940,AT1G50040,AT3G46370,AT3G57880,AT4G08190,AT4G29330,AT4G29140,AT3G15770,AT5G22060,AT5G35280,AT2G36780,AT2G01029,AT4G22670,AT2G39510,AT3G07770,AT1G13080,AT3G31410,ATMG00060,AT3G50150,AT4G03760,AT3G27690,AT4G30290,AT3G45950,AT2G41850,AT5G53250,AT2G19320,AT3G13820,AT2G28755,AT3G22570,AT1G22130,AT3G53200,AT3G13270,AT3G13310,AT2G07550,AT4G08880,AT4G25340,AT5G20770,ATMG00670,AT1G20350,AT1G23570,AT1G13130,AT5G17950,AT3G28840,AT2G39530,AT5G24550,AT1G06170,AT3G28560,AT4G30270,AT3G61930,AT2G15700,AT5G02810,AT2G31730,AT5G57790,AT5G43840,AT4G07540,AT2G30090,AT1G08570,AT3G27170,AT1G35140,AT1G33100,AT1G66090,AT4G27530,AT3G11480,AT4G13090,AT2G16250,AT3G47050,AT2G18700,AT3G30660,AT2G25090,AT2G30480,AT1G55300,AT1G35490,AT4G09290,AT3G23460,AT4G28085,AT5G57660,AT1G33770,AT4G25810,AT1G77730,AT1G70870,AT5G25950,AT2G32930,AT5G48390,AT4G30230,AT1G58450,AT2G30750,AT2G12100,AT5G06900,AT1G35910,AT3G19680,AT5G52020,AT3G03660,AT4G04490,AT1G64200,AT4G17480,AT1G08650,AT1G23580,AT1G70880,AT5G61650,AT3G52780,ATMG00710,AT2G13230,AT2G48140,AT5G67030,AT1G13260,AT2G15720,AT1G50220,AT5G29050,AT1G22990,AT3G27800,AT1G71690,AT5G52690,AT3G06070,AT3G62640,AT5G49690,AT5G56570,AT2G27700,AT1G66760,AT2G41860,AT1G75180	na
0	AT3G15170	ANAC054	7	0	PWM3400	DAP-seq	CUC1_col	41	0.00043469439260641093	0.021650195720647077	149	AT1G71000,AT1G59860,AT3G46230,AT5G51440,AT5G52640,AT5G48570,AT3G20180,AT3G17110,AT1G56600,AT1G03070,AT5G02490,AT1G32900,AT2G47180,AT4G03810,AT2G14770,AT5G06980,AT5G58770,AT2G46735,AT2G20670,AT1G59980,AT1G10050,AT1G73480,AT3G22090,AT1G30030,AT2G36080,AT3G25650,AT1G07180,AT3G47340,AT4G14270,AT2G21820,AT1G05920,AT4G15420,AT2G07749,AT5G15250,AT4G04070,AT1G47780,AT2G04050,ATMG00650,AT4G16000,AT3G15770,AT5G35280,AT3G43970,AT4G37010,AT2G01029,AT5G28160,ATMG00060,AT4G35770,AT3G26150,AT2G21640,AT2G19640,AT2G41850,AT1G60340,AT1G74870,AT3G19270,AT5G53250,AT4G01180,AT2G32140,AT3G13820,AT5G03680,AT3G06560,ATMG00640,AT2G07550,AT4G08880,AT5G51270,AT5G13080,AT2G04063,AT4G25340,ATMG00670,AT1G20350,AT1G41770,AT3G23350,AT4G27652,AT2G19630,AT5G01380,AT2G07714,AT5G17030,AT3G28560,AT5G10660,AT1G62940,AT5G01180,AT4G30270,AT3G06780,AT5G02810,AT1G19530,AT1G61330,AT3G45560,AT3G56380,AT1G35570,AT2G04670,AT3G27170,AT5G23220,AT2G23060,AT4G19780,AT4G36490,AT3G11480,AT1G35730,AT5G54460,AT3G47050,AT4G08770,AT2G23270,AT1G52660,AT1G33813,AT2G30220,AT1G59590,AT1G75100,AT4G25810,AT1G77730,AT1G70870,AT5G55970,AT2G32930,AT4G30230,AT1G21120,AT5G46730,AT3G28190,AT3G21830,AT4G04490,AT3G03270,AT3G18180,AT1G69630,AT3G03410,AT1G52240,AT4G17480,AT1G65980,AT3G13610,AT5G39660,AT4G21830,AT2G26410,AT1G70880,AT1G33817,AT4G32280,AT1G47280,AT5G61650,AT3G60330,AT1G13260,AT5G38700,AT1G23510,AT2G13750,AT1G13310,AT2G32360,AT5G01820,AT2G43820,AT1G05330,AT2G40170,AT5G49690,AT5G49050,AT2G27700,AT1G78150,AT1G66760,AT2G41860	
0	AT5G01380	GT3a	31	0	PWM3509	DAP-seq	GT3A_col	42	0.00043469439260641093	0.021650195720647077	149	AT3G16050,AT3G46230,AT2G46240,AT1G21550,AT3G17110,AT5G18340,AT3G12320,AT2G32690,AT1G03070,AT2G24100,AT1G32900,AT2G47180,AT1G01520,AT1G61340,AT5G17300,AT1G16730,AT5G06980,AT2G41250,AT1G56170,AT1G59980,AT4G08300,AT5G64170,AT2G36030,AT5G65390,AT1G55530,AT2G36080,AT3G47340,AT5G09930,AT5G27660,AT3G03520,AT2G21820,AT2G45500,AT1G27790,AT1G51000,AT4G29710,AT2G27580,AT1G15550,AT5G37260,AT3G60940,AT3G46370,AT3G57880,AT3G02140,AT5G07010,AT2G36780,AT1G13080,AT2G16290,AT4G38680,AT2G41260,AT2G32140,AT5G45630,AT3G19780,AT1G62510,AT3G53200,AT5G59080,AT3G59060,AT4G27450,AT4G08880,AT5G13080,AT2G11270,AT4G30540,AT2G44840,AT1G66120,AT5G05860,AT4G04590,AT4G39890,AT5G01380,AT3G15450,AT3G23230,AT5G24550,AT1G22420,AT5G11220,AT1G09155,AT3G06780,AT1G19530,AT1G70300,AT5G50335,AT1G08570,AT3G31403,AT3G56380,AT1G66380,AT1G60980,AT1G35570,AT5G66880,AT4G07586,AT3G27170,AT4G36490,AT5G39280,AT1G19180,AT5G54460,AT2G37740,AT5G13700,AT5G15450,AT2G18700,AT5G19120,AT1G35490,AT4G23680,AT5G64940,AT5G57660,AT1G01720,AT3G28740,AT4G05630,AT3G07350,AT4G27460,AT1G70870,AT2G42640,AT5G25950,AT3G24050,AT5G55970,AT5G02020,AT3G15500,AT1G73000,AT5G22410,AT1G21120,AT1G80820,AT1G49560,AT3G19680,AT4G12550,AT2G22860,AT3G29420,AT2G06700,AT1G64200,AT4G13310,AT5G35940,AT5G40430,AT5G41620,AT5G25190,AT2G25160,AT5G35920,AT1G70880,AT1G33817,AT3G52780,AT5G57910,AT3G60330,AT1G13260,AT3G28810,AT1G33820,AT5G39650,AT5G38700,AT2G13890,AT1G71690,AT2G23210,AT1G05330,AT1G51915,AT2G27700,AT2G16620,AT1G78150,AT1G66760,AT4G04270,AT4G07350	
0	AT1G65910	anac028	1	na	PWM3358	DAP-seq	ANAC028_col	45	0.0006074491990140415	0.02532921892632968	148	AT1G71000,AT1G59860,AT3G46230,AT5G51440,AT5G52640,AT5G48570,AT3G20180,AT1G56600,AT1G32900,AT2G47180,AT1G44414,AT5G23480,AT5G58770,AT2G41250,AT2G19310,AT2G20670,AT4G15680,AT1G10050,AT1G73480,AT3G22090,AT1G30030,AT3G25650,AT1G07180,AT3G47340,AT5G09930,AT1G05920,AT4G15420,AT2G07749,AT5G15250,AT2G26520,AT4G04070,AT5G07760,AT1G62080,AT3G57880,AT2G04050,ATMG00650,AT2G07728,AT4G16000,AT3G15770,AT5G35280,AT2G31380,AT3G43970,AT4G37010,AT2G01029,AT1G19050,AT5G28160,ATMG00060,AT4G35770,AT3G26150,AT2G21640,AT3G50720,AT2G41850,AT1G60340,AT1G74870,AT3G19270,AT5G53250,AT2G19320,AT4G01180,AT2G32140,AT2G05090,AT3G13820,AT3G06560,ATMG01360,ATMG00640,AT2G07550,AT5G51270,AT1G20350,AT3G14520,AT1G41770,AT3G23350,AT5G43510,AT4G27652,AT5G01380,AT2G04038,AT2G07714,AT3G23230,AT5G24550,AT1G06170,AT3G28560,AT5G10660,AT1G62940,AT5G01180,AT4G30270,AT3G06780,AT1G61330,AT3G28210,AT3G45560,AT3G56380,AT1G35570,AT1G32980,AT2G04670,AT3G27170,AT4G33660,AT4G19780,AT4G36490,AT3G11480,AT1G35730,AT5G54460,AT3G47050,AT2G31080,AT4G25820,AT2G23270,AT1G52660,AT1G33813,AT2G30220,AT5G64940,AT1G75100,AT4G25810,AT1G77730,AT5G55970,AT5G02020,AT2G32930,AT3G12500,AT4G30230,AT1G21120,AT5G46730,AT3G28190,AT4G04490,AT3G03270,AT3G18180,AT5G63990,AT1G69630,AT3G03410,AT3G21170,AT1G52240,AT4G17480,AT1G65980,AT3G13610,AT5G39660,AT4G21830,AT2G26410,AT1G33817,AT1G47280,AT1G65970,AT3G60330,AT2G43660,AT1G50220,AT2G10450,AT1G23510,AT2G13890,AT1G13310,AT2G32360,AT3G29220,AT5G56570,AT2G27700,AT1G78150,AT2G41860,AT4G07350	na
0	AT3G19290	ABF4	59	208	PWM746	AGRIS		46	0.0006074491990140415	0.02532921892632968	148	AT2G26150,AT3G16050,AT1G71000,AT1G73870,AT4G27657,AT3G63350,AT5G18340,AT3G02380,AT3G12320,AT1G56600,AT1G03070,AT3G08970,AT1G32900,AT1G18330,AT3G54500,AT5G09590,AT1G01520,AT4G15660,AT5G17300,AT1G16730,AT2G14770,AT5G44260,AT5G52570,AT5G58770,AT2G41250,AT2G19310,ATMG00630,AT4G15680,AT1G59980,AT5G64170,AT2G36030,AT5G65390,AT1G07500,AT1G49870,AT2G36080,AT5G19875,AT1G07180,AT5G09930,AT4G14270,AT3G03520,AT2G21820,AT5G57560,AT4G25420,AT5G45830,AT3G62950,AT1G30080,AT5G37260,AT5G54470,ATMG01060,AT4G19430,AT4G02550,AT3G57880,AT4G08190,AT4G29330,AT3G02140,AT4G16000,AT1G02700,AT5G07010,AT5G16600,AT5G28160,AT4G03760,AT4G14640,AT3G52830,AT1G26860,AT1G42710,AT2G36050,AT3G19270,AT2G41260,AT2G19320,AT5G01990,AT5G06820,AT5G59080,AT3G59060,AT3G49790,AT4G27450,AT2G36640,AT1G66120,AT4G04590,AT1G41770,AT5G01380,AT5G17950,AT2G04038,AT3G23230,AT5G24550,AT1G09155,AT2G42870,AT3G06780,AT1G19530,AT5G57790,AT5G43840,AT3G31403,AT3G56380,AT5G66880,AT5G45820,AT4G07586,AT4G33660,AT1G33100,AT5G23220,AT4G27530,AT2G28120,AT3G11480,AT2G37740,AT4G10040,AT4G08770,AT2G18700,AT1G35490,AT1G21910,AT5G64940,AT5G57660,AT2G23130,AT5G40360,AT4G27460,AT1G70870,AT2G42640,AT5G25950,AT1G73000,AT2G03890,AT2G30750,AT1G35910,AT3G19680,AT4G12550,AT5G43150,AT2G43010,AT5G23190,AT4G13310,AT3G27510,AT5G40430,AT5G39660,AT5G35920,AT2G29300,AT1G70880,AT5G02430,AT5G61650,AT2G48140,AT5G67030,AT1G13260,AT5G40645,AT5G39650,AT5G38700,AT3G04420,AT3G02810,AT5G52690,AT1G75600,AT1G09950,AT2G40170,AT3G20690,AT1G78150,AT1G66760	AT2G26150,AT3G16050,AT3G09640,AT1G71000,AT1G74310,AT2G29500,AT2G20560,AT5G62920,AT1G73870,AT3G24500,AT4G27657,AT3G51910,AT5G49700,AT3G09350,AT1G26800,AT5G18340,AT1G14200,AT1G56600,AT1G03070,AT3G08970,AT1G54050,AT5G13170,AT2G24100,AT1G32900,AT3G07090,AT2G47180,AT1G18330,AT3G54500,AT5G09590,AT1G01520,AT1G61340,AT5G05410,AT5G17300,AT1G30720,AT5G56030,AT1G16730,AT5G44260,AT5G06980,AT5G58770,AT2G41250,AT4G15690,AT2G20670,AT3G45970,AT5G65390,AT1G07500,AT2G36080,AT2G23110,AT2G36220,AT5G19875,AT2G46360,AT1G07180,AT5G09930,AT4G14270,AT3G03520,AT2G21820,AT4G12410,AT2G45500,AT5G45830,AT3G62950,AT2G47730,AT2G26520,AT2G29450,AT5G37260,AT5G62430,AT5G62020,AT5G54470,AT3G57880,AT5G07330,AT4G29330,AT3G02140,AT1G31040,AT4G29140,AT1G02700,AT3G15770,AT1G13700,AT5G07010,AT5G16600,AT1G19050,AT4G10910,AT2G42380,AT1G13080,AT2G47270,AT4G09600,AT2G16290,AT2G29740,AT4G35770,AT4G38680,AT3G27690,AT3G58120,AT3G52830,AT1G70920,AT2G46310,AT2G36050,AT3G19270,AT2G32140,AT5G03680,AT5G06820,AT5G45630,AT1G80660,AT1G22130,AT5G59080,AT3G59060,AT3G49790,AT1G69490,AT1G69490,AT3G13310,AT1G65690,AT2G44840,AT3G63310,AT5G05860,AT1G10230,AT5G59820,AT5G59820,AT4G27652,AT4G38850,AT3G15450,AT3G51680,AT3G23230,AT1G14360,AT3G50560,AT1G06170,AT4G14130,AT4G30270,AT2G42870,AT2G30600,AT3G06780,AT1G19530,AT2G44130,AT1G70300,AT5G57790,AT5G66110,AT1G80440,AT5G65100,AT1G08570,AT4G36370,AT5G66880,AT2G24540,AT3G27170,AT4G33660,AT5G23220,AT1G20070,AT4G27530,AT1G78080,AT2G28120,AT1G19180,AT4G10040,AT5G15450,AT2G18700,AT5G22920,AT2G31080,AT2G25090,AT5G19120,AT3G63460,AT1G68840,AT4G28085,AT5G57660,AT2G23130,AT1G01720,AT3G28740,AT1G75100,AT5G02500,AT3G07350,AT1G77730,AT3G24050,AT2G32930,AT3G15500,AT3G15500,AT2G03890,AT2G12100,AT1G80820,AT5G62380,AT4G08950,AT1G35910,AT3G19680,AT1G68300,AT1G26790,AT3G47500,AT2G43010,AT3G03270,AT1G78600,AT1G04980,AT1G52240,AT1G65980,AT5G25190,AT5G39660,AT1G10470,AT2G25160,AT2G37170,AT1G70880,AT5G04770,AT4G36040,AT5G02430,AT3G52780,AT5G67030,AT1G13260,AT5G39650,AT4G22740,AT5G54080,AT3G16430,AT2G32360,AT5G01820,AT1G22990,AT2G25490,AT2G40170,AT5G49690,AT1G66760,AT1G75180,AT5G12340
0	AT1G59640	bHLH31	20	na	PWM826	CisBP	M0152_1.01	47	0.0006074491990140415	0.02532921892632968	148	AT3G16050,AT1G74310,AT3G63350,AT4G12400,AT3G17110,AT1G30070,AT5G18340,AT3G12320,AT2G32690,AT1G56600,AT1G03070,AT3G08970,AT5G13170,AT3G54500,AT5G09590,AT1G01520,AT1G61340,AT3G12050,AT5G05410,AT5G17300,AT1G16730,AT2G14770,AT5G44260,AT5G06980,AT5G58770,AT2G41250,AT5G22390,AT1G56170,AT1G59980,AT1G73480,AT2G36030,AT5G65390,AT1G07500,AT2G36080,AT5G19875,AT2G46360,AT5G09930,AT3G03520,AT1G51000,AT3G62950,AT1G30080,AT4G29710,AT1G15550,AT5G37260,AT4G04070,AT5G54470,AT2G21320,AT4G19430,AT3G46370,AT3G02140,AT4G16000,AT5G07010,AT5G16600,AT2G47270,AT4G09600,AT5G44120,AT3G27690,AT3G52830,AT2G36050,AT2G41850,AT3G19270,AT3G45370,AT2G19320,AT2G32140,AT1G02930,AT5G01990,AT5G06820,AT5G59080,AT5G51270,AT2G04063,AT2G36640,AT1G66120,AT1G41770,AT1G13130,AT5G01380,AT2G06020,AT5G44890,AT2G04038,AT3G23230,AT1G14360,AT5G24550,AT1G22420,AT1G62940,AT1G09155,AT3G06780,AT1G19530,AT1G70300,AT5G57790,AT5G43840,AT3G31403,AT3G56380,AT1G66380,AT1G35570,AT5G66880,AT4G07586,AT3G27170,AT1G35140,AT1G19610,AT4G36490,AT4G27530,AT1G19180,AT2G37740,AT2G03360,AT4G10040,AT4G08770,AT5G13700,AT1G50720,AT2G18700,AT3G29450,AT1G35490,AT4G28085,AT1G01720,AT4G05630,AT1G33770,AT3G07350,AT3G10800,AT1G70870,AT2G42640,AT2G32930,AT3G15500,AT1G73000,AT3G28190,AT5G62380,AT1G35910,AT4G12550,AT2G43010,AT2G23970,AT2G06700,AT5G35940,AT3G49480,AT5G39660,AT1G10470,AT5G35920,AT1G70880,AT5G62080,AT1G47280,AT5G02430,AT3G52780,AT5G57910,AT5G67030,AT3G60330,AT1G13260,AT2G13890,AT3G62640,AT2G40170,AT5G49050,AT2G27700,AT1G53690	na
0	AT5G62610	AT5G62610	0	0	PWM827	CisBP	M0152_1.01	48	0.0006074491990140415	0.02532921892632968	148	AT3G16050,AT1G74310,AT3G63350,AT4G12400,AT3G17110,AT1G30070,AT5G18340,AT3G12320,AT2G32690,AT1G56600,AT1G03070,AT3G08970,AT5G13170,AT3G54500,AT5G09590,AT1G01520,AT1G61340,AT3G12050,AT5G05410,AT5G17300,AT1G16730,AT2G14770,AT5G44260,AT5G06980,AT5G58770,AT2G41250,AT5G22390,AT1G56170,AT1G59980,AT1G73480,AT2G36030,AT5G65390,AT1G07500,AT2G36080,AT5G19875,AT2G46360,AT5G09930,AT3G03520,AT1G51000,AT3G62950,AT1G30080,AT4G29710,AT1G15550,AT5G37260,AT4G04070,AT5G54470,AT2G21320,AT4G19430,AT3G46370,AT3G02140,AT4G16000,AT5G07010,AT5G16600,AT2G47270,AT4G09600,AT5G44120,AT3G27690,AT3G52830,AT2G36050,AT2G41850,AT3G19270,AT3G45370,AT2G19320,AT2G32140,AT1G02930,AT5G01990,AT5G06820,AT5G59080,AT5G51270,AT2G04063,AT2G36640,AT1G66120,AT1G41770,AT1G13130,AT5G01380,AT2G06020,AT5G44890,AT2G04038,AT3G23230,AT1G14360,AT5G24550,AT1G22420,AT1G62940,AT1G09155,AT3G06780,AT1G19530,AT1G70300,AT5G57790,AT5G43840,AT3G31403,AT3G56380,AT1G66380,AT1G35570,AT5G66880,AT4G07586,AT3G27170,AT1G35140,AT1G19610,AT4G36490,AT4G27530,AT1G19180,AT2G37740,AT2G03360,AT4G10040,AT4G08770,AT5G13700,AT1G50720,AT2G18700,AT3G29450,AT1G35490,AT4G28085,AT1G01720,AT4G05630,AT1G33770,AT3G07350,AT3G10800,AT1G70870,AT2G42640,AT2G32930,AT3G15500,AT1G73000,AT3G28190,AT5G62380,AT1G35910,AT4G12550,AT2G43010,AT2G23970,AT2G06700,AT5G35940,AT3G49480,AT5G39660,AT1G10470,AT5G35920,AT1G70880,AT5G62080,AT1G47280,AT5G02430,AT3G52780,AT5G57910,AT5G67030,AT3G60330,AT1G13260,AT2G13890,AT3G62640,AT2G40170,AT5G49050,AT2G27700,AT1G53690	
0	AT2G18160	ATBZIP2	4	na	PWM2932	DAP-seq	GBF5_col	51	0.0008423152900919277	0.03082186357418013	147	AT3G16050,AT1G74310,AT1G73870,AT3G24500,AT3G63350,AT3G51910,AT3G09440,AT5G64510,AT5G18340,AT1G03070,AT5G02490,AT3G08970,AT1G54050,AT1G67360,AT5G13170,AT4G26270,AT1G32900,AT1G18330,AT3G54500,AT1G61340,AT5G05410,AT4G15660,AT5G17300,AT5G47160,AT5G44260,AT5G06980,AT5G58770,AT2G41250,AT4G15680,AT1G73480,AT2G36030,AT3G22090,AT1G49870,ATMG00160,AT2G36220,AT2G14510,AT5G19875,AT5G09930,AT3G03520,AT2G21820,AT1G27790,AT3G28270,AT5G45830,AT1G15550,AT5G37260,AT5G62430,AT5G54470,AT1G79920,AT3G57880,AT4G08190,AT4G29330,AT1G02700,AT3G29810,AT2G01029,AT1G19050,AT5G28160,AT3G31410,AT4G35770,AT4G38680,AT5G02900,AT5G44120,AT3G27690,AT1G70920,AT2G41850,AT3G19270,AT2G41260,AT2G19320,AT5G06820,AT1G62510,AT3G59060,AT3G49790,AT2G38510,AT3G13270,AT3G13310,AT2G07550,AT4G08880,AT2G04063,AT2G44840,AT1G66120,AT1G32090,AT4G04590,AT5G59820,AT1G41770,AT5G01380,AT5G24550,AT5G17030,AT2G10380,AT2G42870,AT3G61930,AT2G15700,AT2G22960,AT5G57790,AT5G43840,AT2G30090,AT1G08570,AT3G31403,AT5G66880,AT5G45820,AT4G36490,AT2G38830,AT4G27530,AT4G13090,AT2G37740,AT2G16250,AT5G15450,AT2G18700,AT3G63460,AT5G64940,AT4G28085,AT1G01720,AT3G28740,AT3G07350,AT1G70870,AT2G42640,AT5G55970,AT2G32930,AT1G73000,AT3G31460,AT2G03890,AT1G80820,AT1G35910,AT4G12550,AT1G68300,AT3G47500,AT5G23190,AT2G06700,AT1G04980,AT5G39660,AT1G10470,AT1G70880,AT4G36040,AT5G67030,AT1G13260,AT5G40645,AT5G54080,AT2G13750,AT1G22990,AT5G46300,AT3G29220,AT3G62640,AT1G75600,AT2G40170,AT3G20690,AT1G33860,AT1G78150,AT1G66760,AT1G53690	na
0	AT4G16150	CAMTA5	0	na	PWM3072	DAP-seq	CAMTA5_col	52	0.0008423152900919277	0.03082186357418013	147	AT3G16050,AT1G59860,AT4G12400,AT2G46830,AT3G17110,AT5G18340,AT1G56600,AT4G39675,AT2G24100,AT3G10020,AT5G05410,AT1G15830,AT4G03810,AT1G16730,AT5G28430,AT2G41250,AT2G46735,AT5G22390,AT2G20670,AT3G45970,AT4G15680,AT1G56170,AT1G73480,AT4G05070,AT5G47610,AT1G07500,AT5G09930,AT1G31280,AT2G45500,AT1G41797,AT5G37260,AT4G04070,AT5G54470,AT1G66510,AT2G04050,AT4G08190,AT1G31040,AT5G16600,AT2G01029,AT4G03760,AT4G38680,AT3G13470,AT1G42710,AT4G30280,AT2G36050,AT2G30000,AT2G41260,AT1G62510,AT5G59080,AT3G59060,AT3G49790,AT5G06040,AT4G08880,AT2G36640,AT4G30540,AT3G21660,AT1G41770,AT4G27652,AT1G13130,AT3G28840,AT2G25780,AT4G15700,AT3G23230,AT1G22420,AT1G63450,AT3G12160,AT3G28560,AT5G43620,AT5G11220,AT1G09155,AT5G01180,AT3G61930,AT3G06780,AT5G19015,AT1G19530,AT1G61330,AT5G65100,AT1G60980,AT3G23150,AT3G27170,AT1G33100,AT5G35600,AT2G23060,AT1G66090,AT5G36090,AT4G27530,AT1G78080,AT1G19180,AT2G03360,AT2G42360,AT1G35740,AT1G65490,AT5G66230,AT1G50720,AT2G18700,AT2G31080,AT3G30260,AT5G24750,AT3G29450,AT1G35490,AT4G09290,AT4G28085,AT2G27080,AT5G57660,AT2G36040,AT5G40360,AT4G05630,AT1G33770,AT3G10800,AT3G24050,AT5G55970,AT2G32930,AT1G73000,AT2G04210,AT5G22410,AT2G30750,AT5G46730,AT3G28190,AT2G22860,AT5G52020,AT3G03660,AT4G04490,AT2G43010,AT5G35940,AT5G40430,AT3G43530,AT1G54923,AT1G65980,AT5G25190,AT2G25160,AT5G62080,AT1G47280,AT4G36040,AT1G65970,AT3G60330,AT1G13260,AT5G40645,AT2G15720,AT5G39650,AT5G38700,AT2G14630,AT2G13890,AT3G29220,AT1G36950,AT1G09950,AT1G75180,AT5G12340	na
0	AT5G18270	ANAC087	50	0	PWM3388	DAP-seq	ANAC087_col	53	0.0008423152900919277	0.03082186357418013	147	AT4G25200,AT1G71000,AT1G59860,AT5G52640,AT5G62920,AT5G48570,AT3G63350,AT5G10695,AT3G17110,AT3G12320,AT1G56600,AT1G03070,AT5G13170,AT1G32900,AT2G47180,AT4G03810,AT5G47160,AT5G06980,AT5G58770,AT2G46735,AT2G20670,AT1G10050,AT1G73480,AT1G30030,AT2G23110,AT3G25650,AT1G07180,AT3G47340,AT1G05920,AT4G15420,AT1G30080,AT5G15250,AT4G04070,AT1G47780,AT5G07760,AT2G04050,AT3G15770,AT1G13700,AT2G31380,AT3G43970,AT4G37010,AT1G19050,AT2G39510,ATMG00060,AT5G59070,AT2G02120,AT3G26150,AT2G21640,AT4G30290,AT2G03720,AT1G60340,AT1G74870,AT3G19270,AT5G53250,AT2G32140,AT2G05090,AT3G13820,AT3G06560,AT3G59060,AT3G30420,AT2G07550,AT5G51270,AT5G13080,AT5G59060,ATMG00670,AT1G20350,AT3G14520,AT1G41770,AT3G23350,AT4G27652,AT1G13130,AT5G01380,AT1G22420,AT5G17030,AT1G06170,AT3G28560,AT5G10660,AT1G62940,AT5G01180,AT4G30270,AT1G19530,AT1G61330,AT3G28210,AT3G45560,AT3G56380,AT1G35570,AT1G32980,AT2G04670,AT1G33100,AT5G23220,AT2G23060,AT4G19780,AT3G11480,AT1G35730,AT5G54460,AT2G18700,AT2G31080,AT2G23270,AT1G52660,AT1G33813,AT2G30220,AT1G59590,AT4G09290,AT1G75100,AT1G77730,AT1G70870,AT5G55970,AT2G32930,AT1G21120,AT3G28190,AT3G21830,AT3G03660,AT4G04490,AT3G47500,AT3G18180,AT1G69630,AT3G03410,AT2G22950,AT1G52240,AT4G17480,AT5G18160,AT1G65980,AT3G13610,AT2G26410,AT1G70880,AT1G33817,AT4G32280,AT1G47280,AT5G61650,AT1G65970,AT3G60330,AT1G13260,AT1G50220,AT1G23510,AT1G13310,AT2G32360,AT5G01820,AT2G43820,AT5G52690,AT1G75600,AT1G05330,AT1G10970,AT2G40170,AT5G56570,AT2G27700,AT1G78150,AT2G41860	
0	AT1G69490	ANAC029	20	na	PWM3410	DAP-seq	NAP_col	54	0.0008423152900919277	0.03082186357418013	147	AT2G26150,AT2G29500,AT3G51910,AT5G49700,AT3G17110,AT1G33055,AT5G13170,AT1G07350,AT4G26270,AT3G12050,AT5G05410,AT5G17300,AT5G47160,AT5G52570,AT5G06980,AT2G41250,AT2G46735,AT2G20670,AT1G73480,AT5G64170,AT2G36030,AT2G36080,AT1G23910,AT2G14510,AT2G41160,AT1G27790,AT1G51000,AT3G28270,AT2G21940,AT3G47420,AT3G62950,AT2G14300,AT1G15550,AT1G47780,AT5G62020,AT4G19430,AT3G46370,AT3G57880,AT2G04050,AT4G16000,AT1G64780,AT3G29810,AT5G22060,AT5G35280,AT4G22670,AT2G39510,AT3G31410,ATMG00060,AT5G44120,AT1G35660,AT3G27690,AT5G04340,AT3G52830,AT1G70920,AT3G45950,AT2G36050,AT2G41850,AT1G60340,AT4G20790,AT1G37060,AT2G41260,ATMG01360,AT1G69490,AT4G25340,AT2G11270,AT4G30540,AT1G51850,AT5G05860,AT1G64940,AT5G59820,AT5G25350,AT3G14520,AT5G17950,AT2G06020,AT5G44890,AT4G15700,AT3G51680,AT2G04038,AT2G39530,AT3G50560,AT1G06170,AT5G01180,AT2G15700,AT3G06780,AT5G19015,AT5G02810,AT3G28210,AT4G12930,AT1G33960,AT1G66380,AT3G23150,AT4G33660,AT5G26630,AT5G23220,AT1G66090,AT3G11480,AT3G06020,AT1G35730,AT2G37740,AT2G03360,AT2G42360,AT2G16250,AT4G10040,AT4G25820,AT2G30480,AT1G35490,AT1G21910,AT3G23460,AT4G28085,AT5G40360,AT4G11710,AT3G07350,AT1G77730,AT5G55970,AT1G73000,AT2G03890,AT2G30750,AT2G12100,AT1G25112,AT5G06900,AT1G35910,AT5G43150,AT3G47500,AT3G03270,AT1G64200,AT5G63990,AT3G03410,AT1G04980,AT4G17480,AT3G13610,AT5G66815,AT5G62080,AT1G30990,AT4G36040,AT5G67030,AT5G38700,AT2G13750,AT3G04420,AT1G22990,AT3G29220,AT3G06070,AT3G62640,AT5G40010,AT2G40170,AT1G78150,AT1G75180,AT5G12340	na
0	AT3G10800	bZIP28	20	na	PWM883	CisBP	M0259_1.01	55	0.0008423152900919277	0.03082186357418013	147	AT3G16050,AT3G14200,AT1G73870,AT3G63350,AT5G64510,AT3G17110,AT5G18340,AT3G12320,AT2G32690,AT1G56600,AT1G03070,AT1G67360,AT5G13170,AT4G26270,AT2G47180,AT3G54500,AT5G09590,AT3G12050,AT5G17300,AT1G16730,AT5G06980,AT5G22390,AT2G20670,AT1G56170,AT1G73480,AT5G64170,AT2G36030,AT2G36080,AT2G36220,AT3G47340,AT5G09930,AT2G21820,AT1G27790,AT5G45830,AT5G37260,AT4G04070,AT5G54470,AT3G60940,AT4G30490,AT3G46370,AT3G57880,AT4G29330,AT3G02140,AT1G02700,AT5G22060,AT1G13080,AT3G50150,AT4G38680,AT5G44120,AT3G27690,AT3G52830,AT1G42710,AT2G36050,AT2G41850,AT3G19270,AT2G19320,AT1G02930,AT5G06820,AT5G45630,AT3G22570,AT3G53200,AT4G08880,AT5G13080,AT2G04063,AT2G36640,AT2G44840,AT1G66120,AT1G20350,AT5G59820,AT1G23570,AT1G41770,AT4G27652,AT1G13130,AT5G01380,AT2G25780,AT3G51680,AT3G23230,AT1G14360,AT5G24550,AT1G22420,AT1G63450,AT1G06170,AT3G28560,AT5G43620,AT2G10380,AT1G62740,AT3G61930,AT2G15700,AT3G06780,AT5G07480,AT1G19530,AT1G61330,AT3G28210,AT5G57790,AT3G45560,AT5G43840,AT5G65100,AT1G66380,AT1G60980,AT5G66880,AT3G27170,AT5G23220,AT1G19180,AT2G37740,AT3G01240,AT2G16250,AT1G50720,AT2G18700,AT1G35490,AT4G23680,AT1G59590,AT1G01720,AT3G07350,AT1G70870,AT5G55970,AT2G32930,AT4G36460,AT3G31460,AT2G30750,AT5G46730,AT1G80820,AT3G28190,AT1G35910,AT4G04490,AT5G43150,AT2G43010,AT2G06700,AT5G35940,AT5G40430,AT1G04980,AT5G39660,AT1G10470,AT5G35920,AT1G70880,AT5G62080,AT1G47280,AT3G52780,AT5G67030,AT5G38700,AT5G54080,AT5G01820,AT1G36950,AT2G43820,AT1G09950,AT2G40170,AT5G49050,AT1G66760	na
0	AT3G56660	BZIP49	1	na	PWM884	CisBP	M0259_1.01	56	0.0008423152900919277	0.03082186357418013	147	AT3G16050,AT3G14200,AT1G73870,AT3G63350,AT5G64510,AT3G17110,AT5G18340,AT3G12320,AT2G32690,AT1G56600,AT1G03070,AT1G67360,AT5G13170,AT4G26270,AT2G47180,AT3G54500,AT5G09590,AT3G12050,AT5G17300,AT1G16730,AT5G06980,AT5G22390,AT2G20670,AT1G56170,AT1G73480,AT5G64170,AT2G36030,AT2G36080,AT2G36220,AT3G47340,AT5G09930,AT2G21820,AT1G27790,AT5G45830,AT5G37260,AT4G04070,AT5G54470,AT3G60940,AT4G30490,AT3G46370,AT3G57880,AT4G29330,AT3G02140,AT1G02700,AT5G22060,AT1G13080,AT3G50150,AT4G38680,AT5G44120,AT3G27690,AT3G52830,AT1G42710,AT2G36050,AT2G41850,AT3G19270,AT2G19320,AT1G02930,AT5G06820,AT5G45630,AT3G22570,AT3G53200,AT4G08880,AT5G13080,AT2G04063,AT2G36640,AT2G44840,AT1G66120,AT1G20350,AT5G59820,AT1G23570,AT1G41770,AT4G27652,AT1G13130,AT5G01380,AT2G25780,AT3G51680,AT3G23230,AT1G14360,AT5G24550,AT1G22420,AT1G63450,AT1G06170,AT3G28560,AT5G43620,AT2G10380,AT1G62740,AT3G61930,AT2G15700,AT3G06780,AT5G07480,AT1G19530,AT1G61330,AT3G28210,AT5G57790,AT3G45560,AT5G43840,AT5G65100,AT1G66380,AT1G60980,AT5G66880,AT3G27170,AT5G23220,AT1G19180,AT2G37740,AT3G01240,AT2G16250,AT1G50720,AT2G18700,AT1G35490,AT4G23680,AT1G59590,AT1G01720,AT3G07350,AT1G70870,AT5G55970,AT2G32930,AT4G36460,AT3G31460,AT2G30750,AT5G46730,AT1G80820,AT3G28190,AT1G35910,AT4G04490,AT5G43150,AT2G43010,AT2G06700,AT5G35940,AT5G40430,AT1G04980,AT5G39660,AT1G10470,AT5G35920,AT1G70880,AT5G62080,AT1G47280,AT3G52780,AT5G67030,AT5G38700,AT5G54080,AT5G01820,AT1G36950,AT2G43820,AT1G09950,AT2G40170,AT5G49050,AT1G66760	na
0	AT4G34000	ABF3	40	260	PWM954	CisBP	M0263_1.01	57	0.0008423152900919277	0.03082186357418013	147	AT3G16050,AT1G71000,AT1G59860,AT4G27657,AT2G46830,AT1G21550,AT3G17110,AT5G18340,AT3G12320,AT1G56600,AT1G54050,AT1G67360,AT2G24100,AT1G32900,AT2G47180,AT1G01520,AT1G61340,AT5G17300,AT2G25140,AT1G16730,AT5G52570,AT5G06980,AT2G41250,AT3G45970,AT1G56170,AT4G08300,AT1G73480,AT5G64170,AT5G65390,AT1G55530,AT3G22840,AT5G09930,AT1G01940,AT2G45500,AT5G56010,AT1G15550,AT5G37260,AT4G04070,AT3G60940,AT5G07760,AT3G46370,AT3G57880,AT2G04050,AT3G02140,AT1G31040,AT1G02700,AT3G15770,AT2G36780,AT1G19050,AT1G13080,AT4G09600,AT1G09140,AT2G16290,AT1G66690,AT5G04340,AT1G70920,AT1G42710,AT3G19270,AT2G41260,AT2G32140,AT3G42900,AT5G45630,AT1G62510,AT3G53200,AT3G59060,AT2G38510,AT5G13080,AT1G65690,AT5G05860,AT4G04590,AT1G41770,AT1G13130,AT3G28840,AT2G06020,AT4G15700,AT5G07780,AT5G24550,AT1G22420,AT5G11220,AT4G22330,AT3G06780,AT5G07480,AT1G19530,AT3G28120,AT1G70300,AT5G57790,AT1G80440,AT5G50335,AT3G31403,AT3G56380,AT1G66380,AT1G35570,AT3G27170,AT4G36490,AT4G27530,AT1G78080,AT1G19180,AT3G16970,AT2G42360,AT1G35740,AT5G15450,AT2G18700,AT2G31080,AT5G19120,AT5G57660,AT2G36040,AT1G01720,AT3G28740,AT4G05630,AT3G10800,AT1G70870,AT5G25950,AT3G24050,AT3G15500,AT3G31460,AT5G22410,AT2G30750,AT2G12100,AT1G80820,AT1G49560,AT3G19680,AT2G23970,AT2G06700,AT1G64200,AT4G13310,AT1G78600,AT5G35940,AT5G40430,AT2G22290,AT1G65980,AT5G39660,AT2G25160,AT5G35920,AT1G70880,AT5G02430,AT5G57910,AT3G60330,AT3G44470,AT5G38700,AT3G04420,AT5G01820,AT3G02810,AT2G23210,AT2G19550,AT2G16620,AT1G66760,AT4G21050	AT3G16050,AT1G71000,AT1G74310,AT2G29500,AT5G62920,AT1G73870,AT3G24500,AT3G51910,AT4G23493,AT3G09440,AT5G49700,AT1G26800,AT3G17110,AT5G18340,AT1G14200,AT1G56600,AT4G11660,AT1G03070,AT3G08970,AT1G54050,AT1G33055,AT5G25140,AT5G13170,AT2G24100,AT1G32900,AT3G07090,AT3G10020,AT2G47180,AT1G18330,AT3G54500,AT1G01520,AT1G61340,AT5G05410,AT3G13370,AT5G17300,AT1G30720,AT5G56030,AT1G16730,AT5G44260,AT5G06980,AT2G41250,AT2G46735,AT2G20670,AT3G45970,AT1G59980,AT1G73480,AT4G05070,AT5G47610,AT5G65390,AT2G30925,AT1G07500,AT1G30030,AT2G36080,AT2G36220,AT5G19875,AT1G07180,AT4G14270,AT5G62280,AT3G03520,AT2G21820,AT4G12410,AT2G45500,AT5G57560,AT4G25420,AT5G45830,AT3G62950,AT4G09150,AT2G47730,AT2G26520,AT1G15550,AT2G36460,AT2G29450,AT5G37260,AT5G62430,AT5G62020,AT5G54470,AT1G50040,AT3G57880,AT5G07330,AT4G29330,AT3G02140,AT4G29140,AT1G02700,AT3G15770,AT1G13700,AT5G07010,AT5G16600,AT4G37010,AT1G19050,AT2G39510,AT4G10910,AT2G42380,AT3G07770,AT1G13080,AT2G47270,AT2G16290,AT2G29740,AT4G35770,AT4G38680,AT3G27690,AT3G58120,AT5G04340,AT3G52830,AT4G30290,AT1G70920,AT1G26860,AT2G46310,AT4G30280,AT2G36050,AT3G19270,AT5G58787,AT5G53250,AT2G32140,AT5G01990,AT5G03680,AT5G06820,AT5G45630,AT1G80660,AT1G62510,AT3G22570,AT5G59080,AT3G59060,AT3G49790,AT5G11680,AT4G27450,AT1G69490,AT3G13310,AT1G65690,AT2G44840,AT3G63310,AT3G09020,AT5G05860,AT1G32090,AT5G59820,AT5G25350,AT4G27652,AT4G38850,AT5G01380,AT2G25780,AT4G02980,AT5G07780,AT2G04038,AT3G23230,AT1G14360,AT3G50560,AT1G06170,AT3G12160,AT1G04130,AT4G30270,AT2G42870,AT2G30600,AT3G06780,AT1G19530,AT2G44130,AT1G70300,AT5G57790,AT5G66110,AT1G80440,AT5G65100,AT1G08570,AT4G36370,AT1G66380,AT5G66880,AT3G23150,AT2G24540,AT3G27170,AT4G33660,AT1G35140,AT5G23220,AT2G23060,AT2G38830,AT1G20070,AT4G27530,AT5G04190,AT1G78080,AT2G28120,AT1G19180,AT1G29450,AT4G10040,AT5G15450,AT2G18700,AT5G22920,AT2G31080,AT4G25820,AT2G25090,AT5G19120,AT3G63460,AT1G68840,AT2G02680,AT1G21910,AT1G59590,AT4G28085,AT5G57660,AT2G36040,AT2G23130,AT1G01720,AT3G28740,AT1G75100,AT5G02500,AT3G07350,AT3G10800,AT1G77730,AT4G27460,AT1G70870,AT3G24050,AT2G32930,AT3G15500,AT5G15830,AT3G01290,AT2G03890,AT1G21120,AT2G12100,AT1G80820,AT1G49560,AT4G08950,AT1G35910,AT3G19680,AT2G22860,AT1G68300,AT1G26790,AT3G47500,AT2G43010,AT3G03270,AT1G64200,AT1G78600,AT1G04980,AT5G41620,AT1G65980,AT5G25190,AT5G39660,AT1G10470,AT2G25160,AT2G37170,AT1G70880,AT5G04770,AT4G36040,AT5G02430,AT3G52780,AT5G57910,AT5G67030,AT1G13260,AT5G39650,AT5G38700,AT5G54080,AT2G32360,AT3G04420,AT5G01820,AT1G22990,AT2G43820,AT3G06070,AT3G62640,AT1G75600,AT1G09950,AT5G49690,AT1G78150,AT1G66760,AT2G41860,AT1G75180,AT5G12340,AT1G53690
0	AT4G17880	MYC4	3	na	PWM1272	CisBP	M2232_1.01	58	0.0011589663949449886	0.0358280473471787	146	AT2G26150,AT4G12400,AT3G17110,AT5G18340,AT3G12320,AT1G56600,AT1G03070,AT2G24100,AT2G47180,AT1G01520,AT1G61340,AT5G17300,AT1G16730,AT2G14770,AT5G06980,AT1G56170,AT1G59980,AT4G08300,AT1G73480,AT5G64170,AT2G36030,AT5G65390,AT1G55530,AT1G07500,AT2G36080,AT2G23110,AT5G19875,AT1G07180,AT2G45500,AT1G27790,AT3G62950,AT2G14300,AT1G15550,AT5G37260,AT4G04070,AT5G62020,AT2G21320,AT4G19430,AT3G46370,AT3G57880,AT3G02140,AT4G29140,AT1G02700,AT3G15770,AT1G13700,AT5G07010,AT2G36780,AT2G42380,AT1G13080,AT2G47270,AT4G09600,AT1G43755,AT2G16290,AT4G38680,AT5G04340,AT2G36050,AT2G41850,AT2G41260,AT2G32140,AT5G01990,AT1G62510,AT3G53200,ATMG01360,AT5G13080,AT2G04063,AT2G44840,AT1G07410,AT1G66120,AT5G05860,AT1G41770,AT1G13130,AT5G01380,AT2G06020,AT4G15700,AT3G23230,AT5G11220,AT1G09155,AT3G06780,AT1G19530,AT3G28120,AT1G70300,AT5G57790,AT5G66110,AT5G50335,AT3G31403,AT3G56380,AT4G36370,AT1G66380,AT1G35570,AT5G66880,AT4G07586,AT3G27170,AT1G35140,AT4G36490,AT4G27530,AT1G19180,ATMG00730,AT1G35740,AT5G13700,AT2G18700,AT5G19120,AT5G66100,AT3G29450,AT4G28085,AT5G57660,AT1G01720,AT5G02500,AT4G05630,AT1G33770,AT3G07350,AT3G10800,AT1G70870,AT2G42640,AT5G55970,AT2G32930,AT3G15500,AT1G73000,AT3G31460,AT5G22410,AT2G03890,AT2G12100,AT1G35910,AT2G23970,AT2G06700,AT1G64200,AT4G13310,AT5G40430,AT3G49480,AT1G65980,AT5G25190,AT1G10470,AT2G25160,AT5G35920,AT1G70880,AT1G76240,AT5G02430,AT5G57910,AT2G13230,AT5G67030,AT3G60330,AT1G50220,AT3G04420,AT1G09950,AT2G40170,AT1G66760,AT5G12340	na
0	AT4G17880	MYC4	3	na	PWM2169	JASPAR	MA0569.1	60	0.0011589663949449886	0.0358280473471787	146	AT2G26150,AT4G12400,AT3G17110,AT5G18340,AT3G12320,AT1G56600,AT1G03070,AT2G24100,AT2G47180,AT1G01520,AT1G61340,AT5G17300,AT1G16730,AT2G14770,AT5G06980,AT1G56170,AT1G59980,AT4G08300,AT1G73480,AT5G64170,AT2G36030,AT5G65390,AT1G55530,AT1G07500,AT2G36080,AT2G23110,AT5G19875,AT1G07180,AT2G45500,AT1G27790,AT3G62950,AT2G14300,AT1G15550,AT5G37260,AT4G04070,AT5G62020,AT2G21320,AT4G19430,AT3G46370,AT3G57880,AT3G02140,AT4G29140,AT1G02700,AT3G15770,AT1G13700,AT5G07010,AT2G36780,AT2G42380,AT1G13080,AT2G47270,AT4G09600,AT1G43755,AT2G16290,AT4G38680,AT5G04340,AT2G36050,AT2G41850,AT2G41260,AT2G32140,AT5G01990,AT1G62510,AT3G53200,ATMG01360,AT5G13080,AT2G04063,AT2G44840,AT1G07410,AT1G66120,AT5G05860,AT1G41770,AT1G13130,AT5G01380,AT2G06020,AT4G15700,AT3G23230,AT5G11220,AT1G09155,AT3G06780,AT1G19530,AT3G28120,AT1G70300,AT5G57790,AT5G66110,AT5G50335,AT3G31403,AT3G56380,AT4G36370,AT1G66380,AT1G35570,AT5G66880,AT4G07586,AT3G27170,AT1G35140,AT4G36490,AT4G27530,AT1G19180,ATMG00730,AT1G35740,AT5G13700,AT2G18700,AT5G19120,AT5G66100,AT3G29450,AT4G28085,AT5G57660,AT1G01720,AT5G02500,AT4G05630,AT1G33770,AT3G07350,AT3G10800,AT1G70870,AT2G42640,AT5G55970,AT2G32930,AT3G15500,AT1G73000,AT3G31460,AT5G22410,AT2G03890,AT2G12100,AT1G35910,AT2G23970,AT2G06700,AT1G64200,AT4G13310,AT5G40430,AT3G49480,AT1G65980,AT5G25190,AT1G10470,AT2G25160,AT5G35920,AT1G70880,AT1G76240,AT5G02430,AT5G57910,AT2G13230,AT5G67030,AT3G60330,AT1G50220,AT3G04420,AT1G09950,AT2G40170,AT1G66760,AT5G12340	na
0	AT4G09820	AtTT8	35	na	PWM1291	CisBP	M0151_1.01	59	0.0011589663949449886	0.0358280473471787	146	AT3G16050,AT4G12400,AT2G46830,AT3G17110,AT1G30070,AT5G18340,AT3G02380,AT3G12320,AT1G56600,AT1G03070,AT3G08970,AT5G13170,AT2G47180,AT1G01520,AT5G17300,AT1G16730,AT2G14770,AT5G06980,AT5G58770,AT2G41250,AT1G56170,AT1G59980,AT1G73480,AT2G36030,AT5G65390,AT1G07500,AT2G36080,AT2G23110,AT5G19875,AT2G46360,AT5G09930,AT2G17080,AT3G03520,AT1G27790,AT1G51000,AT1G30080,AT4G29710,AT1G15550,AT5G37260,AT4G04070,AT5G54470,AT2G21320,AT4G19430,AT3G46370,AT1G62080,AT3G02140,AT4G16000,AT5G07010,AT2G47270,AT4G09600,AT3G27690,AT3G52830,AT2G21640,AT2G36050,AT3G19270,AT2G19320,AT2G32140,AT5G01990,AT5G45630,AT3G53200,AT5G59080,AT4G08880,AT5G51270,AT5G13080,AT2G04063,AT1G66120,AT1G64500,AT1G41770,AT1G13130,AT1G74490,AT5G01380,AT2G06020,AT5G44890,AT4G15700,AT2G04038,AT3G23230,AT1G22420,AT1G62940,AT1G09155,AT3G06780,AT1G19530,AT1G70300,AT5G57790,AT5G43840,AT3G31403,AT3G56380,AT1G66380,AT1G35570,AT5G66880,AT4G07586,AT3G27170,AT1G35140,AT5G23220,AT1G19610,AT4G36490,AT4G27530,AT2G28120,AT1G19180,AT5G13700,AT2G18700,AT3G30660,AT5G19120,AT3G29450,AT1G35490,AT4G28085,AT2G36040,AT1G01720,AT5G02500,AT1G33770,AT3G07350,AT3G10800,AT1G70870,AT2G42640,AT5G55970,AT2G32930,AT3G15500,AT1G73000,AT1G80820,AT5G62380,AT1G35910,AT1G26790,AT2G43010,AT2G23970,AT2G06700,AT4G13310,AT5G35940,AT5G40430,AT3G49480,AT1G14980,AT5G25190,AT5G39660,AT1G10470,AT5G35920,AT1G70880,AT5G02430,AT3G52780,AT5G57910,AT5G67030,AT3G60330,AT1G13260,AT5G40645,AT2G13890,AT2G40170,AT2G27700,AT2G16620,AT1G78150	na
0	AT4G14410	bHLH104	4	0	PWM2559	JASPAR	MA0960.1	61	0.0011589663949449886	0.0358280473471787	146	AT2G26150,AT1G52560,AT3G16050,AT3G09640,AT1G71000,AT4G27657,AT2G46830,AT3G17110,AT5G18340,AT3G12320,AT1G56600,AT1G03070,AT5G13170,AT1G07350,AT2G24100,AT1G32900,AT2G47180,AT3G54500,AT5G09590,AT5G17300,AT1G16730,AT2G14770,AT5G06980,AT1G56170,AT1G59980,AT1G73480,AT5G64170,AT2G36030,AT1G07500,AT1G49870,AT2G36080,ATMG00160,AT2G23110,AT1G07180,AT5G09930,AT5G53400,AT3G03520,AT2G21820,AT1G27790,AT2G21650,AT3G62950,AT2G14300,AT2G26520,AT1G15550,AT5G37260,AT4G04070,AT5G62020,ATMG01060,AT2G21320,AT4G19430,AT5G07760,AT3G57880,AT3G02140,AT5G07010,AT2G42380,AT3G07770,ATMG01220,AT3G47440,AT4G38680,AT5G02900,AT5G59070,AT3G52830,AT2G21640,AT2G36050,AT2G41850,AT3G19270,AT5G58787,AT2G19320,AT5G01990,AT5G06820,AT3G28520,ATMG01360,AT5G59080,AT3G59060,AT1G69490,AT4G08880,AT5G13080,AT5G59060,AT2G44840,AT4G04590,AT4G39890,AT1G41770,AT5G01380,AT2G04038,AT1G14360,AT1G09155,AT3G06780,AT1G70300,AT5G43840,AT4G07540,AT3G56380,AT1G66380,AT5G66880,AT4G07586,AT3G27170,AT1G19610,AT4G36490,AT5G36090,AT4G27530,AT1G29450,AT5G54460,AT2G37740,AT5G66230,AT2G18700,AT5G19120,AT3G29450,AT1G55300,AT5G64940,AT4G28085,AT1G01720,AT3G07350,AT1G70870,AT2G42640,AT1G73000,AT5G28880,AT1G49560,AT4G08950,AT1G35910,AT2G22860,AT5G52020,AT2G43010,AT4G13310,AT3G27510,AT3G21170,AT5G40430,AT3G49480,AT5G25190,AT5G35920,AT1G70880,AT4G36040,AT5G02430,AT3G52780,AT5G57910,AT5G67030,AT1G73260,AT3G60330,AT1G13260,AT5G40645,AT5G39650,AT1G50220,AT3G02810,AT1G05330,AT2G40170,AT5G49050,AT3G20690,AT1G75180	
0	AT2G36270	ABI5	38	136	PWM2904	DAP-seq	ABI5_col	62	0.0011589663949449886	0.0358280473471787	146	AT2G26150,AT3G16050,AT1G74310,AT1G73870,AT3G24500,AT4G27657,AT3G63350,AT3G17110,AT5G18340,AT3G02380,AT3G12320,AT1G56600,AT1G03070,AT5G13170,AT4G26270,AT2G24100,AT1G32900,AT1G18330,AT3G54500,AT5G09590,AT1G01520,AT1G61340,AT5G05410,AT5G17300,AT1G16730,AT5G52570,AT5G06980,AT5G58770,AT2G41250,AT1G56170,AT5G64170,AT2G36030,AT5G65390,AT1G49870,AT2G36080,AT2G36220,AT2G14510,AT5G09930,AT4G14270,AT3G03520,AT2G21820,AT3G28270,AT5G45830,AT3G62950,AT1G15550,AT5G37260,AT5G62430,AT5G54470,AT2G21320,AT4G30490,AT3G57880,AT4G08190,AT4G29330,AT3G02140,AT1G02700,AT3G29810,AT5G28160,AT3G31410,AT4G35770,AT4G38680,AT5G44120,AT3G27690,AT3G19270,AT2G41260,AT2G19320,AT5G06820,AT5G45630,AT5G59080,AT3G59060,AT4G27450,AT3G13270,AT3G13310,AT2G36640,AT1G66120,AT4G04590,AT1G20350,AT1G41770,AT5G01380,AT3G23230,AT5G24550,AT2G10380,AT3G61930,AT2G15700,AT5G07480,AT1G19530,AT5G57790,AT5G43840,AT1G08570,AT3G31403,AT3G56380,AT5G66880,AT5G45820,AT3G27170,AT4G33660,AT4G36490,AT4G27530,AT4G13090,AT2G37740,AT2G16250,AT4G10040,AT5G13700,AT5G15450,AT2G18700,AT3G63460,AT1G35490,AT5G64940,AT5G57660,AT1G01720,AT3G28740,AT3G07350,AT4G27460,AT1G70870,AT5G55970,AT1G73000,AT2G03890,AT1G49560,AT4G12550,AT1G68300,AT1G26790,AT3G47500,AT2G43010,AT5G23190,AT2G06700,AT5G40430,AT5G39660,AT1G10470,AT5G35920,AT1G70880,AT4G36040,AT5G02430,AT5G57910,AT5G67030,AT1G13260,AT5G40645,AT5G54080,AT2G14630,AT2G13750,AT3G04420,AT3G02810,AT3G29220,AT3G62640,AT1G75600,AT2G40170,AT3G20690,AT1G78150,AT1G66760	AT3G16050,AT3G09640,AT1G71000,AT2G29500,AT3G24500,AT4G27657,AT3G51910,AT5G49700,AT2G46830,AT1G14200,AT1G56600,AT1G03070,AT1G54050,AT5G13170,AT2G24100,AT1G32900,AT3G07090,AT3G10020,AT2G47180,AT5G09590,AT1G01520,AT1G61340,AT5G05410,AT5G17300,AT1G30720,AT1G16730,AT5G44260,AT5G52570,AT5G06980,AT2G41250,AT2G20670,AT3G45970,AT1G73480,AT4G05070,AT5G47610,AT5G65390,AT1G55530,AT1G07500,AT2G23110,AT2G36220,AT3G22840,AT1G07180,AT5G09930,AT4G14270,AT3G03520,AT2G21820,AT4G12410,AT2G45500,AT5G45830,AT2G47730,AT2G29450,AT5G37260,AT5G62430,AT5G54470,AT4G30490,AT5G07330,AT4G29330,AT3G02140,AT1G02700,AT5G07010,AT5G16600,AT1G13080,AT2G47270,AT2G29740,AT4G38680,AT5G44120,AT5G04340,AT3G52830,AT1G70920,AT3G19270,AT2G19320,AT5G01990,AT5G45630,AT1G80660,AT5G59080,AT3G59060,AT3G49790,AT1G69490,AT3G13310,AT2G36640,AT1G65690,AT5G59820,AT3G10930,AT3G51680,AT2G42870,AT2G30600,AT3G06780,AT2G44130,AT1G70300,AT5G57790,AT1G80440,AT5G43840,AT5G65100,AT1G08570,AT5G66880,AT3G27170,AT4G33660,AT1G20070,AT4G27530,AT1G78080,AT1G19180,AT4G10040,AT5G15450,AT2G18700,AT5G64940,AT5G57660,AT1G01720,AT3G07350,AT1G77730,AT3G24050,AT3G15500,AT2G03890,AT1G80820,AT4G08950,AT3G19680,AT1G68300,AT1G26790,AT3G47500,AT2G43010,AT1G78600,AT1G65980,AT1G08650,AT5G25190,AT5G39660,AT1G10470,AT1G70880,AT5G02430,AT3G52780,AT5G67030,AT1G13260,AT5G39650,AT5G01820,AT1G09950,AT2G40170,AT5G49690,AT2G27700
0	AT3G04060	anac046	17	0	PWM3365	DAP-seq	ANAC046_col	63	0.0011589663949449886	0.0358280473471787	146	AT1G71000,AT1G59860,AT5G52640,AT5G48570,AT3G63350,AT5G10695,AT3G17110,AT1G56600,AT1G03070,AT1G33055,AT1G32900,AT2G47180,AT4G03810,AT5G47160,AT5G58770,AT2G46735,AT2G20670,AT1G10050,AT1G73480,AT1G30030,AT2G23110,AT1G07180,AT3G47340,AT1G05920,AT4G15420,AT1G30080,AT5G15250,AT4G04070,AT1G47780,AT5G07760,AT2G04050,AT1G02700,AT3G15770,AT5G35280,AT1G13700,AT2G31380,AT3G43970,AT2G01029,AT1G19050,AT2G39510,ATMG00060,AT5G59070,AT2G02120,AT3G26150,AT2G21640,AT4G30290,AT2G03720,AT1G60340,AT1G74870,AT3G19270,AT5G53250,AT4G01180,AT2G32140,AT2G05090,AT3G13820,AT3G06560,AT2G07550,AT5G51270,AT5G13080,AT5G59060,ATMG00670,AT1G20350,AT3G14520,AT1G41770,AT3G23350,AT4G27652,AT1G13130,AT1G22420,AT5G17030,AT1G06170,AT3G28560,AT5G10660,AT1G62940,AT5G01180,AT4G30270,AT2G15700,AT1G19530,AT1G61330,AT3G28210,AT3G45560,AT3G56380,AT1G33960,AT1G35570,AT1G32980,AT2G04670,AT1G33100,AT5G23220,AT2G23060,AT4G19780,AT4G36490,AT3G11480,AT1G35730,AT5G54460,AT2G18700,AT2G31080,AT4G25820,AT2G23270,AT1G52660,AT1G33813,AT2G30220,AT1G59590,AT1G75100,AT1G77730,AT1G70870,AT5G55970,AT2G32930,AT1G21120,AT3G28190,AT3G21830,AT3G03660,AT4G04490,AT3G47500,AT3G18180,AT4G14530,AT1G69630,AT3G03410,AT2G22950,AT1G52240,AT4G17480,AT5G18160,AT1G65980,AT3G13610,AT2G29300,AT2G26410,AT1G70880,AT1G33817,AT4G32280,AT1G47280,AT5G61650,AT1G65970,AT3G60330,AT1G13260,AT1G50220,AT1G23510,AT1G11990,AT1G13310,AT2G32360,AT5G01820,AT2G43820,AT5G52690,AT1G75600,AT1G10970,AT2G40170,AT2G27700,AT1G78150,AT2G41860	
0	AT2G40950	BZIP17	6	1	PWM882	CisBP	M0259_1.01	64	0.0011589663949449886	0.0358280473471787	146	AT3G16050,AT3G14200,AT1G73870,AT3G63350,AT5G64510,AT3G17110,AT5G18340,AT3G12320,AT2G32690,AT1G56600,AT1G03070,AT1G67360,AT5G13170,AT4G26270,AT2G47180,AT3G54500,AT5G09590,AT3G12050,AT5G17300,AT1G16730,AT5G06980,AT5G22390,AT2G20670,AT1G56170,AT1G73480,AT5G64170,AT2G36030,AT2G36080,AT2G36220,AT3G47340,AT5G09930,AT2G21820,AT1G27790,AT5G45830,AT5G37260,AT4G04070,AT5G54470,AT3G60940,AT4G30490,AT3G46370,AT3G57880,AT4G29330,AT3G02140,AT1G02700,AT5G22060,AT1G13080,AT3G50150,AT4G38680,AT5G44120,AT3G27690,AT3G52830,AT1G42710,AT2G36050,AT2G41850,AT3G19270,AT2G19320,AT1G02930,AT5G06820,AT5G45630,AT3G22570,AT3G53200,AT4G08880,AT5G13080,AT2G04063,AT2G36640,AT2G44840,AT1G66120,AT1G20350,AT5G59820,AT1G23570,AT1G41770,AT4G27652,AT5G01380,AT2G25780,AT3G51680,AT3G23230,AT1G14360,AT5G24550,AT1G22420,AT1G63450,AT1G06170,AT3G28560,AT5G43620,AT2G10380,AT1G62740,AT3G61930,AT2G15700,AT3G06780,AT5G07480,AT1G19530,AT1G61330,AT3G28210,AT5G57790,AT3G45560,AT5G43840,AT5G65100,AT1G66380,AT1G60980,AT5G66880,AT3G27170,AT5G23220,AT1G19180,AT2G37740,AT3G01240,AT2G16250,AT1G50720,AT2G18700,AT1G35490,AT4G23680,AT1G59590,AT1G01720,AT3G07350,AT1G70870,AT5G55970,AT2G32930,AT4G36460,AT3G31460,AT2G30750,AT5G46730,AT1G80820,AT3G28190,AT1G35910,AT4G04490,AT5G43150,AT2G43010,AT2G06700,AT5G35940,AT5G40430,AT1G04980,AT5G39660,AT1G10470,AT5G35920,AT1G70880,AT5G62080,AT1G47280,AT3G52780,AT5G67030,AT5G38700,AT5G54080,AT5G01820,AT1G36950,AT2G43820,AT1G09950,AT2G40170,AT5G49050,AT1G66760	AT2G44840
0	AT2G22750	AT2G22750	25	na	PWM2884	DAP-seq	BHLH18_col	65	0.0015823099017719926	0.043647410059648964	145	AT2G26150,AT4G27657,AT4G12400,AT3G17110,AT5G18340,AT3G12320,AT1G32900,AT2G47180,AT3G54500,AT1G01520,AT5G17300,AT1G16730,AT2G14770,AT5G44260,AT5G06980,AT5G58770,AT2G41250,AT1G56170,AT1G59980,AT1G73480,AT2G36030,AT1G55530,AT2G36080,AT3G22840,AT2G46360,AT1G07180,AT3G03520,AT2G21820,AT2G45500,AT2G21650,AT3G62950,AT4G04070,AT5G62020,AT5G54470,AT1G36030,AT1G66510,AT1G79920,AT5G07760,AT3G46370,AT3G57880,AT2G04050,AT3G02140,AT3G15770,AT5G22060,AT1G13700,AT5G07010,AT2G36780,AT4G09600,AT3G31410,AT1G43755,AT4G38680,AT5G44120,AT5G04340,AT2G36050,AT3G19270,AT3G45370,AT2G32140,AT5G01990,AT3G59060,AT5G06040,AT4G08880,AT5G28510,AT2G11270,AT2G44840,AT1G66120,AT1G20350,AT1G41770,AT1G74490,AT5G44890,AT1G58170,AT3G23230,AT5G43620,AT5G11220,AT4G22330,AT3G61930,AT2G15700,AT3G06780,AT5G19015,AT1G19530,AT3G28120,AT1G70300,AT5G65100,AT5G50335,AT2G30090,AT3G31403,AT3G56380,AT5G66880,AT3G27170,AT5G26630,AT1G33100,AT5G35600,AT1G19610,AT4G36490,AT4G27530,AT3G11480,AT1G19180,AT2G37740,AT5G13700,AT2G18700,AT2G31080,AT4G25820,AT5G19120,AT3G29450,AT1G35490,AT4G23680,AT1G59590,AT3G28740,AT5G02500,AT3G07350,AT4G25810,AT1G70870,AT2G42640,AT1G73000,AT2G03890,AT4G30450,AT4G12550,AT5G49450,AT2G43010,AT4G27170,AT2G06700,AT1G64200,AT5G35940,AT5G40430,AT3G49480,AT2G25160,AT1G70880,AT1G33817,AT5G04770,AT5G61650,AT3G52780,AT5G57910,AT3G60330,AT1G13260,AT5G40645,AT1G33820,AT5G39650,AT2G14630,AT3G16430,AT3G29220,AT3G06070,AT2G40170,AT2G27700,AT4G04270,AT5G12340,AT4G07350	na
0	AT3G30530	ATBZIP42	12	na	PWM2914	DAP-seq	BZIP42_col	66	0.0015823099017719926	0.043647410059648964	145	AT1G73870,AT3G24500,AT3G51910,AT3G09440,AT5G64510,AT1G54050,AT1G33055,AT5G13170,AT4G26270,AT1G32900,AT1G18330,AT3G54500,AT1G61340,AT4G15660,AT5G17300,AT1G30720,AT5G47160,AT5G44260,AT5G06980,AT2G41250,AT2G20670,AT4G15680,AT1G10050,AT1G73480,AT2G36030,AT3G22090,AT3G43040,AT4G02850,ATMG00160,AT2G36220,AT2G14510,AT5G09930,AT1G01940,AT3G03520,AT1G27790,AT5G45830,AT5G37260,AT5G62430,AT4G04070,AT5G54470,AT4G30490,AT1G79920,AT3G57880,AT4G08190,ATMG00650,AT3G23990,AT1G02700,AT3G29810,AT1G19050,AT1G13080,AT2G47270,AT3G31410,AT4G35770,AT4G38680,AT5G44120,AT3G27690,AT1G42410,AT1G70920,AT3G43160,AT2G41850,ATMG00620,AT3G19270,AT2G30000,AT5G58787,AT2G41260,AT5G06820,AT1G80660,AT3G59060,AT3G49790,AT3G30420,AT2G38510,AT3G13270,AT3G13310,AT2G07550,AT4G08880,AT2G04063,AT2G44840,AT1G66120,AT3G09020,AT5G01380,AT3G15450,AT5G44890,AT4G02980,AT4G15700,AT5G24550,AT2G10380,AT3G61930,AT2G15700,AT5G07480,AT2G22960,AT5G43840,AT1G08570,AT5G66880,AT5G45820,AT1G33100,AT2G38830,AT5G36090,AT3G11480,AT4G13090,AT1G35740,AT2G16250,AT4G10040,AT1G65490,AT2G18700,AT3G63460,AT1G35490,AT2G30220,AT4G28085,AT2G36040,AT1G01720,AT5G40360,AT1G33770,AT2G42640,AT2G32930,AT1G73000,AT4G30230,AT3G31460,AT2G03890,AT1G80820,AT1G35910,AT1G68300,AT1G26790,AT3G47500,AT2G06700,AT4G13310,AT3G43530,AT1G04980,AT5G39660,AT4G32280,AT4G36040,AT5G40645,AT3G46730,AT5G54080,AT2G13750,AT5G46300,AT3G29220,AT2G23210,AT2G25490,AT3G62640,AT1G75600,AT1G09950,AT2G40170,AT3G20690,AT1G33860,AT1G53690	na
0	AT1G75390	AtbZIP44	28	0	PWM2917	DAP-seq	BZIP44_col	67	0.0015823099017719926	0.043647410059648964	145	AT1G73870,AT3G24500,AT3G63350,AT3G51910,AT3G09440,AT5G64510,AT3G17110,AT5G18340,AT5G02490,AT1G54050,AT1G67360,AT5G13170,AT4G26270,AT1G32900,AT1G18330,AT3G54500,AT1G61340,AT5G05410,AT4G15660,AT5G17300,AT1G15830,AT5G47160,AT5G44260,AT5G06980,AT2G41250,AT3G45970,AT4G15680,AT1G73480,AT2G36030,AT3G22090,AT4G02850,ATMG00160,AT2G36220,AT2G14510,AT5G09930,AT3G03520,AT1G27790,AT3G28270,AT5G45830,AT5G37260,AT5G62430,AT4G04070,AT5G54470,AT4G30490,AT1G79920,AT3G57880,AT4G08190,AT4G29330,AT4G16000,AT1G02700,AT3G29810,AT2G01029,AT1G19050,AT5G28160,AT3G31410,AT4G35770,AT4G38680,AT5G44120,AT3G27690,AT1G70920,AT3G43160,AT2G41850,ATMG00620,AT3G19270,AT2G30000,AT2G41260,AT5G06820,AT1G80660,AT3G59060,AT3G49790,AT3G30420,AT2G38510,AT3G13270,AT3G13310,AT2G07550,AT4G08880,AT2G04063,AT2G44840,AT1G66120,AT3G09020,AT1G32090,AT1G20350,AT5G59820,AT5G01380,AT3G15450,AT5G17030,AT2G10380,AT2G42870,AT3G61930,AT2G15700,AT2G22960,AT5G43840,AT2G30090,AT4G12930,AT1G08570,AT3G29660,AT5G66880,AT5G45820,AT4G33660,AT1G66090,AT2G38830,AT3G11480,AT4G13090,AT1G35740,AT2G16250,AT4G10040,AT2G18700,AT3G63460,AT1G35490,AT4G28085,AT2G36040,AT1G01720,AT1G33770,AT2G42640,AT5G55970,AT2G32930,AT1G73000,AT3G31460,AT2G03890,AT1G80820,AT5G06900,AT1G35910,AT1G68300,AT1G26790,AT3G47500,AT2G06700,AT1G04980,AT5G39660,AT5G35920,AT5G62080,AT4G36040,AT5G67030,AT5G40645,AT5G54080,AT2G14630,AT1G11990,AT2G13750,AT1G22990,AT5G46300,AT3G29220,AT1G09950,AT3G20690,AT1G33860,AT1G66760,AT1G53690	
0	AT1G32870	ANAC013	131	3	PWM3351	DAP-seq	ANAC013_col	68	0.0015823099017719926	0.043647410059648964	145	AT4G25200,AT1G71000,AT1G59860,AT3G46230,AT5G51440,AT5G52640,AT5G48570,AT3G20180,AT1G56600,AT4G39675,AT1G33055,AT4G26270,AT1G32900,AT2G47180,AT3G13370,AT5G06980,AT5G58770,AT2G41250,AT2G20670,AT1G10050,AT1G73480,AT1G07500,AT3G22090,AT1G30030,AT2G23110,AT3G25650,AT2G14510,AT1G07180,AT3G47340,AT4G14270,AT2G21820,AT1G05920,AT4G15420,AT2G07749,AT5G15250,AT3G57880,AT2G04050,AT4G29140,AT4G16000,AT5G35280,AT2G31380,AT3G43970,AT4G37010,AT5G28160,ATMG00060,AT4G35770,AT3G26150,AT2G21640,AT2G19640,AT2G41850,AT1G60340,AT1G74870,AT3G19270,AT5G53250,AT4G01180,AT2G32140,AT3G13820,AT3G42900,AT3G06560,AT3G30420,AT2G07550,AT5G51270,AT2G04063,AT4G25340,AT1G20350,AT3G14520,AT1G41770,AT3G23350,AT4G27652,AT2G19630,AT5G01380,AT3G10930,AT2G07714,AT1G06170,AT3G28560,AT5G10660,AT1G62940,AT5G01180,AT4G30270,ATMG00430,AT3G06780,AT1G19530,AT1G61330,AT3G28210,AT3G45560,AT3G56380,AT1G35570,AT2G07736,AT1G32980,AT4G19780,AT4G36490,AT2G38830,AT3G11480,AT1G35730,AT5G54460,ATMG00730,ATMG01130,AT3G47050,AT4G08770,AT2G31080,AT2G23270,AT1G52660,AT1G33813,AT2G30220,AT1G59590,AT5G64940,AT2G23130,AT1G75100,AT4G25810,AT1G77730,AT5G55970,AT5G02020,AT2G32930,AT5G48390,AT4G36460,AT4G30230,AT1G21120,AT5G46730,AT3G28190,AT1G35910,AT4G04490,AT3G03270,AT3G18180,AT1G69630,AT1G52240,AT1G65980,AT5G25190,AT3G13610,AT5G39660,AT4G21830,AT2G26410,AT1G33817,AT1G65970,AT3G60330,AT1G23510,AT2G13890,AT1G13310,AT2G32360,AT3G29220,AT5G40010,AT1G09950,AT5G56570,AT5G49050,AT2G27700,AT4G07350	AT5G51440,AT2G04050,AT2G21640
0	AT1G34180	anac016	22	0	PWM3353	DAP-seq	ANAC016_col	69	0.0015823099017719926	0.043647410059648964	145	AT4G25200,AT1G71000,AT1G59860,AT3G46230,AT5G51440,AT5G52640,AT5G48570,AT3G20180,AT1G56600,AT1G03070,AT4G39675,AT4G26270,AT2G47180,AT5G17300,AT5G58770,AT2G36750,AT2G20670,AT1G10050,AT1G73480,AT1G07500,AT3G22090,AT1G30030,AT3G25650,AT1G07180,AT3G47340,AT4G14270,AT1G05920,AT2G07749,AT5G37260,AT4G04070,AT1G47780,AT3G57880,AT2G04050,AT3G15770,AT5G35280,AT2G31380,AT3G43970,AT1G19050,ATMG01220,AT5G28160,AT1G43755,ATMG00060,AT1G66690,AT4G14640,AT3G26150,AT2G21640,AT4G30290,AT2G41850,AT1G60340,AT1G74870,AT3G19270,AT3G42390,AT5G53250,AT4G01180,AT2G32140,AT3G13820,AT5G03680,AT3G42900,AT3G06560,AT2G07550,AT2G04063,AT4G25340,AT1G20350,AT1G23570,AT3G14520,AT1G41770,AT3G23350,AT4G27652,AT2G35570,AT3G10930,AT3G28840,AT2G07714,AT3G23230,AT3G28560,AT5G10660,AT1G62940,AT4G30270,ATMG00430,AT3G06780,AT5G02810,AT1G61330,AT2G22960,AT3G28210,AT3G45560,AT3G56380,AT1G33960,AT1G35570,AT2G07736,AT4G19780,AT4G36490,AT3G11480,AT5G54460,ATMG01130,AT3G47050,AT4G08770,AT1G65490,AT2G31080,AT2G23270,AT1G33813,AT1G35490,AT2G30220,AT2G06150,AT5G64940,AT1G75100,AT2G21690,AT4G25810,AT1G77730,AT5G02020,AT2G32930,AT5G48390,AT4G36460,AT2G03890,AT2G30750,AT5G46730,AT1G35910,AT4G04120,AT1G69630,AT1G52240,AT1G14980,AT5G39660,AT4G21830,AT2G26410,AT1G33817,AT4G36040,AT5G61650,AT3G60330,AT2G15720,AT5G39650,AT5G38700,AT2G10450,AT1G23510,AT2G13890,AT5G29050,AT2G13750,AT1G13310,AT5G01820,AT3G29220,AT1G47790,AT1G39430,AT5G52690,AT1G09950,AT5G49050,AT2G27700,AT2G41860,AT4G07350	
0	AT1G54330	ANAC020	0	0	PWM3357	DAP-seq	ANAC020_col	70	0.0015823099017719926	0.043647410059648964	145	AT1G71000,AT1G59860,AT5G52640,AT5G48570,AT3G63350,AT3G09440,AT3G17110,AT1G03070,AT5G02490,AT1G32900,AT2G47180,AT1G44414,AT4G03810,AT5G47160,AT5G44260,AT5G06980,AT5G58770,AT2G46735,AT2G20670,AT1G10050,AT1G73480,AT1G30030,AT2G23110,AT3G25650,AT1G07180,AT3G47340,AT1G05920,AT4G15420,AT5G15250,AT4G04070,AT1G47780,AT2G04050,AT2G07728,AT3G15770,AT1G13700,AT2G31380,AT3G43970,AT4G37010,AT2G01029,AT1G19050,AT2G39510,ATMG00060,AT2G02120,AT2G21640,AT4G30290,AT1G60340,AT1G74870,AT3G19270,AT5G53250,AT4G01180,AT2G32140,AT2G05090,AT3G13820,AT3G42900,AT3G06560,AT1G80660,AT3G30420,AT1G69490,AT2G07550,AT5G51270,AT5G13080,ATMG00670,AT1G20350,AT3G14520,AT1G41770,AT3G23350,AT1G13130,AT5G01380,AT2G07714,AT1G22420,AT5G17030,AT1G06170,AT3G28560,AT5G10660,AT5G01180,AT4G30270,AT2G15700,AT1G61330,AT3G28210,AT3G45560,AT3G56380,AT1G35570,AT1G32980,AT2G04670,AT5G23220,AT2G23060,AT4G19780,AT4G36490,AT3G11480,AT1G35730,AT5G54460,AT3G47050,AT4G21720,AT2G31080,AT4G25820,AT2G23270,AT1G52660,AT1G33813,AT2G30220,AT1G59590,AT5G64940,AT1G75100,AT5G40360,AT1G77730,AT1G70870,AT5G55970,AT5G02020,AT2G32930,AT1G21120,AT3G28190,AT3G21830,AT3G03660,AT4G04490,AT3G47500,AT2G43010,AT3G18180,AT1G69630,AT3G03410,AT2G22950,AT1G52240,AT3G49480,AT4G17480,AT5G18160,AT1G65980,AT5G25190,AT3G13610,AT2G26410,AT1G70880,AT1G33817,AT4G32280,AT1G47280,AT1G65970,AT3G60330,AT1G50220,AT1G23510,AT1G11990,AT1G13310,AT2G32360,AT5G01820,AT5G52690,AT5G40010,AT1G10970,AT2G40170,AT1G78150,AT2G41860	
0	AT1G76420	ANAC031	5	0	PWM3404	DAP-seq	CUC3_col	71	0.0015823099017719926	0.043647410059648964	145	AT1G71000,AT1G59860,AT3G46230,AT5G52640,AT5G48570,AT5G49700,AT3G17110,AT1G56600,AT1G03070,AT1G32900,AT2G47180,AT1G15830,AT5G47160,AT2G14770,AT5G06980,AT5G58770,AT2G46735,AT2G20670,AT1G10050,AT1G73480,AT1G30030,AT3G25650,AT1G07180,AT2G21820,AT1G05920,AT1G30080,AT2G14300,AT5G15250,AT4G04070,AT1G47780,AT3G57880,AT2G04050,AT3G02140,AT3G15770,AT5G35280,AT3G43970,AT2G01029,AT1G13080,ATMG00060,AT2G02120,AT3G26150,AT2G21640,AT2G03720,AT2G36050,AT2G19640,AT2G41850,AT1G60340,AT1G74870,AT3G19270,AT4G01180,AT2G32140,AT2G05090,AT3G13820,AT5G03680,AT3G06560,AT3G59060,AT1G69490,AT2G07550,AT4G08880,AT5G51270,AT5G13080,AT2G04063,AT4G25340,ATMG00670,AT1G20350,AT1G23570,AT5G25350,AT1G41770,AT3G23350,AT4G27652,AT1G13130,AT2G19630,AT1G22420,AT3G50560,AT1G06170,AT3G28560,AT5G10660,AT1G62940,AT5G01180,AT4G30270,AT3G06780,AT5G02810,AT1G61330,AT3G28210,AT3G45560,AT3G56380,AT1G35570,AT2G04670,AT4G33660,AT5G23220,AT2G23060,AT4G19780,AT4G36490,AT3G11480,AT3G47050,AT4G08770,AT4G25820,AT2G23270,AT1G52660,AT1G33813,AT2G30220,AT1G59590,AT1G75100,AT1G70870,AT2G32930,AT5G48390,AT4G36460,AT2G30750,AT5G46730,AT1G80820,AT3G28190,AT3G21830,AT1G18990,AT4G04490,AT1G69630,AT3G03410,AT5G18160,AT1G65980,AT3G13610,AT2G29300,AT2G26410,AT1G70880,AT1G33817,AT4G32280,AT5G62080,AT1G47280,AT3G60330,AT1G13260,AT5G38700,AT1G23510,AT1G11990,AT2G13890,AT2G13750,AT1G13310,AT2G32360,AT2G43820,AT5G52690,AT1G75600,AT1G05330,AT2G40170,AT5G49690,AT5G49050,AT3G20690,AT1G78150,AT2G41860	
1	AT3G09600	At3g09600	3	na	PWM3310	DAP-seq	AT3G09600_col	1	3.324190332561206e-35	5.960273266282242e-32	150	AT5G42900,AT5G62360,AT2G40080,AT4G33980,AT4G34950,AT3G07650,AT1G17665,AT2G21660,AT1G11210,AT4G33985,AT1G53903,AT2G15880,AT3G62550,AT4G04330,AT5G24470,AT2G39920,AT1G56300,AT2G33830,AT4G16146,AT2G22450,AT3G58590,AT1G20030,AT3G53250,AT1G36940,AT1G76790,AT3G46970,AT5G67480,AT2G26560,AT5G06690,AT2G28085,AT4G09020,AT1G49720,AT4G33990,AT1G28050,AT4G30660,AT2G15890,AT2G01390,AT1G64890,AT4G26670,AT2G42530,AT2G21130,AT4G01130,AT5G59570,AT5G44010,AT4G32340,AT5G61380,AT5G54960,AT1G67970,AT5G40180,AT5G51570,AT2G25730,AT3G59820,AT4G33310,AT5G48250,AT1G28330,AT1G10760,AT5G09630,AT4G27440,AT3G48360,AT3G10410,AT2G31360,AT3G05880,AT2G17840,AT5G57110,AT1G76590,AT1G16850,AT4G03400,AT3G26740,AT2G15960,ATMG00280,AT2G15360,AT5G15960,AT1G15480,AT2G28840,AT5G57630,AT5G26340,AT5G03720,AT1G02300,AT4G33700,AT2G07440,AT1G80480,AT3G05130,AT3G47160,AT5G25210,AT4G02370,AT3G28870,AT2G17230,AT1G69940,AT3G42090,AT4G12750,AT5G44210,AT5G64860,AT3G50500,AT3G59830,AT1G17020,AT1G51610,AT1G79440,AT1G43080,AT5G17850,AT3G53990,AT1G67370,AT3G05790,AT3G11020,AT4G18240,AT4G32800,AT2G45560,AT1G08500,AT3G53800,AT5G02190,AT4G39260,AT5G45200,AT5G18540,AT4G05150,AT5G63810,AT2G11220,AT5G46460,AT3G59350,AT5G61350,AT1G21680,AT2G36410,AT2G19450,AT3G04060,AT1G53035,AT5G50450,AT1G14680,AT1G21670,AT5G47455,AT3G52180,AT3G16180,AT3G56720,AT1G12710,AT4G17140,AT5G61590,AT3G26580,AT1G70420,AT3G59750,AT3G05800,AT4G33960,AT5G09440,AT1G20440,AT5G51610,AT1G22500,AT5G62720,AT2G19250,AT5G27870,AT3G30310,AT4G36560,AT2G15090,AT3G43210,AT1G12490	na
1	AT3G09600	At3g09600	3	na	PWM1199	CisBP	M1205_1.01	16	4.2688619270339644e-15	5.102712956781265e-13	111	AT5G42900,AT5G62360,AT2G40080,AT4G33980,AT3G07650,AT2G21660,AT1G11210,AT2G38465,AT4G04330,AT1G56300,AT2G33830,AT4G16146,AT3G59720,AT3G53250,AT1G36940,AT1G76790,AT2G40340,AT2G25930,AT5G06690,AT4G09020,AT1G28050,AT2G01390,AT2G21130,AT4G01130,AT5G44010,AT5G61380,AT5G54960,AT1G67970,AT5G40180,AT4G17490,AT3G47860,AT2G25730,AT3G59820,AT4G33310,AT5G48250,AT1G10760,AT5G09630,AT2G05080,AT3G48360,AT3G10410,AT2G31360,AT3G05880,AT5G57110,AT1G29395,AT1G76590,AT1G16850,AT4G03400,AT2G15960,ATMG00280,AT2G15360,AT5G15960,AT2G28840,AT5G57630,AT5G03720,AT4G33700,AT3G47160,AT3G10300,AT4G02370,AT1G48290,AT2G17230,AT1G26665,AT1G69940,AT3G42090,AT4G12750,AT5G27610,AT3G50120,AT5G64860,AT3G59830,AT1G27630,AT1G51610,AT1G79440,AT1G61460,AT5G17850,AT1G67370,AT3G05790,AT3G11020,AT4G18240,AT4G32800,AT1G08500,AT5G02190,AT4G39260,AT5G18540,AT5G63810,AT2G11220,AT2G10460,AT3G59350,AT2G36410,AT1G53035,AT1G17460,AT5G50450,AT1G14680,AT5G47455,AT3G52180,AT3G16180,AT3G56720,AT1G12710,AT4G17140,AT4G23270,AT3G26580,AT3G05800,AT4G33960,AT2G10620,AT1G20440,AT2G14170,AT5G48710,AT1G22500,AT5G17760,AT2G19250,AT4G36560,AT5G08380,AT2G17000	na
1	AT1G01060	LHY	1	na	PWM3338	DAP-seq	LHY1_col	2	1.2534986075299842e-31	1.123761501650631e-28	144	AT5G42900,AT5G62360,AT2G40080,AT4G33980,AT4G34950,AT3G07650,AT2G21660,AT1G11210,AT4G33985,AT2G15880,AT3G62550,AT4G04330,AT5G24470,AT2G39920,AT1G56300,AT2G33830,AT4G16146,AT2G22450,AT3G58590,AT1G20030,AT3G53250,AT1G19370,AT1G36940,AT1G76790,AT3G46970,AT5G67480,AT2G26560,AT5G06690,AT2G28085,AT4G09020,AT1G49720,AT4G33990,AT1G28050,AT4G30660,AT2G15890,AT2G01390,AT1G64890,AT4G26670,AT2G42530,AT2G21130,AT4G01130,AT5G59570,AT5G44010,AT4G32340,AT5G61380,AT3G63160,AT5G54960,AT1G67970,AT5G40180,AT3G47860,AT5G51570,AT2G25730,AT4G33310,AT5G48250,AT1G28330,AT1G10760,AT5G09630,AT4G27440,AT3G05880,AT5G14920,AT2G17840,AT5G57110,AT1G76590,AT1G16850,AT4G03400,AT2G15960,ATMG00280,AT2G15360,AT1G26400,AT2G28840,AT5G57630,AT5G26340,AT5G03720,AT4G33700,AT2G07440,AT1G80480,AT3G05130,AT5G35735,AT5G06510,AT5G25210,AT4G02370,AT3G28870,AT2G17230,AT1G69940,AT3G42090,AT4G12750,AT3G50120,AT5G64860,AT3G50500,AT1G27630,AT1G51610,AT1G79440,AT1G43080,AT5G17850,AT3G53990,AT1G67370,AT3G05790,AT3G11020,AT4G18240,AT4G32800,AT2G45560,AT1G08500,AT3G53800,AT5G02190,AT4G39260,AT5G45200,AT5G18540,AT4G05150,AT5G63810,AT3G03170,AT1G64170,AT5G46460,AT3G59350,AT5G33380,AT1G21680,AT2G36410,AT2G19450,AT1G53035,AT5G50450,AT1G14680,AT1G21670,AT1G33970,AT5G47455,AT5G46520,AT3G52180,AT3G16180,AT3G56720,AT1G12710,AT4G17140,AT5G61590,AT1G70420,AT3G59750,AT3G05800,AT4G33960,AT1G20440,AT5G62720,AT2G19250,AT5G27870,AT2G19440,AT3G30310,AT4G36560,AT2G15090,AT3G43210,AT1G12490	na
1	AT1G01060	LHY	1	na	PWM1020	CisBP	M1267_1.01	20	7.570213086115059e-11	6.786696031702151e-9	100	AT5G42900,AT2G40080,AT4G33980,AT3G07650,AT2G21660,AT1G11210,AT4G04330,AT2G39920,AT1G56300,AT2G22450,AT1G20030,AT3G53250,AT1G19370,AT2G40340,AT5G06690,AT2G28085,AT4G09020,AT4G33990,AT1G28050,AT2G01390,AT4G26670,AT2G42530,AT2G21130,AT4G01130,AT5G59570,AT5G44010,AT5G54960,AT5G40180,AT3G47860,AT2G25730,AT3G59820,AT5G48250,AT5G59200,AT1G10760,AT4G27440,AT2G05080,AT4G39090,AT3G10410,AT2G31360,AT2G17840,AT5G57110,AT1G76590,AT4G03400,ATMG00280,AT2G28840,AT1G66310,AT5G57630,AT5G26340,AT1G51940,AT1G02300,AT1G80480,AT4G02370,AT3G28870,AT2G17230,AT5G44210,AT3G59830,AT1G51610,AT1G43080,AT4G03510,AT1G61460,AT1G67370,AT3G05790,AT5G25620,AT4G32800,AT1G03010,AT1G08500,AT4G39260,AT5G63810,AT2G10460,AT3G59350,AT5G33380,AT5G61350,AT1G21680,AT3G49270,AT2G19450,AT4G00240,AT1G53035,AT5G46520,AT1G12710,AT4G17140,AT2G02670,AT2G04990,AT1G18860,AT5G26020,AT1G70420,AT3G05800,AT2G26650,AT4G33960,AT1G22530,AT2G14170,AT5G51610,AT5G48710,AT1G22500,AT4G17500,AT5G63420,AT4G36560,AT2G43535,AT3G43210,AT1G70690,AT5G37570	na
1	AT4G01280	At4g01280	8	na	PWM3317	DAP-seq	AT4G01280_col	3	4.761356199960618e-31	2.845703888843129e-28	143	AT5G42900,AT5G62360,AT2G40080,AT4G33980,AT4G34950,AT3G07650,AT2G21660,AT1G11210,AT4G33985,AT2G15880,AT3G62550,AT4G04330,AT5G24470,AT2G39920,AT1G56300,AT2G33830,AT4G16146,AT2G22450,AT3G58590,AT1G20030,AT3G53250,AT1G36940,AT3G46970,AT2G25930,AT5G67480,AT2G26560,AT5G06690,AT2G28085,AT4G09020,AT1G49720,AT4G33990,AT1G28050,AT4G30660,AT2G15890,AT2G01390,AT1G64890,AT4G26670,AT2G42530,AT2G21130,AT4G01130,AT5G59570,AT5G44010,AT4G32340,AT5G61380,AT5G54960,AT1G67970,AT5G40180,AT3G47860,AT5G51570,AT2G25730,AT3G59820,AT5G26570,AT5G48250,AT1G28330,AT1G10760,AT5G09630,AT2G31360,AT3G05880,AT5G14920,AT5G57110,AT1G76590,AT1G16850,AT4G03400,AT3G26740,AT2G15960,ATMG00280,AT2G15360,AT1G15480,AT2G28840,AT5G02860,AT5G57630,AT5G26340,AT5G03720,AT4G33700,AT2G07440,AT3G05130,AT3G47160,AT5G25210,AT4G02370,AT3G28870,AT2G17230,AT1G69940,AT3G42090,AT4G12750,AT5G44210,AT5G64860,AT3G50500,AT3G59830,AT1G17020,AT1G51610,AT1G79440,AT1G43080,AT3G53990,AT1G67370,AT3G05790,AT5G25620,AT3G11020,AT4G18240,AT4G32800,AT2G45560,AT1G08500,AT3G53800,AT5G02190,AT4G39260,AT5G45200,AT5G18540,AT4G05150,AT5G63810,AT1G64170,AT5G46460,AT3G59350,AT5G33380,AT1G21680,AT2G36410,AT2G19450,AT3G04060,AT1G53035,AT5G50450,AT1G14680,AT1G21670,AT1G33970,AT5G47455,AT3G52180,AT3G16180,AT3G56720,AT1G12710,AT4G17140,AT5G61590,AT1G70420,AT3G59750,AT3G05800,AT4G33960,AT5G09440,AT1G22530,AT1G20440,AT5G62720,AT2G19250,AT4G17500,AT3G30310,AT4G36560,AT2G15090,AT3G43210,AT1G12490	na
1	AT4G01280	At4g01280	8	na	PWM1200	CisBP	M1205_1.01	17	4.2688619270339644e-15	5.102712956781265e-13	111	AT5G42900,AT5G62360,AT2G40080,AT4G33980,AT3G07650,AT2G21660,AT1G11210,AT2G38465,AT4G04330,AT1G56300,AT2G33830,AT4G16146,AT3G59720,AT3G53250,AT1G36940,AT1G76790,AT2G40340,AT2G25930,AT5G06690,AT4G09020,AT1G28050,AT2G01390,AT2G21130,AT4G01130,AT5G44010,AT5G61380,AT5G54960,AT1G67970,AT5G40180,AT4G17490,AT3G47860,AT2G25730,AT3G59820,AT4G33310,AT5G48250,AT1G10760,AT5G09630,AT2G05080,AT3G48360,AT3G10410,AT2G31360,AT3G05880,AT5G57110,AT1G29395,AT1G76590,AT1G16850,AT4G03400,AT2G15960,ATMG00280,AT2G15360,AT5G15960,AT2G28840,AT5G57630,AT5G03720,AT4G33700,AT3G47160,AT3G10300,AT4G02370,AT1G48290,AT2G17230,AT1G26665,AT1G69940,AT3G42090,AT4G12750,AT5G27610,AT3G50120,AT5G64860,AT3G59830,AT1G27630,AT1G51610,AT1G79440,AT1G61460,AT5G17850,AT1G67370,AT3G05790,AT3G11020,AT4G18240,AT4G32800,AT1G08500,AT5G02190,AT4G39260,AT5G18540,AT5G63810,AT2G11220,AT2G10460,AT3G59350,AT2G36410,AT1G53035,AT1G17460,AT5G50450,AT1G14680,AT5G47455,AT3G52180,AT3G16180,AT3G56720,AT1G12710,AT4G17140,AT4G23270,AT3G26580,AT3G05800,AT4G33960,AT2G10620,AT1G20440,AT2G14170,AT5G48710,AT1G22500,AT5G17760,AT2G19250,AT4G36560,AT5G08380,AT2G17000	na
1	AT2G28920	AT2G28920	2	na	PWM3436	DAP-seq	AT2G28920_col	4	4.761356199960618e-31	2.845703888843129e-28	143	AT5G42900,AT5G62360,AT2G40080,AT4G33980,AT4G34950,AT3G07650,AT2G21660,AT1G11210,AT4G33985,AT2G15880,AT3G62550,AT4G04330,AT5G24470,AT2G39920,AT1G56300,AT2G33830,AT4G16146,AT2G22450,AT3G58590,AT1G20030,AT3G53250,AT1G19370,AT1G36940,AT1G76790,AT3G46970,AT5G67480,AT2G26560,AT5G06690,AT2G28085,AT4G09020,AT1G49720,AT4G33990,AT1G28050,AT4G30660,AT2G15890,AT2G01390,AT1G64890,AT4G26670,AT2G42530,AT2G21130,AT4G01130,AT5G59570,AT5G44010,AT4G32340,AT5G61380,AT3G63160,AT5G54960,AT1G67970,AT5G40180,AT3G47860,AT5G51570,AT2G25730,AT5G48250,AT1G28330,AT5G09630,AT4G27440,AT3G59370,AT2G31360,AT3G05880,AT5G14920,AT2G17840,AT5G57110,AT1G76590,AT1G16850,AT4G03400,AT2G15960,ATMG00280,AT2G15360,AT1G26400,AT2G28840,AT5G57630,AT5G26340,AT5G03720,AT4G33700,AT2G07440,AT1G80480,AT3G05130,AT5G35735,AT5G06510,AT5G25210,AT4G02370,AT3G28870,AT2G17230,AT1G69940,AT3G42090,AT4G12750,AT5G44210,AT5G64860,AT3G50500,AT1G27630,AT1G51610,AT1G79440,AT1G43080,AT3G53990,AT1G67370,AT3G05790,AT3G11020,AT4G18240,AT4G32800,AT2G45560,AT1G08500,AT3G53800,AT5G02190,AT4G39260,AT5G45200,AT5G18540,AT4G05150,AT5G63810,AT3G03170,AT5G46460,AT3G59350,AT5G33380,AT1G21680,AT2G36410,AT2G19450,AT1G53035,AT5G50450,AT1G14680,AT1G21670,AT1G33970,AT5G47455,AT5G46520,AT3G52180,AT3G16180,AT3G56720,AT1G12710,AT4G17140,AT5G61590,AT1G70420,AT3G59750,AT3G05800,AT4G33960,AT1G20440,AT5G51610,AT5G62720,AT2G19250,AT5G27870,AT2G19440,AT3G30310,AT4G36560,AT2G15090,AT3G43210,AT1G12490	na
1	AT2G46830	AtCCA1	1	123	PWM2571	JASPAR	MA0972.1	5	2.4437102832359008e-29	8.763145075683941e-27	140	AT4G10250,AT5G42900,AT5G62360,AT2G40080,AT4G33980,AT3G07650,AT1G17665,AT2G21660,AT1G11210,AT2G38465,AT4G04330,AT5G24470,AT1G56300,AT2G33830,AT4G16146,AT2G22450,AT1G20030,AT3G59720,AT3G53250,AT1G19370,AT1G36940,AT1G49230,AT1G76790,AT2G40340,AT2G25930,AT5G67480,AT5G06690,AT2G28085,AT4G09020,AT1G49720,AT1G28050,AT4G30660,AT2G15890,AT2G01390,AT1G64890,AT4G26670,AT2G42530,AT2G21130,AT4G01130,AT5G59570,AT5G44010,AT4G32340,AT5G61380,AT5G54960,AT1G67970,AT5G40180,AT5G39410,AT3G47860,AT2G25730,AT3G59820,AT5G48250,AT1G28330,AT4G27440,AT2G05080,AT3G48360,AT3G10410,AT2G31360,AT3G05880,AT2G17840,AT5G57110,AT1G29395,AT1G76590,AT1G16850,AT4G03400,AT2G15960,ATMG00280,AT2G15360,AT5G15960,AT2G28840,AT5G57630,AT5G03720,AT4G33700,AT2G07440,AT1G80480,AT3G47160,AT4G02370,AT3G28870,AT2G17230,AT1G26665,AT3G42090,AT4G12750,AT3G50120,AT1G48210,AT5G44210,AT5G64860,AT3G50500,AT3G59830,AT1G51610,AT1G79440,AT1G43080,AT5G17850,AT1G67370,AT3G05790,AT5G25620,AT3G11020,AT4G18240,AT4G32800,AT2G45560,AT1G08500,AT3G53800,AT4G39260,AT5G18540,AT4G05150,AT5G63810,AT2G11220,AT1G64170,AT5G46460,AT3G59350,AT1G21680,AT2G36410,AT1G53035,AT1G17460,AT5G50450,AT1G26530,AT1G14680,AT1G21670,AT5G47455,AT5G46520,AT3G52180,AT3G16180,AT3G56720,AT1G12710,AT4G17140,AT5G61590,AT4G33490,AT3G26580,AT1G70420,AT3G05800,AT4G33960,AT5G09440,AT1G20440,AT5G48710,AT5G62720,AT2G19250,AT5G63420,AT3G43670,AT2G19440,AT4G36560,AT2G15090,AT3G43210	AT5G23240,AT5G42900,AT5G62360,AT4G33980,AT4G34950,AT1G17665,AT1G11210,AT3G62550,AT4G04330,AT5G24470,AT1G56300,AT2G33830,AT4G16146,AT2G22450,AT1G20030,AT1G19370,AT1G49230,AT1G76790,AT2G37580,AT3G46970,AT2G40340,AT2G25930,AT5G67480,AT2G26560,AT5G06690,AT2G28085,AT4G09020,AT1G49720,AT1G28050,AT4G30660,AT2G15890,AT4G26670,AT2G42530,AT2G21130,AT5G59570,AT5G44010,AT4G32340,AT5G61380,AT3G63160,AT5G54960,AT1G67970,AT3G47860,AT5G51570,AT2G25730,AT4G33310,AT5G26570,AT1G10760,AT4G27440,AT3G48360,AT4G39090,AT3G10410,AT2G31360,AT3G05880,AT2G17840,AT5G57110,AT1G29395,AT1G76590,AT1G16850,AT4G03400,AT3G26740,AT2G40130,AT2G28840,AT5G57630,AT5G26340,AT4G22770,AT1G02300,AT1G80480,AT3G05130,AT5G35735,AT3G47160,AT5G25210,AT4G02370,AT1G26665,AT4G34750,AT3G50120,AT5G64860,AT3G50500,AT1G27630,AT1G79440,AT3G50700,AT4G03510,AT2G16660,AT4G29600,AT5G03240,AT3G11020,AT4G18240,AT2G45560,AT3G53800,AT1G13990,AT4G39260,AT5G18540,AT5G05840,AT4G05150,AT3G16740,AT3G59350,AT3G03470,AT2G36410,AT2G19450,AT3G04060,AT5G50450,AT1G14680,AT1G21670,AT3G25870,AT3G16180,AT1G31850,AT3G62090,AT2G06925,AT1G12710,AT5G61590,AT4G23270,AT5G26020,AT3G26580,AT1G70420,AT3G05800,AT4G33960,AT1G22530,AT2G14170,AT3G51400,AT5G17760,AT5G62720,AT3G51660,AT5G63420,AT5G14560
1	AT2G46830	AtCCA1	1	123	PWM1555	PBM		7	3.1942215266253145e-28	8.18177028177027e-26	138	AT5G42900,AT5G62360,AT2G40080,AT4G33980,AT4G34950,AT3G07650,AT1G17665,AT2G21660,AT1G11210,AT4G33985,AT1G53903,AT2G15880,AT4G04330,AT5G24470,AT1G56300,AT2G33830,AT4G16146,AT2G22450,AT1G20030,AT3G53250,AT1G19370,AT1G36940,AT1G76790,AT2G37580,AT3G46970,AT2G25930,AT5G67480,AT2G26560,AT5G06690,AT2G28085,AT4G09020,AT1G49720,AT4G33990,AT1G28050,AT4G30660,AT2G15890,AT2G01390,AT1G64890,AT4G26670,AT2G21130,AT4G01130,AT5G59570,AT5G44010,AT4G32340,AT5G61380,AT3G63160,AT5G54960,AT1G67970,AT5G40180,AT3G47860,AT2G25730,AT4G33310,AT5G48250,AT1G28330,AT1G10760,AT4G27440,AT4G39090,AT3G10410,AT2G31360,AT2G17840,AT5G57110,AT1G76590,AT1G16850,AT4G03400,AT3G26740,AT2G15960,ATMG00280,AT2G15360,AT1G15480,AT2G28840,AT5G57630,AT5G26340,AT5G03720,AT2G07440,AT1G80480,AT5G35735,AT3G10300,AT4G02370,AT3G28870,AT2G17230,AT1G69940,AT3G42090,AT4G12750,AT5G44210,AT5G64860,AT3G50500,AT1G17020,AT1G51610,AT1G79440,AT1G43080,AT1G67370,AT5G03240,AT3G05790,AT5G25620,AT3G11020,AT4G18240,AT4G32800,AT2G45560,AT1G08500,AT3G53800,AT5G02190,AT4G39260,AT5G45200,AT5G18540,AT4G05150,AT5G63810,AT3G03170,AT2G11220,AT1G64170,AT5G46460,AT3G59350,AT5G33380,AT1G21680,AT2G36410,AT2G19450,AT3G04060,AT1G53035,AT5G50450,AT4G26020,AT1G14680,AT1G21670,AT1G33970,AT3G52180,AT3G16180,AT3G56720,AT1G12710,AT4G17140,AT5G61590,AT1G70420,AT3G59750,AT3G05800,AT4G33960,AT5G62720,AT2G19250,AT3G30310,AT4G36560,AT2G15090,AT1G12490	AT5G23240,AT5G42900,AT5G62360,AT4G33980,AT4G34950,AT1G17665,AT1G11210,AT3G62550,AT4G04330,AT5G24470,AT1G56300,AT2G33830,AT4G16146,AT2G22450,AT1G20030,AT1G19370,AT1G49230,AT1G76790,AT2G37580,AT3G46970,AT2G40340,AT2G25930,AT5G67480,AT2G26560,AT5G06690,AT2G28085,AT4G09020,AT1G49720,AT1G28050,AT4G30660,AT2G15890,AT4G26670,AT2G42530,AT2G21130,AT5G59570,AT5G44010,AT4G32340,AT5G61380,AT3G63160,AT5G54960,AT1G67970,AT3G47860,AT5G51570,AT2G25730,AT4G33310,AT5G26570,AT1G10760,AT4G27440,AT3G48360,AT4G39090,AT3G10410,AT2G31360,AT3G05880,AT2G17840,AT5G57110,AT1G29395,AT1G76590,AT1G16850,AT4G03400,AT3G26740,AT2G40130,AT2G28840,AT5G57630,AT5G26340,AT4G22770,AT1G02300,AT1G80480,AT3G05130,AT5G35735,AT3G47160,AT5G25210,AT4G02370,AT1G26665,AT4G34750,AT3G50120,AT5G64860,AT3G50500,AT1G27630,AT1G79440,AT3G50700,AT4G03510,AT2G16660,AT4G29600,AT5G03240,AT3G11020,AT4G18240,AT2G45560,AT3G53800,AT1G13990,AT4G39260,AT5G18540,AT5G05840,AT4G05150,AT3G16740,AT3G59350,AT3G03470,AT2G36410,AT2G19450,AT3G04060,AT5G50450,AT1G14680,AT1G21670,AT3G25870,AT3G16180,AT1G31850,AT3G62090,AT2G06925,AT1G12710,AT5G61590,AT4G23270,AT5G26020,AT3G26580,AT1G70420,AT3G05800,AT4G33960,AT1G22530,AT2G14170,AT3G51400,AT5G17760,AT5G62720,AT3G51660,AT5G63420,AT5G14560
1	AT5G52660	At5g52660	5	na	PWM3326	DAP-seq	AT5G52660_col	6	8.883970912160392e-29	2.6548266409172636e-26	139	AT5G42900,AT5G62360,AT2G40080,AT4G33980,AT4G34950,AT3G07650,AT2G21660,AT1G11210,AT4G33985,AT2G15880,AT3G62550,AT4G04330,AT5G24470,AT2G39920,AT1G56300,AT2G33830,AT4G16146,AT2G22450,AT3G58590,AT1G20030,AT3G53250,AT1G36940,AT3G46970,AT5G67480,AT2G26560,AT5G06690,AT2G28085,AT4G09020,AT1G49720,AT4G33990,AT1G28050,AT4G30660,AT2G15890,AT2G01390,AT1G64890,AT4G26670,AT2G42530,AT2G21130,AT4G01130,AT5G59570,AT5G44010,AT4G32340,AT5G61380,AT5G54960,AT1G67970,AT5G40180,AT3G47860,AT5G51570,AT2G25730,AT4G33310,AT5G48250,AT1G28330,AT1G10760,AT5G09630,AT4G27440,AT3G10410,AT2G31360,AT3G05880,AT5G14920,AT5G57110,AT1G76590,AT1G16850,AT4G03400,AT3G26740,AT2G15960,ATMG00280,AT2G15360,AT1G15480,AT2G28840,AT5G02860,AT5G57630,AT5G26340,AT5G03720,AT4G33700,AT2G07440,AT3G05130,AT3G47160,AT5G25210,AT4G02370,AT3G28870,AT2G17230,AT1G69940,AT3G42090,AT4G12750,AT5G64860,AT3G50500,AT1G17020,AT1G51610,AT1G79440,AT1G43080,AT3G53990,AT1G67370,AT3G05790,AT3G11020,AT4G18240,AT4G32800,AT2G45560,AT1G08500,AT3G53800,AT5G02190,AT4G39260,AT5G45200,AT5G18540,AT4G05150,AT5G63810,AT5G46460,AT3G59350,AT5G33380,AT5G61350,AT1G21680,AT2G36410,AT2G19450,AT3G04060,AT1G53035,AT3G04130,AT5G50450,AT1G14680,AT1G21670,AT1G33970,AT5G47455,AT3G52180,AT3G16180,AT3G56720,AT1G12710,AT4G17140,AT5G61590,AT1G70420,AT3G59750,AT3G05800,AT4G33960,AT5G09440,AT1G20440,AT5G62720,AT2G19250,AT3G30310,AT4G36560,AT2G15090,AT3G43210,AT1G12490	na
1	AT5G52660	At5g52660	5	na	PWM1202	CisBP	M1205_1.01	19	4.2688619270339644e-15	5.102712956781265e-13	111	AT5G42900,AT5G62360,AT2G40080,AT4G33980,AT3G07650,AT2G21660,AT1G11210,AT2G38465,AT4G04330,AT1G56300,AT2G33830,AT4G16146,AT3G59720,AT3G53250,AT1G36940,AT1G76790,AT2G40340,AT2G25930,AT5G06690,AT4G09020,AT1G28050,AT2G01390,AT2G21130,AT4G01130,AT5G44010,AT5G61380,AT5G54960,AT1G67970,AT5G40180,AT4G17490,AT3G47860,AT2G25730,AT3G59820,AT4G33310,AT5G48250,AT1G10760,AT5G09630,AT2G05080,AT3G48360,AT3G10410,AT2G31360,AT3G05880,AT5G57110,AT1G29395,AT1G76590,AT1G16850,AT4G03400,AT2G15960,ATMG00280,AT2G15360,AT5G15960,AT2G28840,AT5G57630,AT5G03720,AT4G33700,AT3G47160,AT3G10300,AT4G02370,AT1G48290,AT2G17230,AT1G26665,AT1G69940,AT3G42090,AT4G12750,AT5G27610,AT3G50120,AT5G64860,AT3G59830,AT1G27630,AT1G51610,AT1G79440,AT1G61460,AT5G17850,AT1G67370,AT3G05790,AT3G11020,AT4G18240,AT4G32800,AT1G08500,AT5G02190,AT4G39260,AT5G18540,AT5G63810,AT2G11220,AT2G10460,AT3G59350,AT2G36410,AT1G53035,AT1G17460,AT5G50450,AT1G14680,AT5G47455,AT3G52180,AT3G16180,AT3G56720,AT1G12710,AT4G17140,AT4G23270,AT3G26580,AT3G05800,AT4G33960,AT2G10620,AT1G20440,AT2G14170,AT5G48710,AT1G22500,AT5G17760,AT2G19250,AT4G36560,AT5G08380,AT2G17000	na
1	AT5G17300	RVE1	2	na	PWM1556	PBM		8	3.1942215266253145e-28	8.18177028177027e-26	138	AT5G42900,AT5G62360,AT2G40080,AT4G33980,AT4G34950,AT3G07650,AT1G17665,AT2G21660,AT1G11210,AT4G33985,AT1G53903,AT2G15880,AT3G62550,AT4G04330,AT1G56300,AT2G33830,AT4G16146,AT2G22450,AT1G20030,AT3G53250,AT1G19370,AT1G36940,AT1G76790,AT2G37580,AT3G46970,AT2G40340,AT2G25930,AT5G67480,AT2G26560,AT5G06690,AT2G28085,AT4G09020,AT1G49720,AT4G33990,AT1G28050,AT2G15890,AT2G01390,AT1G64890,AT4G26670,AT2G21130,AT4G01130,AT5G47240,AT5G59570,AT5G44010,AT4G32340,AT5G61380,AT3G63160,AT5G54960,AT1G67970,AT5G40180,AT3G47860,AT2G25730,AT3G59820,AT4G33310,AT5G48250,AT1G28330,AT1G10760,AT5G09630,AT4G39090,AT2G31360,AT5G57110,AT1G76590,AT4G03400,AT2G15960,AT2G15360,AT5G15960,AT1G15480,AT2G28840,AT5G02860,AT5G57630,AT5G26340,AT4G33700,AT2G07440,AT1G80480,AT5G35735,AT5G06510,AT3G47160,AT5G25210,AT3G10300,AT4G02370,AT3G28870,AT2G17230,AT1G69940,AT3G42090,AT4G12750,AT5G44210,AT5G64860,AT3G59830,AT1G17020,AT1G51610,AT1G79440,AT1G43080,AT1G67370,AT5G03240,AT3G05790,AT4G18240,AT2G45560,AT1G08500,AT3G53800,AT5G02190,AT4G39260,AT5G18540,AT4G05150,AT5G63810,AT3G03170,AT2G11220,AT1G64170,AT5G46460,AT3G59350,AT5G33380,AT5G61350,AT1G21680,AT2G36410,AT2G19450,AT3G04060,AT1G53035,AT3G04130,AT1G14680,AT1G21670,AT1G33970,AT3G52180,AT3G56720,AT1G12710,AT4G17140,AT5G61590,AT1G70420,AT3G59750,AT3G05800,AT4G33960,AT1G22530,AT1G20440,AT1G22500,AT5G62720,AT2G19250,AT3G30310,AT4G36560,AT2G15090,AT1G12490	na
1	AT5G17300	RVE1	2	na	PWM3340	DAP-seq	RVE1_col	11	5.460471386876285e-25	9.79062519666918e-23	132	AT5G42900,AT5G62360,AT2G40080,AT4G33980,AT4G34950,AT3G07650,AT2G21660,AT1G11210,AT2G38465,AT2G15880,AT3G62550,AT4G04330,AT5G24470,AT2G39920,AT1G56300,AT2G33830,AT4G16146,AT2G22450,AT3G58590,AT1G20030,AT3G53250,AT3G46970,AT5G67480,AT5G06690,AT2G28085,AT4G09020,AT1G49720,AT1G28050,AT4G30660,AT2G15890,AT2G01390,AT4G26670,AT2G42530,AT2G21130,AT4G01130,AT5G59570,AT5G44010,AT4G32340,AT5G61380,AT5G54960,AT1G67970,AT5G51570,AT2G25730,AT3G59820,AT4G33310,AT5G48250,AT1G28330,AT1G10760,AT5G09630,AT4G27440,AT3G10410,AT2G31360,AT3G05880,AT5G57110,AT1G76590,AT1G16850,AT4G03400,AT3G26740,AT2G15960,ATMG00280,AT2G15360,AT5G15960,AT2G28840,AT1G66310,AT5G57630,AT5G26340,AT5G03720,AT1G02300,AT4G33700,AT2G07440,AT1G80480,AT3G05130,AT5G35735,AT3G10300,AT3G28870,AT2G17230,AT1G69940,AT3G42090,AT4G12750,AT5G44210,AT5G64860,AT3G50500,AT3G59830,AT1G27630,AT1G51610,AT1G79440,AT1G43080,AT5G17850,AT3G53990,AT1G67370,AT3G05790,AT3G11020,AT4G18240,AT2G45560,AT1G08500,AT3G53800,AT4G39260,AT5G45200,AT5G18540,AT4G05150,AT5G63810,AT3G03170,AT5G46460,AT3G59350,AT1G21680,AT2G36410,AT2G19450,AT1G53035,AT5G50450,AT1G14680,AT1G21670,AT1G33970,AT3G16180,AT3G56720,AT1G12710,AT4G17140,AT5G61590,AT1G70420,AT3G59750,AT3G05800,AT4G33960,AT5G09440,AT2G14170,AT5G51610,AT5G62720,AT2G19250,AT2G19440,AT3G30310,AT4G36560,AT2G15090,AT3G43210,AT1G12490	na
1	AT5G02840	LCL1	2	0	PWM3336	DAP-seq	LCL1_col	9	3.1942215266253145e-28	8.18177028177027e-26	138	AT5G42900,AT5G62360,AT2G40080,AT4G33980,AT4G34950,AT3G07650,AT2G21660,AT1G11210,AT4G33985,AT2G15880,AT3G62550,AT4G04330,AT5G24470,AT1G56300,AT2G33830,AT4G16146,AT2G22450,AT3G58590,AT1G20030,AT1G36940,AT3G46970,AT5G67480,AT2G26560,AT5G06690,AT2G28085,AT4G09020,AT1G49720,AT4G33990,AT1G28050,AT4G30660,AT2G15890,AT2G01390,AT1G64890,AT4G26670,AT2G42530,AT4G01130,AT5G47240,AT5G59570,AT5G44010,AT4G32340,AT5G61380,AT3G63160,AT5G54960,AT1G67970,AT5G40180,AT3G47860,AT2G25730,AT4G33310,AT5G48250,AT1G28330,AT1G10760,AT5G09630,AT3G48360,AT3G05880,AT5G14920,AT5G57110,AT1G76590,AT1G16850,AT4G03400,AT3G26740,AT2G15960,ATMG00280,AT2G15360,AT1G26400,AT1G15480,AT2G28840,AT5G02860,AT5G57630,AT5G26340,AT5G03720,AT4G33700,AT2G07440,AT3G05130,AT5G35735,AT5G06510,AT5G25210,AT4G02370,AT3G28870,AT2G17230,AT1G69940,AT3G42090,AT4G34750,AT4G12750,AT5G64860,AT3G50500,AT1G17020,AT1G51610,AT1G79440,AT1G43080,AT3G53990,AT1G67370,AT3G05790,AT4G18240,AT2G45560,AT1G08500,AT3G53800,AT5G02190,AT4G39260,AT5G45200,AT5G18540,AT4G05150,AT5G63810,AT3G03170,AT2G11220,AT1G64170,AT5G46460,AT3G59350,AT5G33380,AT1G21680,AT2G36410,AT2G19450,AT3G04060,AT1G53035,AT5G50450,AT1G14680,AT1G21670,AT1G33970,AT1G53830,AT3G52180,AT3G16180,AT3G56720,AT1G12710,AT4G17140,AT5G61590,AT1G70420,AT3G59750,AT3G05800,AT4G33960,AT1G20440,AT5G62720,AT2G19250,AT4G17500,AT5G27870,AT3G30310,AT4G36560,AT2G15090,AT3G43210,AT1G12490	
1	AT5G02840	LCL1	2	0	PWM1201	CisBP	M1205_1.01	18	4.2688619270339644e-15	5.102712956781265e-13	111	AT5G42900,AT5G62360,AT2G40080,AT4G33980,AT3G07650,AT2G21660,AT1G11210,AT2G38465,AT4G04330,AT1G56300,AT2G33830,AT4G16146,AT3G59720,AT3G53250,AT1G36940,AT1G76790,AT2G40340,AT2G25930,AT5G06690,AT4G09020,AT1G28050,AT2G01390,AT2G21130,AT4G01130,AT5G44010,AT5G61380,AT5G54960,AT1G67970,AT5G40180,AT4G17490,AT3G47860,AT2G25730,AT3G59820,AT4G33310,AT5G48250,AT1G10760,AT5G09630,AT2G05080,AT3G48360,AT3G10410,AT2G31360,AT3G05880,AT5G57110,AT1G29395,AT1G76590,AT1G16850,AT4G03400,AT2G15960,ATMG00280,AT2G15360,AT5G15960,AT2G28840,AT5G57630,AT5G03720,AT4G33700,AT3G47160,AT3G10300,AT4G02370,AT1G48290,AT2G17230,AT1G26665,AT1G69940,AT3G42090,AT4G12750,AT5G27610,AT3G50120,AT5G64860,AT3G59830,AT1G27630,AT1G51610,AT1G79440,AT1G61460,AT5G17850,AT1G67370,AT3G05790,AT3G11020,AT4G18240,AT4G32800,AT1G08500,AT5G02190,AT4G39260,AT5G18540,AT5G63810,AT2G11220,AT2G10460,AT3G59350,AT2G36410,AT1G53035,AT1G17460,AT5G50450,AT1G14680,AT5G47455,AT3G52180,AT3G16180,AT3G56720,AT1G12710,AT4G17140,AT4G23270,AT3G26580,AT3G05800,AT4G33960,AT2G10620,AT1G20440,AT2G14170,AT5G48710,AT1G22500,AT5G17760,AT2G19250,AT4G36560,AT5G08380,AT2G17000	
1	AT1G18330	EPR1	15	na	PWM3334	DAP-seq	EPR1_col	10	5.460471386876285e-25	9.79062519666918e-23	132	AT5G42900,AT5G62360,AT2G40080,AT4G33980,AT4G34950,AT3G07650,AT2G21660,AT1G11210,AT4G33985,AT2G15880,AT3G62550,AT4G04330,AT5G24470,AT1G56300,AT2G33830,AT4G16146,AT2G22450,AT3G58590,AT1G20030,AT1G36940,AT3G46970,AT5G67480,AT2G26560,AT5G06690,AT2G28085,AT4G09020,AT1G49720,AT4G33990,AT1G28050,AT4G30660,AT2G15890,AT2G01390,AT1G64890,AT4G26670,AT2G42530,AT2G21130,AT4G01130,AT5G59570,AT5G44010,AT4G32340,AT5G61380,AT3G63160,AT5G54960,AT1G67970,AT5G40180,AT3G47860,AT2G25730,AT4G33310,AT5G48250,AT1G28330,AT1G10760,AT4G39090,AT3G05880,AT5G57110,AT1G76590,AT1G16850,AT4G03400,AT3G26740,AT2G15960,ATMG00280,AT2G15360,AT5G15960,AT1G26400,AT1G15480,AT2G28840,AT5G57630,AT5G26340,AT5G03720,AT4G33700,AT2G07440,AT1G80480,AT3G05130,AT5G35735,AT3G10300,AT4G02370,AT3G28870,AT2G17230,AT1G69940,AT3G42090,AT4G12750,AT5G64860,AT3G50500,AT1G17020,AT1G27630,AT1G51610,AT1G79440,AT1G43080,AT3G53990,AT1G67370,AT3G05790,AT4G18240,AT4G32800,AT2G45560,AT1G08500,AT3G53800,AT5G02190,AT4G39260,AT5G45200,AT5G18540,AT4G05150,AT5G63810,AT3G03170,AT5G46460,AT3G59350,AT1G21680,AT2G36410,AT2G19450,AT3G04060,AT1G53035,AT5G50450,AT1G14680,AT1G21670,AT1G33970,AT3G16180,AT3G56720,AT1G12710,AT4G17140,AT5G61590,AT4G33490,AT2G01170,AT1G70420,AT3G59750,AT3G05800,AT4G33960,AT1G20440,AT5G62720,AT2G19250,AT2G19440,AT3G30310,AT4G36560,AT2G15090,AT1G12490	na
1	AT1G18330	EPR1	15	na	PWM958	CisBP	M1219_1.01	14	4.654758295959909e-19	5.96141544618294e-17	120	AT1G48720,AT5G42900,AT5G62360,AT2G40080,AT4G33980,AT3G07650,AT2G21660,AT1G11210,AT3G62550,AT4G04330,AT5G24470,AT2G39920,AT1G56300,AT4G16146,AT2G22450,AT1G20030,AT3G59720,AT3G53250,AT1G19370,AT1G49230,AT1G76790,AT2G40340,AT2G26560,AT5G06690,AT2G28085,AT4G33990,AT1G28050,AT2G15890,AT2G01390,AT4G26670,AT2G42530,AT2G21130,AT4G01130,AT5G59570,AT5G44010,AT4G32340,AT5G61380,AT5G54960,AT1G67970,AT5G40180,AT4G17490,AT3G47860,AT5G51570,AT2G25730,AT3G59820,AT4G12080,AT5G48250,AT1G28330,AT1G10760,AT5G09630,AT4G27440,AT2G05080,AT4G39090,AT2G31360,AT5G57110,AT1G76590,AT1G16850,AT4G03400,ATMG00280,AT1G66310,AT5G57630,AT5G03720,AT1G02300,AT2G07440,AT1G80480,AT4G02370,AT3G28870,AT2G17230,AT1G67660,AT3G42090,AT4G12750,AT5G44210,AT3G59830,AT1G51610,AT1G79440,AT1G43080,AT4G03510,AT1G61460,AT5G17850,AT1G67370,AT3G05790,AT5G25620,AT3G11020,AT3G18080,AT1G03010,AT1G08500,AT4G39260,AT5G18540,AT2G10460,AT3G59350,AT5G33380,AT5G61350,AT1G21680,AT2G19450,AT1G53035,AT5G50450,AT1G21670,AT4G33280,AT5G46520,AT1G12710,AT4G17140,AT2G04990,AT2G10920,AT1G18860,AT5G26020,AT1G70420,AT3G05800,AT2G26650,AT4G33960,AT5G09440,AT2G14170,AT5G51610,AT5G48710,AT1G22500,AT3G51660,AT4G17500,AT5G63420,AT2G19440,AT4G36560,AT3G43210	na
1	AT3G10113	AT3G10113	20	na	PWM3312	DAP-seq	AT3G10113_col	12	5.966399819297654e-24	8.914795730000579e-22	130	AT5G42900,AT5G62360,AT2G40080,AT4G33980,AT4G34950,AT3G07650,AT2G21660,AT1G11210,AT2G38465,AT2G15880,AT3G62550,AT4G04330,AT5G24470,AT2G39920,AT1G56300,AT2G33830,AT4G16146,AT2G22450,AT3G58590,AT3G42860,AT1G20030,AT3G53250,AT3G46970,AT5G67480,AT5G06690,AT2G28085,AT4G09020,AT1G49720,AT1G28050,AT4G30660,AT2G01390,AT4G26670,AT2G42530,AT2G21130,AT4G01130,AT5G59570,AT5G44010,AT4G32340,AT5G61380,AT5G54960,AT1G67970,AT5G51570,AT2G25730,AT4G33310,AT5G48250,AT1G28330,AT1G10760,AT5G09630,AT4G27440,AT3G10410,AT2G31360,AT3G05880,AT5G57110,AT1G76590,AT1G16850,AT4G03400,AT3G26740,AT2G15960,ATMG00280,AT2G15360,AT5G15960,AT2G28840,AT1G66310,AT5G57630,AT5G26340,AT1G02300,AT4G33700,AT2G07440,AT1G80480,AT3G05130,AT5G35735,AT5G06510,AT3G10300,AT3G28870,AT2G17230,AT1G69940,AT3G42090,AT4G12750,AT5G44210,AT5G64860,AT3G50500,AT1G51610,AT1G79440,AT5G16560,AT1G43080,AT4G19130,AT5G17850,AT3G53990,AT1G67370,AT3G05790,AT3G11020,AT4G18240,AT4G32800,AT2G45560,AT1G08500,AT3G53800,AT4G39260,AT5G45200,AT5G18540,AT4G05150,AT5G63810,AT3G03170,AT5G46460,AT3G59350,AT1G21680,AT2G36410,AT2G19450,AT3G04060,AT1G53035,AT5G50450,AT1G14680,AT1G21670,AT5G46520,AT3G16180,AT3G56720,AT1G12710,AT4G17140,AT5G61590,AT1G70420,AT3G59750,AT3G05800,AT4G33960,AT5G09440,AT5G62720,AT2G19250,AT2G19440,AT4G36560,AT2G15090,AT3G43210,AT1G12490	na
1	AT3G10113	AT3G10113	20	na	PWM959	CisBP	M1219_1.01	13	1.59048323474103e-19	2.193643415300513e-17	121	AT1G48720,AT5G42900,AT5G62360,AT2G40080,AT4G33980,AT3G07650,AT2G21660,AT1G11210,AT3G62550,AT4G04330,AT5G24470,AT2G39920,AT1G56300,AT4G16146,AT2G22450,AT1G20030,AT3G59720,AT3G53250,AT1G19370,AT1G49230,AT1G76790,AT2G40340,AT2G26560,AT5G06690,AT2G28085,AT4G33990,AT1G28050,AT2G15890,AT2G01390,AT4G26670,AT2G42530,AT2G21130,AT4G01130,AT5G59570,AT5G44010,AT4G32340,AT5G61380,AT5G54960,AT1G67970,AT5G40180,AT4G17490,AT3G47860,AT5G51570,AT2G25730,AT3G59820,AT4G12080,AT5G48250,AT1G28330,AT1G10760,AT5G09630,AT4G27440,AT2G05080,AT4G39090,AT2G31360,AT5G57110,AT1G76590,AT1G16850,AT4G03400,ATMG00280,AT1G66310,AT5G57630,AT5G03720,AT1G02300,AT2G07440,AT1G80480,AT5G06510,AT4G02370,AT3G28870,AT2G17230,AT1G67660,AT3G42090,AT4G12750,AT5G44210,AT3G59830,AT1G51610,AT1G79440,AT1G43080,AT4G03510,AT1G61460,AT5G17850,AT1G67370,AT3G05790,AT5G25620,AT3G11020,AT3G18080,AT1G03010,AT1G08500,AT4G39260,AT5G18540,AT2G10460,AT3G59350,AT5G33380,AT5G61350,AT1G21680,AT2G19450,AT1G53035,AT5G50450,AT1G21670,AT4G33280,AT5G46520,AT1G12710,AT4G17140,AT2G04990,AT2G10920,AT1G18860,AT5G26020,AT1G70420,AT3G05800,AT2G26650,AT4G33960,AT5G09440,AT2G14170,AT5G51610,AT5G48710,AT1G22500,AT3G51660,AT4G17500,AT5G63420,AT2G19440,AT4G36560,AT3G43210	na
1	AT1G01520	ASG4	2	na	PWM1198	CisBP	M1205_1.01	15	4.2688619270339644e-15	5.102712956781265e-13	111	AT5G42900,AT5G62360,AT2G40080,AT4G33980,AT3G07650,AT2G21660,AT1G11210,AT2G38465,AT4G04330,AT1G56300,AT2G33830,AT4G16146,AT3G59720,AT3G53250,AT1G36940,AT1G76790,AT2G40340,AT2G25930,AT5G06690,AT4G09020,AT1G28050,AT2G01390,AT2G21130,AT4G01130,AT5G44010,AT5G61380,AT5G54960,AT1G67970,AT5G40180,AT4G17490,AT3G47860,AT2G25730,AT3G59820,AT4G33310,AT5G48250,AT1G10760,AT5G09630,AT2G05080,AT3G48360,AT3G10410,AT2G31360,AT3G05880,AT5G57110,AT1G29395,AT1G76590,AT1G16850,AT4G03400,AT2G15960,ATMG00280,AT2G15360,AT5G15960,AT2G28840,AT5G57630,AT5G03720,AT4G33700,AT3G47160,AT3G10300,AT4G02370,AT1G48290,AT2G17230,AT1G26665,AT1G69940,AT3G42090,AT4G12750,AT5G27610,AT3G50120,AT5G64860,AT3G59830,AT1G27630,AT1G51610,AT1G79440,AT1G61460,AT5G17850,AT1G67370,AT3G05790,AT3G11020,AT4G18240,AT4G32800,AT1G08500,AT5G02190,AT4G39260,AT5G18540,AT5G63810,AT2G11220,AT2G10460,AT3G59350,AT2G36410,AT1G53035,AT1G17460,AT5G50450,AT1G14680,AT5G47455,AT3G52180,AT3G16180,AT3G56720,AT1G12710,AT4G17140,AT4G23270,AT3G26580,AT3G05800,AT4G33960,AT2G10620,AT1G20440,AT2G14170,AT5G48710,AT1G22500,AT5G17760,AT2G19250,AT4G36560,AT5G08380,AT2G17000	na
1	AT5G37260	CIR1	6	na	PWM1021	CisBP	M1267_1.01	21	1.7050931341284225e-10	1.455824756901077e-8	99	AT5G42900,AT2G40080,AT4G33980,AT3G07650,AT2G21660,AT1G11210,AT4G04330,AT2G39920,AT1G56300,AT2G22450,AT1G20030,AT3G53250,AT1G19370,AT2G40340,AT5G06690,AT2G28085,AT4G09020,AT4G33990,AT1G28050,AT2G01390,AT4G26670,AT2G42530,AT2G21130,AT4G01130,AT5G59570,AT5G44010,AT5G54960,AT5G40180,AT3G47860,AT2G25730,AT3G59820,AT5G48250,AT5G59200,AT1G10760,AT4G27440,AT2G05080,AT4G39090,AT3G10410,AT2G31360,AT2G17840,AT5G57110,AT1G76590,AT4G03400,ATMG00280,AT2G28840,AT1G66310,AT5G57630,AT5G26340,AT1G51940,AT1G02300,AT1G80480,AT4G02370,AT3G28870,AT2G17230,AT5G44210,AT3G59830,AT1G51610,AT1G43080,AT4G03510,AT1G61460,AT1G67370,AT3G05790,AT5G25620,AT4G32800,AT1G03010,AT1G08500,AT4G39260,AT2G10460,AT3G59350,AT5G33380,AT5G61350,AT1G21680,AT3G49270,AT2G19450,AT4G00240,AT1G53035,AT5G46520,AT1G12710,AT4G17140,AT2G02670,AT2G04990,AT1G18860,AT5G26020,AT1G70420,AT3G05800,AT2G26650,AT4G33960,AT1G22530,AT2G14170,AT5G51610,AT5G48710,AT1G22500,AT4G17500,AT5G63420,AT4G36560,AT2G43535,AT3G43210,AT1G70690,AT5G37570	na
1	AT5G15830	AtbZIP3	12	0	PWM2913	DAP-seq	BZIP3_col	22	0.000001013391042534276	0.0000825913699665435	87	AT1G48720,AT5G42900,AT5G62360,AT4G33980,AT2G38465,AT5G24470,AT4G16146,AT2G22450,AT1G20030,AT1G13370,AT3G46970,AT2G40340,AT2G25930,AT2G26560,AT4G09020,AT4G33990,AT1G28050,AT4G26670,AT4G01130,AT5G59570,AT5G61380,AT3G63160,AT1G67970,AT3G20340,AT4G16010,AT4G17490,AT2G25730,AT4G33310,AT5G61800,AT4G12080,AT1G28330,AT1G51380,AT4G27440,AT1G22770,AT3G48360,AT4G39090,AT3G10410,AT5G57110,AT1G29395,AT1G53345,AT2G15960,AT5G02860,AT5G03720,AT2G07440,AT3G05130,AT3G02040,AT1G26665,AT3G42090,AT4G19130,AT4G03510,AT4G29600,AT3G05790,AT5G23050,AT3G44080,AT5G05840,AT4G19390,AT1G43980,AT3G03170,AT5G27280,AT3G03470,AT3G04060,AT1G75200,AT3G04130,AT1G17460,AT1G21670,AT5G47455,AT1G47730,AT3G52180,AT3G16180,AT3G01570,AT3G56720,AT1G21210,AT4G25140,AT1G18860,AT1G70420,AT3G05800,AT5G09440,AT3G58570,AT1G20440,AT2G27630,AT1G22500,AT5G17760,AT5G27870,AT5G25500,AT3G16330,AT2G43535,AT3G43210	
1	AT1G42990	ATBZIP60	11	0	PWM1447	PBM		23	0.0000019100154959122624	0.00014889816452916027	86	AT4G27670,AT1G48720,AT5G42900,AT4G33980,AT3G07650,AT5G24470,AT2G22450,AT1G20030,AT1G35480,AT1G13370,AT3G46970,AT2G40340,AT5G67480,AT4G01130,AT5G59570,AT5G61380,AT1G67970,AT3G20340,AT3G52710,AT4G16010,AT4G17490,AT4G33310,AT5G61800,AT1G28330,AT4G27440,AT5G57110,AT1G29395,AT3G12510,AT1G16850,AT5G06540,AT5G03720,AT4G33700,AT3G05130,AT5G35735,AT3G02040,AT1G26665,AT4G34750,AT4G12750,AT3G50120,AT1G79440,AT3G50700,AT4G03510,AT4G29600,AT2G29490,AT3G05790,AT3G11020,AT2G35075,AT3G23020,AT5G23050,AT5G45200,AT3G44080,AT5G05840,AT4G09270,AT4G19390,AT1G43980,AT5G63810,AT3G16740,AT3G03170,AT5G27280,AT3G03470,AT3G18340,AT1G53035,AT1G17460,AT1G21670,AT3G24982,AT1G47730,AT3G25870,AT3G16180,AT3G01570,AT2G06925,AT3G46440,AT4G25140,AT1G18860,AT1G70420,AT3G05800,AT5G09440,AT2G27630,AT1G22500,AT5G17760,AT3G51660,AT3G16330,AT3G23010,AT4G36560,AT5G08380,AT2G43535,AT3G43210	
1	AT2G36270	ABI5	13	67	PWM2904	DAP-seq	ABI5_col	24	0.0000019100154959122624	0.00014889816452916027	86	AT1G48720,AT5G42900,AT4G33980,AT2G38465,AT5G24470,AT2G33830,AT4G16146,AT2G22450,AT3G42860,AT1G20030,AT1G35480,AT3G46970,AT2G40340,AT2G26560,AT4G09020,AT4G33990,AT2G21130,AT4G01130,AT2G41730,AT5G59570,AT5G61380,AT3G63160,AT5G54960,AT1G67970,AT3G20340,AT4G16010,AT4G17490,AT2G25730,AT4G33310,AT4G12080,AT1G28330,AT4G27440,AT3G48360,AT3G10410,AT5G57110,AT1G29395,AT1G53345,AT3G26740,AT2G15960,AT5G02860,AT5G03720,AT5G49290,AT2G07440,AT3G05130,AT3G02040,AT1G26665,AT3G42090,AT3G50120,AT1G79440,AT4G19130,AT4G03510,AT4G29600,AT3G11020,AT5G23050,AT3G44080,AT5G05840,AT4G19390,AT1G43980,AT3G03470,AT1G21680,AT3G49270,AT3G04060,AT1G75200,AT3G04130,AT1G17460,AT1G21670,AT5G47455,AT1G47730,AT3G25870,AT3G52180,AT3G16180,AT3G01570,AT3G56720,AT1G21210,AT1G59950,AT4G25140,AT1G18860,AT5G26020,AT1G70420,AT2G10620,AT5G09440,AT2G27630,AT1G22500,AT5G17760,AT3G16330,AT3G43210	AT5G42900,AT4G33980,AT1G11210,AT2G38465,AT5G24470,AT1G56300,AT1G20030,AT1G13370,AT5G67480,AT1G49720,AT2G21130,AT5G59570,AT5G61380,AT3G63160,AT5G54960,AT3G20340,AT1G28330,AT1G10760,AT4G18520,AT4G39090,AT3G10410,AT5G14920,AT2G17840,AT5G57110,AT3G12510,AT1G76590,AT1G16850,AT5G15960,AT5G06540,AT5G02860,AT5G57630,AT5G26340,AT3G47160,AT5G25210,AT4G02370,AT1G66390,AT2G03880,AT5G27610,AT5G17850,AT3G53990,AT3G11020,AT4G32800,AT1G08500,AT5G23050,AT4G19390,AT3G03170,AT1G21680,AT4G21170,AT1G04770,AT1G21670,AT5G26970,AT3G25870,AT3G62090,AT1G59950,AT1G22370,AT4G25140,AT5G61590,AT1G18860,AT5G05490,AT3G26580,AT1G70420,AT5G09440,AT1G20440,AT2G14170,AT5G17760,AT4G17500,AT3G43210
1	AT2G36270	ABI5	13	67	PWM2530	JASPAR	MA0931.1	56	0.0002977735862968229	0.009887185930188955	77	AT1G48720,AT5G42900,AT4G33980,AT1G11210,AT2G38465,AT4G04330,AT2G39920,AT4G16146,AT2G22450,AT1G20030,AT2G26790,AT2G26560,AT4G33990,AT2G15890,AT2G21130,AT4G01130,AT5G47240,AT5G59570,AT5G23660,AT3G63160,AT5G54960,AT1G67970,AT3G20340,AT5G64060,AT2G25730,AT4G33310,AT1G28330,AT1G10760,AT5G09630,AT4G18520,AT3G10410,AT5G14920,AT5G57110,AT1G16850,AT2G15960,AT5G15960,AT5G06540,AT5G02860,AT2G07440,AT3G05130,AT3G47160,AT3G02040,AT4G02370,AT1G26665,AT3G42090,AT2G20480,AT5G27610,AT1G79440,AT5G16560,AT3G11020,AT4G18240,AT3G53800,AT5G23050,AT5G45200,AT4G19390,AT3G03170,AT3G59350,AT3G03470,AT1G21680,AT3G49270,AT2G36410,AT5G15840,AT1G21670,AT1G47730,AT3G25870,AT3G01570,AT3G56720,AT5G23320,AT1G59950,AT4G25140,AT5G05490,AT2G10620,AT5G09440,AT1G20440,AT2G27630,AT5G25500,AT3G43210	AT5G42900,AT4G33980,AT1G11210,AT2G38465,AT5G24470,AT1G56300,AT1G20030,AT1G13370,AT5G67480,AT1G49720,AT2G21130,AT5G59570,AT5G61380,AT3G63160,AT5G54960,AT3G20340,AT1G28330,AT1G10760,AT4G18520,AT4G39090,AT3G10410,AT5G14920,AT2G17840,AT5G57110,AT3G12510,AT1G76590,AT1G16850,AT5G15960,AT5G06540,AT5G02860,AT5G57630,AT5G26340,AT3G47160,AT5G25210,AT4G02370,AT1G66390,AT2G03880,AT5G27610,AT5G17850,AT3G53990,AT3G11020,AT4G32800,AT1G08500,AT5G23050,AT4G19390,AT3G03170,AT1G21680,AT4G21170,AT1G04770,AT1G21670,AT5G26970,AT3G25870,AT3G62090,AT1G59950,AT1G22370,AT4G25140,AT5G61590,AT1G18860,AT5G05490,AT3G26580,AT1G70420,AT5G09440,AT1G20440,AT2G14170,AT5G17760,AT4G17500,AT3G43210
1	AT2G36270	ABI5	13	67	PWM957	CisBP	M0257_1.01	67	0.0004843888385214358	0.014974296335671284	76	AT5G42900,AT4G33980,AT1G11210,AT2G38465,AT4G04330,AT2G39920,AT4G16146,AT2G22450,AT1G20030,AT2G26790,AT2G26560,AT4G33990,AT2G15890,AT2G21130,AT4G01130,AT5G47240,AT5G59570,AT5G23660,AT3G63160,AT5G54960,AT1G67970,AT3G20340,AT5G64060,AT2G25730,AT4G33310,AT4G12080,AT1G28330,AT1G10760,AT4G18520,AT3G10410,AT5G14920,AT5G57110,AT1G16850,AT2G15960,AT5G15960,AT5G06540,AT5G02860,AT2G07440,AT3G05130,AT3G47160,AT3G02040,AT4G02370,AT1G26665,AT3G42090,AT2G20480,AT5G27610,AT1G79440,AT5G16560,AT3G11020,AT4G18240,AT3G53800,AT5G23050,AT4G19390,AT3G03170,AT3G59350,AT3G03470,AT1G21680,AT3G49270,AT2G36410,AT5G15840,AT1G04770,AT1G21670,AT1G47730,AT3G25870,AT3G01570,AT3G56720,AT5G23320,AT1G59950,AT4G25140,AT5G05490,AT2G10620,AT5G09440,AT1G20440,AT2G27630,AT5G25500,AT3G43210	AT5G42900,AT4G33980,AT1G11210,AT2G38465,AT5G24470,AT1G56300,AT1G20030,AT1G13370,AT5G67480,AT1G49720,AT2G21130,AT5G59570,AT5G61380,AT3G63160,AT5G54960,AT3G20340,AT1G28330,AT1G10760,AT4G18520,AT4G39090,AT3G10410,AT5G14920,AT2G17840,AT5G57110,AT3G12510,AT1G76590,AT1G16850,AT5G15960,AT5G06540,AT5G02860,AT5G57630,AT5G26340,AT3G47160,AT5G25210,AT4G02370,AT1G66390,AT2G03880,AT5G27610,AT5G17850,AT3G53990,AT3G11020,AT4G32800,AT1G08500,AT5G23050,AT4G19390,AT3G03170,AT1G21680,AT4G21170,AT1G04770,AT1G21670,AT5G26970,AT3G25870,AT3G62090,AT1G59950,AT1G22370,AT4G25140,AT5G61590,AT1G18860,AT5G05490,AT3G26580,AT1G70420,AT5G09440,AT1G20440,AT2G14170,AT5G17760,AT4G17500,AT3G43210
1	AT2G46270	GBF3	3	209	PWM2930	DAP-seq	GBF3_col	25	0.0000019100154959122624	0.00014889816452916027	86	AT1G48720,AT5G42900,AT4G33980,AT3G07650,AT2G38465,AT5G24470,AT4G16146,AT2G22450,AT3G42860,AT1G20030,AT3G46970,AT2G40340,AT2G25930,AT2G26560,AT4G09020,AT4G33990,AT4G01130,AT5G59570,AT5G61380,AT5G54960,AT1G67970,AT3G20340,AT4G16010,AT4G17490,AT2G25730,AT4G33310,AT4G12080,AT1G28330,AT1G51380,AT4G27440,AT1G22770,AT3G48360,AT4G39090,AT3G10410,AT5G57110,AT1G29395,AT1G53345,AT2G15960,AT5G06540,AT5G02860,AT5G03720,AT2G07440,AT3G05130,AT3G02040,AT1G26665,AT3G42090,AT3G50120,AT1G79440,AT4G19130,AT4G03510,AT4G29600,AT3G05790,AT5G23050,AT3G44080,AT5G05840,AT4G19390,AT1G43980,AT3G03170,AT5G27280,AT3G03470,AT1G21680,AT3G49270,AT3G04060,AT1G75200,AT3G04130,AT1G17460,AT1G21670,AT5G47455,AT1G47730,AT3G52180,AT3G16180,AT3G01570,AT4G25140,AT1G18860,AT5G26020,AT3G05800,AT5G09440,AT3G58570,AT1G20440,AT2G27630,AT1G22500,AT5G17760,AT5G25500,AT3G16330,AT2G43535,AT3G43210	AT5G59720,AT4G10250,AT1G48720,AT5G42900,AT5G62360,AT4G33980,AT4G34950,AT2G21660,AT1G11210,AT4G33985,AT2G38465,AT3G04010,AT2G15880,AT4G04330,AT5G24470,AT1G56300,AT2G33830,AT4G16146,AT4G03320,AT2G22450,AT2G40750,AT3G42860,AT1G20030,AT3G53250,AT1G19370,AT1G36940,AT2G47890,AT1G13370,AT1G49230,AT1G76790,AT2G37580,AT3G46970,AT2G40340,AT2G25930,AT5G67480,AT2G26560,AT5G06690,AT2G28085,AT4G09020,AT1G49720,AT1G64220,AT1G28050,AT4G30660,AT2G15890,AT1G64890,AT4G26670,AT1G24095,AT2G21130,AT4G01130,AT2G41730,AT5G59570,AT5G23660,AT5G44010,AT2G01520,AT3G63160,AT5G54960,AT1G67970,AT3G20340,AT3G52710,AT5G39410,AT4G17490,AT2G25730,AT3G59820,AT5G61800,AT4G12080,AT1G28330,AT1G10760,AT4G27440,AT3G48360,AT4G18520,AT4G39090,AT2G31360,AT5G14920,AT2G17840,AT5G57110,AT1G29395,AT3G12510,AT1G76590,AT1G16850,AT4G03400,AT4G08040,AT5G15960,AT5G06540,AT2G28840,AT5G02860,AT5G57630,AT5G26340,AT5G03720,AT4G22770,AT1G51940,AT5G49290,AT4G33700,AT4G26290,AT5G35735,AT3G47160,AT3G02040,AT3G10300,AT1G48290,AT2G17230,AT1G66390,AT2G03880,AT3G43430,AT1G26665,AT1G78410,AT5G27610,AT3G50120,AT1G48210,AT5G44210,AT5G64860,AT1G79440,AT5G16560,AT3G50700,AT5G09840,AT2G16660,AT4G19690,AT3G53990,AT5G03240,AT5G25620,AT3G11020,AT5G60250,AT3G18080,AT4G32800,AT1G33420,AT2G45560,AT1G08500,AT3G53800,AT5G02190,AT3G23020,AT5G23050,AT4G39260,AT3G44080,AT5G18540,AT5G05840,AT4G05150,AT4G19390,AT3G16740,AT3G03170,AT5G27280,AT1G01110,AT3G59350,AT3G03470,AT5G15130,AT1G21680,AT3G49270,AT2G36410,AT4G21170,AT2G19450,AT3G52770,AT3G04060,AT5G51810,AT5G27930,AT5G15840,AT5G50450,AT1G03830,AT1G04770,AT1G21670,AT5G26970,AT1G53830,AT1G80970,AT3G12850,AT5G46520,AT1G47730,AT3G25870,AT3G06360,AT3G16180,AT3G62090,AT3G01570,AT2G06925,AT3G56720,AT1G12710,AT4G05330,AT4G17140,AT1G59950,AT1G22370,AT3G46440,AT4G23270,AT1G18860,AT5G05490,AT4G33490,AT5G26020,AT3G14310,AT3G26580,AT5G54050,AT1G70420,AT3G05800,AT5G14230,AT2G26650,AT5G57655,AT4G33960,AT5G09440,AT1G22530,AT1G20440,AT4G27730,AT2G14170,AT1G22500,AT5G17760,AT5G62720,AT3G51660,AT4G17500,AT5G27870,AT3G13782,AT5G63420,AT2G04380,AT3G43670,AT3G16330,AT5G14560,AT3G43210,AT1G70690,AT1G12490
1	AT2G46270	GBF3	3	209	PWM951	CisBP	M0260_1.01	49	0.00010754425015301545	0.00410269873456078	79	AT5G42900,AT4G33980,AT3G07650,AT1G17665,AT1G11210,AT2G38465,AT5G24470,AT4G16146,AT1G35480,AT1G13370,AT2G26790,AT2G25930,AT2G26560,AT4G33990,AT1G64890,AT2G21130,AT4G01130,AT5G59570,AT5G61380,AT3G20340,AT3G59820,AT4G33310,AT5G61800,AT4G12080,AT1G28330,AT1G10760,AT3G59370,AT3G10410,AT5G57110,AT1G29395,AT3G12510,AT2G15960,AT5G15960,AT5G06540,AT5G02860,AT5G57630,AT5G03720,AT3G24280,AT3G05130,AT3G02040,AT3G42090,AT4G34750,AT3G59830,AT1G79440,AT4G03510,AT4G29600,AT4G18240,AT3G18080,AT5G23050,AT5G45200,AT5G05840,AT4G19390,AT1G43980,AT3G03170,AT3G49270,AT2G19450,AT3G52770,AT1G17460,AT1G21670,AT1G47730,AT3G25870,AT3G15140,AT3G16180,AT1G31850,AT3G01570,AT4G17140,AT1G59950,AT1G22370,AT4G25140,AT2G04990,AT5G26020,AT1G70420,AT2G10620,AT5G09440,AT1G20440,AT5G17760,AT5G42500,AT5G25500,AT2G19440	AT5G59720,AT4G10250,AT1G48720,AT5G42900,AT5G62360,AT4G33980,AT4G34950,AT2G21660,AT1G11210,AT4G33985,AT2G38465,AT3G04010,AT2G15880,AT4G04330,AT5G24470,AT1G56300,AT2G33830,AT4G16146,AT4G03320,AT2G22450,AT2G40750,AT3G42860,AT1G20030,AT3G53250,AT1G19370,AT1G36940,AT2G47890,AT1G13370,AT1G49230,AT1G76790,AT2G37580,AT3G46970,AT2G40340,AT2G25930,AT5G67480,AT2G26560,AT5G06690,AT2G28085,AT4G09020,AT1G49720,AT1G64220,AT1G28050,AT4G30660,AT2G15890,AT1G64890,AT4G26670,AT1G24095,AT2G21130,AT4G01130,AT2G41730,AT5G59570,AT5G23660,AT5G44010,AT2G01520,AT3G63160,AT5G54960,AT1G67970,AT3G20340,AT3G52710,AT5G39410,AT4G17490,AT2G25730,AT3G59820,AT5G61800,AT4G12080,AT1G28330,AT1G10760,AT4G27440,AT3G48360,AT4G18520,AT4G39090,AT2G31360,AT5G14920,AT2G17840,AT5G57110,AT1G29395,AT3G12510,AT1G76590,AT1G16850,AT4G03400,AT4G08040,AT5G15960,AT5G06540,AT2G28840,AT5G02860,AT5G57630,AT5G26340,AT5G03720,AT4G22770,AT1G51940,AT5G49290,AT4G33700,AT4G26290,AT5G35735,AT3G47160,AT3G02040,AT3G10300,AT1G48290,AT2G17230,AT1G66390,AT2G03880,AT3G43430,AT1G26665,AT1G78410,AT5G27610,AT3G50120,AT1G48210,AT5G44210,AT5G64860,AT1G79440,AT5G16560,AT3G50700,AT5G09840,AT2G16660,AT4G19690,AT3G53990,AT5G03240,AT5G25620,AT3G11020,AT5G60250,AT3G18080,AT4G32800,AT1G33420,AT2G45560,AT1G08500,AT3G53800,AT5G02190,AT3G23020,AT5G23050,AT4G39260,AT3G44080,AT5G18540,AT5G05840,AT4G05150,AT4G19390,AT3G16740,AT3G03170,AT5G27280,AT1G01110,AT3G59350,AT3G03470,AT5G15130,AT1G21680,AT3G49270,AT2G36410,AT4G21170,AT2G19450,AT3G52770,AT3G04060,AT5G51810,AT5G27930,AT5G15840,AT5G50450,AT1G03830,AT1G04770,AT1G21670,AT5G26970,AT1G53830,AT1G80970,AT3G12850,AT5G46520,AT1G47730,AT3G25870,AT3G06360,AT3G16180,AT3G62090,AT3G01570,AT2G06925,AT3G56720,AT1G12710,AT4G05330,AT4G17140,AT1G59950,AT1G22370,AT3G46440,AT4G23270,AT1G18860,AT5G05490,AT4G33490,AT5G26020,AT3G14310,AT3G26580,AT5G54050,AT1G70420,AT3G05800,AT5G14230,AT2G26650,AT5G57655,AT4G33960,AT5G09440,AT1G22530,AT1G20440,AT4G27730,AT2G14170,AT1G22500,AT5G17760,AT5G62720,AT3G51660,AT4G17500,AT5G27870,AT3G13782,AT5G63420,AT2G04380,AT3G43670,AT3G16330,AT5G14560,AT3G43210,AT1G70690,AT1G12490
1	AT5G61270	PIF7	15	na	PWM2901	DAP-seq	PIF7_col	26	0.0000035487970557750676	0.00024473050465402676	85	AT5G42900,AT4G33980,AT2G07712,AT2G39920,AT2G33830,AT4G16146,AT3G42860,AT1G20030,AT1G49230,AT2G26560,AT4G09020,AT4G33990,AT1G64890,AT2G21130,AT4G01130,AT5G59570,AT4G32340,AT3G63160,AT5G54960,AT1G67970,AT4G16010,AT5G64060,AT3G59820,AT4G33310,AT1G28330,AT1G10760,AT5G09630,AT3G10410,AT5G14920,AT5G57110,AT2G15960,AT5G15960,AT5G06540,AT5G02860,AT5G26340,AT1G80480,AT3G05130,AT3G02040,AT1G26665,AT3G42090,AT2G20480,AT1G78410,AT5G27610,AT5G44210,AT3G59830,AT1G79440,AT5G16560,AT4G19130,AT4G19690,AT5G25620,AT4G18240,AT4G32800,AT5G02190,AT5G23050,AT4G19390,AT3G16740,AT3G03470,AT1G21680,AT3G49270,AT2G36410,AT1G75200,AT5G51810,AT5G13230,AT5G15840,AT1G21670,AT1G53830,AT1G47730,AT3G16180,AT2G06925,AT3G56720,AT5G23320,AT4G05330,AT1G59950,AT1G22370,AT4G25140,AT5G05490,AT2G10620,AT5G09440,AT2G27630,AT3G51400,AT3G51660,AT5G42500,AT5G25500,AT5G14560,AT1G70690	na
1	AT3G56850	AREB3	0	0	PWM2906	DAP-seq	AREB3_col	27	0.0000035487970557750676	0.00024473050465402676	85	AT1G48720,AT5G42900,AT4G33980,AT1G17665,AT2G38465,AT5G24470,AT2G33830,AT4G16146,AT2G22450,AT3G42860,AT1G20030,AT3G46970,AT2G40340,AT2G26560,AT4G09020,AT4G33990,AT2G21130,AT4G01130,AT2G41730,AT5G59570,AT5G61380,AT3G63160,AT5G54960,AT1G67970,AT3G20340,AT4G16010,AT4G17490,AT5G64060,AT2G25730,AT4G33310,AT4G12080,AT1G28330,AT4G27440,AT1G62350,AT3G10410,AT5G57110,AT1G29395,AT1G53345,AT3G26740,AT2G15960,AT5G06540,AT5G02860,AT2G07440,AT3G05130,AT3G02040,AT1G26665,AT3G42090,AT5G27610,AT3G50120,AT1G79440,AT4G19130,AT4G03510,AT5G03240,AT3G11020,AT4G18240,AT4G32800,AT3G53800,AT5G23050,AT3G44080,AT5G05840,AT4G19390,AT1G43980,AT3G03470,AT1G21680,AT3G49270,AT3G04060,AT1G75200,AT5G15840,AT1G17460,AT1G21670,AT5G47455,AT1G47730,AT3G25870,AT3G01570,AT1G59950,AT4G25140,AT5G26020,AT5G09440,AT1G20440,AT2G27630,AT1G22500,AT5G17760,AT3G16330,AT2G43535,AT3G43210	
1	AT3G10800	bZIP28	1	na	PWM2912	DAP-seq	BZIP28_col	28	0.0000035487970557750676	0.00024473050465402676	85	AT1G48720,AT5G42900,AT4G33980,AT3G07650,AT2G38465,AT5G24470,AT4G16146,AT2G22450,AT1G13370,AT3G46970,AT2G40340,AT2G26560,AT4G09020,AT4G33990,AT1G64890,AT2G21130,AT4G01130,AT5G59570,AT5G61380,AT3G63160,AT5G54960,AT1G67970,AT3G20340,AT4G16010,AT4G17490,AT2G25730,AT4G33310,AT5G61800,AT4G12080,AT1G10760,AT4G27440,AT3G48360,AT3G10410,AT5G57110,AT1G29395,AT3G26740,AT2G15960,AT5G15960,AT5G06540,AT5G02860,AT2G07440,AT3G05130,AT3G02040,AT1G26665,AT3G42090,AT5G27610,AT3G50120,AT1G79440,AT4G19130,AT4G03510,AT4G29600,AT3G11020,AT4G18240,AT5G23050,AT5G45200,AT3G44080,AT5G05840,AT4G19390,AT1G43980,AT3G03170,AT3G03470,AT1G21680,AT3G49270,AT3G04060,AT1G75200,AT3G04130,AT1G17460,AT1G21670,AT1G47730,AT3G25870,AT3G16180,AT3G01570,AT1G21210,AT4G25140,AT1G18860,AT5G26020,AT1G70420,AT5G09440,AT1G20440,AT2G27630,AT1G22500,AT5G17760,AT5G25500,AT3G16330,AT3G43210	na
1	AT3G10800	bZIP28	1	na	PWM883	CisBP	M0259_1.01	90	0.0012244346830545805	0.02851183619112809	74	AT1G48720,AT5G42900,AT4G33980,AT3G07650,AT1G11210,AT2G38465,AT5G24470,AT1G20030,AT1G35480,AT3G53250,AT1G36940,AT5G67480,AT2G26560,AT4G33990,AT2G15890,AT4G01130,AT5G59570,AT5G44010,AT5G61380,AT3G63160,AT3G20340,AT3G52710,AT5G39410,AT5G64060,AT4G33310,AT5G57110,AT1G29395,AT3G12510,AT5G57630,AT4G33700,AT3G05130,AT3G02040,AT4G34750,AT2G20480,AT5G27610,AT3G50120,AT3G50500,AT1G79440,AT4G03510,AT4G19690,AT4G29600,AT4G18240,AT1G03010,AT3G23020,AT5G23050,AT5G45200,AT4G19390,AT1G43980,AT3G03170,AT2G10460,AT5G27280,AT3G49270,AT2G36410,AT2G19450,AT5G27930,AT3G18340,AT3G01830,AT1G47730,AT3G16180,AT3G56720,AT1G12710,AT5G23320,AT1G59950,AT4G25140,AT3G26580,AT1G70420,AT5G09440,AT3G51660,AT5G42500,AT5G25500,AT2G19440,AT3G16330,AT3G23010,AT4G36560	na
1	AT1G32150	AtbZIP68	0	0	PWM2927	DAP-seq	BZIP68_col	29	0.0000035487970557750676	0.00024473050465402676	85	AT1G48720,AT5G42900,AT4G33980,AT3G07650,AT2G38465,AT5G24470,AT4G16146,AT2G22450,AT3G42860,AT1G20030,AT1G13370,AT3G46970,AT2G40340,AT2G25930,AT2G26560,AT4G09020,AT4G33990,AT4G01130,AT5G59570,AT5G61380,AT5G54960,AT1G67970,AT3G20340,AT4G16010,AT4G17490,AT2G25730,AT4G33310,AT4G12080,AT1G28330,AT1G10760,AT4G27440,AT1G22770,AT3G48360,AT4G39090,AT3G10410,AT5G57110,AT1G29395,AT1G53345,AT3G26740,AT2G15960,AT5G15960,AT5G06540,AT5G02860,AT5G03720,AT2G07440,AT3G05130,AT3G02040,AT1G26665,AT3G42090,AT5G27610,AT1G79440,AT4G19130,AT4G03510,AT4G29600,AT3G11020,AT4G18240,AT5G23050,AT3G44080,AT4G19390,AT1G43980,AT3G03170,AT5G27280,AT3G03470,AT1G21680,AT3G49270,AT1G75200,AT1G17460,AT1G21670,AT5G47455,AT1G47730,AT3G16180,AT3G01570,AT3G56720,AT1G59950,AT4G25140,AT1G18860,AT1G70420,AT5G09440,AT3G58570,AT1G20440,AT2G27630,AT1G22500,AT5G17760,AT5G25500,AT3G16330	
1	AT1G32150	AtbZIP68	0	0	PWM1236	CisBP	M0251_1.01	93	0.00190237248901021	0.03707558557386203	73	AT5G42900,AT4G33980,AT3G07650,AT1G17665,AT1G11210,AT2G38465,AT4G04330,AT5G24470,AT4G16146,AT3G42860,AT3G53250,AT2G26560,AT4G33990,AT2G15890,AT1G64890,AT2G21130,AT4G01130,AT5G59570,AT5G61380,AT3G63160,AT3G20340,AT3G59820,AT4G33310,AT5G61800,AT4G12080,AT1G28330,AT1G10760,AT5G57110,AT1G29395,AT3G12510,AT2G15960,AT5G15960,AT5G06540,AT5G02860,AT3G05130,AT5G35735,AT3G02040,AT3G42090,AT5G27610,AT3G59830,AT1G79440,AT5G16560,AT4G19130,AT5G10230,AT4G18240,AT3G18080,AT1G10810,AT5G23050,AT4G19390,AT3G03170,AT1G21680,AT3G49270,AT3G52770,AT1G04770,AT1G21670,AT1G47730,AT3G25870,AT3G16180,AT1G31850,AT3G01570,AT1G12710,AT4G05330,AT1G59950,AT1G22370,AT4G25140,AT5G26020,AT1G70420,AT2G10620,AT5G09440,AT1G20440,AT5G17760,AT5G42500,AT5G25500	
1	AT2G18160	ATBZIP2	3	na	PWM2932	DAP-seq	GBF5_col	30	0.0000035487970557750676	0.00024473050465402676	85	AT1G48720,AT5G42900,AT4G33980,AT2G38465,AT5G24470,AT4G16146,AT2G22450,AT1G20030,AT3G46970,AT2G40340,AT2G25930,AT2G26560,AT4G09020,AT4G33990,AT1G28050,AT4G26670,AT4G01130,AT5G59570,AT5G61380,AT3G63160,AT5G54960,AT1G67970,AT3G20340,AT4G16010,AT4G17490,AT2G25730,AT4G33310,AT5G26570,AT1G28330,AT1G51380,AT4G27440,AT1G22770,AT3G48360,AT4G39090,AT3G10410,AT5G57110,AT1G29395,AT1G53345,AT2G15960,AT1G26400,AT5G02860,AT5G03720,AT2G07440,AT3G05130,AT3G02040,AT1G26665,AT3G42090,AT3G50700,AT4G19130,AT4G03510,AT4G29600,AT3G05790,AT5G23050,AT3G44080,AT5G05840,AT4G09270,AT4G19390,AT1G43980,AT3G03170,AT5G27280,AT3G03470,AT3G04060,AT1G75200,AT3G04130,AT1G17460,AT1G21670,AT5G47455,AT1G47730,AT3G52180,AT3G16180,AT3G56720,AT1G21210,AT1G18860,AT5G05490,AT5G26020,AT3G05800,AT1G20440,AT2G27630,AT1G22500,AT5G17760,AT5G27870,AT5G25500,AT5G63420,AT3G16330,AT2G43535	na
1	AT4G36730	AtGBF1	23	0	PWM1292	CisBP	M0264_1.01	31	0.000006499354793367992	0.0003759142949841552	84	AT1G48720,AT5G42900,AT4G33980,AT3G07650,AT1G17665,AT1G11210,AT2G38465,AT5G24470,AT4G16146,AT1G35480,AT1G13370,AT2G26790,AT2G26560,AT4G09020,AT4G33990,AT1G64890,AT4G01130,AT5G59570,AT5G61380,AT3G63160,AT3G20340,AT4G17490,AT3G59820,AT4G33310,AT5G61800,AT4G12080,AT1G28330,AT1G10760,AT1G51380,AT4G27440,AT3G10410,AT5G57110,AT1G29395,AT3G12510,AT2G15960,AT5G15960,AT5G06540,AT5G02860,AT5G03720,AT3G05130,AT3G02040,AT3G42090,AT4G34750,AT3G59830,AT1G79440,AT4G03510,AT4G29600,AT4G18240,AT3G18080,AT5G23050,AT5G45200,AT3G44080,AT5G05840,AT4G19390,AT3G03170,AT5G27280,AT3G03470,AT1G21680,AT3G49270,AT2G19450,AT3G52770,AT1G17460,AT1G21670,AT1G47730,AT3G25870,AT3G16180,AT1G31850,AT3G01570,AT4G17140,AT1G59950,AT1G22370,AT4G25140,AT5G26020,AT1G70420,AT2G10620,AT5G09440,AT3G58570,AT1G20440,AT1G22500,AT5G17760,AT5G42500,AT5G25500,AT2G19440,AT3G43210	
1	AT1G45249	ABF2	2	0	PWM2903	DAP-seq	ABF2_col	32	0.000006499354793367992	0.0003759142949841552	84	AT1G48720,AT5G42900,AT4G33980,AT3G07650,AT1G17665,AT2G38465,AT2G33830,AT4G16146,AT2G22450,AT3G42860,AT1G13370,AT2G37030,AT3G46970,AT2G40340,AT2G25930,AT2G26560,AT4G09020,AT4G33990,AT2G21130,AT4G01130,AT2G41730,AT5G59570,AT5G61380,AT3G63160,AT5G54960,AT1G67970,AT3G20340,AT4G16010,AT4G17490,AT5G64060,AT2G25730,AT4G33310,AT4G12080,AT1G28330,AT4G27440,AT3G10410,AT5G57110,AT1G29395,AT1G53345,AT3G26740,AT2G15960,AT5G06540,AT5G02860,AT5G49290,AT2G07440,AT3G05130,AT3G02040,AT1G26665,AT3G42090,AT3G50120,AT1G79440,AT4G19130,AT4G03510,AT4G29600,AT5G03240,AT3G11020,AT4G18240,AT5G23050,AT3G44080,AT5G05840,AT4G19390,AT1G43980,AT3G03470,AT1G21680,AT3G49270,AT3G04060,AT1G75200,AT1G17460,AT1G21670,AT5G47455,AT1G47730,AT3G25870,AT3G16180,AT3G01570,AT3G56720,AT1G21210,AT1G59950,AT4G25140,AT5G09440,AT1G20440,AT2G27630,AT1G22500,AT5G17760,AT3G43210	
1	AT1G45249	ABF2	2	0	PWM1178	CisBP	M0252_1.01	45	0.00006319383732894755	0.0025751488711546126	80	AT1G48720,AT5G42900,AT5G62360,AT4G33980,AT1G11210,AT2G38465,AT4G04330,AT4G16146,AT2G22450,AT1G20030,AT3G46970,AT2G26560,AT4G33990,AT2G15890,AT2G42530,AT2G21130,AT4G01130,AT5G47240,AT5G59570,AT3G63160,AT5G54960,AT1G67970,AT3G20340,AT5G64060,AT2G25730,AT4G33310,AT4G12080,AT1G28330,AT1G10760,AT4G18520,AT3G10410,AT3G05880,AT5G14920,AT5G57110,AT1G29395,AT3G12510,AT1G76590,AT1G16850,AT3G26740,AT4G08040,AT5G15960,AT5G02860,AT4G33700,AT2G07440,AT3G05130,AT3G02040,AT4G02370,AT1G26665,AT3G42090,AT2G20480,AT5G27610,AT5G16560,AT3G11020,AT4G18240,AT5G23050,AT5G45200,AT4G19390,AT3G03170,AT1G64170,AT5G27280,AT3G03470,AT1G21680,AT3G49270,AT3G52770,AT5G15840,AT1G04770,AT1G21670,AT1G47730,AT3G25870,AT3G16180,AT3G01570,AT3G56720,AT4G25140,AT5G05490,AT1G70420,AT2G10620,AT5G09440,AT1G20440,AT2G27630,AT5G25500	
1	AT1G45249	ABF2	2	0	PWM2540	JASPAR	MA0941.1	48	0.00010754425015301545	0.00410269873456078	79	AT1G48720,AT5G42900,AT5G62360,AT4G33980,AT1G11210,AT2G38465,AT4G04330,AT4G16146,AT2G22450,AT1G20030,AT3G46970,AT2G26560,AT4G33990,AT2G15890,AT2G42530,AT2G21130,AT4G01130,AT5G47240,AT5G59570,AT3G63160,AT5G54960,AT3G20340,AT5G64060,AT2G25730,AT4G33310,AT4G12080,AT1G28330,AT1G10760,AT3G10410,AT3G05880,AT5G14920,AT5G57110,AT1G29395,AT3G12510,AT1G76590,AT1G16850,AT3G26740,AT4G08040,AT5G15960,AT5G02860,AT4G33700,AT2G07440,AT3G05130,AT3G02040,AT4G02370,AT1G26665,AT3G42090,AT2G20480,AT5G27610,AT5G16560,AT3G11020,AT4G18240,AT5G23050,AT5G45200,AT4G19390,AT3G03170,AT1G64170,AT5G27280,AT3G03470,AT1G21680,AT3G49270,AT3G52770,AT5G15840,AT1G04770,AT1G21670,AT1G47730,AT3G25870,AT3G16180,AT3G01570,AT3G56720,AT1G12710,AT4G25140,AT5G05490,AT1G70420,AT2G10620,AT5G09440,AT1G20440,AT2G27630,AT5G25500	
1	AT2G35530	AtbZIP16	0	0	PWM2908	DAP-seq	BZIP16_col	33	0.000006499354793367992	0.0003759142949841552	84	AT1G48720,AT5G42900,AT4G33980,AT3G07650,AT2G38465,AT5G24470,AT4G16146,AT2G22450,AT3G42860,AT1G20030,AT3G46970,AT2G40340,AT2G26560,AT4G09020,AT4G33990,AT4G01130,AT5G59570,AT5G61380,AT5G54960,AT1G67970,AT3G20340,AT3G52710,AT4G16010,AT4G17490,AT2G25730,AT4G33310,AT4G12080,AT1G28330,AT1G10760,AT5G09630,AT4G27440,AT2G05080,AT3G48360,AT1G62350,AT3G10410,AT5G57110,AT1G29395,AT1G53345,AT2G15960,AT5G06540,AT5G02860,AT5G03720,AT2G07440,AT3G05130,AT3G02040,AT1G26665,AT3G42090,AT5G27610,AT3G50120,AT1G79440,AT4G19130,AT4G03510,AT4G18240,AT3G18080,AT5G23050,AT3G44080,AT4G19390,AT1G43980,AT5G27280,AT3G03470,AT1G21680,AT3G49270,AT1G75200,AT3G04130,AT5G15840,AT1G17460,AT1G21670,AT5G47455,AT1G47730,AT3G25870,AT3G52180,AT3G16180,AT3G01570,AT1G59950,AT4G25140,AT5G26020,AT5G09440,AT3G58570,AT2G27630,AT1G22500,AT5G17760,AT5G25500,AT3G16330,AT3G43210	
1	AT2G35530	AtbZIP16	0	0	PWM1237	CisBP	M0251_1.01	84	0.0012244346830545805	0.02851183619112809	74	AT5G42900,AT4G33980,AT3G07650,AT1G17665,AT1G11210,AT2G38465,AT4G04330,AT5G24470,AT2G39920,AT4G16146,AT3G42860,AT3G53250,AT2G26560,AT4G33990,AT2G15890,AT1G64890,AT2G21130,AT4G01130,AT5G59570,AT5G61380,AT3G63160,AT3G20340,AT3G59820,AT4G33310,AT5G61800,AT4G12080,AT1G28330,AT1G10760,AT5G57110,AT1G29395,AT3G12510,AT2G15960,AT5G15960,AT5G06540,AT5G02860,AT3G05130,AT5G35735,AT3G02040,AT3G42090,AT5G27610,AT3G59830,AT1G79440,AT5G16560,AT4G19130,AT5G10230,AT4G18240,AT3G18080,AT1G10810,AT5G23050,AT4G19390,AT3G03170,AT1G21680,AT3G49270,AT3G52770,AT1G04770,AT1G21670,AT1G47730,AT3G25870,AT3G16180,AT1G31850,AT3G01570,AT1G12710,AT4G05330,AT1G59950,AT1G22370,AT4G25140,AT5G26020,AT1G70420,AT2G10620,AT5G09440,AT1G20440,AT5G17760,AT5G42500,AT5G25500	
1	AT5G38800	AtbZIP43	4	na	PWM2916	DAP-seq	BZIP43_col	34	0.000006499354793367992	0.0003759142949841552	84	AT1G48720,AT5G42900,AT4G33980,AT5G24470,AT2G39920,AT4G16146,AT2G22450,AT2G40750,AT1G20030,AT3G46970,AT2G40340,AT2G25930,AT1G28050,AT4G26670,AT4G01130,AT5G59570,AT5G61380,AT3G63160,AT3G20340,AT3G52710,AT4G16010,AT4G17490,AT2G25730,AT5G26570,AT1G10760,AT5G09630,AT4G27440,AT1G22770,AT3G48360,AT4G39090,AT2G17840,AT5G57110,AT1G29395,AT2G15960,AT1G26400,AT1G66310,AT5G03720,AT3G05130,AT3G18330,AT3G02040,AT1G26665,AT3G50500,AT1G27630,AT3G50700,AT4G19130,AT4G03510,AT4G29600,AT3G05790,AT3G07860,AT4G07780,AT4G39260,AT3G44080,AT4G09270,AT4G19390,AT1G43980,AT3G03170,AT2G10460,AT5G27280,AT3G03470,AT3G04060,AT5G27930,AT3G18340,AT3G04130,AT1G17460,AT1G21670,AT5G47455,AT3G52180,AT3G16180,AT3G56720,AT1G59950,AT3G46440,AT5G61590,AT1G18860,AT1G70420,AT3G05800,AT4G35670,AT5G09440,AT1G20440,AT2G14170,AT1G22500,AT5G17760,AT3G51660,AT3G16330,AT4G36560	na
1	AT5G28770	AtbZIP63	16	na	PWM1427	CisBP	M0268_1.01	35	0.000011731789194947045	0.0006010028007582873	83	AT1G48720,AT5G42900,AT5G62360,AT4G33980,AT3G07650,AT2G38465,AT5G24470,AT4G16146,AT2G22450,AT1G35480,AT1G13370,AT2G37030,AT2G40340,AT2G26560,AT4G09020,AT4G33990,AT1G28050,AT2G42530,AT4G01130,AT5G59570,AT4G32340,AT5G61380,AT3G20340,AT5G39410,AT4G17490,AT5G64060,AT3G59820,AT4G33310,AT1G10760,AT4G27440,AT3G05880,AT5G57110,AT1G29395,AT5G15960,AT5G02860,AT5G03720,AT3G05130,AT3G02040,AT1G26665,AT3G42090,AT4G34750,AT2G20480,AT5G27610,AT3G59830,AT1G79440,AT4G03510,AT4G29600,AT4G18240,AT5G02190,AT5G23050,AT5G45200,AT3G44080,AT4G05150,AT4G19390,AT1G43980,AT3G03470,AT1G21680,AT3G49270,AT3G04060,AT1G75200,AT1G53035,AT1G17460,AT1G21670,AT1G53830,AT3G16180,AT2G06925,AT3G56720,AT5G23320,AT1G22370,AT4G25140,AT1G70420,AT5G14230,AT5G09440,AT2G27630,AT3G51400,AT1G22500,AT5G17760,AT4G00690,AT3G51660,AT5G25500,AT3G23010,AT2G43535,AT3G43210	na
1	AT5G65210	TGA1	4	0	PWM2187	JASPAR	MA0588.1	36	0.00002087003201090999	0.0010394435387656002	82	AT1G48720,AT5G42900,AT4G33980,AT1G11210,AT2G15880,AT5G24470,AT2G39920,AT2G40750,AT1G20030,AT1G35480,AT1G36940,AT1G76790,AT2G40340,AT4G26670,AT4G01130,AT2G01520,AT5G61380,AT3G20340,AT4G16010,AT4G17490,AT5G57110,AT5G03720,AT5G49290,AT3G02040,AT3G10300,AT1G66390,AT1G26665,AT4G34750,AT1G78410,AT5G27610,AT3G50120,AT1G17020,AT4G03510,AT4G29600,AT5G60250,AT4G07780,AT1G03010,AT1G21540,AT5G02190,AT3G23020,AT4G39260,AT5G45200,AT5G18540,AT4G05150,AT2G07500,AT1G43980,AT3G03170,AT2G11220,AT1G64170,AT5G27280,AT5G15130,AT1G21680,AT2G19450,AT3G04060,AT5G27930,AT3G04130,AT1G21670,AT3G24982,AT3G16180,AT2G06925,AT3G56720,AT1G12710,AT5G23320,AT4G25140,AT5G61590,AT5G05490,AT3G26580,AT1G70420,AT5G62750,AT5G09440,AT1G22500,AT5G17760,AT3G51660,AT4G17500,AT5G27870,AT2G19440,AT3G16330,AT3G23010,AT4G36560,AT2G43535,AT1G70690,AT5G37570	
1	AT5G65210	TGA1	4	0	PWM1248	CisBP	M0269_1.01	94	0.00190237248901021	0.03707558557386203	73	AT5G42900,AT4G33980,AT4G34950,AT1G11210,AT5G24470,AT1G56300,AT2G22450,AT2G40750,AT1G36940,AT2G47890,AT1G76790,AT2G37580,AT4G33990,AT4G01130,AT5G44010,AT2G01520,AT5G61380,AT3G20340,AT4G17490,AT1G28330,AT3G59370,AT3G05880,AT5G57110,AT5G03720,AT5G49290,AT4G34750,AT1G78410,AT4G12750,AT5G27610,AT3G50700,AT4G03510,AT4G29600,AT2G29490,AT5G60250,AT4G32800,AT4G07780,AT5G18540,AT4G05150,AT3G03170,AT2G11220,AT1G64170,AT5G15130,AT1G21680,AT2G36410,AT2G19450,AT3G04060,AT4G00240,AT1G63250,AT5G27930,AT1G21670,AT3G24982,AT1G53830,AT5G46520,AT3G06360,AT3G52180,AT2G06925,AT3G56720,AT1G12710,AT5G23320,AT4G05330,AT4G17140,AT4G25140,AT5G61590,AT3G26580,AT1G77030,AT2G14170,AT1G22500,AT2G19250,AT3G16330,AT3G23010,AT4G36560,AT2G15090,AT1G70690	
1	AT5G03790	ATHB51	2	na	PWM3141	DAP-seq	LMI1_col	37	0.00002087003201090999	0.0010394435387656002	82	AT1G48720,AT5G62360,AT2G40080,AT3G07650,AT2G07712,AT1G53903,AT4G04330,AT3G42860,AT3G59720,AT3G53250,AT1G36940,AT2G37580,AT2G25930,AT2G26560,AT2G28085,AT4G14050,AT4G33990,AT1G64890,AT5G53770,AT5G23660,AT4G32340,AT5G51570,AT2G25730,AT5G48250,AT2G05080,AT3G48360,AT2G31360,AT5G57110,AT3G26740,AT4G08040,AT1G26400,AT5G02860,AT5G26340,AT5G03720,AT4G33700,AT5G06510,AT1G66390,AT3G50500,AT5G16560,AT4G19690,AT3G53990,AT1G67370,AT3G05790,AT4G32800,AT4G07780,AT1G13990,AT4G39260,AT3G44080,AT4G05150,AT4G19390,AT1G64170,AT5G27280,AT3G59350,AT1G21680,AT2G36410,AT3G04060,AT1G53035,AT3G04130,AT5G50450,AT1G21670,AT5G26970,AT1G33970,AT1G53830,AT3G12850,AT3G16180,AT1G59950,AT2G10920,AT1G18860,AT3G14310,AT5G62750,AT5G57655,AT4G33960,AT5G09440,AT1G20440,AT4G27730,AT5G48710,AT1G22500,AT5G42500,AT4G17500,AT5G63420,AT2G19440,AT5G08380	na
1	AT1G49720	ABF1	46	55	PWM326	AGRIS		38	0.00002087003201090999	0.0010394435387656002	82	AT1G48720,AT5G42900,AT5G62360,AT4G33980,AT3G07650,AT1G17665,AT2G07712,AT4G04330,AT2G39920,AT2G33830,AT4G16146,AT5G61400,AT3G42860,AT1G13370,AT2G26560,AT4G09020,AT4G33990,AT2G42530,AT5G47240,AT4G32340,AT5G61380,AT3G63160,AT1G67970,AT5G64060,AT2G25730,AT3G59820,AT4G33310,AT5G61800,AT4G12080,AT1G10760,AT1G62350,AT3G10410,AT3G05880,AT5G15960,AT1G26400,AT5G06540,AT5G02860,AT2G07440,AT1G80480,AT3G05130,AT5G35735,AT3G02040,AT3G42090,AT5G27610,AT3G59830,AT1G79440,AT5G16560,AT4G03510,AT2G16660,AT5G10230,AT4G18240,AT4G32800,AT3G53800,AT5G23050,AT4G19390,AT5G61350,AT3G03470,AT1G21680,AT3G49270,AT1G75200,AT5G51810,AT3G18340,AT5G15840,AT1G21670,AT1G53830,AT1G47730,AT3G28680,AT3G16180,AT3G56720,AT5G23320,AT4G05330,AT1G59950,AT1G22370,AT4G25140,AT5G26020,AT5G09440,AT2G27630,AT3G51400,AT1G22500,AT5G25500,AT3G16330,AT3G43210	AT1G11210,AT4G04330,AT5G24470,AT1G56300,AT1G20030,AT2G28085,AT1G49720,AT2G21130,AT5G59570,AT5G54960,AT3G20340,AT1G28330,AT1G10760,AT5G09630,AT3G48360,AT4G18520,AT4G39090,AT2G17840,AT5G57110,AT3G12510,AT1G49650,AT2G15960,AT5G02860,AT5G57630,AT5G26340,AT5G03720,AT1G80480,AT3G47160,AT4G02370,AT5G27610,AT1G79440,AT5G16560,AT5G03240,AT3G11020,AT1G08500,AT3G03170,AT3G49270,AT2G36410,AT5G27930,AT1G04770,AT1G21670,AT3G01830,AT3G25870,AT3G62090,AT5G61590,AT1G18860,AT5G05490,AT1G70420,AT2G26650,AT5G09440,AT1G20440,AT2G14170,AT5G17760,AT5G63420,AT3G43210
1	AT1G49720	ABF1	46	55	PWM974	CisBP	M0254_1.01	43	0.00003658530409335687	0.0015618440533187827	81	AT5G42900,AT4G33980,AT1G17665,AT2G38465,AT4G04330,AT4G16146,AT2G22450,AT1G20030,AT2G26560,AT4G33990,AT2G15890,AT2G21130,AT4G01130,AT5G47240,AT2G41730,AT5G59570,AT3G63160,AT5G54960,AT3G20340,AT5G64060,AT2G25730,AT3G59820,AT4G33310,AT4G12080,AT1G28330,AT1G10760,AT4G18520,AT1G62350,AT3G10410,AT1G29395,AT1G76590,AT1G16850,AT3G26740,AT2G15960,AT5G15960,AT5G06540,AT5G02860,AT2G07440,AT3G05130,AT5G35735,AT3G47160,AT3G02040,AT3G42090,AT2G20480,AT5G27610,AT3G59830,AT1G79440,AT5G16560,AT4G19130,AT4G03510,AT4G19690,AT5G10230,AT4G18240,AT4G32800,AT5G23050,AT4G19390,AT1G43980,AT3G03170,AT1G21680,AT3G49270,AT3G52770,AT5G15840,AT1G04770,AT1G21670,AT1G53830,AT1G47730,AT3G25870,AT3G56720,AT4G05330,AT1G59950,AT1G22370,AT4G25140,AT5G05490,AT1G70420,AT2G10620,AT5G09440,AT1G20440,AT2G27630,AT2G27570,AT5G25500,AT3G43210	AT1G11210,AT4G04330,AT5G24470,AT1G56300,AT1G20030,AT2G28085,AT1G49720,AT2G21130,AT5G59570,AT5G54960,AT3G20340,AT1G28330,AT1G10760,AT5G09630,AT3G48360,AT4G18520,AT4G39090,AT2G17840,AT5G57110,AT3G12510,AT1G49650,AT2G15960,AT5G02860,AT5G57630,AT5G26340,AT5G03720,AT1G80480,AT3G47160,AT4G02370,AT5G27610,AT1G79440,AT5G16560,AT5G03240,AT3G11020,AT1G08500,AT3G03170,AT3G49270,AT2G36410,AT5G27930,AT1G04770,AT1G21670,AT3G01830,AT3G25870,AT3G62090,AT5G61590,AT1G18860,AT5G05490,AT1G70420,AT2G26650,AT5G09440,AT1G20440,AT2G14170,AT5G17760,AT5G63420,AT3G43210
1	AT3G19290	ABF4	16	115	PWM746	AGRIS		39	0.00002087003201090999	0.0010394435387656002	82	AT5G59720,AT1G48720,AT5G42900,AT4G33980,AT3G07650,AT1G17665,AT2G07712,AT1G11210,AT2G15880,AT2G39920,AT2G33830,AT4G16146,AT3G42860,AT1G20030,AT1G13370,AT2G26560,AT4G09020,AT4G33990,AT2G42530,AT4G01130,AT5G47240,AT4G32340,AT5G61380,AT3G63160,AT1G67970,AT3G20340,AT4G33310,AT5G61800,AT4G12080,AT1G10760,AT4G27440,AT3G48360,AT1G62350,AT3G10410,AT3G05880,AT5G57110,AT3G12510,AT5G15960,AT5G06540,AT5G02860,AT2G07440,AT1G80480,AT3G05130,AT3G02040,AT3G42090,AT5G27610,AT1G79440,AT5G16560,AT4G19130,AT4G03510,AT5G10230,AT4G18240,AT4G32800,AT1G10810,AT3G53800,AT5G23050,AT4G05150,AT4G19390,AT5G27280,AT3G59350,AT3G03470,AT1G21680,AT3G49270,AT1G75200,AT3G18340,AT5G15840,AT1G04770,AT1G21670,AT1G53830,AT1G47730,AT3G16180,AT3G56720,AT4G05330,AT1G59950,AT1G22370,AT4G25140,AT5G26020,AT5G09440,AT2G27630,AT3G51400,AT1G22500,AT3G43210	AT5G42900,AT4G33980,AT3G07650,AT1G11210,AT2G38465,AT4G04330,AT5G24470,AT1G56300,AT2G33830,AT4G16146,AT2G22450,AT1G20030,AT3G53250,AT1G13370,AT2G37580,AT2G40340,AT5G67480,AT2G28085,AT1G49720,AT4G30660,AT2G15890,AT2G21130,AT4G01130,AT5G47240,AT5G59570,AT3G63160,AT1G67970,AT3G20340,AT3G52710,AT2G25730,AT1G28330,AT1G10760,AT4G27440,AT3G48360,AT4G39090,AT3G05880,AT5G14920,AT2G17840,AT5G57110,AT1G29395,AT3G12510,AT1G76590,AT1G16850,AT2G40130,AT5G15960,AT5G06540,AT5G02860,AT5G57630,AT5G26340,AT5G03720,AT1G51940,AT4G33700,AT5G35735,AT3G47160,AT3G02040,AT3G10300,AT1G66390,AT2G03880,AT5G27610,AT3G50120,AT3G59830,AT1G79440,AT5G16560,AT3G50700,AT4G03510,AT5G17850,AT5G03240,AT3G11020,AT4G32800,AT1G33420,AT1G08500,AT3G53800,AT3G23020,AT5G23050,AT5G18540,AT5G05840,AT4G05150,AT4G19390,AT3G03170,AT3G59350,AT3G03470,AT1G21680,AT3G49270,AT2G36410,AT4G21170,AT3G04060,AT5G27930,AT5G15840,AT1G04770,AT1G21670,AT1G53830,AT3G25870,AT3G16180,AT3G62090,AT3G56720,AT1G12710,AT1G22370,AT5G61590,AT1G18860,AT5G05490,AT5G26020,AT3G26580,AT1G70420,AT3G05800,AT5G57655,AT5G09440,AT1G20440,AT4G27730,AT2G14170,AT5G51610,AT5G17760,AT5G62720,AT4G17500,AT5G63420,AT3G43210
1	AT2G43010	AtPIF4	16	40	PWM818	CisBP	M2224_1.01	40	0.00002087003201090999	0.0010394435387656002	82	AT5G42900,AT4G33980,AT1G17665,AT4G04330,AT2G39920,AT2G33830,AT4G16146,AT2G22450,AT1G20030,AT2G26560,AT4G09020,AT4G33990,AT2G15890,AT1G64890,AT2G42530,AT2G21130,AT4G32340,AT3G63160,AT1G67970,AT3G20340,AT5G64060,AT2G25730,AT3G59820,AT4G33310,AT1G28330,AT1G10760,AT3G10410,AT2G15960,AT5G15960,AT5G06540,AT5G02860,AT2G07440,AT1G80480,AT3G05130,AT3G47160,AT3G02040,AT3G42090,AT2G20480,AT5G27610,AT5G44210,AT3G59830,AT1G79440,AT5G16560,AT4G19130,AT2G16660,AT5G10230,AT4G18240,AT4G32800,AT3G53800,AT5G02190,AT5G23050,AT4G19390,AT3G03470,AT1G21680,AT3G49270,AT2G36410,AT1G75200,AT5G15840,AT1G04770,AT1G21670,AT1G53830,AT1G47730,AT3G25870,AT3G16180,AT2G06925,AT3G56720,AT1G12710,AT5G23320,AT4G05330,AT1G59950,AT1G22370,AT4G25140,AT2G04990,AT5G05490,AT1G70420,AT3G05800,AT2G10620,AT5G09440,AT2G27630,AT3G51400,AT5G25500,AT3G43210	AT4G10250,AT1G11210,AT4G04330,AT5G24470,AT1G49230,AT2G37030,AT5G67480,AT4G30660,AT3G52710,AT5G46330,AT5G48250,AT4G27440,AT4G39090,AT5G14920,AT1G29395,AT1G16850,AT5G06540,AT2G28840,AT5G03720,AT5G25210,AT5G16560,AT3G53990,AT5G25620,AT4G32800,AT1G08500,AT3G53800,AT5G02190,AT1G13990,AT3G03170,AT5G15130,AT2G19450,AT1G75200,AT5G27930,AT1G53830,AT3G16180,AT3G62090,AT1G70420,AT5G14230,AT4G27730,AT3G23010
1	AT2G43010	AtPIF4	16	40	PWM2161	JASPAR	MA0561.1	42	0.00003658530409335687	0.0015618440533187827	81	AT5G42900,AT4G33980,AT1G17665,AT2G07712,AT4G04330,AT2G39920,AT2G33830,AT4G16146,AT2G22450,AT1G20030,AT2G26560,AT4G09020,AT4G33990,AT2G15890,AT1G64890,AT2G42530,AT2G21130,AT4G32340,AT3G63160,AT1G67970,AT3G20340,AT5G64060,AT2G25730,AT3G59820,AT4G33310,AT1G28330,AT1G10760,AT3G10410,AT2G15960,AT5G15960,AT5G06540,AT5G02860,AT2G07440,AT1G80480,AT3G05130,AT3G47160,AT3G02040,AT3G42090,AT2G20480,AT5G27610,AT5G44210,AT3G59830,AT1G79440,AT5G16560,AT4G19130,AT2G16660,AT5G10230,AT4G18240,AT4G32800,AT3G53800,AT5G02190,AT5G23050,AT4G19390,AT3G03470,AT1G21680,AT3G49270,AT2G36410,AT1G75200,AT5G15840,AT1G04770,AT1G21670,AT1G47730,AT3G25870,AT3G16180,AT2G06925,AT3G56720,AT1G12710,AT4G05330,AT1G59950,AT1G22370,AT4G25140,AT2G04990,AT5G05490,AT1G70420,AT3G05800,AT2G10620,AT5G09440,AT2G27630,AT3G51400,AT5G25500,AT3G43210	AT4G10250,AT1G11210,AT4G04330,AT5G24470,AT1G49230,AT2G37030,AT5G67480,AT4G30660,AT3G52710,AT5G46330,AT5G48250,AT4G27440,AT4G39090,AT5G14920,AT1G29395,AT1G16850,AT5G06540,AT2G28840,AT5G03720,AT5G25210,AT5G16560,AT3G53990,AT5G25620,AT4G32800,AT1G08500,AT3G53800,AT5G02190,AT1G13990,AT3G03170,AT5G15130,AT2G19450,AT1G75200,AT5G27930,AT1G53830,AT3G16180,AT3G62090,AT1G70420,AT5G14230,AT4G27730,AT3G23010
1	AT1G09530	PAP3	11	13	PWM962	AthaMAP	T04492	41	0.00002087003201090999	0.0010394435387656002	82	AT5G42900,AT4G33980,AT1G11210,AT4G16146,AT3G42860,AT1G20030,AT1G49230,AT2G25930,AT2G26560,AT4G09020,AT4G33990,AT2G15890,AT1G64890,AT5G53770,AT2G21130,AT4G01130,AT5G59570,AT4G32340,AT1G67970,AT3G20340,AT3G59820,AT4G33310,AT1G02430,AT1G28330,AT1G10760,AT4G27440,AT4G39090,AT3G05880,AT5G57110,AT1G29395,AT2G15960,AT5G15960,AT5G06540,AT2G28840,AT5G02860,AT1G02300,AT3G24280,AT3G05130,AT3G02040,AT4G02370,AT3G42090,AT5G27610,AT3G59830,AT1G79440,AT5G16560,AT4G32800,AT1G03010,AT3G53800,AT5G02190,AT5G23050,AT4G09270,AT4G19390,AT2G07500,AT1G43980,AT3G16740,AT3G03170,AT1G01110,AT1G21680,AT3G49270,AT2G36410,AT1G75200,AT5G13230,AT3G18340,AT5G50450,AT1G03830,AT1G21670,AT1G53830,AT3G16180,AT3G56720,AT4G17140,AT2G02670,AT1G59950,AT1G22370,AT5G26020,AT1G70420,AT2G10620,AT5G09440,AT2G27630,AT5G42500,AT5G25500,AT3G43210,AT1G70690	AT1G11210,AT2G40750,AT1G20030,AT3G52710,AT5G14920,AT1G16850,AT5G26340,AT3G02040,AT4G02370,AT3G52770,AT1G04770,AT3G16180,AT3G62090
1	AT1G09530	PAP3	11	13	PWM1019	CisBP	M2223_1.01	44	0.00006319383732894755	0.0025751488711546126	80	AT5G42900,AT5G62360,AT4G33980,AT1G17665,AT2G07712,AT2G38465,AT2G39920,AT4G16146,AT1G20030,AT2G26560,AT4G09020,AT4G33990,AT2G15890,AT1G64890,AT2G42530,AT4G32340,AT3G63160,AT1G67970,AT3G20340,AT5G64060,AT3G59820,AT4G33310,AT4G12080,AT1G28330,AT1G10760,AT1G62350,AT3G10410,AT3G05880,AT2G15960,AT5G15960,AT5G06540,AT5G02860,AT3G05130,AT3G02040,AT3G42090,AT2G20480,AT5G27610,AT3G59830,AT1G79440,AT5G16560,AT4G19130,AT4G03510,AT2G16660,AT4G29600,AT5G10230,AT4G18240,AT4G32800,AT3G53800,AT1G21540,AT5G02190,AT5G23050,AT4G19390,AT3G03470,AT1G21680,AT3G49270,AT2G36410,AT3G52770,AT1G75200,AT5G51810,AT5G15840,AT4G26020,AT1G04770,AT1G21670,AT3G16180,AT3G56720,AT5G23320,AT4G05330,AT1G59950,AT1G22370,AT4G25140,AT2G04990,AT1G70420,AT3G59750,AT2G10620,AT5G09440,AT2G27630,AT3G51400,AT3G51660,AT5G25500,AT3G43210	AT1G11210,AT2G40750,AT1G20030,AT3G52710,AT5G14920,AT1G16850,AT5G26340,AT3G02040,AT4G02370,AT3G52770,AT1G04770,AT3G16180,AT3G62090
1	AT1G09530	PAP3	11	13	PWM1305	CisBP	M2733_1.01	51	0.00018030351283527973	0.006465683970273132	78	AT5G42900,AT4G33980,AT1G11210,AT4G16146,AT3G42860,AT1G20030,AT1G49230,AT2G25930,AT2G26560,AT4G09020,AT4G33990,AT2G15890,AT1G64890,AT5G53770,AT2G21130,AT4G01130,AT5G59570,AT4G32340,AT1G67970,AT3G20340,AT3G59820,AT4G33310,AT1G28330,AT1G10760,AT4G27440,AT4G39090,AT3G05880,AT5G57110,AT1G29395,AT2G15960,AT5G15960,AT5G06540,AT2G28840,AT5G02860,AT3G24280,AT3G05130,AT5G35735,AT3G02040,AT4G02370,AT3G42090,AT5G27610,AT3G59830,AT1G79440,AT5G16560,AT3G53800,AT5G02190,AT5G23050,AT4G09270,AT4G19390,AT2G07500,AT1G43980,AT3G16740,AT3G03170,AT1G21680,AT3G49270,AT2G36410,AT1G75200,AT5G51810,AT5G13230,AT3G18340,AT5G50450,AT1G21670,AT1G53830,AT3G16180,AT3G56720,AT4G17140,AT2G02670,AT1G59950,AT1G22370,AT5G26020,AT1G70420,AT2G10620,AT5G09440,AT2G27630,AT5G42500,AT5G25500,AT3G43210,AT1G70690	AT1G11210,AT2G40750,AT1G20030,AT3G52710,AT5G14920,AT1G16850,AT5G26340,AT3G02040,AT4G02370,AT3G52770,AT1G04770,AT3G16180,AT3G62090
1	AT1G09530	PAP3	11	13	PWM841	CisBP	M2732_1.01	57	0.0002977735862968229	0.009887185930188955	77	AT4G33980,AT2G07712,AT1G11210,AT2G38465,AT2G39920,AT4G16146,AT2G22450,AT5G61400,AT3G42860,AT1G20030,AT3G59720,AT2G25930,AT5G67480,AT1G48010,AT4G33990,AT4G01130,AT5G23660,AT3G63160,AT3G20340,AT5G64060,AT3G59820,AT4G33310,AT1G28330,AT3G59370,AT1G62350,AT3G05880,AT2G15960,AT5G15960,AT5G06540,AT3G02330,AT5G02860,AT5G57630,AT2G07440,AT5G35735,AT3G02040,AT3G10300,AT3G42090,AT2G20480,AT3G59830,AT5G16560,AT4G19130,AT2G16660,AT3G05790,AT4G18240,AT4G32800,AT3G53800,AT5G02190,AT5G23050,AT4G09270,AT4G19390,AT3G59350,AT5G61350,AT3G03470,AT3G49270,AT2G36410,AT2G19450,AT1G75200,AT5G15840,AT1G03830,AT1G04770,AT5G47455,AT1G53830,AT1G47730,AT3G25870,AT3G56720,AT1G12710,AT1G59950,AT1G22370,AT4G25140,AT2G01170,AT5G14230,AT2G10620,AT5G09440,AT2G27630,AT2G27570,AT5G63420,AT4G36560	AT1G11210,AT2G40750,AT1G20030,AT3G52710,AT5G14920,AT1G16850,AT5G26340,AT3G02040,AT4G02370,AT3G52770,AT1G04770,AT3G16180,AT3G62090
1	AT1G09530	PAP3	11	13	PWM2160	JASPAR	MA0560.1	63	0.0004843888385214358	0.014974296335671284	76	AT5G42900,AT5G62360,AT4G33980,AT1G17665,AT2G07712,AT2G38465,AT2G39920,AT4G16146,AT1G20030,AT2G26560,AT4G09020,AT4G33990,AT2G15890,AT1G64890,AT2G42530,AT4G32340,AT3G63160,AT1G67970,AT5G64060,AT3G59820,AT4G33310,AT4G12080,AT1G28330,AT1G10760,AT1G62350,AT3G10410,AT3G05880,AT2G15960,AT5G15960,AT5G06540,AT5G02860,AT3G05130,AT3G02040,AT3G42090,AT2G20480,AT5G27610,AT3G59830,AT1G79440,AT5G16560,AT4G19130,AT4G03510,AT2G16660,AT4G29600,AT5G10230,AT4G18240,AT4G32800,AT3G53800,AT1G21540,AT5G02190,AT4G19390,AT3G03470,AT1G21680,AT3G49270,AT2G36410,AT1G75200,AT5G51810,AT5G15840,AT4G26020,AT1G04770,AT1G21670,AT3G16180,AT3G56720,AT5G23320,AT4G05330,AT1G59950,AT1G22370,AT4G25140,AT2G04990,AT3G59750,AT2G10620,AT5G09440,AT2G27630,AT3G51400,AT3G51660,AT5G25500,AT3G43210	AT1G11210,AT2G40750,AT1G20030,AT3G52710,AT5G14920,AT1G16850,AT5G26340,AT3G02040,AT4G02370,AT3G52770,AT1G04770,AT3G16180,AT3G62090
1	AT3G14230	RAP2.2	4	0	PWM187	AthaMAP		46	0.00006319383732894755	0.0025751488711546126	80	AT1G48720,AT5G42900,AT5G62360,AT4G33980,AT2G21660,AT1G11210,AT3G04010,AT3G62550,AT4G04330,AT4G16146,AT4G36580,AT3G42860,AT1G20030,AT3G59720,AT1G35480,AT3G53250,AT1G36940,AT2G37580,AT3G46970,AT1G48010,AT2G28085,AT4G14050,AT1G49720,AT4G30660,AT2G15890,AT2G01390,AT5G23660,AT3G63160,AT1G67970,AT5G39410,AT4G16010,AT4G33310,AT4G12080,AT4G27440,AT2G31360,AT3G05880,AT3G26740,AT5G15960,AT2G28840,AT4G22770,AT1G51940,AT3G60650,AT3G05130,AT5G35735,AT3G10300,AT3G28870,AT2G17230,AT4G34750,AT5G44210,AT3G50700,AT5G45200,AT4G05150,AT2G28990,AT2G10460,AT3G30585,AT4G00240,AT5G27930,AT5G50450,AT4G26020,AT1G14680,AT5G46520,AT1G47730,AT3G25870,AT3G16180,AT1G21210,AT4G17140,AT2G02670,AT1G22370,AT5G61590,AT2G04990,AT4G23270,AT5G26020,AT1G70420,AT3G58570,AT4G17500,AT5G27870,AT5G25500,AT3G43670,AT2G15090,AT5G14560	
1	AT5G11260	HY5	6	0	PWM223	AthaMAP	T10638	47	0.00010754425015301545	0.00410269873456078	79	AT5G59720,AT5G42900,AT4G34950,AT1G17665,AT5G24470,AT1G56300,AT4G16146,AT2G22450,AT1G20030,AT3G59720,AT3G53250,AT1G36940,AT2G26560,AT2G28085,AT4G33990,AT4G01130,AT5G59570,AT5G61380,AT3G63160,AT3G20340,AT3G52710,AT5G64060,AT2G25730,AT4G33310,AT4G12080,AT1G28330,AT1G62350,AT2G31360,AT5G14920,AT5G57110,AT1G53345,AT4G03400,AT5G02860,AT5G26340,AT4G22770,AT2G07440,AT3G47160,AT3G10300,AT4G02370,AT3G42090,AT5G27610,AT1G79440,AT5G16560,AT1G78360,AT4G19130,AT4G19690,AT5G25620,AT5G60250,AT4G32800,AT5G02190,AT5G23050,AT3G03170,AT1G64170,AT3G56550,AT3G49270,AT2G36410,AT2G19450,AT3G52770,AT5G51810,AT5G27930,AT1G53035,AT5G50450,AT5G47455,AT1G53830,AT3G01830,AT1G47730,AT3G16180,AT3G56720,AT1G12710,AT1G22370,AT2G10620,AT5G09440,AT1G20440,AT5G51610,AT5G17760,AT2G19440,AT5G08380,AT2G15090,AT1G70690	
1	AT5G11260	HY5	6	0	PWM663	AthaMAP	T10638	87	0.0012244346830545805	0.02851183619112809	74	AT1G48720,AT5G42900,AT4G33980,AT3G07650,AT2G22450,AT1G35480,AT1G13370,AT2G40340,AT2G26560,AT5G06690,AT4G33990,AT5G59570,AT5G61380,AT3G20340,AT3G52710,AT4G16010,AT4G17490,AT4G33310,AT5G26570,AT5G61800,AT4G12080,AT1G02430,AT1G28330,AT4G27440,AT2G05080,AT2G17840,AT5G57110,AT3G12510,AT4G03400,AT5G06540,AT5G49290,AT4G33700,AT2G07440,AT3G02040,AT1G66390,AT3G42090,AT3G50120,AT3G50500,AT1G17020,AT1G79440,AT1G78360,AT4G03510,AT4G29600,AT3G53990,AT3G11020,AT3G31300,AT2G35075,AT5G23050,AT5G45200,AT3G44080,AT5G05840,AT4G19390,AT5G63810,AT3G16740,AT1G75200,AT1G53035,AT1G17460,AT3G24982,AT3G28680,AT3G01570,AT3G56720,AT3G46440,AT4G25140,AT5G09440,AT2G27630,AT1G22500,AT5G17760,AT3G51660,AT5G27870,AT3G16330,AT5G08380,AT2G15090,AT3G43210,AT1G70690	
1	AT5G11260	HY5	6	0	PWM698	AthaMAP	T10638	88	0.0012244346830545805	0.02851183619112809	74	AT4G33980,AT3G07650,AT2G07712,AT2G39920,AT3G42860,AT1G19370,AT1G13370,AT2G26560,AT4G09020,AT4G33990,AT1G64890,AT4G01130,AT3G20340,AT5G64060,AT3G59820,AT4G33310,AT1G10760,AT4G27440,AT1G62350,AT3G10410,AT5G57110,AT1G29395,AT3G26740,AT5G15960,AT1G26400,AT5G06540,AT2G28840,AT3G02330,AT5G02860,AT5G57630,AT1G80480,AT5G35735,AT3G47160,AT3G02040,AT1G69940,AT3G42090,AT5G27610,AT3G59830,AT1G79440,AT5G16560,AT4G18240,AT1G21540,AT5G23050,AT4G05150,AT4G19390,AT3G03170,AT1G64170,AT5G61350,AT1G21680,AT3G49270,AT2G19450,AT3G52770,AT5G51810,AT5G15840,AT5G50450,AT1G21670,AT1G33970,AT3G16180,AT3G56720,AT1G12710,AT4G05330,AT2G02670,AT1G59950,AT1G22370,AT4G33960,AT2G10620,AT5G09440,AT2G27630,AT3G51400,AT5G17760,AT5G25500,AT2G19440,AT3G43210,AT1G70690	
1	AT1G75390	AtbZIP44	7	0	PWM1204	CisBP	M1791_1.01	50	0.00018030351283527973	0.006465683970273132	78	AT1G48720,AT5G42900,AT4G33980,AT1G11210,AT2G22450,AT1G20030,AT1G35480,AT2G26790,AT1G76790,AT3G46970,AT2G40340,AT2G25930,AT2G26560,AT1G64890,AT4G01130,AT5G59570,AT2G01520,AT5G61380,AT5G39410,AT4G16010,AT4G17490,AT2G25730,AT5G61800,AT1G28330,AT4G27440,AT5G57110,AT1G29395,AT5G03720,AT3G02040,AT1G26665,AT4G34750,AT3G50120,AT1G27630,AT1G79440,AT1G78360,AT4G19130,AT4G03510,AT4G29600,AT3G05790,AT5G23050,AT3G44080,AT5G05840,AT4G19390,AT3G16740,AT3G03170,AT3G30585,AT1G21680,AT2G19450,AT3G04060,AT4G00240,AT5G09530,AT3G04130,AT1G17460,AT4G26020,AT1G21670,AT4G33280,AT3G25870,AT3G16180,AT3G01570,AT3G56720,AT1G12710,AT4G17140,AT1G59950,AT1G18860,AT1G70420,AT3G05800,AT2G10620,AT5G09440,AT1G22500,AT5G17760,AT2G19440,AT3G30310,AT3G16330,AT4G36560,AT5G08380,AT5G14560,AT2G43535,AT3G43210	
1	AT1G75390	AtbZIP44	7	0	PWM2917	DAP-seq	BZIP44_col	73	0.0007760500684523274	0.02046261430492681	75	AT1G48720,AT5G42900,AT4G33980,AT1G17665,AT2G38465,AT5G24470,AT2G39920,AT4G16146,AT2G22450,AT2G40750,AT1G20030,AT1G35480,AT3G53250,AT3G46970,AT2G40340,AT2G25930,AT4G26670,AT4G01130,AT5G59570,AT5G61380,AT3G20340,AT4G16010,AT4G17490,AT2G25730,AT5G26570,AT5G61800,AT1G51380,AT4G27440,AT1G22770,AT3G48360,AT4G39090,AT5G57110,AT1G29395,AT1G53345,AT1G26400,AT5G26340,AT5G03720,AT3G02040,AT1G26665,AT1G79440,AT3G50700,AT4G19130,AT4G03510,AT4G29600,AT3G05790,AT4G07780,AT5G23050,AT3G44080,AT5G05840,AT4G09270,AT1G43980,AT3G03170,AT5G27280,AT3G04060,AT3G04130,AT1G17460,AT1G21670,AT3G52180,AT3G16180,AT3G01570,AT3G46440,AT1G18860,AT5G26020,AT1G70420,AT3G05800,AT5G09440,AT1G20440,AT1G22500,AT5G17760,AT3G51660,AT5G27870,AT5G63420,AT3G16330,AT2G43535,AT3G43210	
1	AT1G59640	bHLH31	11	na	PWM2886	DAP-seq	BHLH31_col	52	0.00018030351283527973	0.006465683970273132	78	AT5G42900,AT5G62360,AT4G33980,AT4G04330,AT1G56300,AT4G16146,AT2G22450,AT1G20030,AT1G36940,AT4G14050,AT4G33990,AT2G21130,AT4G01130,AT2G41730,AT5G59570,AT3G63160,AT5G54960,AT1G67970,AT5G64060,AT2G25730,AT4G33310,AT1G28330,AT1G10760,AT4G18520,AT4G39090,AT3G10410,AT3G05880,AT5G14920,AT5G15960,AT5G06540,AT5G02860,AT2G07440,AT1G80480,AT3G05130,AT3G02040,AT1G26665,AT3G42090,AT2G20480,AT1G78410,AT5G27610,AT5G64860,AT1G79440,AT5G16560,AT4G03510,AT3G05790,AT5G25620,AT4G18240,AT1G21540,AT5G02190,AT5G23050,AT4G19390,AT3G59350,AT3G03470,AT5G15130,AT1G21680,AT3G49270,AT2G36410,AT1G75200,AT5G15840,AT1G21670,AT1G47730,AT3G25870,AT3G16180,AT3G01570,AT3G56720,AT1G12710,AT5G23320,AT4G17140,AT1G59950,AT1G22370,AT4G25140,AT5G05490,AT3G05800,AT2G10620,AT5G09440,AT2G27630,AT5G25500,AT3G43210	na
1	AT3G62420	ATBZIP53	1	na	PWM2925	DAP-seq	BZIP53_col	53	0.00018030351283527973	0.006465683970273132	78	AT1G48720,AT5G42900,AT4G33980,AT1G17665,AT2G38465,AT5G24470,AT2G39920,AT2G22450,AT1G20030,AT1G35480,AT2G37030,AT1G76790,AT3G46970,AT2G40340,AT2G25930,AT1G28050,AT4G26670,AT4G01130,AT5G59570,AT5G61380,AT3G20340,AT4G16010,AT4G17490,AT2G25730,AT5G26570,AT5G61800,AT1G28330,AT5G09630,AT4G27440,AT1G22770,AT3G48360,AT4G39090,AT5G57110,AT1G29395,AT1G53345,AT1G26400,AT5G03720,AT3G05130,AT3G02040,AT1G26665,AT4G34750,AT5G64860,AT1G79440,AT3G50700,AT4G19130,AT4G03510,AT4G29600,AT3G05790,AT4G07780,AT3G44080,AT5G05840,AT4G05150,AT4G09270,AT4G19390,AT1G43980,AT3G03170,AT5G27280,AT3G04060,AT3G04130,AT1G17460,AT1G21670,AT3G52180,AT3G16180,AT3G01570,AT3G46440,AT1G18860,AT1G70420,AT3G05800,AT5G09440,AT1G20440,AT1G22500,AT5G17760,AT3G51660,AT2G19250,AT5G27870,AT3G16330,AT2G43535,AT3G43210	na
1	AT1G74930	ORA47	7	0	PWM1569	PBM		54	0.0002977735862968229	0.009887185930188955	77	AT5G42900,AT5G62360,AT4G33980,AT1G53903,AT3G04010,AT4G03320,AT4G36580,AT1G20030,AT2G47890,AT2G37580,AT5G67480,AT2G28085,AT1G28050,AT1G64890,AT5G47240,AT5G44010,AT5G61380,AT5G39410,AT4G33310,AT5G26570,AT4G12080,AT5G48250,AT1G28330,AT1G10760,AT4G18520,AT2G31360,AT5G57110,AT1G29395,AT1G49650,AT2G20805,AT2G15960,AT2G40130,AT5G06540,AT5G26340,AT1G02300,AT4G33700,AT3G24280,AT3G18330,AT1G48290,AT2G03880,AT5G44210,AT3G50700,AT4G03510,AT1G61460,AT3G53990,AT2G29490,AT4G32800,AT4G07780,AT2G35075,AT5G39630,AT4G19390,AT2G07500,AT1G43980,AT5G63810,AT2G11220,AT3G03470,AT3G22940,AT1G21680,AT3G04060,AT1G63250,AT5G27930,AT3G18340,AT5G09530,AT1G21670,AT5G26970,AT1G47730,AT4G05330,AT2G04990,AT5G57655,AT5G09440,AT1G20440,AT4G27730,AT5G51610,AT2G19250,AT5G27870,AT3G16330,AT4G36560	
1	AT1G74930	ORA47	7	0	PWM2644	JASPAR	MA1048.1	72	0.0007760500684523274	0.02046261430492681	75	AT5G62360,AT4G33980,AT1G53903,AT3G04010,AT4G16146,AT4G03320,AT4G36580,AT3G42860,AT1G20030,AT2G37580,AT5G67480,AT2G26560,AT2G28085,AT1G64890,AT2G42530,AT5G47240,AT5G44010,AT5G64060,AT5G51570,AT4G33310,AT4G12080,AT5G48250,AT1G28330,AT1G10760,AT4G18520,AT3G59370,AT3G10410,AT2G31360,AT5G57110,AT1G49650,AT2G20805,AT2G15960,AT2G40130,AT5G06540,AT5G26340,AT4G22770,AT1G02300,AT3G24280,AT3G18330,AT1G48290,AT5G44210,AT3G50700,AT4G29600,AT3G53990,AT2G29490,AT4G32800,AT4G07780,AT1G08500,AT5G39630,AT2G07500,AT5G63810,AT2G11220,AT3G59350,AT3G03470,AT1G21680,AT3G04060,AT1G63250,AT5G27930,AT3G18340,AT1G21670,AT5G26970,AT1G47730,AT3G25870,AT4G05330,AT2G04990,AT2G26650,AT5G57655,AT5G09440,AT1G20440,AT4G27730,AT5G48710,AT3G51660,AT2G19250,AT4G17500,AT5G14560	
1	AT1G75080	BZR1	0	na	PWM2150	JASPAR	MA0550.1	55	0.0002977735862968229	0.009887185930188955	77	AT5G62360,AT4G33980,AT2G07712,AT1G11210,AT4G04330,AT2G39920,AT2G33830,AT4G16146,AT2G22450,AT1G20030,AT2G37030,AT2G26560,AT4G33990,AT1G64890,AT2G42530,AT2G21130,AT4G01130,AT5G47240,AT5G59570,AT5G23660,AT4G32340,AT3G63160,AT5G54960,AT1G67970,AT3G20340,AT5G64060,AT2G25730,AT4G33310,AT4G12080,AT1G28330,AT1G10760,AT3G10410,AT3G05880,AT5G14920,AT1G29395,AT5G15960,AT5G06540,AT5G02860,AT2G07440,AT3G47160,AT3G02040,AT1G26665,AT3G42090,AT2G20480,AT5G27610,AT5G44210,AT1G79440,AT5G16560,AT3G11020,AT4G18240,AT3G53800,AT4G19390,AT1G43980,AT3G03170,AT3G59350,AT1G21680,AT3G49270,AT2G36410,AT1G75200,AT5G15840,AT1G03830,AT1G21670,AT5G47455,AT1G53830,AT1G47730,AT3G25870,AT2G06925,AT3G56720,AT1G12710,AT1G59950,AT4G25140,AT5G14230,AT2G10620,AT5G09440,AT2G27630,AT3G30310,AT3G43210	na
1	AT1G75080	BZR1	0	na	PWM1390	CisBP	M2213_1.01	61	0.0004843888385214358	0.014974296335671284	76	AT5G62360,AT4G33980,AT2G07712,AT1G11210,AT4G04330,AT2G39920,AT2G33830,AT4G16146,AT2G22450,AT1G20030,AT2G37030,AT2G26560,AT4G33990,AT2G42530,AT2G21130,AT4G01130,AT5G47240,AT5G59570,AT5G23660,AT4G32340,AT3G63160,AT5G54960,AT1G67970,AT3G20340,AT5G64060,AT2G25730,AT4G33310,AT4G12080,AT1G28330,AT1G10760,AT3G10410,AT3G05880,AT5G14920,AT1G29395,AT5G15960,AT5G06540,AT5G02860,AT2G07440,AT3G47160,AT3G02040,AT1G26665,AT3G42090,AT2G20480,AT5G27610,AT5G44210,AT1G79440,AT5G16560,AT3G11020,AT4G18240,AT3G53800,AT4G19390,AT1G43980,AT3G03170,AT1G21680,AT3G49270,AT2G36410,AT1G75200,AT5G15840,AT1G03830,AT1G21670,AT5G47455,AT1G53830,AT1G47730,AT3G25870,AT2G06925,AT3G56720,AT1G12710,AT1G59950,AT4G25140,AT5G05490,AT5G14230,AT2G10620,AT5G09440,AT2G27630,AT3G30310,AT3G43210	na
1	AT1G12260	ANAC007	3	0	PWM1187	CisBP	M1313_1.01	58	0.0004843888385214358	0.014974296335671284	76	AT5G42900,AT4G33980,AT1G17665,AT3G04010,AT2G39920,AT4G16146,AT3G42860,AT1G35480,AT3G53250,AT1G36940,AT2G15890,AT4G01130,AT5G61380,AT5G26570,AT4G12080,AT1G28330,AT5G57110,AT3G12510,AT1G16850,AT4G08040,AT5G15960,AT1G26400,AT2G28840,AT5G02860,AT4G22770,AT4G33700,AT3G47160,AT1G69940,AT3G42090,AT5G27610,AT3G50120,AT3G50500,AT4G29600,AT5G25620,AT3G18080,AT4G32800,AT1G03010,AT3G23020,AT5G35800,AT4G05150,AT3G46070,AT4G19390,AT1G43980,AT2G11220,AT2G10460,AT1G64170,AT5G33380,AT5G61350,AT3G03470,AT5G15130,AT2G36410,AT2G19450,AT3G52770,AT3G04060,AT5G27930,AT1G53035,AT1G26530,AT4G26020,AT1G14680,AT3G15140,AT3G06990,AT1G12710,AT5G23320,AT4G17140,AT2G02670,AT3G46440,AT2G04990,AT4G23270,AT1G70420,AT3G51660,AT5G42500,AT5G25500,AT2G04380,AT2G19440,AT5G08380,AT2G43535	
1	AT1G62700	ANAC026	4	na	PWM1188	CisBP	M1313_1.01	59	0.0004843888385214358	0.014974296335671284	76	AT5G42900,AT4G33980,AT1G17665,AT3G04010,AT2G39920,AT4G16146,AT3G42860,AT1G35480,AT3G53250,AT1G36940,AT2G15890,AT4G01130,AT5G61380,AT5G26570,AT4G12080,AT1G28330,AT5G57110,AT3G12510,AT1G16850,AT4G08040,AT5G15960,AT1G26400,AT2G28840,AT5G02860,AT4G22770,AT4G33700,AT3G47160,AT1G69940,AT3G42090,AT5G27610,AT3G50120,AT3G50500,AT4G29600,AT5G25620,AT3G18080,AT4G32800,AT1G03010,AT3G23020,AT5G35800,AT4G05150,AT3G46070,AT4G19390,AT1G43980,AT2G11220,AT2G10460,AT1G64170,AT5G33380,AT5G61350,AT3G03470,AT5G15130,AT2G36410,AT2G19450,AT3G52770,AT3G04060,AT5G27930,AT1G53035,AT1G26530,AT4G26020,AT1G14680,AT3G15140,AT3G06990,AT1G12710,AT5G23320,AT4G17140,AT2G02670,AT3G46440,AT2G04990,AT4G23270,AT1G70420,AT3G51660,AT5G42500,AT5G25500,AT2G04380,AT2G19440,AT5G08380,AT2G43535	na
1	AT2G18060	ANAC037	4	0	PWM1190	CisBP	M1313_1.01	60	0.0004843888385214358	0.014974296335671284	76	AT5G42900,AT4G33980,AT1G17665,AT3G04010,AT2G39920,AT4G16146,AT3G42860,AT1G35480,AT3G53250,AT1G36940,AT2G15890,AT4G01130,AT5G61380,AT5G26570,AT4G12080,AT1G28330,AT5G57110,AT3G12510,AT1G16850,AT4G08040,AT5G15960,AT1G26400,AT2G28840,AT5G02860,AT4G22770,AT4G33700,AT3G47160,AT1G69940,AT3G42090,AT5G27610,AT3G50120,AT3G50500,AT4G29600,AT5G25620,AT3G18080,AT4G32800,AT1G03010,AT3G23020,AT5G35800,AT4G05150,AT3G46070,AT4G19390,AT1G43980,AT2G11220,AT2G10460,AT1G64170,AT5G33380,AT5G61350,AT3G03470,AT5G15130,AT2G36410,AT2G19450,AT3G52770,AT3G04060,AT5G27930,AT1G53035,AT1G26530,AT4G26020,AT1G14680,AT3G15140,AT3G06990,AT1G12710,AT5G23320,AT4G17140,AT2G02670,AT3G46440,AT2G04990,AT4G23270,AT1G70420,AT3G51660,AT5G42500,AT5G25500,AT2G04380,AT2G19440,AT5G08380,AT2G43535	
1	AT2G20180	PIF1	3	0	PWM2152	JASPAR	MA0552.1	62	0.0004843888385214358	0.014974296335671284	76	AT1G48720,AT5G62360,AT4G33980,AT2G21660,AT2G07712,AT1G11210,AT2G38465,AT4G04330,AT2G39920,AT2G22450,AT1G20030,AT1G19370,AT4G33990,AT2G15890,AT1G64890,AT2G21130,AT4G01130,AT5G47240,AT3G63160,AT5G54960,AT3G20340,AT5G64060,AT3G59820,AT4G33310,AT1G28330,AT1G10760,AT5G14920,AT3G26740,AT5G15960,AT5G06540,AT5G02860,AT4G33700,AT1G80480,AT3G05130,AT3G02040,AT4G02370,AT1G66390,AT3G42090,AT2G20480,AT1G78410,AT4G12750,AT5G27610,AT5G44210,AT5G64860,AT3G59830,AT1G79440,AT5G16560,AT3G11020,AT4G18240,AT4G32800,AT1G21540,AT5G02190,AT5G23050,AT5G45200,AT4G19390,AT3G03170,AT3G59350,AT3G49270,AT2G36410,AT1G75200,AT1G47730,AT3G25870,AT3G16180,AT3G56720,AT5G23320,AT4G17140,AT1G59950,AT4G25140,AT5G05490,AT5G14230,AT5G09440,AT2G27630,AT1G22500,AT5G17760,AT3G51660,AT3G43210	
1	AT2G20180	PIF1	3	0	PWM1082	CisBP	M0155_1.01	78	0.0012244346830545805	0.02851183619112809	74	AT1G48720,AT5G62360,AT4G33980,AT2G21660,AT2G07712,AT1G11210,AT2G38465,AT2G39920,AT2G22450,AT1G20030,AT1G19370,AT4G09020,AT4G33990,AT2G15890,AT1G64890,AT2G21130,AT4G01130,AT5G47240,AT3G63160,AT5G54960,AT3G20340,AT5G64060,AT3G59820,AT4G33310,AT1G28330,AT1G10760,AT5G14920,AT3G26740,AT5G15960,AT5G06540,AT5G02860,AT4G33700,AT1G80480,AT3G05130,AT3G02040,AT4G02370,AT1G66390,AT3G42090,AT2G20480,AT1G78410,AT4G12750,AT5G27610,AT5G64860,AT3G59830,AT1G79440,AT5G16560,AT3G11020,AT4G18240,AT4G32800,AT1G21540,AT5G02190,AT5G23050,AT4G19390,AT3G03170,AT3G59350,AT3G49270,AT2G36410,AT1G75200,AT1G47730,AT3G25870,AT3G16180,AT3G56720,AT5G23320,AT4G17140,AT1G59950,AT4G25140,AT5G05490,AT5G14230,AT5G09440,AT2G27630,AT1G22500,AT5G17760,AT3G51660,AT3G43210	
1	AT2G20180	PIF1	3	0	PWM1238	CisBP	M2215_1.01	85	0.0012244346830545805	0.02851183619112809	74	AT1G48720,AT5G62360,AT4G33980,AT2G21660,AT2G07712,AT1G11210,AT2G38465,AT2G39920,AT2G22450,AT1G20030,AT1G19370,AT4G09020,AT4G33990,AT2G15890,AT1G64890,AT2G21130,AT4G01130,AT5G47240,AT3G63160,AT5G54960,AT3G20340,AT5G64060,AT3G59820,AT4G33310,AT1G28330,AT1G10760,AT5G14920,AT3G26740,AT5G15960,AT5G06540,AT5G02860,AT4G33700,AT1G80480,AT3G05130,AT3G02040,AT4G02370,AT1G66390,AT3G42090,AT2G20480,AT1G78410,AT4G12750,AT5G27610,AT5G64860,AT3G59830,AT1G79440,AT5G16560,AT3G11020,AT4G18240,AT4G32800,AT1G21540,AT5G02190,AT5G23050,AT4G19390,AT3G03170,AT3G59350,AT3G49270,AT2G36410,AT1G75200,AT1G47730,AT3G25870,AT3G16180,AT3G56720,AT5G23320,AT4G17140,AT1G59950,AT4G25140,AT5G05490,AT5G14230,AT5G09440,AT2G27630,AT1G22500,AT5G17760,AT3G51660,AT3G43210	
1	AT3G30530	ATBZIP42	7	na	PWM2914	DAP-seq	BZIP42_col	64	0.0004843888385214358	0.014974296335671284	76	AT1G48720,AT5G42900,AT4G33980,AT1G17665,AT5G24470,AT2G39920,AT2G22450,AT2G40750,AT1G20030,AT1G35480,AT1G76790,AT3G46970,AT2G40340,AT2G25930,AT1G28050,AT4G26670,AT4G01130,AT5G59570,AT5G61380,AT3G20340,AT3G52710,AT4G16010,AT4G17490,AT2G25730,AT5G26570,AT1G10760,AT5G09630,AT4G27440,AT1G22770,AT3G48360,AT4G39090,AT5G57110,AT1G29395,AT1G26400,AT5G03720,AT3G02040,AT1G26665,AT5G64860,AT3G50500,AT1G27630,AT3G50700,AT4G03510,AT4G29600,AT3G05790,AT5G60250,AT4G07780,AT4G39260,AT3G44080,AT2G07500,AT1G43980,AT3G03170,AT2G10460,AT5G27280,AT3G04060,AT1G75200,AT3G04130,AT1G17460,AT1G21670,AT3G52180,AT3G16180,AT1G59950,AT3G46440,AT5G61590,AT1G18860,AT1G70420,AT3G05800,AT4G35670,AT1G20440,AT5G17760,AT3G51660,AT5G27870,AT3G30310,AT3G16330,AT4G36560,AT2G43535,AT3G43210	na
1	AT4G34590	ATB2	0	0	PWM2934	DAP-seq	GBF6_col	65	0.0004843888385214358	0.014974296335671284	76	AT1G48720,AT5G42900,AT4G33980,AT1G17665,AT2G38465,AT5G24470,AT2G39920,AT2G22450,AT1G20030,AT1G35480,AT2G37030,AT1G76790,AT3G46970,AT2G40340,AT2G25930,AT1G28050,AT4G26670,AT4G01130,AT5G59570,AT5G61380,AT3G20340,AT4G16010,AT4G17490,AT2G25730,AT5G26570,AT5G61800,AT1G28330,AT4G27440,AT1G22770,AT3G48360,AT4G39090,AT5G57110,AT1G29395,AT1G53345,AT1G26400,AT5G03720,AT3G05130,AT3G02040,AT1G26665,AT4G34750,AT5G64860,AT1G79440,AT3G50700,AT4G19130,AT4G03510,AT4G29600,AT3G05790,AT4G07780,AT3G44080,AT5G05840,AT4G05150,AT4G09270,AT4G19390,AT1G43980,AT3G03170,AT5G27280,AT3G04060,AT3G04130,AT1G17460,AT1G21670,AT3G52180,AT3G16180,AT3G01570,AT1G18860,AT1G70420,AT3G05800,AT5G09440,AT1G20440,AT1G22500,AT5G17760,AT3G51660,AT2G19250,AT5G27870,AT3G16330,AT2G43535,AT3G43210	
1	AT5G23280	TCP7	2	0	PWM3490	DAP-seq	TCP7_col	66	0.0004843888385214358	0.014974296335671284	76	AT3G07650,AT3G04010,AT2G39920,AT4G03320,AT4G36580,AT1G35480,AT2G47890,AT2G37030,AT3G46970,AT1G28050,AT1G24095,AT4G01130,AT5G44010,AT2G01520,AT5G41920,AT3G52710,AT5G64060,AT3G08820,AT4G33310,AT1G28330,AT1G10760,AT5G09630,AT4G27440,AT3G48360,AT3G10410,AT5G14920,AT1G29395,AT2G15360,AT5G06540,AT1G15480,AT5G03720,AT4G22770,AT2G07440,AT1G80480,AT5G35735,AT3G02040,AT5G25210,AT1G48290,AT4G34750,AT3G50700,AT2G16660,AT4G19690,AT1G67370,AT1G03010,AT1G13990,AT2G28990,AT5G63810,AT3G03170,AT2G10460,AT1G64170,AT5G27280,AT5G15130,AT1G21680,AT4G00240,AT5G13230,AT1G53035,AT3G04130,AT1G04770,AT1G21670,AT5G47455,AT2G06925,AT3G56720,AT5G61590,AT2G04990,AT5G05490,AT3G14310,AT5G54050,AT1G77030,AT5G14230,AT2G26650,AT4G33960,AT2G10620,AT4G36560,AT3G43210,AT1G12490,AT5G37570	
1	AT1G79580	ANAC033	12	na	PWM1189	CisBP	M1313_1.01	68	0.0007760500684523274	0.02046261430492681	75	AT5G42900,AT4G33980,AT1G17665,AT3G04010,AT2G39920,AT4G16146,AT3G42860,AT1G35480,AT3G53250,AT1G36940,AT2G15890,AT4G01130,AT5G61380,AT5G26570,AT4G12080,AT1G28330,AT5G57110,AT3G12510,AT1G16850,AT4G08040,AT5G15960,AT1G26400,AT2G28840,AT5G02860,AT4G22770,AT4G33700,AT3G47160,AT1G69940,AT3G42090,AT5G27610,AT3G50120,AT3G50500,AT4G29600,AT5G25620,AT3G18080,AT4G32800,AT1G03010,AT3G23020,AT5G35800,AT4G05150,AT3G46070,AT4G19390,AT1G43980,AT2G11220,AT2G10460,AT1G64170,AT5G33380,AT5G61350,AT3G03470,AT5G15130,AT2G36410,AT2G19450,AT3G52770,AT3G04060,AT5G27930,AT1G53035,AT1G26530,AT4G26020,AT1G14680,AT3G15140,AT3G06990,AT1G12710,AT5G23320,AT4G17140,AT2G02670,AT2G04990,AT4G23270,AT1G70420,AT3G51660,AT5G42500,AT5G25500,AT2G04380,AT2G19440,AT5G08380,AT2G43535	na
1	AT4G36160	ANAC076	5	0	PWM1191	CisBP	M1313_1.01	69	0.0007760500684523274	0.02046261430492681	75	AT5G42900,AT4G33980,AT1G17665,AT3G04010,AT2G39920,AT4G16146,AT3G42860,AT1G35480,AT3G53250,AT1G36940,AT2G15890,AT4G01130,AT5G61380,AT5G26570,AT4G12080,AT1G28330,AT5G57110,AT3G12510,AT1G16850,AT4G08040,AT5G15960,AT1G26400,AT2G28840,AT5G02860,AT4G22770,AT4G33700,AT3G47160,AT1G69940,AT3G42090,AT5G27610,AT3G50120,AT3G50500,AT4G29600,AT5G25620,AT3G18080,AT4G32800,AT1G03010,AT3G23020,AT5G35800,AT4G05150,AT3G46070,AT4G19390,AT1G43980,AT2G11220,AT2G10460,AT1G64170,AT5G33380,AT5G61350,AT3G03470,AT5G15130,AT2G36410,AT2G19450,AT3G52770,AT3G04060,AT5G27930,AT1G53035,AT1G26530,AT4G26020,AT1G14680,AT3G15140,AT3G06990,AT1G12710,AT5G23320,AT4G17140,AT2G02670,AT2G04990,AT4G23270,AT1G70420,AT3G51660,AT5G42500,AT5G25500,AT2G04380,AT2G19440,AT5G08380,AT2G43535	
1	AT5G62380	ANAC101	4	na	PWM1192	CisBP	M1313_1.01	70	0.0007760500684523274	0.02046261430492681	75	AT5G42900,AT4G33980,AT1G17665,AT3G04010,AT2G39920,AT4G16146,AT3G42860,AT1G35480,AT3G53250,AT1G36940,AT2G15890,AT4G01130,AT5G61380,AT5G26570,AT4G12080,AT1G28330,AT5G57110,AT3G12510,AT1G16850,AT4G08040,AT5G15960,AT1G26400,AT2G28840,AT5G02860,AT4G22770,AT4G33700,AT3G47160,AT1G69940,AT3G42090,AT5G27610,AT3G50120,AT3G50500,AT4G29600,AT5G25620,AT3G18080,AT4G32800,AT1G03010,AT3G23020,AT5G35800,AT4G05150,AT3G46070,AT4G19390,AT1G43980,AT2G11220,AT2G10460,AT1G64170,AT5G33380,AT5G61350,AT3G03470,AT5G15130,AT2G36410,AT2G19450,AT3G52770,AT3G04060,AT5G27930,AT1G53035,AT1G26530,AT4G26020,AT1G14680,AT3G15140,AT3G06990,AT1G12710,AT5G23320,AT4G17140,AT2G02670,AT2G04990,AT4G23270,AT1G70420,AT3G51660,AT5G42500,AT5G25500,AT2G04380,AT2G19440,AT5G08380,AT2G43535	na
1	AT5G66300	ANAC105	11	0	PWM1193	CisBP	M1313_1.01	71	0.0007760500684523274	0.02046261430492681	75	AT5G42900,AT4G33980,AT1G17665,AT3G04010,AT2G39920,AT4G16146,AT3G42860,AT1G35480,AT3G53250,AT1G36940,AT2G15890,AT4G01130,AT5G61380,AT5G26570,AT4G12080,AT1G28330,AT5G57110,AT3G12510,AT1G16850,AT4G08040,AT5G15960,AT1G26400,AT2G28840,AT5G02860,AT4G22770,AT4G33700,AT3G47160,AT1G69940,AT3G42090,AT5G27610,AT3G50120,AT3G50500,AT4G29600,AT5G25620,AT3G18080,AT4G32800,AT1G03010,AT3G23020,AT5G35800,AT4G05150,AT3G46070,AT4G19390,AT1G43980,AT2G11220,AT2G10460,AT1G64170,AT5G33380,AT5G61350,AT3G03470,AT5G15130,AT2G36410,AT2G19450,AT3G52770,AT3G04060,AT5G27930,AT1G53035,AT1G26530,AT4G26020,AT1G14680,AT3G15140,AT3G06990,AT1G12710,AT5G23320,AT4G17140,AT2G02670,AT2G04990,AT4G23270,AT1G70420,AT3G51660,AT5G42500,AT5G25500,AT2G04380,AT2G19440,AT5G08380,AT2G43535	
1	AT5G49450	AtbZIP1	21	0	PWM437	AthaMAP		74	0.0007760500684523274	0.02046261430492681	75	AT1G48720,AT5G62360,AT4G33980,AT3G07650,AT2G07712,AT1G11210,AT5G24470,AT2G39920,AT1G56300,AT3G42860,AT1G19370,AT2G26790,AT1G09190,AT2G25930,AT2G26560,AT4G09020,AT4G33990,AT2G15890,AT1G64890,AT4G01130,AT5G59570,AT5G61380,AT3G20340,AT5G64060,AT3G59820,AT4G33310,AT1G10760,AT4G27440,AT1G62350,AT2G31360,AT5G57110,AT3G26740,AT5G15960,AT1G26400,AT5G06540,AT3G02330,AT5G02860,AT5G57630,AT3G02040,AT4G02370,AT3G42090,AT4G12750,AT5G27610,AT3G59830,AT1G79440,AT5G16560,AT4G18240,AT3G53800,AT5G23050,AT4G19390,AT2G07500,AT1G43980,AT1G64170,AT3G03470,AT3G49270,AT5G51810,AT5G13230,AT5G50450,AT1G53830,AT3G28680,AT3G56720,AT4G05330,AT4G17140,AT1G59950,AT1G22370,AT4G25140,AT2G04990,AT5G26020,AT4G33960,AT2G10620,AT5G09440,AT1G20440,AT3G51660,AT5G42500,AT1G70690	
1	AT5G05410	DREB2	5	3	PWM705	AthaMAP	T02646	75	0.0007760500684523274	0.02046261430492681	75	AT5G59720,AT4G34950,AT2G21660,AT1G11210,AT1G53903,AT2G38465,AT3G04010,AT4G04330,AT1G56300,AT2G33830,AT4G16146,AT2G47890,AT5G06690,AT2G28085,AT4G09020,AT1G49720,AT1G64890,AT4G01130,AT3G63160,AT5G64060,AT3G08820,AT5G26570,AT5G48250,AT1G10760,AT3G48360,AT3G05880,AT2G17840,AT1G29395,AT1G49650,AT2G20805,AT4G08040,AT5G15960,AT1G15480,AT3G24280,AT3G18330,AT5G35735,AT5G06510,AT2G03880,AT5G27610,AT3G50120,AT3G50500,AT1G17020,AT5G16560,AT3G50700,AT2G16660,AT4G19690,AT3G53990,AT4G18240,AT4G32800,AT1G21540,AT5G02190,AT5G23050,AT1G43980,AT2G10460,AT1G64170,AT2G19450,AT3G04060,AT1G63250,AT5G51810,AT3G18340,AT5G09530,AT4G26020,AT5G46520,AT3G25870,AT2G04990,AT5G14230,AT2G10620,AT5G09440,AT1G22530,AT2G27630,AT5G17760,AT2G19250,AT2G19440,AT4G36560,AT2G15090	AT3G53990,AT5G03240,AT5G05490
1	AT4G25480	ATCBF3	26	0	PWM706	AthaMAP	T02643	76	0.0007760500684523274	0.02046261430492681	75	AT5G59720,AT4G34950,AT2G21660,AT1G11210,AT1G53903,AT2G38465,AT3G04010,AT4G04330,AT1G56300,AT2G33830,AT4G16146,AT2G47890,AT5G06690,AT2G28085,AT4G09020,AT1G49720,AT1G64890,AT4G01130,AT3G63160,AT5G64060,AT3G08820,AT5G26570,AT5G48250,AT1G10760,AT3G48360,AT3G05880,AT2G17840,AT1G29395,AT1G49650,AT2G20805,AT4G08040,AT5G15960,AT1G15480,AT3G24280,AT3G18330,AT5G35735,AT5G06510,AT2G03880,AT5G27610,AT3G50120,AT3G50500,AT1G17020,AT5G16560,AT3G50700,AT2G16660,AT4G19690,AT3G53990,AT4G18240,AT4G32800,AT1G21540,AT5G02190,AT5G23050,AT1G43980,AT2G10460,AT1G64170,AT2G19450,AT3G04060,AT1G63250,AT5G51810,AT3G18340,AT5G09530,AT4G26020,AT5G46520,AT3G25870,AT2G04990,AT5G14230,AT2G10620,AT5G09440,AT1G22530,AT2G27630,AT5G17760,AT2G19250,AT2G19440,AT4G36560,AT2G15090	
1	AT3G17609	HYH	1	na	PWM1068	CisBP	M2214_1.01	77	0.0012244346830545805	0.02851183619112809	74	AT4G33980,AT1G17665,AT2G07712,AT4G04330,AT2G33830,AT2G22450,AT3G42860,AT1G20030,AT1G49230,AT5G67480,AT2G26560,AT4G33990,AT2G21130,AT4G01130,AT2G41730,AT5G59570,AT3G63160,AT5G54960,AT1G67970,AT3G20340,AT5G64060,AT2G25730,AT4G33310,AT4G12080,AT1G28330,AT1G10760,AT5G09630,AT4G18520,AT1G62350,AT3G10410,AT5G14920,AT2G17840,AT5G15960,AT1G26400,AT5G06540,AT5G02860,AT2G07440,AT3G47160,AT3G02040,AT4G02370,AT1G26665,AT3G42090,AT5G27610,AT1G79440,AT5G16560,AT4G19690,AT1G67370,AT5G03240,AT3G11020,AT4G18240,AT4G32800,AT3G53800,AT5G23050,AT3G44080,AT4G19390,AT3G03170,AT3G03470,AT1G21680,AT3G49270,AT1G75200,AT5G15840,AT1G21670,AT1G47730,AT3G25870,AT1G12710,AT5G23320,AT1G59950,AT1G22370,AT4G25140,AT2G10620,AT5G09440,AT2G27630,AT5G08380,AT3G43210	na
1	AT2G25820	ESE2	2	0	PWM1144	CisBP	M0034_1.01	79	0.0012244346830545805	0.02851183619112809	74	AT4G34950,AT4G04330,AT2G22450,AT1G35480,AT2G47890,AT2G37580,AT2G26560,AT5G06690,AT2G28085,AT4G09020,AT1G49720,AT1G64890,AT2G41730,AT2G01520,AT5G39410,AT3G47860,AT2G25730,AT5G26570,AT4G12080,AT1G28330,AT4G18520,AT2G31360,AT1G29395,AT1G49650,AT1G53345,AT1G16850,AT2G20805,AT5G57630,AT5G26340,AT5G03720,AT2G07440,AT5G06510,AT2G03880,AT1G69940,AT5G27610,AT5G44210,AT1G17020,AT2G16660,AT4G19690,AT3G53990,AT4G32800,AT1G21540,AT3G23020,AT4G39260,AT5G18540,AT4G05150,AT4G19390,AT5G63810,AT1G64170,AT3G22940,AT2G36410,AT3G04060,AT3G04130,AT1G14680,AT1G33970,AT1G53830,AT3G25870,AT3G52180,AT3G06990,AT3G56720,AT4G17140,AT2G02670,AT2G04990,AT4G23270,AT3G14310,AT1G70420,AT4G33960,AT5G09440,AT1G22530,AT1G20440,AT2G19250,AT5G63420,AT3G23010,AT2G15090	
1	AT3G16280	AT3G16280	2	na	PWM1145	CisBP	M0034_1.01	80	0.0012244346830545805	0.02851183619112809	74	AT4G34950,AT4G04330,AT2G22450,AT1G35480,AT2G47890,AT2G37580,AT2G26560,AT5G06690,AT2G28085,AT4G09020,AT1G49720,AT1G64890,AT2G41730,AT2G01520,AT5G39410,AT3G47860,AT2G25730,AT5G26570,AT4G12080,AT1G28330,AT4G18520,AT2G31360,AT1G29395,AT1G49650,AT1G53345,AT1G16850,AT2G20805,AT5G57630,AT5G26340,AT5G03720,AT2G07440,AT5G06510,AT2G03880,AT1G69940,AT5G27610,AT5G44210,AT1G17020,AT2G16660,AT4G19690,AT3G53990,AT4G32800,AT1G21540,AT3G23020,AT4G39260,AT5G18540,AT4G05150,AT4G19390,AT5G63810,AT1G64170,AT3G22940,AT2G36410,AT3G04060,AT3G04130,AT1G14680,AT1G33970,AT1G53830,AT3G25870,AT3G52180,AT3G06990,AT3G56720,AT4G17140,AT2G02670,AT2G04990,AT4G23270,AT3G14310,AT1G70420,AT4G33960,AT5G09440,AT1G22530,AT1G20440,AT2G19250,AT5G63420,AT3G23010,AT2G15090	na
1	AT4G32800	At4g32800	4	0	PWM1146	CisBP	M0034_1.01	81	0.0012244346830545805	0.02851183619112809	74	AT4G34950,AT4G04330,AT2G22450,AT1G35480,AT2G47890,AT2G37580,AT2G26560,AT5G06690,AT2G28085,AT4G09020,AT1G49720,AT1G64890,AT2G41730,AT2G01520,AT5G39410,AT3G47860,AT2G25730,AT5G26570,AT4G12080,AT1G28330,AT4G18520,AT2G31360,AT1G29395,AT1G49650,AT1G53345,AT1G16850,AT2G20805,AT5G57630,AT5G26340,AT5G03720,AT2G07440,AT5G06510,AT2G03880,AT1G69940,AT5G27610,AT5G44210,AT1G17020,AT2G16660,AT4G19690,AT3G53990,AT4G32800,AT1G21540,AT3G23020,AT4G39260,AT5G18540,AT4G05150,AT4G19390,AT5G63810,AT1G64170,AT3G22940,AT2G36410,AT3G04060,AT3G04130,AT1G14680,AT1G33970,AT1G53830,AT3G25870,AT3G52180,AT3G06990,AT3G56720,AT4G17140,AT2G02670,AT2G04990,AT4G23270,AT3G14310,AT1G70420,AT4G33960,AT5G09440,AT1G22530,AT1G20440,AT2G19250,AT5G63420,AT3G23010,AT2G15090	
1	AT5G11590	TINY2	5	na	PWM1147	CisBP	M0034_1.01	82	0.0012244346830545805	0.02851183619112809	74	AT4G34950,AT4G04330,AT2G22450,AT1G35480,AT2G47890,AT2G37580,AT2G26560,AT5G06690,AT2G28085,AT4G09020,AT1G49720,AT1G64890,AT2G41730,AT2G01520,AT5G39410,AT3G47860,AT2G25730,AT5G26570,AT4G12080,AT1G28330,AT4G18520,AT2G31360,AT1G29395,AT1G49650,AT1G53345,AT1G16850,AT2G20805,AT5G57630,AT5G26340,AT5G03720,AT2G07440,AT5G06510,AT2G03880,AT1G69940,AT5G27610,AT5G44210,AT1G17020,AT2G16660,AT4G19690,AT3G53990,AT4G32800,AT1G21540,AT3G23020,AT4G39260,AT5G18540,AT4G05150,AT4G19390,AT5G63810,AT1G64170,AT3G22940,AT2G36410,AT3G04060,AT3G04130,AT1G14680,AT1G33970,AT1G53830,AT3G25870,AT3G52180,AT3G06990,AT3G56720,AT4G17140,AT2G02670,AT2G04990,AT4G23270,AT3G14310,AT1G70420,AT4G33960,AT5G09440,AT1G22530,AT1G20440,AT2G19250,AT5G63420,AT3G23010,AT2G15090	na
1	AT5G25810	TINY	5	0	PWM1148	CisBP	M0034_1.01	83	0.0012244346830545805	0.02851183619112809	74	AT4G34950,AT4G04330,AT2G22450,AT1G35480,AT2G47890,AT2G37580,AT2G26560,AT5G06690,AT2G28085,AT4G09020,AT1G49720,AT1G64890,AT2G41730,AT2G01520,AT5G39410,AT3G47860,AT2G25730,AT5G26570,AT4G12080,AT1G28330,AT4G18520,AT2G31360,AT1G29395,AT1G49650,AT1G53345,AT1G16850,AT2G20805,AT5G57630,AT5G26340,AT5G03720,AT2G07440,AT5G06510,AT2G03880,AT1G69940,AT5G27610,AT5G44210,AT1G17020,AT2G16660,AT4G19690,AT3G53990,AT4G32800,AT1G21540,AT3G23020,AT4G39260,AT5G18540,AT4G05150,AT4G19390,AT5G63810,AT1G64170,AT3G22940,AT2G36410,AT3G04060,AT3G04130,AT1G14680,AT1G33970,AT1G53830,AT3G25870,AT3G52180,AT3G06990,AT3G56720,AT4G17140,AT2G02670,AT2G04990,AT4G23270,AT3G14310,AT1G70420,AT4G33960,AT5G09440,AT1G22530,AT1G20440,AT2G19250,AT5G63420,AT3G23010,AT2G15090	
1	AT2G04038	AtbZIP48	9	na	PWM2919	DAP-seq	BZIP48_col	86	0.0012244346830545805	0.02851183619112809	74	AT1G48720,AT5G42900,AT4G33980,AT1G17665,AT2G38465,AT5G24470,AT2G39920,AT2G22450,AT1G20030,AT1G35480,AT1G13370,AT3G46970,AT2G40340,AT2G25930,AT4G26670,AT4G01130,AT5G59570,AT5G61380,AT3G20340,AT3G52710,AT4G16010,AT4G17490,AT2G25730,AT5G26570,AT5G61800,AT5G09630,AT4G27440,AT1G22770,AT3G48360,AT4G39090,AT5G57110,AT1G29395,AT1G53345,AT1G26400,AT5G26340,AT5G03720,AT3G18330,AT3G02040,AT1G26665,AT5G64860,AT3G50500,AT3G50700,AT4G19130,AT4G03510,AT4G29600,AT3G05790,AT4G07780,AT5G23050,AT3G44080,AT5G05840,AT4G09270,AT2G07500,AT1G43980,AT3G03170,AT2G10460,AT5G27280,AT3G04060,AT3G18340,AT3G04130,AT1G17460,AT1G21670,AT3G52180,AT3G16180,AT5G61590,AT1G18860,AT1G70420,AT3G05800,AT1G20440,AT1G22500,AT5G17760,AT3G51660,AT5G27870,AT3G16330,AT2G43535	na
1	AT2G40950	BZIP17	5	0	PWM882	CisBP	M0259_1.01	89	0.0012244346830545805	0.02851183619112809	74	AT1G48720,AT5G42900,AT4G33980,AT3G07650,AT1G11210,AT2G38465,AT5G24470,AT1G20030,AT1G35480,AT3G53250,AT1G36940,AT5G67480,AT2G26560,AT4G33990,AT2G15890,AT4G01130,AT5G59570,AT5G44010,AT5G61380,AT3G63160,AT3G20340,AT3G52710,AT5G39410,AT5G64060,AT4G33310,AT5G57110,AT1G29395,AT3G12510,AT5G57630,AT4G33700,AT3G05130,AT3G02040,AT4G34750,AT2G20480,AT5G27610,AT3G50120,AT3G50500,AT1G79440,AT4G03510,AT4G19690,AT4G29600,AT4G18240,AT1G03010,AT3G23020,AT5G23050,AT5G45200,AT4G19390,AT1G43980,AT3G03170,AT2G10460,AT5G27280,AT3G49270,AT2G36410,AT2G19450,AT5G27930,AT3G18340,AT3G01830,AT1G47730,AT3G16180,AT3G56720,AT1G12710,AT5G23320,AT1G59950,AT4G25140,AT3G26580,AT1G70420,AT5G09440,AT3G51660,AT5G42500,AT5G25500,AT2G19440,AT3G16330,AT3G23010,AT4G36560	
1	AT3G56660	BZIP49	1	na	PWM884	CisBP	M0259_1.01	91	0.0012244346830545805	0.02851183619112809	74	AT1G48720,AT5G42900,AT4G33980,AT3G07650,AT1G11210,AT2G38465,AT5G24470,AT1G20030,AT1G35480,AT3G53250,AT1G36940,AT5G67480,AT2G26560,AT4G33990,AT2G15890,AT4G01130,AT5G59570,AT5G44010,AT5G61380,AT3G63160,AT3G20340,AT3G52710,AT5G39410,AT5G64060,AT4G33310,AT5G57110,AT1G29395,AT3G12510,AT5G57630,AT4G33700,AT3G05130,AT3G02040,AT4G34750,AT2G20480,AT5G27610,AT3G50120,AT3G50500,AT1G79440,AT4G03510,AT4G19690,AT4G29600,AT4G18240,AT1G03010,AT3G23020,AT5G23050,AT5G45200,AT4G19390,AT1G43980,AT3G03170,AT2G10460,AT5G27280,AT3G49270,AT2G36410,AT2G19450,AT5G27930,AT3G18340,AT3G01830,AT1G47730,AT3G16180,AT3G56720,AT1G12710,AT5G23320,AT1G59950,AT4G25140,AT3G26580,AT1G70420,AT5G09440,AT3G51660,AT5G42500,AT5G25500,AT2G19440,AT3G16330,AT3G23010,AT4G36560	na
1	AT1G54060	ASIL1	1	0	PWM1003	CisBP	M1492_1.01	92	0.00190237248901021	0.03707558557386203	73	AT5G42900,AT2G40080,AT4G34950,AT1G17665,AT2G21660,AT1G11210,AT4G33985,AT3G04010,AT1G56300,AT4G16146,AT4G03320,AT2G22450,AT4G36580,AT1G35480,AT3G53250,AT2G37580,AT2G25930,AT1G28050,AT2G15890,AT1G64890,AT1G24095,AT5G59570,AT5G61380,AT5G54960,AT3G52710,AT5G39410,AT4G12080,AT1G51380,AT3G48360,AT4G18520,AT2G17840,AT1G49650,AT2G40130,AT2G28840,AT3G42090,AT5G27610,AT3G50120,AT5G44210,AT3G50500,AT3G50700,AT5G60250,AT3G18080,AT4G32800,AT1G03010,AT5G02190,AT5G35800,AT4G39260,AT4G05150,AT1G43980,AT1G20530,AT4G19730,AT2G10460,AT1G64170,AT1G01110,AT5G61350,AT2G36410,AT2G19450,AT5G27930,AT5G50450,AT4G26020,AT3G25870,AT1G12710,AT4G05330,AT2G04990,AT3G14310,AT3G05800,AT5G14230,AT5G57655,AT1G22500,AT3G51660,AT4G17500,AT3G43670,AT2G19440	
1	AT4G06746	DEAR5	18	na	PWM2798	DAP-seq	DEAR5_col	95	0.00190237248901021	0.03707558557386203	73	AT5G59720,AT5G42900,AT4G34950,AT2G38465,AT2G22450,AT4G36580,AT3G59720,AT2G37580,AT1G48010,AT5G06690,AT1G49720,AT1G28050,AT4G26670,AT2G42530,AT5G41920,AT5G39410,AT5G26570,AT5G48250,AT3G48360,AT4G18520,AT2G31360,AT5G57110,AT2G20805,AT2G15960,AT2G40130,AT5G06540,AT2G28840,AT5G26340,AT4G22770,AT2G07440,AT5G06510,AT2G03880,AT1G69940,AT5G27610,AT3G50700,AT4G19130,AT1G61460,AT2G16660,AT4G19690,AT4G32800,AT4G07780,AT5G02190,AT5G18540,AT5G39630,AT3G46070,AT4G19390,AT5G63810,AT2G11220,AT2G10460,AT1G64170,AT3G22940,AT1G21680,AT3G49270,AT2G19450,AT3G04060,AT3G04130,AT4G26020,AT1G14680,AT1G21670,AT3G52180,AT2G04990,AT2G01170,AT2G26650,AT5G57655,AT4G33960,AT5G09440,AT4G27730,AT2G14170,AT4G17500,AT5G63420,AT2G19440,AT4G36560,AT5G08380	na
1	AT3G61120	AGL13	2	na	PWM3199	DAP-seq	AGL13_col	96	0.00190237248901021	0.03707558557386203	73	AT5G59720,AT5G42900,AT5G62360,AT1G17665,AT2G07712,AT1G11210,AT2G38465,AT3G62550,AT4G36580,AT3G46970,AT1G09190,AT5G67480,AT2G28085,AT4G09020,AT1G49720,AT4G33990,AT1G28050,AT2G21130,AT4G01130,AT5G44010,AT4G32340,AT2G25730,AT4G33310,AT1G28330,AT1G22770,AT3G48360,AT5G57110,AT1G49650,AT2G20805,AT1G35143,AT2G28840,AT1G66310,AT1G51940,AT4G33700,AT2G07440,AT3G18330,AT3G02040,AT5G25210,AT3G43430,AT1G48210,AT1G27630,AT1G79440,AT5G17850,AT4G29600,AT1G51290,AT3G53990,AT3G18080,AT1G03010,AT3G53800,AT1G21540,AT5G05840,AT2G07500,AT2G11220,AT3G30585,AT5G15130,AT3G56550,AT2G36410,AT5G27930,AT3G18340,AT1G53035,AT1G53830,AT1G47730,AT3G28680,AT3G52180,AT1G12710,AT4G17140,AT3G46440,AT2G01170,AT5G51610,AT1G22500,AT5G62720,AT2G19250,AT5G27870	na
1	AT1G01260	JAM2	0	0	PWM897	CisBP	M0149_1.01	97	0.00190237248901021	0.03707558557386203	73	AT5G42900,AT5G62360,AT4G33980,AT1G11210,AT4G04330,AT2G39920,AT4G16146,AT1G20030,AT2G26560,AT4G14050,AT4G09020,AT4G33990,AT2G15890,AT1G64890,AT2G21130,AT5G23660,AT4G32340,AT3G63160,AT5G64060,AT3G59820,AT4G33310,AT1G10760,AT4G39090,AT3G10410,AT3G05880,AT5G14920,AT3G12510,AT2G15960,AT5G15960,AT5G06540,AT5G02860,AT1G80480,AT3G05130,AT3G47160,AT3G02040,AT4G02370,AT3G42090,AT2G20480,AT1G78410,AT5G27610,AT5G44210,AT5G64860,AT3G59830,AT1G79440,AT5G16560,AT4G18240,AT4G32800,AT5G02190,AT5G23050,AT4G19390,AT1G43980,AT3G59350,AT3G03470,AT1G21680,AT3G49270,AT2G36410,AT1G21670,AT3G16180,AT3G01570,AT3G56720,AT5G23320,AT1G59950,AT1G22370,AT4G25140,AT5G05490,AT5G14230,AT2G10620,AT5G09440,AT2G27630,AT3G51660,AT4G17500,AT5G25500,AT3G13782	
1	AT5G57150	AT5G57150	4	na	PWM898	CisBP	M0149_1.01	98	0.00190237248901021	0.03707558557386203	73	AT5G42900,AT5G62360,AT4G33980,AT1G11210,AT4G04330,AT2G39920,AT4G16146,AT1G20030,AT2G26560,AT4G14050,AT4G09020,AT4G33990,AT2G15890,AT1G64890,AT2G21130,AT5G23660,AT4G32340,AT3G63160,AT5G64060,AT3G59820,AT4G33310,AT1G10760,AT4G39090,AT3G10410,AT3G05880,AT5G14920,AT3G12510,AT2G15960,AT5G15960,AT5G06540,AT5G02860,AT1G80480,AT3G05130,AT3G47160,AT3G02040,AT4G02370,AT3G42090,AT2G20480,AT1G78410,AT5G27610,AT5G44210,AT5G64860,AT3G59830,AT1G79440,AT5G16560,AT4G18240,AT4G32800,AT5G02190,AT5G23050,AT4G19390,AT1G43980,AT3G59350,AT3G03470,AT1G21680,AT3G49270,AT2G36410,AT1G21670,AT3G16180,AT3G01570,AT3G56720,AT5G23320,AT1G59950,AT1G22370,AT4G25140,AT5G05490,AT5G14230,AT2G10620,AT5G09440,AT2G27630,AT3G51660,AT4G17500,AT5G25500,AT3G13782	na
1	AT1G03970	GBF4	5	0	PWM994	CisBP	M0319_1.01	99	0.00190237248901021	0.03707558557386203	73	AT5G42900,AT4G33980,AT4G04330,AT2G33830,AT4G16146,AT2G22450,AT1G20030,AT3G46970,AT2G26560,AT4G33990,AT2G42530,AT2G21130,AT4G01130,AT5G59570,AT5G23660,AT3G63160,AT5G54960,AT1G67970,AT3G20340,AT5G64060,AT2G25730,AT3G59820,AT4G33310,AT1G28330,AT1G10760,AT5G09630,AT4G18520,AT4G39090,AT3G10410,AT5G14920,AT3G12510,AT3G26740,AT2G15960,AT5G15960,AT1G26400,AT5G06540,AT5G02860,AT5G26340,AT4G33700,AT3G24280,AT3G47160,AT3G02040,AT4G02370,AT1G26665,AT3G42090,AT5G27610,AT3G59830,AT1G79440,AT5G16560,AT3G11020,AT4G18240,AT4G32800,AT3G53800,AT5G23050,AT4G19390,AT1G43980,AT3G03170,AT1G21680,AT3G49270,AT5G15840,AT1G03830,AT1G21670,AT1G47730,AT3G25870,AT3G56720,AT1G59950,AT1G22370,AT4G25140,AT1G70420,AT2G10620,AT5G09440,AT2G14170,AT3G43210	
1	AT5G44080	AT5G44080	0	0	PWM995	CisBP	M0319_1.01	100	0.00190237248901021	0.03707558557386203	73	AT5G42900,AT4G33980,AT4G04330,AT2G33830,AT4G16146,AT2G22450,AT1G20030,AT3G46970,AT2G26560,AT4G33990,AT2G42530,AT2G21130,AT4G01130,AT5G59570,AT5G23660,AT3G63160,AT5G54960,AT1G67970,AT3G20340,AT5G64060,AT2G25730,AT3G59820,AT4G33310,AT1G28330,AT1G10760,AT5G09630,AT4G18520,AT4G39090,AT3G10410,AT5G14920,AT3G12510,AT3G26740,AT2G15960,AT5G15960,AT1G26400,AT5G06540,AT5G02860,AT5G26340,AT4G33700,AT3G24280,AT3G47160,AT3G02040,AT4G02370,AT1G26665,AT3G42090,AT5G27610,AT3G59830,AT1G79440,AT5G16560,AT3G11020,AT4G18240,AT4G32800,AT3G53800,AT5G23050,AT4G19390,AT1G43980,AT3G03170,AT1G21680,AT3G49270,AT5G15840,AT1G03830,AT1G21670,AT1G47730,AT3G25870,AT3G56720,AT1G59950,AT1G22370,AT4G25140,AT1G70420,AT2G10620,AT5G09440,AT2G14170,AT3G43210	
2	AT1G01060	LHY	0	na	PWM3338	DAP-seq	LHY1_col	1	0.000005764656738874837	0.010336029532802583	61	AT1G07050,AT2G23910,AT4G30650,AT3G45090,AT3G20810,AT4G07840,AT4G19120,AT3G05630,AT5G02340,AT3G57520,AT2G36270,AT5G52850,AT4G02750,AT1G20693,AT3G25020,AT5G11150,AT3G55450,AT4G11650,AT2G16750,AT5G26731,AT4G04900,AT2G46130,AT1G68050,AT1G10690,AT2G39710,AT2G06005,AT5G63690,AT5G12940,AT3G25610,AT5G56700,AT5G02220,AT1G71490,AT2G15830,AT1G76270,AT1G75880,AT3G44960,AT5G57220,AT5G49640,AT4G24650,AT2G34200,AT5G57080,AT5G06610,AT1G59870,AT5G51470,AT5G61370,AT2G06390,AT5G02580,AT3G22830,AT1G20696,AT5G40280,AT4G21380,AT2G01390,AT5G59130,AT3G25760,AT1G49220,AT2G44550,AT1G51090,AT1G66830,AT1G43840,AT1G20840,AT4G20230	na
2	AT3G10113	AT3G10113	2	na	PWM3312	DAP-seq	AT3G10113_col	2	0.00001171874299177107	0.010505853092122763	60	AT1G07050,AT2G23910,AT4G30650,AT3G45090,AT3G20810,AT3G22260,AT2G33710,AT4G19120,AT3G05630,AT5G02340,AT3G57520,AT2G36270,AT5G52850,AT4G02750,AT1G20693,AT3G25020,AT5G11150,AT3G55450,AT4G03270,AT2G16750,AT5G26731,AT4G17695,AT1G68050,AT1G10690,AT2G39710,AT2G06005,AT5G12940,AT3G25610,AT5G56700,AT5G02220,AT1G71490,AT2G15830,AT1G76270,AT3G44960,AT5G57220,AT5G49640,AT4G24650,AT2G34200,AT5G51470,AT5G61370,AT2G06390,AT5G45120,AT5G02580,AT3G22830,AT1G20696,AT4G03670,AT1G13670,AT5G40280,AT4G21380,AT2G01390,AT5G59130,AT5G20790,AT3G25760,AT1G49220,AT2G44550,AT3G49710,AT1G66830,AT1G43840,AT1G20840,AT4G20230	na
2	AT5G17300	RVE1	2	na	PWM3340	DAP-seq	RVE1_col	3	0.00001171874299177107	0.010505853092122763	60	AT1G07050,AT2G23910,AT4G30650,AT3G45090,AT3G20810,AT2G33710,AT4G19120,AT3G05630,AT5G02340,AT3G57520,AT2G36270,AT5G52850,AT4G02750,AT1G20693,AT3G25020,AT5G11150,AT3G55450,AT4G11650,AT2G16750,AT5G26731,AT4G04900,AT4G17695,AT1G68050,AT1G10690,AT2G39710,AT2G06005,AT5G12940,AT3G25610,AT5G56700,AT5G02220,AT1G71490,AT2G15830,AT1G76270,AT1G75880,AT3G44960,AT5G57220,AT4G24650,AT2G34200,AT1G69870,AT3G16360,AT1G59870,AT5G51470,AT5G61370,AT2G06390,AT5G02580,AT3G22830,AT1G20696,AT1G13670,AT5G40280,AT4G21380,AT2G01390,AT5G59130,AT3G25760,AT1G49220,AT2G44550,AT3G49710,AT1G66830,AT1G43840,AT1G20840,AT4G20230	na
2	AT5G02840	LCL1	0	0	PWM3336	DAP-seq	LCL1_col	4	0.000023337706693536982	0.010461127025377952	59	AT1G07050,AT2G23910,AT1G71060,AT4G30650,AT3G45090,AT3G20810,AT1G09680,AT4G07840,AT4G19120,AT3G05630,AT5G17460,AT1G56010,AT2G36270,AT5G52850,AT1G20693,AT3G25020,AT5G11150,AT3G55450,AT2G16750,AT5G26731,AT4G04900,AT2G46130,AT1G68050,AT1G10690,AT2G39710,AT2G06005,AT5G12940,AT3G25610,AT5G56700,AT5G02220,AT1G71490,AT2G15830,AT1G76270,AT3G44960,AT5G57220,AT5G49640,AT4G24650,AT2G34200,AT1G69870,AT5G57080,AT5G06610,AT1G59870,AT5G51470,AT5G61370,AT2G06390,AT5G02580,AT3G22830,AT1G20696,AT5G40280,AT4G21380,AT2G01390,AT5G59130,AT3G25760,AT1G49220,AT2G44550,AT1G51090,AT1G66830,AT1G20840,AT4G20230	
2	AT2G28920	AT2G28920	3	na	PWM3436	DAP-seq	AT2G28920_col	5	0.00004552255749909745	0.016324389119176348	58	AT1G07050,AT2G23910,AT4G30650,AT3G45090,AT3G20810,AT4G07840,AT1G31690,AT2G33710,AT4G19120,AT3G05630,AT5G02340,AT5G52850,AT4G02750,AT1G20693,AT3G25020,AT5G11150,AT3G55450,AT4G11650,AT2G16750,AT5G26731,AT4G04900,AT2G46130,AT1G68050,AT1G10690,AT2G39710,AT2G06005,AT5G63690,AT5G12940,AT5G56700,AT5G02220,AT1G71490,AT2G15830,AT1G76270,AT1G75880,AT3G44960,AT5G57220,AT5G49640,AT4G24650,AT2G34200,AT5G57080,AT5G51470,AT5G61370,AT2G06390,AT5G02580,AT3G22830,AT1G20696,AT5G40280,AT4G21380,AT2G01390,AT5G59130,AT3G25760,AT1G49220,AT2G44550,AT1G51090,AT1G66830,AT1G43840,AT1G20840,AT4G20230	na
2	AT5G52660	At5g52660	3	na	PWM3326	DAP-seq	AT5G52660_col	6	0.00008695756931793691	0.02598582029784348	57	AT1G07050,AT2G23910,AT1G71060,AT4G30650,AT3G45090,AT3G20810,AT2G33710,AT4G19120,AT3G05630,AT5G17460,AT1G56010,AT2G36270,AT5G52850,AT4G02750,AT1G20693,AT3G25020,AT5G11150,AT3G55450,AT2G16750,AT5G26731,AT4G04900,AT1G68050,AT1G10690,AT2G39710,AT2G06005,AT5G12940,AT3G25610,AT5G56700,AT5G02220,AT1G71490,AT2G15830,AT1G76270,AT3G44960,AT5G57220,AT4G24650,AT2G34200,AT1G69870,AT5G57080,AT5G06610,AT1G59870,AT5G51470,AT5G61370,AT2G06390,AT5G02580,AT3G22830,AT1G20696,AT5G40280,AT4G21380,AT2G01390,AT5G59130,AT1G49220,AT2G44550,AT3G49710,AT1G66830,AT1G43840,AT1G20840,AT4G20230	na
2	AT3G09600	At3g09600	1	na	PWM3310	DAP-seq	AT3G09600_col	7	0.0001626375163799142	0.04165843812416946	56	AT1G07050,AT2G23910,AT1G71060,AT4G30650,AT3G45090,AT3G20810,AT1G09680,AT4G19120,AT3G05630,AT3G57520,AT2G36270,AT5G52850,AT4G02750,AT1G20693,AT3G25020,AT5G11150,AT3G55450,AT2G16750,AT5G26731,AT4G04900,AT2G46130,AT1G68050,AT1G10690,AT2G39710,AT2G06005,AT5G12940,AT3G25610,AT5G56700,AT5G02220,AT1G71490,AT2G15830,AT1G76270,AT3G44960,AT5G57220,AT4G24650,AT1G69870,AT5G57080,AT5G06610,AT1G59870,AT5G51470,AT5G61370,AT2G06390,AT5G02580,AT3G22830,AT1G20696,AT5G40280,AT4G21380,AT2G01390,AT5G59130,AT3G25760,AT1G49220,AT2G44550,AT3G49710,AT1G66830,AT1G20840,AT4G20230	na
2	AT1G18330	EPR1	2	na	PWM3334	DAP-seq	EPR1_col	8	0.0001626375163799142	0.04165843812416946	56	AT1G07050,AT2G23910,AT4G30650,AT3G45090,AT3G20810,AT4G07840,AT4G19120,AT5G02340,AT2G36270,AT5G52850,AT3G45730,AT4G02750,AT1G20693,AT3G25020,AT5G11150,AT3G55450,AT4G11650,AT2G16750,AT5G26731,AT4G04900,AT1G68050,AT2G39710,AT2G06005,AT5G12940,AT3G25610,AT5G56700,AT5G02220,AT1G71490,AT2G15830,AT1G76270,AT1G75880,AT3G44960,AT5G57220,AT5G49640,AT4G24650,AT2G34200,AT3G16360,AT5G51470,AT5G61370,AT2G06390,AT5G02580,AT5G63780,AT3G22830,AT1G20696,AT5G40280,AT4G21380,AT2G01390,AT5G59130,AT3G25760,AT1G49220,AT2G44550,AT1G51090,AT1G66830,AT1G43840,AT1G20840,AT4G20230	na
3	AT1G49720	ABF1	6	22	PWM326	AGRIS		1	4.421792039856131e-7	0.0007928273127462043	82	AT1G02820,AT3G53650,AT2G15020,AT5G54130,AT2G26760,AT1G19940,AT4G32870,AT5G58310,AT1G19640,AT1G74300,AT4G05280,AT3G16150,AT5G35970,AT5G05270,AT2G32990,AT2G32290,AT2G40230,AT3G10150,AT5G05250,AT5G45700,AT3G01060,AT5G11510,AT1G65110,AT3G28345,AT2G18230,AT5G14760,AT4G04610,AT4G38950,AT3G15310,AT1G31630,AT3G58990,AT4G14690,AT4G00970,AT1G69530,AT4G00160,AT2G04310,AT2G24160,AT2G37040,AT4G38960,AT1G60590,AT5G02570,AT2G47800,AT2G26080,AT2G17880,AT5G46050,AT1G66140,AT5G15510,AT1G17050,AT4G13410,AT2G38740,AT1G78570,AT5G15800,AT1G68440,AT5G14640,AT4G26850,AT1G28590,AT5G42800,AT4G23290,AT1G47360,AT4G26860,AT3G02480,AT5G55090,AT1G54010,AT4G24010,AT4G21270,AT3G16910,AT5G32610,AT1G27940,AT1G47980,AT5G45280,AT2G04039,AT4G39800,AT2G34650,AT4G39320,AT3G46110,AT1G11720,AT1G70580,AT1G07485,AT2G33530,AT1G34842,AT1G02220,AT5G26200	AT1G03780,AT1G10370,AT4G01080,AT5G48540,AT2G24160,AT5G18670,AT1G17050,AT1G29630,AT1G68440,AT5G14640,AT3G57040,AT2G22510,AT2G37630,AT1G58270,AT5G55090,AT1G62180,AT4G27860,AT3G16910,AT3G51920,AT4G39800,AT2G34650,AT5G26200
3	AT4G24470	GATA25	0	0	PWM3017	DAP-seq	ZIM_col	2	0.0000016938018633034685	0.0015184933704515595	80	AT3G53650,AT2G15020,AT2G45800,AT2G26760,AT1G19940,AT4G26950,AT1G76960,AT5G08640,AT5G10400,AT5G10390,AT1G72910,AT4G05280,AT5G59870,AT3G16150,AT3G02120,AT3G49580,AT5G05270,AT3G46320,AT2G32990,AT3G23120,AT1G09200,AT3G56260,AT5G62550,AT5G05250,AT5G42760,AT4G02800,AT5G11510,AT3G28345,AT4G26660,AT2G18230,AT5G14760,AT4G15830,AT3G13065,AT1G07060,AT5G48540,AT1G36270,AT1G21110,AT5G24120,AT3G26590,AT5G44415,AT1G69530,AT5G22300,AT3G44050,AT1G52960,AT2G37040,AT1G60590,AT5G02570,AT5G23420,AT5G15510,AT3G51720,AT5G54060,AT5G65360,AT4G08010,AT1G64390,AT3G53730,AT3G53320,AT4G39940,AT1G10640,AT5G14640,AT1G29860,AT5G65010,AT3G01430,AT4G15440,AT1G63100,AT3G62280,AT2G25060,AT1G70270,AT1G72920,AT5G22880,AT4G15340,AT1G56670,AT2G34650,AT1G11300,AT3G10660,AT3G46110,AT1G19960,AT1G70580,AT1G51805,AT1G07485,AT1G02220	
3	AT3G19290	ABF4	3	87	PWM746	AGRIS		3	0.000011304875884660813	0.006756547487065613	77	AT1G02820,AT1G03780,AT1G19940,AT4G32870,AT1G13650,AT1G19640,AT1G74300,AT3G16150,AT3G49580,AT5G35970,AT5G05270,AT2G32290,AT3G10150,AT5G05250,AT5G45700,AT5G42760,AT3G01060,AT1G65110,AT4G38950,AT3G24170,AT3G15310,AT1G31630,AT1G36270,AT5G24120,AT3G58990,AT4G14690,AT4G00970,AT1G69530,AT4G00160,AT2G04310,AT1G52960,AT2G37040,AT4G38960,AT1G60590,AT5G02570,AT2G47800,AT2G26080,AT5G18670,AT2G17880,AT5G46050,AT4G13900,AT5G15510,AT1G17050,AT4G13410,AT1G22650,AT2G38740,AT1G78570,AT1G68440,AT5G14640,AT1G66880,AT4G26850,AT1G28590,AT3G01430,AT5G42800,AT1G47360,AT4G26860,AT3G02480,AT2G15310,AT5G55090,AT1G54010,AT4G24010,AT4G21270,AT4G27860,AT3G16910,AT1G47980,AT4G00050,AT5G45280,AT2G04039,AT4G39800,AT2G34650,AT4G39320,AT3G46110,AT1G11720,AT2G33530,AT1G34842,AT1G02220,AT5G26200	AT1G01060,AT1G21100,AT3G09600,AT1G62560,AT1G15100,AT2G26760,AT4G32870,AT3G60420,AT5G41780,AT1G13650,AT5G08640,AT1G19640,AT1G10370,AT5G10390,AT3G02120,AT5G35970,AT2G32990,AT4G01080,AT3G23120,AT5G05250,AT3G10912,AT3G01060,AT4G18395,AT1G62540,AT1G62540,AT4G04610,AT5G37550,AT3G15310,AT5G48540,AT3G58990,AT3G58990,AT4G14690,AT1G69530,AT4G29700,AT2G43570,AT5G63540,AT1G18590,AT4G27560,AT2G37040,AT4G38960,AT1G60590,AT5G02570,AT2G47800,AT5G18670,AT3G56290,AT5G23420,AT2G45280,AT1G17050,AT3G18170,AT1G22650,AT2G38740,AT5G15800,AT5G38210,AT5G04000,AT1G29630,AT1G68440,AT5G14640,AT3G57040,AT2G22510,AT1G66880,AT2G37630,AT1G16410,AT4G26850,AT1G58270,AT4G10820,AT3G22550,AT2G40100,AT3G02480,AT5G55090,AT3G03770,AT1G10400,AT3G50900,AT3G16910,AT4G21903,AT1G47980,AT4G00050,AT1G66470,AT4G03010,AT3G51920,AT4G39800,AT1G65860,AT1G65860,AT2G34650,AT3G09540,AT1G68760,AT1G02220,AT5G26200
3	AT2G36270	ABI5	2	41	PWM2530	JASPAR	MA0931.1	4	0.000020626077109251315	0.009245639064221902	76	AT1G01060,AT1G02820,AT3G53650,AT1G21100,AT1G62560,AT1G19940,AT4G32870,AT5G58310,AT1G19640,AT1G75040,AT1G10370,AT3G16150,AT5G05270,AT2G32990,AT5G05250,AT5G45700,AT1G35663,AT3G01060,AT5G11510,AT1G65110,AT5G58150,AT2G18230,AT3G13065,AT4G38950,AT1G16760,AT5G24120,AT3G58990,AT4G00970,AT1G69530,AT5G22300,AT2G04310,AT2G24160,AT3G22231,AT4G38960,AT1G60590,AT5G02570,AT5G18670,AT2G17880,AT2G45280,AT5G15510,AT1G17050,AT2G38740,AT1G65060,AT5G04000,AT1G29630,AT1G68440,AT5G14640,AT3G07130,AT2G22510,AT1G66880,AT2G37630,AT1G23560,AT1G58270,AT5G42800,AT2G40100,AT1G47360,AT3G02480,AT5G55090,AT4G24010,AT4G03060,AT4G21270,AT3G16910,AT5G32610,AT5G22880,AT1G47980,AT1G66470,AT5G45280,AT2G04039,AT4G03010,AT4G39800,AT2G34650,AT1G11720,AT3G28220,AT1G07485,AT3G52740,AT1G34842	AT1G01060,AT1G02820,AT3G53650,AT3G09600,AT1G03780,AT1G13650,AT1G10370,AT3G02120,AT2G32990,AT3G10912,AT4G18395,AT1G62540,AT4G04610,AT5G37550,AT3G15310,AT2G43570,AT2G37040,AT5G18670,AT1G17050,AT2G38740,AT5G15800,AT5G38210,AT5G04000,AT1G29630,AT1G68440,AT5G14640,AT3G57040,AT2G37630,AT1G58270,AT4G10820,AT3G22550,AT3G02480,AT5G55090,AT1G10400,AT3G16910,AT1G47980,AT3G51920,AT4G39800,AT2G34650,AT3G52360,AT5G26200
3	AT2G36270	ABI5	2	41	PWM957	CisBP	M0257_1.01	10	0.00006545780254618705	0.01304064888503482	74	AT1G01060,AT1G02820,AT3G53650,AT1G21100,AT1G62560,AT1G19940,AT5G58310,AT1G19640,AT1G75040,AT1G10370,AT3G16150,AT5G05270,AT2G32990,AT5G05250,AT5G45700,AT1G35663,AT3G01060,AT5G11510,AT1G65110,AT5G58150,AT2G18230,AT3G13065,AT4G38950,AT1G16760,AT5G24120,AT3G58990,AT4G00970,AT1G69530,AT5G22300,AT2G24160,AT3G22231,AT4G38960,AT1G60590,AT5G02570,AT5G18670,AT2G17880,AT2G45280,AT5G15510,AT1G17050,AT2G38740,AT1G65060,AT5G04000,AT1G29630,AT1G68440,AT5G14640,AT3G07130,AT2G22510,AT1G66880,AT2G37630,AT1G23560,AT1G58270,AT5G42800,AT2G40100,AT1G47360,AT3G02480,AT5G55090,AT4G24010,AT4G03060,AT4G21270,AT3G16910,AT5G32610,AT5G22880,AT1G47980,AT1G66470,AT5G45280,AT2G04039,AT4G03010,AT4G39800,AT2G34650,AT1G11720,AT3G28220,AT1G07485,AT3G52740,AT1G34842	AT1G01060,AT1G02820,AT3G53650,AT3G09600,AT1G03780,AT1G13650,AT1G10370,AT3G02120,AT2G32990,AT3G10912,AT4G18395,AT1G62540,AT4G04610,AT5G37550,AT3G15310,AT2G43570,AT2G37040,AT5G18670,AT1G17050,AT2G38740,AT5G15800,AT5G38210,AT5G04000,AT1G29630,AT1G68440,AT5G14640,AT3G57040,AT2G37630,AT1G58270,AT4G10820,AT3G22550,AT3G02480,AT5G55090,AT1G10400,AT3G16910,AT1G47980,AT3G51920,AT4G39800,AT2G34650,AT3G52360,AT5G26200
3	AT1G32150	AtbZIP68	0	0	PWM1236	CisBP	M0251_1.01	5	0.00003703942371324994	0.01328233734357143	75	AT1G02820,AT3G53650,AT2G15020,AT1G62560,AT5G58310,AT1G13650,AT1G19640,AT1G74300,AT3G16150,AT5G35970,AT5G23730,AT1G47400,AT3G56980,AT3G10150,AT5G05250,AT5G45700,AT5G42760,AT3G01060,AT4G31840,AT1G65110,AT5G58150,AT2G18230,AT4G04610,AT3G45520,AT3G15310,AT1G31630,AT4G14690,AT4G00970,AT5G22300,AT5G28610,AT2G24160,AT5G25890,AT5G63540,AT5G02570,AT5G18670,AT2G17880,AT5G46050,AT5G15510,AT1G35030,AT1G17050,AT4G13410,AT4G39940,AT5G04000,AT1G29630,AT1G68440,AT3G07130,AT2G22510,AT1G66880,AT1G23560,AT5G04950,AT4G08780,AT4G26850,AT1G58270,AT4G11290,AT1G80330,AT5G42800,AT4G26860,AT1G43940,AT3G02480,AT5G55090,AT1G54010,AT3G16530,AT4G21270,AT3G50900,AT3G16910,AT5G32610,AT1G47980,AT1G66470,AT5G45280,AT2G04039,AT4G39800,AT2G34650,AT3G46110,AT1G11720,AT4G08870	
3	AT1G32150	AtbZIP68	0	0	PWM2567	JASPAR	MA0968.1	23	0.0003278539300956363	0.027992480793403614	71	AT1G02820,AT3G53650,AT2G15020,AT1G62560,AT5G58310,AT1G13650,AT1G19640,AT1G74300,AT3G16150,AT5G35970,AT5G23730,AT1G47400,AT3G56980,AT3G10150,AT5G05250,AT5G45700,AT5G42760,AT3G01060,AT4G31840,AT1G65110,AT5G58150,AT2G18230,AT4G04610,AT3G45520,AT3G15310,AT1G31630,AT4G14690,AT4G00970,AT5G22300,AT5G28610,AT2G24160,AT5G25890,AT5G63540,AT5G02570,AT5G18670,AT2G17880,AT5G46050,AT5G15510,AT1G35030,AT1G17050,AT4G13410,AT4G39940,AT5G04000,AT1G29630,AT1G68440,AT3G07130,AT2G22510,AT1G66880,AT1G23560,AT5G04950,AT4G08780,AT1G58270,AT4G11290,AT1G80330,AT5G42800,AT3G02480,AT5G55090,AT1G54010,AT3G16530,AT4G21270,AT3G50900,AT3G16910,AT5G32610,AT1G47980,AT1G66470,AT2G04039,AT4G39800,AT2G34650,AT3G46110,AT1G11720,AT4G08870	
3	AT2G35530	AtbZIP16	0	1	PWM1237	CisBP	M0251_1.01	6	0.00003703942371324994	0.01328233734357143	75	AT1G02820,AT3G53650,AT2G15020,AT1G62560,AT5G58310,AT1G13650,AT1G19640,AT1G74300,AT3G16150,AT5G35970,AT5G23730,AT1G47400,AT3G56980,AT3G10150,AT5G05250,AT5G45700,AT5G42760,AT3G01060,AT4G31840,AT1G65110,AT5G58150,AT2G18230,AT4G04610,AT3G45520,AT3G15310,AT1G31630,AT4G14690,AT4G00970,AT5G22300,AT5G28610,AT2G24160,AT5G25890,AT5G63540,AT5G02570,AT5G18670,AT2G17880,AT5G46050,AT5G15510,AT1G35030,AT1G17050,AT4G13410,AT4G39940,AT5G04000,AT1G29630,AT1G68440,AT3G07130,AT2G22510,AT1G66880,AT1G23560,AT5G04950,AT4G08780,AT4G26850,AT1G58270,AT4G11290,AT1G80330,AT5G42800,AT4G26860,AT1G43940,AT3G02480,AT5G55090,AT1G54010,AT3G16530,AT4G21270,AT3G50900,AT3G16910,AT5G32610,AT1G47980,AT1G66470,AT5G45280,AT2G04039,AT4G39800,AT2G34650,AT3G46110,AT1G11720,AT4G08870	AT1G65860
3	AT5G12870	ATMYB46	5	0	PWM1440	PBM		7	0.00003703942371324994	0.01328233734357143	75	AT1G02820,AT5G42860,AT5G36710,AT1G03940,AT1G03780,AT1G62560,AT4G17470,AT5G17220,AT4G32870,AT5G59670,AT1G13650,AT5G08640,AT2G35170,AT1G72910,AT4G05280,AT5G59870,AT5G05270,AT4G17220,AT3G56980,AT4G14090,AT1G32740,AT5G42760,AT3G28345,AT3G32000,AT1G62540,AT1G23600,AT4G38950,AT3G19450,AT1G29700,AT1G21110,AT1G07450,AT1G69530,AT5G22300,AT2G04310,AT4G15430,AT5G25890,AT1G18590,AT1G52960,AT2G37040,AT4G38960,AT1G60590,AT2G26080,AT2G17880,AT5G61420,AT4G13410,AT1G64390,AT1G11580,AT5G38210,AT1G06540,AT1G68440,AT5G14640,AT3G57040,AT4G13985,AT3G46390,AT2G22510,AT1G66880,AT4G26850,AT4G11290,AT4G15440,AT5G42800,AT4G10820,AT3G22550,AT1G63100,AT1G70270,AT4G15340,AT1G34460,AT4G00050,AT1G65860,AT4G39320,AT1G19960,AT4G39180,AT3G52360,AT4G03330,AT5G46830,AT4G08870	
3	AT5G12870	ATMYB46	5	0	PWM2636	JASPAR	MA1040.1	18	0.000194767424801156	0.024944142333462337	72	AT1G29720,AT1G62560,AT4G10120,AT4G32870,AT5G08640,AT2G35170,AT4G05280,AT3G16150,AT5G62210,AT5G05270,AT3G20370,AT1G32740,AT1G78370,AT2G46650,AT1G17300,AT5G14760,AT3G13065,AT4G31940,AT5G13930,AT1G23600,AT4G04610,AT2G29330,AT4G38950,AT3G24170,AT2G21990,AT5G48540,AT3G19450,AT1G36270,AT5G24120,AT4G14690,AT3G26590,AT3G42350,AT5G25890,AT4G27560,AT3G22231,AT4G38960,AT5G02570,AT2G26080,AT2G45280,AT3G51720,AT5G61420,AT4G08010,AT3G57220,AT1G64390,AT1G72670,AT1G78570,AT1G29630,AT1G65870,AT1G68440,AT3G57040,AT3G52720,AT1G29860,AT1G23560,AT1G16410,AT4G08780,AT4G11290,AT4G15440,AT4G10820,AT2G40100,AT1G73270,AT4G27860,AT5G32610,AT4G15340,AT4G00050,AT1G66470,AT1G52820,AT5G45280,AT1G65860,AT3G09540,AT1G15530,AT5G19240,AT1G02220	
3	AT5G12870	ATMYB46	5	0	PWM1387	AthaMAP		32	0.0008842017649154274	0.04954293014041754	69	AT5G36710,AT1G15100,AT4G10120,AT5G04150,AT4G32870,AT1G78030,AT2G35170,AT4G05280,AT5G59870,AT4G17220,AT3G10150,AT5G05250,AT1G35663,AT1G32740,AT3G10912,AT2G46650,AT3G28345,AT5G13930,AT4G04610,AT4G38950,AT3G24170,AT2G21990,AT5G48540,AT3G19450,AT1G29700,AT5G11410,AT3G58990,AT4G14690,AT3G26590,AT5G44415,AT5G22300,AT2G04310,AT2G24160,AT3G42350,AT5G25890,AT4G27560,AT3G22231,AT4G38960,AT5G02570,AT2G26080,AT1G20720,AT2G45280,AT5G61420,AT4G13410,AT5G15800,AT3G53320,AT1G10640,AT1G29630,AT1G68440,AT1G29860,AT3G46390,AT1G66880,AT4G11700,AT4G11290,AT5G42800,AT4G10820,AT5G14860,AT1G70270,AT3G16530,AT1G65670,AT4G27860,AT4G15340,AT4G00050,AT5G45280,AT3G51920,AT3G28220,AT1G15530,AT1G51805,AT3G52360	
3	AT2G46270	GBF3	2	173	PWM951	CisBP	M0260_1.01	8	0.00003703942371324994	0.01328233734357143	75	AT1G01060,AT1G02820,AT3G53650,AT2G15020,AT1G62560,AT5G58310,AT1G13650,AT1G19640,AT1G74300,AT3G24460,AT3G16150,AT3G10150,AT5G05250,AT5G45700,AT2G03160,AT3G01060,AT4G31840,AT1G78370,AT1G65110,AT5G58150,AT2G18230,AT4G04610,AT3G45520,AT3G15310,AT1G31630,AT1G16760,AT5G24120,AT4G14690,AT4G00970,AT5G22300,AT2G24160,AT5G25890,AT5G63540,AT5G02570,AT5G18670,AT2G17880,AT5G15510,AT1G35030,AT1G17050,AT4G13410,AT1G22650,AT4G39940,AT1G65060,AT5G04000,AT1G29630,AT1G68440,AT3G07130,AT2G22510,AT1G66880,AT1G23560,AT1G58270,AT1G28590,AT1G80330,AT5G42800,AT1G78430,AT1G43940,AT3G02480,AT2G15310,AT5G55090,AT1G54010,AT3G16530,AT4G03060,AT4G21270,AT5G32610,AT1G27940,AT1G47980,AT1G66470,AT5G45280,AT4G39800,AT1G65860,AT3G46110,AT3G09540,AT1G11720,AT1G34842,AT4G08870	AT1G01060,AT1G02820,AT3G53650,AT2G27420,AT2G15020,AT5G42860,AT5G46230,AT1G21100,AT1G62560,AT1G15100,AT4G10120,AT1G06000,AT2G26760,AT5G17220,AT1G19940,AT4G32870,AT3G60420,AT5G41780,AT4G26950,AT1G13650,AT5G08640,AT5G10400,AT4G36470,AT1G10370,AT5G10390,AT1G78030,AT2G35170,AT3G16150,AT3G02120,AT5G35970,AT5G05270,AT3G46320,AT1G67330,AT2G32990,AT5G23730,AT1G47400,AT3G23120,AT4G14400,AT4G31870,AT3G20370,AT2G40230,AT5G62550,AT3G56980,AT3G10150,AT5G05250,AT5G66740,AT1G55960,AT5G49480,AT1G32740,AT2G03160,AT3G10912,AT3G01060,AT4G02800,AT4G18395,AT1G65110,AT3G02640,AT5G54720,AT3G28345,AT2G35960,AT5G45960,AT5G14760,AT4G31940,AT4G04610,AT4G15130,AT5G37550,AT3G15310,AT1G01410,AT1G31630,AT5G48540,AT3G19450,AT3G58990,AT4G14690,AT4G00970,AT1G69530,AT4G29700,AT5G22300,AT5G28610,AT5G25890,AT2G43570,AT5G63540,AT4G27560,AT2G37040,AT4G38960,AT1G60590,AT5G02570,AT2G47800,AT2G26080,AT5G18670,AT2G17880,AT1G78290,AT3G56290,AT1G66140,AT5G23420,AT2G45280,AT1G35030,AT3G51720,AT5G61420,AT1G17050,AT3G18170,AT2G38740,AT1G64390,AT1G11580,AT2G19650,AT3G53730,AT5G15800,AT5G10760,AT4G39940,AT1G65060,AT5G04000,AT1G06540,AT1G10640,AT1G29630,AT1G68440,AT5G14640,AT3G57040,AT2G18450,AT3G52720,AT2G22510,AT1G66880,AT2G37630,AT5G04950,AT4G08780,AT4G26850,AT1G58270,AT4G11290,AT3G01430,AT5G42800,AT4G10820,AT5G22460,AT3G22550,AT1G63100,AT2G40100,AT2G25060,AT3G02480,AT5G55090,AT1G70270,AT3G16530,AT4G24010,AT1G10400,AT1G18370,AT2G36880,AT3G50900,AT3G16910,AT5G22880,AT4G21903,AT4G15340,AT1G47980,AT4G00050,AT1G66470,AT5G45280,AT1G66040,AT4G03010,AT3G51920,AT4G39800,AT1G65860,AT1G65860,AT2G34650,AT3G10660,AT3G09540,AT1G19960,AT3G28220,AT1G15530,AT1G51805,AT1G07485,AT3G52740,AT2G40150,AT3G52360,AT5G19240,AT1G68760,AT4G03330,AT5G46830,AT1G02220,AT5G26200
3	AT5G11510	AtMYB3R4	0	0	PWM3250	DAP-seq	MYB3R4_col	9	0.00006545780254618705	0.01304064888503482	74	AT1G29720,AT3G12870,AT1G21100,AT5G36710,AT1G03780,AT1G62560,AT4G10120,AT2G26760,AT4G32870,AT3G60420,AT1G76960,AT1G13650,AT5G08640,AT3G17609,AT5G10400,AT5G10390,AT5G59870,AT3G02120,AT5G35970,AT5G05270,AT3G46320,AT3G23120,AT5G43180,AT3G56260,AT5G45700,AT5G42760,AT3G01060,AT4G31840,AT4G02800,AT5G11510,AT1G65110,AT3G02640,AT3G28345,AT5G45960,AT4G26660,AT2G42110,AT5G14760,AT4G15830,AT2G29330,AT5G24120,AT5G44415,AT3G42350,AT2G43570,AT3G22231,AT1G52960,AT2G37040,AT1G32850,AT2G45280,AT5G15510,AT3G51720,AT1G17050,AT3G53730,AT5G38210,AT2G43100,AT5G14640,AT2G18450,AT1G29860,AT5G65010,AT1G66460,AT4G26850,AT4G15440,AT4G10820,AT1G63100,AT2G25060,AT1G54010,AT1G18370,AT4G15340,AT4G03010,AT3G23430,AT1G11300,AT1G11720,AT3G16220,AT1G51805,AT4G39180	
3	AT2G04880	ATWRKY1	0	0	PWM1048	CisBP	M2252_1.01	11	0.00011383114747797031	0.01855447703890916	73	AT1G02820,AT5G42860,AT5G46230,AT1G15100,AT5G54130,AT5G58310,AT3G17609,AT1G75040,AT3G24460,AT2G35170,AT3G01550,AT3G49580,AT3G23120,AT3G56980,AT2G03160,AT5G42760,AT1G65110,AT5G54720,AT3G28345,AT2G35960,AT5G35510,AT2G18210,AT5G13930,AT5G22990,AT4G38950,AT3G04410,AT5G48540,AT5G13320,AT3G26590,AT5G44415,AT4G11320,AT5G28610,AT1G52960,AT1G20720,AT2G45280,AT1G35030,AT1G17050,AT1G64390,AT1G72670,AT5G15800,AT4G39940,AT1G29630,AT3G52720,AT2G03600,AT4G26850,AT1G58270,AT4G11290,AT2G45130,AT1G47360,AT4G26860,AT1G43940,AT1G54010,AT4G03060,AT4G21270,AT3G50900,AT4G21903,AT4G15340,AT1G26410,AT3G23430,AT3G51920,AT4G39320,AT3G46110,AT4G39590,AT1G70580,AT1G15530,AT3G16220,AT4G03740,AT1G07485,AT2G40150,AT3G52360,AT5G19240,AT5G46830,AT5G26200	
3	AT2G04880	ATWRKY1	0	0	PWM2188	JASPAR	MA0589.1	28	0.0005428841992757827	0.0347639774750528	70	AT1G02820,AT5G42860,AT5G46230,AT1G15100,AT5G54130,AT5G58310,AT3G17609,AT1G75040,AT3G24460,AT2G35170,AT3G49580,AT3G23120,AT3G56980,AT2G03160,AT5G42760,AT1G65110,AT5G54720,AT3G28345,AT2G35960,AT5G35510,AT2G18210,AT5G13930,AT5G22990,AT3G04410,AT5G48540,AT5G13320,AT3G26590,AT5G44415,AT5G28610,AT1G52960,AT3G24270,AT1G20720,AT2G45280,AT1G35030,AT1G17050,AT1G64390,AT1G72670,AT5G15800,AT4G39940,AT3G52720,AT2G03600,AT4G26850,AT1G58270,AT4G11290,AT2G45130,AT1G47360,AT4G26860,AT1G43940,AT1G54010,AT4G03060,AT4G21270,AT4G21903,AT4G15340,AT1G47980,AT1G26410,AT3G23430,AT3G51920,AT4G39320,AT3G46110,AT4G39590,AT1G70580,AT1G15530,AT3G16220,AT4G03740,AT1G07485,AT2G40150,AT3G52360,AT5G19240,AT5G46830,AT5G26200	
3	AT4G31800	ATWRKY18	14	na	PWM1580	PBM		12	0.00011383114747797031	0.01855447703890916	73	AT1G02820,AT4G22870,AT1G15100,AT4G10120,AT5G04150,AT5G54130,AT3G60420,AT3G24460,AT5G35970,AT1G47400,AT3G23120,AT5G62550,AT5G42760,AT3G01060,AT4G31840,AT1G65110,AT5G54720,AT3G28345,AT2G35960,AT1G17300,AT5G35510,AT5G14760,AT3G13065,AT2G29330,AT3G04410,AT5G48540,AT5G24120,AT1G07450,AT5G44415,AT2G10370,AT5G28610,AT2G24160,AT2G47800,AT5G65530,AT1G66140,AT1G20720,AT2G45280,AT1G35030,AT1G17050,AT3G18170,AT3G22240,AT5G15800,AT4G39940,AT5G38210,AT1G29630,AT3G57040,AT2G18450,AT3G52720,AT1G29860,AT2G22510,AT2G37630,AT2G03600,AT1G66460,AT1G58270,AT4G11290,AT1G78430,AT1G43940,AT2G15310,AT1G54010,AT2G06610,AT3G16530,AT4G21270,AT2G29940,AT1G34460,AT1G65390,AT1G56670,AT3G51920,AT2G34650,AT4G39320,AT3G46110,AT4G39590,AT1G07485,AT5G46830	na
3	AT5G59990	AT5G59990	7	na	PWM2962	DAP-seq	AT5G59990_col	13	0.00011383114747797031	0.01855447703890916	73	AT3G53650,AT2G15020,AT3G09600,AT1G03780,AT1G62560,AT2G26760,AT1G19940,AT3G60420,AT1G76960,AT5G08640,AT5G10400,AT5G10390,AT1G72910,AT4G05280,AT3G16150,AT5G35970,AT3G46320,AT2G32290,AT5G62550,AT5G11510,AT3G28345,AT2G35960,AT2G18230,AT4G38950,AT1G07060,AT1G66440,AT5G48540,AT1G36270,AT4G14690,AT1G07450,AT3G26590,AT4G11320,AT1G69530,AT5G22300,AT2G04310,AT2G24160,AT3G44050,AT3G22231,AT1G52960,AT4G38960,AT1G60590,AT5G23420,AT5G15510,AT5G54060,AT5G61420,AT5G65360,AT3G22240,AT4G08010,AT1G64390,AT2G19650,AT3G53730,AT3G53320,AT4G39940,AT1G10640,AT1G29630,AT2G18450,AT5G65010,AT1G63100,AT3G62280,AT1G70270,AT1G54010,AT4G27860,AT5G22880,AT4G21903,AT1G56670,AT2G34650,AT3G10660,AT3G46110,AT1G19960,AT1G70580,AT1G07485,AT5G46830,AT1G02220	na
3	AT1G09530	PAP3	9	6	PWM1019	CisBP	M2223_1.01	14	0.000194767424801156	0.024944142333462337	72	AT1G02820,AT1G62560,AT5G54130,AT2G26760,AT1G19940,AT4G32870,AT5G58310,AT4G26950,AT1G19640,AT2G35170,AT3G16150,AT5G05270,AT2G32990,AT3G56980,AT5G05250,AT5G45700,AT5G65870,AT5G42760,AT3G01060,AT1G65110,AT3G28345,AT5G58150,AT1G17300,AT4G38950,AT3G15310,AT3G58990,AT5G44415,AT4G00970,AT5G22300,AT4G00160,AT2G04310,AT2G24160,AT1G52960,AT4G38960,AT5G02570,AT2G47800,AT5G15510,AT5G54060,AT1G17050,AT4G13410,AT1G78570,AT1G10640,AT1G29630,AT1G68440,AT3G52720,AT4G13985,AT1G29860,AT5G04950,AT4G20990,AT4G11290,AT5G42800,AT1G47360,AT3G02480,AT2G15310,AT5G55090,AT1G70270,AT4G24010,AT4G21270,AT3G50900,AT5G32610,AT4G17090,AT1G34460,AT1G47980,AT5G45280,AT2G04039,AT4G39800,AT2G34650,AT4G39320,AT1G11720,AT3G28220,AT1G07485,AT1G34842	AT1G15100,AT5G48540,AT4G10820,AT3G50900,AT4G03010,AT3G51920
3	AT1G09530	PAP3	9	6	PWM2160	JASPAR	MA0560.1	17	0.000194767424801156	0.024944142333462337	72	AT1G02820,AT1G62560,AT5G54130,AT2G26760,AT1G19940,AT4G32870,AT5G58310,AT4G26950,AT1G19640,AT2G35170,AT3G16150,AT5G05270,AT2G32990,AT3G56980,AT5G05250,AT5G45700,AT5G65870,AT5G42760,AT3G01060,AT1G65110,AT3G28345,AT5G58150,AT1G17300,AT4G38950,AT1G07060,AT3G15310,AT3G58990,AT5G44415,AT4G00970,AT5G22300,AT4G00160,AT2G04310,AT2G24160,AT4G38960,AT5G02570,AT2G47800,AT5G15510,AT5G54060,AT1G17050,AT4G13410,AT1G78570,AT4G39940,AT1G10640,AT1G29630,AT1G68440,AT3G52720,AT4G13985,AT1G29860,AT5G04950,AT4G20990,AT4G11290,AT5G42800,AT1G47360,AT3G02480,AT2G15310,AT5G55090,AT1G70270,AT4G24010,AT4G21270,AT3G50900,AT5G32610,AT4G17090,AT1G34460,AT1G47980,AT5G45280,AT2G04039,AT4G39800,AT2G34650,AT4G39320,AT1G11720,AT1G07485,AT1G34842	AT1G15100,AT5G48540,AT4G10820,AT3G50900,AT4G03010,AT3G51920
3	AT5G49330	ATMYB111	9	na	PWM1446	PBM		15	0.000194767424801156	0.024944142333462337	72	AT1G29720,AT5G36710,AT1G62560,AT5G04150,AT5G58120,AT1G19940,AT4G32870,AT3G60420,AT5G59670,AT5G08640,AT3G24460,AT2G35170,AT5G62210,AT5G35970,AT5G05270,AT3G20370,AT1G35663,AT1G32740,AT1G78370,AT2G46650,AT1G65110,AT4G31940,AT5G13930,AT1G23600,AT4G04610,AT4G38950,AT3G24170,AT2G21990,AT3G19450,AT1G36270,AT5G24120,AT5G44415,AT1G34100,AT2G10370,AT5G25890,AT1G18590,AT4G27560,AT4G38960,AT5G02570,AT2G26080,AT2G45280,AT5G61420,AT4G13410,AT4G39940,AT1G65060,AT1G10640,AT1G68440,AT1G16410,AT4G08780,AT1G58270,AT4G11290,AT5G42800,AT4G10820,AT4G16090,AT2G15310,AT1G70270,AT3G13220,AT3G50900,AT4G15340,AT1G34460,AT5G45280,AT3G51920,AT1G65860,AT4G39320,AT1G11720,AT1G15530,AT3G16220,AT1G51805,AT4G39180,AT2G33530,AT3G52360,AT4G08870	na
3	AT5G49330	ATMYB111	9	na	PWM1553	PBM		22	0.0003278539300956363	0.027992480793403614	71	AT1G29720,AT5G36710,AT1G62560,AT4G10120,AT4G32870,AT3G60420,AT4G26950,AT5G08640,AT3G24460,AT2G35170,AT4G05280,AT5G62210,AT5G05270,AT3G20370,AT5G43180,AT1G32740,AT5G42760,AT1G78370,AT2G46650,AT5G45960,AT5G14760,AT4G31940,AT5G13930,AT1G23600,AT4G04610,AT2G29330,AT4G38950,AT3G24170,AT2G21990,AT5G48540,AT3G19450,AT1G36270,AT5G44415,AT1G34100,AT4G11320,AT4G29700,AT3G42350,AT5G25890,AT4G27560,AT3G22231,AT4G38960,AT5G02570,AT2G26080,AT5G61420,AT4G08010,AT3G57220,AT1G72670,AT1G78570,AT4G39940,AT1G65060,AT1G10640,AT1G68440,AT3G57040,AT1G29860,AT1G16410,AT4G08780,AT4G11290,AT4G10820,AT1G63100,AT1G73270,AT4G15340,AT1G47980,AT1G52820,AT5G45280,AT4G03010,AT3G51920,AT1G65860,AT3G09540,AT3G16220,AT4G39180,AT4G08870	na
3	AT5G49330	ATMYB111	9	na	PWM2632	JASPAR	MA1036.1	53	0.001416343491295222	0.04979419372337908	68	AT1G29720,AT5G36710,AT3G09600,AT1G62560,AT4G10120,AT4G32870,AT3G60420,AT5G08640,AT3G17609,AT2G35170,AT3G16150,AT5G62210,AT5G05270,AT3G20370,AT1G32740,AT1G78370,AT2G46650,AT2G18210,AT5G14760,AT4G31940,AT5G13930,AT1G23600,AT4G04610,AT2G29330,AT4G38950,AT3G24170,AT2G21990,AT5G48540,AT3G19450,AT1G36270,AT5G24120,AT4G14690,AT5G44415,AT1G69530,AT5G22300,AT3G42350,AT5G25890,AT4G27560,AT3G22231,AT4G38960,AT5G02570,AT2G26080,AT2G45280,AT1G72670,AT1G78570,AT4G39940,AT1G29630,AT1G68440,AT3G57040,AT1G29860,AT1G16410,AT1G66460,AT4G08780,AT4G11290,AT5G42800,AT4G10820,AT2G40100,AT1G47360,AT1G73270,AT4G15340,AT1G52820,AT5G45280,AT3G51920,AT1G65860,AT3G09540,AT1G15530,AT5G19240,AT1G02220	na
3	AT1G63480	AHL12	0	na	PWM1607	PBM		16	0.000194767424801156	0.024944142333462337	72	AT1G01060,AT1G62560,AT5G54130,AT2G26760,AT1G19940,AT5G41780,AT1G13650,AT5G10400,AT5G10390,AT4G05280,AT5G59870,AT2G32990,AT1G47400,AT3G23120,AT2G32290,AT5G05250,AT5G66740,AT5G11510,AT5G14760,AT5G22990,AT1G66440,AT5G48540,AT1G36270,AT1G21110,AT3G58990,AT5G44415,AT2G10370,AT1G69530,AT5G02570,AT2G26080,AT1G66140,AT5G23420,AT5G54060,AT5G61420,AT4G08010,AT1G64390,AT1G11580,AT3G53320,AT1G65060,AT5G04000,AT3G29265,AT3G52720,AT1G29860,AT3G46390,AT3G07130,AT1G66880,AT4G11700,AT1G58270,AT4G11290,AT3G01430,AT4G15440,AT1G47210,AT3G02480,AT5G55090,AT3G03770,AT3G16530,AT4G27860,AT3G16910,AT4G17090,AT4G15340,AT1G47980,AT5G45280,AT3G23430,AT5G28270,AT2G34650,AT3G28220,AT4G39180,AT1G07485,AT3G52360,AT3G45480,AT1G02220,AT4G08870	na
3	AT4G17785	MYB39	17	na	PWM3246	DAP-seq	MYB39_col	19	0.000194767424801156	0.024944142333462337	72	AT1G01060,AT4G22870,AT1G62560,AT5G58120,AT4G32870,AT3G60420,AT4G26950,AT1G72910,AT5G62210,AT3G23120,AT4G17220,AT3G56980,AT5G65870,AT1G32740,AT5G42760,AT3G10912,AT1G78370,AT2G46650,AT3G02640,AT2G16890,AT5G14760,AT3G13065,AT4G31940,AT5G13930,AT4G04610,AT4G38950,AT3G19450,AT1G36270,AT1G07450,AT5G44415,AT1G34100,AT4G29700,AT5G22300,AT2G04310,AT2G24160,AT3G42350,AT3G44050,AT4G27560,AT4G38960,AT5G02570,AT1G78290,AT1G20720,AT2G45280,AT3G22240,AT1G64390,AT3G29265,AT1G29630,AT1G68440,AT3G52720,AT4G13985,AT2G22510,AT1G66880,AT1G16410,AT4G08780,AT2G14810,AT5G42800,AT5G14860,AT1G47360,AT1G54010,AT3G13220,AT3G50900,AT4G15340,AT1G34460,AT1G47980,AT4G03010,AT4G39800,AT3G46110,AT1G19960,AT1G70580,AT3G16220,AT2G40150,AT3G52360	na
3	AT4G32730	ATMYB3R1	0	na	PWM3248	DAP-seq	MYB3R1_col	20	0.000194767424801156	0.024944142333462337	72	AT1G29720,AT3G12870,AT1G21100,AT5G36710,AT1G03780,AT1G62560,AT4G10120,AT2G26760,AT3G60420,AT1G13650,AT5G08640,AT3G17609,AT5G10400,AT5G10390,AT5G59870,AT3G02120,AT5G35970,AT3G46320,AT4G01080,AT3G23120,AT5G43180,AT3G56260,AT5G45700,AT3G01060,AT4G31840,AT4G02800,AT5G11510,AT3G02640,AT3G28345,AT5G45960,AT4G26660,AT2G42110,AT5G14760,AT4G15830,AT2G29330,AT5G13320,AT5G24120,AT1G69530,AT3G42350,AT2G43570,AT3G22231,AT2G37040,AT1G32850,AT2G45280,AT5G15510,AT3G51720,AT1G17050,AT3G53730,AT5G38210,AT2G43100,AT5G14640,AT2G18450,AT1G66880,AT5G65010,AT1G66460,AT4G26850,AT4G15440,AT4G10820,AT5G14860,AT1G63100,AT2G25060,AT1G54010,AT1G18370,AT4G15340,AT4G03010,AT3G23430,AT4G39800,AT1G11300,AT1G11720,AT3G16220,AT1G51805,AT4G39180	na
3	AT4G36730	AtGBF1	1	1	PWM1292	CisBP	M0264_1.01	21	0.0003278539300956363	0.027992480793403614	71	AT1G02820,AT3G53650,AT2G15020,AT1G62560,AT5G54130,AT1G19940,AT4G32870,AT5G58310,AT1G13650,AT1G19640,AT1G74300,AT3G24460,AT3G16150,AT3G23120,AT3G10150,AT5G05250,AT5G45700,AT2G03160,AT3G01060,AT4G31840,AT1G78370,AT1G65110,AT5G58150,AT2G18230,AT4G04610,AT1G31630,AT1G29700,AT1G16760,AT5G24120,AT3G58990,AT4G14690,AT4G00970,AT5G22300,AT2G24160,AT5G25890,AT5G63540,AT4G27560,AT5G02570,AT5G18670,AT2G17880,AT5G15510,AT1G35030,AT1G17050,AT4G13410,AT4G08010,AT4G39940,AT5G04000,AT1G29630,AT1G68440,AT3G07130,AT1G66880,AT1G28590,AT5G42800,AT3G02480,AT2G15310,AT5G55090,AT1G54010,AT3G16530,AT4G03060,AT4G21270,AT5G32610,AT1G47980,AT1G66470,AT5G45280,AT2G04039,AT4G03010,AT4G39800,AT2G34650,AT1G11720,AT3G52740,AT1G34842	AT1G16410
3	AT1G75390	AtbZIP44	5	0	PWM2917	DAP-seq	BZIP44_col	24	0.0003278539300956363	0.027992480793403614	71	AT1G01060,AT3G53650,AT2G15020,AT5G36710,AT1G19940,AT4G32870,AT1G13650,AT5G10400,AT1G74300,AT5G10390,AT3G16150,AT5G35970,AT3G23120,AT3G56260,AT5G05250,AT5G45700,AT5G58150,AT3G32000,AT4G26660,AT2G16890,AT5G13930,AT4G04610,AT3G24170,AT3G45520,AT3G19450,AT1G36270,AT1G21110,AT5G24120,AT4G14690,AT5G22300,AT2G24160,AT2G43570,AT3G01410,AT2G37040,AT5G02570,AT5G18670,AT2G17880,AT1G66140,AT5G23420,AT5G15510,AT1G35030,AT3G51720,AT4G13410,AT5G65360,AT1G22650,AT1G64390,AT1G11580,AT5G04000,AT1G29630,AT1G68440,AT5G14640,AT3G57040,AT4G08780,AT4G15440,AT3G22550,AT1G62180,AT1G18370,AT3G50900,AT3G16910,AT5G22880,AT4G15340,AT4G00050,AT1G66470,AT5G45280,AT1G26410,AT4G03010,AT3G23430,AT4G39800,AT1G65860,AT3G10660,AT3G09540	
3	AT5G58850	ATMYB119	10	na	PWM3233	DAP-seq	MYB119_col	25	0.0003278539300956363	0.027992480793403614	71	AT3G53650,AT5G42860,AT1G29720,AT3G12870,AT1G21100,AT5G36710,AT1G06000,AT5G54130,AT1G26840,AT1G19940,AT4G32870,AT1G10370,AT5G05250,AT5G45700,AT5G42760,AT4G31840,AT4G02800,AT4G10260,AT3G02640,AT3G20150,AT4G26660,AT1G62540,AT2G18230,AT2G18210,AT1G16760,AT1G21110,AT1G69530,AT4G15430,AT2G43570,AT1G52960,AT1G60590,AT2G47800,AT2G26080,AT1G32850,AT2G17880,AT4G13900,AT5G15510,AT1G35030,AT4G13410,AT1G22650,AT1G11580,AT1G65060,AT5G04000,AT1G29630,AT3G07130,AT1G35183,AT1G66880,AT4G26850,AT2G14810,AT4G15440,AT4G23290,AT3G22550,AT2G40100,AT2G25060,AT4G26860,AT2G06610,AT3G13220,AT1G65670,AT5G32610,AT4G15340,AT1G34460,AT2G24980,AT4G03010,AT4G39800,AT2G34650,AT4G39320,AT1G15530,AT1G51805,AT4G39180,AT5G19240,AT5G46830	na
3	AT5G10280	ATMYB64	18	0	PWM3290	DAP-seq	MYB92_col	26	0.0003278539300956363	0.027992480793403614	71	AT1G29720,AT1G62560,AT4G10120,AT2G26760,AT4G32870,AT4G26950,AT3G24460,AT3G16150,AT5G62210,AT5G05270,AT4G17220,AT3G10150,AT1G32740,AT5G42760,AT1G78370,AT2G46650,AT1G62540,AT2G18210,AT4G31940,AT1G58430,AT5G13930,AT1G23600,AT4G04610,AT2G29330,AT4G38950,AT3G24170,AT5G48540,AT3G19450,AT1G36270,AT3G26590,AT4G29700,AT3G42350,AT5G25890,AT4G27560,AT3G22231,AT1G52960,AT2G37040,AT4G38960,AT5G02570,AT2G26080,AT3G51720,AT3G22240,AT1G72670,AT1G78570,AT4G39940,AT1G29630,AT1G65870,AT1G68440,AT3G57040,AT3G52720,AT2G22510,AT1G23560,AT1G16410,AT4G08780,AT1G28590,AT4G15440,AT4G10820,AT5G14860,AT1G63100,AT2G25060,AT5G55090,AT4G27860,AT5G32610,AT4G15340,AT1G47980,AT1G52820,AT5G45280,AT1G65860,AT3G09540,AT3G16220,AT1G02220	
3	AT5G57150	AT5G57150	4	na	PWM898	CisBP	M0149_1.01	27	0.0003278539300956363	0.027992480793403614	71	AT1G02820,AT4G22870,AT3G09600,AT1G62560,AT1G15100,AT5G04150,AT5G54130,AT5G58310,AT4G26950,AT1G19640,AT1G75040,AT1G10370,AT1G78030,AT4G05280,AT3G16150,AT5G05270,AT2G32990,AT5G05250,AT5G45700,AT5G65870,AT3G01060,AT4G31840,AT1G65110,AT3G28345,AT5G58150,AT1G62540,AT5G13930,AT2G29330,AT3G15310,AT3G58990,AT3G26590,AT4G00970,AT1G69530,AT2G04310,AT2G24160,AT4G27560,AT1G60590,AT5G02570,AT2G47800,AT2G45280,AT5G54060,AT1G17050,AT4G13410,AT4G08010,AT2G38740,AT1G78570,AT5G15800,AT1G06540,AT1G10640,AT1G29630,AT1G65870,AT1G68440,AT1G66880,AT5G42800,AT1G47360,AT3G02480,AT5G55090,AT4G24010,AT4G21270,AT5G32610,AT5G22880,AT3G31980,AT1G47980,AT5G45280,AT4G39800,AT2G34650,AT1G11720,AT3G28220,AT1G07485,AT1G34842,AT1G02220	na
3	AT3G02940	AtMYB107	6	0	PWM3224	DAP-seq	MYB107_col	29	0.0005428841992757827	0.0347639774750528	70	AT3G12870,AT4G10120,AT5G04150,AT4G32870,AT5G58310,AT3G24460,AT5G62210,AT5G35970,AT5G05270,AT3G23120,AT3G20370,AT3G56980,AT5G65870,AT1G32740,AT5G42760,AT4G02800,AT1G78370,AT2G46650,AT3G02640,AT4G31940,AT1G23600,AT4G04610,AT4G38950,AT3G45520,AT1G01410,AT3G19450,AT1G29700,AT1G36270,AT1G07450,AT5G44415,AT1G34100,AT2G10370,AT2G04310,AT2G24160,AT3G42350,AT4G27560,AT4G38960,AT5G02570,AT2G26080,AT2G45280,AT5G61420,AT4G13410,AT5G10760,AT5G38210,AT1G10640,AT1G29630,AT1G65870,AT1G68440,AT3G46390,AT2G22510,AT1G66880,AT1G16410,AT1G66460,AT2G14810,AT4G15440,AT5G42800,AT2G25060,AT3G13220,AT5G32610,AT4G21903,AT4G15340,AT1G34460,AT5G45280,AT4G03010,AT1G65860,AT4G39320,AT1G70580,AT4G03740,AT3G52360,AT4G08870	
3	AT3G04060	anac046	1	0	PWM3365	DAP-seq	ANAC046_col	30	0.0005428841992757827	0.0347639774750528	70	AT1G21100,AT5G58120,AT4G17470,AT5G54130,AT2G26760,AT5G17220,AT1G19940,AT3G60420,AT5G41780,AT5G59670,AT1G13650,AT1G75040,AT3G24460,AT3G01550,AT4G01080,AT2G32290,AT3G56980,AT5G49480,AT1G78370,AT1G65110,AT5G45960,AT1G58430,AT4G04610,AT1G61860,AT4G38950,AT3G45520,AT2G21990,AT1G31630,AT3G19450,AT1G16760,AT1G36270,AT1G21110,AT5G11410,AT1G07450,AT4G00160,AT4G15430,AT2G24160,AT4G27560,AT1G60590,AT1G32850,AT3G24270,AT1G78290,AT5G46050,AT4G13900,AT4G13410,AT3G18170,AT4G08010,AT2G19650,AT4G39940,AT5G04000,AT5G14640,AT3G07130,AT1G66880,AT2G03600,AT1G28590,AT1G47210,AT1G78430,AT2G29940,AT3G13220,AT3G50900,AT3G16910,AT1G56670,AT3G23430,AT4G39800,AT3G10660,AT3G09540,AT3G28220,AT5G27230,AT4G39180,AT3G52360	
3	AT3G04060	anac046	1	0	PWM865	CisBP	M1309_1.01	46	0.0008842017649154274	0.04954293014041754	69	AT5G42860,AT1G03780,AT2G26760,AT5G17220,AT3G60420,AT5G59670,AT3G24460,AT1G10370,AT2G32990,AT3G20370,AT2G32290,AT5G05250,AT5G45700,AT5G49480,AT1G35663,AT3G20150,AT2G25230,AT2G16890,AT4G31940,AT2G29330,AT4G38950,AT2G21990,AT1G31630,AT3G19450,AT3G26590,AT4G00970,AT5G22300,AT4G00160,AT5G25890,AT2G37040,AT4G38960,AT5G02570,AT2G17880,AT5G65530,AT5G46050,AT4G13900,AT1G35030,AT1G64390,AT1G11580,AT3G53320,AT1G65060,AT1G10640,AT3G29265,AT1G68440,AT5G14640,AT3G52720,AT1G66880,AT1G16410,AT1G58270,AT2G14810,AT5G34800,AT5G14860,AT3G22550,AT2G06610,AT3G16530,AT4G03060,AT1G10400,AT1G65670,AT5G32610,AT4G15340,AT1G47980,AT1G66040,AT2G24980,AT4G03010,AT3G23430,AT2G34650,AT1G70580,AT3G16220,AT3G45480	
3	AT1G01260	JAM2	0	0	PWM897	CisBP	M0149_1.01	31	0.0005428841992757827	0.0347639774750528	70	AT1G02820,AT4G22870,AT3G09600,AT1G62560,AT1G15100,AT5G04150,AT5G54130,AT5G58310,AT4G26950,AT1G19640,AT1G75040,AT1G10370,AT1G78030,AT4G05280,AT3G16150,AT5G05270,AT2G32990,AT5G05250,AT5G45700,AT5G65870,AT3G01060,AT4G31840,AT1G65110,AT3G28345,AT5G58150,AT1G62540,AT5G13930,AT2G29330,AT3G15310,AT3G58990,AT3G26590,AT4G00970,AT1G69530,AT2G04310,AT2G24160,AT1G60590,AT5G02570,AT2G47800,AT2G45280,AT5G54060,AT1G17050,AT4G13410,AT4G08010,AT2G38740,AT1G78570,AT5G15800,AT1G06540,AT1G10640,AT1G29630,AT1G65870,AT1G68440,AT1G66880,AT5G42800,AT1G47360,AT3G02480,AT5G55090,AT4G24010,AT4G21270,AT5G32610,AT5G22880,AT3G31980,AT1G47980,AT5G45280,AT4G39800,AT2G34650,AT1G11720,AT3G28220,AT1G07485,AT1G34842,AT1G02220	
3	AT1G42990	ATBZIP60	17	0	PWM1447	PBM		33	0.0008842017649154274	0.04954293014041754	69	AT3G53650,AT2G15020,AT5G36710,AT1G19940,AT4G32870,AT1G13650,AT5G08640,AT1G19640,AT5G10400,AT1G74300,AT4G36470,AT3G16150,AT3G49580,AT2G32990,AT3G23120,AT3G56260,AT5G05250,AT5G45700,AT1G35663,AT2G03160,AT3G01060,AT1G65110,AT3G28345,AT5G58150,AT3G32000,AT2G18230,AT5G14760,AT3G19450,AT1G16760,AT4G14690,AT4G00970,AT1G69530,AT5G22300,AT2G24160,AT2G37040,AT5G02570,AT5G18670,AT2G17880,AT3G56290,AT5G46050,AT4G13900,AT5G15510,AT1G35030,AT3G51720,AT4G13410,AT1G11580,AT1G65060,AT5G04000,AT1G29630,AT1G68440,AT5G14640,AT1G16410,AT1G58270,AT2G40100,AT1G62180,AT3G50900,AT5G22880,AT4G21903,AT4G15340,AT5G45280,AT2G04039,AT4G03010,AT3G23430,AT4G39800,AT1G65860,AT3G09540,AT1G11720,AT1G15530,AT5G26200	
3	AT1G22640	ATMYB3	10	33	PWM2634	JASPAR	MA1038.1	34	0.0008842017649154274	0.04954293014041754	69	AT1G29720,AT3G09600,AT1G62560,AT4G10120,AT4G32870,AT5G08640,AT1G10370,AT2G35170,AT4G05280,AT5G62210,AT5G05270,AT3G20370,AT2G32290,AT1G32740,AT1G78370,AT2G46650,AT5G14760,AT4G31940,AT5G13930,AT1G23600,AT4G04610,AT2G29330,AT4G38950,AT3G24170,AT3G19450,AT1G36270,AT5G24120,AT3G26590,AT5G44415,AT2G10370,AT1G69530,AT4G29700,AT3G42350,AT5G25890,AT4G27560,AT3G22231,AT4G38960,AT5G02570,AT2G26080,AT3G51720,AT3G22240,AT1G72670,AT1G78570,AT4G39940,AT1G65060,AT2G43100,AT3G29265,AT1G65870,AT1G68440,AT3G57040,AT1G29860,AT1G16410,AT4G08780,AT4G11290,AT4G10820,AT1G63100,AT2G40100,AT1G43940,AT1G73270,AT4G15340,AT1G52820,AT5G45280,AT3G23430,AT3G51920,AT1G65860,AT3G09540,AT1G15530,AT1G51805,AT1G02220	AT1G03780,AT1G06000,AT5G41780,AT3G17609,AT1G78030,AT5G05270,AT4G01080,AT2G40230,AT1G32740,AT3G10912,AT5G37550,AT4G29700,AT2G45280,AT1G22650,AT1G64390,AT2G19650,AT1G65060,AT1G29630,AT1G68440,AT5G14640,AT3G57040,AT2G22510,AT1G66880,AT4G10820,AT2G40100,AT3G62280,AT5G55090,AT3G51920,AT4G39800,AT4G39320,AT3G46110,AT4G03330,AT1G02220
3	AT1G22640	ATMYB3	10	33	PWM1105	CisBP	M1221_1.01	51	0.001416343491295222	0.04979419372337908	68	AT1G29720,AT3G09600,AT1G62560,AT4G10120,AT4G32870,AT5G08640,AT2G35170,AT4G05280,AT5G62210,AT5G05270,AT3G20370,AT2G32290,AT1G32740,AT1G78370,AT2G46650,AT5G14760,AT4G31940,AT5G13930,AT1G23600,AT4G04610,AT2G29330,AT4G38950,AT3G24170,AT3G19450,AT1G36270,AT5G24120,AT3G26590,AT5G44415,AT2G10370,AT1G69530,AT4G29700,AT3G42350,AT5G25890,AT4G27560,AT3G22231,AT4G38960,AT5G02570,AT2G26080,AT3G51720,AT3G22240,AT1G72670,AT1G78570,AT4G39940,AT1G65060,AT2G43100,AT3G29265,AT1G65870,AT1G68440,AT3G57040,AT1G29860,AT1G16410,AT4G08780,AT4G11290,AT4G10820,AT1G63100,AT2G40100,AT1G43940,AT1G73270,AT4G15340,AT1G52820,AT5G45280,AT3G23430,AT3G51920,AT1G65860,AT3G09540,AT1G15530,AT1G51805,AT1G02220	AT1G03780,AT1G06000,AT5G41780,AT3G17609,AT1G78030,AT5G05270,AT4G01080,AT2G40230,AT1G32740,AT3G10912,AT5G37550,AT4G29700,AT2G45280,AT1G22650,AT1G64390,AT2G19650,AT1G65060,AT1G29630,AT1G68440,AT5G14640,AT3G57040,AT2G22510,AT1G66880,AT4G10820,AT2G40100,AT3G62280,AT5G55090,AT3G51920,AT4G39800,AT4G39320,AT3G46110,AT4G03330,AT1G02220
3	AT1G64625	AT1G64625	2	na	PWM2883	DAP-seq	BHLH157_col	35	0.0008842017649154274	0.04954293014041754	69	AT3G53650,AT1G29720,AT1G03780,AT5G17220,AT1G13650,AT5G08640,AT1G19640,AT1G75040,AT1G74300,AT4G05280,AT1G17600,AT5G35970,AT5G05270,AT2G32990,AT5G45700,AT5G49480,AT1G35663,AT5G42760,AT3G28345,AT1G62540,AT2G18210,AT5G14760,AT1G58430,AT3G19450,AT1G29700,AT5G13320,AT4G14690,AT5G22300,AT5G28610,AT4G15430,AT2G24160,AT3G42350,AT1G52960,AT2G47800,AT2G26080,AT1G32850,AT4G13900,AT5G15510,AT1G65060,AT1G10640,AT1G68440,AT1G29860,AT2G03600,AT1G16410,AT1G58270,AT4G11290,AT5G34800,AT5G22460,AT5G14860,AT3G22550,AT1G47360,AT1G43940,AT1G54010,AT1G10400,AT1G73270,AT3G50900,AT3G16910,AT1G27940,AT4G00050,AT1G52820,AT5G45280,AT4G39800,AT1G11300,AT3G16220,AT2G33530,AT5G46830,AT1G02220,AT5G26200,AT4G08870	na
3	AT2G04038	AtbZIP48	7	na	PWM2919	DAP-seq	BZIP48_col	36	0.0008842017649154274	0.04954293014041754	69	AT1G01060,AT3G53650,AT2G15020,AT5G36710,AT1G13650,AT5G08640,AT5G10400,AT1G74300,AT5G10390,AT3G16150,AT1G17600,AT2G32990,AT3G23120,AT3G56260,AT3G10150,AT5G05250,AT5G45700,AT5G42760,AT1G65110,AT5G58150,AT3G32000,AT4G26660,AT2G16890,AT5G13930,AT4G04610,AT3G24170,AT3G45520,AT3G19450,AT5G24120,AT4G14690,AT1G07450,AT5G22300,AT2G24160,AT2G43570,AT2G37040,AT5G02570,AT5G18670,AT2G17880,AT5G46050,AT1G66140,AT5G23420,AT5G15510,AT1G35030,AT3G51720,AT4G13410,AT5G65360,AT1G22650,AT1G64390,AT5G04000,AT1G29630,AT5G14640,AT3G57040,AT4G08780,AT1G47360,AT3G16530,AT1G62180,AT3G13220,AT1G18370,AT3G50900,AT5G22880,AT4G00050,AT1G66470,AT5G45280,AT1G26410,AT4G03010,AT4G39800,AT1G65860,AT3G10660,AT3G09540	na
3	AT4G27900	AT4G27900	4	na	PWM2961	DAP-seq	AT4G27900_col	37	0.0008842017649154274	0.04954293014041754	69	AT3G53650,AT2G15020,AT1G62560,AT2G26760,AT1G19940,AT5G58310,AT4G26950,AT1G76960,AT5G08640,AT3G17609,AT5G10400,AT5G10390,AT1G72910,AT4G05280,AT5G59870,AT3G16150,AT3G46320,AT5G23730,AT4G01080,AT1G09200,AT3G56260,AT5G62550,AT5G05250,AT5G11510,AT3G28345,AT2G18230,AT5G14760,AT1G07060,AT5G48540,AT5G24120,AT4G14690,AT1G07450,AT3G26590,AT1G69530,AT5G22300,AT3G44050,AT1G52960,AT2G37040,AT5G23420,AT5G15510,AT5G54060,AT5G61420,AT5G65360,AT4G08010,AT1G64390,AT3G53730,AT3G53320,AT4G39940,AT1G10640,AT1G29630,AT2G18450,AT1G29860,AT5G65010,AT5G42800,AT1G63100,AT3G62280,AT2G25060,AT1G72920,AT4G27860,AT5G32610,AT5G22880,AT1G56670,AT5G28270,AT2G34650,AT3G10660,AT3G46110,AT1G11720,AT1G70580,AT1G02220	na
3	AT1G74650	ATMYB31	5	na	PWM3214	DAP-seq	ATY13_col	38	0.0008842017649154274	0.04954293014041754	69	AT5G42860,AT1G29720,AT1G21100,AT5G36710,AT1G15100,AT5G17220,AT1G19940,AT4G32870,AT3G60420,AT5G08640,AT2G35170,AT1G72910,AT1G53260,AT5G62210,AT5G05270,AT5G23730,AT3G20370,AT3G56260,AT3G10150,AT4G14090,AT1G35663,AT1G32740,AT5G58150,AT5G35510,AT5G22990,AT3G24170,AT2G21990,AT3G19450,AT1G29700,AT1G21110,AT3G26590,AT4G11320,AT2G10370,AT4G00160,AT3G42350,AT5G25890,AT3G44050,AT5G02570,AT2G26080,AT2G17880,AT5G46050,AT1G66140,AT1G20720,AT5G61420,AT1G17050,AT1G64390,AT4G39940,AT1G65060,AT5G38210,AT2G43100,AT1G10640,AT1G68440,AT1G66880,AT4G11290,AT4G10820,AT4G26860,AT3G02480,AT1G18370,AT1G65670,AT2G36880,AT4G15340,AT2G04039,AT3G51920,AT1G65860,AT4G39320,AT1G19960,AT1G51805,AT5G46830,AT4G08870	na
3	AT5G16600	AtMYB43	3	na	PWM3254	DAP-seq	MYB43_col	39	0.0008842017649154274	0.04954293014041754	69	AT1G29720,AT3G12870,AT1G62560,AT4G10120,AT5G58120,AT4G32870,AT3G24460,AT5G62210,AT5G35970,AT5G05270,AT4G17220,AT5G62550,AT5G65870,AT1G32740,AT3G10912,AT1G78370,AT2G46650,AT3G02640,AT3G28345,AT3G32000,AT5G14760,AT3G13065,AT4G31940,AT5G13930,AT1G23600,AT4G04610,AT4G38950,AT1G07060,AT3G24170,AT5G48540,AT3G19450,AT1G29700,AT1G36270,AT1G07450,AT3G26590,AT1G34100,AT2G10370,AT5G22300,AT4G00160,AT3G42350,AT5G25890,AT4G27560,AT3G22231,AT4G38960,AT5G02570,AT2G45280,AT1G65060,AT1G29630,AT1G65870,AT3G57040,AT4G13985,AT2G22510,AT1G16410,AT4G08780,AT2G14810,AT5G42800,AT4G03060,AT1G73270,AT3G13220,AT5G32610,AT4G15340,AT1G47980,AT4G03010,AT3G51920,AT1G65860,AT3G46110,AT1G11720,AT1G70580,AT3G16220	na
3	AT2G24430	ANAC038	17	0	PWM3360	DAP-seq	ANAC038_col	40	0.0008842017649154274	0.04954293014041754	69	AT4G22870,AT1G62560,AT5G04150,AT5G58120,AT4G17470,AT5G54130,AT2G26760,AT5G17220,AT3G60420,AT5G41780,AT5G59670,AT5G55450,AT1G13650,AT1G74300,AT3G24460,AT3G01550,AT4G01080,AT2G32290,AT3G56980,AT5G49480,AT1G65110,AT5G45960,AT1G58430,AT4G04610,AT4G38950,AT3G45520,AT2G21990,AT1G31630,AT3G19450,AT1G16760,AT1G36270,AT5G13320,AT1G69530,AT4G00160,AT4G15430,AT2G24160,AT3G42350,AT4G27560,AT2G37040,AT1G32850,AT5G46050,AT4G13900,AT4G13410,AT3G18170,AT4G08010,AT2G19650,AT5G10760,AT4G39940,AT5G14640,AT3G07130,AT2G22510,AT1G66880,AT2G03600,AT1G23560,AT1G58270,AT3G01430,AT1G47210,AT1G78430,AT1G54010,AT2G29940,AT3G13220,AT1G27940,AT5G45280,AT3G23430,AT4G39800,AT2G34650,AT3G10660,AT3G28220,AT3G52360	
3	AT3G10480	ANAC050	0	na	PWM3368	DAP-seq	ANAC050_col	41	0.0008842017649154274	0.04954293014041754	69	AT1G62560,AT5G54130,AT2G26760,AT5G17220,AT5G41780,AT5G59670,AT1G13650,AT4G36470,AT3G24460,AT1G72910,AT3G01550,AT4G01080,AT2G32290,AT3G56980,AT5G49480,AT5G65870,AT1G65110,AT3G28345,AT5G45960,AT1G62540,AT1G58430,AT3G42930,AT4G04610,AT2G29330,AT1G61860,AT4G38950,AT3G45520,AT2G21990,AT3G19450,AT1G29700,AT1G16760,AT5G13320,AT5G24120,AT1G07450,AT5G44415,AT2G10370,AT1G69530,AT4G00160,AT2G24160,AT4G27560,AT3G01410,AT2G37040,AT1G32850,AT4G13900,AT1G68600,AT4G13410,AT3G18170,AT4G08010,AT4G39940,AT5G14640,AT2G22510,AT1G66880,AT1G23560,AT1G66460,AT4G08780,AT1G58270,AT1G28590,AT1G47210,AT1G78430,AT1G54010,AT2G29940,AT3G13220,AT5G45280,AT3G23430,AT4G39800,AT2G34650,AT3G10660,AT3G28220,AT3G52360	na
3	AT5G18270	ANAC087	11	0	PWM3388	DAP-seq	ANAC087_col	42	0.0008842017649154274	0.04954293014041754	69	AT1G21100,AT5G58120,AT4G17470,AT5G54130,AT2G26760,AT5G17220,AT1G19940,AT3G60420,AT5G41780,AT5G59670,AT1G13650,AT1G75040,AT1G74300,AT3G24460,AT3G01550,AT4G01080,AT2G32290,AT3G56980,AT5G49480,AT1G78370,AT1G65110,AT5G45960,AT1G58430,AT4G04610,AT1G61860,AT4G38950,AT3G45520,AT2G21990,AT1G31630,AT3G19450,AT1G16760,AT1G36270,AT1G21110,AT2G10370,AT1G69530,AT4G00160,AT4G15430,AT2G24160,AT4G27560,AT1G60590,AT1G32850,AT2G17880,AT1G78290,AT5G46050,AT4G13900,AT4G13410,AT3G18170,AT4G08010,AT2G19650,AT4G39940,AT5G14640,AT3G07130,AT1G66880,AT2G03600,AT1G23560,AT4G08780,AT3G01430,AT1G47210,AT1G78430,AT2G29940,AT3G13220,AT3G50900,AT5G45280,AT3G23430,AT4G39800,AT3G10660,AT3G28220,AT5G27230,AT3G52360	
3	AT5G18270	ANAC087	11	0	PWM867	CisBP	M1309_1.01	48	0.0008842017649154274	0.04954293014041754	69	AT5G42860,AT1G03780,AT2G26760,AT5G17220,AT3G60420,AT5G59670,AT3G24460,AT1G10370,AT2G32990,AT3G20370,AT2G32290,AT5G05250,AT5G45700,AT5G49480,AT1G35663,AT3G20150,AT2G25230,AT2G16890,AT4G31940,AT2G29330,AT4G38950,AT2G21990,AT1G31630,AT3G19450,AT3G26590,AT4G00970,AT5G22300,AT4G00160,AT5G25890,AT2G37040,AT4G38960,AT5G02570,AT2G17880,AT5G65530,AT5G46050,AT4G13900,AT1G35030,AT1G64390,AT1G11580,AT3G53320,AT1G65060,AT1G10640,AT3G29265,AT1G68440,AT5G14640,AT3G52720,AT1G66880,AT1G16410,AT1G58270,AT2G14810,AT5G34800,AT5G14860,AT3G22550,AT2G06610,AT3G16530,AT4G03060,AT1G10400,AT1G65670,AT5G32610,AT4G15340,AT1G47980,AT1G66040,AT2G24980,AT4G03010,AT3G23430,AT2G34650,AT1G70580,AT3G16220,AT3G45480	
3	AT4G38620	ATMYB4	4	na	PWM469	AGRIS		43	0.0008842017649154274	0.04954293014041754	69	AT1G01060,AT2G15020,AT5G54130,AT5G08640,AT3G24460,AT1G78030,AT2G35170,AT5G59870,AT5G05270,AT4G17220,AT3G10150,AT1G32740,AT4G10260,AT2G46650,AT3G28345,AT4G31940,AT5G13930,AT1G23600,AT4G04610,AT2G29330,AT4G38950,AT2G21990,AT5G48540,AT3G19450,AT5G13320,AT5G11410,AT5G24120,AT4G14690,AT3G26590,AT5G22300,AT2G04310,AT3G42350,AT4G27560,AT3G22231,AT4G38960,AT2G26080,AT5G61420,AT4G13410,AT1G64390,AT1G59630,AT2G43100,AT1G29630,AT1G68440,AT3G57040,AT2G22510,AT1G66880,AT1G66460,AT5G04950,AT4G08780,AT4G11290,AT4G15440,AT1G78430,AT2G29940,AT4G27860,AT3G16910,AT4G15340,AT4G00050,AT1G52820,AT5G45280,AT1G56670,AT3G23430,AT4G39320,AT1G11720,AT3G28220,AT1G15530,AT1G51805,AT4G39180,AT3G52360,AT5G19240	na
3	AT5G65210	TGA1	8	0	PWM498	AGRIS		44	0.0008842017649154274	0.04954293014041754	69	AT2G15020,AT5G36710,AT1G03780,AT1G15100,AT4G10120,AT5G54130,AT1G19940,AT1G13650,AT1G19640,AT3G17609,AT5G10400,AT1G74300,AT3G24460,AT4G05280,AT3G16150,AT3G49580,AT5G35970,AT3G23120,AT3G10150,AT5G05250,AT5G45700,AT1G32740,AT2G03160,AT1G65110,AT3G28345,AT5G58150,AT3G32000,AT2G18230,AT5G14760,AT1G66440,AT1G31630,AT4G14690,AT4G11320,AT4G00970,AT1G69530,AT5G22300,AT4G15430,AT2G24160,AT1G52960,AT2G37040,AT5G02570,AT5G18670,AT2G17880,AT5G23420,AT5G15510,AT1G35030,AT3G51720,AT4G13410,AT5G65360,AT1G65060,AT5G04000,AT1G29630,AT1G68440,AT2G22510,AT1G16410,AT1G47360,AT1G43940,AT1G62180,AT3G50900,AT5G22880,AT4G15340,AT1G34460,AT1G66470,AT5G45280,AT1G65860,AT3G46110,AT3G09540,AT1G11720,AT5G46830	
3	AT1G76420	ANAC031	0	0	PWM864	CisBP	M1309_1.01	45	0.0008842017649154274	0.04954293014041754	69	AT5G42860,AT1G03780,AT2G26760,AT5G17220,AT3G60420,AT5G59670,AT3G24460,AT1G10370,AT2G32990,AT3G20370,AT2G32290,AT5G05250,AT5G45700,AT5G49480,AT1G35663,AT3G20150,AT2G25230,AT2G16890,AT4G31940,AT2G29330,AT4G38950,AT2G21990,AT1G31630,AT3G19450,AT3G26590,AT4G00970,AT5G22300,AT4G00160,AT5G25890,AT2G37040,AT4G38960,AT5G02570,AT2G17880,AT5G65530,AT5G46050,AT4G13900,AT1G35030,AT1G64390,AT1G11580,AT3G53320,AT1G65060,AT1G10640,AT3G29265,AT1G68440,AT5G14640,AT3G52720,AT1G66880,AT1G16410,AT1G58270,AT2G14810,AT5G34800,AT5G14860,AT3G22550,AT2G06610,AT3G16530,AT4G03060,AT1G10400,AT1G65670,AT5G32610,AT4G15340,AT1G47980,AT1G66040,AT2G24980,AT4G03010,AT3G23430,AT2G34650,AT1G70580,AT3G16220,AT3G45480	
3	AT3G29035	ANAC059	0	na	PWM866	CisBP	M1309_1.01	47	0.0008842017649154274	0.04954293014041754	69	AT5G42860,AT1G03780,AT2G26760,AT5G17220,AT3G60420,AT5G59670,AT3G24460,AT1G10370,AT2G32990,AT3G20370,AT2G32290,AT5G05250,AT5G45700,AT5G49480,AT1G35663,AT3G20150,AT2G25230,AT2G16890,AT4G31940,AT2G29330,AT4G38950,AT2G21990,AT1G31630,AT3G19450,AT3G26590,AT4G00970,AT5G22300,AT4G00160,AT5G25890,AT2G37040,AT4G38960,AT5G02570,AT2G17880,AT5G65530,AT5G46050,AT4G13900,AT1G35030,AT1G64390,AT1G11580,AT3G53320,AT1G65060,AT1G10640,AT3G29265,AT1G68440,AT5G14640,AT3G52720,AT1G66880,AT1G16410,AT1G58270,AT2G14810,AT5G34800,AT5G14860,AT3G22550,AT2G06610,AT3G16530,AT4G03060,AT1G10400,AT1G65670,AT5G32610,AT4G15340,AT1G47980,AT1G66040,AT2G24980,AT4G03010,AT3G23430,AT2G34650,AT1G70580,AT3G16220,AT3G45480	na
3	AT5G39610	ANAC092	14	0	PWM868	CisBP	M1309_1.01	49	0.0008842017649154274	0.04954293014041754	69	AT5G42860,AT1G03780,AT2G26760,AT5G17220,AT3G60420,AT5G59670,AT3G24460,AT1G10370,AT2G32990,AT3G20370,AT2G32290,AT5G05250,AT5G45700,AT5G49480,AT1G35663,AT3G20150,AT2G25230,AT2G16890,AT4G31940,AT2G29330,AT4G38950,AT2G21990,AT1G31630,AT3G19450,AT3G26590,AT4G00970,AT5G22300,AT4G00160,AT5G25890,AT2G37040,AT4G38960,AT5G02570,AT2G17880,AT5G65530,AT5G46050,AT4G13900,AT1G35030,AT1G64390,AT1G11580,AT3G53320,AT1G65060,AT1G10640,AT3G29265,AT1G68440,AT5G14640,AT3G52720,AT1G66880,AT1G16410,AT1G58270,AT2G14810,AT5G34800,AT5G14860,AT3G22550,AT2G06610,AT3G16530,AT4G03060,AT1G10400,AT1G65670,AT5G32610,AT4G15340,AT1G47980,AT1G66040,AT2G24980,AT4G03010,AT3G23430,AT2G34650,AT1G70580,AT3G16220,AT3G45480	
3	AT5G53950	ANAC098	1	0	PWM869	CisBP	M1309_1.01	50	0.0008842017649154274	0.04954293014041754	69	AT5G42860,AT1G03780,AT2G26760,AT5G17220,AT3G60420,AT5G59670,AT3G24460,AT1G10370,AT2G32990,AT3G20370,AT2G32290,AT5G05250,AT5G45700,AT5G49480,AT1G35663,AT3G20150,AT2G25230,AT2G16890,AT4G31940,AT2G29330,AT4G38950,AT2G21990,AT1G31630,AT3G19450,AT3G26590,AT4G00970,AT5G22300,AT4G00160,AT5G25890,AT2G37040,AT4G38960,AT5G02570,AT2G17880,AT5G65530,AT5G46050,AT4G13900,AT1G35030,AT1G64390,AT1G11580,AT3G53320,AT1G65060,AT1G10640,AT3G29265,AT1G68440,AT5G14640,AT3G52720,AT1G66880,AT1G16410,AT1G58270,AT2G14810,AT5G34800,AT5G14860,AT3G22550,AT2G06610,AT3G16530,AT4G03060,AT1G10400,AT1G65670,AT5G32610,AT4G15340,AT1G47980,AT1G66040,AT2G24980,AT4G03010,AT3G23430,AT2G34650,AT1G70580,AT3G16220,AT3G45480	
3	AT4G01120	ATBZIP54	1	136	PWM1232	CisBP	M0262_1.01	52	0.001416343491295222	0.04979419372337908	68	AT1G02820,AT3G53650,AT2G15020,AT1G62560,AT1G06000,AT5G58310,AT1G19640,AT1G74300,AT3G16150,AT5G35970,AT1G47400,AT3G10150,AT5G05250,AT5G45700,AT5G42760,AT3G01060,AT4G31840,AT1G78370,AT1G65110,AT3G28345,AT5G58150,AT2G18230,AT4G04610,AT3G45520,AT3G15310,AT1G31630,AT4G14690,AT4G00970,AT5G22300,AT4G00160,AT2G24160,AT5G25890,AT5G63540,AT2G37040,AT5G02570,AT5G18670,AT2G17880,AT5G15510,AT1G35030,AT1G17050,AT4G13410,AT1G22650,AT5G04000,AT1G29630,AT1G68440,AT3G07130,AT2G22510,AT1G66880,AT5G04950,AT1G58270,AT4G11290,AT1G80330,AT5G42800,AT1G43940,AT3G02480,AT5G55090,AT1G54010,AT3G16530,AT4G21270,AT3G16910,AT5G32610,AT1G47980,AT1G66470,AT5G45280,AT4G39800,AT3G46110,AT1G11720,AT4G08870	AT1G02820,AT3G53650,AT2G27420,AT1G21100,AT1G62560,AT1G15100,AT4G10120,AT1G19940,AT4G32870,AT5G41780,AT4G26950,AT1G13650,AT5G08640,AT3G17609,AT5G10400,AT4G36470,AT1G10370,AT5G10390,AT1G78030,AT3G02120,AT5G35970,AT5G05270,AT2G32990,AT5G23730,AT4G01080,AT3G23120,AT4G14400,AT3G20370,AT2G40230,AT5G62550,AT3G56980,AT3G10150,AT5G05250,AT5G66740,AT1G55960,AT1G72950,AT1G32740,AT3G10912,AT3G01060,AT4G02800,AT5G45960,AT1G62540,AT5G14760,AT5G13930,AT4G04610,AT4G15130,AT1G31630,AT5G48540,AT3G58990,AT4G14690,AT4G11320,AT4G00970,AT1G69530,AT4G29700,AT5G28610,AT4G15430,AT2G43570,AT4G27560,AT2G37040,AT4G38960,AT1G60590,AT5G02570,AT2G47800,AT2G26080,AT5G18670,AT2G17880,AT1G78290,AT3G56290,AT1G66140,AT5G23420,AT2G45280,AT3G51720,AT5G61420,AT1G17050,AT5G65360,AT3G18170,AT1G22650,AT2G38740,AT1G64390,AT1G11580,AT5G15800,AT5G10760,AT4G39940,AT1G65060,AT5G38210,AT5G04000,AT1G10640,AT1G29630,AT1G68440,AT5G14640,AT3G57040,AT2G18450,AT2G22510,AT1G66880,AT2G37630,AT1G16410,AT4G26850,AT1G58270,AT3G01430,AT4G10820,AT5G22460,AT3G22550,AT2G40100,AT2G25060,AT5G55090,AT1G70270,AT3G03770,AT3G16530,AT4G24010,AT4G03060,AT1G10400,AT3G50900,AT3G16910,AT4G21903,AT4G15340,AT1G47980,AT4G00050,AT1G66470,AT5G45280,AT4G03010,AT3G51920,AT4G39800,AT1G65860,AT2G34650,AT3G09540,AT1G15530,AT1G51805,AT1G07485,AT2G40150,AT3G52360,AT5G19240,AT1G68760,AT5G46830,AT1G02220,AT5G26200,AT4G08870
3	AT5G56930	EMB1789	0	na	PWM3068	DAP-seq	EMB1789_col	54	0.001416343491295222	0.04979419372337908	68	AT1G01060,AT4G01390,AT4G22870,AT5G04150,AT5G17220,AT3G60420,AT5G55450,AT5G08640,AT3G17609,AT1G75040,AT3G24460,AT1G72910,AT4G01080,AT3G23120,AT3G20370,AT2G40230,AT1G55960,AT1G72950,AT2G03160,AT2G25230,AT3G32000,AT4G26660,AT3G24170,AT1G66440,AT3G19450,AT4G14690,AT1G69530,AT5G28610,AT4G00160,AT4G27560,AT3G01410,AT2G37040,AT1G32850,AT3G24270,AT5G46050,AT1G66140,AT1G68600,AT1G20720,AT5G23420,AT1G17050,AT4G13410,AT1G64390,AT1G11580,AT3G53320,AT4G39940,AT1G10640,AT3G52720,AT3G07130,AT2G37630,AT2G03600,AT1G23560,AT1G16410,AT1G66460,AT5G04950,AT4G08780,AT2G45130,AT2G15310,AT4G03060,AT2G29940,AT1G66040,AT4G39800,AT2G34650,AT3G46110,AT1G19960,AT4G03740,AT1G02220,AT5G26200,AT4G08870	na
3	AT3G28910	ATMYB30	6	0	PWM3243	DAP-seq	MYB30_col	55	0.001416343491295222	0.04979419372337908	68	AT1G02820,AT4G01390,AT5G42860,AT1G29720,AT1G03940,AT1G62560,AT4G17470,AT5G17220,AT1G19940,AT3G60420,AT5G08640,AT2G35170,AT4G05280,AT3G20370,AT5G43180,AT4G14090,AT5G49480,AT1G35663,AT1G32740,AT3G01060,AT2G25230,AT5G58150,AT5G45960,AT1G62540,AT5G35510,AT5G14760,AT3G13065,AT4G31940,AT4G38950,AT1G29700,AT1G21110,AT5G44415,AT4G29700,AT2G04310,AT4G15430,AT3G42350,AT5G25890,AT2G37040,AT4G38960,AT5G02570,AT2G26080,AT2G17880,AT5G23420,AT5G61420,AT4G13410,AT1G64390,AT1G65060,AT1G10640,AT1G68440,AT2G22510,AT1G66880,AT4G26850,AT4G11290,AT4G15440,AT5G42800,AT1G47210,AT4G26860,AT3G02480,AT3G50900,AT3G51920,AT3G10660,AT4G39320,AT1G19960,AT1G51805,AT3G52360,AT1G34842,AT5G46830,AT4G08870	
3	AT5G14340	AtMYB40	14	0	PWM3252	DAP-seq	MYB40_col	56	0.001416343491295222	0.04979419372337908	68	AT5G42860,AT4G10120,AT4G32870,AT5G62210,AT5G05270,AT3G20370,AT4G17220,AT5G62550,AT3G56980,AT5G05250,AT5G65870,AT1G32740,AT5G42760,AT1G78370,AT2G46650,AT3G02640,AT3G28345,AT1G62540,AT5G14760,AT3G13065,AT4G31940,AT5G13930,AT1G23600,AT4G04610,AT1G07060,AT5G48540,AT3G19450,AT1G29700,AT1G36270,AT5G24120,AT1G07450,AT2G10370,AT4G29700,AT5G22300,AT4G00160,AT3G42350,AT5G25890,AT5G63540,AT4G27560,AT5G02570,AT2G26080,AT2G45280,AT4G13410,AT3G22240,AT1G64390,AT4G39940,AT1G29630,AT1G65870,AT1G68440,AT3G57040,AT3G52720,AT2G22510,AT1G16410,AT4G08780,AT2G14810,AT1G28590,AT4G03060,AT3G13220,AT5G32610,AT4G15340,AT1G34460,AT1G47980,AT5G45280,AT4G03010,AT3G51920,AT1G65860,AT3G16220,AT5G19240	
3	AT1G18570	AtMYB51	23	na	PWM3260	DAP-seq	MYB51_col	57	0.001416343491295222	0.04979419372337908	68	AT5G42860,AT1G29720,AT5G36710,AT1G62560,AT5G58120,AT1G19940,AT4G32870,AT5G08640,AT3G24460,AT5G62210,AT5G35970,AT3G20370,AT5G62550,AT3G10150,AT4G14090,AT1G32740,AT3G10912,AT1G78370,AT2G46650,AT3G02640,AT3G28345,AT2G35960,AT3G32000,AT5G14760,AT4G31940,AT1G58430,AT5G13930,AT4G04610,AT1G07060,AT3G24170,AT5G48540,AT3G19450,AT1G29700,AT1G36270,AT3G26590,AT2G10370,AT4G00160,AT2G24160,AT3G42350,AT5G25890,AT4G27560,AT3G22231,AT2G37040,AT5G02570,AT2G26080,AT2G45280,AT4G13410,AT4G39940,AT1G10640,AT1G68440,AT3G52720,AT2G22510,AT1G16410,AT4G08780,AT4G11290,AT1G43940,AT4G03060,AT3G13220,AT5G32610,AT4G15340,AT5G45280,AT4G03010,AT3G51920,AT4G39320,AT1G19960,AT1G11720,AT1G15530,AT4G03740	na
3	AT1G65910	anac028	0	na	PWM3358	DAP-seq	ANAC028_col	58	0.001416343491295222	0.04979419372337908	68	AT1G01060,AT1G21100,AT1G62560,AT5G58120,AT4G17470,AT5G54130,AT2G26760,AT5G17220,AT5G41780,AT5G59670,AT1G13650,AT1G74300,AT3G24460,AT3G01550,AT4G01080,AT2G32290,AT3G56980,AT5G49480,AT1G78370,AT1G65110,AT3G32000,AT5G45960,AT1G62540,AT3G13065,AT4G31940,AT1G58430,AT3G42930,AT4G04610,AT4G38950,AT3G45520,AT2G21990,AT3G19450,AT1G29700,AT1G16760,AT1G21110,AT5G44415,AT1G69530,AT4G00160,AT2G24160,AT4G27560,AT4G13900,AT4G13410,AT3G18170,AT4G08010,AT5G10760,AT4G39940,AT5G14640,AT3G07130,AT1G66880,AT1G23560,AT1G66460,AT1G28590,AT1G47210,AT1G78430,AT3G03770,AT2G29940,AT3G13220,AT1G65670,AT5G45280,AT2G04039,AT4G03010,AT1G56670,AT3G23430,AT4G39800,AT3G10660,AT3G09540,AT3G28220,AT5G27230	na
